"GeneName","n_eqtl","min_p","islet_available"
"ACTR8",1,4.59563e-44,TRUE
"ERC2",1,9.17441e-07,TRUE
"CCDC66",1,8.62068e-11,TRUE
"ARHGEF3",1,8.44758e-07,TRUE
"ABHD6",1,6.79776e-12,TRUE
"PXK",1,1.21914e-16,TRUE
"PDHB",1,6.54752e-14,TRUE
"FAM107A",1,1.3947e-21,TRUE
"LINC00698",1,2.22965e-14,TRUE
"LRIG1",1,3.1521e-08,TRUE
"SUCLG2",1,2.59081e-13,TRUE
"RP11-81N13.1",1,1.92508e-13,TRUE
"FAM19A1",1,1.57651e-06,TRUE
"ARL6IP5",1,1.02308e-21,TRUE
"GPR27",1,1.98554e-08,TRUE
"RP11-803B1.8",1,7.94852e-09,TRUE
"LINC00960",1,2.37423e-73,TRUE
"ZNF717",1,2.08334e-10,TRUE
"VGLL3",1,3.0484e-06,TRUE
"CHMP2B",1,1.23383e-09,TRUE
"DHFRL1",1,1.22105e-07,TRUE
"FILIP1L",1,1.27629e-06,TRUE
"NIT2",1,9.61544e-08,TRUE
"LNP1",1,6.71743e-26,TRUE
"TMEM45A",1,7.26963e-70,TRUE
"TFG",1,2.54579e-06,TRUE
"COLEC12",1,1.48737e-08,TRUE
"CLUL1",1,5.71037e-16,TRUE
"ENOSF1",1,1.65181e-13,TRUE
"RP11-672L10.6",1,3.85947e-08,TRUE
"ADCYAP1",1,2.44312e-08,TRUE
"RP13-270P17.3",1,4.80773e-14,TRUE
"C18orf42",1,1.32618e-20,TRUE
"LINC00667",1,4.31293e-23,TRUE
"ARHGAP28",1,9.72631e-13,TRUE
"TWSG1",1,4.85082e-13,TRUE
"RP11-474N24.6",1,2.05753e-09,TRUE
"NAPG",1,2.22907e-38,TRUE
"GNAL",1,1.93762e-14,TRUE
"SLMO1",1,9.86226e-09,TRUE
"SPIRE1",1,2.21975e-14,TRUE
"CEP192",1,1.32833e-34,TRUE
"ZNF519",1,6.05332e-27,TRUE
"ANKRD30B",1,1.15297e-06,TRUE
"CADM2",2,1.24085e-08,TRUE
"RP11-451B8.1",2,1.77438e-07,TRUE
"C3orf38",2,7.77773e-09,TRUE
"ST3GAL6",2,1.19088e-13,TRUE
"TBC1D23",2,5.55937e-07,TRUE
"AP005482.1",2,1.57301e-09,TRUE
"C18orf8",1,4.20246e-11,TRUE
"NPC1",1,5.58696e-21,TRUE
"TTC39C",1,3.75875e-09,TRUE
"CDH2",1,3.58309e-27,TRUE
"DSC2",1,9.24464e-08,TRUE
"SHC2",1,4.40565e-09,TRUE
"WDR18",1,1.9536e-49,TRUE
"HMHA1",1,3.39303e-12,TRUE
"POLR2E",1,5.38305e-09,TRUE
"GPX4",1,3.21568e-15,TRUE
"C19orf24",1,7.14391e-12,TRUE
"MUM1",1,1.75894e-07,TRUE
"AMH",1,3.25314e-28,TRUE
"LSM7",1,1.95432e-07,TRUE
"ZNF554",1,4.17125e-14,TRUE
"ZNF57",1,7.45563e-13,TRUE
"TLE6",1,1.31212e-07,TRUE
"C19orf77",1,2.58372e-29,TRUE
"CACTIN",1,1.36338e-06,TRUE
"MRPL54",1,2.05003e-19,TRUE
"ATCAY",1,1.71173e-06,TRUE
"ANKRD24",1,3.1049e-18,TRUE
"CHAF1A",1,8.396e-29,TRUE
"UBXN6",1,1.34797e-06,TRUE
"MIR7-3HG",1,1.33153e-15,TRUE
"RPL36",1,5.4467e-07,TRUE
"LONP1",1,1.30299e-17,TRUE
"CTB-54O9.9",1,3.8868e-08,TRUE
"DUS3L",1,1.03716e-31,TRUE
"FUT6",1,6.14442e-09,TRUE
"CAPS",1,8.25594e-07,TRUE
"SH3YL1",1,6.92898e-74,TRUE
"FAM150B",1,5.21631e-07,TRUE
"ADI1",1,1.07306e-08,TRUE
"COLEC11",1,1.9022e-07,TRUE
"SOX11",1,1.5251e-08,TRUE
"RNF144A",1,6.2341e-16,TRUE
"ASAP2",1,2.8379e-10,TRUE
"IAH1",1,4.16679e-10,TRUE
"RP11-214N9.1",1,1.03759e-14,TRUE
"TAF1B",1,2.9132e-49,TRUE
"RP11-95D17.1",1,1.37663e-31,TRUE
"RP11-254F7.2",1,2.66194e-07,TRUE
"DSG2",2,8.12378e-12,TRUE
"KLHL14",2,3.53438e-06,TRUE
"ABCA7",2,3.73398e-10,TRUE
"ZNF556",2,3.49772e-14,TRUE
"STAP2",2,1.41664e-21,TRUE
"TMEM18",2,1.7321e-13,TRUE
"RRM2",2,9.96244e-07,TRUE
"RN7SL832P",1,2.44289e-08,TRUE
"RP11-791G15.2",1,4.79929e-07,TRUE
"GREB1",1,8.20531e-19,TRUE
"LPIN1",1,2.59668e-07,TRUE
"FAM84A",1,3.96238e-10,TRUE
"DDX1",1,9.41922e-28,TRUE
"RAD51AP2",1,9.06084e-08,TRUE
"VSNL1",1,2.64004e-14,TRUE
"GEN1",1,5.5744e-13,TRUE
"KCNS3",1,8.83577e-20,TRUE
"TTC32",1,3.27629e-11,TRUE
"C2orf43",1,5.86326e-26,TRUE
"UBXN2A",1,7.42928e-07,TRUE
"MFSD2B",1,5.14675e-07,TRUE
"FKBP1B",1,1.19436e-06,TRUE
"FAM228B",1,5.27648e-20,TRUE
"TP53I3",1,1.82051e-07,TRUE
"PFN4",1,1.62266e-09,TRUE
"RP11-507M3.1",1,2.41471e-26,TRUE
"FAM228A",1,1.53949e-44,TRUE
"CENPO",1,1.57877e-07,TRUE
"ADCY3",1,6.89634e-09,TRUE
"EFR3B",1,2.69996e-10,TRUE
"RP11-509E16.1",1,2.84996e-11,TRUE
"POMC",1,9.6788e-12,TRUE
"GAREML",1,2.67725e-10,TRUE
"GPR113",1,1.28517e-08,TRUE
"KHK",1,3.7264e-10,TRUE
"CGREF1",1,2.69434e-11,TRUE
"GPN1",1,1.26811e-08,TRUE
"PSMF1",1,6.1926e-07,TRUE
"SIRPA",1,1.82163e-06,TRUE
"STK35",1,1.0473e-06,TRUE
"VPS16",1,2.39202e-06,TRUE
"UBOX5",1,7.02319e-08,TRUE
"DDRGK1",1,6.74643e-11,TRUE
"ITPA",1,3.38862e-31,TRUE
"HSPA12B",1,2.0443e-08,TRUE
"CDC25B",1,3.5768e-14,TRUE
"RNF24",1,8.55865e-14,TRUE
"SMOX",1,2.04124e-11,TRUE
"TMEM230",1,2.27518e-07,TRUE
"LINC00654",1,1.61842e-25,TRUE
"MCM8",1,1.76519e-07,TRUE
"SPTLC3",1,1.90891e-06,TRUE
"KIF16B",1,1.41583e-13,TRUE
"MGME1",1,8.04343e-09,TRUE
"RBBP9",1,1.93447e-12,TRUE
"SLC52A3",2,2.45331e-11,TRUE
"SIRPB1",2,2.64743e-87,TRUE
"SEC23B",1,7.36048e-16,TRUE
"RP5-1068E13.7",1,9.24155e-07,TRUE
"NAA20",1,1.01987e-08,TRUE
"C20orf26",1,2.54449e-06,TRUE
"RP4-737E23.2",1,9.60287e-25,TRUE
"NAPB",1,3.69229e-09,TRUE
"CST2",1,7.78541e-14,TRUE
"SYNDIG1",1,1.09918e-15,TRUE
"ENTPD6",1,1.49599e-07,TRUE
"ABHD12",1,1.66149e-17,TRUE
"NINL",1,4.34998e-09,TRUE
"FAM182B",1,1.07412e-44,TRUE
"RP4-610C12.3",1,1.9025e-15,TRUE
"FRG1B",1,9.7658e-08,TRUE
"DUSP15",1,5.31137e-06,TRUE
"CCM2L",1,4.72061e-06,TRUE
"DNMT3B",1,5.26084e-07,TRUE
"MAPRE1",1,1.9385e-10,TRUE
"AHCY",1,5.38297e-06,TRUE
"GGT7",1,7.86369e-06,TRUE
"PROCR",1,5.8826e-17,TRUE
"RP4-614O4.12",1,2.37064e-10,TRUE
"MMP24",1,8.25304e-13,TRUE
"EDEM2",1,6.04293e-06,TRUE
"EIF6",1,1.32437e-05,TRUE
"UQCC1",1,2.92605e-18,TRUE
"CPNE1",1,4.70836e-43,TRUE
"RP1-309K20.6",1,2.50665e-23,TRUE
"SAMSN1",1,4.07509e-08,TRUE
"CHODL",1,1.32482e-08,TRUE
"AP000230.1",1,1.03456e-08,TRUE
"RWDD2B",1,1.46115e-11,TRUE
"CCT8",1,4.64743e-14,TRUE
"MAP3K7CL",1,8.17469e-11,TRUE
"TIAM1",1,1.1131e-08,TRUE
"SCAF4",1,9.82479e-07,TRUE
"URB1",1,1.474e-07,TRUE
"C21orf119",1,1.28881e-17,TRUE
"TCP10L",1,1.14914e-10,TRUE
"C21orf49",1,2.44402e-06,TRUE
"IFNAR2",1,7.01649e-11,TRUE
"IL10RB",1,2.44615e-06,TRUE
"AP000295.10",1,2.50342e-06,TRUE
"IFNAR1",1,1.50809e-08,TRUE
"DNAJC28",1,1.35974e-06,TRUE
"RP4-610C12.4",2,1.90289e-20,TRUE
"ACSS2",2,3.74338e-06,TRUE
"MRPL39",2,7.95093e-57,TRUE
"CYYR1",2,1.31678e-08,TRUE
"N6AMT1",2,2.08031e-12,TRUE
"ITSN1",1,2.80546e-06,TRUE
"AP000304.12",1,2.92514e-10,TRUE
"ATP5O",1,3.87414e-13,TRUE
"CLIC6",1,1.48849e-32,TRUE
"CBR1",1,1.81891e-17,TRUE
"SETD4",1,3.24613e-09,TRUE
"AP000688.29",1,1.65674e-23,TRUE
"CBR3",1,1.25262e-06,TRUE
"PIGP",1,2.41535e-28,TRUE
"PSMG1",1,6.35806e-08,TRUE
"HMGN1",1,1.54097e-08,TRUE
"WRB",1,6.8407e-10,TRUE
"LCA5L",1,8.13523e-13,TRUE
"SH3BGR",1,3.28467e-21,TRUE
"PCP4",1,1.33795e-47,TRUE
"BACE2",1,2.89853e-53,TRUE
"FAM3B",1,3.3743e-16,TRUE
"RIPK4",1,7.65629e-07,TRUE
"C2CD2",1,2.17457e-06,TRUE
"ZNF295-AS1",1,3.23723e-10,TRUE
"TFF3",1,8.94842e-08,TRUE
"TMPRSS3",1,5.50533e-15,TRUE
"RSPH1",1,1.84406e-06,TRUE
"NDUFV3",1,1.54599e-38,TRUE
"CSTB",1,5.86235e-15,TRUE
"PWP2",1,1.08847e-34,TRUE
"ICOSLG",1,3.888e-08,TRUE
"PFKL",1,1.98279e-07,TRUE
"C21orf2",1,1.75085e-15,TRUE
"PTTG1IP",1,1.22988e-11,TRUE
"C21orf67",1,2.40579e-07,TRUE
"FTCD",1,9.33146e-12,TRUE
"SPATC1L",1,2.87457e-31,TRUE
"MCM3AP",1,3.82421e-12,TRUE
"YBEY",1,1.46421e-30,TRUE
"S100B",1,2.37461e-20,TRUE
"CECR7",1,4.17063e-26,TRUE
"IL17RA",1,1.08857e-13,TRUE
"CECR1",1,9.35231e-122,TRUE
"CECR2",1,5.52528e-07,TRUE
"MICAL3",1,1.35171e-09,TRUE
"XXbac-B476C20.17",1,1.65931e-14,TRUE
"TUBA8",1,1.25046e-33,TRUE
"DGCR6",1,5.14615e-20,TRUE
"DOPEY2",2,1.68024e-09,TRUE
"UMODL1",2,1.84737e-08,TRUE
"PDE9A",2,1.67226e-06,TRUE
"LINC00319",2,1.04932e-06,TRUE
"PCBP3",2,3.79441e-13,TRUE
"LSS",2,1.15573e-06,TRUE
"PRODH",1,6.78227e-13,TRUE
"DGCR9",1,5.37141e-32,TRUE
"DGCR14",1,4.01289e-09,TRUE
"SLC25A1",1,2.9588e-15,TRUE
"CLTCL1",1,2.50084e-09,TRUE
"C22orf29",1,3.6121e-23,TRUE
"COMT",1,2.83525e-06,TRUE
"TXNRD2",1,6.63086e-07,TRUE
"ARVCF",1,3.33727e-08,TRUE
"AC006547.14",1,2.82025e-06,TRUE
"ZNF74",1,3.91538e-07,TRUE
"MED15",1,1.21912e-06,TRUE
"SERPIND1",1,9.80481e-27,TRUE
"SNAP29",1,1.39989e-11,TRUE
"XXbac-B135H6.18",1,3.07986e-08,TRUE
"P2RX6",1,1.29842e-15,TRUE
"PPM1F",1,2.82148e-13,TRUE
"TOP3B",1,2.24188e-15,TRUE
"RAB36",1,2.92909e-08,TRUE
"BCR",1,1.62007e-09,TRUE
"KB-208E9.1",1,1.50001e-18,TRUE
"C22orf43",1,7.60344e-24,TRUE
"SMARCB1",1,5.99859e-11,TRUE
"SLC2A11",1,5.35482e-18,TRUE
"AP000350.5",1,9.09671e-94,TRUE
"DDTL",1,1.65562e-11,TRUE
"GSTT2",1,4.15377e-80,TRUE
"SUSD2",1,1.63612e-14,TRUE
"GGT1",1,1.2177e-34,TRUE
"HPS4",1,1.42106e-06,TRUE
"TFIP11",1,1.84927e-07,TRUE
"CTA-445C9.15",1,6.89256e-43,TRUE
"HSCB",1,3.4218e-07,TRUE
"RFPL1",1,4.17372e-06,TRUE
"NEFH",1,6.97461e-08,TRUE
"NIPSNAP1",1,1.11892e-08,TRUE
"ASCC2",1,3.73393e-07,TRUE
"SEC14L6",1,1.96649e-38,TRUE
"SLC35E4",1,4.5779e-07,TRUE
"DUSP18",1,4.0816e-09,TRUE
"SELM",1,1.32496e-09,TRUE
"EIF4ENIF1",1,3.1148e-07,TRUE
"PISD",1,2.71889e-06,TRUE
"SLC5A1",1,4.20968e-08,TRUE
"ARSE",1,3.05861e-07,TRUE
"GSTT2B",2,1.69515e-53,TRUE
"DDT",2,2.13239e-06,TRUE
"GSTT1",2,3.21569e-66,TRUE
"TCN2",2,1.78225e-07,TRUE
"ARSH",2,8.22613e-07,TRUE
"MXRA5",1,1.40328e-06,TRUE
"NLGN4X",1,1.99408e-07,TRUE
"HDHD1",1,2.19205e-11,TRUE
"ARHGAP6",1,3.24311e-06,TRUE
"FRMPD4",1,6.96296e-31,TRUE
"TRAPPC2",1,3.38043e-09,TRUE
"GEMIN8",1,8.30155e-24,TRUE
"MOSPD2",1,7.37875e-13,TRUE
"ASB11",1,7.23107e-09,TRUE
"PIGA",1,7.62673e-07,TRUE
"PIR",1,2.78885e-14,TRUE
"ZRSR2",1,3.82016e-09,TRUE
"RBBP7",1,2.11949e-07,TRUE
"GPR64",1,1.12437e-08,TRUE
"MAP3K15",1,1.45922e-05,TRUE
"CXorf23",1,3.95144e-06,TRUE
"MAP7D2",1,6.5962e-09,TRUE
"EIF1AX",1,3.4564e-16,TRUE
"YY2",1,9.82597e-24,TRUE
"PTCHD1",1,2.99104e-12,TRUE
"APOO",1,5.63199e-08,TRUE
"TAB3",1,1.36844e-06,TRUE
"TMEM47",1,1.64557e-06,TRUE
"SYTL5",1,1.0009e-06,TRUE
"ZNF674",1,1.33291e-05,TRUE
"RGN",1,5.33473e-07,TRUE
"USP11",1,2.02312e-06,TRUE
"SUMF1",1,1.62973e-08,TRUE
"OXTR",1,1.62076e-12,TRUE
"RAD18",1,4.76702e-08,TRUE
"THUMPD3",1,5.07295e-08,TRUE
"RPUSD3",1,4.92428e-14,TRUE
"IL17RC",1,7.92678e-20,TRUE
"IRAK2",1,1.91277e-06,TRUE
"SLC6A1",1,7.33859e-23,TRUE
"TAMM41",1,2.11162e-13,TRUE
"MKRN2",1,2.01128e-15,TRUE
"C3orf83",1,1.34089e-09,TRUE
"C3orf20",1,3.50322e-28,TRUE
"SH3BP5",1,2.73106e-07,TRUE
"PLCL2",1,2.0758e-06,TRUE
"KCNH8",1,1.85588e-06,TRUE
"EFHB",1,6.08464e-35,TRUE
"RAB5A",1,3.94554e-10,TRUE
"PP2D1",1,2.02855e-07,TRUE
"KAT2B",1,7.83815e-11,TRUE
"ACOT9",2,1.95652e-08,TRUE
"GPR34",2,4.59989e-06,TRUE
"SRGAP3",2,2.34685e-14,TRUE
"GRM7-AS3",3,1.51918e-06,TRUE
"ZNF385D",1,1.0465e-06,TRUE
"UBE2E2",1,2.09666e-13,TRUE
"ZNF718",1,9.79528e-57,TRUE
"ZNF732",1,6.44311e-13,TRUE
"MFSD7",1,7.50318e-10,TRUE
"PCGF3",1,2.51604e-07,TRUE
"CPLX1",1,1.24038e-07,TRUE
"DGKQ",1,1.08487e-12,TRUE
"IDUA",1,1.07313e-07,TRUE
"RNF212",1,2.58812e-17,TRUE
"UVSSA",1,4.40245e-34,TRUE
"CRIPAK",1,2.30089e-50,TRUE
"FAM53A",1,2.32251e-09,TRUE
"GRK4",1,1.93986e-09,TRUE
"LRPAP1",1,5.9147e-20,TRUE
"AC141928.1",1,1.82929e-09,TRUE
"ADRA2C",1,7.93068e-09,TRUE
"NSG1",1,2.35731e-09,TRUE
"RP11-586D19.1",1,1.35432e-08,TRUE
"MAN2B2",1,8.30305e-19,TRUE
"AC093323.3",1,6.76373e-13,TRUE
"RP11-539L10.3",1,1.04338e-39,TRUE
"RP11-367J11.3",1,6.10088e-08,TRUE
"ABLIM2",1,2.29222e-09,TRUE
"RP11-774O3.3",1,1.02944e-10,TRUE
"TRMT44",1,1.76991e-07,TRUE
"ACOX3",1,5.17695e-08,TRUE
"RP11-689P11.2",1,1.79132e-12,TRUE
"HS3ST1",1,3.80973e-08,TRUE
"FBXL5",1,1.58905e-06,TRUE
"MED28",1,9.58189e-10,TRUE
"FAM184B",1,3.12173e-08,TRUE
"DCAF16",1,4.61305e-08,TRUE
"NCAPG",1,1.36026e-06,TRUE
"LCORL",1,5.88242e-07,TRUE
"PACRGL",1,2.80182e-27,TRUE
"CCDC149",1,2.29873e-06,TRUE
"LGI2",1,6.18427e-15,TRUE
"ZCCHC4",1,2.28769e-06,TRUE
"SMIM20",1,2.89691e-22,TRUE
"STIM2",1,3.23536e-15,TRUE
"PCDH7",1,5.15355e-07,TRUE
"TLR6",1,1.11954e-29,TRUE
"RP11-360F5.3",1,1.44303e-12,TRUE
"RPL9",1,1.30681e-95,TRUE
"RP11-222K16.1",2,3.03796e-09,TRUE
"RGS12",2,6.21107e-15,TRUE
"TMEM128",2,6.4977e-12,TRUE
"SLC2A9",2,8.52074e-09,TRUE
"KLHL5",2,4.17987e-14,TRUE
"CCDC127",1,1.24987e-24,TRUE
"SDHA",1,1.51015e-13,TRUE
"AHRR",1,1.79296e-06,TRUE
"C5orf55",1,2.63963e-11,TRUE
"EXOC3",1,3.28256e-07,TRUE
"CTD-2228K2.5",1,2.68516e-07,TRUE
"SLC9A3",1,1.00166e-31,TRUE
"CEP72",1,2.04249e-06,TRUE
"ZDHHC11B",1,1.74729e-06,TRUE
"ZDHHC11",1,1.71384e-10,TRUE
"BRD9",1,7.89185e-08,TRUE
"SLC6A19",1,3.9438e-20,TRUE
"CTD-2012J19.3",1,3.4946e-20,TRUE
"MRPL36",1,8.68318e-11,TRUE
"RP11-259O2.1",1,2.6797e-18,TRUE
"CTD-2324F15.2",1,9.88048e-08,TRUE
"NSUN2",1,1.71631e-09,TRUE
"SRD5A1",1,3.66356e-12,TRUE
"CTD-2044J15.2",1,1.65838e-13,TRUE
"PAPD7",1,1.00601e-09,TRUE
"RP11-480D4.6",1,6.2716e-09,TRUE
"SNHG18",1,9.12864e-36,TRUE
"FAM173B",1,2.55891e-10,TRUE
"DAP",1,3.97438e-08,TRUE
"DNAH5",1,1.67657e-07,TRUE
"FAM134B",1,5.53768e-08,TRUE
"CDH18",1,5.79974e-39,TRUE
"CDH12",1,9.21819e-08,TRUE
"C5orf17",1,2.7724e-23,TRUE
"CDH6",1,1.41023e-08,TRUE
"AMACR",1,2.46158e-14,TRUE
"RP11-1084J3.4",1,1.67805e-13,TRUE
"DNAJC21",1,1.11764e-18,TRUE
"CAPSL",1,1.63851e-07,TRUE
"C5orf42",1,2.84735e-07,TRUE
"DAB2",1,6.92432e-07,TRUE
"RPL37",1,2.71165e-07,TRUE
"OXCT1",1,3.75529e-06,TRUE
"C5orf34",1,1.68649e-11,TRUE
"NNT",1,8.36037e-14,TRUE
"HCN1",1,8.91448e-09,TRUE
"EMB",1,5.41948e-06,TRUE
"ITGA1",1,6.19427e-07,TRUE
"SNX18",1,1.33633e-08,TRUE
"CCNO",1,8.38255e-09,TRUE
"SETD9",1,9.46156e-88,TRUE
"CTD-2037L6.2",1,3.70139e-07,TRUE
"ELOVL7",1,4.23874e-08,TRUE
"CMBL",2,1.28058e-06,TRUE
"PTGER4",2,9.81481e-12,TRUE
"ERCC8",1,5.84374e-07,TRUE
"RNF180",1,2.88141e-07,TRUE
"FAM159B",1,4.08886e-13,TRUE
"SREK1IP1",1,4.66645e-06,TRUE
"CENPK",1,1.37955e-08,TRUE
"TRAPPC13",1,2.71437e-06,TRUE
"RP11-54O7.17",1,2.43402e-11,TRUE
"RP11-54O7.18",1,3.31576e-07,TRUE
"B3GALT6",1,3.72197e-07,TRUE
"MRPL20",1,6.92923e-10,TRUE
"ANKRD65",1,9.78668e-08,TRUE
"ATAD3C",1,1.39881e-16,TRUE
"ATAD3B",1,7.31736e-16,TRUE
"CDK11B",1,2.83256e-06,TRUE
"SLC35E2B",1,2.32939e-16,TRUE
"SLC35E2",1,5.16903e-07,TRUE
"PRKCZ",1,1.9425e-07,TRUE
"TPRG1L",1,1.24315e-06,TRUE
"WRAP73",1,4.35567e-16,TRUE
"NPHP4",1,4.74794e-08,TRUE
"PLEKHG5",1,8.38552e-14,TRUE
"RP11-338N10.1",1,3.92649e-07,TRUE
"VAMP3",1,4.40084e-16,TRUE
"PARK7",1,3.47722e-10,TRUE
"H6PD",1,1.35526e-17,TRUE
"CTNNBIP1",1,3.67438e-07,TRUE
"PGD",1,1.90682e-26,TRUE
"APITD1",1,2.12095e-06,TRUE
"FBXO2",1,8.1114e-08,TRUE
"NPPA",1,4.01292e-17,TRUE
"FHAD1",1,5.74348e-22,TRUE
"CTRC",1,7.77878e-07,TRUE
"DNAJC16",1,1.02306e-06,TRUE
"FAM131C",1,1.22516e-14,TRUE
"ARHGEF19",1,1.84012e-28,TRUE
"RP4-798A10.2",1,6.49664e-13,TRUE
"NBPF1",1,2.18371e-10,TRUE
"CROCCP2",1,5.49621e-07,TRUE
"IGSF21",1,5.90842e-35,TRUE
"EXOC2",1,8.952e-08,TRUE
"RP11-532F6.3",1,3.22065e-32,TRUE
"FOXF2",1,8.46737e-07,TRUE
"MYLK4",1,1.11637e-06,TRUE
"RP11-420G6.4",1,1.12945e-66,TRUE
"RGS7BP",2,5.51059e-11,TRUE
"CTC-534A2.2",2,4.09897e-07,TRUE
"TNFRSF14",2,1.70274e-17,TRUE
"HSPB7",2,4.53474e-19,TRUE
"RP11-108M9.4",2,6.23418e-11,TRUE
"MFAP2",2,9.3268e-13,TRUE
"LINC01011",1,1.29672e-09,TRUE
"NQO2",1,8.11256e-39,TRUE
"RP1-90J20.12",1,4.38249e-82,TRUE
"TUBB2A",1,2.66989e-09,TRUE
"RP11-428J1.4",1,1.10667e-09,TRUE
"LYRM4",1,2.50144e-24,TRUE
"NRN1",1,1.62208e-06,TRUE
"RIOK1",1,8.32387e-07,TRUE
"TXNDC5",1,1.83353e-14,TRUE
"BLOC1S5-TXNDC5",1,3.54062e-14,TRUE
"RP11-314C16.1",1,7.42682e-13,TRUE
"GCNT2",1,3.44091e-11,TRUE
"TMEM14C",1,1.98786e-10,TRUE
"ADTRP",1,3.94996e-07,TRUE
"TBC1D7",1,3.77268e-07,TRUE
"SIRT5",1,1.53241e-06,TRUE
"RNF182",1,3.38849e-16,TRUE
"TPMT",1,9.68992e-10,TRUE
"KDM1B",1,1.58196e-06,TRUE
"RP3-471C18.2",1,6.12784e-08,TRUE
"RP4-625H18.2",1,5.6388e-54,TRUE
"MBOAT1",1,1.02226e-06,TRUE
"MRS2",1,1.55372e-11,TRUE
"ALDH5A1",1,4.12053e-07,TRUE
"GPLD1",1,2.62467e-06,TRUE
"TDP2",1,6.76307e-07,TRUE
"ACOT13",1,9.28888e-10,TRUE
"C6orf62",1,1.20674e-06,TRUE
"LRRC16A",1,6.36263e-15,TRUE
"SCGN",1,2.23065e-06,TRUE
"SLC17A4",1,4.31976e-09,TRUE
"SLC17A1",1,3.87303e-10,TRUE
"TRIM38",1,1.54334e-14,TRUE
"U91328.19",1,1.1798e-09,TRUE
"HIST1H2AE",1,1.48034e-10,TRUE
"BTN3A2",1,5.13354e-40,TRUE
"BTN2A2",1,1.49186e-11,TRUE
"HCG11",1,1.8161e-06,TRUE
"ZNF322",1,3.81318e-17,TRUE
"RP11-457M11.5",1,1.7963e-28,TRUE
"LINC00240",1,1.30558e-07,TRUE
"RP1-86C11.7",1,1.17341e-07,TRUE
"HIST1H2BK",1,2.40693e-06,TRUE
"ZNF391",1,2.21873e-21,TRUE
"HIST1H2BN",1,6.04363e-07,TRUE
"PGBD1",1,1.91451e-06,TRUE
"ZSCAN31",1,1.19983e-17,TRUE
"ZSCAN12",1,1.65022e-08,TRUE
"ZSCAN23",1,1.06003e-18,TRUE
"SERPINB6",2,2.72195e-11,TRUE
"GABBR1",1,2.62574e-06,TRUE
"HLA-F",1,2.32061e-16,TRUE
"HLA-G",1,3.18254e-10,TRUE
"HLA-A",1,1.24339e-44,TRUE
"ZNRD1",1,1.38236e-16,TRUE
"TRIM31",1,1.93259e-15,TRUE
"HCG17",1,5.59372e-09,TRUE
"ABCF1",1,1.07911e-07,TRUE
"PPP1R18",1,5.49302e-07,TRUE
"HCG20",1,6.9884e-26,TRUE
"VARS2",1,1.55351e-17,TRUE
"SFTA2",1,1.10475e-06,TRUE
"PSORS1C1",1,1.2186e-49,TRUE
"CCHCR1",1,1.11812e-14,TRUE
"TCF19",1,9.83005e-14,TRUE
"POU5F1",1,1.48405e-16,TRUE
"AC093627.9",1,1.98763e-06,TRUE
"AC093627.10",1,9.53262e-17,TRUE
"FAM20C",1,1.83034e-06,TRUE
"AC147651.3",1,2.75668e-09,TRUE
"HEATR2",1,1.27823e-09,TRUE
"PRKAR1B",1,2.07789e-09,TRUE
"COX19",1,2.18837e-06,TRUE
"ZFAND2A",1,8.67514e-19,TRUE
"INTS1",1,3.10076e-07,TRUE
"PSMG3-AS1",1,3.36132e-12,TRUE
"FTSJ2",1,1.7314e-12,TRUE
"AC004840.9",1,1.45444e-08,TRUE
"AMZ1",1,9.00327e-07,TRUE
"CARD11",1,1.78257e-15,TRUE
"RBAK",1,9.48271e-07,TRUE
"CCZ1",1,6.14222e-52,TRUE
"RSPH10B",1,3.92053e-53,TRUE
"PMS2",1,2.1579e-10,TRUE
"ZDHHC4",1,1.41755e-07,TRUE
"RSPH10B2",1,2.07897e-74,TRUE
"CCZ1B",1,2.12199e-64,TRUE
"C1GALT1",1,8.55097e-08,TRUE
"COL28A1",1,2.11543e-09,TRUE
"RP5-1159O4.2",1,1.65918e-10,TRUE
"RPA3-AS1",1,1.2881e-31,TRUE
"RPA3",1,3.34847e-08,TRUE
"THSD7A",1,1.61484e-14,TRUE
"VWDE",1,2.06193e-49,TRUE
"SCIN",1,4.72497e-07,TRUE
"DGKB",1,2.36384e-16,TRUE
"HCG9",2,1.49798e-10,TRUE
"GTF2H4",2,3.91774e-12,TRUE
"CDSN",2,8.52533e-75,TRUE
"RAC1",2,2.09481e-08,TRUE
"AGMO",1,5.60286e-07,TRUE
"GS1-166A23.2",1,2.10525e-08,TRUE
"AGR2",1,1.35356e-15,TRUE
"AC017060.1",1,4.93507e-08,TRUE
"TMEM196",1,5.11377e-07,TRUE
"ITGB8",1,2.80749e-07,TRUE
"TOMM7",1,2.47385e-12,TRUE
"KLHL7-AS1",1,2.56042e-89,TRUE
"AC005082.12",1,6.80197e-46,TRUE
"FAM221A",1,2.15219e-08,TRUE
"STK31",1,9.76388e-09,TRUE
"NPY",1,2.19471e-21,TRUE
"MPP6",1,8.93135e-07,TRUE
"DFNA5",1,7.31137e-09,TRUE
"AC004540.5",1,2.14701e-13,TRUE
"HIBADH",1,5.25594e-15,TRUE
"CPVL",1,7.20693e-10,TRUE
"PRR15",1,3.88045e-09,TRUE
"PLEKHA8",1,7.40545e-12,TRUE
"GGCT",1,9.58286e-08,TRUE
"CRHR2",1,1.27695e-06,TRUE
"PDE1C",1,8.31112e-12,TRUE
"AVL9",1,2.33803e-10,TRUE
"RP11-225B17.2",1,2.32099e-08,TRUE
"KBTBD2",1,4.49354e-07,TRUE
"BMPER",1,2.61414e-09,TRUE
"DPY19L1",1,4.93386e-12,TRUE
"EEPD1",1,2.44762e-07,TRUE
"AOAH",1,2.50665e-12,TRUE
"EPDR1",1,3.01321e-22,TRUE
"STARD3NL",1,1.5537e-08,TRUE
"AMPH",1,1.62282e-06,TRUE
"CLN8",1,1.40519e-09,TRUE
"KBTBD11",1,2.26994e-11,TRUE
"MYOM2",1,1.30832e-48,TRUE
"CTD-2541M15.3",1,6.08978e-09,TRUE
"MFHAS1",1,4.56519e-09,TRUE
"ERI1",1,6.83423e-07,TRUE
"RP1L1",1,3.84393e-19,TRUE
"FAM167A",1,8.34269e-13,TRUE
"NEIL2",1,6.29533e-10,TRUE
"RP11-297N6.4",1,3.07735e-08,TRUE
"CTSB",1,1.40154e-17,TRUE
"PDGFRL",1,3.38868e-09,TRUE
"MTUS1",1,1.16056e-08,TRUE
"FGL1",1,1.12881e-26,TRUE
"SOSTDC1",2,2.70514e-07,TRUE
"NT5C3A",2,2.83543e-10,TRUE
"RP11-981G7.6",2,1.67776e-07,TRUE
"NAT1",2,7.28689e-31,TRUE
"PSD3",1,8.10747e-11,TRUE
"CSGALNACT1",1,1.31309e-06,TRUE
"NPM2",1,7.72627e-07,TRUE
"DMTN",1,2.16434e-38,TRUE
"NUDT18",1,3.4124e-15,TRUE
"C8orf58",1,9.81872e-07,TRUE
"PEBP4",1,5.05951e-11,TRUE
"TNFRSF10C",1,2.75895e-09,TRUE
"TNFRSF10A",1,4.76019e-07,TRUE
"CTC-756D1.2",1,5.34883e-11,TRUE
"ADAM28",1,4.8826e-11,TRUE
"NEFM",1,1.68999e-06,TRUE
"DOCK5",1,1.81688e-06,TRUE
"PTK2B",1,3.97906e-09,TRUE
"CHRNA2",1,1.00568e-08,TRUE
"EPHX2",1,3.42472e-40,TRUE
"CCDC25",1,4.5926e-16,TRUE
"ELP3",1,2.56704e-14,TRUE
"FZD3",1,5.53943e-08,TRUE
"LEPROTL1",1,1.79406e-07,TRUE
"GTF2E2",1,4.09486e-08,TRUE
"FOXD4",1,2.61943e-10,TRUE
"CBWD1",1,1.67839e-66,TRUE
"DOCK8",1,1.42771e-14,TRUE
"C9orf66",1,4.49871e-16,TRUE
"RP11-509J21.1",1,2.08432e-06,TRUE
"SPATA6L",1,1.88383e-06,TRUE
"RP11-6J24.6",1,7.94983e-14,TRUE
"AK3",1,7.47944e-08,TRUE
"RCL1",1,3.7323e-08,TRUE
"JAK2",1,2.42964e-06,TRUE
"PLGRKT",1,7.59089e-14,TRUE
"PDCD1LG2",1,7.61963e-08,TRUE
"MLANA",1,7.37814e-07,TRUE
"IL33",1,9.07138e-07,TRUE
"GLDC",1,3.56482e-09,TRUE
"RP11-390F4.6",1,4.32675e-07,TRUE
"RP11-390F4.3",1,1.05439e-28,TRUE
"RP11-75C9.1",1,6.20839e-22,TRUE
"MPDZ",1,2.68201e-09,TRUE
"RP11-536O18.2",1,3.77376e-16,TRUE
"CCDC171",1,4.92449e-07,TRUE
"CNTLN",1,6.68377e-22,TRUE
"ADAMTSL1",1,6.60452e-26,TRUE
"HAUS6",1,1.23833e-09,TRUE
"MTAP",1,3.90093e-06,TRUE
"RP11-145E5.5",1,1.32316e-06,TRUE
"CDKN2A",1,1.26415e-06,TRUE
"FAM154A",2,5.00947e-07,TRUE
"SLC24A2",2,4.06537e-11,TRUE
"DMRTA1",1,2.88348e-11,TRUE
"RP11-399D6.2",1,1.25012e-06,TRUE
"ACO1",1,2.19226e-08,TRUE
"GVQW1",1,4.28204e-12,TRUE
"SMU1",1,6.06367e-15,TRUE
"B4GALT1",1,3.26759e-06,TRUE
"NFX1",1,5.86625e-11,TRUE
"AQP3",1,1.60277e-25,TRUE
"RP11-384P7.7",1,2.82153e-41,TRUE
"PRSS3",1,1.20988e-06,TRUE
"NUDT2",1,8.57264e-46,TRUE
"GALT",1,1.441e-06,TRUE
"IL11RA",1,2.27574e-14,TRUE
"FANCG",1,1.59222e-14,TRUE
"PIGO",1,2.55962e-06,TRUE
"TMEM8B",1,3.98855e-12,TRUE
"HRCT1",1,9.80434e-07,TRUE
"GLIPR2",1,5.44577e-08,TRUE
"GNE",1,7.74074e-09,TRUE
"GRHPR",1,9.48184e-46,TRUE
"FRMPD1",1,1.36201e-14,TRUE
"AMIGO1",1,5.10236e-14,TRUE
"GSTM4",1,6.58832e-35,TRUE
"GSTM1",1,7.85865e-47,TRUE
"GSTM5",1,3.95885e-09,TRUE
"GSTM3",1,5.80414e-118,TRUE
"KCNC4",1,1.60771e-06,TRUE
"KCNA2",1,6.62953e-11,TRUE
"DRAM2",1,7.91735e-15,TRUE
"CHI3L2",1,1.72858e-06,TRUE
"OVGP1",1,3.67582e-08,TRUE
"DDX20",1,7.31312e-07,TRUE
"KCND3",1,8.59758e-37,TRUE
"RP11-88H9.2",1,8.98689e-22,TRUE
"ST7L",1,8.2171e-46,TRUE
"RP11-31F15.2",1,1.30683e-11,TRUE
"PHTF1",1,9.41336e-07,TRUE
"RSBN1",1,4.199e-06,TRUE
"TSPAN2",1,2.46985e-15,TRUE
"VANGL1",1,1.97825e-10,TRUE
"PTGFRN",1,7.97194e-16,TRUE
"CD101",1,4.86954e-15,TRUE
"TTF2",1,2.39348e-08,TRUE
"FAM46C",1,5.9676e-09,TRUE
"TBX15",1,2.44701e-06,TRUE
"WARS2",1,3.04507e-45,TRUE
"REG4",1,2.15193e-08,TRUE
"CCDC107",2,1.46093e-07,TRUE
"POLR1E",2,6.15464e-17,TRUE
"WNT2B",2,6.19821e-12,TRUE
"FAM72B",1,5.77236e-06,TRUE
"LINC00623",1,0.00280119,TRUE
"NOTCH2NL",1,3.80064e-17,TRUE
"RP11-458D21.5",1,2.92161e-14,TRUE
"RBM8A",1,6.21668e-07,TRUE
"RNF115",1,2.50512e-07,TRUE
"CHD1L",1,5.60021e-08,TRUE
"ACP6",1,3.74172e-29,TRUE
"MTMR11",1,1.20943e-07,TRUE
"MRPS21",1,1.0237e-19,TRUE
"RPRD2",1,3.40459e-08,TRUE
"ECM1",1,2.58048e-11,TRUE
"CTSS",1,1.50887e-17,TRUE
"SCNM1",1,4.17143e-06,TRUE
"OAZ3",1,1.43469e-06,TRUE
"COX6B1",1,5.08169e-07,TRUE
"ZBTB32",1,1.09613e-15,TRUE
"AD000671.6",1,1.45477e-16,TRUE
"U2AF1L4",1,1.15922e-24,TRUE
"C19orf55",1,1.11261e-06,TRUE
"ARHGAP33",1,1.06435e-12,TRUE
"COX7A1",1,1.62023e-07,TRUE
"LINC00665",1,2.10205e-19,TRUE
"ZFP14",1,3.04094e-06,TRUE
"ZNF260",1,7.24306e-11,TRUE
"CTD-2162K18.4",1,2.50753e-40,TRUE
"CTD-2162K18.3",1,2.73181e-22,TRUE
"ZNF585B",1,2.83113e-06,TRUE
"AC012309.5",1,4.61158e-76,TRUE
"ZNF781",1,1.39043e-28,TRUE
"CTD-2528L19.4",1,2.33408e-16,TRUE
"ZNF607",1,1.17912e-24,TRUE
"CTD-2554C21.3",1,7.91024e-07,TRUE
"C19orf33",1,1.70365e-15,TRUE
"CATSPERG",1,6.90112e-09,TRUE
"CTC-360G5.9",1,7.08856e-18,TRUE
"SARS2",1,2.59403e-10,TRUE
"CTC-360G5.8",1,1.18815e-09,TRUE
"FBXO17",1,6.07849e-10,TRUE
"FBXO27",1,2.23264e-19,TRUE
"PAPL",1,1.92937e-07,TRUE
"DYRK1B",1,4.51875e-06,TRUE
"FCGBP",1,4.10517e-19,TRUE
"PLD3",1,1.3023e-06,TRUE
"ITPKC",1,1.73918e-08,TRUE
"CTC-435M10.3",1,4.43223e-10,TRUE
"TMEM91",1,3.16593e-06,TRUE
"RP11-343N15.5",2,9.12997e-07,TRUE
"ETV2",2,9.37784e-09,TRUE
"ZNF793",2,7.1611e-08,TRUE
"IL1A",1,1.43365e-06,TRUE
"IL1RN",1,6.03095e-09,TRUE
"PSD4",1,4.64055e-09,TRUE
"PAX8",1,1.82884e-79,TRUE
"AC017074.2",1,2.93329e-06,TRUE
"STEAP3",1,2.06151e-06,TRUE
"SCTR",1,2.19663e-13,TRUE
"TMEM185B",1,5.0678e-07,TRUE
"CNTNAP5",1,2.95314e-06,TRUE
"RP11-521O16.2",1,1.46817e-07,TRUE
"RP11-521O16.1",1,2.48593e-12,TRUE
"BIN1",1,5.94235e-44,TRUE
"AC068282.3",1,3.90527e-113,TRUE
"PROC",1,2.09023e-09,TRUE
"RP5-935K16.1",1,1.15482e-30,TRUE
"RAB6C",1,3.3637e-06,TRUE
"PTPN18",1,4.50367e-08,TRUE
"C2orf27A",1,4.36551e-28,TRUE
"NCKAP5",1,7.36953e-18,TRUE
"TMEM163",1,2.45793e-07,TRUE
"ACMSD",1,5.54272e-11,TRUE
"CXCR4",1,4.31082e-08,TRUE
"LRP1B",1,4.06623e-12,TRUE
"LYPD6B",1,8.55562e-09,TRUE
"RBM43",1,1.11815e-07,TRUE
"NMI",1,6.65891e-07,TRUE
"GALNT13",1,4.6089e-07,TRUE
"AC093375.1",1,1.94267e-07,TRUE
"ERMN",1,6.19783e-25,TRUE
"DAPL1",1,7.42984e-07,TRUE
"GAST",1,4.09021e-07,TRUE
"HAP1",1,5.63533e-15,TRUE
"NT5C3B",1,1.33337e-30,TRUE
"DHX58",1,1.48264e-10,TRUE
"HSPB9",1,1.28277e-07,TRUE
"KCNH4",1,5.45918e-06,TRUE
"NAGLU",1,1.1545e-07,TRUE
"HSD17B1",1,1.55144e-10,TRUE
"TUBG1",1,1.89492e-06,TRUE
"CNTNAP1",1,5.20602e-08,TRUE
"TMEM106A",1,3.11577e-06,TRUE
"ARL4D",1,6.7701e-11,TRUE
"DUSP3",1,1.22614e-12,TRUE
"PYY",1,1.78478e-10,TRUE
"DBF4B",1,1.00009e-37,TRUE
"CCDC103",1,2.69365e-13,TRUE
"FAM187A",1,1.09274e-14,TRUE
"CCDC93",2,3.17548e-19,TRUE
"MAP3K2",2,7.54297e-10,TRUE
"NAGS",2,1.05759e-06,TRUE
"C1QL1",1,3.24786e-11,TRUE
"NMT1",1,1.52566e-09,TRUE
"DCAKD",1,2.33888e-06,TRUE
"SPATA32",1,9.00973e-07,TRUE
"ARHGAP27",1,6.81764e-08,TRUE
"PLEKHM1",1,2.8784e-11,TRUE
"MAPT",1,4.87552e-24,TRUE
"KANSL1",1,2.6734e-15,TRUE
"LRRC37A",1,1.12833e-36,TRUE
"ARL17B",1,9.01208e-23,TRUE
"LRRC37A2",1,1.40513e-45,TRUE
"ARL17A",1,2.29176e-38,TRUE
"NSF",1,6.6288e-15,TRUE
"WNT3",1,2.64081e-14,TRUE
"GOSR2",1,5.00054e-07,TRUE
"EFCAB13",1,1.17213e-34,TRUE
"TBKBP1",1,6.10288e-23,TRUE
"GUCA1C",1,1.05996e-11,TRUE
"PLCXD2",1,8.75656e-11,TRUE
"ABHD10",1,6.07469e-09,TRUE
"TAGLN3",1,4.75282e-19,TRUE
"C3orf52",1,2.79077e-10,TRUE
"SLC9C1",1,2.00664e-12,TRUE
"SLC35A5",1,1.99868e-06,TRUE
"CCDC80",1,6.20613e-08,TRUE
"GTPBP8",1,3.6069e-11,TRUE
"SIDT1",1,3.91881e-31,TRUE
"GRAMD1C",1,1.89799e-13,TRUE
"RP11-484M3.5",1,2.60687e-12,TRUE
"UPK1B",1,1.67425e-15,TRUE
"POGLUT1",1,1.15629e-29,TRUE
"ADPRH",1,8.10495e-17,TRUE
"MAATS1",1,1.14862e-34,TRUE
"STXBP5L",1,2.55759e-06,TRUE
"IQCB1",1,9.31679e-61,TRUE
"EAF2",1,2.95788e-07,TRUE
"CCDC58",1,7.33294e-08,TRUE
"PARP9",1,9.50721e-07,TRUE
"PARP15",1,1.45643e-06,TRUE
"ADCY5",1,2.6062e-45,TRUE
"KALRN",1,2.37826e-06,TRUE
"RP11-71H17.9",1,3.8274e-28,TRUE
"SLC12A8",1,4.8016e-20,TRUE
"OSBPL11",1,3.24817e-07,TRUE
"RP11-379B18.5",1,2.27721e-08,TRUE
"RP11-798G7.6",2,4.60367e-22,TRUE
"CRHR1",2,6.67318e-50,TRUE
"GCSAM",2,6.29454e-08,TRUE
"RP11-572M11.3",2,1.33012e-06,TRUE
"QTRTD1",2,6.16333e-07,TRUE
"ALG1L",1,3.36815e-21,TRUE
"SLC41A3",1,1.80759e-12,TRUE
"TPRA1",1,1.42604e-07,TRUE
"SIPA1",1,3.51181e-08,TRUE
"OVOL1",1,5.89503e-10,TRUE
"EFEMP2",1,5.15105e-07,TRUE
"FIBP",1,5.5511e-06,TRUE
"EIF1AD",1,2.38525e-08,TRUE
"SF3B2",1,1.48777e-06,TRUE
"CTD-3074O7.11",1,4.02418e-10,TRUE
"BBS1",1,4.79286e-09,TRUE
"CTD-3074O7.12",1,1.68974e-08,TRUE
"CTSF",1,4.51522e-15,TRUE
"C11orf80",1,1.40089e-19,TRUE
"PC",1,4.10158e-07,TRUE
"RHOD",1,6.07981e-14,TRUE
"PTPRCAP",1,3.36994e-14,TRUE
"GSTP1",1,1.63687e-10,TRUE
"ACY3",1,1.33435e-06,TRUE
"ALDH3B1",1,1.33151e-08,TRUE
"GAL",1,1.98643e-11,TRUE
"RP11-757G1.6",1,1.03746e-25,TRUE
"MRPL21",1,8.13647e-89,TRUE
"IGHMBP2",1,5.76138e-19,TRUE
"TPCN2",1,6.22432e-08,TRUE
"SHANK2",1,3.98911e-06,TRUE
"FAM86C1",1,9.19186e-07,TRUE
"PDE2A",1,9.06499e-07,TRUE
"ARAP1",1,3.2525e-08,TRUE
"STARD10",1,1.74256e-35,TRUE
"PLEKHB1",1,1.06371e-18,TRUE
"MRPL48",1,1.35124e-11,TRUE
"PAAF1",1,5.37006e-18,TRUE
"UCP2",1,1.30378e-08,TRUE
"P4HA3",1,2.07619e-11,TRUE
"KCNE3",1,6.38661e-11,TRUE
"XRRA1",1,1.39475e-84,TRUE
"RPS3",1,9.01004e-07,TRUE
"RP11-111M22.3",1,1.08677e-13,TRUE
"CAPN5",1,1.42921e-06,TRUE
"MYO7A",1,2.55237e-10,TRUE
"AQP11",1,5.25815e-10,TRUE
"AAMDC",1,1.34251e-07,TRUE
"INTS4",1,3.56499e-15,TRUE
"KCTD14",1,9.01081e-08,TRUE
"NDUFC2-KCTD14",1,9.57342e-09,TRUE
"NDUFC2",1,1.61868e-12,TRUE
"USP35",1,7.74985e-08,TRUE
"ROPN1B",2,6.68542e-24,TRUE
"RPS6KB2",2,4.01438e-07,TRUE
"RP11-452H21.4",1,1.74727e-06,TRUE
"C11orf82",1,2.12924e-11,TRUE
"RAB30-AS1",1,8.0054e-15,TRUE
"RP11-113K21.4",1,2.30357e-13,TRUE
"CCDC90B",1,1.29451e-10,TRUE
"C11orf73",1,2.62159e-06,TRUE
"CTD-2005H7.1",1,2.4821e-06,TRUE
"RAB38",1,4.74332e-08,TRUE
"CTSC",1,1.6853e-07,TRUE
"NAALAD2",1,2.50296e-19,TRUE
"MTNR1B",1,5.282e-21,TRUE
"CCDC67",1,4.32451e-85,TRUE
"SMCO4",1,1.04371e-30,TRUE
"C11orf54",1,3.48366e-86,TRUE
"VSTM5",1,4.94341e-07,TRUE
"HEPHL1",1,5.1413e-45,TRUE
"PANX1",1,4.78807e-09,TRUE
"GTPBP4",1,4.58428e-07,TRUE
"IDI2",1,5.70614e-31,TRUE
"PITRM1",1,3.86118e-17,TRUE
"AKR1E2",1,1.24654e-07,TRUE
"AKR1C1",1,1.02896e-14,TRUE
"AKR1C2",1,1.56218e-09,TRUE
"UCN3",1,1.70911e-07,TRUE
"RP11-336A10.5",1,5.68925e-07,TRUE
"GDI2",1,9.0492e-14,TRUE
"PRKCQ",1,5.42215e-07,TRUE
"LINC00707",1,5.03329e-13,TRUE
"ECHDC3",1,1.26092e-21,TRUE
"CAMK1D",1,1.8988e-24,TRUE
"PHYH",1,1.40038e-16,TRUE
"MEIG1",1,6.71658e-08,TRUE
"ACBD7",1,3.4871e-07,TRUE
"NMT2",1,1.4153e-13,TRUE
"PTER",1,7.63398e-10,TRUE
"C1QL3",1,2.91417e-75,TRUE
"RSU1",1,1.30056e-15,TRUE
"TRDMT1",1,1.54748e-12,TRUE
"VIM",1,1.00449e-06,TRUE
"TMEM236",2,5.67837e-13,TRUE
"MRC1",1,6.08657e-15,TRUE
"NSUN6",1,6.98619e-07,TRUE
"PRTFDC1",1,1.92959e-13,TRUE
"GPR158",1,3.11324e-06,TRUE
"APBB1IP",1,1.32768e-74,TRUE
"MASTL",1,1.4857e-23,TRUE
"RP11-85G18.6",1,5.09908e-16,TRUE
"NARS2",2,2.81438e-32,TRUE
"MRC1L1",2,1.42713e-20,TRUE
"PTCHD3",1,3.26186e-20,TRUE
"MPP7",1,1.05792e-08,TRUE
"WAC",1,7.79872e-08,TRUE
"MTPAP",1,6.26313e-13,TRUE
"MAP3K8",1,9.45666e-09,TRUE
"C10orf68",1,1.04242e-13,TRUE
"RP11-479G22.8",1,2.23216e-39,TRUE
"RP11-258F22.1",1,5.74343e-06,TRUE
"ZNF37A",1,6.26746e-10,TRUE
"RP11-508N22.12",1,8.0237e-07,TRUE
"LINC00839",1,3.22914e-13,TRUE
"RET",1,2.9118e-06,TRUE
"RP11-351D16.3",1,1.63532e-14,TRUE
"ENPP5",1,2.58538e-22,TRUE
"SLC25A27",1,1.91892e-11,TRUE
"TDRD6",1,6.6422e-14,TRUE
"RP11-385F7.1",1,4.61779e-15,TRUE
"MUT",1,7.19206e-65,TRUE
"CENPQ",1,1.40812e-06,TRUE
"CRISP3",1,2.48797e-10,TRUE
"PAQR8",1,6.7587e-09,TRUE
"RP11-411K7.1",1,1.72585e-10,TRUE
"FAM83B",1,1.02855e-09,TRUE
"BMP5",1,1.82027e-08,TRUE
"COL21A1",1,4.23968e-07,TRUE
"BEND6",1,8.12348e-32,TRUE
"XXbac-BPGBPG55C20.1",1,2.13574e-06,TRUE
"XXbac-BPGBPG55C20.2",1,4.17483e-10,TRUE
"LGSN",1,4.95061e-10,TRUE
"FAM135A",1,1.43953e-09,TRUE
"C6orf57",1,5.52925e-15,TRUE
"RP11-134K13.4",1,3.42127e-09,TRUE
"RP11-257K9.8",1,1.56709e-08,TRUE
"DDX43",1,6.87266e-12,TRUE
"OOEP",1,9.85508e-08,TRUE
"MTO1",1,4.91357e-10,TRUE
"FILIP1",1,2.29113e-21,TRUE
"MEI4",1,6.26296e-08,TRUE
"IRAK1BP1",1,3.03621e-48,TRUE
"ELOVL4",1,8.74919e-25,TRUE
"RP11-250B2.6",1,1.99623e-11,TRUE
"RP11-379B8.1",1,3.03239e-11,TRUE
"IBTK",1,1.33087e-08,TRUE
"DOPEY1",1,1.44596e-06,TRUE
"PRSS35",1,1.53899e-09,TRUE
"SNAP91",1,2.19992e-14,TRUE
"ZNF25",2,3.45229e-08,TRUE
"AL022344.7",2,8.0745e-08,TRUE
"TMEM14A",2,7.59143e-20,TRUE
"MB21D1",2,1.82847e-06,TRUE
"SMIM8",1,3.03181e-21,TRUE
"C6orf164",1,1.09927e-07,TRUE
"RARS2",1,3.81757e-09,TRUE
"AKIRIN2",1,3.73778e-08,TRUE
"ANKRD6",1,8.37649e-12,TRUE
"LYRM2",1,2.51684e-07,TRUE
"MANEA",1,1.97122e-10,TRUE
"FUT9",1,1.09805e-21,TRUE
"NDUFAF4",1,3.79054e-10,TRUE
"MMS22L",1,5.13771e-06,TRUE
"FBXL4",1,6.85493e-07,TRUE
"FAXC",1,4.38288e-09,TRUE
"USP45",1,4.43045e-13,TRUE
"ASCC3",1,2.39707e-08,TRUE
"HACE1",1,2.6342e-12,TRUE
"RTN4IP1",1,6.62794e-08,TRUE
"QRSL1",1,1.44599e-33,TRUE
"RP1-60O19.1",1,9.87673e-16,TRUE
"PDSS2",1,9.21995e-16,TRUE
"SCML4",1,4.36702e-27,TRUE
"SMPD2",1,1.96368e-09,TRUE
"AK9",1,3.30361e-15,TRUE
"METTL24",1,1.0387e-07,TRUE
"DDO",1,6.34901e-20,TRUE
"SLC22A16",1,8.39326e-14,TRUE
"KIAA1919",1,1.83972e-16,TRUE
"FAM229B",1,4.11147e-20,TRUE
"FRK",1,4.36557e-21,TRUE
"TSPYL1",1,3.06947e-08,TRUE
"SLC26A10",1,3.01957e-08,TRUE
"OS9",1,1.0835e-07,TRUE
"RP11-571M6.15",1,8.51411e-10,TRUE
"TSFM",1,3.43997e-17,TRUE
"RP11-620J15.3",1,3.18054e-14,TRUE
"XRCC6BP1",1,3.59986e-57,TRUE
"PPM1H",1,9.39707e-13,TRUE
"DPY19L2",1,1.62174e-41,TRUE
"GNS",1,1.76963e-07,TRUE
"RP11-766N7.3",1,1.13793e-14,TRUE
"TMBIM4",1,5.62769e-22,TRUE
"HELB",1,4.47168e-29,TRUE
"MDM1",1,1.90776e-06,TRUE
"NUP107",1,7.89438e-11,TRUE
"CPM",1,2.2657e-10,TRUE
"LYZ",1,7.62038e-09,TRUE
"BEST3",1,1.09239e-24,TRUE
"RP11-30P6.6",2,2.96809e-19,TRUE
"RP1-102H19.8",2,4.55027e-07,TRUE
"METTL21B",2,3.05064e-31,TRUE
"YEATS4",2,3.85117e-23,TRUE
"RAB3IP",1,1.56258e-08,TRUE
"AC025263.3",1,1.41963e-08,TRUE
"KCNMB4",1,8.60819e-07,TRUE
"GLIPR1L2",1,2.26597e-76,TRUE
"KRR1",1,3.34551e-07,TRUE
"BBS10",1,2.24697e-11,TRUE
"E2F7",1,1.3866e-06,TRUE
"RP1-34H18.1",1,3.52015e-17,TRUE
"NAV3",1,1.37715e-09,TRUE
"PAWR",1,2.41941e-06,TRUE
"LIN7A",1,4.40617e-11,TRUE
"PPFIA2",1,4.07203e-14,TRUE
"TMTC2",1,2.95294e-07,TRUE
"NUDT4",1,7.6091e-10,TRUE
"MRPL42",1,1.31392e-14,TRUE
"NDUFA12",1,1.13359e-18,TRUE
"VEZT",1,1.20842e-06,TRUE
"USP44",1,1.35825e-10,TRUE
"AMDHD1",1,4.14754e-34,TRUE
"NEDD1",1,2.23887e-07,TRUE
"IKBIP",1,2.36994e-30,TRUE
"SLC5A8",1,2.56106e-14,TRUE
"CHPT1",1,7.93301e-44,TRUE
"SYCP3",1,2.32016e-17,TRUE
"DRAM1",1,3.71305e-11,TRUE
"CCDC53",1,5.92506e-15,TRUE
"NT5DC3",1,6.80903e-29,TRUE
"HSP90B1",1,2.78265e-10,TRUE
"C12orf73",1,3.67039e-14,TRUE
"CHST11",1,1.0127e-06,TRUE
"KIAA1033",1,1.82994e-06,TRUE
"TCP11L2",1,5.00807e-10,TRUE
"RFX4",1,3.65992e-11,TRUE
"METTL18",1,1.76439e-33,TRUE
"GORAB",1,1.06929e-09,TRUE
"FMO3",1,1.27788e-06,TRUE
"FMO4",1,7.40687e-14,TRUE
"PRRC2C",1,2.29335e-06,TRUE
"VAMP4",1,1.32147e-06,TRUE
"SUCO",1,7.84369e-09,TRUE
"DARS2",1,2.0037e-07,TRUE
"KIAA0040",1,7.31122e-07,TRUE
"SEC16B",1,6.02978e-10,TRUE
"ANGPTL1",1,1.61314e-07,TRUE
"FAM20B",1,4.65973e-12,TRUE
"MYRFL",2,1.53132e-24,TRUE
"MGAT4C",2,6.00015e-10,TRUE
"CCDC38",2,2.65848e-07,TRUE
"SERPINC1",2,2.47944e-13,TRUE
"MRPS14",2,1.16892e-06,TRUE
"TOR3A",1,1.59511e-13,TRUE
"TDRD5",1,2.0171e-81,TRUE
"TOR1AIP1",1,5.09075e-06,TRUE
"RP11-309G3.3",1,2.79408e-06,TRUE
"RNASEL",1,2.90782e-06,TRUE
"COLGALT2",1,6.02304e-14,TRUE
"TSEN15",1,7.71383e-10,TRUE
"SWT1",1,3.02846e-07,TRUE
"RGS2",1,3.26494e-09,TRUE
"ZBTB41",1,3.76313e-07,TRUE
"CRB1",1,2.69738e-10,TRUE
"DDX59",1,1.12363e-22,TRUE
"ASCL5",1,1.01838e-12,TRUE
"TMEM9",1,7.89151e-31,TRUE
"IGFN1",1,1.61763e-06,TRUE
"TNNI1",1,6.68455e-67,TRUE
"CSRP1",1,4.84741e-14,TRUE
"SHISA4",1,1.26528e-06,TRUE
"KDM5B",1,4.49627e-07,TRUE
"KLHL12",1,1.39024e-08,TRUE
"CHI3L1",1,1.87727e-17,TRUE
"CHIT1",1,9.40961e-11,TRUE
"RP11-134P9.1",1,2.4197e-23,TRUE
"FMOD",1,1.72211e-09,TRUE
"MFSD4",1,4.40902e-12,TRUE
"ELK4",1,2.25873e-06,TRUE
"RAB7L1",1,4.3715e-13,TRUE
"PM20D1",1,4.94701e-42,TRUE
"C4BPB",1,1.63438e-07,TRUE
"C4BPA",1,5.73234e-40,TRUE
"RP11-268J15.5",1,4.11257e-06,TRUE
"SNIP1",1,1.55939e-07,TRUE
"DNALI1",1,8.97323e-33,TRUE
"GNL2",1,4.62073e-12,TRUE
"C1orf109",1,4.66359e-11,TRUE
"INPP5B",1,1.31733e-13,TRUE
"FHL3",1,1.62433e-13,TRUE
"NDUFS5",1,5.2096e-67,TRUE
"BMP8A",1,7.29823e-15,TRUE
"HPCAL4",1,8.24505e-08,TRUE
"PPIE",1,3.72912e-16,TRUE
"OXCT2",1,8.61001e-14,TRUE
"BMP8B",1,4.70288e-19,TRUE
"TRIT1",1,1.04233e-26,TRUE
"PPT1",1,6.51437e-09,TRUE
"COL9A2",1,4.03145e-18,TRUE
"ZFP69",1,3.36536e-14,TRUE
"AXDND1",2,7.79323e-27,TRUE
"EDEM3",2,3.39872e-07,TRUE
"ZMPSTE24",2,1.48671e-12,TRUE
"EXO5",1,3.43262e-14,TRUE
"FOXO6",1,5.19154e-09,TRUE
"ZMYND12",1,2.02309e-08,TRUE
"YBX1",1,3.34867e-06,TRUE
"ERMAP",1,1.06227e-06,TRUE
"CCDC23",1,1.96119e-18,TRUE
"ZNF691",1,2.79648e-06,TRUE
"SLC2A1",1,3.33748e-08,TRUE
"FAM183A",1,8.95846e-07,TRUE
"HYI",1,9.90951e-11,TRUE
"DMAP1",1,9.37013e-11,TRUE
"RPS8",1,1.60399e-06,TRUE
"ZSWIM5",1,4.27554e-08,TRUE
"MUTYH",1,1.04099e-06,TRUE
"TESK2",1,2.32984e-07,TRUE
"MMACHC",1,2.57476e-07,TRUE
"CCDC163P",1,3.99999e-89,TRUE
"TMEM69",1,2.52193e-07,TRUE
"NSUN4",1,5.53155e-28,TRUE
"PDZK1IP1",1,4.60694e-09,TRUE
"SLC5A9",1,2.43963e-09,TRUE
"ELAVL4",1,1.06387e-06,TRUE
"TTC39A",1,5.07471e-08,TRUE
"CC2D1B",1,2.08294e-06,TRUE
"ZCCHC11",1,1.00844e-07,TRUE
"GPX7",1,6.16505e-75,TRUE
"ECHDC2",1,3.59562e-07,TRUE
"PODN",1,8.29107e-15,TRUE
"C1orf123",1,9.41495e-14,TRUE
"LDLRAD1",1,1.21765e-07,TRUE
"RP4-758J24.5",1,2.33301e-10,TRUE
"TCEANC2",1,2.4653e-08,TRUE
"FAM151A",1,1.04843e-12,TRUE
"MROH7",1,3.27105e-12,TRUE
"TTC22",1,1.20959e-06,TRUE
"GATAD1",1,1.68781e-06,TRUE
"SAMD9L",1,1.38178e-10,TRUE
"BET1",1,1.43339e-06,TRUE
"PON1",1,5.3731e-53,TRUE
"PON3",1,3.59726e-08,TRUE
"PON2",1,1.27412e-15,TRUE
"AC004012.1",1,6.2262e-08,TRUE
"ASB4",1,4.29647e-14,TRUE
"DYNC1I1",1,2.15468e-06,TRUE
"KPNA7",1,1.53308e-06,TRUE
"GS1-259H13.2",1,3.32219e-06,TRUE
"CYP3A5",1,2.608e-08,TRUE
"TRIM4",1,2.37935e-38,TRUE
"FAAH",2,3.70319e-09,TRUE
"SLC2A1-AS1",4,1.44404e-37,TRUE
"ZSCAN21",1,6.06596e-17,TRUE
"AP4M1",1,5.92757e-08,TRUE
"CNPY4",1,1.10382e-07,TRUE
"MBLAC1",1,6.89057e-09,TRUE
"STAG3",1,3.25789e-10,TRUE
"PILRB",1,9.58933e-17,TRUE
"PILRA",1,4.00582e-23,TRUE
"UFSP1",1,7.77924e-07,TRUE
"ACHE",1,1.08323e-08,TRUE
"NAT16",1,5.88896e-45,TRUE
"CLDN15",1,3.21278e-29,TRUE
"ORAI2",1,8.46542e-09,TRUE
"LRWD1",1,4.12503e-16,TRUE
"RASA4B",1,1.01426e-08,TRUE
"POLR2J3",1,8.62204e-17,TRUE
"RP11-514P8.7",1,3.8929e-20,TRUE
"RASA4",1,1.4115e-11,TRUE
"UPK3BL",1,1.40525e-20,TRUE
"RP11-514P8.6",1,7.95924e-09,TRUE
"POLR2J2",2,2.84616e-22,TRUE
"RELN",1,1.69149e-09,TRUE
"PUS7",1,6.74743e-09,TRUE
"RINT1",1,6.28209e-08,TRUE
"CDHR3",1,2.40526e-11,TRUE
"PRKAR2B",1,4.2744e-17,TRUE
"LSMEM1",1,2.4195e-06,TRUE
"TES",1,2.25301e-11,TRUE
"CAV2",1,3.6104e-18,TRUE
"CAV1",1,5.75725e-08,TRUE
"CTTNBP2",1,2.06827e-08,TRUE
"ANKRD7",1,7.76044e-07,TRUE
"TSPAN12",1,7.72429e-46,TRUE
"ING3",1,1.0266e-11,TRUE
"CPED1",1,3.48054e-06,TRUE
"FAM3C",1,6.64091e-17,TRUE
"CADPS2",1,1.92969e-10,TRUE
"GPR37",1,2.26222e-09,TRUE
"ZNF800",1,2.87236e-06,TRUE
"CEP120",1,1.88564e-06,TRUE
"ALDH7A1",1,7.0239e-17,TRUE
"MEGF10",1,1.95746e-07,TRUE
"PRRC1",1,1.11959e-06,TRUE
"CTC-228N24.3",1,9.9456e-33,TRUE
"SLC27A6",1,2.66359e-18,TRUE
"FBN2",1,1.70603e-13,TRUE
"SLC22A5",1,3.86691e-22,TRUE
"GRM8",2,3.71887e-11,TRUE
"ACSL6",2,5.90763e-13,TRUE
"PDLIM4",2,1.38044e-15,TRUE
"RAD50",1,1.64566e-08,TRUE
"SHROOM1",1,1.04845e-07,TRUE
"HSPA4",1,3.46472e-11,TRUE
"FSTL4",1,2.89309e-10,TRUE
"VDAC1",1,7.30262e-08,TRUE
"CDKN2AIPNL",1,9.90441e-07,TRUE
"SAR1B",1,1.01915e-07,TRUE
"CAMLG",1,1.24862e-07,TRUE
"NME5",1,2.85935e-16,TRUE
"GFRA3",1,2.99159e-06,TRUE
"PROB1",1,3.49843e-11,TRUE
"TMEM173",1,3.59006e-09,TRUE
"CYSTM1",1,9.91441e-10,TRUE
"SRA1",1,6.20401e-11,TRUE
"CD14",1,4.07718e-08,TRUE
"DND1",1,1.01428e-07,TRUE
"PCDHB2",1,1.5325e-16,TRUE
"PCDHB3",1,1.87704e-08,TRUE
"PCDHB8",1,1.06032e-80,TRUE
"PCDHB16",1,3.05391e-44,TRUE
"PCDHB12",1,2.1542e-07,TRUE
"PCDHB13",1,1.40831e-10,TRUE
"PCDHB14",1,7.60766e-09,TRUE
"KIAA0141",1,2.70179e-15,TRUE
"RNF14",1,9.66662e-07,TRUE
"NDFIP1",1,1.89759e-08,TRUE
"LARS",1,5.38831e-13,TRUE
"HSD3B7",1,2.03907e-27,TRUE
"KAT8",1,1.86907e-08,TRUE
"CBLN1",1,3.72173e-09,TRUE
"CTD-2034I21.2",1,1.98525e-13,TRUE
"RP11-44F14.2",1,6.68818e-26,TRUE
"RP11-44F14.8",1,1.48042e-31,TRUE
"IRX3",1,2.22129e-06,TRUE
"CES1",1,1.16741e-12,TRUE
"BBS2",1,2.09227e-27,TRUE
"MT1E",1,6.19121e-12,TRUE
"NLRC5",1,2.77377e-06,TRUE
"GPR114",1,3.39206e-16,TRUE
"GPR97",1,4.49559e-12,TRUE
"CSNK2A2",1,2.31806e-06,TRUE
"CCDC113",1,3.3566e-09,TRUE
"CDH8",1,2.66719e-08,TRUE
"LINC00920",1,2.3527e-12,TRUE
"RP11-403P17.3",1,8.19346e-09,TRUE
"TK2",1,2.09855e-12,TRUE
"CMTM3",1,4.09095e-06,TRUE
"PARD6A",1,5.96552e-06,TRUE
"AC005355.2",2,3.76171e-07,TRUE
"GOT2",2,2.99205e-15,TRUE
"ENKD1",1,9.30091e-06,TRUE
"NFATC3",1,1.47441e-06,TRUE
"C10orf11",1,9.90696e-11,TRUE
"DLG5",1,3.51626e-17,TRUE
"SFTPA2",1,1.20395e-08,TRUE
"SFTPA1",1,1.03965e-15,TRUE
"RP11-506M13.3",1,6.55701e-14,TRUE
"NUTM2B",1,7.94472e-28,TRUE
"RP11-182L21.6",1,6.77586e-09,TRUE
"RP11-479O17.10",1,1.50259e-07,TRUE
"PLAC9",1,9.15824e-11,TRUE
"MAT1A",1,1.43909e-10,TRUE
"FAM213A",1,7.10963e-19,TRUE
"RP11-137H2.6",1,3.92355e-11,TRUE
"NRG3",1,8.6689e-15,TRUE
"CDHR1",1,3.1099e-20,TRUE
"GRID1",1,1.58799e-10,TRUE
"ADIRF",1,1.16538e-12,TRUE
"NUTM2A",1,1.62189e-20,TRUE
"FAS",1,1.01174e-07,TRUE
"IFIT5",1,3.71854e-13,TRUE
"LINC00865",1,1.5217e-74,TRUE
"PPP1R3C",1,1.79033e-11,TRUE
"FRA10AC1",1,1.25229e-35,TRUE
"HELLS",1,1.95426e-06,TRUE
"PDLIM1",1,5.45537e-17,TRUE
"ALDH18A1",1,1.29135e-10,TRUE
"ENTPD1",1,3.41732e-06,TRUE
"SLIT1",1,5.73692e-11,TRUE
"ARHGAP19-SLIT1",1,1.10509e-09,TRUE
"RRP12",1,1.38993e-29,TRUE
"PGAM1",1,2.16989e-22,TRUE
"MORN4",1,2.591e-15,TRUE
"MARVELD1",1,5.4204e-12,TRUE
"HPS1",1,5.64488e-07,TRUE
"COX15",1,1.19049e-07,TRUE
"CWF19L1",1,5.74383e-36,TRUE
"BLOC1S2",1,2.16132e-13,TRUE
"SEMA4G",1,2.80601e-09,TRUE
"MRPL43",1,1.50018e-06,TRUE
"RP11-498P14.5",1,4.26946e-55,TRUE
"FOXE1",1,7.63625e-08,TRUE
"C9orf156",1,3.16249e-11,TRUE
"CORO2A",1,2.87715e-12,TRUE
"COL15A1",1,8.56042e-07,TRUE
"STX17",1,3.55184e-09,TRUE
"SFTPD",2,2.88927e-08,TRUE
"LINC00863",2,5.88735e-07,TRUE
"CYP2C9",2,1.45217e-22,TRUE
"TCTN3",2,8.56186e-16,TRUE
"TEX10",1,2.20876e-06,TRUE
"LPPR1",1,8.24335e-07,TRUE
"SMC2",1,1.67023e-17,TRUE
"NIPSNAP3A",1,1.0566e-11,TRUE
"TMEM38B",1,2.75835e-15,TRUE
"CTNNAL1",1,3.06618e-20,TRUE
"TMEM245",1,4.13501e-24,TRUE
"FRRS1L",1,9.60564e-10,TRUE
"DNAJC25",1,1.43045e-26,TRUE
"DNAJC25-GNG10",1,2.33617e-34,TRUE
"GNG10",1,3.17791e-34,TRUE
"C9orf84",1,2.96379e-06,TRUE
"SUSD1",1,6.12417e-07,TRUE
"HSDL2",1,2.31544e-16,TRUE
"SNX30",1,5.20521e-07,TRUE
"ZNF883",1,3.21235e-16,TRUE
"ZFP37",1,4.19455e-10,TRUE
"CDC26",1,9.92233e-41,TRUE
"RNF183",1,6.96585e-07,TRUE
"BSPRY",1,9.14726e-08,TRUE
"ALAD",1,1.87005e-06,TRUE
"C9orf43",1,1.14452e-10,TRUE
"POLE3",1,3.51806e-12,TRUE
"AMBP",1,7.46495e-16,TRUE
"C9orf91",1,1.56629e-06,TRUE
"TNC",1,5.9385e-08,TRUE
"FBXW2",1,3.79299e-06,TRUE
"PSMD5",1,1.8722e-14,TRUE
"TTLL11",1,2.39182e-08,TRUE
"PTGS1",1,5.6326e-09,TRUE
"CRB2",1,1.77158e-07,TRUE
"DENND1A",1,1.52805e-07,TRUE
"NEK6",1,9.60351e-12,TRUE
"ARPC5L",1,9.24105e-07,TRUE
"MVB12B",1,1.76915e-06,TRUE
"SLC2A8",1,1.62047e-19,TRUE
"ZNF79",1,1.89117e-11,TRUE
"RPL12",1,2.78412e-14,TRUE
"FPGS",1,5.23128e-06,TRUE
"AK1",1,1.86119e-18,TRUE
"NAIF1",1,5.62309e-07,TRUE
"KLHL8",1,4.4565e-09,TRUE
"HSD17B11",1,2.66551e-25,TRUE
"NUDT9",1,1.93834e-07,TRUE
"SPARCL1",1,4.96655e-10,TRUE
"RP11-10L7.1",1,1.39805e-23,TRUE
"HERC3",1,3.21574e-07,TRUE
"INVS",2,5.17724e-11,TRUE
"SPP1",2,6.87926e-07,TRUE
"ABCG2",2,1.53565e-24,TRUE
"NAP1L5",1,4.63503e-09,TRUE
"MMRN1",1,1.52968e-06,TRUE
"TSPAN5",1,7.55291e-09,TRUE
"RP11-571L19.8",1,1.72077e-07,TRUE
"ADH5",1,6.97346e-15,TRUE
"ADH6",1,3.61091e-10,TRUE
"ADH1A",1,7.39439e-11,TRUE
"AP001816.1",1,3.13502e-07,TRUE
"MANBA",1,3.55444e-10,TRUE
"BDH2",1,4.74017e-23,TRUE
"GSTCD",1,2.10208e-07,TRUE
"NPNT",1,3.56101e-11,TRUE
"TBCK",1,4.31688e-11,TRUE
"CCDC109B",1,1.81053e-06,TRUE
"C4orf32",1,2.51775e-07,TRUE
"TIFA",1,5.72848e-07,TRUE
"ANK2",1,8.35323e-08,TRUE
"UGT8",1,4.10495e-06,TRUE
"NDST3",1,5.25144e-07,TRUE
"SNHG8",1,1.77634e-31,TRUE
"PRSS12",1,3.14538e-07,TRUE
"RP11-384K6.6",1,3.15029e-14,TRUE
"METTL14",1,4.60078e-06,TRUE
"SEC24D",1,2.62411e-07,TRUE
"PRDM5",1,1.25063e-08,TRUE
"ANXA5",1,2.99549e-24,TRUE
"RP11-420A23.1",1,6.26378e-09,TRUE
"RP11-130C6.1",1,2.31487e-07,TRUE
"C4orf33",1,9.96134e-34,TRUE
"PSMD13",1,2.01066e-12,TRUE
"SIRT3",1,1.66036e-06,TRUE
"ATHL1",1,4.88252e-27,TRUE
"IFITM2",1,7.6742e-08,TRUE
"IFITM3",1,5.48406e-08,TRUE
"ANO9",1,7.70573e-08,TRUE
"HRAS",1,3.93028e-07,TRUE
"PDDC1",1,1.43612e-08,TRUE
"AP006621.5",1,7.43768e-07,TRUE
"EFCAB4A",1,1.5509e-09,TRUE
"CD151",1,5.67762e-43,TRUE
"CHID1",1,5.48956e-13,TRUE
"RP13-870H17.3",1,1.95209e-07,TRUE
"TOLLIP",1,5.5709e-07,TRUE
"KRTAP5-2",1,4.88455e-11,TRUE
"CD81",1,2.30299e-12,TRUE
"NAP1L4",1,6.80973e-07,TRUE
"RP11-184M15.2",2,1.00827e-18,TRUE
"TMEM80",2,4.11521e-36,TRUE
"TSPAN4",2,9.58933e-09,TRUE
"TH",2,2.43116e-10,TRUE
"CARS",1,1.0724e-06,TRUE
"MRGPRE",1,1.51977e-09,TRUE
"STIM1",1,1.88231e-06,TRUE
"RRM1",1,5.031e-19,TRUE
"TRIM6",1,7.76985e-10,TRUE
"CNGA4",1,2.21626e-10,TRUE
"PRKCDBP",1,1.86444e-09,TRUE
"SMPD1",1,4.64155e-09,TRUE
"TIMM10B",1,1.87668e-06,TRUE
"RRP8",1,3.59331e-09,TRUE
"TPP1",1,8.57701e-18,TRUE
"PPFIBP2",1,2.42538e-10,TRUE
"CYB5R2",1,1.04519e-09,TRUE
"EIF3F",1,5.62277e-12,TRUE
"TRIM66",1,8.61388e-38,TRUE
"RPL27A",1,1.10149e-06,TRUE
"TMEM9B",1,7.62404e-08,TRUE
"SCUBE2",1,1.2326e-22,TRUE
"AMPD3",1,8.29938e-10,TRUE
"RRAS2",1,8.53037e-11,TRUE
"PSMA1",1,4.44526e-07,TRUE
"CALCA",1,4.06494e-06,TRUE
"PLEKHA7",1,2.38541e-07,TRUE
"KCNJ11",1,3.44542e-06,TRUE
"USH1C",1,1.24276e-10,TRUE
"SERGEF",1,4.80688e-07,TRUE
"SAAL1",1,7.26671e-26,TRUE
"SAA1",1,4.82006e-08,TRUE
"GTF2H1",1,3.36658e-10,TRUE
"SPTY2D1",1,1.65889e-16,TRUE
"TMEM86A",1,4.21901e-14,TRUE
"IGSF22",1,1.60421e-26,TRUE
"ZDHHC13",1,4.58853e-07,TRUE
"ANO5",1,2.00675e-08,TRUE
"SLC17A6",1,4.04067e-07,TRUE
"GAS2",1,2.26435e-26,TRUE
"FANCF",1,1.64106e-18,TRUE
"SVIP",1,1.37976e-18,TRUE
"LUZP2",1,4.41202e-08,TRUE
"ANO3",1,1.61935e-20,TRUE
"LIN7C",1,4.47806e-07,TRUE
"ARL14EP",1,4.85305e-17,TRUE
"RCN1",1,9.24763e-23,TRUE
"PRRG4",1,2.95834e-06,TRUE
"TCP11L1",1,2.10173e-14,TRUE
"CSTF3",1,2.00193e-11,TRUE
"C11orf91",1,2.22581e-19,TRUE
"PKIA",1,4.48508e-08,TRUE
"ZNF215",2,3.2858e-22,TRUE
"CD59",2,1.79681e-07,TRUE
"STMN2",1,1.41985e-12,TRUE
"RP11-27N21.3",1,2.09513e-11,TRUE
"IMPA1",1,9.24112e-12,TRUE
"CHMP4C",1,8.54027e-39,TRUE
"ZFAND1",1,5.12006e-08,TRUE
"SNX16",1,1.51677e-50,TRUE
"LRRCC1",1,6.50061e-08,TRUE
"CA3",1,7.12096e-07,TRUE
"RMDN1",1,1.46854e-14,TRUE
"MMP16",1,4.45287e-19,TRUE
"RP11-37B2.1",1,6.67401e-11,TRUE
"RIPK2",1,1.46803e-13,TRUE
"OSGIN2",1,4.69104e-14,TRUE
"TMEM64",1,1.0304e-14,TRUE
"LRRC69",1,2.57889e-24,TRUE
"RAD54B",1,9.98724e-07,TRUE
"NDUFAF6",1,8.68717e-09,TRUE
"C8orf37",1,5.75012e-16,TRUE
"TSPYL5",1,1.57525e-18,TRUE
"HRSP12",1,1.84835e-12,TRUE
"COX6C",1,2.01478e-23,TRUE
"POLR2K",1,4.97403e-08,TRUE
"SPAG1",1,5.78123e-15,TRUE
"ANKRD46",1,1.5006e-06,TRUE
"YWHAZ",1,2.90706e-08,TRUE
"RP11-302J23.1",1,8.63211e-10,TRUE
"KB-1507C5.2",1,7.55389e-11,TRUE
"BAALC",1,9.14953e-09,TRUE
"FZD6",1,1.29256e-17,TRUE
"DCAF13",1,4.55645e-15,TRUE
"RP11-1C8.7",1,1.32276e-06,TRUE
"DCSTAMP",1,5.02902e-15,TRUE
"LRP12",1,9.79057e-07,TRUE
"CSNK1G1",1,1.23964e-06,TRUE
"TRIP4",1,1.47428e-14,TRUE
"SPG21",1,1.4892e-17,TRUE
"CILP",1,2.06394e-07,TRUE
"MEGF11",1,8.08602e-11,TRUE
"DIS3L",1,2.06444e-19,TRUE
"TIPIN",1,5.60987e-36,TRUE
"SMAD3",1,3.24314e-08,TRUE
"IQCH",1,1.95469e-06,TRUE
"IQCH-AS1",1,4.31159e-10,TRUE
"RP11-502I4.3",1,3.9358e-22,TRUE
"SKOR1",1,2.54155e-06,TRUE
"CORO2B",1,4.38337e-13,TRUE
"LARP6",1,5.72621e-07,TRUE
"HEXA",1,7.13239e-09,TRUE
"RP11-267M23.4",2,1.27491e-07,TRUE
"CPQ",2,2.67632e-08,TRUE
"CD276",1,1.7085e-08,TRUE
"CSK",1,1.69971e-07,TRUE
"ULK3",1,6.46727e-09,TRUE
"SCAMP5",1,4.87466e-18,TRUE
"RPP25",1,1.17243e-06,TRUE
"PPCDC",1,2.21021e-06,TRUE
"RP11-817O13.8",1,2.75417e-08,TRUE
"SNUPN",1,8.02759e-09,TRUE
"SCAPER",1,4.76589e-14,TRUE
"PSTPIP1",1,6.71379e-13,TRUE
"PEAK1",1,4.93126e-08,TRUE
"HMG20A",1,2.46281e-17,TRUE
"TBC1D2B",1,1.07127e-09,TRUE
"SH2D7",1,7.56666e-18,TRUE
"CIB2",1,8.13028e-39,TRUE
"CTSH",1,4.65812e-24,TRUE
"KIAA1024",1,1.92843e-22,TRUE
"CTC-273B12.8",1,2.93125e-12,TRUE
"FUT2",1,5.88037e-49,TRUE
"RASIP1",1,1.40842e-07,TRUE
"IZUMO1",1,8.41328e-15,TRUE
"FUT1",1,1.20701e-08,TRUE
"HRC",1,3.03451e-08,TRUE
"ALDH16A1",1,3.89567e-15,TRUE
"CTD-3148I10.9",1,4.25071e-07,TRUE
"RPL13A",1,2.32925e-07,TRUE
"PNKP",1,5.67386e-08,TRUE
"NR1H2",1,5.96337e-07,TRUE
"ASPDH",1,3.79099e-10,TRUE
"SYT3",1,7.67514e-11,TRUE
"C19orf48",1,5.99881e-08,TRUE
"KLK10",1,3.01623e-09,TRUE
"KLK11",1,7.94755e-08,TRUE
"AC018755.1",1,7.15272e-07,TRUE
"FPR1",1,2.60873e-07,TRUE
"ZNF577",1,2.19264e-11,TRUE
"ZNF649",1,1.42835e-07,TRUE
"ZNF432",1,4.09313e-07,TRUE
"ZNF836",1,1.37825e-06,TRUE
"ZNF610",1,1.47298e-07,TRUE
"ZNF880",1,4.21819e-64,TRUE
"ZNF528",1,9.6042e-32,TRUE
"ZNF534",1,1.74826e-21,TRUE
"ZNF578",1,1.95327e-09,TRUE
"ZNF83",1,6.44043e-14,TRUE
"MPI",2,2.16378e-08,TRUE
"CHRNB4",2,7.06001e-23,TRUE
"PPFIA3",2,5.90077e-09,TRUE
"CPT1C",2,1.13546e-17,TRUE
"ZNF175",2,2.71402e-24,TRUE
"ZNF600",1,7.46581e-13,TRUE
"ZNF28",1,6.77245e-09,TRUE
"ZNF468",1,1.69365e-18,TRUE
"ZNF320",1,3.47697e-19,TRUE
"CTD-2245F17.3",1,4.33174e-18,TRUE
"ZNF677",1,3.43579e-25,TRUE
"ZNF525",1,2.58146e-14,TRUE
"CTD-3105H18.14",1,4.58993e-08,TRUE
"CTD-3105H18.18",1,4.18904e-32,TRUE
"ZNF709",2,2.27041e-13,TRUE
"GCDH",1,3.16942e-10,TRUE
"MRI1",1,6.68536e-54,TRUE
"PALM3",1,1.74522e-35,TRUE
"CD97",1,9.93459e-13,TRUE
"ZNF333",1,5.88989e-23,TRUE
"AKAP8",1,2.27871e-06,TRUE
"AC004510.3",1,1.29955e-49,TRUE
"CYP4F11",1,2.58233e-44,TRUE
"RAB8A",1,2.43634e-07,TRUE
"NWD1",1,6.03944e-07,TRUE
"HAUS8",1,1.55883e-11,TRUE
"OCEL1",1,1.63687e-25,TRUE
"BABAM1",1,1.22153e-07,TRUE
"CTD-2278I10.6",1,1.71036e-07,TRUE
"MRPL34",1,9.94017e-15,TRUE
"GTPBP3",1,1.10828e-09,TRUE
"MVB12A",1,1.65113e-08,TRUE
"PGLS",1,6.00798e-11,TRUE
"B3GNT3",1,8.89585e-23,TRUE
"JAK3",1,8.40105e-10,TRUE
"MAST3",1,2.30269e-10,TRUE
"KIAA1683",1,2.18808e-07,TRUE
"PGPEP1",1,1.94453e-07,TRUE
"GLS",1,2.23722e-07,TRUE
"AC092614.2",1,9.38946e-12,TRUE
"DNAH7",1,1.86307e-13,TRUE
"ANKRD44",1,2.69187e-06,TRUE
"PLCL1",1,6.6289e-31,TRUE
"FTCDNL1",1,1.27424e-31,TRUE
"BZW1",1,4.16098e-09,TRUE
"PPIL3",1,2.69584e-88,TRUE
"NIF3L1",1,1.46731e-06,TRUE
"CASP8",1,3.98729e-18,TRUE
"ALS2",1,1.10218e-06,TRUE
"NANOS3",2,1.45794e-07,TRUE
"CYP4F12",2,1.50788e-09,TRUE
"EPS15L1",2,5.37738e-09,TRUE
"SLC39A10",2,6.67354e-10,TRUE
"ALS2CR12",2,4.00899e-09,TRUE
"FAM117B",1,2.51337e-07,TRUE
"NDUFS1",1,2.67044e-07,TRUE
"ADAM23",1,6.43739e-07,TRUE
"MDH1B",1,1.03236e-07,TRUE
"METTL21A",1,2.76412e-15,TRUE
"MAP2",1,1.91183e-06,TRUE
"CPS1",1,3.22059e-08,TRUE
"ERBB4",1,1.3213e-09,TRUE
"BARD1",1,2.49094e-14,TRUE
"ATIC",1,1.09792e-14,TRUE
"MREG",1,3.04226e-13,TRUE
"DIRC3",1,8.97472e-07,TRUE
"PNKD",1,2.78952e-06,TRUE
"TMBIM1",1,2.63604e-07,TRUE
"TTLL4",1,1.31233e-08,TRUE
"FAM134A",1,3.68878e-09,TRUE
"RP11-493E12.1",1,6.67345e-07,TRUE
"TMEM17",1,2.19216e-12,TRUE
"EHBP1",1,3.31976e-07,TRUE
"MDH1",1,7.43112e-08,TRUE
"LGALSL",1,1.4276e-09,TRUE
"CEP68",1,7.77165e-27,TRUE
"ACTR2",1,1.96697e-08,TRUE
"AC074391.1",1,3.19249e-09,TRUE
"MEIS1",1,3.1124e-07,TRUE
"C1D",1,1.02809e-07,TRUE
"PNO1",1,3.23027e-07,TRUE
"GMCL1",1,4.09708e-09,TRUE
"C2orf42",1,8.4005e-07,TRUE
"ADD2",1,2.76142e-08,TRUE
"VAX2",1,1.45015e-12,TRUE
"TEX261",1,7.10732e-07,TRUE
"FBXO41",1,2.93854e-06,TRUE
"ALMS1",1,3.4216e-09,TRUE
"TPRKB",1,7.19254e-09,TRUE
"POLE4",1,3.28606e-08,TRUE
"MRPL19",1,2.29857e-06,TRUE
"GCFC2",1,1.19778e-08,TRUE
"RP11-342K6.4",1,2.29641e-07,TRUE
"LRRTM4",1,5.71154e-08,TRUE
"REG3G",1,3.40389e-10,TRUE
"REG1B",1,3.15455e-18,TRUE
"DNAH6",1,5.9793e-09,TRUE
"TRABD2A",1,6.75903e-07,TRUE
"TGOLN2",1,1.22899e-21,TRUE
"PIKFYVE",2,2.9179e-09,TRUE
"PTH2R",2,4.20673e-06,TRUE
"SMARCAL1",2,2.47744e-13,TRUE
"SNRNP27",2,4.87056e-12,TRUE
"ATP6V1B1",2,4.27325e-10,TRUE
"RETSAT",1,1.06739e-08,TRUE
"CAPG",1,8.68194e-14,TRUE
"VAMP8",1,5.94188e-11,TRUE
"VAMP5",1,5.19549e-08,TRUE
"POLR1A",1,2.68988e-13,TRUE
"RAB15",1,3.69799e-06,TRUE
"MPP5",1,2.97222e-06,TRUE
"PLEKHH1",1,2.09328e-06,TRUE
"TMEM229B",1,2.80289e-17,TRUE
"GALNT16",1,2.93942e-07,TRUE
"PLEKHD1",1,1.27293e-09,TRUE
"COX16",1,3.72231e-15,TRUE
"PCNX",1,5.93078e-07,TRUE
"DCAF4",1,1.82077e-12,TRUE
"ACOT1",1,7.77062e-23,TRUE
"HEATR4",1,1.15789e-13,TRUE
"ACOT2",1,3.12238e-07,TRUE
"ACOT4",1,1.4481e-44,TRUE
"PTGR2",1,1.32637e-22,TRUE
"SYNDIG1L",1,5.7947e-52,TRUE
"NPC2",1,5.65597e-08,TRUE
"EIF2B2",1,9.2334e-09,TRUE
"MLH3",1,8.11694e-17,TRUE
"ANGEL1",1,1.80455e-09,TRUE
"KIAA1737",1,1.33098e-06,TRUE
"GSTZ1",1,1.08884e-17,TRUE
"SAMD15",1,2.31634e-06,TRUE
"TSHR",1,3.61677e-15,TRUE
"GALC",1,3.43379e-14,TRUE
"RP11-300J18.3",1,3.63484e-09,TRUE
"KCNK10",1,1.59543e-32,TRUE
"SPATA7",1,5.73965e-11,TRUE
"EML5",1,3.24471e-15,TRUE
"TTC8",1,2.86705e-06,TRUE
"TDP1",1,3.2158e-11,TRUE
"SLC16A2",1,3.25209e-06,TRUE
"UPRT",1,1.18142e-16,TRUE
"MAGEE2",1,2.40323e-10,TRUE
"TAF9B",1,9.10295e-06,TRUE
"ITM2A",1,1.92381e-25,TRUE
"RPS6KA6",1,1.18201e-05,TRUE
"APOOL",1,1.35185e-08,TRUE
"SATL1",1,4.42137e-09,TRUE
"POF1B",1,5.79425e-35,TRUE
"SRPX2",1,1.98652e-09,TRUE
"SYTL4",1,2.92536e-08,TRUE
"XKRX",1,3.23184e-09,TRUE
"ADAM21",2,9.90272e-08,TRUE
"LIN52",2,1.22068e-11,TRUE
"RP13-216E22.4",2,1.08615e-08,TRUE
"TRMT2B",1,2.16321e-25,TRUE
"GLA",1,1.56633e-10,TRUE
"ARMCX6",1,1.49306e-05,TRUE
"TCEAL2",1,2.09709e-48,TRUE
"TCEAL6",1,3.29729e-08,TRUE
"BEX5",1,7.2086e-09,TRUE
"SLC6A14",1,7.3357e-15,TRUE
"RP4-562J12.2",1,4.19822e-06,TRUE
"SLC25A43",1,1.12135e-13,TRUE
"ATPAF2",1,1.02159e-08,TRUE
"DRG2",1,6.99793e-07,TRUE
"ALKBH5",1,2.49235e-06,TRUE
"MIEF2",1,7.66351e-08,TRUE
"TOP3A",1,4.52888e-11,TRUE
"SHMT1",1,1.68187e-14,TRUE
"FAM106A",1,2.97484e-30,TRUE
"TRIM16L",1,3.45249e-13,TRUE
"FBXW10",1,4.71062e-07,TRUE
"TVP23B",1,6.56157e-27,TRUE
"MFAP4",1,5.5224e-07,TRUE
"SLC47A1",1,4.45089e-10,TRUE
"ULK2",1,3.40498e-06,TRUE
"WSB1",1,9.90715e-07,TRUE
"RP11-173M1.8",1,4.24769e-14,TRUE
"LGALS9",1,1.04997e-10,TRUE
"NOS2",1,4.9293e-07,TRUE
"LYRM9",1,6.70011e-08,TRUE
"VTN",1,4.34327e-07,TRUE
"PIPOX",1,2.32072e-08,TRUE
"TP53I13",1,5.62085e-07,TRUE
"NSRP1",1,5.05558e-06,TRUE
"GOSR1",1,2.31482e-07,TRUE
"CTD-2349P21.5",1,1.12056e-06,TRUE
"CTD-2349P21.9",1,9.87156e-09,TRUE
"KCNH6",1,4.52924e-08,TRUE
"DDX42",1,1.134e-12,TRUE
"PSMC5",1,1.02036e-10,TRUE
"FTSJ3",1,2.3817e-63,TRUE
"SMARCD2",1,7.3512e-06,TRUE
"LRRC37A3",1,4.34521e-06,TRUE
"PRKCA",1,7.55003e-07,TRUE
"CACNG5",1,1.29947e-06,TRUE
"KPNA2",1,6.22599e-07,TRUE
"ARSG",1,1.11027e-09,TRUE
"WIPI1",1,2.25217e-11,TRUE
"FAM20A",1,1.6151e-07,TRUE
"RP11-84E24.3",1,4.09734e-08,TRUE
"CTD-3010D24.3",1,3.10669e-19,TRUE
"DRP2",2,3.32463e-11,TRUE
"RAB40A",2,2.69681e-17,TRUE
"SLC39A11",1,2.32464e-07,TRUE
"FDXR",1,2.55532e-08,TRUE
"SUMO2",1,2.51467e-06,TRUE
"NUP85",1,2.26907e-09,TRUE
"MRPS7",1,8.12782e-12,TRUE
"MYO15B",1,5.76326e-08,TRUE
"SMIM6",1,4.25082e-07,TRUE
"TRIM47",1,1.54561e-08,TRUE
"TRIM65",1,1.22091e-06,TRUE
"FBF1",1,6.29922e-07,TRUE
"IQSEC3",1,2.11258e-09,TRUE
"CCDC77",1,1.30717e-20,TRUE
"NINJ2",1,5.36932e-11,TRUE
"TEAD4",1,1.02812e-06,TRUE
"TSPAN9",1,1.73074e-08,TRUE
"EFCAB4B",1,5.75326e-21,TRUE
"RP11-320N7.2",1,1.09622e-10,TRUE
"AKAP3",1,4.07683e-16,TRUE
"NDUFA9",1,1.12997e-07,TRUE
"GALNT8",1,3.95738e-37,TRUE
"KCNA6",1,1.7682e-38,TRUE
"KCNA1",1,1.4783e-08,TRUE
"LTBR",1,1.59442e-33,TRUE
"TAPBPL",1,6.77512e-54,TRUE
"VAMP1",1,8.72084e-26,TRUE
"GAPDH",1,3.34475e-10,TRUE
"PIANP",1,1.19303e-07,TRUE
"MLF2",1,2.0932e-10,TRUE
"GNB3",1,4.43323e-07,TRUE
"SLC2A14",1,2.35444e-11,TRUE
"MFAP5",1,4.65992e-15,TRUE
"PHC1",1,1.72392e-07,TRUE
"CLEC1A",1,9.01946e-10,TRUE
"OLR1",1,1.9183e-06,TRUE
"KLRK1",1,1.65257e-15,TRUE
"MAGOHB",1,2.2329e-07,TRUE
"TAS2R20",1,3.85651e-07,TRUE
"TAS2R14",1,3.19684e-33,TRUE
"PRR4",1,3.7731e-39,TRUE
"RP11-434C1.1",1,1.13335e-51,TRUE
"CDKN1B",1,1.25023e-06,TRUE
"CASKIN2",2,3.27001e-08,TRUE
"SMIM5",2,1.88232e-09,TRUE
"LINC00942",2,1.01939e-12,TRUE
"SPSB2",2,7.68165e-39,TRUE
"PEX5",2,1.37964e-09,TRUE
"C3AR1",2,1.69635e-07,TRUE
"KLRG1",2,1.09985e-10,TRUE
"KLRC4-KLRK1",2,5.07436e-14,TRUE
"KCTD2",3,3.96916e-08,TRUE
"GPRC5A",1,2.79382e-09,TRUE
"C12orf36",1,4.31814e-18,TRUE
"PLBD1",1,9.73368e-08,TRUE
"GUCY2C",1,2.51232e-10,TRUE
"RERGL",1,5.41145e-07,TRUE
"PYROXD1",1,6.99426e-33,TRUE
"KCNJ8",1,2.51273e-06,TRUE
"ABCC9",1,4.03472e-14,TRUE
"C2CD5",1,2.80028e-12,TRUE
"BCAT1",1,1.34069e-09,TRUE
"CASC1",1,4.45069e-15,TRUE
"TM7SF3",1,1.69867e-08,TRUE
"REP15",1,2.55374e-42,TRUE
"KLHL42",1,3.52506e-13,TRUE
"CCDC91",1,1.54321e-06,TRUE
"CAPRIN2",1,1.70973e-09,TRUE
"LINC00941",1,1.85408e-15,TRUE
"DDX11",1,7.90405e-164,TRUE
"CDC25A",1,1.95304e-23,TRUE
"ZNF589",1,6.70499e-07,TRUE
"NME6",1,5.91716e-10,TRUE
"TMA7",1,7.45369e-07,TRUE
"ATRIP",1,9.73781e-06,TRUE
"TREX1",1,6.04024e-12,TRUE
"SLC26A6",1,2.14864e-10,TRUE
"NCKIPSD",1,1.50275e-11,TRUE
"P4HTM",1,1.13747e-07,TRUE
"WDR6",1,1.30012e-06,TRUE
"AMT",1,4.39246e-06,TRUE
"NICN1",1,4.57678e-08,TRUE
"BSN-AS2",1,9.68308e-09,TRUE
"RNF123",1,1.91733e-08,TRUE
"AMIGO3",1,1.54307e-08,TRUE
"GMPPB",1,1.75754e-08,TRUE
"UBA7",1,7.7293e-15,TRUE
"RBM6",1,4.83307e-12,TRUE
"HYAL3",1,1.03324e-15,TRUE
"CYB561D2",1,2.85032e-09,TRUE
"DOCK3",1,3.66953e-06,TRUE
"ABHD14A",1,7.48931e-06,TRUE
"RPL29",1,4.70435e-07,TRUE
"ALAS1",1,5.96839e-07,TRUE
"GLYCTK",1,1.2934e-06,TRUE
"GNL3",1,2.4815e-09,TRUE
"NEK4",1,1.12259e-10,TRUE
"ITIH4",1,1.67403e-11,TRUE
"C12orf39",2,1.56139e-12,TRUE
"LYRM5",1,2.22164e-06,TRUE
"CCDC36",2,1.25743e-06,TRUE
"PPM1M",2,3.38295e-28,TRUE
"RP5-966M1.6",1,4.61728e-12,TRUE
"RFT1",1,1.76153e-09,TRUE
"ARHGEF26",1,7.28652e-26,TRUE
"PLCH1",1,3.39317e-09,TRUE
"LINC00886",1,1.82514e-13,TRUE
"C3orf55",1,7.23689e-19,TRUE
"RSRC1",1,1.28024e-08,TRUE
"GFM1",1,4.40503e-06,TRUE
"LXN",1,9.37768e-07,TRUE
"RARRES1",1,7.13892e-08,TRUE
"IL12A",1,4.49307e-06,TRUE
"B3GALNT1",1,8.79668e-07,TRUE
"SERPINI1",1,3.27855e-11,TRUE
"GPR160",1,1.29338e-09,TRUE
"SLC7A14",1,7.06723e-07,TRUE
"NCEH1",1,1.90435e-15,TRUE
"TBL1XR1",1,2.36966e-06,TRUE
"KCNMB2",1,2.24752e-09,TRUE
"KCNMB3",1,8.94369e-19,TRUE
"MFN1",1,1.16267e-15,TRUE
"RP11-145M9.4",1,3.27156e-06,TRUE
"PEX5L",1,9.36491e-47,TRUE
"MAP6D1",1,2.57231e-56,TRUE
"ECE2",1,1.85519e-16,TRUE
"CAMK2N2",1,6.75043e-08,TRUE
"RP11-329B9.4",1,2.49461e-07,TRUE
"C3orf70",1,6.67862e-11,TRUE
"IGF2BP2",1,1.24624e-11,TRUE
"ST6GAL1",1,2.17407e-23,TRUE
"RPL39L",1,7.46259e-07,TRUE
"RTP4",1,2.2845e-06,TRUE
"LEPREL1",1,2.60673e-09,TRUE
"CLDN16",1,3.57323e-12,TRUE
"CCDC50",1,9.56638e-10,TRUE
"LRRC15",1,8.2124e-08,TRUE
"LSG1",1,1.1571e-06,TRUE
"XXYLT1",1,2.33231e-13,TRUE
"AC069513.4",1,1.47478e-22,TRUE
"LINC00969",1,2.93328e-21,TRUE
"RP11-447L10.1",1,1.16561e-08,TRUE
"TCTEX1D2",1,2.50341e-08,TRUE
"TM4SF19",1,1.02247e-06,TRUE
"PIGX",1,6.11477e-10,TRUE
"PIGZ",1,6.35653e-21,TRUE
"LEKR1",2,3.92166e-26,TRUE
"PPM1L",2,2.33954e-10,TRUE
"RP11-408H1.3",2,5.17503e-19,TRUE
"MCCC1",2,8.08711e-08,TRUE
"GP5",2,1.15277e-06,TRUE
"MUC20",2,6.91465e-12,TRUE
"CWC15",1,2.67953e-11,TRUE
"CEP57",1,3.6778e-09,TRUE
"CCDC82",1,2.61616e-10,TRUE
"CNTN5",1,5.374e-13,TRUE
"ARHGAP42",1,1.50446e-25,TRUE
"TMEM133",1,3.55951e-20,TRUE
"MMP7",1,2.31352e-18,TRUE
"MMP1",1,6.58381e-09,TRUE
"CASP1",1,2.48423e-09,TRUE
"GRIA4",1,1.26036e-09,TRUE
"RP11-819C21.1",1,1.16578e-11,TRUE
"CWF19L2",1,6.70349e-07,TRUE
"SLC35F2",1,1.52217e-11,TRUE
"ATM",1,3.20908e-06,TRUE
"KDELC2",1,3.81531e-27,TRUE
"LAYN",1,1.96365e-15,TRUE
"PPP2R1B",1,1.21025e-06,TRUE
"C11orf1",1,1.24306e-06,TRUE
"SDHD",1,3.02161e-06,TRUE
"IL18",1,6.89694e-25,TRUE
"AP002884.3",1,4.36804e-16,TRUE
"BCO2",1,8.8286e-21,TRUE
"TTC12",1,1.95549e-44,TRUE
"FXYD2",1,5.83617e-07,TRUE
"FXYD6-FXYD2",1,4.42025e-10,TRUE
"FXYD6",1,8.58741e-19,TRUE
"SCN4B",1,4.03226e-07,TRUE
"MPZL2",1,8.55716e-10,TRUE
"IFT46",1,1.44409e-16,TRUE
"TRAPPC4",1,1.618e-37,TRUE
"RP11-110I1.14",1,2.87943e-15,TRUE
"VPS11",1,1.00081e-13,TRUE
"HMBS",1,7.25532e-17,TRUE
"CCDC153",1,1.13883e-06,TRUE
"CBL",1,2.65432e-08,TRUE
"THY1",1,9.36459e-07,TRUE
"ARHGEF12",1,2.2883e-06,TRUE
"CCDC15",1,8.07708e-12,TRUE
"DDX25",1,1.77436e-14,TRUE
"FOXRED1",1,4.2827e-37,TRUE
"DCPS",1,4.60504e-12,TRUE
"ST3GAL4",1,1.98769e-23,TRUE
"KIRREL3",1,3.28666e-09,TRUE
"NFRKB",1,8.24014e-09,TRUE
"RP11-890B15.3",1,1.27545e-24,TRUE
"SNX19",1,1.80983e-22,TRUE
"RP11-713P17.5",1,1.16955e-33,TRUE
"ACAT1",2,3.02878e-07,TRUE
"FDX1",2,3.20526e-11,TRUE
"MPZL3",2,2.56959e-35,TRUE
"RP11-713P17.3",1,1.37803e-08,TRUE
"ACAD8",1,1.51014e-06,TRUE
"GLB1L3",1,1.68021e-23,TRUE
"GLB1L2",1,3.23851e-16,TRUE
"B3GAT1",1,2.67126e-20,TRUE
"ABTB2",1,2.10772e-08,TRUE
"CAT",1,1.50577e-30,TRUE
"PDHX",1,1.37785e-07,TRUE
"APIP",1,4.28038e-32,TRUE
"SLC1A2",1,2.26118e-07,TRUE
"FJX1",1,2.63723e-06,TRUE
"LINC00610",1,3.90481e-16,TRUE
"COMMD9",1,2.17893e-09,TRUE
"HSD17B12",1,1.08636e-55,TRUE
"ACCS",1,3.61178e-33,TRUE
"TP53I11",1,1.57265e-07,TRUE
"RP11-430H10.1",1,5.63423e-30,TRUE
"GYLTL1B",1,1.29427e-11,TRUE
"MDK",1,5.79313e-07,TRUE
"ARHGAP1",1,5.33212e-07,TRUE
"F2",1,1.24532e-15,TRUE
"LRP4",1,3.66185e-10,TRUE
"PACSIN3",1,7.49756e-08,TRUE
"NR1H3",1,3.3798e-07,TRUE
"MADD",1,1.33736e-20,TRUE
"FOLH1",1,4.3443e-06,TRUE
"LRRC55",1,1.9257e-16,TRUE
"TIMM10",1,3.17051e-18,TRUE
"MED19",1,2.90052e-13,TRUE
"LPXN",1,2.15754e-08,TRUE
"DTX4",1,3.39821e-10,TRUE
"GIF",1,6.02387e-06,TRUE
"MS4A7",1,7.85534e-13,TRUE
"MS4A14",1,3.24705e-21,TRUE
"ZP1",1,6.26166e-09,TRUE
"CD6",1,2.01558e-07,TRUE
"CD5",1,3.49132e-12,TRUE
"RP11-855O10.2",1,1.92482e-07,TRUE
"DAGLA",1,8.4923e-08,TRUE
"FADS2",1,6.65696e-11,TRUE
"ASRGL1",1,8.54714e-11,TRUE
"EEF1G",1,9.10593e-21,TRUE
"MIR3654",1,7.20708e-21,TRUE
"EML3",1,2.44055e-10,TRUE
"BSCL2",1,7.06814e-07,TRUE
"TMEM179B",1,3.14521e-06,TRUE
"JAM3",2,2.91818e-08,TRUE
"RP11-469N6.1",2,1.3191e-25,TRUE
"FADS1",2,5.07503e-08,TRUE
"ACP2",3,9.26084e-17,TRUE
"PLA2G16",1,5.61982e-35,TRUE
"ATL3",1,1.24652e-09,TRUE
"TRPT1",1,2.9232e-06,TRUE
"TRMT112",1,7.32263e-13,TRUE
"AP003068.23",1,5.64768e-89,TRUE
"POLA2",1,3.16134e-09,TRUE
"LTBP3",1,8.65212e-15,TRUE
"RWDD1",1,2.25837e-06,TRUE
"RSPH4A",1,3.74582e-12,TRUE
"ZUFSP",1,3.60252e-12,TRUE
"FAM162B",1,2.38666e-11,TRUE
"DCBLD1",1,5.36649e-13,TRUE
"NUS1",1,6.54628e-21,TRUE
"CEP85L",1,1.61308e-14,TRUE
"SERINC1",1,9.91799e-10,TRUE
"SMPDL3A",1,2.06191e-08,TRUE
"CLVS2",1,7.63662e-07,TRUE
"TPD52L1",1,3.66448e-08,TRUE
"HDDC2",1,4.5564e-23,TRUE
"TRMT11",1,2.14568e-08,TRUE
"C6orf58",1,8.40637e-17,TRUE
"SAMD3",1,7.28153e-07,TRUE
"ENPP1",1,7.0203e-11,TRUE
"STX7",1,9.49461e-09,TRUE
"VNN3",1,3.33509e-08,TRUE
"VNN2",1,2.58786e-11,TRUE
"SLC18B1",1,4.91393e-07,TRUE
"RPS12",1,2.68601e-07,TRUE
"EYA4",1,1.28166e-09,TRUE
"HBS1L",1,1.56099e-07,TRUE
"LINC00271",1,2.43477e-13,TRUE
"OLIG3",1,7.97332e-13,TRUE
"HEBP2",1,1.45419e-08,TRUE
"ECT2L",1,2.23255e-06,TRUE
"ABRACL",1,1.03976e-09,TRUE
"VTA1",1,5.24084e-08,TRUE
"PEX3",1,4.38119e-09,TRUE
"PHACTR2",1,1.98515e-06,TRUE
"RP3-466P17.1",1,5.25869e-13,TRUE
"RP3-466P17.2",1,2.14818e-06,TRUE
"STXBP5",1,2.24531e-07,TRUE
"SAMD5",1,1.20505e-07,TRUE
"GINM1",1,5.28929e-08,TRUE
"NUP43",1,9.63412e-17,TRUE
"PPP1R14B",2,4.36958e-07,TRUE
"NAALADL1",2,2.39816e-14,TRUE
"HSF2",2,2.58242e-07,TRUE
"SMLR1",2,3.06858e-54,TRUE
"ALDH8A1",2,3.13902e-12,TRUE
"PEX7",2,1.3928e-09,TRUE
"LRP11",1,1.06891e-08,TRUE
"ULBP2",1,1.15396e-10,TRUE
"ULBP1",1,2.28666e-07,TRUE
"IYD",1,7.58069e-07,TRUE
"CCDC170",1,1.77244e-26,TRUE
"SYNE1",1,1.18797e-06,TRUE
"MTRF1L",1,1.78355e-60,TRUE
"IPCEF1",1,2.11232e-06,TRUE
"TFB1M",1,1.79384e-37,TRUE
"TMEM242",1,1.60683e-16,TRUE
"SERAC1",1,4.09699e-11,TRUE
"GTF2H5",1,3.92973e-09,TRUE
"DYNLT1",1,1.06709e-09,TRUE
"RSPH3",1,2.89333e-09,TRUE
"RP3-393E18.2",1,4.079e-07,TRUE
"PNLDC1",1,1.54996e-09,TRUE
"SLC22A3",1,3.22463e-22,TRUE
"PACRG",1,3.13328e-12,TRUE
"C6orf118",1,1.07385e-06,TRUE
"PRR18",1,6.94653e-13,TRUE
"MPC1",1,1.76677e-10,TRUE
"RP11-514O12.4",1,2.74028e-07,TRUE
"RNASET2",1,1.46287e-08,TRUE
"TTLL2",1,8.51778e-13,TRUE
"DACT2",1,2.2596e-09,TRUE
"THBS2",1,1.8731e-06,TRUE
"WDR27",1,3.4803e-07,TRUE
"C6orf120",1,4.81211e-08,TRUE
"LINC00574",1,6.28089e-09,TRUE
"FAM120B",1,2.29267e-17,TRUE
"PSMB1",1,1.08433e-06,TRUE
"HCG27",1,2.29028e-11,TRUE
"HLA-C",1,8.89944e-106,TRUE
"HLA-B",1,6.5038e-11,TRUE
"XXbac-BPG181B23.7",1,5.552e-55,TRUE
"MICA",1,2.83863e-51,TRUE
"MICB",1,6.03636e-41,TRUE
"ATP6V1G2",1,1.6741e-13,TRUE
"LY6G5C",1,1.24195e-15,TRUE
"MSH5",1,3.87518e-19,TRUE
"MSH5-SAPCD1",1,4.54739e-20,TRUE
"SAPCD1",1,4.03264e-22,TRUE
"HSPA1A",1,1.53363e-07,TRUE
"EHMT2",1,6.25542e-07,TRUE
"SKIV2L",1,3.60014e-07,TRUE
"C4A",1,6.74409e-20,TRUE
"C4B",1,2.38835e-11,TRUE
"RAET1G",2,1.40889e-29,TRUE
"SLC22A2",2,3.78803e-11,TRUE
"VWA7",2,7.12383e-21,TRUE
"FKBPL",1,1.17352e-07,TRUE
"HLA-DRB5",1,2.55643e-86,TRUE
"HLA-DRB1",1,8.53243e-67,TRUE
"HLA-DQA1",1,7.52999e-100,TRUE
"HLA-DQB1",1,2.68654e-99,TRUE
"HLA-DOB",1,4.55847e-20,TRUE
"TAP2",3,3.23479e-20,TRUE
"PSMB9",1,2.09837e-14,TRUE
"HLA-DMB",1,2.44482e-13,TRUE
"HLA-DMA",1,6.87311e-35,TRUE
"HLA-DOA",1,3.08754e-09,TRUE
"HLA-DPB1",1,1.51934e-28,TRUE
"HLA-DPA1",1,8.36479e-21,TRUE
"HSD17B8",1,4.47232e-08,TRUE
"RPS18",1,2.11439e-10,TRUE
"BAK1",1,1.39911e-23,TRUE
"ITPR3",1,2.04508e-07,TRUE
"LEMD2",1,1.38973e-08,TRUE
"GRM4",1,7.97471e-12,TRUE
"RPS10-NUDT3",1,5.66107e-10,TRUE
"RPS10",1,1.43394e-09,TRUE
"UHRF1BP1",1,4.00074e-16,TRUE
"TAF11",1,3.1574e-09,TRUE
"RPL10A",1,2.04605e-06,TRUE
"TEAD3",1,4.39379e-09,TRUE
"CLPS",1,8.95111e-09,TRUE
"SRPK1",1,1.46733e-06,TRUE
"MAPK13",1,2.24529e-12,TRUE
"ETV7",1,4.50639e-14,TRUE
"C6orf89",1,2.33968e-15,TRUE
"PPIL1",1,2.32485e-24,TRUE
"CCDC167",1,1.01967e-08,TRUE
"MDGA1",1,1.52884e-23,TRUE
"GLO1",1,1.61962e-08,TRUE
"KCNK17",1,2.76083e-28,TRUE
"KIF6",1,3.9013e-30,TRUE
"UNC5CL",1,1.20188e-07,TRUE
"USP49",1,7.17143e-08,TRUE
"GUCA1B",1,1.73335e-09,TRUE
"MRPS10",1,2.91235e-24,TRUE
"PRPH2",1,2.31313e-78,TRUE
"PEX6",1,5.34119e-65,TRUE
"RRP36",1,4.65914e-07,TRUE
"MRPL14",1,1.24932e-08,TRUE
"ENPP4",1,5.92759e-12,TRUE
"ALG10B",1,5.8896e-08,TRUE
"RNF5",2,1.26442e-08,TRUE
"PACSIN1",2,2.66387e-07,TRUE
"SNRPC",2,3.20608e-07,TRUE
"LRRK2",1,1.27592e-13,TRUE
"PDZRN4",1,9.77293e-07,TRUE
"NELL2",1,1.05247e-06,TRUE
"RP11-96H19.1",1,3.39783e-24,TRUE
"RP11-446N19.1",1,1.29267e-13,TRUE
"RP1-197B17.3",1,1.58251e-14,TRUE
"ENDOU",1,2.8893e-07,TRUE
"RAPGEF3",1,4.91699e-21,TRUE
"HDAC7",1,1.61393e-08,TRUE
"VDR",1,4.8705e-08,TRUE
"KANSL2",1,2.40068e-06,TRUE
"CACNB3",1,3.17278e-07,TRUE
"CCDC65",1,2.6487e-20,TRUE
"C1QL4",1,1.07374e-06,TRUE
"DNAJC22",1,7.69293e-20,TRUE
"FAIM2",1,1.30548e-08,TRUE
"COX14",1,1.10597e-09,TRUE
"CERS5",1,4.42081e-10,TRUE
"TMPRSS12",1,3.99066e-07,TRUE
"KRT6B",1,7.3022e-10,TRUE
"KRT5",1,1.19687e-07,TRUE
"KRT79",1,2.15189e-11,TRUE
"ATP5G2",1,1.44601e-06,TRUE
"SMUG1",1,1.51284e-14,TRUE
"PDE1B",1,1.8762e-06,TRUE
"RDH5",1,1.64613e-16,TRUE
"TIMELESS",1,7.49734e-09,TRUE
"PRIM1",1,6.0913e-07,TRUE
"PWP1",1,2.98408e-06,TRUE
"WSCD2",1,5.82031e-09,TRUE
"ISCU",1,1.50805e-07,TRUE
"UBE3B",1,6.55241e-07,TRUE
"KCTD10",1,2.37805e-07,TRUE
"MMAB",1,1.05754e-07,TRUE
"TRPV4",1,7.83477e-07,TRUE
"GLTP",1,8.6761e-08,TRUE
"ARPC3",1,2.27073e-16,TRUE
"FAM216A",1,2.85913e-06,TRUE
"VPS29",1,4.52395e-08,TRUE
"RP11-162P23.2",1,6.53504e-08,TRUE
"ALDH2",1,2.35198e-09,TRUE
"MAPKAPK5",1,4.53741e-06,TRUE
"TMEM116",1,1.9074e-10,TRUE
"DTX1",1,9.29393e-12,TRUE
"RASAL1",1,6.27267e-24,TRUE
"TMEM106C",2,4.92097e-11,TRUE
"TUBA1C",2,3.00237e-09,TRUE
"AQP5",2,1.80764e-06,TRUE
"RP11-423G4.7",2,8.13003e-15,TRUE
"RP3-462E2.3",2,9.34918e-07,TRUE
"C12orf52",1,7.45878e-08,TRUE
"PLBD2",1,1.46658e-07,TRUE
"TESC",1,5.54002e-07,TRUE
"RP11-103B5.2",1,2.44916e-06,TRUE
"NOS1",1,1.00218e-06,TRUE
"WSB2",1,6.84189e-09,TRUE
"VSIG10",1,1.55198e-08,TRUE
"SUDS3",1,1.97789e-07,TRUE
"TMEM233",1,2.82923e-07,TRUE
"GATC",1,2.42152e-13,TRUE
"COQ5",1,1.41942e-08,TRUE
"POP5",1,5.7759e-15,TRUE
"C12orf43",1,1.30195e-18,TRUE
"P2RX4",1,6.31851e-09,TRUE
"RP11-347I19.8",1,1.64823e-06,TRUE
"AC084018.1",1,6.73349e-07,TRUE
"WDR66",1,2.09797e-11,TRUE
"LRRC43",1,2.35531e-06,TRUE
"B3GNT4",1,5.22662e-06,TRUE
"CLIP1",1,2.32591e-06,TRUE
"HIP1R",1,1.75693e-08,TRUE
"CDK2AP1",1,6.23216e-11,TRUE
"hsa-mir-8072",1,1.27509e-06,TRUE
"DDX55",1,1.05534e-16,TRUE
"EIF2B1",1,6.39319e-07,TRUE
"TCTN2",1,1.4485e-16,TRUE
"RP11-338K17.8",1,1.03632e-11,TRUE
"ATP6V0A2",1,8.35896e-12,TRUE
"UBC",1,3.28855e-07,TRUE
"TMEM132B",1,3.69147e-15,TRUE
"RP4-809F18.1",1,6.42965e-08,TRUE
"SLC15A4",1,1.10203e-07,TRUE
"FZD10",1,1.99228e-07,TRUE
"RP11-76C10.5",1,1.11956e-18,TRUE
"EP400NL",1,2.67703e-31,TRUE
"DDX51",1,2.22073e-22,TRUE
"RP13-977J11.2",1,3.04671e-45,TRUE
"P2RX2",1,1.79437e-07,TRUE
"ANKLE2",1,2.32056e-23,TRUE
"ZNF605",1,1.33473e-11,TRUE
"TDRKH",1,1.02608e-32,TRUE
"LINGO4",1,3.89137e-14,TRUE
"THEM5",1,4.69498e-06,TRUE
"HRNR",1,7.16341e-24,TRUE
"FLG",1,8.69663e-42,TRUE
"SPRR1A",1,4.17931e-29,TRUE
"C12orf49",2,1.33602e-06,TRUE
"AACS",2,6.25861e-07,TRUE
"STX2",2,3.68115e-12,TRUE
"SPRR2A",2,2.81572e-11,TRUE
"S100A3",1,3.76242e-06,TRUE
"S100A14",1,1.43961e-20,TRUE
"S100A1",1,4.11201e-21,TRUE
"CREB3L4",1,2.70772e-07,TRUE
"NUP210L",1,7.58432e-29,TRUE
"PYGO2",1,3.40165e-06,TRUE
"ADAM15",1,8.66838e-20,TRUE
"MUC1",1,2.43862e-09,TRUE
"THBS3",1,1.2637e-14,TRUE
"GBA",1,1.50923e-07,TRUE
"RIT1",1,9.16787e-08,TRUE
"PMF1-BGLAP",1,4.03298e-06,TRUE
"PAQR6",1,5.44449e-45,TRUE
"APOA1BP",1,4.76209e-09,TRUE
"SH2D2A",1,7.79519e-08,TRUE
"KIRREL",1,1.64406e-06,TRUE
"APCS",1,1.40588e-06,TRUE
"SLAMF8",1,3.21473e-22,TRUE
"C1orf204",1,7.36565e-36,TRUE
"IGSF8",1,1.75769e-06,TRUE
"F11R",1,6.99477e-09,TRUE
"C1orf192",1,1.95457e-06,TRUE
"FCRLB",1,2.12748e-08,TRUE
"ATF6",1,1.63662e-06,TRUE
"RGS5",1,3.64853e-07,TRUE
"RXRG",1,6.20775e-09,TRUE
"MGST3",1,1.34725e-11,TRUE
"ALDH9A1",1,1.55866e-18,TRUE
"MAEL",1,9.58633e-29,TRUE
"CREG1",1,1.51334e-12,TRUE
"TIPRL",1,3.23109e-08,TRUE
"NME7",1,1.30865e-11,TRUE
"CCDC181",1,4.67122e-15,TRUE
"KCNH1",1,1.95527e-06,TRUE
"RP11-15I11.3",1,4.53251e-12,TRUE
"PPP2R5A",1,8.16765e-09,TRUE
"TMEM206",1,2.28336e-10,TRUE
"TATDN3",1,2.633e-14,TRUE
"FLVCR1-AS1",1,4.81099e-99,TRUE
"FLVCR1",1,9.9547e-08,TRUE
"USH2A",1,1.02245e-35,TRUE
"ESRRG",1,3.09157e-07,TRUE
"RRP15",1,1.94249e-08,TRUE
"LYPLAL1",1,9.67671e-11,TRUE
"C1orf115",1,6.73662e-14,TRUE
"MARC1",1,4.51551e-07,TRUE
"TAF1A",1,6.74486e-08,TRUE
"MIA3",1,1.06705e-09,TRUE
"RP11-122G18.5",2,6.25636e-08,TRUE
"ILDR2",2,1.58889e-06,TRUE
"BROX",1,1.36009e-10,TRUE
"AIDA",1,3.8962e-13,TRUE
"SUSD4",1,9.83097e-07,TRUE
"CAPN8",1,2.20759e-06,TRUE
"CAPN2",1,3.47726e-15,TRUE
"CNIH4",1,5.63484e-08,TRUE
"EPHX1",1,5.98599e-24,TRUE
"LEFTY1",1,1.71465e-34,TRUE
"PYCR2",1,1.50188e-08,TRUE
"RP4-559A3.7",1,2.46143e-07,TRUE
"H3F3A",1,6.41522e-56,TRUE
"PSEN2",1,3.86134e-09,TRUE
"ADCK3",1,1.05317e-08,TRUE
"CDC42BPA",1,2.89602e-06,TRUE
"SNAP47",1,6.83358e-07,TRUE
"CAPN9",1,8.92876e-21,TRUE
"ARV1",1,1.80536e-06,TRUE
"MAP10",1,3.63876e-14,TRUE
"NTPCR",1,1.88124e-21,TRUE
"SLC35F3",1,2.23805e-10,TRUE
"COA6",1,4.23715e-32,TRUE
"TBCE",1,3.30038e-10,TRUE
"B3GALNT2",1,3.22531e-12,TRUE
"ERO1LB",1,5.84017e-29,TRUE
"EDARADD",1,2.74026e-10,TRUE
"RYR2",1,4.28189e-07,TRUE
"RP11-371I1.2",1,2.08848e-06,TRUE
"GREM2",1,5.42767e-09,TRUE
"KMO",1,9.47708e-07,TRUE
"OPN3",1,4.49386e-08,TRUE
"SDCCAG8",1,1.10687e-08,TRUE
"ADSS",1,2.5075e-06,TRUE
"EFCAB2",1,5.87937e-68,TRUE
"RP11-156E8.1",1,1.66095e-14,TRUE
"ZNF695",1,1.55596e-06,TRUE
"ZNF670",1,4.18429e-09,TRUE
"ZNF669",1,4.09352e-08,TRUE
"C1orf229",1,1.4115e-06,TRUE
"ZNF124",1,2.15825e-13,TRUE
"RP11-488L18.10",1,1.02786e-16,TRUE
"ZNF496",1,8.27068e-19,TRUE
"NLRP3",1,8.96838e-21,TRUE
"TRIM58",1,1.37526e-12,TRUE
"PGBD2",1,9.28308e-07,TRUE
"CRYL1",1,4.34369e-11,TRUE
"MICU2",1,3.40697e-08,TRUE
"SACS-AS1",1,1.22732e-06,TRUE
"LINC00327",1,8.15444e-10,TRUE
"C1QTNF9B",1,1.70727e-19,TRUE
"RP11-309I15.1",1,9.5881e-09,TRUE
"C1QTNF9",1,4.98563e-07,TRUE
"PARP4",1,8.633e-14,TRUE
"AMER2",1,3.1516e-19,TRUE
"MTMR6",1,5.10003e-11,TRUE
"ATP8A2",1,2.29332e-08,TRUE
"SHISA2",1,3.04248e-07,TRUE
"RNF6",1,7.24405e-19,TRUE
"CDK8",1,9.79191e-12,TRUE
"WASF3",1,1.93392e-11,TRUE
"POLR1D",1,2.1937e-15,TRUE
"LINC00543",1,7.59449e-07,TRUE
"SLC7A1",1,1.91162e-06,TRUE
"MEDAG",1,3.82103e-07,TRUE
"B3GALTL",1,1.47954e-17,TRUE
"KL",1,1.50879e-07,TRUE
"RP11-37L2.1",1,2.88112e-06,TRUE
"DCLK1",1,1.61651e-06,TRUE
"CCDC169",1,5.56549e-20,TRUE
"SOHLH2",1,1.07946e-24,TRUE
"CCDC169-SOHLH2",1,1.21202e-22,TRUE
"SPG20",1,3.45299e-19,TRUE
"SMAD9",1,1.61253e-13,TRUE
"POSTN",1,2.76234e-08,TRUE
"TRPC4",1,2.83974e-08,TRUE
"TNFSF11",1,7.44655e-07,TRUE
"LINC01050",1,3.20522e-13,TRUE
"DNAJC15",1,9.71525e-102,TRUE
"CCDC122",1,1.19694e-09,TRUE
"SMIM2",1,1.30023e-30,TRUE
"LINC01071",1,4.80848e-18,TRUE
"COG3",1,3.78981e-07,TRUE
"LRCH1",1,3.02269e-09,TRUE
"HTR2A",1,3.46919e-10,TRUE
"SUCLA2",1,1.02041e-07,TRUE
"MED4",1,3.07157e-09,TRUE
"TMEM61",1,7.71613e-13,TRUE
"FGGY",1,2.38253e-08,TRUE
"L1TD1",1,1.09094e-52,TRUE
"DOCK7",1,4.42771e-15,TRUE
"ITGB3BP",1,5.31405e-96,TRUE
"LEPROT",1,1.09011e-09,TRUE
"HHLA3",1,1.67583e-12,TRUE
"PTGER3",1,2.30407e-14,TRUE
"LRRIQ3",1,3.34031e-62,TRUE
"FPGT",1,2.06069e-31,TRUE
"FLT3",2,2.15104e-24,TRUE
"N4BP2L2",2,2.61549e-07,TRUE
"RP11-478K15.6",2,5.43531e-09,TRUE
"RP4-782L23.1",2,3.35107e-07,TRUE
"UBE2U",2,9.5492e-48,TRUE
"FPGT-TNNI3K",1,8.42176e-24,TRUE
"TNNI3K",1,2.4398e-24,TRUE
"C1orf173",1,4.80443e-10,TRUE
"RP11-17E13.2",1,1.84896e-39,TRUE
"TYW3",1,8.87034e-09,TRUE
"CRYZ",1,3.00562e-38,TRUE
"SLC44A5",1,1.52621e-35,TRUE
"ACADM",1,1.19571e-06,TRUE
"AK5",1,7.97689e-09,TRUE
"NEXN",1,4.72426e-08,TRUE
"RP11-475O6.1",1,2.48054e-11,TRUE
"SAMD13",1,1.46132e-06,TRUE
"CTBS",1,6.79961e-13,TRUE
"MCOLN2",1,6.99008e-47,TRUE
"MCOLN3",1,6.14066e-27,TRUE
"ZNHIT6",1,1.11583e-07,TRUE
"CCBL2",1,5.47363e-48,TRUE
"RBMXL1",1,4.27535e-13,TRUE
"GBP3",1,1.88296e-99,TRUE
"RP4-665J23.1",1,2.94426e-06,TRUE
"HFM1",1,1.91294e-20,TRUE
"CDC7",1,1.2664e-14,TRUE
"TGFBR3",1,1.5439e-06,TRUE
"FAM69A",1,1.70277e-11,TRUE
"DR1",1,2.51587e-12,TRUE
"F3",1,2.88375e-19,TRUE
"RP11-86H7.7",1,1.21796e-11,TRUE
"LINC01057",1,5.07916e-22,TRUE
"SLC44A3",1,3.14539e-29,TRUE
"RP11-57H12.6",1,6.96543e-07,TRUE
"SNX7",1,2.80268e-20,TRUE
"LPPR5",1,1.18446e-15,TRUE
"PALMD",1,1.46506e-07,TRUE
"AGL",1,9.53116e-08,TRUE
"RTCA",1,4.06186e-22,TRUE
"CDC14A",1,2.70208e-15,TRUE
"VCAM1",1,6.69384e-10,TRUE
"DPH5",1,4.59264e-06,TRUE
"AMY2A",1,4.12776e-10,TRUE
"NTNG1",1,4.09015e-08,TRUE
"SLC25A24",1,8.27755e-11,TRUE
"CLCC1",1,1.34889e-06,TRUE
"TAF13",1,2.35708e-06,TRUE
"CELSR2",1,1.33772e-12,TRUE
"MYBPHL",1,1.95714e-23,TRUE
"SYPL2",1,2.16404e-21,TRUE
"CLCA4",2,9.22191e-09,TRUE
"MIR137HG",2,6.29613e-07,TRUE
"VAV3",2,6.9714e-07,TRUE
"PSRC1",2,1.76453e-23,TRUE
"KLHDC7A",1,4.07614e-35,TRUE
"EMC1",1,5.31714e-11,TRUE
"AKR7A3",1,1.74941e-19,TRUE
"PQLC2",1,5.39423e-09,TRUE
"CAPZB",1,7.71967e-08,TRUE
"NBL1",1,9.22508e-07,TRUE
"PLA2G2A",1,3.65702e-13,TRUE
"VWA5B1",1,3.64059e-44,TRUE
"MUL1",1,3.13084e-19,TRUE
"NBPF3",1,1.56056e-59,TRUE
"RAP1GAP",1,1.79727e-06,TRUE
"LINC00339",1,1.88418e-37,TRUE
"WNT4",1,2.25683e-06,TRUE
"HTR1D",1,2.0794e-06,TRUE
"C1orf213",1,2.74264e-08,TRUE
"TCEA3",1,1.74316e-12,TRUE
"ASAP3",1,6.49522e-10,TRUE
"FUCA1",1,2.05972e-06,TRUE
"CNR2",1,9.96624e-11,TRUE
"PNRC2",1,4.83912e-08,TRUE
"NCMAP",1,1.05813e-24,TRUE
"RHD",1,3.07229e-69,TRUE
"RHCE",1,3.17444e-34,TRUE
"FAM110D",1,6.01975e-11,TRUE
"ZNF593",1,2.20743e-18,TRUE
"CNKSR1",1,1.37775e-11,TRUE
"CEP85",1,1.00893e-06,TRUE
"AIM1L",1,1.28193e-07,TRUE
"HMGN2",1,6.95249e-12,TRUE
"PIGV",1,2.08993e-06,TRUE
"WDTC1",1,1.06311e-06,TRUE
"MAP3K6",1,1.74964e-12,TRUE
"RPA2",1,4.2948e-22,TRUE
"SMPDL3B",1,7.6102e-17,TRUE
"TAF12",1,1.87848e-06,TRUE
"MECR",1,1.17199e-06,TRUE
"FABP3",1,7.76129e-07,TRUE
"SERINC2",1,4.42616e-13,TRUE
"HCRTR1",1,5.01191e-06,TRUE
"PEF1",1,1.40202e-09,TRUE
"TMEM54",1,1.37172e-06,TRUE
"SMIM12",1,5.50201e-06,TRUE
"C1orf216",1,1.30699e-11,TRUE
"MANBAL",1,1.80313e-13,TRUE
"VSTM2L",1,5.80512e-09,TRUE
"RP11-101E14.2",1,5.89357e-11,TRUE
"RP11-101E14.3",1,8.46802e-07,TRUE
"LPIN3",1,1.90427e-08,TRUE
"CD52",2,1.18657e-06,TRUE
"RP4-564F22.5",2,1.14045e-19,TRUE
"EMILIN3",1,3.9481e-07,TRUE
"PTPRT",1,3.05222e-08,TRUE
"IFT52",1,2.09182e-11,TRUE
"OSER1-AS1",1,2.09486e-17,TRUE
"ADA",1,2.0583e-06,TRUE
"YWHAB",1,9.61343e-07,TRUE
"SYS1",1,2.39442e-17,TRUE
"TP53TG5",1,6.15663e-07,TRUE
"WFDC3",1,1.54614e-42,TRUE
"DNTTIP1",1,5.95677e-18,TRUE
"CD40",1,1.06221e-06,TRUE
"CDH22",1,7.47811e-07,TRUE
"SLC2A10",1,1.10001e-12,TRUE
"ZMYND8",1,2.21074e-08,TRUE
"RP11-347D21.3",1,4.19944e-10,TRUE
"PREX1",1,3.72421e-15,TRUE
"CSE1L",1,3.60707e-22,TRUE
"RNF114",1,5.03215e-07,TRUE
"RP11-112L6.4",1,1.31993e-35,TRUE
"RP11-290F20.3",1,5.98538e-13,TRUE
"RP11-290F20.1",1,1.46773e-19,TRUE
"NFATC2",1,4.48348e-09,TRUE
"TSHZ2",1,3.88632e-10,TRUE
"FAM210B",1,2.88356e-09,TRUE
"CASS4",1,3.76287e-07,TRUE
"TFAP2C",1,2.81151e-06,TRUE
"RBM38",1,9.97349e-09,TRUE
"VAPB",1,2.54008e-14,TRUE
"APCDD1L",1,7.03256e-26,TRUE
"NELFCD",1,6.67028e-15,TRUE
"CTSZ",1,2.04646e-08,TRUE
"TUBB1",1,2.7006e-08,TRUE
"SLMO2",1,1.64289e-07,TRUE
"RP4-614C15.2",1,6.96397e-33,TRUE
"RP5-1043L13.1",1,6.32332e-09,TRUE
"LSM14B",1,1.49847e-06,TRUE
"CABLES2",1,4.28427e-12,TRUE
"MRGBP",1,3.70084e-07,TRUE
"TCFL5",1,5.77107e-09,TRUE
"PPDPF",1,5.37122e-14,TRUE
"STMN3",1,1.92277e-12,TRUE
"ZGPAT",1,2.0028e-06,TRUE
"PRPF6",1,3.04405e-12,TRUE
"RGS19",1,1.9709e-27,TRUE
"MYT1",1,3.08641e-06,TRUE
"ISX",1,1.24934e-15,TRUE
"MMP9",2,5.46625e-14,TRUE
"RP11-290F20.2",2,1.00831e-06,TRUE
"EDN3",2,3.2834e-11,TRUE
"APOL4",2,4.75872e-18,TRUE
"TXN2",1,4.5984e-08,TRUE
"FOXRED2",1,3.68502e-42,TRUE
"CSF2RB",1,3.36572e-08,TRUE
"C1QTNF6",1,1.32711e-08,TRUE
"ELFN2",1,9.37636e-113,TRUE
"SH3BP1",1,2.46074e-10,TRUE
"PDXP",1,3.57307e-10,TRUE
"TRIOBP",1,1.1976e-06,TRUE
"EIF3L",1,2.09763e-07,TRUE
"CTA-228A9.3",1,1.1034e-06,TRUE
"BAIAP2L2",1,1.96679e-11,TRUE
"TMEM184B",1,3.86105e-11,TRUE
"KDELR3",1,3.17563e-08,TRUE
"DDX17",1,1.299e-08,TRUE
"FAM227A",1,3.2751e-06,TRUE
"CBY1",1,9.63994e-09,TRUE
"DNAL4",1,3.22367e-06,TRUE
"APOBEC3B",1,2.57998e-10,TRUE
"APOBEC3C",1,6.16704e-17,TRUE
"APOBEC3D",1,8.42349e-10,TRUE
"APOBEC3F",1,6.18884e-07,TRUE
"APOBEC3G",1,1.09765e-48,TRUE
"SYNGR1",1,1.03599e-07,TRUE
"ST13",1,1.03134e-06,TRUE
"DNAJB7",1,2.33513e-31,TRUE
"ACO2",1,4.36537e-06,TRUE
"CCDC134",1,1.69873e-17,TRUE
"NAGA",1,5.76756e-18,TRUE
"FAM109B",1,3.76136e-06,TRUE
"SMDT1",1,5.02816e-21,TRUE
"NDUFA6",1,5.76783e-18,TRUE
"CYP2D6",1,5.94993e-11,TRUE
"Z83851.1",1,2.47298e-06,TRUE
"RRP7A",1,3.80691e-24,TRUE
"SERHL2",1,2.12993e-11,TRUE
"CYB5R3",1,1.13408e-16,TRUE
"A4GALT",1,2.99532e-19,TRUE
"TTLL1",1,1.70208e-06,TRUE
"TTLL12",1,5.96512e-23,TRUE
"EFCAB6",1,8.31396e-10,TRUE
"SAMM50",1,1.21097e-06,TRUE
"PRR5-ARHGAP8",1,2.94392e-09,TRUE
"ARHGAP8",1,5.68169e-08,TRUE
"NUP50",1,5.74515e-07,TRUE
"FAM118A",1,2.65258e-45,TRUE
"RIBC2",1,9.31975e-30,TRUE
"PKDREJ",1,2.91967e-22,TRUE
"PMM1",2,1.4972e-06,TRUE
"LDOC1L",2,1.11749e-09,TRUE
"MEI1",3,8.27021e-10,TRUE
"TTC38",1,8.33366e-21,TRUE
"C22orf34",1,2.17462e-18,TRUE
"CRELD2",1,5.92587e-14,TRUE
"PLXNB2",1,1.71957e-06,TRUE
"MIOX",1,8.47961e-11,TRUE
"CTA-384D8.35",1,8.96082e-10,TRUE
"SYCE3",1,2.57436e-37,TRUE
"CPT1B",1,5.93427e-11,TRUE
"CHKB-CPT1B",1,1.40766e-06,TRUE
"ARSA",1,5.40148e-35,TRUE
"SND1",1,1.19532e-06,TRUE
"LRRC4",1,4.97526e-12,TRUE
"IMPDH1",1,3.92861e-06,TRUE
"METTL2B",1,2.78872e-08,TRUE
"RP11-212P7.2",1,3.26357e-17,TRUE
"RP11-274B21.9",1,1.36813e-07,TRUE
"OPN1SW",1,1.56328e-09,TRUE
"IRF5",1,6.55896e-39,TRUE
"TSPAN33",1,1.64678e-39,TRUE
"AHCYL2",1,2.54943e-09,TRUE
"STRIP2",1,7.65028e-12,TRUE
"RP11-448A19.1",1,1.45602e-06,TRUE
"TMEM209",1,7.02523e-07,TRUE
"CEP41",1,1.87267e-06,TRUE
"MEST",1,9.83894e-07,TRUE
"COPG2",1,1.87724e-24,TRUE
"TSGA13",1,7.30029e-08,TRUE
"CHCHD3",1,1.48144e-06,TRUE
"EXOC4",1,2.01474e-13,TRUE
"SLC35B4",1,3.3517e-13,TRUE
"AKR1B15",1,1.24304e-34,TRUE
"AGBL3",1,9.07624e-18,TRUE
"C7orf49",1,1.91809e-08,TRUE
"C7orf73",1,1.50291e-21,TRUE
"SLC13A4",1,1.52559e-20,TRUE
"KIAA1549",1,5.90027e-07,TRUE
"PARP12",1,7.89778e-07,TRUE
"RAB19",1,2.68958e-10,TRUE
"MRPS33",1,2.57121e-08,TRUE
"WEE2",1,2.0776e-11,TRUE
"MGAM",1,1.72571e-08,TRUE
"RP11-1220K2.2",1,1.4327e-08,TRUE
"FAM115C",1,1.96182e-06,TRUE
"CTAGE4",1,3.13918e-08,TRUE
"OR2A7",1,2.80923e-12,TRUE
"CTAGE8",1,9.0832e-13,TRUE
"ARHGEF35",1,2.16473e-46,TRUE
"ARHGEF5",1,3.33746e-12,TRUE
"SELO",2,1.97977e-15,TRUE
"CTA-384D8.34",3,3.59619e-07,TRUE
"ZNF786",1,8.9154e-19,TRUE
"ZNF425",1,4.0548e-12,TRUE
"ZNF467",1,5.55788e-11,TRUE
"ATP6V0E2",1,1.60264e-13,TRUE
"LRRC61",1,4.32889e-30,TRUE
"ACTR3C",1,2.07977e-13,TRUE
"ZBED6CL",1,2.31525e-19,TRUE
"GIMAP8",1,7.87504e-07,TRUE
"GIMAP2",1,3.85075e-07,TRUE
"GIMAP5",1,7.05069e-07,TRUE
"TMEM176A",1,5.85384e-09,TRUE
"TMEM176B",1,2.82561e-08,TRUE
"LINC01003",1,1.06124e-20,TRUE
"XRCC2",1,3.62996e-26,TRUE
"PAXIP1-AS2",1,9.67513e-20,TRUE
"C7orf13",1,2.71484e-36,TRUE
"RP5-1121A15.3",1,1.52736e-08,TRUE
"NOM1",1,1.2517e-14,TRUE
"NCAPG2",1,1.79097e-07,TRUE
"ESYT2",1,2.27247e-10,TRUE
"WDR60",1,2.26839e-37,TRUE
"VIPR2",1,8.66625e-11,TRUE
"COA1",1,3.33523e-08,TRUE
"BLVRA",1,4.79633e-07,TRUE
"AC004951.6",1,8.7396e-08,TRUE
"POLM",1,1.06157e-12,TRUE
"YKT6",1,4.91111e-10,TRUE
"PPIA",1,4.23544e-08,TRUE
"SNHG15",1,1.61787e-07,TRUE
"RP11-638I8.1",1,3.50228e-11,TRUE
"IGFBP3",1,1.55897e-07,TRUE
"ABCA13",1,3.93299e-08,TRUE
"FIGNL1",1,8.17446e-13,TRUE
"DDC",1,4.22697e-14,TRUE
"ZNF713",1,2.80334e-06,TRUE
"GBAS",1,1.7974e-08,TRUE
"PSPH",1,4.99685e-07,TRUE
"SUMF2",1,1.23869e-14,TRUE
"CHCHD2",1,6.03554e-10,TRUE
"ZNF736",1,1.50296e-13,TRUE
"ZNF107",1,5.03932e-47,TRUE
"ZNF273",1,5.9553e-07,TRUE
"ZNF117",1,2.2311e-26,TRUE
"ERV3-1",1,1.38326e-101,TRUE
"AC068533.7",1,8.17772e-07,TRUE
"CRCP",1,1.573e-06,TRUE
"AC021218.2",2,1.769e-42,TRUE
"PGAM2",2,1.61212e-10,TRUE
"H2AFV",2,2.836e-07,TRUE
"ASL",2,1.46342e-06,TRUE
"GS1-124K5.4",1,2.53074e-12,TRUE
"RP11-458F8.4",1,6.96918e-15,TRUE
"TYW1",1,2.84692e-08,TRUE
"RP11-166O4.6",1,3.37183e-13,TRUE
"RP11-166O4.5",1,2.59869e-11,TRUE
"BCL7B",1,2.15933e-09,TRUE
"TBL2",1,5.5103e-09,TRUE
"ABHD11",1,1.28282e-06,TRUE
"CLDN3",1,6.60557e-11,TRUE
"WBSCR27",1,1.79348e-75,TRUE
"STYXL1",1,3.9245e-27,TRUE
"MDH2",1,2.44522e-07,TRUE
"ZP3",1,6.00606e-46,TRUE
"UPK3B",1,3.54596e-07,TRUE
"POMZP3",1,4.56833e-69,TRUE
"FGL2",1,7.05978e-08,TRUE
"GSAP",1,1.96386e-06,TRUE
"RSBN1L-AS1",1,8.46981e-11,TRUE
"CACNA2D1",1,2.14696e-06,TRUE
"ABCB4",1,2.68703e-07,TRUE
"RUNDC3B",1,2.84885e-13,TRUE
"ADAM22",1,5.25446e-46,TRUE
"STEAP1",1,4.83501e-09,TRUE
"STEAP2",1,5.07466e-23,TRUE
"C7orf63",1,2.19516e-06,TRUE
"GTPBP10",1,3.98599e-09,TRUE
"FZD1",1,5.62133e-06,TRUE
"TAF9",1,1.74642e-06,TRUE
"MARVELD2",1,1.54891e-07,TRUE
"OCLN",1,7.17165e-11,TRUE
"SERF1B",1,6.11198e-07,TRUE
"SMN2",1,1.40731e-18,TRUE
"RP11-195E2.4",1,2.7913e-16,TRUE
"GTF2H2",1,1.14171e-12,TRUE
"CARTPT",1,3.62936e-08,TRUE
"MAP1B",1,2.43852e-14,TRUE
"TMEM171",1,2.74415e-12,TRUE
"ARHGEF28",1,2.74645e-07,TRUE
"NSA2",1,1.19731e-44,TRUE
"IQGAP2",1,1.85296e-06,TRUE
"F2R",1,8.31383e-07,TRUE
"PDE8B",1,7.78496e-09,TRUE
"WDR41",1,1.96911e-07,TRUE
"LHFPL2",1,1.23771e-09,TRUE
"ARSB",1,1.14546e-07,TRUE
"BHMT",1,5.36717e-11,TRUE
"SERINC5",1,2.28578e-08,TRUE
"LINC00174",2,4.0006e-07,TRUE
"TRIM73",2,2.33973e-08,TRUE
"GTF2H2C",2,2.44368e-07,TRUE
"ZFYVE16",1,1.8626e-15,TRUE
"MSH3",1,1.32009e-24,TRUE
"DHFR",1,1.76595e-26,TRUE
"ATG10",1,2.08541e-10,TRUE
"RPS23",1,9.24319e-29,TRUE
"ATP6AP1L",1,1.77209e-53,TRUE
"RASA1",1,2.45432e-06,TRUE
"GPR98",1,5.45231e-13,TRUE
"KIAA0825",1,2.30491e-06,TRUE
"TTC37",1,1.6517e-06,TRUE
"ERAP1",1,1.55026e-43,TRUE
"ERAP2",1,4.06394e-116,TRUE
"LNPEP",1,3.40299e-07,TRUE
"RIOK2",1,8.80761e-11,TRUE
"RGMB",1,3.76939e-06,TRUE
"ST8SIA4",1,3.16674e-06,TRUE
"PPIP5K2",1,2.08196e-06,TRUE
"NUDT12",1,9.39412e-07,TRUE
"CTD-2587M2.1",1,5.13406e-10,TRUE
"TMEM232",1,1.82559e-11,TRUE
"EPB41L4A",1,3.98011e-07,TRUE
"CTC-554D6.1",1,8.53332e-09,TRUE
"REEP5",1,5.07641e-07,TRUE
"CTC-428G20.3",1,4.27753e-11,TRUE
"CDO1",1,1.34325e-27,TRUE
"COMMD10",1,9.34192e-07,TRUE
"DTWD2",1,2.54541e-11,TRUE
"SPINK5",1,7.61501e-07,TRUE
"PCYOX1L",1,2.19967e-11,TRUE
"ARHGEF37",1,1.07893e-13,TRUE
"PPARGC1B",1,8.89224e-11,TRUE
"TIGD6",1,2.7437e-06,TRUE
"RPS14",1,1.06039e-13,TRUE
"NDST1",1,6.96201e-07,TRUE
"CTC-367J11.1",1,1.20434e-08,TRUE
"ANXA6",1,4.33132e-13,TRUE
"SLC36A1",1,1.71599e-17,TRUE
"SAP30L",1,3.08723e-10,TRUE
"SGCD",1,2.93334e-16,TRUE
"HAVCR1",1,7.36753e-28,TRUE
"MED7",1,2.38666e-09,TRUE
"NIPAL4",1,2.17735e-33,TRUE
"SOX30",1,3.01392e-09,TRUE
"EBF1",1,1.88639e-08,TRUE
"UBLCP1",1,3.31546e-06,TRUE
"CCNJL",1,8.70562e-09,TRUE
"POLR3G",2,3.67829e-13,TRUE
"NREP",2,8.63019e-07,TRUE
"SRP19",2,2.36755e-11,TRUE
"YTHDC2",2,2.7845e-08,TRUE
"SLU7",1,5.91309e-15,TRUE
"PTTG1",1,2.49058e-06,TRUE
"ATP10B",1,4.38508e-12,TRUE
"FBLL1",1,1.03947e-49,TRUE
"FAM196B",1,3.32705e-07,TRUE
"LCP2",1,8.17821e-10,TRUE
"FGF18",1,2.37165e-06,TRUE
"ERGIC1",1,7.52229e-08,TRUE
"BNIP1",1,3.88283e-20,TRUE
"CTB-43E15.2",1,5.3718e-24,TRUE
"DRD1",1,5.31452e-07,TRUE
"FAM153B",1,4.5696e-42,TRUE
"RGS14",1,5.0383e-55,TRUE
"TMED9",1,8.73503e-10,TRUE
"FAM153A",1,3.31304e-14,TRUE
"FAM153C",1,2.67604e-08,TRUE
"N4BP3",1,3.30294e-08,TRUE
"ZNF354B",1,2.26312e-07,TRUE
"ZNF879",1,1.44498e-11,TRUE
"CTC-241N9.1",1,1.6622e-06,TRUE
"TBC1D9B",1,1.70824e-19,TRUE
"RNF130",1,1.11283e-06,TRUE
"MAPK9",1,9.20047e-11,TRUE
"BTNL8",1,7.16371e-15,TRUE
"PRMT7",1,2.32448e-21,TRUE
"ZFP90",1,2.19927e-06,TRUE
"HAS3",1,9.66264e-13,TRUE
"CIRH1A",1,4.91516e-23,TRUE
"PDF",1,6.64292e-35,TRUE
"RP11-343C2.12",1,8.18857e-31,TRUE
"COG8",1,1.26136e-14,TRUE
"RP11-343C2.7",1,1.67443e-67,TRUE
"TMED6",1,3.12301e-81,TRUE
"EXOSC6",1,6.22282e-53,TRUE
"COG4",1,1.13846e-10,TRUE
"MTSS1L",1,1.90182e-08,TRUE
"TAT",1,1.3925e-09,TRUE
"MARVELD3",1,9.69684e-08,TRUE
"IST1",1,2.41168e-08,TRUE
"DHODH",1,1.38103e-18,TRUE
"RP11-252A24.3",1,2.43852e-07,TRUE
"RFWD3",1,3.81841e-33,TRUE
"MLKL",1,1.09441e-08,TRUE
"ZFP1",1,1.04402e-22,TRUE
"CTRB2",1,9.10057e-13,TRUE
"CFDP1",1,1.6982e-10,TRUE
"RP11-77K12.1",1,3.7692e-07,TRUE
"B4GALT7",2,4.27364e-08,TRUE
"ZNF354A",2,4.01431e-11,TRUE
"WDR59",2,1.61015e-07,TRUE
"ADAT1",1,4.91883e-23,TRUE
"MON1B",1,5.55673e-07,TRUE
"ADAMTS18",1,1.01684e-06,TRUE
"NUDT7",1,9.39024e-09,TRUE
"WWOX",1,2.02623e-08,TRUE
"C16orf46",1,4.29855e-07,TRUE
"PLCG2",1,2.4715e-08,TRUE
"SDR42E1",1,3.78247e-10,TRUE
"MPHOSPH6",1,4.90013e-24,TRUE
"MBTPS1",1,8.40343e-10,TRUE
"TAF1C",1,4.8245e-10,TRUE
"ATP2C2",1,2.05316e-48,TRUE
"TLDC1",1,1.84388e-07,TRUE
"COTL1",1,1.48489e-07,TRUE
"CRISPLD2",1,2.77917e-17,TRUE
"ZDHHC7",1,2.44151e-23,TRUE
"IRF8",1,1.31384e-12,TRUE
"RP11-463O9.9",1,2.17557e-23,TRUE
"MTHFSD",1,9.90022e-18,TRUE
"JPH3",1,1.77996e-09,TRUE
"KLHDC4",1,8.57622e-09,TRUE
"LA16c-444G7.2",1,5.06741e-08,TRUE
"ZNF469",1,1.04403e-09,TRUE
"CYBA",1,2.22611e-17,TRUE
"RNF166",1,2.9284e-14,TRUE
"RP11-830F9.6",1,1.92335e-11,TRUE
"CBFA2T3",1,1.71907e-15,TRUE
"ACSF3",1,2.38038e-07,TRUE
"SLC22A31",1,9.13714e-37,TRUE
"CPNE7",1,9.66646e-07,TRUE
"DPEP1",1,3.27365e-08,TRUE
"CDK10",1,2.81994e-18,TRUE
"RP11-368I7.4",1,6.77612e-07,TRUE
"FANCA",1,8.10454e-07,TRUE
"SPIRE2",1,2.56246e-11,TRUE
"MC1R",1,2.04191e-09,TRUE
"CENPBD1",1,6.61229e-11,TRUE
"GAS8",1,5.21905e-09,TRUE
"DBNDD1",1,9.95148e-13,TRUE
"C16orf3",1,1.65441e-06,TRUE
"DEXI",1,7.80239e-09,TRUE
"RMI2",1,1.14498e-33,TRUE
"TXNDC11",1,1.21498e-10,TRUE
"RP11-166B2.1",1,5.18035e-127,TRUE
"CHST5",2,1.41942e-06,TRUE
"7SK",2,2.52165e-07,TRUE
"OSGIN1",2,3.69513e-07,TRUE
"NECAB2",2,3.16306e-07,TRUE
"SLC38A8",2,4.06841e-09,TRUE
"ZNF778",2,2.68089e-07,TRUE
"SNX29",1,1.88919e-14,TRUE
"SHISA9",1,1.55037e-08,TRUE
"NOMO1",1,2.19221e-09,TRUE
"NPIPA1",1,8.06133e-12,TRUE
"PDXDC1",1,1.80127e-06,TRUE
"RRN3",1,8.43964e-13,TRUE
"NPIPA5",1,1.17073e-52,TRUE
"MPV17L",1,7.38652e-07,TRUE
"RP11-1021N1.1",1,6.53557e-09,TRUE
"C16orf45",1,1.02914e-15,TRUE
"ABCC6",1,1.73336e-11,TRUE
"NOMO3",1,1.89811e-19,TRUE
"AC138969.4",1,3.73499e-14,TRUE
"RP11-1212A22.4",1,1.42796e-08,TRUE
"TMC7",1,1.65911e-14,TRUE
"KNOP1",1,2.88904e-09,TRUE
"ACSM1",1,1.56499e-45,TRUE
"RP11-645C24.5",1,6.4939e-22,TRUE
"NPIPB4",1,7.31248e-07,TRUE
"SCNN1G",1,1.71346e-12,TRUE
"COG7",1,5.48097e-10,TRUE
"GGA2",1,1.17496e-07,TRUE
"EARS2",1,9.6291e-09,TRUE
"DCTN5",1,1.24583e-32,TRUE
"SLC5A11",1,1.78543e-45,TRUE
"IL21R",1,3.87511e-14,TRUE
"EIF3CL",1,2.48599e-10,TRUE
"EIF3C",1,8.35818e-15,TRUE
"RP11-1348G14.4",1,1.72715e-19,TRUE
"TUFM",1,1.08515e-12,TRUE
"SNX29P2",1,3.99029e-06,TRUE
"RP11-426C22.6",1,1.99477e-16,TRUE
"NPIPB11",1,1.63894e-06,TRUE
"RP11-345J4.5",1,1.45072e-25,TRUE
"BOLA2",1,6.29055e-23,TRUE
"MVP",1,7.06114e-09,TRUE
"INO80E",1,1.90617e-08,TRUE
"FAM57B",1,3.37237e-06,TRUE
"TBX6",1,1.88329e-06,TRUE
"ZNF48",1,6.81315e-06,TRUE
"TEP1",1,1.15995e-06,TRUE
"OSGEP",1,6.32058e-08,TRUE
"PNP",1,5.88234e-12,TRUE
"RP11-203M5.8",1,2.46061e-10,TRUE
"METTL17",1,3.3325e-08,TRUE
"ARHGEF40",1,3.54831e-08,TRUE
"NDE1",2,1.32167e-06,TRUE
"RP11-231C14.4",2,1.27062e-08,TRUE
"RP11-347C12.1",2,1.10996e-06,TRUE
"RNASE6",2,8.26482e-16,TRUE
"RPGRIP1",1,1.10745e-06,TRUE
"TOX4",1,2.27875e-10,TRUE
"RAB2B",1,1.47131e-06,TRUE
"ABHD4",1,2.03852e-18,TRUE
"HAUS4",1,1.98549e-24,TRUE
"RP11-298I3.5",1,1.61319e-25,TRUE
"PSMB5",1,2.57758e-09,TRUE
"HOMEZ",1,1.27755e-07,TRUE
"NGDN",1,4.53923e-27,TRUE
"LRRC16B",1,9.55626e-09,TRUE
"DHRS1",1,6.12164e-17,TRUE
"LTB4R",1,2.39165e-13,TRUE
"NYNRIN",1,1.09921e-06,TRUE
"CBLN3",1,1.03521e-13,TRUE
"RP11-80A15.1",1,1.24419e-16,TRUE
"STXBP6",1,3.18138e-07,TRUE
"HEATR5A",1,6.43005e-07,TRUE
"DTD2",1,6.28461e-07,TRUE
"AKAP6",1,1.3164e-11,TRUE
"KIAA0391",2,4.0659e-22,TRUE
"PPP2R3C",1,1.91553e-22,TRUE
"PSMA6",1,4.03617e-07,TRUE
"SLC25A21-AS1",1,8.7201e-11,TRUE
"SLC25A21",1,6.71156e-11,TRUE
"GEMIN2",1,4.03172e-06,TRUE
"ZNF239",1,7.04975e-13,TRUE
"C10orf10",1,2.68191e-06,TRUE
"ALOX5",1,1.47374e-27,TRUE
"FAM21C",1,1.29219e-11,TRUE
"AGAP4",1,1.21161e-29,TRUE
"ANXA8L2",1,1.14343e-05,TRUE
"AGAP9",1,2.39163e-11,TRUE
"PTPN20B",1,3.57732e-12,TRUE
"C10orf128",1,2.24821e-06,TRUE
"OGDHL",1,1.75195e-08,TRUE
"AGAP6",1,8.69729e-08,TRUE
"FAM21A",1,3.45467e-78,TRUE
"ASAH2",1,2.98329e-92,TRUE
"ASAH2B",1,7.8797e-52,TRUE
"A1CF",1,6.86634e-08,TRUE
"ZWINT",1,5.65307e-15,TRUE
"C10orf107",1,1.13836e-50,TRUE
"RTKN2",1,5.87818e-09,TRUE
"ZNF365",1,3.14981e-08,TRUE
"ADO",1,2.7011e-12,TRUE
"DHRS4L2",2,3.02772e-11,TRUE
"FOXA1",2,2.07972e-07,TRUE
"AGAP8",2,4.58179e-29,TRUE
"MSMB",2,2.13157e-18,TRUE
"RP11-222A11.1",1,7.21956e-39,TRUE
"SIRT1",1,1.95719e-07,TRUE
"ATOH7",1,1.73086e-06,TRUE
"PBLD",1,3.37063e-06,TRUE
"RUFY2",1,1.08788e-07,TRUE
"DNA2",1,6.53988e-13,TRUE
"STOX1",1,4.54243e-42,TRUE
"KIAA1279",1,1.70745e-06,TRUE
"C10orf35",1,1.34388e-06,TRUE
"SAR1A",1,7.65832e-12,TRUE
"PALD1",1,2.55472e-09,TRUE
"PCBD1",1,2.32637e-11,TRUE
"UNC5B",1,4.45101e-13,TRUE
"CDH23",1,3.42599e-09,TRUE
"C10orf54",1,3.78757e-18,TRUE
"ASCC1",1,3.25596e-08,TRUE
"NUDT13",1,1.60547e-19,TRUE
"DNAJC9",1,1.07337e-05,TRUE
"TTC18",1,1.53465e-07,TRUE
"FUT11",1,5.82377e-09,TRUE
"VDAC2",1,2.34252e-14,TRUE
"SFXN3",1,1.24063e-06,TRUE
"NPM3",1,2.03238e-07,TRUE
"C10orf76",1,1.08202e-06,TRUE
"TMEM180",1,9.79472e-14,TRUE
"ARL3",1,1.49419e-07,TRUE
"SFXN2",1,2.65952e-11,TRUE
"CYP17A1",1,2.25541e-08,TRUE
"C10orf32",1,7.05539e-43,TRUE
"C10orf32-ASMT",1,2.96966e-19,TRUE
"AS3MT",1,3.43255e-13,TRUE
"CALHM2",1,4.33675e-06,TRUE
"SFR1",1,2.99838e-06,TRUE
"GSTO1",1,2.68347e-06,TRUE
"GSTO2",1,3.72274e-23,TRUE
"TCF7L2",1,2.25812e-06,TRUE
"CASP7",1,2.76468e-34,TRUE
"ADRB1",1,2.56334e-07,TRUE
"AFAP1L2",1,1.29784e-12,TRUE
"TRUB1",1,1.03753e-08,TRUE
"HSPA12A",1,4.3011e-21,TRUE
"KIAA1598",1,7.44566e-07,TRUE
"PDZD8",1,1.12582e-09,TRUE
"CACUL1",1,5.67858e-07,TRUE
"SFXN4",1,2.3666e-10,TRUE
"TSPAN15",2,7.75587e-11,TRUE
"TYSND1",2,8.1629e-07,TRUE
"PPA1",2,7.44391e-14,TRUE
"SGPL1",2,1.23598e-08,TRUE
"WDR96",2,1.50445e-06,TRUE
"TIAL1",1,4.13776e-07,TRUE
"PLEKHA1",1,1.85678e-11,TRUE
"DMBT1",1,7.07404e-13,TRUE
"IKZF5",1,2.37196e-09,TRUE
"CPXM2",1,1.77188e-08,TRUE
"CHST15",1,1.27148e-18,TRUE
"LHPP",1,1.97762e-13,TRUE
"RP11-12J10.3",1,1.61827e-15,TRUE
"METTL10",1,1.17744e-25,TRUE
"BCCIP",1,5.64885e-10,TRUE
"C10orf90",1,4.50845e-10,TRUE
"FAM196A",1,4.05494e-07,TRUE
"MGMT",1,1.57254e-36,TRUE
"JAKMIP3",1,1.08306e-13,TRUE
"DPYSL4",1,3.45175e-21,TRUE
"STK32C",1,9.52881e-11,TRUE
"LRRC27",1,1.9419e-07,TRUE
"KNDC1",1,7.7097e-07,TRUE
"PAOX",1,1.51386e-06,TRUE
"RP11-108K14.8",1,4.7461e-28,TRUE
"MTG1",1,3.24749e-25,TRUE
"RP11-339B21.14",1,8.55159e-07,TRUE
"GLE1",1,8.22299e-16,TRUE
"PKN3",1,2.24277e-07,TRUE
"C9orf114",1,2.38429e-16,TRUE
"PHYHD1",1,4.82556e-25,TRUE
"PPP2R4",1,1.98968e-07,TRUE
"CRAT",1,2.81097e-09,TRUE
"TOR1B",1,1.17661e-11,TRUE
"C9orf78",1,3.50611e-07,TRUE
"GPR107",1,1.30445e-06,TRUE
"HMCN2",1,3.27876e-09,TRUE
"ABL1",1,6.54061e-07,TRUE
"LAMC3",1,3.0492e-07,TRUE
"AIF1L",1,6.30622e-16,TRUE
"PPAPDC3",1,4.92109e-11,TRUE
"SURF6",1,7.23084e-07,TRUE
"MED22",1,1.65509e-07,TRUE
"SURF1",1,9.41e-41,TRUE
"ADAMTS13",1,1.62553e-12,TRUE
"DBH",1,2.18999e-13,TRUE
"SARDH",1,7.21625e-51,TRUE
"BRD3",1,2.70879e-09,TRUE
"UBAC1",1,2.48685e-08,TRUE
"RP11-83N9.5",1,3.78917e-12,TRUE
"UROS",2,3.12929e-19,TRUE
"RP11-339B21.15",2,2.57525e-06,TRUE
"CERCAM",2,1.64319e-08,TRUE
"ENDOG",2,7.95632e-12,TRUE
"NTNG2",2,2.00319e-08,TRUE
"QSOX2",1,2.95374e-16,TRUE
"GPSM1",1,1.02097e-14,TRUE
"DNLZ",1,2.77473e-23,TRUE
"CARD9",1,1.38024e-23,TRUE
"SNAPC4",1,1.71501e-08,TRUE
"SDCCAG3",1,2.25863e-08,TRUE
"SEC16A",1,1.23454e-10,TRUE
"EGFL7",1,1.45774e-06,TRUE
"TMEM141",1,9.37152e-11,TRUE
"RP11-216L13.17",1,3.95693e-09,TRUE
"LCN12",1,9.47159e-39,TRUE
"SAPCD2",1,6.37968e-09,TRUE
"DPP7",1,4.58041e-07,TRUE
"TMEM203",1,2.74602e-06,TRUE
"NELFB",1,3.8665e-08,TRUE
"NOXA1",1,3.02404e-06,TRUE
"EHMT1",1,1.06827e-06,TRUE
"CACNA1B",1,1.5526e-07,TRUE
"SLC25A51",1,4.09944e-09,TRUE
"SHB",1,5.82618e-10,TRUE
"ALDH1B1",1,5.94527e-26,TRUE
"IGFBPL1",1,1.10013e-06,TRUE
"PGM5",1,1.86394e-35,TRUE
"C9orf135",1,3.25922e-64,TRUE
"TMEM2",1,2.62107e-06,TRUE
"RP11-63P12.6",1,3.17715e-46,TRUE
"RP11-151D14.1",1,3.49557e-10,TRUE
"ALDH1A1",1,3.92689e-11,TRUE
"RORB",1,2.17056e-06,TRUE
"NMRK1",1,1.13084e-46,TRUE
"OSTF1",1,2.82926e-08,TRUE
"PRUNE2",1,8.3019e-30,TRUE
"C9orf64",1,1.9809e-07,TRUE
"DAPK1",1,1.79729e-06,TRUE
"CTSL",1,2.57892e-06,TRUE
"CDK20",1,1.27847e-06,TRUE
"RP11-389K14.3",1,2.18137e-21,TRUE
"SYK",1,3.02938e-08,TRUE
"ROR2",1,3.84401e-14,TRUE
"SPTLC1",1,1.26369e-10,TRUE
"CENPP",1,1.42367e-14,TRUE
"NOL8",1,4.26079e-07,TRUE
"OGN",1,2.0647e-06,TRUE
"C9orf89",1,1.55964e-08,TRUE
"WNK2",1,1.16124e-07,TRUE
"PHF2",1,1.37086e-06,TRUE
"PNPLA7",2,2.50098e-07,TRUE
"MAMDC2",2,1.65616e-10,TRUE
"PCSK5",2,7.10162e-08,TRUE
"LINC00484",2,1.42567e-10,TRUE
"RP11-307E17.8",1,1.86485e-10,TRUE
"FBP2",1,3.39498e-08,TRUE
"FBP1",1,4.45399e-07,TRUE
"ERCC6L2",1,1.09323e-13,TRUE
"HSD17B3",1,1.61189e-06,TRUE
"RP11-535M15.1",1,3.72291e-23,TRUE
"NUTM2G",1,4.48464e-07,TRUE
"CTSV",1,3.14154e-06,TRUE
"CCDC180",1,2.92363e-18,TRUE
"MGST2",1,5.62352e-09,TRUE
"TBC1D9",1,9.76125e-07,TRUE
"ZNF330",1,5.83264e-09,TRUE
"IL15",1,3.26193e-06,TRUE
"INPP4B",1,1.60137e-13,TRUE
"RP11-142A22.4",1,3.45091e-15,TRUE
"MMAA",1,3.30517e-11,TRUE
"EDNRA",1,7.56954e-20,TRUE
"PET112",1,4.27724e-15,TRUE
"TRIM2",1,1.86147e-07,TRUE
"FGB",1,3.46183e-14,TRUE
"CTSO",1,4.68918e-13,TRUE
"GRIA2",1,1.38192e-06,TRUE
"FSTL5",1,5.28203e-22,TRUE
"NPY1R",1,3.8206e-08,TRUE
"TMA16",1,8.16912e-09,TRUE
"MARCH1",1,3.68799e-11,TRUE
"RP11-294O2.2",1,6.50012e-47,TRUE
"TRIM61",1,1.16778e-11,TRUE
"SPOCK3",1,4.78791e-08,TRUE
"DDX60L",1,2.58547e-14,TRUE
"C4orf27",1,2.42963e-07,TRUE
"MFAP3L",1,1.21039e-09,TRUE
"AADAT",1,9.6534e-17,TRUE
"RP11-789C1.1",1,8.22527e-08,TRUE
"GALNTL6",1,4.22798e-09,TRUE
"HPGD",1,7.04041e-17,TRUE
"GLRA3",1,2.17956e-07,TRUE
"WDR17",1,9.57102e-09,TRUE
"ASB5",1,6.13241e-13,TRUE
"VEGFC",1,1.2227e-10,TRUE
"AGA",1,1.59016e-49,TRUE
"RP11-162G9.1",1,6.74409e-33,TRUE
"TENM3",1,1.31562e-06,TRUE
"DCTD",1,5.66272e-08,TRUE
"CDKN2AIP",1,5.16915e-08,TRUE
"RWDD4",1,1.89093e-09,TRUE
"RP11-326I11.4",1,5.95595e-24,TRUE
"MLF1IP",1,1.23007e-15,TRUE
"C4orf47",1,1.00154e-06,TRUE
"PDLIM3",1,1.06463e-10,TRUE
"FAM149A",1,2.22441e-09,TRUE
"CYP4V2",1,3.53326e-08,TRUE
"LINC01060",1,2.13487e-18,TRUE
"N4BP2",1,6.04979e-07,TRUE
"SLC30A9",1,1.66464e-10,TRUE
"ATP8A1",1,4.1271e-17,TRUE
"GUF1",1,3.35161e-10,TRUE
"GABRA2",1,2.98429e-08,TRUE
"RP11-121C2.2",1,3.00169e-06,TRUE
"NIPAL1",1,5.30998e-16,TRUE
"CNGA1",1,1.38007e-31,TRUE
"TXK",1,5.93267e-07,TRUE
"SLAIN2",1,7.75887e-07,TRUE
"SCFD2",1,4.66937e-07,TRUE
"LNX1",1,5.2542e-07,TRUE
"SRD5A3",1,4.14231e-35,TRUE
"KIAA1211",1,6.85212e-07,TRUE
"AASDH",1,2.7459e-11,TRUE
"PPAT",1,1.25729e-07,TRUE
"SRP72",1,9.99943e-20,TRUE
"THEGL",1,8.47601e-14,TRUE
"HOPX",1,5.14547e-08,TRUE
"RP11-738E22.3",1,3.13845e-11,TRUE
"CENPC",1,7.18046e-07,TRUE
"UGT2B7",1,3.45428e-09,TRUE
"UGT2B4",1,1.91656e-10,TRUE
"ODAM",1,3.83674e-09,TRUE
"ALB",1,4.3022e-06,TRUE
"PARM1",1,1.4791e-07,TRUE
"RP11-44F21.5",1,3.96366e-50,TRUE
"NAAA",1,1.65332e-48,TRUE
"CXCL11",1,5.26743e-12,TRUE
"NUP54",1,4.95305e-22,TRUE
"FAM47E",1,7.18888e-18,TRUE
"CCDC158",1,5.41629e-24,TRUE
"SEPT11",1,5.97952e-07,TRUE
"FRAS1",1,8.00557e-07,TRUE
"BMP2K",1,2.01587e-07,TRUE
"PAQR3",1,5.39858e-11,TRUE
"PRKG2",1,1.91761e-18,TRUE
"RP11-689K5.3",1,2.02632e-13,TRUE
"TMEM150C",1,3.31955e-07,TRUE
"THAP9",1,6.46778e-07,TRUE
"ARHGAP24",1,5.50093e-06,TRUE
"WRN",1,2.78246e-07,TRUE
"FUT10",1,5.44739e-35,TRUE
"AF146191.4",2,5.24514e-10,TRUE
"SPINK2",2,3.17294e-09,TRUE
"RASGEF1B",2,8.06429e-12,TRUE
"RP11-722E23.2",2,4.97708e-10,TRUE
"LSM1",1,2.95682e-06,TRUE
"PLEKHA2",1,3.94871e-07,TRUE
"ADAM32",1,7.90368e-18,TRUE
"NKX6-3",1,8.39148e-14,TRUE
"AP3M2",1,5.92652e-16,TRUE
"SMIM19",1,3.35452e-26,TRUE
"MCM4",1,1.0186e-09,TRUE
"EFCAB1",1,2.90299e-37,TRUE
"SNTG1",1,9.30106e-10,TRUE
"MRPL15",1,5.15753e-09,TRUE
"TMEM68",1,5.47561e-15,TRUE
"LYN",1,4.83849e-08,TRUE
"RP11-246K15.1",1,2.44106e-09,TRUE
"UBXN2B",1,4.58953e-14,TRUE
"GGH",1,1.03875e-21,TRUE
"CTD-3025N20.3",1,7.64773e-14,TRUE
"ADHFE1",1,5.36596e-15,TRUE
"C8orf46",1,3.98029e-08,TRUE
"TCF24",1,9.13718e-09,TRUE
"XKR9",1,1.23161e-119,TRUE
"EYA1",1,1.21512e-10,TRUE
"SBSPON",1,1.55827e-08,TRUE
"SAMD12",1,4.03756e-16,TRUE
"TNFRSF11B",1,1.69478e-07,TRUE
"MAL2",1,3.36551e-06,TRUE
"TAF2",1,2.52751e-06,TRUE
"DSCC1",1,4.13683e-27,TRUE
"WDYHV1",1,1.30441e-18,TRUE
"ANXA13",1,3.96373e-16,TRUE
"FER1L6",1,5.21734e-07,TRUE
"RP11-383J24.6",1,1.04031e-11,TRUE
"RNF139-AS1",1,4.08104e-08,TRUE
"MTSS1",1,1.83005e-06,TRUE
"POU5F1B",1,2.69285e-07,TRUE
"TG",1,7.50053e-15,TRUE
"KHDRBS3",1,3.29864e-06,TRUE
"COL22A1",1,3.18346e-09,TRUE
"DENND3",1,2.09987e-08,TRUE
"TSNARE1",1,5.6661e-08,TRUE
"THEM6",1,2.70931e-12,TRUE
"LYNX1",1,5.10631e-59,TRUE
"C8orf31",1,1.61228e-10,TRUE
"LY6H",1,1.8232e-28,TRUE
"CA8",2,5.98035e-17,TRUE
"TTPA",2,3.65838e-10,TRUE
"LACTB2",2,1.74513e-12,TRUE
"CHRAC1",2,8.66711e-08,TRUE
"PSCA",2,1.24451e-22,TRUE
"LY6K",2,9.54193e-18,TRUE
"ZC3H3",2,9.26713e-07,TRUE
"GSDMD",1,1.06608e-18,TRUE
"NAPRT1",1,8.1772e-52,TRUE
"RP11-661A12.14",1,2.82382e-08,TRUE
"ZNF707",1,4.91133e-08,TRUE
"PLEC",1,1.66353e-14,TRUE
"GRINA",1,8.72173e-07,TRUE
"KIAA1875",1,5.43597e-12,TRUE
"CPSF1",1,4.53615e-40,TRUE
"SLC39A4",1,4.00809e-06,TRUE
"VPS28",1,2.6011e-24,TRUE
"KIFC2",1,5.1609e-11,TRUE
"FOXH1",1,5.01507e-11,TRUE
"ZNF34",1,2.48794e-13,TRUE
"RPL8",1,3.36899e-24,TRUE
"CTD-2036P10.3",1,6.50119e-06,TRUE
"ADAL",1,1.35327e-23,TRUE
"ZSCAN29",1,5.58397e-06,TRUE
"CKMT1B",1,6.417e-07,TRUE
"ELL3",1,2.20191e-09,TRUE
"WDR76",1,1.32547e-07,TRUE
"CTD-2008A1.1",1,1.49191e-25,TRUE
"SORD",1,2.91951e-11,TRUE
"SPATA5L1",1,1.25474e-24,TRUE
"SEMA6D",1,4.32643e-09,TRUE
"DTWD1",1,6.54395e-07,TRUE
"CTD-3110H11.1",1,6.89232e-32,TRUE
"GLDN",1,3.36396e-06,TRUE
"RP11-430B1.2",1,1.40729e-09,TRUE
"MYO5C",1,8.72238e-21,TRUE
"MYO5A",1,7.49412e-10,TRUE
"ARPP19",1,2.48855e-07,TRUE
"WDR72",1,1.27367e-18,TRUE
"DYX1C1",1,2.11561e-07,TRUE
"TEX9",1,3.81614e-08,TRUE
"GCOM1",1,4.72726e-15,TRUE
"MYZAP",1,3.07193e-16,TRUE
"POLR2M",1,4.47794e-08,TRUE
"LIPC",1,8.87284e-11,TRUE
"ADAM10",1,1.37402e-07,TRUE
"NARG2",1,7.78804e-08,TRUE
"TPM1",1,5.21184e-25,TRUE
"APH1B",1,1.96051e-06,TRUE
"DAPK2",1,1.92179e-19,TRUE
"SNX1",1,8.93491e-07,TRUE
"BCKDHA",1,8.92661e-10,TRUE
"EXOSC5",1,8.02243e-08,TRUE
"B3GNT8",1,1.56517e-08,TRUE
"AC006129.4",1,3.16135e-06,TRUE
"SLC28A2",2,2.07532e-23,TRUE
"CYP19A1",2,2.26199e-07,TRUE
"CXCL17",1,2.57988e-08,TRUE
"PSG5",1,7.90416e-07,TRUE
"PSG4",1,3.72283e-32,TRUE
"PHLDB3",1,4.11157e-12,TRUE
"ZNF575",1,2.42985e-17,TRUE
"PINLYP",1,3.56868e-09,TRUE
"SMG9",1,8.62916e-07,TRUE
"ZNF283",1,2.08875e-10,TRUE
"ZNF404",1,1.4962e-11,TRUE
"RP11-15A1.3",1,1.41695e-11,TRUE
"ZNF155",1,2.67878e-34,TRUE
"ZNF223",2,2.19385e-07,TRUE
"ZNF234",1,8.25443e-07,TRUE
"PVR",1,3.57147e-08,TRUE
"APOC1",1,1.2505e-08,TRUE
"GEMIN7",1,3.32888e-12,TRUE
"PPM1N",1,6.06786e-11,TRUE
"IGFL4",1,4.78636e-07,TRUE
"AC006262.5",1,2.34269e-06,TRUE
"CCDC8",1,8.24355e-35,TRUE
"PNMAL1",1,1.75467e-53,TRUE
"PNMAL2",1,7.56027e-07,TRUE
"FKRP",1,7.26485e-10,TRUE
"SLC1A5",1,5.18499e-07,TRUE
"AP2S1",1,4.0139e-07,TRUE
"C5AR1",1,3.42063e-07,TRUE
"DHX34",1,1.16435e-06,TRUE
"MEIS3",1,2.63077e-37,TRUE
"PLA2G4C",1,1.3944e-06,TRUE
"ZNF114",1,1.41145e-07,TRUE
"EMP3",1,4.34232e-09,TRUE
"CCDC114",1,2.10415e-06,TRUE
"TUBGCP5",1,1.48228e-10,TRUE
"PWRN1",1,3.05526e-15,TRUE
"SNORD116-20",1,6.82387e-24,TRUE
"GABRA5",1,3.13549e-20,TRUE
"FAM189A1",1,2.34373e-10,TRUE
"AC026150.8",1,1.22194e-12,TRUE
"KLF13",1,1.26974e-07,TRUE
"CHRNA7",1,1.87668e-08,TRUE
"GOLGA8O",1,2.01223e-18,TRUE
"RP11-1000B6.3",1,5.91189e-13,TRUE
"GOLGA8N",1,3.22249e-35,TRUE
"FMN1",1,7.00197e-22,TRUE
"ETHE1",2,1.02233e-16,TRUE
"ZNF284",2,2.79802e-12,TRUE
"CHRFAM7A",2,1.9695e-23,TRUE
"GOLGA8H",2,1.95037e-13,TRUE
"PSG9",3,2.07386e-08,TRUE
"AVEN",1,1.82126e-12,TRUE
"NOP10",1,3.57486e-06,TRUE
"GOLGA8A",1,9.17204e-09,TRUE
"GOLGA8B",1,1.81345e-12,TRUE
"GJD2",1,5.21339e-09,TRUE
"ZNF770",1,4.17713e-06,TRUE
"RP11-265N7.1",1,8.30219e-07,TRUE
"EIF2AK4",1,2.1485e-12,TRUE
"SRP14-AS1",1,4.24563e-23,TRUE
"PLCB2",1,1.99334e-21,TRUE
"DISP2",1,1.1029e-24,TRUE
"IVD",1,2.83617e-20,TRUE
"C15orf57",1,1.23862e-54,TRUE
"ZFYVE19",1,2.15784e-09,TRUE
"NDUFAF1",1,4.79294e-34,TRUE
"RPAP1",1,1.68045e-22,TRUE
"SPTBN5",1,1.86796e-35,TRUE
"RP11-23P13.7",1,2.38935e-08,TRUE
"VPS39",1,2.04361e-06,TRUE
"MTHFS",1,3.06116e-08,TRUE
"ST20-MTHFS",1,5.00641e-07,TRUE
"RP11-2E17.1",1,2.58433e-09,TRUE
"ARNT2",1,1.88709e-07,TRUE
"EFTUD1",1,3.04598e-09,TRUE
"FAM154B",1,6.56718e-31,TRUE
"GOLGA6L9",1,6.75681e-12,TRUE
"FAM103A1",1,4.22578e-17,TRUE
"C15orf40",1,1.81923e-15,TRUE
"TM6SF1",1,9.85842e-10,TRUE
"KLHL25",1,1.56112e-08,TRUE
"AEN",1,4.55305e-07,TRUE
"MFGE8",1,1.45877e-09,TRUE
"LINC00925",1,5.16071e-08,TRUE
"PLIN1",1,1.27396e-07,TRUE
"PEX11A",1,1.57384e-12,TRUE
"WDR93",1,3.5747e-14,TRUE
"AP3S2",1,3.1656e-65,TRUE
"C15orf38-AP3S2",1,1.23349e-60,TRUE
"C15orf38",1,6.15434e-10,TRUE
"IDH2",1,3.1066e-09,TRUE
"ZNF774",1,2.6854e-08,TRUE
"IQGAP1",1,8.40023e-28,TRUE
"FURIN",1,1.53481e-06,TRUE
"FES",1,5.54097e-21,TRUE
"UNC45A",1,4.00331e-08,TRUE
"RCCD1",1,1.06359e-14,TRUE
"ACTC1",2,9.96375e-08,TRUE
"KNSTRN",2,3.87193e-82,TRUE
"RP11-182J1.16",2,7.09585e-26,TRUE
"GOLGA6L4",2,2.31807e-36,TRUE
"SV2B",1,3.44957e-15,TRUE
"RP11-661P17.1",1,1.63586e-18,TRUE
"RGMA",1,8.88166e-07,TRUE
"SYNM",1,1.19152e-23,TRUE
"TTC23",1,1.227e-28,TRUE
"CTD-2054N24.2",1,8.82601e-41,TRUE
"RP11-526I2.5",1,8.18276e-56,TRUE
"RP11-66B24.7",1,1.29765e-12,TRUE
"RP11-66B24.1",1,9.05324e-09,TRUE
"PCSK6",1,8.08845e-08,TRUE
"NDUFA3",1,2.29247e-21,TRUE
"RPS9",1,6.31218e-16,TRUE
"CDC42EP5",1,1.04222e-06,TRUE
"NLRP2",1,2.36441e-26,TRUE
"RDH13",1,8.83988e-07,TRUE
"EPS8L1",1,1.14182e-06,TRUE
"CTD-2587H24.4",1,1.33981e-08,TRUE
"DNAAF3",1,1.1289e-11,TRUE
"SYT5",1,1.47892e-07,TRUE
"RPL28",1,2.11451e-17,TRUE
"SSC5D",1,3.69779e-12,TRUE
"SBK2",1,7.59217e-07,TRUE
"SBK3",1,1.81548e-06,TRUE
"CCDC106",1,8.39867e-07,TRUE
"ZSCAN5A",1,4.34069e-07,TRUE
"ZNF582-AS1",1,5.63122e-12,TRUE
"ZNF471",1,4.57546e-08,TRUE
"ZFP28",1,4.59443e-08,TRUE
"ZNF470",1,1.57946e-14,TRUE
"AURKC",1,1.69925e-11,TRUE
"ZNF543",1,1.68504e-06,TRUE
"TRAPPC2P1",1,4.25828e-07,TRUE
"AC004076.7",1,1.18257e-84,TRUE
"ZNF749",1,2.69141e-19,TRUE
"VN1R1",1,2.21322e-10,TRUE
"AC004076.9",1,1.56493e-06,TRUE
"ZNF772",1,5.6217e-26,TRUE
"ZNF419",1,4.96484e-21,TRUE
"ZNF773",1,1.66992e-08,TRUE
"ZNF550",1,2.85562e-24,TRUE
"ZIK1",1,7.22761e-07,TRUE
"ZNF586",1,4.94548e-18,TRUE
"ZNF587",1,2.62813e-08,TRUE
"ZNF814",1,1.69031e-09,TRUE
"CTD-2368P22.1",1,6.4028e-13,TRUE
"ZNF329",1,4.728e-06,TRUE
"AC010642.1",1,6.79978e-09,TRUE
"ZNF497",1,1.98227e-09,TRUE
"AC008746.12",2,9.55301e-09,TRUE
"ZNF304",2,1.01036e-06,TRUE
"ZNF584",1,1.41438e-36,TRUE
"CTD-2619J13.17",1,1.11695e-16,TRUE
"ZNF132",1,4.08357e-35,TRUE
"CTD-2619J13.19",1,4.35586e-07,TRUE
"UBA52",1,2.12004e-08,TRUE
"COMP",1,3.19862e-07,TRUE
"CERS1",1,1.39425e-06,TRUE
"CTC-559E9.4",1,5.21589e-17,TRUE
"ZNF506",1,7.42777e-16,TRUE
"AC007204.2",1,2.33055e-14,TRUE
"ZNF682",1,3.07656e-12,TRUE
"ZNF486",1,3.27643e-07,TRUE
"ZNF737",1,1.11644e-06,TRUE
"ZNF626",1,1.46988e-08,TRUE
"ZNF66",1,2.87149e-12,TRUE
"ZNF714",1,3.65436e-07,TRUE
"ZNF738",1,1.26147e-23,TRUE
"CTD-2561J22.3",1,6.43621e-07,TRUE
"ZNF429",1,3.49279e-19,TRUE
"RP11-678G14.3",1,5.04521e-42,TRUE
"ZNF100",1,1.72542e-59,TRUE
"ZNF208",1,1.55456e-14,TRUE
"ZNF257",1,3.75933e-21,TRUE
"ZNF676",1,5.21156e-14,TRUE
"ZNF492",1,1.02849e-15,TRUE
"ZNF681",1,1.39987e-06,TRUE
"CTD-2017D11.1",1,4.84453e-36,TRUE
"CTC-459F4.1",1,9.73054e-41,TRUE
"CTC-459F4.3",1,6.15669e-15,TRUE
"LINC00662",1,3.15824e-13,TRUE
"TSHZ3",1,8.38564e-07,TRUE
"ZNF507",1,1.51502e-08,TRUE
"PDCD5",1,3.31613e-16,TRUE
"CTD-2538C1.2",1,3.49416e-10,TRUE
"NUDT19",1,2.77724e-14,TRUE
"CTD-2085J24.4",1,8.19178e-07,TRUE
"C19orf40",1,3.63977e-10,TRUE
"RHPN2",1,2.68935e-10,TRUE
"GPATCH1",1,1.88987e-06,TRUE
"PEPD",1,8.03064e-20,TRUE
"CHST8",1,8.20062e-08,TRUE
"ZNF302",1,8.7983e-20,TRUE
"ZNF181",1,1.29038e-25,TRUE
"CTD-2626G11.2",2,7.04248e-13,TRUE
"ZNF85",2,1.48204e-06,TRUE
"ZNF708",2,1.7574e-07,TRUE
"LINC00664",2,2.45201e-11,TRUE
"ZNF98",2,1.42458e-10,TRUE
"AC079466.1",2,1.6365e-07,TRUE
"SCGB2B2",2,2.18635e-07,TRUE
"CTC-523E23.11",1,6.00131e-09,TRUE
"ZNF30",1,6.87451e-15,TRUE
"GRAMD1A",1,2.42844e-09,TRUE
"SCN1B",1,4.48841e-18,TRUE
"CD22",1,7.18132e-14,TRUE
"AC002511.3",1,2.83649e-07,TRUE
"SLC25A41",1,2.06761e-45,TRUE
"TNFSF14",1,1.92584e-06,TRUE
"GPR108",1,9.2632e-11,TRUE
"PEX11G",1,1.76893e-09,TRUE
"CTD-3214H19.4",1,6.61907e-11,TRUE
"STXBP2",1,4.31314e-18,TRUE
"RPS28",1,2.78591e-38,TRUE
"MARCH2",1,1.15354e-25,TRUE
"OR7D2",1,6.94789e-74,TRUE
"ZNF559",1,6.19584e-31,TRUE
"ZNF177",2,5.24309e-33,TRUE
"ZNF266",1,2.98125e-70,TRUE
"ZNF561",1,1.6897e-15,TRUE
"ZNF846",1,4.5485e-09,TRUE
"CTD-2369P2.2",1,1.94162e-07,TRUE
"S1PR2",1,2.12206e-07,TRUE
"PDE4A",1,4.87164e-07,TRUE
"KRI1",1,3.153e-12,TRUE
"ILF3-AS1",1,2.51125e-07,TRUE
"KANK2",1,1.004e-07,TRUE
"RGL3",1,1.73501e-14,TRUE
"ZNF440",1,2.16621e-06,TRUE
"SETDB2",1,3.62893e-12,TRUE
"PHF11",1,1.75859e-07,TRUE
"RCBTB1",1,1.02277e-11,TRUE
"EBPL",1,5.48005e-19,TRUE
"SPRYD7",1,2.0588e-07,TRUE
"DLEU1",1,9.42058e-07,TRUE
"RNASEH2B",1,8.3958e-43,TRUE
"ATP7B",1,1.88788e-10,TRUE
"NEK5",1,2.50067e-07,TRUE
"NEK3",1,1.60854e-24,TRUE
"CKAP2",1,3.53665e-32,TRUE
"HNRNPA1L2",1,4.66599e-09,TRUE
"OLFM4",1,1.96238e-09,TRUE
"PCDH20",1,1.38961e-08,TRUE
"PCDH9",1,3.33769e-06,TRUE
"KLHL1",1,8.93094e-13,TRUE
"BORA",1,1.28023e-07,TRUE
"CTD-2325M2.1",2,9.48045e-12,TRUE
"P2RY11",2,9.64793e-08,TRUE
"CAB39L",2,1.29709e-15,TRUE
"LINC00348",2,1.47662e-06,TRUE
"PIBF1",1,2.00604e-10,TRUE
"CLN5",1,9.29252e-11,TRUE
"GPC6",1,4.49766e-07,TRUE
"DCT",1,9.25095e-07,TRUE
"TGDS",1,6.20515e-07,TRUE
"GPR180",1,4.2924e-08,TRUE
"ABCC4",1,5.32073e-09,TRUE
"DZIP1",1,5.98945e-09,TRUE
"DNAJC3-AS1",1,1.79611e-07,TRUE
"DNAJC3",1,6.36722e-07,TRUE
"UGGT2",1,6.15337e-24,TRUE
"LINC00359",1,1.59157e-33,TRUE
"OXGR1",1,7.43273e-12,TRUE
"SLC15A1",1,1.87191e-12,TRUE
"DOCK9",1,4.17263e-07,TRUE
"GGACT",1,2.67804e-13,TRUE
"TMTC4",1,3.58689e-14,TRUE
"NALCN",1,2.10244e-08,TRUE
"CARKD",1,4.89596e-08,TRUE
"CARS2",1,9.30227e-09,TRUE
"ARHGEF7",1,3.365e-07,TRUE
"RP11-120K24.3",1,8.0757e-12,TRUE
"F7",1,1.35379e-10,TRUE
"GRTP1",1,3.97207e-12,TRUE
"DCUN1D2",1,5.42603e-07,TRUE
"TMCO3",1,1.4503e-10,TRUE
"TMEM255B",1,7.47653e-12,TRUE
"GAS6-AS2",1,4.64497e-07,TRUE
"RASA3",1,1.50851e-07,TRUE
"CDC16",1,6.26431e-16,TRUE
"UPF3A",1,8.92913e-13,TRUE
"GLB1L",1,8.31462e-07,TRUE
"EPHA4",1,8.0622e-18,TRUE
"DOCK10",1,5.89925e-07,TRUE
"COL4A4",1,5.60516e-07,TRUE
"COL4A3",1,7.76511e-07,TRUE
"MFF",1,4.56568e-10,TRUE
"SPHKAP",1,2.3211e-35,TRUE
"PID1",1,2.40908e-08,TRUE
"DNER",1,6.88411e-12,TRUE
"FBXO36",1,5.43805e-13,TRUE
"SLC16A14",1,2.22811e-07,TRUE
"ITM2C",1,9.14052e-09,TRUE
"C2orf72",1,8.95724e-12,TRUE
"HTR2B",1,1.17773e-16,TRUE
"B3GNT7",1,1.4665e-08,TRUE
"NMUR1",1,3.70999e-07,TRUE
"ECEL1",1,2.59627e-07,TRUE
"EFHD1",1,1.10065e-19,TRUE
"PROZ",3,2.07715e-11,TRUE
"KCNJ13",1,2.18268e-07,TRUE
"NGEF",1,2.3274e-07,TRUE
"USP40",1,5.78293e-18,TRUE
"RBM44",1,4.19707e-16,TRUE
"ESPNL",1,9.98098e-42,TRUE
"AC016757.3",1,5.40846e-20,TRUE
"ASB1",1,3.31442e-11,TRUE
"NDUFA10",1,1.04464e-29,TRUE
"ANKMY1",1,1.29064e-15,TRUE
"AC011298.2",1,3.19454e-08,TRUE
"AGXT",1,7.14561e-23,TRUE
"C2orf54",1,2.84347e-43,TRUE
"MTERFD2",1,2.07519e-11,TRUE
"PASK",1,1.04516e-06,TRUE
"ANO7",1,6.87054e-18,TRUE
"SEPT2",1,2.74096e-25,TRUE
"FARP2",1,2.4348e-07,TRUE
"D2HGDH",1,5.79629e-24,TRUE
"AC093642.3",1,7.07871e-08,TRUE
"PPP1CB",1,1.91781e-10,TRUE
"TRMT61B",1,6.43439e-46,TRUE
"FAM179A",1,1.60814e-22,TRUE
"LCLAT1",1,1.07445e-13,TRUE
"GALNT14",1,1.51526e-13,TRUE
"RP11-563N4.1",1,5.14781e-07,TRUE
"TTC27",1,2.96632e-13,TRUE
"LTBP1",1,3.7413e-10,TRUE
"RASGRP3",1,1.2919e-07,TRUE
"AC073218.2",1,1.32914e-06,TRUE
"NDUFAF7",1,1.97765e-09,TRUE
"CEBPZ",1,2.27804e-07,TRUE
"RMDN2",1,1.05135e-14,TRUE
"GALM",1,4.62005e-09,TRUE
"SLC8A1",1,1.54051e-06,TRUE
"PKDCC",1,7.12547e-08,TRUE
"HAAO",1,3.64676e-10,TRUE
"DYNC2LI1",1,3.38681e-09,TRUE
"LRPPRC",1,7.29316e-16,TRUE
"RP11-89K21.1",1,1.07966e-17,TRUE
"SIX3",1,5.48385e-24,TRUE
"AC012354.6",1,2.48e-21,TRUE
"SIX2",1,7.78164e-10,TRUE
"SRBD1",1,7.27449e-08,TRUE
"ATP6V1E2",1,2.44683e-18,TRUE
"MCFD2",1,2.6946e-11,TRUE
"BCYRN1",1,1.41034e-06,TRUE
"AC073283.4",1,4.98297e-11,TRUE
"MSH2",1,6.67945e-19,TRUE
"PPP1R21",1,1.35442e-10,TRUE
"HDLBP",2,1.66268e-08,TRUE
"STON1",1,9.98367e-12,TRUE
"STON1-GTF2A1L",1,5.11941e-13,TRUE
"GTF2A1L",1,8.78164e-52,TRUE
"ACYP2",1,1.19244e-06,TRUE
"RP11-477N3.1",1,1.6818e-09,TRUE
"C2orf73",1,1.43205e-22,TRUE
"EML6",1,1.19674e-07,TRUE
"CLHC1",1,3.56957e-10,TRUE
"MTIF2",1,1.68231e-08,TRUE
"CCDC88A",1,2.35024e-07,TRUE
"SMEK2",1,1.48645e-06,TRUE
"EFEMP1",1,8.68945e-08,TRUE
"CCDC85A",1,7.54915e-28,TRUE
"KIAA1841",1,2.04414e-80,TRUE
"WDSUB1",1,4.55142e-33,TRUE
"AC009961.3",1,3.8361e-24,TRUE
"LY75-CD302",1,7.15052e-63,TRUE
"LY75",1,4.72109e-70,TRUE
"PLA2R1",1,3.10237e-06,TRUE
"AC009299.3",1,6.03408e-107,TRUE
"SLC38A11",1,3.03037e-14,TRUE
"GALNT3",1,1.68351e-11,TRUE
"TTC21B",1,4.35151e-09,TRUE
"G6PC2",1,3.13649e-09,TRUE
"SPC25",1,4.0838e-12,TRUE
"FASTKD1",1,1.2498e-09,TRUE
"CCDC173",1,2.1903e-16,TRUE
"GAD1",1,5.80047e-07,TRUE
"TLK1",1,1.91887e-09,TRUE
"DYNC1I2",1,6.33304e-17,TRUE
"PDK1",1,2.69711e-06,TRUE
"CDCA7",1,2.81312e-25,TRUE
"OLA1",1,5.00109e-09,TRUE
"SCRN3",1,1.31713e-06,TRUE
"WIPF1",1,4.62633e-12,TRUE
"CHRNA1",1,1.87984e-11,TRUE
"ATF2",1,3.27466e-06,TRUE
"ATP5G3",1,2.94325e-11,TRUE
"KIAA1715",1,7.1994e-11,TRUE
"AGPS",1,3.63933e-11,TRUE
"OSBPL6",1,1.0005e-06,TRUE
"FKBP7",1,6.77552e-07,TRUE
"UBE2E3",1,5.1631e-07,TRUE
"CERKL",1,4.20818e-09,TRUE
"PPP1R1C",1,1.61207e-28,TRUE
"NUP35",1,6.93911e-07,TRUE
"RP11-438L19.1",1,8.82849e-07,TRUE
"FSIP2",1,1.65522e-07,TRUE
"ITGAV",1,5.62273e-08,TRUE
"PHOSPHO2",2,1.31978e-10,TRUE
"GULP1",1,3.28608e-20,TRUE
"ASNSD1",1,7.78377e-19,TRUE
"ORMDL1",1,3.87381e-33,TRUE
"HIBCH",1,2.51625e-29,TRUE
"MFSD6",1,1.95902e-07,TRUE
"IMMT",1,1.2461e-09,TRUE
"REEP1",1,4.01573e-12,TRUE
"CHMP3",1,1.05167e-10,TRUE
"RNF103-CHMP3",1,1.61923e-08,TRUE
"CD8A",1,3.38082e-08,TRUE
"RGPD1",1,2.79768e-10,TRUE
"PLGLB1",1,7.12356e-10,TRUE
"PLGLB2",1,2.43968e-06,TRUE
"THNSL2",1,5.67164e-88,TRUE
"ZNF514",1,4.01049e-17,TRUE
"ADRA2B",1,4.08471e-07,TRUE
"CNNM3",1,6.48402e-06,TRUE
"FAHD2B",1,1.71079e-06,TRUE
"ANKRD36",1,1.81439e-07,TRUE
"AC159540.2",1,4.11525e-20,TRUE
"AC159540.1",1,1.90902e-33,TRUE
"ZAP70",1,8.3506e-18,TRUE
"UNC50",1,1.1516e-07,TRUE
"LIPT1",1,2.73034e-33,TRUE
"TSGA10",1,1.32159e-49,TRUE
"AFF3",1,9.89647e-09,TRUE
"LONRF2",1,4.50209e-09,TRUE
"CREG2",1,4.12066e-10,TRUE
"RFX8",1,5.62734e-10,TRUE
"IL1R2",1,1.23618e-34,TRUE
"IL1RL2",1,5.21225e-14,TRUE
"IL1RL1",1,2.19376e-07,TRUE
"MRPS9",1,2.40953e-09,TRUE
"C2orf40",1,3.48736e-11,TRUE
"SULT1C2",1,1.18897e-13,TRUE
"SULT1C4",1,2.30243e-07,TRUE
"GCC2",1,1.18105e-06,TRUE
"SEPT10",1,1.06645e-08,TRUE
"AC013268.5",1,4.29455e-14,TRUE
"LINC00116",1,6.56731e-07,TRUE
"AC112229.7",1,7.48247e-09,TRUE
"AC108463.1",1,8.16923e-11,TRUE
"MERTK",1,1.4063e-34,TRUE
"FBLN7",1,2.75348e-07,TRUE
"RGPD8",1,6.36905e-56,TRUE
"AC079922.3",1,1.84244e-10,TRUE
"CCDC88C",1,1.37931e-08,TRUE
"TC2N",1,7.1921e-07,TRUE
"IL1R1",2,1.15202e-07,TRUE
"POLR1B",2,2.99764e-14,TRUE
"ATXN3",1,7.92929e-09,TRUE
"CPSF2",1,1.27202e-19,TRUE
"RIN3",1,1.80864e-06,TRUE
"LGMN",1,1.73547e-08,TRUE
"BTBD7",1,1.52895e-07,TRUE
"IFI27L1",1,6.40506e-17,TRUE
"IFI27L2",1,9.93164e-25,TRUE
"SERPINA6",1,2.06292e-09,TRUE
"SERPINA1",1,3.81305e-08,TRUE
"SERPINA4",1,4.82557e-09,TRUE
"DICER1",1,1.15215e-08,TRUE
"GLRX5",1,1.94816e-12,TRUE
"LINC00617",1,2.29844e-06,TRUE
"C14orf132",1,1.89984e-06,TRUE
"VRK1",1,5.98127e-07,TRUE
"EVL",1,6.69852e-11,TRUE
"DEGS2",1,2.69054e-06,TRUE
"WDR25",1,2.07872e-09,TRUE
"DLK1",1,3.99457e-08,TRUE
"AL132709.8",1,3.42266e-08,TRUE
"RP11-909M7.3",1,2.74245e-06,TRUE
"RP11-1017G21.5",1,6.06944e-14,TRUE
"MARK3",1,7.61363e-08,TRUE
"CKB",1,2.02776e-06,TRUE
"APOPT1",1,6.73495e-10,TRUE
"RP11-73M18.9",1,9.81506e-17,TRUE
"XRCC3",1,6.01146e-07,TRUE
"PPP1R13B",1,3.69964e-06,TRUE
"TDRD9",1,2.68128e-11,TRUE
"KIF26A",1,2.57749e-18,TRUE
"TMEM179",1,3.22683e-14,TRUE
"RP11-982M15.6",1,1.24444e-06,TRUE
"ADSSL1",1,1.00673e-18,TRUE
"LINC00638",1,2.22914e-16,TRUE
"C14orf79",1,8.77572e-21,TRUE
"SNRNP25",1,2.51237e-13,TRUE
"POLR3K",1,7.86722e-07,TRUE
"NPRL3",1,1.09068e-17,TRUE
"ITFG3",2,2.08694e-09,TRUE
"ARHGDIG",1,3.50227e-09,TRUE
"RGS11",1,1.0992e-06,TRUE
"PDIA2",1,2.03564e-20,TRUE
"TMEM8A",1,6.41074e-17,TRUE
"DECR2",1,1.92242e-56,TRUE
"WFIKKN1",1,3.53222e-23,TRUE
"C16orf13",1,1.61211e-17,TRUE
"RP11-433J8.1",2,2.12236e-06,TRUE
"RP11-543C4.1",2,7.1676e-09,TRUE
"MOK",2,2.78186e-06,TRUE
"MSLN",1,1.24637e-08,TRUE
"LMF1",1,8.33222e-16,TRUE
"CACNA1H",1,1.66259e-06,TRUE
"TPSG1",1,3.21225e-08,TRUE
"RP11-616M22.7",1,6.16535e-11,TRUE
"BAIAP3",1,2.31359e-28,TRUE
"IGFALS",1,3.34546e-11,TRUE
"FAHD1",1,3.07061e-84,TRUE
"HAGH",1,7.27047e-24,TRUE
"RPL3L",1,9.86626e-45,TRUE
"RPS2",1,3.80122e-09,TRUE
"SNHG9",1,1.03821e-23,TRUE
"SYNGR3",1,1.46332e-15,TRUE
"MLST8",1,1.83513e-09,TRUE
"MIR940",1,1.02335e-06,TRUE
"ZG16B",1,2.40797e-45,TRUE
"LA16c-325D7.2",1,3.00825e-22,TRUE
"FLYWCH1",1,7.92888e-34,TRUE
"PAQR4",1,6.0483e-07,TRUE
"LA16c-380H5.5",1,1.48531e-31,TRUE
"IL32",1,2.24163e-19,TRUE
"TIGD7",1,6.4234e-07,TRUE
"NAA60",2,3.99953e-11,TRUE
"CLUAP1",1,1.23662e-29,TRUE
"ADCY9",1,6.07253e-07,TRUE
"RP11-95P2.1",1,3.12144e-07,TRUE
"MGRN1",1,7.90278e-09,TRUE
"ZNF500",1,1.21103e-14,TRUE
"SMIM22",1,2.93349e-17,TRUE
"CARHSP1",1,2.0108e-07,TRUE
"ATF7IP2",1,8.23776e-11,TRUE
"EMP2",1,3.52734e-08,TRUE
"MIS18BP1",1,9.37962e-07,TRUE
"RPL36AL",1,3.75128e-17,TRUE
"VCPKMT",1,3.50781e-18,TRUE
"ATP5S",1,5.69181e-10,TRUE
"L2HGDH",1,2.48741e-06,TRUE
"PYGL",1,1.66046e-10,TRUE
"RP11-218E20.3",1,1.00563e-06,TRUE
"TRIM9",1,1.68337e-17,TRUE
"TXNDC16",1,3.60003e-08,TRUE
"GPR137C",1,7.86167e-07,TRUE
"BMP4",1,2.75939e-06,TRUE
"WDHD1",1,2.37826e-13,TRUE
"RP11-665C16.6",1,3.19833e-16,TRUE
"TMEM260",1,7.12333e-12,TRUE
"ACTR10",1,1.1579e-12,TRUE
"NMRAL1",2,1.51089e-14,TRUE
"PTGDR",2,2.16146e-06,TRUE
"C14orf37",1,1.07552e-09,TRUE
"GPR135",1,2.94142e-06,TRUE
"JKAMP",1,1.21115e-06,TRUE
"CCDC175",1,3.22418e-08,TRUE
"C14orf39",1,3.8485e-07,TRUE
"TMEM30B",1,5.03899e-07,TRUE
"SNAPC1",1,3.00196e-17,TRUE
"RHOJ",1,3.13492e-08,TRUE
"ESR2",1,1.60077e-07,TRUE
"MTHFD1",1,1.10779e-11,TRUE
"PLEKHG3",1,3.23384e-06,TRUE
"CHURC1",1,6.0336e-108,TRUE
"FNTB",1,2.37865e-10,TRUE
"SYN1",1,1.21747e-05,TRUE
"KCND1",1,6.64729e-06,TRUE
"CACNA1F",1,3.08969e-11,TRUE
"USP27X-AS1",1,4.40202e-07,TRUE
"FAM156B",1,2.21961e-05,TRUE
"FAM156A",1,1.72866e-22,TRUE
"GPR173",1,1.01714e-06,TRUE
"TRO",1,2.33449e-05,TRUE
"MAGEH1",1,2.56223e-06,TRUE
"KLF8",1,2.31753e-06,TRUE
"SPIN2B",1,2.87451e-07,TRUE
"AR",1,1.09401e-06,TRUE
"LINC00269",1,2.65879e-14,TRUE
"EDA",1,3.29623e-12,TRUE
"PIN4",1,4.13171e-19,TRUE
"NAP1L6",1,3.63127e-05,TRUE
"JPX",1,2.40747e-09,TRUE
"CXorf56",1,6.24386e-26,TRUE
"SEPT6",1,1.65781e-06,TRUE
"RNF113A",1,1.79006e-08,TRUE
"TMEM255A",1,8.54221e-30,TRUE
"TENM1",1,1.50198e-06,TRUE
"IGSF1",1,4.8452e-15,TRUE
"RP11-453F18__B.1",1,2.66446e-10,TRUE
"FAM127C",1,4.38812e-09,TRUE
"ARHGEF6",1,8.5289e-10,TRUE
"LDOC1",1,5.47574e-15,TRUE
"SLITRK4",1,1.15018e-09,TRUE
"SLITRK2",1,1.29866e-13,TRUE
"AF011889.2",1,3.95973e-29,TRUE
"TMEM185A",1,9.45825e-09,TRUE
"VMA21",1,7.42441e-07,TRUE
"PNMA3",1,1.72653e-17,TRUE
"L3HYPDH",2,9.76752e-22,TRUE
"DHRS7",2,1.3708e-09,TRUE
"ARR3",2,1.55258e-08,TRUE
"HS6ST2",2,1.31991e-07,TRUE
"PNMA6C",1,3.99487e-19,TRUE
"SSR4",1,5.33737e-06,TRUE
"TMEM187",1,1.32797e-15,TRUE
"IRAK1",1,2.98611e-06,TRUE
"FAM50A",1,4.57244e-09,TRUE
"FAM3A",1,3.02036e-14,TRUE
"F8A1",1,8.47476e-57,TRUE
"BRCC3",1,3.13513e-05,TRUE
"TMLHE",1,2.6837e-33,TRUE
"INO80C",1,4.94176e-07,TRUE
"MOCOS",1,5.8639e-11,TRUE
"TPGS2",1,2.58024e-22,TRUE
"RP11-142I20.1",1,3.16694e-22,TRUE
"PIK3C3",1,3.44833e-06,TRUE
"SLC14A1",1,1.58167e-06,TRUE
"PSTPIP2",1,4.46987e-07,TRUE
"HAUS1",1,2.143e-16,TRUE
"HDHD2",1,8.6834e-27,TRUE
"ZBTB7C",1,1.03542e-07,TRUE
"RPL17",1,2.07675e-09,TRUE
"LIPG",1,9.8257e-09,TRUE
"ACAA2",1,1.3887e-14,TRUE
"RP11-886H22.1",1,7.47423e-12,TRUE
"POLI",1,9.02812e-36,TRUE
"FECH",1,1.59758e-12,TRUE
"NARS",1,1.27979e-06,TRUE
"PIGN",1,1.49545e-23,TRUE
"TNFRSF11A",1,1.62291e-08,TRUE
"HMSD",1,3.27919e-10,TRUE
"SERPINB8",1,2.87489e-08,TRUE
"CDH19",1,3.13076e-07,TRUE
"LINC00909",1,4.85353e-12,TRUE
"ZADH2",1,7.25469e-14,TRUE
"RP11-111H3.3",1,5.18345e-08,TRUE
"MBP",1,1.4916e-12,TRUE
"AC139100.2",1,2.72132e-06,TRUE
"C17orf75",1,4.48977e-14,TRUE
"CDK5R1",1,4.51726e-09,TRUE
"AC084809.3",1,3.74772e-06,TRUE
"TMEM98",1,1.4647e-11,TRUE
"ASIC2",1,9.57676e-13,TRUE
"TMEM132E",1,7.48788e-09,TRUE
"LIG3",1,7.86721e-13,TRUE
"CCT6B",1,6.88516e-08,TRUE
"RAD51L3-RFFL",1,1.73836e-06,TRUE
"SLFN5",1,1.10274e-16,TRUE
"SLFN12",1,1.00482e-06,TRUE
"DHRS11",1,1.91648e-09,TRUE
"GAB3",2,1.59692e-05,TRUE
"RFFL",2,1.66355e-06,TRUE
"TADA2A",1,2.64763e-12,TRUE
"SYNRG",1,1.2876e-08,TRUE
"MRPL45",1,1.82664e-06,TRUE
"PCGF2",1,2.56119e-15,TRUE
"PIP4K2B",1,8.88925e-10,TRUE
"STARD3",1,8.61541e-09,TRUE
"GSDMB",1,2.92506e-06,TRUE
"ORMDL3",1,2.0571e-06,TRUE
"MED24",1,4.9647e-07,TRUE
"SMARCE1",1,2.45085e-10,TRUE
"TMEM99",1,5.37466e-13,TRUE
"KRT40",1,1.71409e-39,TRUE
"TEN1",1,1.03565e-18,TRUE
"CDK3",1,4.88907e-07,TRUE
"ST6GALNAC2",1,6.0162e-07,TRUE
"ST6GALNAC1",1,1.36049e-08,TRUE
"MXRA7",1,1.70564e-24,TRUE
"MFSD11",1,3.21382e-06,TRUE
"SYNGR2",1,8.09596e-08,TRUE
"RP11-353N14.5",1,1.10146e-06,TRUE
"GAA",1,1.65661e-18,TRUE
"CARD14",1,6.40375e-07,TRUE
"SLC38A10",1,1.79479e-08,TRUE
"ARL16",1,4.43647e-43,TRUE
"STRA13",1,1.24881e-20,TRUE
"OGFOD3",1,1.33226e-10,TRUE
"C17orf62",1,6.69623e-09,TRUE
"NARF",1,7.39588e-08,TRUE
"WDR45B",1,1.73536e-12,TRUE
"FN3KRP",1,3.56469e-44,TRUE
"RP11-497H17.1",1,3.32876e-28,TRUE
"ELP5",1,3.51794e-20,TRUE
"CLDN7",1,8.53736e-23,TRUE
"YBX2",1,1.56662e-09,TRUE
"EIF5A",1,3.34488e-08,TRUE
"CHRNB1",1,1.701e-11,TRUE
"CD68",1,4.12853e-08,TRUE
"ATP1B2",1,4.66502e-08,TRUE
"EFNB3",1,3.68973e-16,TRUE
"CNTROB",1,5.35355e-07,TRUE
"KRBA2",1,8.88973e-07,TRUE
"STX8",1,9.98521e-10,TRUE
"MYH3",1,6.37597e-07,TRUE
"CTC-297N7.8",1,5.11387e-25,TRUE
"ADPRM",1,4.42156e-14,TRUE
"PGAP3",2,5.98555e-27,TRUE
"CASC3",1,4.54988e-06,TRUE
"RP11-1055B8.4",2,2.53906e-10,TRUE
"KCNAB3",2,6.35234e-08,TRUE
"RP11-849F2.8",2,6.87081e-07,TRUE
"TMEM220",1,3.15136e-22,TRUE
"SHISA6",1,1.33917e-22,TRUE
"RP11-680C21.1",1,2.33448e-17,TRUE
"RP11-214O1.2",1,2.92291e-11,TRUE
"TVP23C-CDRT4",1,2.37873e-08,TRUE
"TVP23C",1,6.02955e-19,TRUE
"CDRT1",1,9.33486e-07,TRUE
"TBC1D26",1,2.17351e-06,TRUE
"CTD-3157E16.1",1,2.28884e-12,TRUE
"ADORA2B",1,5.42501e-45,TRUE
"ZSWIM7",1,1.83832e-25,TRUE
"CENPV",1,1.01387e-14,TRUE
"TRPV2",1,5.38192e-12,TRUE
"FAM211A",1,3.21355e-10,TRUE
"ZNF624",1,1.36365e-12,TRUE
"RP11-45M22.4",1,2.57092e-06,TRUE
"FLCN",1,1.21199e-14,TRUE
"SCRN2",1,2.19941e-10,TRUE
"PRR15L",1,1.11761e-07,TRUE
"CDK5RAP3",1,1.65143e-06,TRUE
"CBX1",1,2.09278e-07,TRUE
"SNX11",1,2.46211e-12,TRUE
"HOXB2",1,2.53778e-06,TRUE
"TTLL6",1,3.84768e-08,TRUE
"ZNF652",1,2.54926e-11,TRUE
"SGCA",1,2.49538e-56,TRUE
"COL1A1",1,3.06706e-06,TRUE
"MYCBPAP",1,4.71458e-11,TRUE
"EPN3",1,2.84401e-08,TRUE
"SPATA20",1,2.03819e-64,TRUE
"ABCC3",1,2.71931e-11,TRUE
"NME1",1,1.33113e-11,TRUE
"NME1-NME2",1,1.0762e-08,TRUE
"NME2",1,3.25745e-10,TRUE
"CA10",1,5.40083e-13,TRUE
"TOM1L1",1,2.00699e-06,TRUE
"COX11",1,4.86671e-11,TRUE
"RAD51C",1,1.45794e-18,TRUE
"SKA2",1,6.23698e-06,TRUE
"RPS6KB1",1,3.84503e-07,TRUE
"RP11-178C3.2",1,3.30595e-41,TRUE
"HEATR6",1,2.84664e-16,TRUE
"ZNF860",1,2.25547e-06,TRUE
"OSBPL10",1,1.73786e-12,TRUE
"GPD1L",1,5.62564e-10,TRUE
"ELAC2",2,4.89579e-14,TRUE
"TTC19",2,8.46187e-14,TRUE
"PNPO",2,1.66894e-07,TRUE
"SKAP1",2,6.82595e-08,TRUE
"RP11-700H6.1",2,1.6248e-18,TRUE
"GLB1",1,4.39076e-10,TRUE
"SUSD5",1,8.24334e-25,TRUE
"PDCD6IP",1,6.7504e-07,TRUE
"STAC",1,3.95692e-06,TRUE
"SCN11A",1,1.15367e-09,TRUE
"GORASP1",1,7.00621e-07,TRUE
"XIRP1",1,2.11089e-11,TRUE
"SLC25A38",1,1.00409e-08,TRUE
"RPSA",1,2.42019e-49,TRUE
"MYRIP",1,2.78751e-10,TRUE
"RPL14",1,1.2435e-06,TRUE
"RP11-391M1.4",1,2.69671e-06,TRUE
"ZNF619",1,2.83684e-07,TRUE
"ULK4",1,3.42195e-53,TRUE
"VIPR1",1,1.0377e-08,TRUE
"CCDC13",1,2.0124e-14,TRUE
"KRBOX1",1,2.7415e-06,TRUE
"ZNF197",1,1.25671e-09,TRUE
"ZNF502",1,3.07296e-20,TRUE
"ZNF501",1,3.07571e-10,TRUE
"KIAA1143",1,3.19406e-11,TRUE
"EXOSC7",1,1.35005e-06,TRUE
"LARS2",1,2.18946e-11,TRUE
"FYCO1",1,7.94947e-07,TRUE
"LTF",1,1.72444e-07,TRUE
"PRSS46",1,1.78346e-06,TRUE
"PRSS45",1,1.15686e-15,TRUE
"PRSS50",1,7.86185e-12,TRUE
"SETD2",1,7.65381e-06,TRUE
"RPN1",1,5.5943e-09,TRUE
"RP11-723O4.9",1,3.06774e-06,TRUE
"ACAD9",1,4.53312e-06,TRUE
"RP11-77P16.4",1,1.08534e-57,TRUE
"PIK3R4",1,3.65665e-07,TRUE
"NEK11",1,3.49719e-07,TRUE
"ACPP",1,3.03694e-06,TRUE
"ACAD11",1,1.99345e-13,TRUE
"NPHP3",1,4.12104e-17,TRUE
"TMEM108",1,4.78135e-10,TRUE
"TF",1,8.52675e-14,TRUE
"RAB6B",1,3.18139e-22,TRUE
"RP11-375I20.6",1,4.87774e-12,TRUE
"CEP63",1,1.38039e-10,TRUE
"ANAPC13",1,6.74759e-59,TRUE
"EPHB1",1,2.21168e-06,TRUE
"KY",1,1.1592e-13,TRUE
"DCLK3",2,1.43943e-16,TRUE
"CX3CR1",2,1.75664e-27,TRUE
"CCR1",2,4.12007e-09,TRUE
"CPNE4",2,9.39841e-08,TRUE
"PCCB",1,8.09967e-12,TRUE
"DZIP1L",1,3.38656e-11,TRUE
"MRAS",1,2.97895e-10,TRUE
"FAIM",1,2.24462e-10,TRUE
"NMNAT3",1,9.16071e-18,TRUE
"GRK7",1,3.88703e-06,TRUE
"PCOLCE2",1,3.72203e-12,TRUE
"RP11-91G21.1",1,5.93807e-09,TRUE
"PLOD2",1,4.47206e-08,TRUE
"PLSCR4",1,3.14374e-09,TRUE
"PLSCR2",1,7.4649e-08,TRUE
"PLSCR1",1,2.37932e-09,TRUE
"COMMD2",1,3.67403e-10,TRUE
"EIF2A",1,8.91912e-07,TRUE
"RPH3AL",1,9.32897e-10,TRUE
"C17orf97",1,1.25058e-88,TRUE
"FAM101B",1,4.05793e-09,TRUE
"FAM57A",1,2.44927e-16,TRUE
"TIMM22",1,1.16241e-13,TRUE
"SLC43A2",1,2.33104e-10,TRUE
"MIR22HG",1,2.91814e-11,TRUE
"SERPINF1",1,1.33664e-06,TRUE
"SMYD4",1,4.77109e-10,TRUE
"SRR",1,7.5869e-29,TRUE
"MNT",1,3.47863e-08,TRUE
"SPATA22",1,1.73626e-07,TRUE
"TRPV3",1,1.12081e-11,TRUE
"TRPV1",1,1.59319e-09,TRUE
"SHPK",2,4.82461e-25,TRUE
"CTNS",1,4.51938e-11,TRUE
"P2RX5",1,5.40166e-20,TRUE
"CYB5D2",1,1.81104e-07,TRUE
"GGT6",1,3.06915e-09,TRUE
"CXCL16",1,5.77673e-12,TRUE
"ZMYND15",1,2.94941e-08,TRUE
"VMO1",1,2.36388e-07,TRUE
"RP11-81A22.5",1,1.20462e-20,TRUE
"PLD2",1,1.33051e-08,TRUE
"C17orf107",1,1.07318e-11,TRUE
"CHRNE",1,1.6017e-09,TRUE
"SPAG7",1,4.3132e-12,TRUE
"INCA1",1,7.75463e-07,TRUE
"USP6",1,1.9499e-19,TRUE
"ZNF232",1,3.314e-22,TRUE
"MIS12",1,2.32614e-09,TRUE
"A4GNT",2,5.51839e-08,TRUE
"AC108004.2",2,1.72801e-07,TRUE
"SERPINF2",2,2.76074e-11,TRUE
"NUP88",2,8.95868e-11,TRUE
"NLRP1",1,9.47964e-17,TRUE
"WSCD1",1,1.04698e-07,TRUE
"PITPNM3",1,9.46016e-07,TRUE
"TXNDC17",1,6.65504e-08,TRUE
"MED31",1,2.3808e-15,TRUE
"C17orf100",1,2.85561e-28,TRUE
"ALOX12",1,1.93512e-18,TRUE
"AC027763.2",1,2.30129e-08,TRUE
"RNASEK",1,9.62111e-10,TRUE
"SLC16A13",1,4.72568e-07,TRUE
"ACADVL",1,2.06772e-07,TRUE
"FBXO39",2,1.35855e-09,TRUE
"RNASEK-C17orf49",2,2.18621e-08,TRUE
