gene,symbol,outcome,grp,mr_b,mr_p,gwas_min_p,eqtl_F_max,nsnp,pp4,ok,note
ENSG00000000419,DPM1,cad,null,-0.00390959964709676,0.972492190799539,1.436e-06,8.9917,6190,0.00131273671775631,TRUE,""
ENSG00000000457,SCYL3,fbg,grey,0.0348857534434559,0.121529125955424,4.083e-05,24.4906,2448,0.0118605943655923,TRUE,""
ENSG00000000971,CFH,t2d,grey,0.135354385516906,0.219503994929322,0.002636,12.7245,2829,0.00785149444195928,TRUE,""
ENSG00000001084,GCLC,fbg,grey,0.0388003366476784,0.222939094167741,0.009144,17.8803,2324,0.00810800988336867,TRUE,""
ENSG00000001167,NFYA,fbg,grey,0.0337441241111077,0.253097908947116,0.001061,29.4863,2307,0.0107506327641914,TRUE,""
ENSG00000001167,NFYA,t2d,null,-0.0253080930833307,0.740864559244352,2.625e-07,29.4863,3812,0.000818939737153324,TRUE,""
ENSG00000001460,STPG1,fbg,grey,-0.0519667073187354,0.274064638609823,0.000818,10.75,1322,0.00834659614844603,TRUE,""
ENSG00000001461,NIPAL3,cad,grey,-0.0659778635011867,0.122236355448012,2.061e-05,27.4679,4334,0.00665693850948368,TRUE,""
ENSG00000002016,RAD52,fbg,null,0.00935223000418801,0.75831647352629,0.003754,20.8462,1520,0.00483833575923582,TRUE,""
ENSG00000002726,ABP1,t2d,null,0.0168349918199932,0.591554054889021,6.489e-05,83.615,2784,0.0098464147037024,TRUE,""
ENSG00000002933,TMEM176A,t2d,grey,0.0431666570029576,0.157802790690306,6.489e-05,186.3215,2768,0.00984842257294862,TRUE,""
ENSG00000003056,M6PR,fbg,grey,-0.0151146615698178,0.235030456586428,0.002978,46.5121,1574,0.00967548222612516,TRUE,""
ENSG00000003137,CYP26B1,t2d,null,-0.000591180641665341,0.977632335393369,0.0001434,90.9213,3002,0.00497210174659066,TRUE,""
ENSG00000003249,DBNDD1,fbg,grey,0.0382300698552344,0.105738681329251,0.007567,55.2173,739,0.0237923234928552,TRUE,""
ENSG00000003249,DBNDD1,t2d,null,0.0382300698552344,0.502391459956463,5.251e-06,55.2173,1722,0.0102692559730342,TRUE,""
ENSG00000003509,NDUFAF7,t2d,null,0.0360980474895104,0.595512889285081,8.957e-06,19.0335,4769,0.00317937176276496,TRUE,""
ENSG00000003756,RBM5,cad,grey,-0.379256509704113,0.061703404877095,6.718e-09,5.9438,2989,0.000111834419653666,TRUE,""
ENSG00000003987,MTMR7,t2d,grey,-0.530800593361153,0.104707249034368,7.963e-05,4.8037,6926,0.0249455852652074,TRUE,""
ENSG00000003987,MTMR7,fbg,grey,-0.130196371956509,0.304742757088453,0.0009851,4.8037,3276,0.00739434965671667,TRUE,""
ENSG00000004468,CD38,cad,grey,-0.185005700487652,0.244198373416383,0.0009981,8.8047,6206,0.00664261005287704,TRUE,""
ENSG00000004487,KDM1A,cad,null,0.00300882223213378,0.969319696640591,0.0001921,9.5573,4401,0.00362570143580016,TRUE,""
ENSG00000004700,RECQL,fbg,grey,0.0306328823272689,0.155301459227123,3.892e-05,31.2719,2061,0.0122942418118849,TRUE,""
ENSG00000004864,SLC25A13,fbg,null,-0.00589374333465167,0.693625785030416,0.005132,39.2185,1891,0.00415969812121906,TRUE,""
ENSG00000004866,ST7,t2d,grey,-0.19897796231236,0.338115840700236,2.704e-10,8.1406,2796,1.09306656093911e-06,TRUE,""
ENSG00000005020,SKAP2,t2d,grey,-0.0196340649417077,0.138603200410297,3.158e-06,123.0209,3822,0.00391985331669586,TRUE,""
ENSG00000005020,SKAP2,fbg,grey,0.00654468831390257,0.208368424819709,0.0005319,123.0209,2280,0.00469798480262949,TRUE,""
ENSG00000005020,SKAP2,cad,null,-0.00151031268782367,0.872318437328316,1.44e-05,123.0209,5537,0.00339872505264477,TRUE,""
ENSG00000005075,POLR2J,cad,grey,-0.057883760217117,0.248847528006784,0.0002537,52.6082,4087,0.00463976300227636,TRUE,""
ENSG00000005156,LIG3,t2d,grey,-0.0200096191882885,0.27916731988398,0.0004728,70.2762,3625,0.00614621735403791,TRUE,""
ENSG00000005156,LIG3,cad,null,-0.000253286318839095,0.984356207118252,0.000797,70.2762,5620,0.00235806511753218,TRUE,""
ENSG00000005469,CROT,cad,grey,-0.143141744962097,0.273162639025924,0.000137,21.6051,4307,0.0132841425063937,TRUE,""
ENSG00000005486,RHBDD2,t2d,null,0.000613501246175588,0.992472898813957,4.611e-05,19.4625,1105,0.00500838170876766,TRUE,""
ENSG00000005801,ZNF195,cad,null,-0.0169383587213516,0.554581334468169,3.436e-05,41.146,5453,0.00332729944045097,TRUE,""
ENSG00000005801,ZNF195,fbg,null,-0.00738338713494811,0.645904258226149,1.615e-05,41.146,1620,0.00338167954622009,TRUE,""
ENSG00000005882,PDK2,cad,null,-0.0321641684515252,0.544144693769952,1.63e-15,17.7191,4807,2.77032616040037e-12,TRUE,""
ENSG00000006007,GDE1,fbg,null,0.000310129383190987,0.986702539612635,0.001258,58.0752,1529,0.00724560963329973,TRUE,""
ENSG00000006047,YBX2,fbg,null,0.0246914423213219,0.593802857207703,0.001727,16.5662,1455,0.00603075384994587,TRUE,""
ENSG00000006194,ZNF263,fbg,grey,-0.0534100703512784,0.219232533281333,0.0001091,14.3046,1132,0.00837469892889663,TRUE,""
ENSG00000006459,JHDM1D,t2d,null,0.0102153758206361,0.889260100828208,2.611e-05,15.3206,2327,0.00286928841752886,TRUE,""
ENSG00000006534,ALDH3B1,fbg,grey,0.0229935701563653,0.46845203042539,0.001034,22.4494,957,0.00588044194404987,TRUE,""
ENSG00000006625,GGCT,t2d,grey,0.0355992581420328,0.393012649581705,2.569e-07,40.648,4016,0.00125864258488552,TRUE,""
ENSG00000006625,GGCT,fbg,null,-0.00651205941622551,0.733172020793637,1.153e-05,40.648,2025,0.0047610873977333,TRUE,""
ENSG00000006634,DBF4,t2d,null,0.17710187253184,0.79530042838568,0.001889,5.2403,3474,0.00937975108695112,TRUE,""
ENSG00000006638,TBXA2R,fbg,grey,-0.099700009484913,0.397977916537113,0.0019,11.0303,1115,0.0122967786532575,TRUE,""
ENSG00000007047,MARK4,t2d,grey,-0.0285783801809926,0.385684608293062,3.114e-16,44.6679,2125,4.90364182103516e-12,TRUE,""
ENSG00000007080,CCDC124,fbg,null,-0.00439356513203494,0.920344325445942,0.001792,13.9669,1155,0.00461139061036409,TRUE,""
ENSG00000007168,PAFAH1B1,t2d,null,-0.0514665605719992,0.51290502708145,0.0005652,16.6276,2731,0.0046483836798965,TRUE,""
ENSG00000007171,NOS2,cad,null,-0.0262981858067601,0.700522394103849,6.845e-06,16.2681,3429,0.00226019694278802,TRUE,""
ENSG00000007255,TRAPPC6A,fbg,grey,-0.0287631509687448,0.232304160207264,2.253e-05,26.5621,1240,0.00722263658607394,TRUE,""
ENSG00000007372,PAX6,t2d,grey,-0.2488142016734,0.0596845297010008,7.82e-06,10.254,2961,0.00904089395634904,TRUE,""
ENSG00000007516,BAIAP3,fbg,grey,0.0306469765337097,0.0824150447448035,0.0009201,33.3565,1219,0.0189898978044393,TRUE,""
ENSG00000007520,TSR3,cad,null,0.030290988518406,0.869782765494109,1.83e-07,13.1215,5972,0.000708193143451582,TRUE,""
ENSG00000007944,MYLIP,fbg,grey,-0.0302564080213041,0.47015786285767,0.0004179,22.9439,2231,0.00816911546851333,TRUE,""
ENSG00000008018,PSMB1,t2d,null,-0.0224726804284572,0.52379920995388,0.01388,43.6799,1802,0.00439981795976546,TRUE,""
ENSG00000008083,JARID2,t2d,grey,0.0855352679164753,0.0570855947221965,4.025e-06,44.6729,4033,0.0153900743592247,TRUE,""
ENSG00000008226,DLEC1,t2d,null,-0.0601792809612515,0.591554054889021,0.005872,12.9467,3287,0.00450255818220775,TRUE,""
ENSG00000008282,SYPL1,t2d,grey,-0.139776668676268,0.339296824849853,0.0004314,10.8944,3585,0.00656794654131225,TRUE,""
ENSG00000008294,SPAG9,fbg,grey,0.0545839150052898,0.446541183638091,0.0001433,16.5447,1667,0.00969870075238496,TRUE,""
ENSG00000008394,MGST1,t2d,null,-0.0136497402780867,0.906057815046055,0.0005425,24.7739,2646,0.00753223619144245,TRUE,""
ENSG00000008405,CRY1,t2d,grey,-0.126503544529369,0.160002458706997,0.0009164,15.5657,3777,0.0113607859528184,TRUE,""
ENSG00000008517,IL32,fbg,null,0.00516180683986425,0.647568367631056,0.0001091,48.5186,1004,0.00402167877165454,TRUE,""
ENSG00000008735,MAPK8IP2,fbg,grey,0.0738040178269631,0.179029242883863,0.0007649,7.422,732,0.00916621764246292,TRUE,""
ENSG00000008838,MED24,fbg,grey,0.062016749435143,0.4787382817329,0.0003171,19.517,1134,0.0110197916646645,TRUE,""
ENSG00000008869,HEATR5B,fbg,null,-0.00168666348647999,0.961094232136074,8.848e-05,19.1439,2482,0.00451632564289923,TRUE,""
ENSG00000008988,RPS20,cad,null,-0.232834451131643,0.624851053332095,7.394e-06,7.4488,5927,0.0104206011389529,TRUE,""
ENSG00000009335,UBE3C,cad,null,0.00955349679402341,0.750347023651697,0.0001273,38.8495,7273,0.00302925019914037,TRUE,""
ENSG00000009724,MASP2,cad,null,0.0270772505254809,0.821705362028574,7.382e-08,9.2907,5400,0.000160027214905855,TRUE,""
ENSG00000009954,BAZ1B,fbg,grey,-0.0462021593779305,0.420499160931281,0.00167,7.4962,547,0.00545265389536111,TRUE,""
ENSG00000010017,RANBP9,cad,null,0.0486821764241978,0.788809283599619,2.718e-76,5.4322,5052,5.36503428509661e-05,TRUE,""
ENSG00000010165,METTL13,t2d,null,-0.0232798968448238,0.544474508963011,1.024e-06,56.2067,4124,0.000885374513036585,TRUE,""
ENSG00000010295,IFFO1,t2d,grey,0.0514456843814994,0.233649173973474,1.523e-06,35.9147,2566,0.00145556152472089,TRUE,""
ENSG00000010295,IFFO1,cad,null,0.00582403974130181,0.851268623688206,6.152e-10,35.9147,4994,7.69318225071594e-07,TRUE,""
ENSG00000010610,CD4,fbg,null,-0.00703040988503111,0.772218915230022,0.003216,27.5046,1528,0.00466677345343041,TRUE,""
ENSG00000010626,LRRC23,fbg,null,-0.00546551580577963,0.617075077451974,0.003216,56.0282,1488,0.00446089916938898,TRUE,""
ENSG00000010704,HFE,cad,null,0.00604117095989876,0.973408772365816,3.212e-06,5.8821,6112,0.00129682270958334,TRUE,""
ENSG00000011114,BTBD7,fbg,null,0.00388461387374568,0.871864744932721,0.001972,22.9109,1941,0.0037579927410486,TRUE,""
ENSG00000011143,MKS1,t2d,grey,0.199651071437097,0.365591537564832,2.464e-08,6.7529,2628,0.000129507104391552,TRUE,""
ENSG00000011198,ABHD5,cad,grey,-0.163267226479557,0.118529505761068,1.05e-05,20.8942,4209,0.0154193604702408,TRUE,""
ENSG00000011295,TTC19,cad,grey,0.0361865669486805,0.155301459227123,5.824e-05,52.0115,4426,0.00795783438904546,TRUE,""
ENSG00000011422,PLAUR,fbg,null,0.0271835845610429,0.837927275162676,6.372e-05,11.5325,1477,0.0103673959710473,TRUE,""
ENSG00000011485,PPP5C,fbg,null,-0.00473640942152226,0.738882680363527,2.253e-05,52.4278,1066,0.0041841671152549,TRUE,""
ENSG00000012171,SEMA3B,cad,null,0.00678053610889174,0.972958244759335,1.813e-08,5.0238,3073,0.00633334895397395,TRUE,""
ENSG00000012660,ELOVL5,t2d,grey,0.0807541893144497,0.480261302753423,6.179e-05,18.4534,4350,0.00607558896859323,TRUE,""
ENSG00000012779,ALOX5,fbg,grey,0.0159225341876041,0.453254704753736,0.004023,26.8299,1299,0.00514865484111816,TRUE,""
ENSG00000012963,UBR7,fbg,grey,0.0109722269785281,0.427126945094663,0.0003649,43.8364,1975,0.00563616964203312,TRUE,""
ENSG00000012963,UBR7,cad,null,-0.00894033309361552,0.722710426810277,1.668e-05,43.8364,6495,0.00166778633098995,TRUE,""
ENSG00000012983,MAP4K5,cad,grey,-0.144472617316234,0.137985870280455,0.000909,10.6979,5245,0.00815096204108261,TRUE,""
ENSG00000013016,EHD3,cad,grey,-0.0801770013602379,0.154376307933322,7.104e-05,20.7201,6110,0.00779965466302676,TRUE,""
ENSG00000013288,MAN2B2,fbg,grey,0.0128872821548029,0.305060822021553,4.359e-05,53.5411,2424,0.0065129954313018,TRUE,""
ENSG00000013364,MVP,fbg,grey,-0.0441673075393345,0.160242834183085,0.007129,23.4527,456,0.0129954368741073,TRUE,""
ENSG00000013374,NUB1,fbg,grey,-0.0219674037083594,0.457568175062507,0.0003701,20.9248,1711,0.00535257453999461,TRUE,""
ENSG00000013375,PGM3,t2d,grey,0.175494223693157,0.0615442192008072,0.0001374,17.1454,3294,0.0214513842873463,TRUE,""
ENSG00000013523,ANGEL1,cad,null,0.0145082169117316,0.604987669676503,0.001513,33.7304,6415,0.00298880249259325,TRUE,""
ENSG00000013523,ANGEL1,fbg,null,0.00773771568625688,0.627783826989789,0.0001049,33.7304,1985,0.00412445681558591,TRUE,""
ENSG00000013583,HEBP1,cad,grey,-0.0366508110902046,0.133614402537716,0.0003961,42.7959,6135,0.00754277334619831,TRUE,""
ENSG00000013810,TACC3,fbg,grey,0.00979393000106058,0.121529125955424,0.0002037,58.6941,1161,0.0130222430531451,TRUE,""
ENSG00000014123,UFL1,t2d,null,-0.0158024301247715,0.812268919201515,0.0003942,19.1909,4497,0.00357078863547813,TRUE,""
ENSG00000014257,ACPP,cad,null,-0.00514454229933535,0.836090649580926,2.999e-09,57.7388,6336,4.376314261295e-05,TRUE,""
ENSG00000014641,MDH1,t2d,grey,0.0552026689468112,0.470952440870632,0.0007465,13.4077,2816,0.00501728682856001,TRUE,""
ENSG00000014919,COX15,cad,grey,0.0441290086475427,0.369958168208807,7.41e-07,20.9152,4611,0.00223440557609808,TRUE,""
ENSG00000015171,ZMYND11,t2d,grey,0.360333730344086,0.190285663648477,8.216e-05,7.0909,1805,0.0122763430676868,TRUE,""
ENSG00000015532,XYLT2,cad,null,0.0596047654539292,0.514288986716092,3.667e-15,13.4139,4710,1.71425982786526e-11,TRUE,""
ENSG00000016391,CHDH,t2d,grey,0.250961363657579,0.261243542263587,6.238e-08,5.7709,3363,0.000256935994928843,TRUE,""
ENSG00000017260,ATP2C1,t2d,grey,-0.118116457690547,0.297960801234778,8.001e-06,15.3703,3584,0.00298418876887238,TRUE,""
ENSG00000017260,ATP2C1,fbg,grey,0.0451621749993269,0.329560259960621,0.004527,15.3703,1705,0.00875482949225508,TRUE,""
ENSG00000017260,ATP2C1,cad,null,0.0277921076918935,0.735341960129593,0.0001733,15.3703,5169,0.0031999072853125,TRUE,""
ENSG00000018510,AGPS,t2d,null,-0.0224487412559066,0.708599716762642,0.001071,29.1843,4452,0.0048302001950127,TRUE,""
ENSG00000018699,TTC27,cad,null,0.0100795927387669,0.804760401488793,7.104e-05,38.5393,6235,0.00403077821849807,TRUE,""
ENSG00000019995,ZRANB1,t2d,grey,0.0613640021900178,0.264302697881567,0.0007731,50.5825,3344,0.0306928898269135,TRUE,""
ENSG00000020181,GPR124,fbg,null,-0.00525026652463756,0.834968706358955,0.002331,30.581,1237,0.00588540229073209,TRUE,""
ENSG00000020256,ZFP64,cad,grey,0.114198305423861,0.183989403475289,6.533e-06,14.4468,6256,0.00479162683395515,TRUE,""
ENSG00000020426,MNAT1,cad,grey,-0.151695327424821,0.42725764959836,0.0001948,9.9686,4301,0.00800168216453228,TRUE,""
ENSG00000021300,PLEKHB1,fbg,grey,0.0225930535527295,0.443701622367481,2.919e-08,28.3627,1272,0.000112918010402923,TRUE,""
ENSG00000021300,PLEKHB1,t2d,null,0.0483240312100047,0.510461244989542,8.635e-25,28.3627,2893,1.77139229933157e-20,TRUE,""
ENSG00000021355,SERPINB1,fbg,null,-0.00951386589146739,0.548506235500147,0.0005453,46.667,2274,0.00479505451297657,TRUE,""
ENSG00000021488,SLC7A9,cad,grey,0.0325581040824917,0.415481291692167,5.702e-06,30.697,6456,0.00328421667235719,TRUE,""
ENSG00000021488,SLC7A9,fbg,null,0.00114238961692953,0.956892098247026,5.291e-05,30.697,1641,0.00451674050891982,TRUE,""
ENSG00000021574,SPAST,cad,grey,0.305999555786997,0.116904183638693,7.104e-05,7.3695,5860,0.0300798028041534,TRUE,""
ENSG00000021776,AQR,fbg,grey,-0.0519342093686952,0.41821391318549,0.01341,11.6136,1737,0.00693407009860783,TRUE,""
ENSG00000022567,SLC45A4,fbg,grey,0.0131331961304468,0.426688082619747,0.002125,67.1737,1665,0.003844330432505,TRUE,""
ENSG00000022567,SLC45A4,cad,null,0.00423651488078929,0.887992336880331,6.576e-05,67.1737,5703,0.00322562797862742,TRUE,""
ENSG00000023041,ZDHHC6,fbg,grey,0.100641772183149,0.256785899295366,7.503e-10,19.121,2056,1.97977218306716e-05,TRUE,""
ENSG00000023041,ZDHHC6,cad,null,-0.0201283544366299,0.709236748741435,8.686e-07,19.121,5064,0.00170637481188029,TRUE,""
ENSG00000023171,GRAMD1B,cad,grey,0.038211427200308,0.49924658287522,1.776e-05,20.9978,6927,0.00285094000937452,TRUE,""
ENSG00000023516,AKAP11,t2d,grey,-0.0772984457660874,0.323248218085019,0.0003042,18.6067,3952,0.00574744686290149,TRUE,""
ENSG00000023516,AKAP11,fbg,null,0.00572581079748796,0.851268623688206,0.003558,18.6067,2337,0.00392263514003461,TRUE,""
ENSG00000023697,DERA,cad,null,0.155196803173565,0.525236609352112,0.001286,11.8867,4092,0.00958525118325163,TRUE,""
ENSG00000023839,ABCC2,cad,grey,0.0518741529317068,0.352461927180254,7.41e-07,18.1248,4624,0.00225624928109991,TRUE,""
ENSG00000023892,DEF6,cad,grey,-0.0319647516538764,0.0857401120161256,2.151e-11,67.043,4933,1.40906189813286e-07,TRUE,""
ENSG00000023902,PLEKHO1,t2d,grey,-0.100308887900398,0.451301649189636,9.493e-06,18.5847,1630,0.00506669281559612,TRUE,""
ENSG00000024862,CCDC28A,cad,null,0.00800440058560781,0.841480581121794,0.0004451,26.6849,5853,0.00270535880374836,TRUE,""
ENSG00000025156,HSF2,fbg,grey,-0.0104728571986704,0.366406064176293,0.005304,49.8677,1910,0.00551173109222235,TRUE,""
ENSG00000025156,HSF2,cad,null,-0.0100988265844322,0.62970446671531,8.853e-06,49.8677,5566,0.00281416499557254,TRUE,""
ENSG00000025434,NR1H3,t2d,null,-0.00246498133953733,0.937890037162822,2.169e-07,44.7238,2074,5.86799299664673e-05,TRUE,""
ENSG00000025770,NCAPH2,cad,grey,-0.273145896242544,0.200951237397543,0.0001068,7.3166,3991,0.00832438202150496,TRUE,""
ENSG00000025796,SEC63,fbg,null,0.0210209847658173,0.641848188772074,0.002094,16.8779,1591,0.00592588706369401,TRUE,""
ENSG00000026103,FAS,t2d,null,0.00250744321623066,0.931132744979333,3.914e-05,49.1932,4093,0.00295670539925352,TRUE,""
ENSG00000026103,FAS,fbg,null,-0.00716412347494474,0.531971058097401,0.001244,49.1932,2451,0.00461818713180582,TRUE,""
ENSG00000026559,KCNG1,cad,null,-0.0655731040739406,0.695138094126008,6.616e-05,7.8455,6156,0.00344145359576675,TRUE,""
ENSG00000026559,KCNG1,fbg,null,-0.0542673964749853,0.593802857207703,0.0002977,7.8455,1970,0.00724344309897465,TRUE,""
ENSG00000026652,AGPAT4,t2d,grey,0.161774926490243,0.22463863892378,3.129e-10,14.964,4467,2.74831971513683e-06,TRUE,""
ENSG00000026652,AGPAT4,fbg,grey,0.0725608126169473,0.184810896060643,0.004257,14.964,2458,0.0118968786408096,TRUE,""
ENSG00000027075,PRKCH,fbg,null,0.0135787535009427,0.841480581121794,0.001122,9.1761,1729,0.00461694308070997,TRUE,""
ENSG00000028116,VRK2,t2d,grey,0.0839593647143234,0.0659033526061219,0.0001654,30.8609,4022,0.0202435133737735,TRUE,""
ENSG00000028310,BRD9,t2d,grey,0.258312478743455,0.0559903035694375,1.262e-05,19.5858,2131,0.00757767009499883,TRUE,""
ENSG00000028310,BRD9,cad,grey,0.100621721370997,0.320908536072989,1.628e-05,19.5858,5530,0.00933750869422357,TRUE,""
ENSG00000028839,TBPL1,cad,grey,-0.0442017034265821,0.249098268106654,3.555e-31,18.3728,5364,3.29082159389528e-27,TRUE,""
ENSG00000029153,ARNTL2,t2d,null,0.0416176657223838,0.906843193032938,1.015e-16,4.636,4430,0.00208338294099006,TRUE,""
ENSG00000029153,ARNTL2,fbg,null,0.0794519072881873,0.580515713596355,0.00142,4.636,2315,0.00378648104022056,TRUE,""
ENSG00000029639,TFB1M,fbg,grey,-0.0284817380183728,0.155795591786075,0.001801,27.4053,2221,0.0100316254132347,TRUE,""
ENSG00000031081,ARHGAP31,t2d,grey,-0.0892797044941098,0.246222101109975,0.000402,19.7266,4226,0.00875617986608166,TRUE,""
ENSG00000031691,CENPQ,t2d,null,-0.0182044736836613,0.550132909714819,0.0007113,51.0629,4299,0.00446131032532788,TRUE,""
ENSG00000031823,RANBP3,t2d,grey,-0.129541248507304,0.425013951601085,0.002095,9.6014,1629,0.00554717734215,TRUE,""
ENSG00000033030,ZCCHC8,cad,grey,0.125380836165587,0.310033608381307,0.0006576,9.4611,4099,0.00561475892556389,TRUE,""
ENSG00000033100,CHPF2,t2d,grey,0.0417265375048295,0.499675764943554,6.489e-05,23.0357,3012,0.00439489543387901,TRUE,""
ENSG00000033327,GAB2,t2d,grey,-0.154092347311801,0.12840842407895,0.001728,16.4103,3166,0.0174793559057785,TRUE,""
ENSG00000034053,APBA2,fbg,grey,0.0551812191913218,0.12037739394581,0.003625,23.3617,1260,0.0183263653435157,TRUE,""
ENSG00000034510,TMSB10,t2d,null,-0.0314129390006879,0.775096962195985,0.0042,11.4048,3653,0.00551616803185472,TRUE,""
ENSG00000035499,DEPDC1B,fbg,grey,0.155701544250512,0.0708478257810241,3.16e-05,5.6723,1564,0.0214756159595212,TRUE,""
ENSG00000035664,DAPK2,fbg,null,-0.0161403703620847,0.665873563888404,0.0003134,20.8436,1347,0.00551785526292473,TRUE,""
ENSG00000035681,NSMAF,t2d,null,-0.0159244953917098,0.668235141795249,0.000491,42.9271,3797,0.00458979054421687,TRUE,""
ENSG00000036549,ZZZ3,fbg,grey,0.0503538265699462,0.228153812895039,0.0002061,16.6021,1658,0.00903188304584485,TRUE,""
ENSG00000036565,SLC18A1,t2d,null,-0.0185926448836786,0.542023387720777,3.035e-08,50.0727,5610,1.50317169564232e-05,TRUE,""
ENSG00000037280,FLT4,t2d,grey,0.0793350159894604,0.362142424056669,0.00153,22.2908,1966,0.00908891540200585,TRUE,""
ENSG00000037897,METTL1,cad,grey,0.0696635119176783,0.351231423953114,4.918e-09,12.0547,4184,3.0084560052688e-05,TRUE,""
ENSG00000038358,EDC4,t2d,null,-0.137554048336303,0.671952828737792,0.0002947,10.4224,2118,0.010113972695279,TRUE,""
ENSG00000038382,TRIO,cad,null,-0.0759101828046849,0.641848188772075,0.001209,13.9224,5659,0.00641512313584745,TRUE,""
ENSG00000038532,CLEC16A,fbg,null,-0.0056543547993356,0.911528237909377,0.0002398,14.3337,2119,0.00576603431765584,TRUE,""
ENSG00000038945,MSR1,fbg,grey,0.0138599051271125,0.348501423761085,0.001901,48.7287,2890,0.00473026028229608,TRUE,""
ENSG00000039068,CDH1,t2d,null,-0.0135127623650538,0.780643138508224,3.882e-09,28.8806,2589,9.91382607752575e-06,TRUE,""
ENSG00000039123,SKIV2L2,t2d,null,0.0805208065810712,0.600089476878222,0.002916,6.4283,4469,0.00556672723678304,TRUE,""
ENSG00000039319,ZFYVE16,t2d,null,0.0196396070598982,0.953637483353272,0.0002486,7.4625,4093,0.00806844506495595,TRUE,""
ENSG00000039650,PNKP,cad,null,0.00659282857310695,0.778939163028047,9.641e-06,52.6632,5163,0.00209242005994161,TRUE,""
ENSG00000040633,PHF23,fbg,null,-0.0119671374338334,0.795927918181723,0.001727,22.3111,1504,0.00697393586271364,TRUE,""
ENSG00000041357,PSMA4,t2d,grey,0.0469625349935366,0.479369457910652,1.209e-11,21.9696,3942,3.59827347371731e-08,TRUE,""
ENSG00000041357,PSMA4,fbg,null,0.0153842787047792,0.552679335565412,0.0004417,21.9696,1881,0.00486481107575826,TRUE,""
ENSG00000041515,MYO16,fbg,null,-0.00741178758987307,0.522895216724075,0.0001625,51.6447,2720,0.00441288928345836,TRUE,""
ENSG00000042832,TG,t2d,null,0.0253792099924791,0.583156102375104,0.002752,31.4545,5071,0.0046456877727983,TRUE,""
ENSG00000042832,TG,fbg,null,0.00958770155271432,0.595245548732816,0.001922,31.4545,2956,0.0044075800527462,TRUE,""
ENSG00000042980,ADAM28,fbg,grey,-0.0296887426518171,0.225465985004507,9.821e-06,23.9348,2180,0.00593744083407484,TRUE,""
ENSG00000043143,PHF15,fbg,grey,-0.100913986184805,0.391365938307552,0.000263,6.7891,1687,0.00840563442498724,TRUE,""
ENSG00000043462,LCP2,fbg,grey,-0.0648850194793069,0.130991357527418,0.0001479,19.9789,2373,0.017469803384417,TRUE,""
ENSG00000046604,DSG2,fbg,grey,0.0658089561823116,0.453254704753736,0.0006893,5.7978,2089,0.00586923286497513,TRUE,""
ENSG00000047315,POLR2B,fbg,grey,0.0249211199816173,0.349538991650093,2.384e-05,13.8965,1943,0.00595235004289628,TRUE,""
ENSG00000047410,TPR,fbg,grey,0.0250014414748283,0.393294214421889,0.0002101,24.8733,1507,0.00776576034210151,TRUE,""
ENSG00000048342,CC2D2A,t2d,null,-0.00999066753192664,0.929393771944136,0.001035,11.3832,4585,0.00369614733472252,TRUE,""
ENSG00000048405,ZNF800,cad,null,0.00360167283986487,0.945017067376838,6.92e-05,19.7061,4821,0.00264178177698978,TRUE,""
ENSG00000048462,TNFRSF17,fbg,grey,0.061624649859944,0.302423598900007,0.004219,9.5319,2450,0.00977333910973609,TRUE,""
ENSG00000048462,TNFRSF17,t2d,null,-0.0821661998132586,0.591554054889021,4.08e-05,9.5319,5287,0.00401010496894622,TRUE,""
ENSG00000048471,SNX29,cad,null,-0.00752745761640505,0.704457418583588,0.0003121,78.4202,8692,0.0610708475431977,TRUE,""
ENSG00000049089,COL9A2,cad,grey,0.208220422059142,0.109598583399116,9.106e-06,16.1657,5286,0.014611224002625,TRUE,""
ENSG00000049167,ERCC8,t2d,grey,-0.0485299422057939,0.245032424686099,0.00492,34.0484,3122,0.00722834619240354,TRUE,""
ENSG00000049239,H6PD,cad,grey,-0.0208339309533404,0.417742017975973,0.0001974,48.6706,4429,0.00342912670871022,TRUE,""
ENSG00000049245,VAMP3,cad,grey,0.0328622418014332,0.412532886370104,0.0001354,31.8996,5049,0.00390206379347714,TRUE,""
ENSG00000049247,UTS2,cad,null,-0.0137251207673693,0.78550522553624,0.0001354,51.1912,5007,0.00847950300987473,TRUE,""
ENSG00000049249,TNFRSF9,cad,grey,0.128963175163807,0.480922710459597,0.0001354,15.2448,5031,0.00801244048830313,TRUE,""
ENSG00000049759,NEDD4L,cad,null,0.0085044034973165,0.880764615259515,0.001569,18.8373,6586,0.00276515310597981,TRUE,""
ENSG00000049860,HEXB,t2d,grey,0.0411650031133031,0.195364459810383,1.523e-06,23.5105,4075,0.00249631820075197,TRUE,""
ENSG00000050130,JKAMP,fbg,null,-0.000875862332504301,0.975070165131246,0.002222,41.0878,2136,0.00781749256385752,TRUE,""
ENSG00000050426,LETMD1,t2d,null,0.0480605174487748,0.666858456903257,7.813e-06,23.9485,2691,0.000962189883040364,TRUE,""
ENSG00000050730,TNIP3,t2d,null,-0.0658849101032454,0.628005463202729,0.0001285,12.6979,4953,0.00469282345403535,TRUE,""
ENSG00000051009,FAM160A2,fbg,null,0.00700061929468167,0.529629670287596,0.0007164,55.8969,3152,0.0047395589991953,TRUE,""
ENSG00000051620,HEBP2,cad,null,-0.0358127135062388,0.636174730764614,0.0004451,62.1491,6137,0.00658053436369166,TRUE,""
ENSG00000052126,PLEKHA5,fbg,grey,-0.0152049221891082,0.464347229392465,0.000252,34.7872,2366,0.00605720666116894,TRUE,""
ENSG00000052723,SIKE1,t2d,null,-0.116903128788061,0.605764292132078,1.834e-06,7.3085,3621,0.00336933897356221,TRUE,""
ENSG00000053371,AKR7A2,cad,grey,0.0426904235924935,0.295157233557039,0.0001008,27.7489,6915,0.00451598532430737,TRUE,""
ENSG00000053501,USE1,cad,grey,-0.146107870187799,0.0921409896538883,1.438e-13,9.3923,5844,3.5660580307787e-10,TRUE,""
ENSG00000053918,KCNQ1,t2d,grey,-0.257989390136343,0.0801183137276342,8.746e-10,9.5668,1576,9.01109585606795e-06,TRUE,""
ENSG00000053918,KCNQ1,cad,grey,-0.117938006919471,0.269832541889272,3.436e-05,9.5668,6181,0.00421221489308682,TRUE,""
ENSG00000054118,THRAP3,fbg,null,-0.036328552722101,0.898724545227828,0.0008783,12.5034,1187,0.0251586092183335,TRUE,""
ENSG00000054219,LY75,fbg,grey,-0.0164533045813941,0.165412255542075,0.0001329,50.2453,1777,0.00353171307569415,TRUE,""
ENSG00000054277,OPN3,fbg,null,0.00754268409852443,0.855725415320072,0.0007871,42.2844,2204,0.00413013336580669,TRUE,""
ENSG00000055147,FAM114A2,fbg,grey,-0.0406417437895762,0.333173268958951,0.0004241,13.1392,2167,0.0057605130407472,TRUE,""
ENSG00000055813,CCDC85A,cad,grey,-0.0650236263535271,0.162548416131283,2.751e-05,19.5583,6455,0.00663886250743013,TRUE,""
ENSG00000055917,PUM2,t2d,grey,0.323444927301405,0.142826396462064,2.826e-05,16.1196,4404,0.0234647563022953,TRUE,""
ENSG00000055950,MRPL43,fbg,null,-0.00200547904775005,0.895317338291782,0.002905,45.9385,1272,0.00476885643711956,TRUE,""
ENSG00000056050,C4orf27,cad,grey,-0.036003065075954,0.415481291692167,3.092e-08,11.4801,5529,0.000114516053046487,TRUE,""
ENSG00000056558,TRAF1,t2d,null,0.0427198166193272,0.533795755724386,0.000425,23.3187,2625,0.00501606285778645,TRUE,""
ENSG00000056586,RC3H2,fbg,grey,0.0786359377408013,0.154961749568421,0.004648,14.4607,1650,0.0137567959333852,TRUE,""
ENSG00000056972,TRAF3IP2,cad,grey,-0.0384488198292569,0.42119612399579,4.674e-05,34.1963,5035,0.00333691664943097,TRUE,""
ENSG00000057019,DCBLD2,t2d,null,-0.0345247999399793,0.634172646771947,0.006685,33.2399,4990,0.00747982881327714,TRUE,""
ENSG00000057252,SOAT1,cad,null,0.0207466680927677,0.638355017565112,0.000618,44.9667,5974,0.00349587333531063,TRUE,""
ENSG00000057294,PKP2,cad,grey,0.0526556749039655,0.286616361405448,0.001693,21.9719,7512,0.00489162609531105,TRUE,""
ENSG00000057593,F7,t2d,grey,-0.266256239843591,0.341492955343764,0.0003621,6.525,2075,0.00969139705072124,TRUE,""
ENSG00000057935,MTA3,cad,grey,0.0719314809641708,0.369958168208807,1.279e-07,12.8428,6511,0.000284309862216503,TRUE,""
ENSG00000057935,MTA3,fbg,grey,-0.0746980763858697,0.0915072499234823,3.935e-05,12.8428,2364,0.00894928146042857,TRUE,""
ENSG00000058063,ATP11B,fbg,null,-0.000697199466980347,0.97783938988704,0.004755,25.3966,1416,0.00432252534369763,TRUE,""
ENSG00000058335,RASGRF1,t2d,grey,-0.22270444321699,0.384538052996623,0.0002228,5.8597,4264,0.0108741255239221,TRUE,""
ENSG00000058335,RASGRF1,fbg,null,-0.0528923052640351,0.626131140669092,0.0004417,5.8597,2083,0.00514080269856413,TRUE,""
ENSG00000058453,CROCC,fbg,null,-0.00260840658381146,0.886403006367064,0.003642,32.5954,1310,0.00423482632993782,TRUE,""
ENSG00000058600,POLR3E,t2d,null,-0.0065626020972814,0.852408287000742,0.005783,38.9128,1477,0.0042832675149487,TRUE,""
ENSG00000058673,ZC3H11A,t2d,grey,-0.206625191375781,0.241529980712954,9.992e-05,6.7458,2957,0.0104704369420552,TRUE,""
ENSG00000058729,RIOK2,cad,null,0.00551921062560334,0.902259917132016,2.79e-06,22.5329,6600,0.000844507350638016,TRUE,""
ENSG00000058866,DGKG,cad,grey,0.215970395985342,0.173176121354355,4.928e-07,6.4245,5085,0.000955077937720062,TRUE,""
ENSG00000058866,DGKG,fbg,grey,-0.136690124041356,0.21129954733371,5.479e-05,6.4245,1546,0.00936821953272053,TRUE,""
ENSG00000059377,TBXAS1,fbg,grey,0.0181435951405692,0.275312886521963,0.002517,34.9783,1294,0.00706622041943199,TRUE,""
ENSG00000059573,ALDH18A1,fbg,grey,0.0258455690591956,0.499675764943554,0.0003168,18.1838,1936,0.0055525827246082,TRUE,""
ENSG00000059804,SLC2A3,t2d,grey,-0.0717523680664124,0.140384964279281,0.0001573,27.2545,1309,0.0116345070681293,TRUE,""
ENSG00000060140,STYK1,cad,null,0.0252959728343678,0.730223992825289,0.0003213,14.0645,6363,0.00277797068499786,TRUE,""
ENSG00000060339,CCAR1,t2d,grey,0.207417428931907,0.493095797026495,6.578e-09,6.21,4210,0.000208961047923038,TRUE,""
ENSG00000060491,OGFR,cad,grey,0.0812106100382825,0.138138553626745,4.23e-06,16.3693,6912,0.00377089113409937,TRUE,""
ENSG00000060558,GNA15,fbg,null,0.0151065671527474,0.738882680363527,0.0019,13.1487,1139,0.00422486766485965,TRUE,""
ENSG00000060656,PTPRU,cad,null,0.109153844995621,0.709292079542706,1.972e-05,11.5872,4733,0.00985056036963337,TRUE,""
ENSG00000060762,MPC1,fbg,null,0.00151732040282777,0.906347316282193,0.001683,50.1507,2945,0.00411993624675707,TRUE,""
ENSG00000061273,HDAC7,t2d,null,0.219075748350016,0.527473048830712,4.223e-06,9.2781,4404,0.00841762437134852,TRUE,""
ENSG00000061337,LZTS1,cad,null,0.00267122642288553,0.956892098247027,5.15e-14,26.6039,7981,3.66754906014008e-11,TRUE,""
ENSG00000061936,SFSWAP,cad,grey,-0.0950140734511849,0.293718112751792,1.958e-05,10.7922,5821,0.00367301583735353,TRUE,""
ENSG00000062282,DGAT2,t2d,grey,-0.188565172682658,0.136432438166343,1.942e-05,19.5047,2998,0.01511080074499,TRUE,""
ENSG00000063169,GLTSCR1,fbg,grey,0.0481402526329186,0.25707429868483,0.005501,18.8574,1250,0.0101890187617497,TRUE,""
ENSG00000063322,MED29,cad,null,0.00678836606658949,0.85209919520661,0.0002554,28.7856,5568,0.00271933316224724,TRUE,""
ENSG00000064042,LIMCH1,t2d,grey,-0.156010650083119,0.0981587755711434,1.816e-05,14.4522,4258,0.0108896593917354,TRUE,""
ENSG00000064042,LIMCH1,cad,null,-0.0266064674560358,0.689156516779352,0.0001586,14.4522,6174,0.00251088197167402,TRUE,""
ENSG00000064199,SPA17,fbg,null,-0.0258858452875411,0.78331623830721,0.0009512,20.7617,2256,0.014145532514345,TRUE,""
ENSG00000064201,TSPAN32,cad,null,0.00212500711770046,0.917607199040523,3.436e-05,60.6924,6651,0.0164547219909272,TRUE,""
ENSG00000064201,TSPAN32,fbg,null,-0.00885419632375191,0.560974031478011,1.615e-05,60.6924,1783,0.00430736485116831,TRUE,""
ENSG00000064300,NGFR,fbg,null,-0.0522104866674963,0.555362566713577,0.000533,7.2478,1325,0.0054457083101649,TRUE,""
ENSG00000064313,TAF2,t2d,null,-0.0344912509819102,0.50952694326248,0.000651,31.9384,4494,0.0052127445088876,TRUE,""
ENSG00000064419,TNPO3,t2d,null,-0.0113098988340747,0.738882680363527,0.0007483,50.8573,3183,0.00533767188656709,TRUE,""
ENSG00000064490,RFXANK,t2d,null,-0.0321726340968091,0.752709649944638,4.131e-12,37.4945,2051,4.59951402136807e-08,TRUE,""
ENSG00000064601,CTSA,t2d,grey,-0.228165012491763,0.0901808600977078,0.0004024,14.2499,3521,0.0174483701771537,TRUE,""
ENSG00000064651,SLC12A2,fbg,null,-0.020789815569099,0.53419070026645,0.009801,19.6799,2061,0.00525587150916447,TRUE,""
ENSG00000064763,FAR2,t2d,null,0.0685904149284044,0.764177155622095,0.006766,5.5909,5062,0.00411065021321385,TRUE,""
ENSG00000064961,HMG20B,fbg,grey,0.761893752289758,0.0880299860201926,0.0019,5.2487,1113,0.058364662922615,TRUE,""
ENSG00000064989,CALCRL,t2d,grey,0.0495900660670222,0.415671596774975,0.0001218,25.126,3706,0.00492597351355031,TRUE,""
ENSG00000064989,CALCRL,fbg,grey,-0.0219613149725384,0.426688082619747,0.002157,25.126,1611,0.00748340330029854,TRUE,""
ENSG00000064995,TAF11,cad,null,0.0737697855926233,0.617075077451974,2.151e-11,8.0543,5618,3.97135940540713e-08,TRUE,""
ENSG00000064995,TAF11,fbg,null,-0.0520727898300871,0.593802857207703,0.0004404,8.0543,1464,0.0446972332652915,TRUE,""
ENSG00000064999,ANKS1A,cad,grey,-0.137463136266514,0.117651888587858,2.151e-11,17.2218,5346,1.90532784132871e-07,TRUE,""
ENSG00000065029,ZNF76,cad,grey,-0.0412807615744451,0.403370718001094,2.151e-11,26.2542,4913,1.02176196730823e-07,TRUE,""
ENSG00000065183,WDR3,cad,null,0.065089964088041,0.772461521733703,6.759e-05,12.543,5286,0.0082197059280262,TRUE,""
ENSG00000065268,WDR18,cad,grey,0.035819322786771,0.133614402537716,6.73e-06,56.0186,4036,0.00568260606531563,TRUE,""
ENSG00000065413,ANKRD44,t2d,grey,0.201787243869248,0.056133213319545,0.0004857,16.8378,2802,0.0249289642217804,TRUE,""
ENSG00000065413,ANKRD44,cad,grey,-0.0855746950440267,0.260589034273618,0.0001422,16.8378,4083,0.00563992161107106,TRUE,""
ENSG00000065485,PDIA5,t2d,null,0.0109797507344707,0.849408323108071,5.933e-29,16.3145,3671,4.52221184809136e-25,TRUE,""
ENSG00000065485,PDIA5,cad,null,0.0029279335291922,0.944054023280193,0.000111,16.3145,5170,0.00245042723892911,TRUE,""
ENSG00000065526,SPEN,cad,null,-0.0657154388719754,0.552909077394367,0.0002725,14.5999,5134,0.00450316004101165,TRUE,""
ENSG00000065548,ZC3H15,cad,grey,0.127858209331279,0.385684608293062,1.21e-07,9.8701,4599,0.000127140547790706,TRUE,""
ENSG00000065613,SLK,cad,grey,0.0434651039426353,0.269045576986182,1.84e-14,24.576,4715,7.59322216114118e-11,TRUE,""
ENSG00000065618,COL17A1,fbg,null,0.00382330591837694,0.918308934545483,0.002123,18.5888,1680,0.00480301231081177,TRUE,""
ENSG00000065665,SEC61A2,cad,grey,-0.0370487083722378,0.0794136545405451,6.377e-10,51.5603,7017,3.25431159833852e-06,TRUE,""
ENSG00000065675,PRKCQ,fbg,grey,-0.0457625796071742,0.263119824546096,0.002801,18.0543,2726,0.00901151077509723,TRUE,""
ENSG00000065717,TLE2,cad,grey,0.0578161232332362,0.366406064176293,0.0001482,13.0806,6009,0.00411425375211212,TRUE,""
ENSG00000065911,MTHFD2,t2d,null,0.0205113340968292,0.748579613208435,0.0006866,21.5817,2523,0.00389273645694061,TRUE,""
ENSG00000065970,FOXJ2,t2d,grey,-0.0719885178405269,0.117651888587858,0.0001573,32.8858,1419,0.01382621656443,TRUE,""
ENSG00000065970,FOXJ2,fbg,grey,-0.016238011542976,0.391365938307552,0.002978,32.8858,1394,0.00595192546931122,TRUE,""
ENSG00000066027,PPP2R5A,cad,grey,0.0187859419974578,0.398207109968035,8.176e-06,94.0222,6040,0.00315630170300191,TRUE,""
ENSG00000066032,CTNNA2,cad,grey,0.033724461941364,0.48283234964991,0.0005908,18.9662,6158,0.00328814332703798,TRUE,""
ENSG00000066185,ZMYND12,fbg,grey,0.0229005529092831,0.317310507862914,0.0001169,32.6455,1698,0.00827596787792061,TRUE,""
ENSG00000066294,CD84,fbg,grey,0.0337388451199284,0.232654673754248,0.003296,39.2343,1769,0.0156055787379544,TRUE,""
ENSG00000066336,SPI1,cad,grey,0.0997541977999101,0.219420625785452,1.897e-06,34.9478,3093,0.0013195451555332,TRUE,""
ENSG00000066382,MPPED2,fbg,null,-0.0185048978606578,0.580515713596355,0.0004541,20.0901,1616,0.00524675272981135,TRUE,""
ENSG00000066427,ATXN3,cad,grey,0.0459546044962759,0.479863738481752,1.668e-05,24.5783,6374,0.00399032407983674,TRUE,""
ENSG00000066583,ISOC1,t2d,grey,0.0464899727056218,0.307822383874207,0.0003829,51.7051,4380,0.00382919826602336,TRUE,""
ENSG00000066654,THUMPD1,fbg,grey,-0.0362300124578242,0.121529125955424,0.009007,23.4599,1244,0.0119405067064475,TRUE,""
ENSG00000066697,MSANTD3,cad,grey,-0.0813179261831642,0.0619481514134812,0.0005707,15.6546,4647,0.0172780821407595,TRUE,""
ENSG00000066855,MTFR1,fbg,grey,0.01135239353656,0.375421607696006,0.0002605,61.1501,1475,0.00769330371747429,TRUE,""
ENSG00000066855,MTFR1,t2d,null,-0.00523956624764309,0.868835667192575,0.0004227,61.1501,3313,0.00452847212667229,TRUE,""
ENSG00000066926,FECH,cad,null,0.00193568836001187,0.942371793878732,7.987e-05,55.1733,6186,0.00360501450405102,TRUE,""
ENSG00000067066,SP100,fbg,null,-0.00622020939041948,0.928854847071628,0.0002303,14.3082,1716,0.00651739717460016,TRUE,""
ENSG00000067113,PPAP2A,cad,grey,0.361013490414204,0.288775888162818,0.0007701,7.2292,6276,0.0075004280984197,TRUE,""
ENSG00000067141,NEO1,fbg,grey,-0.0111852078767742,0.453254704753736,0.003478,41.1469,1193,0.00657783290685274,TRUE,""
ENSG00000067221,STOML1,cad,grey,-0.0549473053007712,0.0680672422985274,7.557e-07,33.6266,4322,0.00267047351291744,TRUE,""
ENSG00000067248,DHX29,cad,null,0.0438339207734316,0.831237456877116,0.001437,5.2756,6292,0.00293223688383249,TRUE,""
ENSG00000067365,METTL22,cad,null,-0.00942815685919968,0.815502576593791,0.0002623,23.6218,9978,0.00267671629453534,TRUE,""
ENSG00000067533,RRP15,fbg,null,-0.0031630668117396,0.859924253238214,0.0001692,33.7023,2158,0.00397926929039578,TRUE,""
ENSG00000067601,PMS2P4,t2d,grey,-0.0380413147431916,0.293718112751792,4.715e-05,17.6788,5110,0.00565540485189414,TRUE,""
ENSG00000067601,PMS2P4,cad,grey,0.0235493853172139,0.369958168208807,0.00102,17.6788,6817,0.00398759147125242,TRUE,""
ENSG00000067606,PRKCZ,fbg,grey,-0.0251464454842956,0.480261302753423,0.002196,15.7017,799,0.005139632848948,TRUE,""
ENSG00000067715,SYT1,t2d,null,-0.013394390523029,0.897031839071741,5.398e-05,14.4045,2574,0.00401449411855814,TRUE,""
ENSG00000067955,CBFB,fbg,grey,0.257662154890209,0.235359128148723,0.0003007,6.067,937,0.0169355521481022,TRUE,""
ENSG00000068079,IFI35,cad,null,0.00353936367613296,0.988223533722495,7.357e-09,17.8395,3424,3.0335155232542e-05,TRUE,""
ENSG00000068305,MEF2A,cad,null,0.00091461718275764,0.986002743281724,4.379e-05,19.3434,7434,0.00232205540136595,TRUE,""
ENSG00000068796,KIF2A,fbg,null,0.00333384029711045,0.922905718287002,0.0008917,16.0163,1832,0.00382832163174388,TRUE,""
ENSG00000068831,RASGRP2,t2d,null,-0.195468703910158,0.694758945483497,3.38e-07,5.4627,1673,0.00064272133982873,TRUE,""
ENSG00000068903,SIRT2,fbg,null,-0.0398500473317316,0.580515713596355,0.0004863,9.323,1360,0.00525903500886135,TRUE,""
ENSG00000068971,PPP2R5B,cad,null,0.0314723078678325,0.920344325445942,2.291e-11,6.9323,3485,2.35143465445572e-07,TRUE,""
ENSG00000069020,MAST4,fbg,null,-0.00585805104410112,0.529629670287596,0.003158,35.9903,2030,0.00512332441108997,TRUE,""
ENSG00000069248,NUP133,cad,null,-0.0236320317616511,0.539026540991256,6.405e-07,32.3289,5123,0.000488216468521042,TRUE,""
ENSG00000069869,NEDD4,cad,grey,-0.0470547509363345,0.398522850706506,2.713e-05,38.074,6151,0.00521403002279261,TRUE,""
ENSG00000069966,GNB5,t2d,grey,0.107483730073483,0.354389662361201,2.755e-07,30.8953,3714,0.000580024630081621,TRUE,""
ENSG00000070019,GUCY2C,fbg,null,-0.00961451959525804,0.651547872829126,0.002969,25.7838,1910,0.0040656610941549,TRUE,""
ENSG00000070087,PFN2,fbg,null,0.00950726991914758,0.749968182154572,0.005416,62.1656,1737,0.00528040898792973,TRUE,""
ENSG00000070182,SPTB,t2d,null,0.0488309973328571,0.715330967149235,0.0008055,10.3138,3958,0.0042478133773116,TRUE,""
ENSG00000070190,DAPP1,t2d,grey,-0.0370426510462547,0.427962579961166,2.565e-06,28.5375,4938,0.000237781180842515,TRUE,""
ENSG00000070190,DAPP1,fbg,grey,-0.0182363820535408,0.317310507862914,0.005222,28.5375,1872,0.00642828903337445,TRUE,""
ENSG00000070269,C14orf101,fbg,null,0.04438685760346,0.559668927199412,0.0006706,15.4348,2466,0.0100860115984683,TRUE,""
ENSG00000070413,DGCR2,t2d,grey,0.0494951566951567,0.462376182897028,3.753e-06,21.9375,2822,0.00320055838320574,TRUE,""
ENSG00000070413,DGCR2,fbg,null,0.0178507122507123,0.504985075093846,0.0001662,21.9375,1841,0.00471168798473154,TRUE,""
ENSG00000070476,ZXDC,cad,grey,0.0557836145218652,0.173176121354355,0.0002647,25.0757,6982,0.00468289797756933,TRUE,""
ENSG00000070476,ZXDC,t2d,null,0.0035306085140421,0.95137863349785,0.0001533,25.0757,4853,0.00352873762645887,TRUE,""
ENSG00000070718,AP3M2,t2d,grey,-0.0282194557787769,0.445761643145975,3.159e-22,38.6628,3101,4.28049864785295e-18,TRUE,""
ENSG00000070718,AP3M2,fbg,null,0.00601398237908361,0.674956824198369,0.001998,38.6628,1198,0.00400634505692293,TRUE,""
ENSG00000070731,ST6GALNAC2,t2d,grey,-0.0226575047522855,0.443701622367481,0.0008636,56.6768,2206,0.00608037120747245,TRUE,""
ENSG00000070731,ST6GALNAC2,fbg,grey,-0.0229721923182894,0.0680010293396449,0.000889,56.6768,1587,0.0302435919980204,TRUE,""
ENSG00000070756,PABPC1,cad,grey,0.0701159005887873,0.204358769913803,0.0001533,11.3141,4631,0.0101172184219252,TRUE,""
ENSG00000070756,PABPC1,t2d,null,0.017706035502219,0.818590834079056,1.544e-05,11.3141,2960,0.00680829736685161,TRUE,""
ENSG00000070756,PABPC1,fbg,null,0.00920713846115389,0.794863773596479,0.001284,11.3141,1762,0.00603064701785391,TRUE,""
ENSG00000070759,TESK2,cad,null,0.0110790105655171,0.668235141795249,4.721e-05,38.5594,4055,0.00243957241634399,TRUE,""
ENSG00000070770,CSNK2A2,t2d,grey,-0.175786859778611,0.254749500528113,0.0007795,12.3316,4183,0.00922543087063718,TRUE,""
ENSG00000070882,OSBPL3,t2d,null,0.00254631304285724,0.950779127092922,2.622e-05,34.5988,5244,0.00237602343963831,TRUE,""
ENSG00000070915,SLC12A3,t2d,null,0.0324536345315959,0.786707745258045,0.0007795,8.363,3618,0.00594843881182263,TRUE,""
ENSG00000070961,ATP2B1,fbg,null,0.0370529001062169,0.793394868265903,0.0007364,5.281,1596,0.00506678363573686,TRUE,""
ENSG00000071073,MGAT4A,t2d,null,-0.0657368209943207,0.559038899322727,0.00254,14.0795,3128,0.0048095095417037,TRUE,""
ENSG00000071073,MGAT4A,cad,null,-0.0113775267105555,0.884583528000224,0.0004989,14.0795,4394,0.0025846596274772,TRUE,""
ENSG00000071189,SNX13,cad,grey,0.226964633246091,0.113345509219526,0.0001526,10.4307,5691,0.0131733483192723,TRUE,""
ENSG00000071189,SNX13,fbg,grey,0.126281074136923,0.130991357527418,0.001128,10.4307,2341,0.0177718146887204,TRUE,""
ENSG00000071205,ARHGAP10,t2d,null,-0.0378929205671613,0.634786973282518,0.002915,17.8503,3367,0.00428016273575036,TRUE,""
ENSG00000071242,RPS6KA2,t2d,grey,-0.0255136356300421,0.464920120624581,0.0006813,40.0532,4516,0.00465491478832773,TRUE,""
ENSG00000071282,LMCD1,cad,grey,-0.0475188225917529,0.23418195123316,0.001159,25.8466,7302,0.0046656126811224,TRUE,""
ENSG00000071462,WBSCR22,cad,null,-0.0389422126016882,0.5035757470561,0.0003535,41.8742,2767,0.00870697670332588,TRUE,""
ENSG00000071537,SEL1L,fbg,grey,-0.0882052340886801,0.121529125955424,0.001629,9.6865,1917,0.0128109007673537,TRUE,""
ENSG00000071537,SEL1L,cad,null,0.0698291436535384,0.504985075093846,0.0004106,9.6865,5836,0.00343497182550653,TRUE,""
ENSG00000071909,MYO3B,cad,null,0.04694223643343,0.531971058097401,4.288e-06,15.158,6145,0.0019176943262589,TRUE,""
ENSG00000072163,LIMS2,fbg,grey,-0.0134618159758621,0.317310507862914,0.003468,31.0495,1814,0.00695577160509775,TRUE,""
ENSG00000072195,SPEG,cad,grey,0.0795058112320846,0.235448315465431,3.778e-05,15.5656,4864,0.00494091814413242,TRUE,""
ENSG00000072201,LNX1,cad,grey,0.123997745973401,0.178863583597909,5.527e-06,11.7498,4812,0.00205217292626953,TRUE,""
ENSG00000072210,ALDH3A2,t2d,null,-0.0348459672644627,0.637451957746661,0.01504,20.9436,1438,0.00472502097537798,TRUE,""
ENSG00000072274,TFRC,t2d,null,-0.024162474166715,0.634610556736476,5.627e-06,32.2042,2096,0.00319317292822917,TRUE,""
ENSG00000072310,SREBF1,fbg,grey,0.0155934771238125,0.272740113942454,0.0004783,43.2793,1241,0.00816104436600646,TRUE,""
ENSG00000072364,AFF4,cad,grey,0.044375095713071,0.465293165648637,4.741e-10,18.4515,5099,3.32736372437659e-06,TRUE,""
ENSG00000072401,UBE2D1,cad,grey,-0.022046690158873,0.180477677586653,7.377e-05,87.7705,5885,0.00534456634725682,TRUE,""
ENSG00000072401,UBE2D1,fbg,grey,0.010876367145044,0.232654673754248,0.0006051,87.7705,2265,0.00375383334457496,TRUE,""
ENSG00000072415,MPP5,fbg,grey,-0.0846958662965662,0.21129954733371,0.001945,13.5041,1420,0.0147215638770344,TRUE,""
ENSG00000072694,FCGR2B,cad,grey,-0.0270431670557666,0.339549287388287,0.0005435,65.4578,5583,0.00398686528265703,TRUE,""
ENSG00000072694,FCGR2B,fbg,null,0.00827202756999921,0.588048156696901,0.000783,65.4578,1923,0.00707043387297359,TRUE,""
ENSG00000072736,NFATC3,t2d,grey,0.101391054083223,0.165925097632956,0.0008984,23.3492,2241,0.011770027279904,TRUE,""
ENSG00000072756,TRNT1,t2d,null,0.000748009161011073,0.984356207118252,0.0004483,47.7232,5560,0.00456478462266404,TRUE,""
ENSG00000072954,TMEM38A,cad,grey,0.407918288856951,0.386124674283814,1.093e-07,6.5809,6457,0.00211058754485192,TRUE,""
ENSG00000073146,MOV10L1,t2d,grey,-0.316410037582874,0.105793841569331,2.816e-05,9.3652,2746,0.0151328067391325,TRUE,""
ENSG00000073282,TP63,t2d,grey,0.266664019636277,0.245847805525615,0.003409,10.1658,4243,0.0104505447526731,TRUE,""
ENSG00000073282,TP63,fbg,grey,0.065247579272706,0.465293165648637,0.00038,10.1658,2456,0.00928926899376368,TRUE,""
ENSG00000073598,FNDC8,cad,grey,-0.240453874860068,0.0992805319136164,0.000797,10.7865,5814,0.0149627823298102,TRUE,""
ENSG00000073598,FNDC8,t2d,null,-0.104196679106029,0.608783274507984,0.0004728,10.7865,3671,0.00672777298500811,TRUE,""
ENSG00000073605,GSDMB,fbg,null,-0.00345281714400135,0.724132540388919,0.0003171,129.7151,1074,0.00987450342133947,TRUE,""
ENSG00000073670,ADAM11,t2d,grey,0.221438377146108,0.363302140886898,0.0002575,8.0381,1907,0.00760881345563576,TRUE,""
ENSG00000074219,TEAD2,cad,grey,0.0261747656914663,0.245758110306171,9.641e-06,46.7424,5105,0.0072351027144342,TRUE,""
ENSG00000074319,TSG101,fbg,grey,-0.0760825403493175,0.235030456586428,0.0008575,8.8621,2026,0.00754112491493962,TRUE,""
ENSG00000074590,NUAK1,t2d,null,0.0739819816847546,0.538643967887185,0.002517,21.8409,3905,0.00837592797376509,TRUE,""
ENSG00000074603,DPP8,t2d,grey,0.146405769230455,0.14554595547627,5.402e-05,17.8395,2733,0.0117454077759982,TRUE,""
ENSG00000074696,PTPLAD1,fbg,grey,0.140944445366027,0.0690363479944153,1.71e-05,25.087,1206,0.0123234072229271,TRUE,""
ENSG00000074706,IPCEF1,fbg,null,0.0198654134186135,0.660643863540858,0.001688,15.8077,2265,0.0052962217192127,TRUE,""
ENSG00000074803,SLC12A1,t2d,grey,-0.0176479811523483,0.115427948067873,0.002468,193.7198,3057,0.00512832089885253,TRUE,""
ENSG00000074966,TXK,t2d,null,0.0401849623780574,0.506650310006063,2.084e-05,37.6509,3320,0.004190671051561,TRUE,""
ENSG00000075073,TACR2,cad,null,0.0316451872941314,0.673716649749524,0.0007871,13.3003,6818,0.00283357677312001,TRUE,""
ENSG00000075142,SRI,cad,null,0.00354599332636087,0.949374678910228,0.000137,20.079,4746,0.00279513554463044,TRUE,""
ENSG00000075142,SRI,fbg,null,0.00886498331590219,0.768668006560809,0.007847,20.079,1777,0.00433449323299381,TRUE,""
ENSG00000075234,TTC38,fbg,grey,0.0267976542462156,0.195624786869267,0.0002208,45.264,2070,0.0166735358902068,TRUE,""
ENSG00000075239,ACAT1,t2d,grey,-0.0203332352092889,0.486302002449304,0.0002324,32.301,3960,0.00421165159405979,TRUE,""
ENSG00000075239,ACAT1,cad,null,0.000739390371246868,0.972492190799539,7.099e-08,32.301,5386,6.50000140537462e-05,TRUE,""
ENSG00000075303,SLC25A40,t2d,null,-0.0189277514593832,0.962466345019474,0.001889,7.5716,3436,0.0118689300870998,TRUE,""
ENSG00000075340,ADD2,fbg,grey,0.0251727858692368,0.434655471356171,0.0006826,17.5858,2007,0.00546294037114632,TRUE,""
ENSG00000075391,RASAL2,fbg,null,0.0320890044940058,0.705149527894255,1.84e-05,7.7659,1667,0.00394561700418798,TRUE,""
ENSG00000075413,MARK3,fbg,null,0.000843036541845161,0.95309266714744,0.0005919,45.0969,1250,0.00425724317442008,TRUE,""
ENSG00000075624,ACTB,fbg,null,-0.0255948674890803,0.617075077451974,0.002297,5.6314,1156,0.00632357509141279,TRUE,""
ENSG00000075711,DLG1,t2d,null,0.0635093339856385,0.5469926117685,4.268e-05,7.9975,1979,0.0047279464928547,TRUE,""
ENSG00000075790,BCAP29,cad,null,-0.0272605214593546,0.930370546623838,4.533e-08,11.1867,5105,3.60334896068862e-05,TRUE,""
ENSG00000075856,SART3,t2d,grey,-0.344558024471318,0.266925996690805,0.0002702,6.6746,3802,0.00924871826859903,TRUE,""
ENSG00000075945,KIFAP3,t2d,null,0.0644567739545143,0.75306025988077,0.001463,15.0355,5029,0.00872179552284334,TRUE,""
ENSG00000075975,MKRN2,t2d,grey,-0.0517168499660626,0.317310507862914,1.637e-24,48.9618,3652,1.49446976479956e-20,TRUE,""
ENSG00000076003,MCM6,fbg,null,-0.00609931848169632,0.567709166197353,0.005585,60.0223,1397,0.00411309334808029,TRUE,""
ENSG00000076201,PTPN23,fbg,grey,0.0969356450468636,0.196938679952046,0.002281,7.2752,864,0.00653828113017882,TRUE,""
ENSG00000076242,MLH1,cad,grey,-0.0179664527462247,0.495353925990435,0.0003187,29.9127,5193,0.00381689367087183,TRUE,""
ENSG00000076248,UNG,fbg,null,0.00939207321647421,0.558301743578421,0.003027,57.1092,1549,0.00839089481147138,TRUE,""
ENSG00000076321,KLHL20,fbg,null,0.0137920800769579,0.671389024011197,0.002546,18.0672,1029,0.00444580890953752,TRUE,""
ENSG00000076554,TPD52,t2d,null,-0.00845913913713882,0.807548572497082,0.0001714,56.9053,3317,0.00473304012906241,TRUE,""
ENSG00000077092,RARB,cad,null,-0.0476118611927251,0.743010825241539,0.0001882,7.3314,6251,0.00280964113213424,TRUE,""
ENSG00000077232,DNAJC10,t2d,grey,-0.122753642303545,0.0511025895994622,0.000485,22.8327,4037,0.0243369641995357,TRUE,""
ENSG00000077238,IL4R,t2d,grey,0.0332076760392839,0.486302002449304,9.795e-06,29.3417,3536,0.00467492951120143,TRUE,""
ENSG00000077380,DYNC1I2,cad,null,-0.014354823381748,0.673116258667889,4.288e-06,15.0707,5642,0.00167669293191274,TRUE,""
ENSG00000077514,POLD3,fbg,null,-0.00578545036119463,0.913909936512377,0.001013,12.2764,1542,0.00448075058124761,TRUE,""
ENSG00000077616,NAALAD2,t2d,null,-0.0338768705779287,0.829803751216046,0.0001613,11.9819,3522,0.0049415366403419,TRUE,""
ENSG00000077684,PHF17,fbg,grey,-0.0204961325690255,0.498741913600147,0.004858,19.9745,1428,0.00503060202502009,TRUE,""
ENSG00000077684,PHF17,t2d,null,-0.0231695411649854,0.756923103409378,0.00115,19.9745,3083,0.00403575710287531,TRUE,""
ENSG00000077942,FBLN1,t2d,null,-0.0332608314082056,0.902937651007571,5.434e-07,5.1688,2816,0.000360675476622297,TRUE,""
ENSG00000078018,MAP2,t2d,grey,-0.339519686202209,0.132022809861922,0.005677,6.3628,3496,0.00935170100256289,TRUE,""
ENSG00000078018,MAP2,fbg,null,-0.0556589649511818,0.531971058097401,3.321e-08,6.3628,1491,0.000368633061996312,TRUE,""
ENSG00000078053,AMPH,t2d,null,-0.0490319199827522,0.704133350204302,8.165e-07,10.7678,5221,0.000688567136211398,TRUE,""
ENSG00000078142,PIK3C3,cad,grey,0.0533910945114427,0.146718745249695,0.0009011,26.6185,5175,0.00991199091729031,TRUE,""
ENSG00000078142,PIK3C3,fbg,grey,-0.019741245029441,0.338808706669851,0.007826,26.6185,2009,0.0085542694630975,TRUE,""
ENSG00000078269,SYNJ2,cad,null,0.0130627431712713,0.608717665298894,0.0002649,66.4515,6371,0.00890389382091998,TRUE,""
ENSG00000078399,HOXA9,cad,null,0.0259774901580062,0.514288986716092,1.44e-05,28.2567,5592,0.00301351939123556,TRUE,""
ENSG00000078399,HOXA9,fbg,null,0.00692733070880164,0.745692505957826,0.0002529,28.2567,2337,0.00459197265143986,TRUE,""
ENSG00000078401,EDN1,cad,null,0.0402718971277946,0.550847112181434,2.718e-76,14.8482,6027,8.94866077603988e-46,TRUE,""
ENSG00000078795,PKD2L2,t2d,grey,0.163412457081591,0.133614402537716,0.001334,12.385,2622,0.0115060934193783,TRUE,""
ENSG00000078900,TP73,fbg,null,0.0316579885732084,0.78972582092805,0.0005946,5.4636,2094,0.00537818958088312,TRUE,""
ENSG00000078967,UBE2D4,cad,null,0.00417311886036482,0.966414784500238,1.719e-06,17.0287,4999,0.00142296702800328,TRUE,""
ENSG00000079263,SP140,fbg,grey,-0.0150304381951102,0.43881634294658,0.0002303,28.3689,1808,0.00454343025781998,TRUE,""
ENSG00000079332,SAR1A,cad,null,-0.000551082374334902,0.986244051172096,7.914e-05,32.2414,7750,0.00236494380819598,TRUE,""
ENSG00000079332,SAR1A,fbg,null,0.00716407086635373,0.674956824198369,9.735e-05,32.2414,2709,0.0037199111695204,TRUE,""
ENSG00000079462,PAFAH1B3,fbg,null,-0.0533437992508829,0.522598999989147,0.005398,11.8766,965,0.0108652311492058,TRUE,""
ENSG00000079785,DDX1,cad,null,0.0025231055962353,0.959447074043739,0.0002364,14.1991,5575,0.0026008555157016,TRUE,""
ENSG00000079931,MOXD1,t2d,grey,-0.145202156262218,0.393012649581705,2.427e-08,9.937,4065,8.3351465445156e-05,TRUE,""
ENSG00000079950,STX7,cad,null,-0.00694310314645793,0.890294922852369,2.934e-05,20.4028,5690,0.0023715274209701,TRUE,""
ENSG00000080200,CRYBG3,fbg,grey,0.0260878567599935,0.34661443250305,0.007186,19.5784,1503,0.00696290446376507,TRUE,""
ENSG00000080503,SMARCA2,cad,null,0.00934944178228348,0.920344325445942,0.0002448,12.1844,8167,0.00312882687892421,TRUE,""
ENSG00000080603,SRCAP,t2d,grey,0.415576872950955,0.18119696484353,1.426e-06,4.671,1103,0.00727878746190062,TRUE,""
ENSG00000080603,SRCAP,cad,grey,-0.272394925127517,0.222939094167741,0.0001223,4.671,2355,0.00690840801436575,TRUE,""
ENSG00000080802,CNOT4,cad,grey,-0.170551705643715,0.341194755206439,0.0005911,8.2299,6126,0.00588611590467076,TRUE,""
ENSG00000080822,CLDND1,fbg,null,-0.00999650567663111,0.832012471360641,0.001995,12.3971,1985,0.00443716767954006,TRUE,""
ENSG00000080823,MOK,cad,grey,0.0981798007501424,0.222826119253045,9.696e-06,20.8495,5385,0.00597540688939789,TRUE,""
ENSG00000080823,MOK,fbg,grey,-0.0498569300684317,0.245758110306171,0.0003881,20.8495,1259,0.0124544412080043,TRUE,""
ENSG00000080839,RBL1,fbg,grey,0.0661995691775341,0.174735823215247,0.0005264,15.1439,1079,0.0109867196857322,TRUE,""
ENSG00000081307,UBA5,cad,grey,-0.314573465846212,0.294169094057931,2.999e-09,9.6344,6374,7.24744811673692e-05,TRUE,""
ENSG00000081377,CDC14B,cad,grey,0.276727917869346,0.120171523517004,0.0003393,7.3583,4612,0.00999102603743335,TRUE,""
ENSG00000081377,CDC14B,fbg,grey,0.108284837427135,0.260589034273618,0.0007976,7.3583,1513,0.00958207355841636,TRUE,""
ENSG00000081665,ZNF506,t2d,grey,0.104737850570043,0.163799772081998,4.131e-12,14.978,2808,4.06112663673838e-08,TRUE,""
ENSG00000081791,KIAA0141,fbg,grey,-0.0160001206198046,0.480261302753423,2.23e-05,24.4139,1836,0.00377799185621443,TRUE,""
ENSG00000081870,HSPB11,fbg,null,-0.011183195222531,0.858897500094722,0.002695,12.5891,1903,0.0119598423947373,TRUE,""
ENSG00000081923,ATP8B1,cad,null,-0.0320628469764517,0.706137056836058,0.001313,8.4131,6283,0.00333846022485532,TRUE,""
ENSG00000081985,IL12RB2,t2d,grey,0.0322011479216145,0.424825852274388,0.0001849,44.2676,4277,0.00586944454495625,TRUE,""
ENSG00000082014,SMARCD3,cad,null,0.110261029782691,0.774690209474326,1.353e-20,11.5786,5799,4.08916302891518e-16,TRUE,""
ENSG00000082146,STRADB,fbg,grey,0.0293908383290707,0.364803543676989,0.004144,10.5789,1418,0.00622492250904093,TRUE,""
ENSG00000082397,EPB41L3,fbg,grey,0.0124879210289851,0.436700030722758,0.0007715,39.7705,2031,0.00571155016790243,TRUE,""
ENSG00000082515,MRPL22,cad,null,-0.0250739718431211,0.769156613641138,0.000161,19.0666,6052,0.00402112251229297,TRUE,""
ENSG00000082516,GEMIN5,fbg,grey,0.267140207531215,0.392802835278636,0.0004241,6.1044,2117,0.0187197664000989,TRUE,""
ENSG00000082781,ITGB5,cad,grey,-0.106313090744916,0.129846904090822,1.449e-14,17.2344,6084,1.30854129374248e-10,TRUE,""
ENSG00000082781,ITGB5,t2d,null,0.0557369601963636,0.577731712443528,3.841e-07,17.2344,4195,0.00123614943920736,TRUE,""
ENSG00000082805,ERC1,cad,null,0.0242560729833822,0.738882680363527,0.0001935,13.9429,6269,0.00202584355951854,TRUE,""
ENSG00000082996,RNF13,fbg,grey,-0.0250424065256514,0.0727943929305394,0.005416,46.1633,1742,0.0156796437750466,TRUE,""
ENSG00000083099,LYRM2,fbg,null,-0.0159979867702042,0.738882680363527,0.0002194,11.1264,1880,0.00372935781373495,TRUE,""
ENSG00000083223,ZCCHC6,cad,grey,-0.0880651032694779,0.202594831099963,6.97e-05,15.8836,5389,0.00610077406928892,TRUE,""
ENSG00000083223,ZCCHC6,t2d,null,-0.0423604294207615,0.647073628566306,4.397e-05,15.8836,3559,0.00433961750305332,TRUE,""
ENSG00000083290,ULK2,t2d,null,0.00210512847587383,0.97008634014818,0.01504,25.065,1413,0.00392818995159057,TRUE,""
ENSG00000083535,PIBF1,fbg,null,0.00104570378621805,0.995306588474021,0.000496,16.7015,2482,0.0187004468928506,TRUE,""
ENSG00000083544,TDRD3,t2d,grey,-0.121498846678906,0.462840738177019,3.927e-05,8.4972,4854,0.00526723023791142,TRUE,""
ENSG00000083544,TDRD3,cad,grey,-0.136162500588429,0.254140149455582,4.13e-05,8.4972,6234,0.00375882964361001,TRUE,""
ENSG00000083635,NUFIP1,cad,grey,0.183526363270016,0.106339962455589,0.0002943,10.4352,4742,0.0239596101725935,TRUE,""
ENSG00000083799,CYLD,t2d,grey,-0.136932501477542,0.138035606740702,0.002687,17.0986,2922,0.0126236091845945,TRUE,""
ENSG00000083814,ZNF671,cad,null,0.0291730213289021,0.55508074885533,0.0005571,21.9655,5158,0.00356401975759615,TRUE,""
ENSG00000083817,ZNF416,t2d,null,0.0382034587832877,0.882558007257961,0.0006306,6.0378,3230,0.00435492645985352,TRUE,""
ENSG00000083838,ZNF446,cad,grey,0.128705397704332,0.142715473805306,0.0005571,14.7951,2863,0.0102141296856347,TRUE,""
ENSG00000083838,ZNF446,fbg,null,0.0108256876573737,0.817494086363381,0.001716,14.7951,734,0.00487664734198737,TRUE,""
ENSG00000083845,RPS5,cad,grey,0.0103727001485422,0.387364469848626,0.0005571,42.0068,3053,0.00335292840492407,TRUE,""
ENSG00000084090,STARD7,fbg,null,0.00761124420210385,0.931693545566772,0.004875,5.6481,495,0.00430525354848412,TRUE,""
ENSG00000084092,NOA1,t2d,null,-0.0292790042317488,0.542394927467182,0.002023,29.0136,4359,0.00488823633244287,TRUE,""
ENSG00000084093,REST,t2d,grey,-0.173916254100524,0.422364648429449,0.002023,6.9179,4304,0.00599266953439665,TRUE,""
ENSG00000084110,HAL,t2d,grey,0.0334160180349645,0.432485091390543,0.001317,52.8834,4392,0.0204236256315412,TRUE,""
ENSG00000084234,APLP2,cad,grey,-0.229595594010157,0.0846829459575784,0.001718,11.6218,5894,0.0180603058818563,TRUE,""
ENSG00000084444,KIAA1467,cad,grey,0.0910130048517012,0.0680672422985274,0.0003961,18.5989,5972,0.0132118323720325,TRUE,""
ENSG00000084463,WBP11,t2d,grey,-0.0662824966468096,0.305060822021553,1.105e-05,14.4144,3205,0.00508689675700789,TRUE,""
ENSG00000084676,NCOA1,cad,grey,0.0358630075738076,0.461218374590665,5.849e-07,20.5588,4798,0.00116501971397456,TRUE,""
ENSG00000084693,AGBL5,t2d,null,0.141691676842327,0.5434561598092,5.159e-21,5.4818,2157,0.000980305167322903,TRUE,""
ENSG00000084731,KIF3C,t2d,null,-0.0127779552085632,0.920344325445942,1.988e-05,11.8835,2452,0.0033424989302654,TRUE,""
ENSG00000084764,MAPRE3,t2d,grey,-0.137576052965984,0.0710937675034676,5.159e-21,19.0113,2161,4.32597688379251e-16,TRUE,""
ENSG00000085063,CD59,cad,grey,-0.0114599907652988,0.435590430382112,0.0003495,48.4749,5481,0.00412848257693025,TRUE,""
ENSG00000085063,CD59,t2d,null,0.00847042795696001,0.685652533544968,2.688e-05,48.4749,3677,0.00335963506743214,TRUE,""
ENSG00000085276,MECOM,cad,null,0.0685969723122237,0.692227984577075,0.0001152,9.6158,5059,0.00457072016465451,TRUE,""
ENSG00000085276,MECOM,fbg,null,0.0379088531199131,0.721891338190708,7.057e-05,9.6158,1681,0.00664484431882806,TRUE,""
ENSG00000085382,HACE1,t2d,null,-0.0483425287857337,0.672239138726747,0.0002722,12.1506,3588,0.00372802516714475,TRUE,""
ENSG00000085552,IGSF9,cad,grey,-0.396453471570425,0.0526167448642874,2.348e-05,9.6821,5470,0.0303551387759823,TRUE,""
ENSG00000085644,ZNF213,cad,grey,0.0315162871801589,0.275910431690185,0.001299,61.4842,4385,0.00272689158154733,TRUE,""
ENSG00000085741,WNT11,cad,null,0.0101326867359948,0.848935998880548,4.758e-11,19.4544,4985,3.36502040563424e-07,TRUE,""
ENSG00000085871,MGST2,cad,null,-0.00725806329321593,0.738882680363527,0.0006103,42.7817,4843,0.00378531410100186,TRUE,""
ENSG00000085978,ATG16L1,cad,grey,0.065656705743481,0.140566636048714,1.148e-06,22.6956,5979,0.000701065996749331,TRUE,""
ENSG00000085999,RAD54L,fbg,null,-0.0513871187155332,0.607052248071005,0.000825,6.2237,1145,0.00631536160207867,TRUE,""
ENSG00000086015,MAST2,cad,grey,-0.0603680450099041,0.350084072884968,1.755e-05,16.0243,3988,0.00341803571248273,TRUE,""
ENSG00000086200,IPO11,cad,null,0.0393947929660778,0.562624686915214,0.0001868,14.9106,5260,0.0030382097236209,TRUE,""
ENSG00000086232,EIF2AK1,t2d,grey,-0.0690288341563648,0.227310058016444,0.001188,25.4417,2169,0.00753583158565598,TRUE,""
ENSG00000086288,NME8,fbg,null,-0.000423796223830014,0.974266251454282,0.001746,42.3712,2502,0.00454442221641351,TRUE,""
ENSG00000086289,EPDR1,cad,grey,0.0332127585676206,0.109598583399116,0.0001534,53.7842,6900,0.0112698099337984,TRUE,""
ENSG00000086570,FAT2,t2d,grey,-0.156686976104229,0.0907684440510632,0.0001521,15.2707,4542,0.0144048942587303,TRUE,""
ENSG00000087086,FTL,cad,grey,0.0518704980664369,0.342989035753843,9.641e-06,7.6865,5684,0.00318658584260344,TRUE,""
ENSG00000087088,BAX,cad,grey,0.027994066558853,0.423710797166793,9.641e-06,30.0421,5704,0.00289938673020849,TRUE,""
ENSG00000087116,ADAMTS2,fbg,grey,-0.0247738843945237,0.396168007039194,0.002403,16.8869,2004,0.00553379772059303,TRUE,""
ENSG00000087206,UIMC1,fbg,null,-0.0735673050229123,0.660643863540858,0.001176,39.5486,804,0.0249579991865242,TRUE,""
ENSG00000087237,CETP,t2d,grey,0.138629117572161,0.0819071368614901,0.0007795,16.1522,3594,0.0161392920194009,TRUE,""
ENSG00000087903,RFX2,cad,null,-0.0438895059964668,0.698684565645401,3.244e-05,14.5243,6511,0.00407401509890258,TRUE,""
ENSG00000088280,ASAP3,fbg,null,-0.0234285093308516,0.542023387720777,0.005674,18.8782,1295,0.0058528175988587,TRUE,""
ENSG00000088298,EDEM2,t2d,grey,-0.0882503927382299,0.0679644099899552,0.0001777,39.6363,2606,0.0111810995470614,TRUE,""
ENSG00000088387,DOCK9,cad,grey,-0.0863677496020837,0.173478578848781,1.879e-07,19.8874,6479,0.000356630076325143,TRUE,""
ENSG00000088448,ANKRD10,t2d,grey,0.0498652379000553,0.143604244350832,1.275e-05,48.7164,4167,0.0149627984906633,TRUE,""
ENSG00000088682,COQ9,t2d,grey,-0.189509224956828,0.263052565754809,0.0007795,15.8448,3689,0.0126894448248781,TRUE,""
ENSG00000088766,CRLS1,fbg,null,-0.0030920101199675,0.796357116257739,0.002483,50.5711,2578,0.00395999105669414,TRUE,""
ENSG00000088808,PPP1R13B,cad,null,0.0208701077790211,0.912135907027247,1.748e-07,11.9911,5702,5.2322734617534e-05,TRUE,""
ENSG00000088812,ATRN,fbg,grey,-0.111625993809185,0.0873255405560041,0.0005591,8.4461,1985,0.0155625676069732,TRUE,""
ENSG00000088826,SMOX,cad,grey,-0.0341530416115049,0.209755770356007,0.000166,53.5687,6772,0.00780086763493572,TRUE,""
ENSG00000088854,C20orf194,cad,null,0.083926118100798,0.590759426032424,2.117e-05,10.6906,6244,0.00441800401615571,TRUE,""
ENSG00000088992,TESC,t2d,grey,0.0458925992231814,0.40707055330584,6.177e-05,37.5525,3404,0.00651226274232312,TRUE,""
ENSG00000089022,MAPKAPK5,t2d,grey,-0.113139286884758,0.243809685335713,0.0003157,25.2525,1703,0.0136053173337498,TRUE,""
ENSG00000089041,P2RX7,cad,grey,0.0693825876560128,0.258441968240366,1.26e-18,35.4265,5263,5.19764470800943e-14,TRUE,""
ENSG00000089053,ANAPC5,cad,null,-0.00490458948427827,0.911528237909377,1.26e-18,24.4649,5424,1.45706437372179e-14,TRUE,""
ENSG00000089057,SLC23A2,fbg,grey,-0.0303647550522629,0.498741913600147,0.001057,13.3995,2421,0.00507425862069844,TRUE,""
ENSG00000089063,TMEM230,cad,null,-0.00320982661537298,0.778939163028047,0.0002561,74.1778,7035,0.00271121879807005,TRUE,""
ENSG00000089063,TMEM230,fbg,null,-0.00100307081730406,0.871864744932721,0.001057,74.1778,2403,0.0049710685891586,TRUE,""
ENSG00000089091,DZANK1,fbg,null,0.039031685321802,0.651547872829126,0.0004915,5.7359,2299,0.00496499063354673,TRUE,""
ENSG00000089123,TASP1,fbg,grey,-0.181478561970699,0.325726251840178,0.0001246,5.4549,2307,0.00951693105165586,TRUE,""
ENSG00000089123,TASP1,cad,null,-0.0159191721026929,0.962729239274633,0.0001753,5.4549,6257,0.00600968581171871,TRUE,""
ENSG00000089127,OAS1,t2d,null,-0.00637622606832235,0.812568815468984,0.0007675,87.2932,2865,0.00494276159162917,TRUE,""
ENSG00000089159,PXN,t2d,grey,-0.281212423826064,0.0961851203898962,1.976e-14,7.7699,3773,6.71039712564601e-10,TRUE,""
ENSG00000089195,TRMT6,cad,null,0.0145636907299457,0.84615250852728,4.785e-05,15.8562,6437,0.00317670546282252,TRUE,""
ENSG00000089195,TRMT6,fbg,null,-0.0268868136552843,0.558301743578421,0.002483,15.8562,2475,0.00701599348231454,TRUE,""
ENSG00000089220,PEBP1,t2d,null,-0.00810598878581155,0.754660563059686,6.177e-05,36.8332,4080,0.00329180122798298,TRUE,""
ENSG00000089248,ERP29,fbg,grey,0.0918468025674794,0.0818590179576148,0.0029,15.3892,921,0.0268384927524661,TRUE,""
ENSG00000089335,ZNF302,t2d,null,-0.0142943032189635,0.770792381889535,9.975e-05,45.8443,3036,0.00605303643645464,TRUE,""
ENSG00000089639,GMIP,cad,null,-0.013981830030736,0.799703117833374,3.179e-07,21.0969,5052,0.000440493362855378,TRUE,""
ENSG00000089685,BIRC5,t2d,grey,0.0558035432670215,0.415671596774975,2.341e-05,20.6824,1996,0.00491637124233703,TRUE,""
ENSG00000089693,MLF2,fbg,null,-0.0455835818220464,0.716129568855565,0.0005969,14.4632,1557,0.0135247945023586,TRUE,""
ENSG00000089737,DDX24,t2d,grey,-0.0335746557074142,0.361505569533152,0.001698,43.6001,4648,0.00546027421332227,TRUE,""
ENSG00000089737,DDX24,fbg,null,-0.00919853581025047,0.518822668670191,0.0001168,43.6001,2363,0.00447865354844991,TRUE,""
ENSG00000089775,ZBTB25,t2d,grey,0.0456405719945344,0.297566248363504,0.0008055,57.56,3853,0.00396004434794994,TRUE,""
ENSG00000089775,ZBTB25,fbg,grey,-0.0593327435928947,0.493842236243828,0.003377,57.56,1626,0.00917019088308989,TRUE,""
ENSG00000090006,LTBP4,cad,grey,0.0308370708305997,0.451075516414075,2.362e-17,30.0144,5145,1.63988139210112e-13,TRUE,""
ENSG00000090054,SPTLC1,fbg,grey,-0.128012314214338,0.195163472029178,0.0002433,7.9258,1763,0.00981111708952478,TRUE,""
ENSG00000090061,CCNK,t2d,null,0.0544692884804103,0.710045582146834,1.197e-05,9.4769,3406,0.00334726080398197,TRUE,""
ENSG00000090376,IRAK3,cad,null,0.0155841319155485,0.598668814257765,0.001023,34.0334,4865,0.00305898578127473,TRUE,""
ENSG00000090376,IRAK3,fbg,null,0.00155841319155485,0.927564826606211,0.0004273,34.0334,2002,0.00396939284382875,TRUE,""
ENSG00000090382,LYZ,fbg,null,0.00481766919046905,0.714474277651148,9.756e-06,143.3691,2157,0.00750965157419299,TRUE,""
ENSG00000090447,TFAP4,cad,null,-0.0185500041906242,0.873881476173793,0.0001963,9.5778,5996,0.0171602488256495,TRUE,""
ENSG00000090487,SPG21,t2d,grey,-0.203460275822371,0.0877631344282924,0.008833,12.1645,2379,0.0190359575512755,TRUE,""
ENSG00000090530,LEPREL1,fbg,null,-0.0158581924145135,0.707660466654553,0.00038,12.3436,2590,0.00402093937069956,TRUE,""
ENSG00000090581,GNPTG,t2d,null,-0.00162283991115526,0.98891862625844,0.008967,19.039,1485,0.00699719081728592,TRUE,""
ENSG00000090863,GLG1,fbg,grey,0.0236360943999892,0.332197561388374,0.001167,24.0542,1567,0.00612540794014276,TRUE,""
ENSG00000090905,TNRC6A,cad,grey,-0.0780323938093309,0.192448205041414,0.0001226,26.4583,6234,0.00911373182168249,TRUE,""
ENSG00000090975,PITPNM2,cad,null,-0.0556654044534283,0.757455769557939,7.427e-07,6.7025,4419,0.000886987054824062,TRUE,""
ENSG00000091106,NLRC4,fbg,null,0.00600132838392318,0.768668006560809,0.0005319,29.6601,1437,0.00430912297832599,TRUE,""
ENSG00000091157,WDR7,t2d,grey,-0.234077905882976,0.176734775189797,1.89e-05,11.648,3850,0.00977869491593818,TRUE,""
ENSG00000091262,ABCC6,cad,null,-0.0121281507488337,0.843412131078017,5.946e-07,21.6762,3859,0.000637065124790112,TRUE,""
ENSG00000091317,CMTM6,t2d,null,-0.00254139809567311,0.970815612076236,2.532e-05,20.9596,3772,0.00136570527348706,TRUE,""
ENSG00000091592,NLRP1,cad,grey,-0.10581363507077,0.126931238256761,8.33e-05,31.1655,6961,0.0179128231959993,TRUE,""
ENSG00000091622,PITPNM3,t2d,grey,0.12857309215046,0.173040144152087,0.0005016,15.0626,3312,0.0098060941503945,TRUE,""
ENSG00000091622,PITPNM3,fbg,grey,0.0412849378464779,0.258884225947615,0.001191,15.0626,2081,0.00644709496394041,TRUE,""
ENSG00000091640,SPAG7,fbg,grey,0.0241116440603003,0.131275552434854,0.000921,66.1551,1850,0.0919444555418338,TRUE,""
ENSG00000091972,CD200,fbg,grey,-0.046755624934332,0.330940007555672,0.000353,13.3246,2182,0.0060591115763436,TRUE,""
ENSG00000092010,PSME1,cad,null,0.0154874225461899,0.824140895741885,0.0002795,15.9084,5538,0.00295059608005263,TRUE,""
ENSG00000092020,PPP2R3C,t2d,null,-0.0167202480127086,0.586232434178078,0.002548,97.5848,3768,0.0062447127755486,TRUE,""
ENSG00000092067,CEBPE,fbg,null,0.0140527696618033,0.863886790544927,0.001745,7.5454,2120,0.00415286654200901,TRUE,""
ENSG00000092096,SLC22A17,cad,null,0.0134748075363608,0.893929766752772,0.0001667,23.6528,5206,0.00553933427060125,TRUE,""
ENSG00000092208,GEMIN2,t2d,null,0.0183578825036756,0.893286855587621,1.223e-07,9.604,4379,5.41510202515535e-05,TRUE,""
ENSG00000092421,SEMA6A,t2d,grey,0.16660909484927,0.101763504951258,0.0006449,15.3748,5417,0.0126756771383528,TRUE,""
ENSG00000092421,SEMA6A,fbg,null,-0.00115700760311993,0.976536189986223,0.0005977,15.3748,2723,0.00390495010323657,TRUE,""
ENSG00000092621,PHGDH,cad,null,0.00890263523271215,0.747012853671546,0.001545,59.8913,3166,0.0047175965595117,TRUE,""
ENSG00000092850,TEKT2,fbg,null,-0.0097186511883197,0.900523550339774,0.0008783,8.5378,1094,0.00479865656313356,TRUE,""
ENSG00000092929,UNC13D,fbg,grey,0.0438116101060446,0.108435903410357,0.008484,24.7368,1174,0.0162340024968571,TRUE,""
ENSG00000092931,MFSD11,fbg,grey,-0.0435806526609654,0.299055232507361,0.000889,14.7903,1723,0.0102131362968276,TRUE,""
ENSG00000092969,TGFB2,fbg,null,-0.0305224050057103,0.806535441920889,0.0001692,6.8959,2127,0.00603630184841433,TRUE,""
ENSG00000092978,GPATCH2,fbg,grey,-0.119672382897267,0.150575972824847,0.0001692,6.7951,2801,0.0103433401192695,TRUE,""
ENSG00000093009,CDC45,t2d,null,-0.0669802394611266,0.770541497710554,0.001319,7.3568,2014,0.00481888415565251,TRUE,""
ENSG00000093134,VNN3,t2d,grey,-0.0221331174216282,0.273903383693827,0.001034,93.0384,4009,0.00376674688496619,TRUE,""
ENSG00000093167,LRRFIP2,t2d,null,0.0173973868030005,0.518558117191478,0.001574,52.8469,3560,0.00418434204922657,TRUE,""
ENSG00000094880,CDC23,cad,grey,-0.229497540033692,0.43368892845595,1.557e-05,8.5311,3784,0.00585903257725279,TRUE,""
ENSG00000094975,SUCO,fbg,null,0.00794316929578512,0.903523023570037,0.0009163,8.0377,1595,0.0040297952340568,TRUE,""
ENSG00000095002,MSH2,fbg,null,0.00287556105178623,0.836882810464227,0.0001596,70.3922,1888,0.00571035146348072,TRUE,""
ENSG00000095321,CRAT,fbg,grey,0.00921259513947807,0.303286223069842,0.003991,69.949,1557,0.00588276891631944,TRUE,""
ENSG00000095383,TBC1D2,t2d,grey,-0.0747923639504678,0.17499678982012,0.002035,27.8816,3954,0.0100277143059624,TRUE,""
ENSG00000095397,DFNB31,fbg,null,-0.0115176525752599,0.531971058097401,0.0002867,30.7472,2642,0.00456152695413035,TRUE,""
ENSG00000095564,BTAF1,t2d,grey,-0.123561384086413,0.317310507862914,9.337e-40,17.0021,2976,3.75947443346149e-35,TRUE,""
ENSG00000095637,SORBS1,cad,grey,0.152330287961143,0.232654673754248,0.0003615,8.647,5788,0.005616687045889,TRUE,""
ENSG00000095906,NUBP2,t2d,null,-0.073805880856579,0.568835440784734,0.008967,11.8173,1630,0.00483992979460478,TRUE,""
ENSG00000096063,SRPK1,t2d,null,0.0186575964194186,0.633938683881346,1.01e-06,38.4914,3610,0.000834412434553423,TRUE,""
ENSG00000096092,TMEM14A,fbg,grey,0.0373301269503943,0.185659381979118,0.009144,21.4572,2339,0.0102316573996846,TRUE,""
ENSG00000096654,ZNF184,t2d,grey,-0.118166878883846,0.165635894298711,0.001543,18.3774,3425,0.0109507760224619,TRUE,""
ENSG00000096654,ZNF184,cad,grey,0.0765178969821629,0.202594831099963,8.524e-05,18.3774,5201,0.00546534408547985,TRUE,""
ENSG00000096968,JAK2,t2d,grey,-0.0671577742985975,0.224293681815482,3.013e-15,25.2612,4390,7.49708907312349e-11,TRUE,""
ENSG00000097021,ACOT7,t2d,null,0.0635831301632364,0.544757950630745,2.626e-06,22.341,2885,0.00549072746303875,TRUE,""
ENSG00000097096,SYDE2,t2d,null,0.0612159355692512,0.624920362458645,7.252e-05,11.5422,4478,0.00435443612285501,TRUE,""
ENSG00000099246,RAB18,t2d,grey,0.128045140729032,0.194046458228516,0.006871,13.827,4618,0.0130453123716271,TRUE,""
ENSG00000099251,HSD17B7P2,t2d,null,-0.010040993978833,0.535091124596743,0.01156,39.9345,2398,0.00416697507323676,TRUE,""
ENSG00000099256,PRTFDC1,cad,grey,0.0887159761292468,0.492355526341607,2.539e-07,9.2105,6346,0.00116337268555848,TRUE,""
ENSG00000099282,TSPAN15,t2d,null,-0.0368442107087172,0.57934082521527,6.578e-09,24.6381,4434,1.25200883284018e-05,TRUE,""
ENSG00000099284,H2AFY2,cad,null,-0.0145965995820515,0.71255930200628,7.914e-05,25.6083,7612,0.00249709256988522,TRUE,""
ENSG00000099290,FAM21A,cad,null,-0.00307743692007367,0.759260815924473,0.0003597,48.7863,2748,0.00276641705246974,TRUE,""
ENSG00000099326,MZF1,fbg,grey,0.0241461087273049,0.236329736314398,0.007224,33.172,670,0.00928045732505339,TRUE,""
ENSG00000099337,KCNK6,t2d,null,0.0192827490032075,0.778082928698548,0.0003942,27.137,3309,0.00529471772613702,TRUE,""
ENSG00000099338,CATSPERG,t2d,grey,-0.107555710415092,0.488744120386507,0.0003942,24.0035,3292,0.0129226069614372,TRUE,""
ENSG00000099338,CATSPERG,cad,grey,0.0752186994406197,0.498269431507032,1.651e-05,24.0035,5187,0.00302048834413908,TRUE,""
ENSG00000099341,PSMD8,cad,null,-0.0690928795037669,0.790271981569015,1.651e-05,11.4066,5211,0.00294122150315248,TRUE,""
ENSG00000099622,CIRBP,fbg,grey,-0.0663649195777031,0.393012649581705,0.003687,9.5493,1034,0.0103389283024431,TRUE,""
ENSG00000099769,IGFALS,t2d,grey,-0.22138911595428,0.299876975108697,0.008967,8.7321,1630,0.00821334880179111,TRUE,""
ENSG00000099810,MTAP,t2d,grey,-0.0942522529665503,0.160171683432365,4.132e-58,23.605,4024,5.00427671536632e-53,TRUE,""
ENSG00000099840,IZUMO4,fbg,grey,-0.131366908963079,0.370197276411458,0.0019,5.6221,1042,0.0122419054096076,TRUE,""
ENSG00000099849,RASSF7,cad,null,0.0430548736331334,0.735485394111986,8.347e-06,10.2679,4364,0.0035864077906233,TRUE,""
ENSG00000099860,GADD45B,cad,null,0.0435981683182218,0.600411028614905,6.73e-06,25.5442,5818,0.00401729603185109,TRUE,""
ENSG00000099968,BCL2L13,cad,grey,-0.0510222529763993,0.18375947113462,0.0001115,62.941,5725,0.00276257636467167,TRUE,""
ENSG00000099994,SUSD2,t2d,grey,-0.0448979232740083,0.472645187126825,0.0009148,31.1569,2595,0.00676017148705847,TRUE,""
ENSG00000100012,SEC14L3,t2d,grey,-0.0429916044218603,0.305363187666221,9.169e-09,33.4972,3527,7.8570144727899e-06,TRUE,""
ENSG00000100024,UPB1,fbg,grey,0.0161808945366755,0.165412255542075,0.001004,60.8801,1472,0.00982128682605409,TRUE,""
ENSG00000100029,PES1,t2d,grey,-0.0436731416252688,0.445761643145975,9.169e-09,22.1316,3595,6.27673589227656e-06,TRUE,""
ENSG00000100030,MAPK1,t2d,grey,0.207896694251613,0.389334575709387,0.0003626,13.9575,1936,0.012216031070283,TRUE,""
ENSG00000100034,PPM1F,t2d,grey,-0.0426823651140557,0.0922697703378473,0.0003626,89.1081,1728,0.00551481127907507,TRUE,""
ENSG00000100034,PPM1F,cad,grey,0.0353012042296701,0.0536285791274191,0.0006967,89.1081,4576,0.00633199423715282,TRUE,""
ENSG00000100038,TOP3B,cad,grey,0.0301510020751696,0.311903510852471,0.0006967,28.6122,4574,0.00678133027846724,TRUE,""
ENSG00000100038,TOP3B,fbg,grey,0.0224457459892929,0.17151658555805,0.0002249,28.6122,1374,0.0139920423235307,TRUE,""
ENSG00000100038,TOP3B,t2d,null,0.0100503340250565,0.818862983035084,0.0003626,28.6122,1740,0.0058311210434782,TRUE,""
ENSG00000100058,CRYBB2P1,cad,null,0.016244449212766,0.736657328126894,1.034e-06,17.2678,6135,0.00117399704349885,TRUE,""
ENSG00000100068,LRP5L,fbg,null,-0.0180746272209627,0.821979274262541,0.001004,26.5402,2051,0.0141080983784016,TRUE,""
ENSG00000100105,PATZ1,cad,null,0.00386442207996182,0.974674585344451,7.025e-06,8.7486,6016,0.0006802591429981,TRUE,""
ENSG00000100106,TRIOBP,t2d,grey,0.0461410485994957,0.181059482276353,0.000251,56.9216,2427,0.0323541970644533,TRUE,""
ENSG00000100109,TFIP11,t2d,null,-0.00772461413093269,0.743461618132436,0.0002066,99.1925,4844,0.00471539080042167,TRUE,""
ENSG00000100138,NHP2L1,fbg,null,-0.00187236335824914,0.973986635391853,0.0001153,28.4683,1210,0.010889101676815,TRUE,""
ENSG00000100162,CENPM,t2d,null,0.0171752759795607,0.864652678641806,9.51e-07,15.3982,2706,0.000571281209757432,TRUE,""
ENSG00000100181,TPTEP1,fbg,null,-0.0149752315664531,0.51108906411744,0.001168,20.0794,1018,0.00501837334203673,TRUE,""
ENSG00000100197,CYP2D6,fbg,null,0.00880764634544548,0.539940330191881,6.316e-05,35.0473,1470,0.00442465878859442,TRUE,""
ENSG00000100207,TCF20,t2d,null,0.0468662783962254,0.771282550375262,4.116e-06,9.4951,2892,0.00911013314554844,TRUE,""
ENSG00000100220,C22orf28,fbg,null,0.0260917251171221,0.538300749018723,0.001084,14.9718,2179,0.00532877990017028,TRUE,""
ENSG00000100225,FBXO7,fbg,grey,0.0537302071644651,0.13784315525934,0.001084,15.2391,2236,0.0118859668287054,TRUE,""
ENSG00000100227,POLDIP3,cad,null,0.0169412328212823,0.826511328276404,1.721e-06,15.633,6018,0.00179650905545571,TRUE,""
ENSG00000100227,POLDIP3,fbg,null,-0.00317648115399042,0.943056670967043,6.316e-05,15.633,1763,0.00492224846683529,TRUE,""
ENSG00000100241,SBF1,cad,null,0.0486338397667174,0.53419070026645,0.0001068,13.3462,4189,0.00603715830384024,TRUE,""
ENSG00000100243,CYB5R3,cad,grey,0.0506880465676358,0.212327468020305,1.721e-06,39.3229,6059,0.00453905842335658,TRUE,""
ENSG00000100246,DNAL4,cad,null,0.0594313683306143,0.569608991540105,0.000218,17.2218,4566,0.0054742041143682,TRUE,""
ENSG00000100263,RHBDD3,cad,null,-0.197715714836625,0.545732840028086,6.778e-07,11.8389,4552,0.00098619517166394,TRUE,""
ENSG00000100271,TTLL1,fbg,grey,-0.0330502554063233,0.398809120942746,6.316e-05,14.4923,2044,0.00543971927942108,TRUE,""
ENSG00000100280,AP1B1,t2d,grey,-0.0650778416940524,0.39406273937331,9.169e-09,20.4445,3165,7.30068410826494e-06,TRUE,""
ENSG00000100280,AP1B1,cad,null,0.017354091118414,0.743010825241539,2.001e-07,20.4445,4625,0.000112270726422045,TRUE,""
ENSG00000100284,TOM1,cad,null,-0.00916273387128669,0.820211678728453,0.0002309,86.7309,6711,0.00544891726088096,TRUE,""
ENSG00000100297,MCM5,fbg,grey,-0.0137265997693348,0.339296824849853,0.000887,37.412,2445,0.00844011918617189,TRUE,""
ENSG00000100320,RBFOX2,fbg,null,0.0193525590497676,0.864842812437012,0.000887,7.3582,2286,0.00639338924218733,TRUE,""
ENSG00000100345,MYH9,cad,grey,0.0577906566299182,0.292509878183886,0.000155,24.3638,6196,0.00545710080118606,TRUE,""
ENSG00000100347,SAMM50,fbg,null,0.0054799233305632,0.674956824198369,6.316e-05,74.9949,2691,0.0396277475212832,TRUE,""
ENSG00000100348,TXN2,cad,grey,0.125206886952579,0.10371190203331,0.000155,13.62,6209,0.00899966676194463,TRUE,""
ENSG00000100348,TXN2,t2d,null,-0.0117381456518043,0.912602809686853,0.000251,13.62,3192,0.00578202873854821,TRUE,""
ENSG00000100350,FOXRED2,cad,grey,0.0416157298896696,0.0905873219215137,0.000155,65.9109,6180,0.0118006928732852,TRUE,""
ENSG00000100359,SGSM3,t2d,grey,-0.299175662210366,0.337526339813049,9.51e-07,9.7396,2024,0.00170623401002661,TRUE,""
ENSG00000100362,PVALB,cad,grey,0.0193135053638452,0.184221436110931,0.000155,50.0875,6119,0.00623430007819953,TRUE,""
ENSG00000100362,PVALB,t2d,null,-0.0102528485264857,0.617075077451974,0.000251,50.0875,3115,0.00436944975470682,TRUE,""
ENSG00000100362,PVALB,fbg,null,-0.00548408176998073,0.522895216724075,0.003134,50.0875,2054,0.00523493947069529,TRUE,""
ENSG00000100364,KIAA0930,cad,null,-0.00140493379095702,0.976536189986223,0.003299,22.8151,7289,0.00316223985171363,TRUE,""
ENSG00000100422,CERK,cad,null,0.00511135244393074,0.825607162004183,5.363e-05,39.8975,6485,0.00264256367622209,TRUE,""
ENSG00000100425,BRD1,t2d,grey,-0.133307819732713,0.434321434162717,2.816e-05,16.838,3883,0.00876215208728108,TRUE,""
ENSG00000100439,ABHD4,fbg,grey,0.027679899572482,0.458126425559177,0.001745,14.4591,2470,0.00480706714191046,TRUE,""
ENSG00000100453,GZMB,cad,grey,0.0378789525041981,0.203576223547883,0.0002795,44.174,6135,0.0037050987305435,TRUE,""
ENSG00000100453,GZMB,fbg,grey,-0.0157474296927565,0.366823698716426,0.005151,44.174,2302,0.00499954574869623,TRUE,""
ENSG00000100478,AP4S1,t2d,grey,0.265040277743873,0.074408894251523,0.0003779,9.3818,3072,0.0143339200688531,TRUE,""
ENSG00000100490,CDKL1,fbg,grey,-0.0161490804489848,0.0659578992594126,0.00145,42.3564,1690,0.0209927819437237,TRUE,""
ENSG00000100504,PYGL,cad,null,0.0238290662814643,0.575066119031548,0.000909,27.587,6136,0.00348264602496094,TRUE,""
ENSG00000100505,TRIM9,cad,null,0.0628373493321774,0.526960228463328,0.000909,26.2701,6184,0.00813311560530958,TRUE,""
ENSG00000100526,CDKN3,fbg,grey,0.03291363843931,0.480261302753423,0.0004523,12.962,1732,0.00521852319292615,TRUE,""
ENSG00000100564,PIGH,fbg,null,-0.0553763140276189,0.59710278471826,0.002635,10.8136,1537,0.00984877981998386,TRUE,""
ENSG00000100577,GSTZ1,t2d,grey,0.0515532478181441,0.19971886424532,1.085e-05,37.3846,4820,0.00611195203348021,TRUE,""
ENSG00000100580,TMED8,fbg,grey,-0.0491174570542829,0.146609268931168,0.0006558,14.8366,2296,0.013916942346352,TRUE,""
ENSG00000100592,DAAM1,t2d,null,-0.0216436471615553,0.610320943508691,0.0004294,43.4811,3970,0.00545017786676149,TRUE,""
ENSG00000100596,SPTLC2,fbg,grey,-0.00877834798537851,0.49813992156856,0.0006558,47.7012,2338,0.00394746238267097,TRUE,""
ENSG00000100599,RIN3,fbg,null,0.00987295298479323,0.684558919367902,0.0003649,23.4374,1884,0.00413978353366311,TRUE,""
ENSG00000100600,LGMN,fbg,null,0.00293248743180821,0.900523550339774,0.0003649,24.0843,1787,0.00386142127347495,TRUE,""
ENSG00000100614,PPM1A,fbg,null,-0.0196405948003436,0.802587348634153,0.002871,6.7448,1461,0.0039887502718113,TRUE,""
ENSG00000100650,SRSF5,t2d,null,-0.021074316391759,0.953993721064351,9.92e-06,5.0414,4226,0.00240431644564,TRUE,""
ENSG00000100749,VRK1,cad,grey,0.0452070243418822,0.15832887694973,0.00121,20.8702,6127,0.00680064743702144,TRUE,""
ENSG00000100764,PSMC1,fbg,null,-0.0220565828148454,0.628477445586286,2.872e-07,5.4465,1829,0.00105874492022435,TRUE,""
ENSG00000100814,CCNB1IP1,cad,null,0.0173913050803694,0.516259001280478,0.0002985,36.8162,4940,0.00326085388364654,TRUE,""
ENSG00000100823,APEX1,cad,grey,-0.102590904855419,0.425013951601085,0.0002985,11.1479,5204,0.00556524822954205,TRUE,""
ENSG00000100836,PABPN1,fbg,grey,0.124646368449063,0.427398753621591,0.001745,7.1402,1809,0.00944185989661833,TRUE,""
ENSG00000100865,CINP,t2d,grey,0.10021431702002,0.235603931976013,2.019e-06,18.1166,3272,0.00313045777760939,TRUE,""
ENSG00000100883,SRP54,fbg,null,-0.00409817862026029,0.821351959007176,0.009176,30.3009,1425,0.00381940948514593,TRUE,""
ENSG00000100968,NFATC4,t2d,grey,-0.193497006058721,0.331611133237355,6.384e-05,9.0762,3901,0.00578036511828231,TRUE,""
ENSG00000100968,NFATC4,cad,null,-0.0619190419387909,0.665427150454072,0.0002795,9.0762,5883,0.00351451710387337,TRUE,""
ENSG00000100979,PLTP,t2d,grey,-0.0297990048111099,0.410630376179832,0.0004024,78.6437,3522,0.00687120896538254,TRUE,""
ENSG00000100979,PLTP,fbg,null,0.00779358587367488,0.583426134426407,0.001635,78.6437,2030,0.00387309782651047,TRUE,""
ENSG00000100983,GSS,cad,grey,-0.667804503201549,0.148393381726933,6.84e-12,8.4747,3508,5.93904561717281e-07,TRUE,""
ENSG00000100991,TRPC4AP,t2d,null,0.00364406305677946,0.831066975685199,1.512e-08,83.4855,2623,7.13073847674322e-05,TRUE,""
ENSG00000100994,PYGB,t2d,null,-0.00584630487328578,0.719614271159806,0.004102,110.9261,3631,0.00488113853273124,TRUE,""
ENSG00000100997,ABHD12,fbg,grey,-0.0498106193540497,0.0864762654936656,0.002393,21.3296,1627,0.0175107606116557,TRUE,""
ENSG00000101003,GINS1,t2d,null,-0.126384205690408,0.56399142061797,0.004102,6.0427,3132,0.00490852575199298,TRUE,""
ENSG00000101017,CD40,cad,grey,-0.026561022553649,0.304054371764733,4.396e-09,60.5801,5749,2.97474623964528e-05,TRUE,""
ENSG00000101057,MYBL2,fbg,grey,0.0218302816583325,0.352250687955077,0.001394,32.417,1904,0.00773756976130236,TRUE,""
ENSG00000101082,SLA2,fbg,grey,-0.0754692369063645,0.427126945094663,0.0005264,6.3169,954,0.00556624356141456,TRUE,""
ENSG00000101096,NFATC2,t2d,null,-0.094868850966358,0.765644454149627,9.137e-06,5.8159,3925,0.00161411334803982,TRUE,""
ENSG00000101104,PABPC1L,fbg,null,0.00446657358935699,0.684558919367902,0.002353,42.121,1908,0.00415180671752623,TRUE,""
ENSG00000101109,STK4,cad,null,-0.0175709191193741,0.779477504888406,4.396e-09,20.017,5604,2.20519406588029e-05,TRUE,""
ENSG00000101115,SALL4,fbg,null,0.00679152452627825,0.864434730029062,0.001301,16.0858,2192,0.00500428970170442,TRUE,""
ENSG00000101138,CSTF1,fbg,null,-0.0178226332606202,0.767003814165864,0.003109,15.1765,2538,0.00665631435788957,TRUE,""
ENSG00000101152,DNAJC5,cad,grey,-0.115650702270678,0.27916731988398,5.562e-07,11.5497,4589,0.00342792781811252,TRUE,""
ENSG00000101162,TUBB1,cad,grey,0.376480900849316,0.324533116292508,7.96e-10,6.2242,5560,5.57426223695114e-06,TRUE,""
ENSG00000101166,SLMO2,fbg,null,0.056518232758602,0.539940330191881,4.731e-05,5.3089,2066,0.00425596304413854,TRUE,""
ENSG00000101187,SLCO4A1,cad,null,0.0101019427841031,0.92968966605199,4.23e-06,9.2379,6999,0.00155762306013015,TRUE,""
ENSG00000101189,MRGBP,cad,grey,-0.103681467169164,0.180477677586653,4.23e-06,19.1626,6879,0.00612179332696227,TRUE,""
ENSG00000101199,ARFGAP1,fbg,grey,0.0688190263500425,0.196120745095134,0.0005701,11.7541,1458,0.0105822982193601,TRUE,""
ENSG00000101224,CDC25B,cad,null,0.0122114827575693,0.682472947499482,2.117e-05,39.3564,6513,0.00257210938634699,TRUE,""
ENSG00000101230,ISM1,t2d,grey,0.0517901992657583,0.174497087687236,0.0002921,44.9953,4596,0.0249445844127307,TRUE,""
ENSG00000101282,RSPO4,t2d,null,-0.032479102586058,0.671389024011197,0.0006886,20.0545,3201,0.00512531399838721,TRUE,""
ENSG00000101307,SIRPB1,fbg,null,-0.0103968126288612,0.676922239021379,0.002887,99.9278,2684,0.00369231037199241,TRUE,""
ENSG00000101310,SEC23B,fbg,null,0.00828729924832334,0.711106547594804,0.0004915,43.6663,2354,0.00587983506304362,TRUE,""
ENSG00000101336,HCK,t2d,grey,0.0888563571042015,0.351699586257091,0.0003358,24.3099,2665,0.00772063795245273,TRUE,""
ENSG00000101353,MROH8,cad,null,-0.0348611645195218,0.808116066768561,0.0002327,7.7648,3431,0.00323016966836783,TRUE,""
ENSG00000101363,MANBAL,cad,null,0.00174297586602436,0.945947542248377,8.943e-06,37.5394,3755,0.002535277820938,TRUE,""
ENSG00000101391,CDK5RAP1,t2d,grey,-0.292032136678832,0.114917391808336,1.512e-08,8.1525,2388,0.000121618162890742,TRUE,""
ENSG00000101407,TTI1,t2d,grey,0.264437084271853,0.0838141131776569,0.0003604,11.8728,2906,0.0190687166267748,TRUE,""
ENSG00000101417,PXMP4,fbg,grey,-0.066929874036473,0.272740113942454,0.0007263,9.0423,1093,0.00901941818031114,TRUE,""
ENSG00000101421,CHMP4B,cad,null,-0.0137969157072381,0.527662046790784,1.786e-09,47.2426,3384,9.43160880817337e-06,TRUE,""
ENSG00000101439,CST3,cad,null,0.00977492789190364,0.601400167839332,0.0002039,66.3976,6592,0.0035041109174873,TRUE,""
ENSG00000101445,PPP1R16B,t2d,grey,-0.10567842078389,0.221623602459393,0.0003604,16.6443,3251,0.00743826602954731,TRUE,""
ENSG00000101445,PPP1R16B,fbg,null,-0.00960712916217186,0.778518657215875,0.000975,16.6443,1900,0.00416530965297055,TRUE,""
ENSG00000101460,MAP1LC3A,fbg,grey,0.0165179484864922,0.261883181151682,0.0007263,56.5385,967,0.00854865727301936,TRUE,""
ENSG00000101464,PIGU,t2d,grey,0.168232519838299,0.195364459810383,1.512e-08,10.6864,2338,4.15547798096648e-05,TRUE,""
ENSG00000101544,ADNP2,cad,grey,-0.16590082723452,0.149060718104777,0.0007103,9.6242,3567,0.00933174185881761,TRUE,""
ENSG00000101546,RBFA,fbg,null,-0.010851600419759,0.693625785030416,0.003454,19.5414,1000,0.00431520222769995,TRUE,""
ENSG00000101558,VAPA,fbg,grey,-0.0301716473791697,0.0522368760834801,0.0007054,44.8541,2275,0.0143203896737164,TRUE,""
ENSG00000101558,VAPA,cad,null,-0.00365716937929329,0.888382767911091,0.0002073,44.8541,7001,0.00296866577455533,TRUE,""
ENSG00000101577,LPIN2,cad,grey,-0.0167616365696104,0.258884225947615,1.512e-06,85.1801,6691,0.00181530254242729,TRUE,""
ENSG00000101605,MYOM1,t2d,null,-0.0152381479085616,0.571213608372943,0.001402,74.6584,3652,0.0106004970288335,TRUE,""
ENSG00000101608,MYL12A,cad,grey,0.0437305677597497,0.436700030722758,1.512e-06,23.5001,6800,0.00323836713128198,TRUE,""
ENSG00000101639,CEP192,cad,grey,0.024584949799636,0.397466925422593,0.0003551,122.5094,5946,0.00621121677112223,TRUE,""
ENSG00000102189,EEA1,cad,null,-0.0290903923038928,0.709236748741435,0.000804,13.248,5556,0.00294588561579173,TRUE,""
ENSG00000102471,NDFIP2,cad,null,-0.0232059376585898,0.944745309110369,4.821e-05,5.3101,4851,0.0338407961901293,TRUE,""
ENSG00000102543,CDADC1,t2d,grey,0.145802478913226,0.0718606382258516,7.388e-06,18.6784,3235,0.0115328693674758,TRUE,""
ENSG00000102547,CAB39L,fbg,null,-0.0104788939641968,0.659085245942245,0.001278,25.4327,1614,0.00455401417225554,TRUE,""
ENSG00000102575,ACP5,t2d,grey,-0.0313660789438807,0.376582577075581,5.394e-06,93.5649,2664,0.00150441977372515,TRUE,""
ENSG00000102580,DNAJC3,t2d,null,0.00644043626827021,0.959618036952282,0.0006856,10.9237,4121,0.00339976996456478,TRUE,""
ENSG00000102580,DNAJC3,fbg,null,0.0708447989509723,0.639723729547061,0.0003656,10.9237,1927,0.0120735943619981,TRUE,""
ENSG00000102699,PARP4,cad,grey,-0.0258717995643003,0.37050790341821,0.00127,24.8504,7013,0.00458597444429449,TRUE,""
ENSG00000102710,SUPT20H,fbg,grey,-0.0239398965817934,0.273806053633816,0.007129,38.9487,2544,0.0118956571699366,TRUE,""
ENSG00000102755,FLT1,t2d,null,-0.0269781373589435,0.654609072682014,6.557e-06,22.5737,4405,0.00325847123796346,TRUE,""
ENSG00000102760,RGCC,fbg,grey,-0.0375605238805264,0.0934605072058715,0.003434,22.1375,1808,0.0151631858524492,TRUE,""
ENSG00000102780,DGKH,fbg,grey,-0.0826400973743744,0.446116847721283,0.003558,6.8798,2224,0.00700153977830312,TRUE,""
ENSG00000102837,OLFM4,fbg,grey,0.00771175665051886,0.449195604488527,0.001218,64.0724,1815,0.0060006833156942,TRUE,""
ENSG00000102882,MAPK3,cad,null,-0.000613677344810947,0.972009793963865,0.0001223,66.3239,2060,0.00282536719932324,TRUE,""
ENSG00000102890,ELMO3,cad,null,-0.0119216555421908,0.862865805452971,0.0004551,19.033,3159,0.00468882269593646,TRUE,""
ENSG00000102897,LYRM1,t2d,grey,-0.142174966075201,0.273903383693827,0.001146,11.6434,2363,0.045195674912711,TRUE,""
ENSG00000102901,CENPT,t2d,null,-0.152342573277209,0.613487168054415,0.0002947,9.5464,2074,0.0105654294273825,TRUE,""
ENSG00000102910,LONP2,t2d,null,-0.0156446144159726,0.755096302310249,0.0001447,39.538,2273,0.0047718256126697,TRUE,""
ENSG00000102931,ARL2BP,t2d,grey,0.261111782409327,0.0541136236974299,0.0007795,10.6142,3476,0.0208138101623388,TRUE,""
ENSG00000102967,DHODH,fbg,grey,-0.0387180672926784,0.366406064176293,0.000188,12.7943,1282,0.0050864577651982,TRUE,""
ENSG00000103035,PSMD7,cad,null,-0.093864584105868,0.724132540388919,1.615e-15,5.7884,6098,1.95646701531414e-05,TRUE,""
ENSG00000103051,COG4,fbg,null,0.00653711434451774,0.747012853671546,0.0007257,27.0874,780,0.00398203315827799,TRUE,""
ENSG00000103056,SMPD3,t2d,null,-0.0609536018827482,0.524539436435313,0.0008984,14.1391,2274,0.00447938627191554,TRUE,""
ENSG00000103056,SMPD3,fbg,null,-0.0136834616471476,0.731034305380085,5.479e-06,14.1391,849,0.0024581681588643,TRUE,""
ENSG00000103061,SLC7A6OS,cad,grey,0.0506311032346711,0.248563248217182,0.0003241,14.1527,3463,0.00346169844350949,TRUE,""
ENSG00000103064,SLC7A6,t2d,grey,-0.0199571313395197,0.410630376179832,0.0008984,54.9353,2265,0.00393857844204406,TRUE,""
ENSG00000103067,ESRP2,cad,null,-0.035409107472881,0.569379541379991,0.0004551,10.7951,3393,0.0028128197131877,TRUE,""
ENSG00000103121,CMC2,t2d,grey,-0.0476904181664855,0.321941421169825,9.061e-12,48.2017,5719,8.26463256808023e-08,TRUE,""
ENSG00000103152,MPG,cad,grey,-0.0791792382551735,0.460127837006431,0.0002309,11.9714,3066,0.00559236382726784,TRUE,""
ENSG00000103154,NECAB2,t2d,null,-0.00314605587850374,0.941872431166074,0.001437,50.4438,6817,0.00509348155653763,TRUE,""
ENSG00000103174,NAGPA,fbg,grey,0.0131773199020356,0.125707617716504,0.002299,66.2601,2179,0.011892142374382,TRUE,""
ENSG00000103196,CRISPLD2,cad,null,0.0126580275948399,0.635243943301168,1.872e-05,61.5224,9197,0.00329187625582451,TRUE,""
ENSG00000103196,CRISPLD2,fbg,null,0.00444741510088971,0.745181071693432,1.331e-05,61.5224,2790,0.00294735476700155,TRUE,""
ENSG00000103202,NME4,fbg,null,0.00920659117478903,0.56341416025565,0.0009201,54.6735,758,0.00525047517625423,TRUE,""
ENSG00000103226,NOMO3,fbg,null,-0.0077436316888774,0.556374370426907,0.006469,28.0896,1160,0.00724642376467222,TRUE,""
ENSG00000103249,CLCN7,fbg,grey,-0.0407338658108642,0.121529125955424,0.0009201,56.7256,1196,0.0206723205264738,TRUE,""
ENSG00000103269,RHBDL1,cad,grey,0.186522532768033,0.169131444702671,1.83e-07,7.2558,4874,0.000484296494271634,TRUE,""
ENSG00000103269,RHBDL1,fbg,null,-0.0339131877760061,0.673716649749524,0.0009201,7.2558,959,0.0326774218347747,TRUE,""
ENSG00000103275,UBE2I,cad,null,0.0177164062980825,0.632808379345506,1.83e-07,37.5013,6061,0.00038924210174107,TRUE,""
ENSG00000103351,CLUAP1,cad,grey,0.0703134765527806,0.206842625716494,0.0004398,19.3866,4972,0.00604969732330997,TRUE,""
ENSG00000103356,EARS2,t2d,null,0.0140124515107211,0.894924596681529,0.001308,16.2619,3315,0.00510412246557468,TRUE,""
ENSG00000103365,GGA2,cad,grey,-0.0671287337872354,0.116982086023696,2e-04,27.7454,5207,0.0113967305892014,TRUE,""
ENSG00000103365,GGA2,t2d,null,0.0081017437329422,0.894924596681529,0.001308,27.7454,3169,0.00504345433946482,TRUE,""
ENSG00000103381,CPPED1,t2d,grey,0.0684955055275318,0.256536504257498,4.08e-05,30.6086,5771,0.00744633649202981,TRUE,""
ENSG00000103381,CPPED1,cad,grey,-0.0516618643385621,0.229091387670463,0.0003121,30.6086,8414,0.0064215670096107,TRUE,""
ENSG00000103404,USP31,cad,null,-0.174046510501067,0.72151434013493,2e-04,7.1634,4405,0.00924437324282134,TRUE,""
ENSG00000103496,STX4,t2d,grey,0.0347063167471403,0.348104848262237,2.136e-06,46.0663,1151,0.00222721137857075,TRUE,""
ENSG00000103496,STX4,fbg,null,0.00593660681201084,0.684558919367902,0.007129,46.0663,572,0.0038599492601275,TRUE,""
ENSG00000103510,KAT8,fbg,grey,0.0729769481396782,0.220767513347158,0.007129,26.2958,555,0.0203069126793163,TRUE,""
ENSG00000103534,TMC5,t2d,null,-0.132142280293996,0.645389184861806,0.0001289,6.9571,3076,0.00748738656124919,TRUE,""
ENSG00000103534,TMC5,cad,null,-0.0991067102204968,0.607840876291988,1.736e-05,6.9571,4866,0.00250669685811277,TRUE,""
ENSG00000103550,C16orf88,t2d,grey,-0.0450547829296482,0.341614329595973,0.0001289,31.2027,3499,0.00713544208164488,TRUE,""
ENSG00000103653,CSK,t2d,grey,0.0442226890224165,0.259359207121334,6.661e-05,42.3495,2014,0.00542272974069742,TRUE,""
ENSG00000103723,AP3B2,t2d,grey,-0.0330137360672984,0.45484120188411,0.0001225,45.5409,1821,0.00480910181426573,TRUE,""
ENSG00000103888,KIAA1199,fbg,null,-0.0107373722636473,0.915278497446585,0.0001816,7.4756,1718,0.00582367259071238,TRUE,""
ENSG00000103966,EHD4,fbg,null,0.0087966553387337,0.564779052623049,0.002544,46.964,1194,0.0060585997584703,TRUE,""
ENSG00000104043,ATP8B4,cad,null,0.00658775167218682,0.795927918181723,0.0002666,56.8731,5605,0.011284954971915,TRUE,""
ENSG00000104147,OIP5,fbg,null,0.0199637472355624,0.661748776081758,0.002544,12.4404,1297,0.0042828421058005,TRUE,""
ENSG00000104154,SLC30A4,t2d,grey,0.27179686713563,0.170441515276105,0.002811,7.9482,2682,0.0136900507638472,TRUE,""
ENSG00000104154,SLC30A4,fbg,grey,0.100252942795929,0.185659381979118,0.0006507,7.9482,1470,0.0098579962396736,TRUE,""
ENSG00000104164,BLOC1S6,t2d,grey,-0.177117492868753,0.112085480144251,2.033e-05,12.8998,2931,0.0143758528623716,TRUE,""
ENSG00000104164,BLOC1S6,cad,grey,-0.0656449449093981,0.400196782020567,0.001267,12.8998,4800,0.00417359751446699,TRUE,""
ENSG00000104177,MYEF2,t2d,null,-0.01774978256268,0.762078642279575,0.003173,30.3274,3026,0.00525956451918917,TRUE,""
ENSG00000104221,BRF2,fbg,grey,-0.0603711420126944,0.230139340443417,0.002331,12.3834,1242,0.00722291477435474,TRUE,""
ENSG00000104290,FZD3,fbg,grey,0.0473443381094478,0.120896793300376,1.424e-06,28.4249,2025,0.0167445177876435,TRUE,""
ENSG00000104331,IMPAD1,cad,null,-0.0410096561070642,0.689156516779352,0.002926,14.7575,6347,0.00428007805683735,TRUE,""
ENSG00000104331,IMPAD1,fbg,null,0.0313603252583432,0.59568750859298,8.55e-05,14.7575,2097,0.00639819281520803,TRUE,""
ENSG00000104332,SFRP1,t2d,grey,0.16285469792326,0.366199872248304,3.159e-22,7.9459,4273,1.66693003283696e-11,TRUE,""
ENSG00000104361,NIPAL2,fbg,null,-0.00912196759058584,0.696661882488179,0.001463,49.9821,1427,0.00797133433841178,TRUE,""
ENSG00000104365,IKBKB,fbg,grey,-0.0713860294739065,0.187119325775177,0.001998,15.3273,1149,0.013289839727358,TRUE,""
ENSG00000104432,IL7,cad,null,0.0848069121833163,0.579684138673638,0.001016,7.5055,5753,0.00365116517426305,TRUE,""
ENSG00000104450,SPAG1,fbg,grey,-0.0199871816879704,0.165412255542075,0.001284,47.3573,1451,0.0182178049298293,TRUE,""
ENSG00000104497,SNX16,t2d,grey,0.0272012922317451,0.0845274725159049,0.0002595,92.5098,4229,0.0267875141303949,TRUE,""
ENSG00000104522,TSTA3,t2d,grey,-0.189974006230506,0.45613696322391,0.0003336,9.515,1083,0.0101330849044084,TRUE,""
ENSG00000104529,EEF1D,cad,grey,-0.117065417339261,0.127739461577168,0.0002362,13.0125,4597,0.0106873500668455,TRUE,""
ENSG00000104549,SQLE,t2d,grey,0.0989832457657325,0.475050524053953,6.06e-06,16.9945,3818,0.00441869533159933,TRUE,""
ENSG00000104549,SQLE,cad,null,-0.0479287295286705,0.631820065704664,7.67e-23,16.9945,5751,1.06263836139709e-18,TRUE,""
ENSG00000104611,SH2D4A,t2d,null,-0.040494979503792,0.816104535888477,3.035e-08,8.7287,6132,1.33402129836499e-05,TRUE,""
ENSG00000104613,INTS10,fbg,null,0.00051085128487708,0.97582537985171,0.0001441,34.8438,2944,0.00354643934598092,TRUE,""
ENSG00000104643,MTMR9,fbg,null,-0.0219190273218244,0.635725114509718,0.0006266,14.5381,2443,0.00495766723335554,TRUE,""
ENSG00000104691,UBXN8,fbg,grey,0.0997392976186013,0.381573905705021,6.812e-06,6.2379,1607,0.00504490673102112,TRUE,""
ENSG00000104714,ERICH1,fbg,grey,0.0114211358151234,0.475050524053953,0.002066,59.9175,1816,0.00719950220328084,TRUE,""
ENSG00000104723,TUSC3,cad,null,-0.00264675166430884,0.990881517803114,0.0001679,12.8406,9672,0.00745472552380271,TRUE,""
ENSG00000104774,MAN2B1,cad,null,-0.00755103894103342,0.726338697648762,3.849e-05,34.6737,4870,0.00443153996105454,TRUE,""
ENSG00000104783,KCNN4,cad,null,-0.00282046818099861,0.902259917132016,1.909e-09,84.4938,5948,7.21461395419885e-06,TRUE,""
ENSG00000104783,KCNN4,fbg,null,0.00765555649128194,0.539940330191881,6.372e-05,84.4938,1488,0.00699947599870462,TRUE,""
ENSG00000104804,TULP2,t2d,null,-0.0945101287060059,0.787752103714477,0.001253,6.2809,1896,0.00650947034742116,TRUE,""
ENSG00000104805,NUCB1,fbg,grey,0.0143184161935455,0.241426553382044,0.006604,62.7367,1247,0.0110497825541085,TRUE,""
ENSG00000104814,MAP4K1,t2d,grey,-0.187825041303495,0.21651467617934,0.0003942,12.3755,3357,0.0105247717661164,TRUE,""
ENSG00000104814,MAP4K1,fbg,null,-0.025808020942465,0.682472947499482,0.003283,12.3755,1207,0.00573596264427921,TRUE,""
ENSG00000104823,ECH1,fbg,null,0.00225265771456043,0.883085590508198,0.0007425,26.5082,1337,0.00412204514864802,TRUE,""
ENSG00000104835,SARS2,t2d,null,-0.000387677899034688,0.989770990975819,0.0003942,78.5618,3470,0.021002848910386,TRUE,""
ENSG00000104856,RELB,cad,grey,0.162557155884629,0.308745851219059,2.135e-35,6.2413,5532,5.47057171150489e-06,TRUE,""
ENSG00000104856,RELB,t2d,null,-0.11122331718422,0.621538629656824,3.114e-16,6.2413,2027,1.3142008969416e-06,TRUE,""
ENSG00000104859,CLASRP,fbg,null,0.015965982322971,0.671389024011197,2.253e-05,8.4051,1238,0.00354857686770919,TRUE,""
ENSG00000104866,PPP1R37,cad,grey,0.0276170019478968,0.429835204622545,2.135e-35,19.7561,5658,3.17355453038794e-31,TRUE,""
ENSG00000104883,PEX11G,cad,null,0.0130821273298579,0.664135569870941,3.573e-10,47.8373,6796,1.72836927707035e-06,TRUE,""
ENSG00000104889,RNASEH2A,fbg,grey,0.0414419762417802,0.263119824546096,0.0004275,16.885,1027,0.00924627513540038,TRUE,""
ENSG00000104892,KLC3,cad,null,0.0262563576349106,0.533316840771454,2.135e-35,25.5872,5981,2.20985926832831e-31,TRUE,""
ENSG00000104894,CD37,t2d,grey,0.0360809816808442,0.333710695743566,0.001253,43.5773,1305,0.00731306701946719,TRUE,""
ENSG00000104897,SF3A2,fbg,null,-0.0060733248320735,0.93983941493195,0.0019,10.1741,1084,0.00582221320110177,TRUE,""
ENSG00000104899,AMH,fbg,null,0.00219525901859144,0.93983941493195,0.0019,28.1473,1084,0.00582558221579749,TRUE,""
ENSG00000104964,AES,cad,null,0.00363895322224162,0.939611968724493,0.0001482,18.2595,6010,0.00289994731701477,TRUE,""
ENSG00000104969,SGTA,cad,grey,0.0892313491845955,0.21129954733371,6.73e-06,14.269,6119,0.00412812386271641,TRUE,""
ENSG00000104969,SGTA,fbg,null,0.0272942950446998,0.679827587935345,0.0019,14.269,1143,0.00757948167452031,TRUE,""
ENSG00000104974,LILRA1,fbg,null,0.00771178324404592,0.716129568855565,0.001442,43.7858,1351,0.00566621070220451,TRUE,""
ENSG00000104979,C19orf53,fbg,grey,-0.0217864048528744,0.0901808600977078,0.0004275,46.393,1003,0.0170029240687162,TRUE,""
ENSG00000105058,FAM32A,cad,null,-0.0617031315396433,0.566286290659641,1.093e-07,10.2491,6113,0.000668757435631193,TRUE,""
ENSG00000105058,FAM32A,fbg,null,-0.0126570526235166,0.828819213786263,0.0002825,10.2491,1520,0.0055071089965961,TRUE,""
ENSG00000105063,PPP6R1,cad,grey,-0.174091739678875,0.156368553615422,4.205e-06,14.833,6848,0.0105730628636832,TRUE,""
ENSG00000105072,C19orf44,cad,grey,0.0851154646690574,0.0734340666497982,1.093e-07,30.3216,6806,0.0032625689268586,TRUE,""
ENSG00000105136,ZNF419,cad,null,0.128087100999528,0.579608387452166,3.601e-05,18.9576,5872,0.0139615884597941,TRUE,""
ENSG00000105221,AKT2,cad,grey,0.105879361042994,0.349538991650093,1.787e-13,9.7327,5444,3.14752197969134e-10,TRUE,""
ENSG00000105223,PLD3,cad,null,0.0134555867809754,0.776921327410532,2.362e-17,22.4888,5337,1.12289054470785e-13,TRUE,""
ENSG00000105270,CLIP3,t2d,null,-0.0105226485705704,0.768319598713158,1.012e-05,65.0221,2704,0.00286124164095683,TRUE,""
ENSG00000105287,PRKD2,fbg,null,-0.00408447012899088,0.812779285408195,8.685e-05,41.7346,1125,0.00542244410863321,TRUE,""
ENSG00000105341,ATP5SL,fbg,null,-0.0101809200067387,0.639248343034235,0.005398,26.2247,1025,0.00426230314666088,TRUE,""
ENSG00000105379,ETFB,cad,null,-0.00583464427451622,0.890294922852369,0.0008115,24.2789,6812,0.0026322140743246,TRUE,""
ENSG00000105383,CD33,fbg,null,0.0211199786926379,0.696925773891584,0.001116,31.1271,1985,0.0105459106818071,TRUE,""
ENSG00000105393,BABAM1,fbg,grey,0.0286963860604952,0.110992040456491,0.001792,24.3869,1185,0.0129086608890283,TRUE,""
ENSG00000105426,PTPRS,t2d,grey,0.195356095529418,0.329160387031697,0.001106,11.0034,1455,0.00978001808888943,TRUE,""
ENSG00000105438,KDELR1,cad,null,0.0122938055573904,0.902259917132016,7.469e-05,10.1009,6050,0.00251484980539412,TRUE,""
ENSG00000105447,GRWD1,cad,grey,-0.0530977330932612,0.265983588922348,7.469e-05,33.0151,6006,0.00652364660344506,TRUE,""
ENSG00000105447,GRWD1,fbg,grey,0.0284260591307358,0.335228269007387,0.005501,33.0151,1366,0.0102704263959946,TRUE,""
ENSG00000105472,CLEC11A,cad,grey,-0.0564606885581986,0.467645201991877,0.0008115,32.581,5978,0.0113113072700508,TRUE,""
ENSG00000105479,CCDC114,fbg,grey,-0.0519058529473026,0.151031528231155,0.005501,19.204,1387,0.0139086492548922,TRUE,""
ENSG00000105497,ZNF175,cad,null,0.00290974082494038,0.911528237909377,0.0008115,42.993,7226,0.00283727844696995,TRUE,""
ENSG00000105514,RAB3D,cad,grey,-0.101878177267893,0.104162558830439,1.931e-36,21.0874,4973,1.91771428047971e-32,TRUE,""
ENSG00000105518,TMEM205,cad,grey,-0.0625781627853566,0.104162558830439,1.931e-36,34.3306,4941,1.91771428047987e-32,TRUE,""
ENSG00000105538,RASIP1,cad,grey,0.188915802057605,0.062593369809947,9.641e-06,10.1217,5935,0.0247700054200351,TRUE,""
ENSG00000105556,MIER2,t2d,grey,-0.0940997747993438,0.483927304446146,0.0002255,10.5731,138,0.00445331269192523,TRUE,""
ENSG00000105583,WDR83OS,cad,null,0.0249484438812078,0.827215544051375,3.849e-05,24.87,4885,0.008263119357208,TRUE,""
ENSG00000105607,GCDH,fbg,grey,0.0198115557116396,0.21129954733371,0.0004275,59.0929,985,0.00467174992208888,TRUE,""
ENSG00000105609,LILRB5,fbg,null,0.00326424642940436,0.974674585344451,0.001442,10.2273,1584,0.00682071814536793,TRUE,""
ENSG00000105612,DNASE2,fbg,null,0.00833199463334003,0.558301743578421,0.0004275,63,994,0.00862604482895019,TRUE,""
ENSG00000105613,MAST1,cad,grey,-0.674927340169605,0.242111746424182,3.849e-05,4.817,4688,0.0123823231404605,TRUE,""
ENSG00000105643,ARRDC2,fbg,grey,-0.0277974265582007,0.259233298673899,0.001792,26.6794,1107,0.00841135626539088,TRUE,""
ENSG00000105663,WBP7,fbg,null,0.0120916372192717,0.797634069055974,0.007285,13.2002,1214,0.00477887133781738,TRUE,""
ENSG00000105669,COPE,cad,grey,0.0484279002529816,0.264136875256031,3.015e-13,16.3253,4950,1.77303163209789e-09,TRUE,""
ENSG00000105672,ETV2,t2d,null,-0.0674359560588974,0.643722802327308,1.012e-05,8.9305,2580,0.00189802732262591,TRUE,""
ENSG00000105672,ETV2,fbg,null,-0.0273389011049584,0.628477445586286,0.007285,8.9305,1253,0.00420048713887969,TRUE,""
ENSG00000105677,TMEM147,fbg,grey,0.0187598732297619,0.416504786576218,0.007285,22.9405,1297,0.00549635780297734,TRUE,""
ENSG00000105698,USF2,t2d,grey,-0.163847998807023,0.0607927235305228,1.012e-05,17.4013,2707,0.0121282346694359,TRUE,""
ENSG00000105708,ZNF14,t2d,grey,-0.330058133285801,0.0955807045456294,4.131e-12,7.9656,2573,7.64123144787178e-08,TRUE,""
ENSG00000105708,ZNF14,fbg,grey,0.136424028424798,0.0938017368564421,0.0007539,7.9656,973,0.0150617479079964,TRUE,""
ENSG00000105732,ZNF574,t2d,null,-0.00413202691205837,0.987131452132544,0.003371,8.2304,1277,0.00617257514797234,TRUE,""
ENSG00000105755,ETHE1,t2d,grey,0.0926722474135135,0.436700030722758,0.004003,13.5243,2382,0.00624895485973843,TRUE,""
ENSG00000105755,ETHE1,fbg,null,-0.0192565708911197,0.681617864273084,0.0003202,13.5243,1428,0.00495252318493106,TRUE,""
ENSG00000105771,SMG9,fbg,null,-0.002207082161046,0.95910077028586,0.0003202,14.5217,1489,0.00480369019480689,TRUE,""
ENSG00000105793,GTPBP10,fbg,grey,0.0324881023446913,0.168086495435629,1.01e-05,27.8458,2689,0.00607425680431557,TRUE,""
ENSG00000105793,GTPBP10,cad,null,0.0203846916672573,0.637934810590957,0.0001867,27.8458,5939,0.0032940569241013,TRUE,""
ENSG00000105821,DNAJC2,fbg,null,-0.00345060066481254,0.954431397113681,0.0004295,10.281,1517,0.00419511785092856,TRUE,""
ENSG00000105849,TWISTNB,fbg,grey,-0.118412299504768,0.126437601681579,0.0003703,12.1761,2735,0.0133570120150039,TRUE,""
ENSG00000105856,HBP1,t2d,grey,0.127367931795569,0.120132695386743,0.0004314,17.9671,3334,0.0121767055804306,TRUE,""
ENSG00000105866,SP4,t2d,null,-0.0144927597762705,0.858897500094722,0.0004288,19.6012,5289,0.00399115854333623,TRUE,""
ENSG00000105866,SP4,cad,null,0.0262681270944903,0.665134047911044,1.711e-05,19.6012,7230,0.0028683819890025,TRUE,""
ENSG00000105875,WDR91,t2d,null,-0.0352553522234159,0.694424996831734,0.0008666,16.6613,4319,0.00419153955687986,TRUE,""
ENSG00000105877,DNAH11,t2d,grey,0.281158366868596,0.208094079594404,0.0004288,6.4785,4985,0.0079836035364553,TRUE,""
ENSG00000105887,MTPN,t2d,grey,-0.237718577753411,0.306978433122432,0.0009196,10.4409,3992,0.0106192593893103,TRUE,""
ENSG00000105926,MPP6,t2d,null,0.0735748226812853,0.590258451314772,2.622e-05,10.2259,5354,0.00397532142977695,TRUE,""
ENSG00000105948,TTC26,cad,grey,0.0463396502065715,0.330566734834094,6.531e-09,27.4578,5440,7.06117224250971e-05,TRUE,""
ENSG00000105948,TTC26,t2d,null,0.0431216189422263,0.511269174876245,0.0005263,27.4578,2600,0.00610939149123902,TRUE,""
ENSG00000105991,HOXA1,fbg,grey,0.0203505253578037,0.401632246433539,0.0002529,22.6994,2320,0.0051284385103298,TRUE,""
ENSG00000105996,HOXA2,t2d,grey,-0.0510034516346101,0.138603200410297,6.431e-11,45.5177,3867,9.44291492744931e-07,TRUE,""
ENSG00000105996,HOXA2,fbg,grey,0.01700115054487,0.208368424819709,0.0002529,45.5177,2320,0.00469850559132482,TRUE,""
ENSG00000105997,HOXA3,t2d,grey,-0.118035260203317,0.254602855011452,9.055e-28,12.2883,3866,2.65053137441629e-23,TRUE,""
ENSG00000106034,CPED1,fbg,grey,-0.0129900802191781,0.292509878183886,0.003869,62.743,1477,0.00399172622115927,TRUE,""
ENSG00000106066,CPVL,cad,null,-0.00316809132834649,0.836090649580926,2.432e-05,73.0966,6384,0.00237979076116451,TRUE,""
ENSG00000106077,ABHD11,t2d,null,-0.0217940012434474,0.535544072435929,3.176e-06,56.5563,1058,0.00156670560277111,TRUE,""
ENSG00000106078,COBL,t2d,grey,-0.130092388732477,0.0561002072159944,2.802e-05,20.0513,4522,0.017090606730845,TRUE,""
ENSG00000106100,NOD1,t2d,grey,0.138464157474056,0.170441515276105,2.569e-07,15.6001,3997,0.00164535174112169,TRUE,""
ENSG00000106113,CRHR2,fbg,null,0.00879555235854289,0.826844797716898,0.0006351,13.5749,2007,0.00393281714106275,TRUE,""
ENSG00000106153,CHCHD2,cad,grey,-0.0115725948681088,0.19710098229528,2.322e-06,118.0329,5479,0.00374219321414408,TRUE,""
ENSG00000106153,CHCHD2,fbg,null,0.00130029155821447,0.802587348634153,0.0004936,118.0329,1145,0.00647724984777788,TRUE,""
ENSG00000106236,NPTX2,cad,null,0.0640725215297521,0.788917520844718,5.862e-05,8.6114,4979,0.00501171569514623,TRUE,""
ENSG00000106245,BUD31,fbg,null,0.0538490966715369,0.645516220500695,0.002549,15.0057,948,0.0133180788000516,TRUE,""
ENSG00000106263,EIF3B,t2d,grey,-0.0956830674740907,0.176850696761703,3.091e-07,23.2816,3391,0.000245274248626405,TRUE,""
ENSG00000106263,EIF3B,fbg,null,-0.00584324076177653,0.837471960453541,0.0006516,23.2816,1766,0.00483338319480916,TRUE,""
ENSG00000106299,WASL,fbg,null,0.00842474083174416,0.775096962195985,7.213e-06,21.0892,1929,0.00443056534232754,TRUE,""
ENSG00000106327,TFR2,cad,grey,0.123857216593431,0.297294155047631,1.698e-06,10.6145,4620,0.00103473616721407,TRUE,""
ENSG00000106330,MOSPD3,cad,grey,0.029936917608109,0.453254704753736,1.698e-06,31.9989,4594,0.000785808128649389,TRUE,""
ENSG00000106333,PCOLCE,t2d,grey,0.143092264440605,0.479522538680271,2.337e-07,8.5994,2610,0.00119820590820497,TRUE,""
ENSG00000106341,PPP1R17,cad,null,0.00728382817767661,0.78118295086715,3.121e-05,44.0101,6742,0.00287498087870218,TRUE,""
ENSG00000106348,IMPDH1,fbg,grey,-0.048344582851489,0.479136355375383,0.006194,15.3664,1251,0.0101018432999164,TRUE,""
ENSG00000106355,LSM5,fbg,null,-0.0201303802881893,0.778518657215875,0.0005646,7.9312,2235,0.00407275454939871,TRUE,""
ENSG00000106367,AP1S1,cad,null,-0.0163071068975629,0.779477504888406,0.0002537,21.7292,5241,0.00320886452598021,TRUE,""
ENSG00000106392,C1GALT1,fbg,grey,0.0266430782452799,0.177714325380176,0.0002071,61.0746,2174,0.00440353561951731,TRUE,""
ENSG00000106397,PLOD3,fbg,null,0.0108042607265988,0.918308934545483,0.0007455,6.5677,1094,0.00475228127396234,TRUE,""
ENSG00000106400,ZNHIT1,t2d,grey,0.0429131262246516,0.419982497240339,2.337e-07,20.8726,3092,0.000954647208241583,TRUE,""
ENSG00000106459,NRF1,t2d,grey,0.236996153900221,0.492242181257444,0.001524,8.5332,3017,0.0097195014061208,TRUE,""
ENSG00000106526,ACTR3C,fbg,null,0.0454852343454938,0.658038481336858,0.0002164,8.8059,1414,0.00829596905226189,TRUE,""
ENSG00000106537,TSPAN13,t2d,grey,0.206347312603614,0.152608057865933,8.97e-08,9.723,4878,0.000163106088330061,TRUE,""
ENSG00000106537,TSPAN13,fbg,grey,-0.105912779920439,0.0613495523505698,0.0001929,9.723,2758,0.0200004885772978,TRUE,""
ENSG00000106538,RARRES2,fbg,grey,-0.0809757010784428,0.303681109722319,0.0002164,7.5989,1413,0.00742774677837651,TRUE,""
ENSG00000106554,CHCHD3,fbg,grey,-0.0535987913990917,0.235030456586428,0.001121,8.4659,1726,0.0120620124356174,TRUE,""
ENSG00000106560,GIMAP2,t2d,grey,0.0300666036925302,0.411402194666121,6.489e-05,41.6449,2838,0.00385398171381122,TRUE,""
ENSG00000106591,MRPL32,cad,null,-0.0365117164780334,0.592156028908923,0.0001593,20.7727,5994,0.00425273751486292,TRUE,""
ENSG00000106603,COA1,t2d,null,0.0221732766023119,0.613593606894804,4.25e-09,36.7111,3122,8.78052751300002e-06,TRUE,""
ENSG00000106633,GCK,cad,null,-0.0193298621002627,0.809261146695181,3.64e-08,10.9726,5125,0.000107736728344058,TRUE,""
ENSG00000106635,BCL7B,cad,grey,0.0914586531666754,0.38894154746715,0.0003535,10.7105,2834,0.00433107071705106,TRUE,""
ENSG00000106665,CLIP2,cad,null,0.0904629566217273,0.517593873457392,0.0003535,12.9426,2330,0.00638206058412773,TRUE,""
ENSG00000106683,LIMK1,t2d,null,0.0042956187225525,0.871380852839927,3.176e-06,47.7635,843,0.00206500212392687,TRUE,""
ENSG00000106692,FKTN,t2d,grey,-0.0872646537583488,0.425091594074585,7.575e-05,13.641,3488,0.00395933313528119,TRUE,""
ENSG00000106771,TMEM245,fbg,grey,0.0147004450166281,0.205976780516934,7.815e-08,48.2876,2937,0.000537620528377604,TRUE,""
ENSG00000106785,TRIM14,fbg,grey,-0.026151782427857,0.406952608509977,0.0001855,20.871,2065,0.00656012798656944,TRUE,""
ENSG00000106799,TGFBR1,cad,grey,-0.167688029565412,0.320036917008826,8.993e-05,16.4646,5390,0.0126391323974586,TRUE,""
ENSG00000106804,C5,t2d,null,0.0152262158421077,0.608911450415323,0.000425,76.0214,2810,0.0036251571029228,TRUE,""
ENSG00000106853,PTGR1,cad,grey,0.0459317836598271,0.257992997348756,3.361e-05,24.1714,6484,0.00507210011918126,TRUE,""
ENSG00000106948,AKNA,t2d,null,-0.00162231699892709,0.980054963609524,1.578e-05,21.8999,4021,0.00299298879261687,TRUE,""
ENSG00000106976,DNM1,fbg,null,-0.0364555434251777,0.787752103714477,0.00318,16.0972,1140,0.0157552327231883,TRUE,""
ENSG00000106993,CDC37L1,t2d,null,-0.0273309910182888,0.885043820822695,3.013e-15,7.7412,4531,8.58687971199342e-11,TRUE,""
ENSG00000107014,RLN2,t2d,null,-0.0474916589545958,0.624749355728728,4.051e-05,11.3162,4015,0.00434746167384236,TRUE,""
ENSG00000107020,PLGRKT,t2d,grey,0.0146649831889609,0.446116847721283,0.0002537,79.4361,3974,0.00730898345050486,TRUE,""
ENSG00000107021,TBC1D13,t2d,null,-0.0534534304266797,0.704457418583588,6.104e-05,10.7697,1842,0.00343647728770015,TRUE,""
ENSG00000107104,KANK1,cad,null,0.006981758236842,0.716129568855565,0.0001075,50.0004,6717,0.00300038033714119,TRUE,""
ENSG00000107140,TESK1,cad,null,0.302614469059821,0.525302461328669,0.0001172,7.0976,4353,0.0106484024602337,TRUE,""
ENSG00000107201,DDX58,cad,grey,-0.048379086776771,0.217895724527359,0.0003904,25.3854,6609,0.00531675694147249,TRUE,""
ENSG00000107201,DDX58,fbg,grey,-0.018930946999606,0.383771766671715,0.0001706,25.3854,2381,0.00512408097600508,TRUE,""
ENSG00000107282,APBA1,fbg,grey,-0.147294672948459,0.129486728502174,0.001017,5.6155,2101,0.0115462500030918,TRUE,""
ENSG00000107338,SHB,t2d,null,-0.0333798733398416,0.800141053963404,0.0002048,10.5163,2949,0.00350109873998089,TRUE,""
ENSG00000107341,UBE2R2,fbg,null,-0.00832748473498275,0.906347316282193,0.001671,8.4482,1702,0.0067471744291861,TRUE,""
ENSG00000107371,EXOSC3,cad,grey,0.0573101413862684,0.15832887694973,0.000298,24.4921,5669,0.00639691063557698,TRUE,""
ENSG00000107372,ZFAND5,t2d,null,-0.0294900284006446,0.764177155622095,0.0004649,14.2658,3433,0.00381377002110408,TRUE,""
ENSG00000107438,PDLIM1,fbg,grey,-0.0213665328671979,0.479369457910652,0.001023,23.9871,1742,0.00634009992775295,TRUE,""
ENSG00000107485,GATA3,t2d,grey,-0.170225954785449,0.481093153359666,0.005659,6.4494,5074,0.0054312409948532,TRUE,""
ENSG00000107485,GATA3,cad,grey,0.170225954785449,0.332669938984237,0.000772,6.4494,7429,0.00444396797676361,TRUE,""
ENSG00000107521,HPS1,cad,grey,0.0214117671969418,0.401308997816552,1.675e-06,39.0033,4773,0.000610139506115469,TRUE,""
ENSG00000107521,HPS1,fbg,null,0.000911139029657098,0.955695871316436,9.625e-05,39.0033,1911,0.00425204259313374,TRUE,""
ENSG00000107551,RASSF4,t2d,null,-0.00192517875674565,0.97487393186608,0.001591,36.9164,4267,0.00596064330276954,TRUE,""
ENSG00000107554,DNMBP,cad,null,0.146407067872767,0.594971496951515,7.41e-07,14.3805,4745,0.00688657568290965,TRUE,""
ENSG00000107560,RAB11FIP2,t2d,grey,0.124567733329622,0.351316455972903,0.0004357,13.4884,3635,0.00713363030825869,TRUE,""
ENSG00000107593,PKD2L1,fbg,null,0.0163350700468756,0.546210515044642,0.001708,48.7262,1575,0.00808299871373266,TRUE,""
ENSG00000107614,TRDMT1,cad,null,0.0183954089742906,0.78331623830721,0.0003104,20.9223,5637,0.00379941820481562,TRUE,""
ENSG00000107643,MAPK8,t2d,grey,0.0695767817667736,0.145476620136088,0.0006684,29.2148,2774,0.0104956143459516,TRUE,""
ENSG00000107651,SEC23IP,fbg,grey,-0.116003946451362,0.0718606382258516,0.003049,11.0479,2130,0.0232505114545412,TRUE,""
ENSG00000107669,ATE1,fbg,grey,0.10948606223345,0.138668078414143,2.747e-05,12.5092,2307,0.0172099220300738,TRUE,""
ENSG00000107679,PLEKHA1,cad,grey,0.0236268911385689,0.292926133201847,8.016e-11,51.1542,6463,1.86459619376806e-06,TRUE,""
ENSG00000107816,LZTS2,fbg,null,-0.00761230284990934,0.879569359634668,0.002905,11.6916,1267,0.00455666435320948,TRUE,""
ENSG00000107863,ARHGAP21,cad,grey,-0.0554792603703917,0.231529357221301,2.539e-07,14.4228,5944,0.0888944398384105,TRUE,""
ENSG00000107872,FBXL15,cad,grey,0.117160053351918,0.345678252692114,4.67e-15,21.8725,3730,3.93644422305394e-11,TRUE,""
ENSG00000107897,ACBD5,fbg,grey,0.0801362735787345,0.293129068088163,0.002858,8.9987,2171,0.0079464734095119,TRUE,""
ENSG00000107902,LHPP,fbg,grey,-0.0287755317243336,0.0886237188408589,0.0008266,44.0902,2189,0.00422889524490252,TRUE,""
ENSG00000107929,LARP4B,cad,grey,-0.0382515808961452,0.411402194666121,0.0004344,21.4043,5523,0.00351750207102304,TRUE,""
ENSG00000107957,SH3PXD2A,fbg,grey,-0.058640640764305,0.382811748670737,0.002123,29.1402,1542,0.0190716393909832,TRUE,""
ENSG00000107959,PITRM1,t2d,grey,0.018688629053097,0.440656943719549,0.0001667,68.3086,5818,0.00349665494327516,TRUE,""
ENSG00000107968,MAP3K8,cad,grey,0.0507598743246202,0.272544261143863,1.73e-17,25.2037,6117,2.68084876286705e-13,TRUE,""
ENSG00000108010,GLRX3,t2d,null,-0.052699423962402,0.73482844964315,0.000488,12.8708,5629,0.00573400651191478,TRUE,""
ENSG00000108061,SHOC2,t2d,grey,0.750804461018069,0.0547438170980889,4.911e-06,8.0186,4065,0.0230820094172395,TRUE,""
ENSG00000108061,SHOC2,cad,grey,-0.329029013799095,0.225748991129771,0.0002733,8.0186,6008,0.0127011639847764,TRUE,""
ENSG00000108064,TFAM,cad,grey,-0.0312259519237292,0.180477677586653,7.377e-05,79.0562,5946,0.0053477506000048,TRUE,""
ENSG00000108091,CCDC6,cad,grey,0.0390535426394404,0.36162097055701,0.0005859,15.8963,5814,0.003925741537388,TRUE,""
ENSG00000108094,CUL2,cad,grey,-0.0346093774874746,0.476548744736444,0.002615,20.6356,4396,0.00378520147049696,TRUE,""
ENSG00000108107,RPL28,fbg,null,-0.0141798955477007,0.527662046790784,0.001617,68.3747,1590,0.00593336237639796,TRUE,""
ENSG00000108219,TSPAN14,t2d,grey,0.0663871555896179,0.258724172217753,0.006588,25.2573,4422,0.00663060654856201,TRUE,""
ENSG00000108244,KRT23,cad,null,0.00643055204318594,0.817494086363381,0.0002619,56.869,5113,0.003082993661866,TRUE,""
ENSG00000108264,TADA2A,t2d,grey,-0.0280901493412774,0.400088372454833,8.979e-22,44.3807,2022,5.20760181479307e-18,TRUE,""
ENSG00000108270,AATF,t2d,null,-0.0500957763942055,0.551684329116147,8.979e-22,17.5944,1875,5.50544063551264e-18,TRUE,""
ENSG00000108296,CWC25,t2d,grey,0.124703150698476,0.0570110871742128,8.979e-22,25.2644,1998,3.14477822294491e-17,TRUE,""
ENSG00000108344,PSMD3,t2d,grey,-0.109228087608601,0.249249615183582,3.807e-06,17.2734,2659,0.000987969339019778,TRUE,""
ENSG00000108379,WNT3,cad,grey,0.101399807067862,0.137985870280455,8.199e-10,14.6302,2745,1.30029364402324e-05,TRUE,""
ENSG00000108379,WNT3,fbg,grey,-0.0683594204951882,0.114348129742201,0.001204,14.6302,673,0.0155530833439427,TRUE,""
ENSG00000108379,WNT3,t2d,null,0.0444336233218723,0.646360896588277,0.001552,14.6302,1683,0.00426524139191627,TRUE,""
ENSG00000108389,MTMR4,t2d,grey,0.266904405414595,0.144748686602996,2.464e-08,8.3085,2516,0.00136585747076392,TRUE,""
ENSG00000108424,KPNB1,cad,grey,-0.207134289328594,0.243875595349207,8.199e-10,7.6279,4649,1.78717980181655e-05,TRUE,""
ENSG00000108439,PNPO,t2d,grey,0.078327194497865,0.189966029701737,1.517e-13,30.679,3556,5.38544244491577e-10,TRUE,""
ENSG00000108468,CBX1,t2d,null,0.0116597746651802,0.828311629558236,1.517e-13,16.5522,3494,1.88785200785476e-10,TRUE,""
ENSG00000108469,RECQL5,cad,grey,0.254822808511242,0.136484475035253,5.333e-06,14.8397,5048,0.00920272321334852,TRUE,""
ENSG00000108479,GALK1,fbg,null,-0.00498403987231898,0.864434730029062,0.008484,24.9998,1201,0.00495341145593314,TRUE,""
ENSG00000108509,CAMTA2,t2d,grey,0.127966108920737,0.128257728531287,4.411e-14,25.1738,3449,1.717468719419e-09,TRUE,""
ENSG00000108509,CAMTA2,cad,null,0.0311077833840464,0.600411028614905,8.33e-05,25.1738,6451,0.00423458296402952,TRUE,""
ENSG00000108510,MED13,cad,grey,-0.216178282181901,0.243345009148762,8.514e-10,6.3016,3341,1.947971089762e-06,TRUE,""
ENSG00000108523,RNF167,t2d,grey,0.0316205377005934,0.43995024987705,4.411e-14,53.1761,3458,1.39709955695298e-09,TRUE,""
ENSG00000108551,RASD1,fbg,null,0.0218137254901961,0.511663282695868,0.0004783,17.136,1318,0.00469861832281112,TRUE,""
ENSG00000108578,BLMH,t2d,null,-0.024095202977888,0.525985322047422,3.31e-05,40.7901,1984,0.00390892323626136,TRUE,""
ENSG00000108588,CCDC47,t2d,null,-0.034446723690831,0.700522394103849,3.949e-08,15.5022,2015,3.20132182726003e-05,TRUE,""
ENSG00000108651,UTP6,fbg,grey,-0.081297754099936,0.197436717400971,0.001513,8.5203,1114,0.0128917086878895,TRUE,""
ENSG00000108654,DDX5,fbg,grey,0.00970144048249792,0.317310507862914,0.0101,49.8734,1143,0.00629610544576743,TRUE,""
ENSG00000108671,PSMD11,t2d,null,0.0947691222153364,0.644412333769812,0.0007579,6.7492,2978,0.00546909918976951,TRUE,""
ENSG00000108691,CCL2,t2d,null,0.0701191128274028,0.863291751620753,0.0004728,6.588,4313,0.0069329318275639,TRUE,""
ENSG00000108691,CCL2,cad,null,-0.164510226248906,0.568614312058981,0.0002372,6.588,6058,0.00555621174907965,TRUE,""
ENSG00000108784,NAGLU,fbg,null,0.0162874920537073,0.57628216259003,0.001126,20.7644,762,0.00480682590395569,TRUE,""
ENSG00000108819,PPP1R9B,cad,grey,0.435880516331887,0.426595437219082,1.63e-15,4.7227,4724,0.0128011093415749,TRUE,""
ENSG00000108821,COL1A1,cad,null,-0.109465571252624,0.510605772861378,1.63e-15,8.0375,4739,2.31520501324762e-11,TRUE,""
ENSG00000108852,MPP2,fbg,grey,0.036884349003205,0.154376307933322,0.002502,22.5424,971,0.0109641366090321,TRUE,""
ENSG00000108953,YWHAE,t2d,grey,-0.390525060628905,0.393901076657013,0.0002419,6.0413,1849,0.0108407536372159,TRUE,""
ENSG00000108960,MMD,cad,null,-0.0361728292133895,0.501320304248941,0.0004517,19.1912,5620,0.0033988007011157,TRUE,""
ENSG00000109046,WSB1,t2d,null,0.010722981851632,0.831716977781815,0.002609,28.1243,1909,0.00391442906496736,TRUE,""
ENSG00000109047,RCVRN,fbg,grey,-0.00589811323172879,0.398809120942746,0.00351,80.5148,2087,0.00538098230336776,TRUE,""
ENSG00000109084,TMEM97,fbg,null,0.00148493458779717,0.871864744932721,0.0001063,60.3181,1015,0.00406270554606809,TRUE,""
ENSG00000109099,PMP22,fbg,grey,-0.0280797973372548,0.218409186619242,0.0008801,30.3723,2141,0.00970434598633548,TRUE,""
ENSG00000109107,ALDOC,t2d,null,-0.0150321303137357,0.772666406770922,0.0001023,30.4616,2006,0.00442534504120912,TRUE,""
ENSG00000109113,RAB34,t2d,null,-0.0255916006722298,0.787104099024284,5.071e-05,25.7346,1787,0.00660927210131649,TRUE,""
ENSG00000109171,SLAIN2,cad,null,0.0209135180087066,0.65271044057584,0.002046,20.6456,3810,0.003161768978111,TRUE,""
ENSG00000109381,ELF2,t2d,grey,-0.095527037043436,0.191803254658019,2.613e-05,23.0628,3352,0.00903021061801582,TRUE,""
ENSG00000109452,INPP4B,cad,grey,-0.0293133015509236,0.238356575867,0.0002356,47.8038,5127,0.00592207354490069,TRUE,""
ENSG00000109452,INPP4B,fbg,null,0.00259738115008183,0.849944540437619,0.003293,47.8038,1662,0.00462113298353174,TRUE,""
ENSG00000109466,KLHL2,t2d,null,-0.0310148604646446,0.902659722777008,0.006722,9.5892,4408,0.00676108051888288,TRUE,""
ENSG00000109618,SEPSECS,cad,null,0.043532242716611,0.741649075011745,6.942e-05,12.2441,5994,0.00420994684018828,TRUE,""
ENSG00000109667,SLC2A9,cad,grey,0.049084271897968,0.122622337178298,4.079e-05,29.2452,7109,0.0079252112991717,TRUE,""
ENSG00000109667,SLC2A9,fbg,null,0.0111555163404473,0.518822668670191,0.005418,29.2452,1933,0.00464872344995357,TRUE,""
ENSG00000109689,STIM2,t2d,null,-0.00332681851322982,0.947430318888529,0.00276,32.0424,3451,0.00436114576961823,TRUE,""
ENSG00000109756,RAPGEF2,cad,null,-0.0128976794699104,0.530581466777187,2.651e-05,49.6367,4800,0.0025440618582973,TRUE,""
ENSG00000109762,SNX25,t2d,null,0.00858125641977561,0.761282195603013,1.946e-11,50.5835,3691,3.44606858493975e-08,TRUE,""
ENSG00000109805,NCAPG,fbg,grey,-0.0737131250050822,0.49813992156856,3.545e-06,4.5813,1980,0.00513491985367849,TRUE,""
ENSG00000109881,CCDC34,cad,null,-0.0414220442825299,0.674956824198369,6.358e-06,11.1525,5263,0.00190791411454928,TRUE,""
ENSG00000109929,SC5DL,t2d,null,0.0269745818646733,0.715679986581526,0.0005019,33.26,3229,0.00757819694808075,TRUE,""
ENSG00000109943,CRTAM,t2d,null,-0.0224717496887795,0.621323197261392,5.656e-08,32.4158,3941,0.000247994748533941,TRUE,""
ENSG00000110060,PUS3,fbg,grey,-0.0152954986238881,0.332197561388374,0.001016,37.2162,2298,0.00627294762965255,TRUE,""
ENSG00000110075,PPP6R3,t2d,null,0.0600836416483908,0.509837393048038,0.0001353,17.1819,2450,0.00484362716460534,TRUE,""
ENSG00000110080,ST3GAL4,fbg,grey,0.0495104975081251,0.228153812895039,0.001071,16.8092,2459,0.00977984355158219,TRUE,""
ENSG00000110092,CCND1,fbg,grey,0.065949428662583,0.305508842003805,0.001034,20.2832,1734,0.00678642083842965,TRUE,""
ENSG00000110108,TMEM109,fbg,null,-0.00170425195118909,0.922905718287002,2.59e-11,31.2274,1511,3.7279587449826e-08,TRUE,""
ENSG00000110169,HPX,t2d,null,-0.0766749675789418,0.673716649749524,0.001326,9.143,5359,0.00490240827749579,TRUE,""
ENSG00000110171,TRIM3,cad,null,-0.0362110353566177,0.631617068944526,5.609e-13,17.2047,7331,3.36188100589641e-09,TRUE,""
ENSG00000110172,CHORDC1,cad,null,0.0156589616979052,0.880764615259515,2.353e-05,6.8634,4510,0.00195727445365645,TRUE,""
ENSG00000110200,ANAPC15,fbg,null,-0.00521833833676248,0.846529514964004,2.919e-08,10.2396,1341,8.33560582143325e-05,TRUE,""
ENSG00000110218,PANX1,cad,null,-0.0038819077390914,0.846972707794471,0.0001575,55.4384,5774,0.00284363193084874,TRUE,""
ENSG00000110237,ARHGEF17,t2d,grey,-0.0508810200284108,0.226402697791137,8.635e-25,53.9837,2667,4.33237199835285e-20,TRUE,""
ENSG00000110315,RNF141,cad,grey,-0.0309317030208963,0.440155991818408,6.257e-12,25.3203,7062,9.30056241791284e-09,TRUE,""
ENSG00000110315,RNF141,fbg,grey,-0.0147628582599732,0.49813992156856,0.004647,25.3203,2536,0.00469358098137057,TRUE,""
ENSG00000110321,EIF4G2,cad,null,0.0406878084501456,0.569608991540105,2.642e-05,12.6198,7213,0.00199029525019355,TRUE,""
ENSG00000110321,EIF4G2,fbg,null,0.00561211151036491,0.897332123936804,0.003856,12.6198,2710,0.0037527131752664,TRUE,""
ENSG00000110442,COMMD9,fbg,grey,-0.0680721018547693,0.330566734834094,0.0002573,9.3963,2393,0.00725122606904992,TRUE,""
ENSG00000110583,NAA40,fbg,null,-0.0103888135465397,0.802587348634153,0.004269,13.6357,1021,0.00389803420114336,TRUE,""
ENSG00000110619,CARS,fbg,grey,-0.0179214523036888,0.482241043015876,1.615e-05,25.8238,1718,0.00401263935972629,TRUE,""
ENSG00000110628,SLC22A18,fbg,null,0.00419689698161999,0.718016387438887,1.615e-05,45.123,1707,0.00363726075495421,TRUE,""
ENSG00000110660,SLC35F2,cad,grey,-0.0587727767932849,0.322841088056666,7.099e-08,26.2598,5456,0.000159324149576372,TRUE,""
ENSG00000110756,HPS5,t2d,grey,-0.0655554891937942,0.25707429868483,2.089e-20,41.6193,3989,6.98556172822314e-16,TRUE,""
ENSG00000110777,POU2AF1,fbg,grey,0.117964961931116,0.145795140951976,0.00149,7.2426,1835,0.0184976942541693,TRUE,""
ENSG00000110799,VWF,fbg,grey,-0.0177490912048177,0.21129954733371,0.0005969,39.8709,2068,0.00814295141852451,TRUE,""
ENSG00000110801,PSMD9,t2d,grey,0.0608285607443072,0.328695814040283,1.976e-14,22.3267,3072,9.57830508133003e-11,TRUE,""
ENSG00000110848,CD69,fbg,null,0.00957481479832931,0.791236045636806,0.002978,16.674,2024,0.00420795343908143,TRUE,""
ENSG00000110888,CAPRIN2,fbg,grey,-0.0549654073590341,0.0969144525334457,0.0004506,26.8299,2642,0.0381130464535963,TRUE,""
ENSG00000110917,MLEC,cad,grey,-0.0491962516608165,0.182422439451736,1.26e-18,25.0034,5358,3.98371658388725e-14,TRUE,""
ENSG00000110944,IL23A,t2d,null,-0.0730049492563897,0.808911841433943,0.0008094,8.2673,1999,0.00749718177240229,TRUE,""
ENSG00000110987,BCL7A,fbg,grey,-0.0320113164077672,0.175468950513596,5.182e-07,21.2647,992,0.00267934464290889,TRUE,""
ENSG00000111011,RSRC2,t2d,null,-0.0993193731958652,0.563991420617969,2.075e-09,8.0325,2460,1.24166758321611e-05,TRUE,""
ENSG00000111057,KRT18,fbg,grey,-0.0600007368316373,0.227862855875692,0.0008486,10.5509,2233,0.00885290137156902,TRUE,""
ENSG00000111057,KRT18,t2d,null,0.0760984954937839,0.550039358373048,2.338e-05,10.5509,4035,0.00423971381575837,TRUE,""
ENSG00000111057,KRT18,cad,null,-0.0600007368316373,0.515179699335958,2.477e-05,10.5509,6165,0.00381135440162763,TRUE,""
ENSG00000111087,GLI1,t2d,grey,-0.171801723884544,0.334902701099473,0.001047,8.3921,2443,0.00669471394196074,TRUE,""
ENSG00000111110,PPM1H,t2d,null,0.0172110923982372,0.742069580112409,0.0001703,26.7074,4539,0.0036744645350777,TRUE,""
ENSG00000111142,METAP2,fbg,grey,-0.0433660533159426,0.288008758003942,8.641e-06,20.8954,2210,0.00852557076599536,TRUE,""
ENSG00000111196,MAGOHB,t2d,null,0.00636710574496037,0.929393771944136,0.0007751,13.1299,3836,0.00369147679980053,TRUE,""
ENSG00000111199,TRPV4,cad,null,-0.027345200928167,0.852849529869564,0.0001468,14.8136,5235,0.00515378646038049,TRUE,""
ENSG00000111206,FOXM1,t2d,grey,-0.517062961815891,0.219581284193019,1.056e-05,5.1432,3755,0.00862722023973288,TRUE,""
ENSG00000111261,MANSC1,cad,null,-0.040801537498226,0.591554054889021,2.607e-05,19.1799,5510,0.00411518213298379,TRUE,""
ENSG00000111276,CDKN1B,cad,null,-0.0161609406581852,0.836518144383217,0.0003961,14.1681,5901,0.00296929216460357,TRUE,""
ENSG00000111291,GPRC5D,cad,grey,0.297410192147034,0.322657765163525,0.0003961,6.36,6146,0.041923684359048,TRUE,""
ENSG00000111300,NAA25,t2d,grey,-0.151176412596584,0.214465658537411,0.0003157,21.1804,1942,0.013499868628162,TRUE,""
ENSG00000111341,MGP,fbg,grey,-0.0432939626402682,0.0607927235305228,0.002969,24.3295,1635,0.0219040430153717,TRUE,""
ENSG00000111341,MGP,t2d,null,0.00865879252805364,0.880764615259515,1.105e-05,24.3295,2968,0.0021174049037649,TRUE,""
ENSG00000111361,EIF2B1,fbg,grey,0.0177342700035189,0.251653892998616,0.002396,47.4199,1274,0.00967053259239938,TRUE,""
ENSG00000111361,EIF2B1,cad,null,0.0150929957476756,0.531971058097401,7.427e-07,47.4199,5158,0.000693101148152161,TRUE,""
ENSG00000111364,DDX55,cad,null,-0.0127453362145022,0.716129568855565,7.427e-07,53.7189,5133,0.000935339498571881,TRUE,""
ENSG00000111371,SLC38A1,fbg,grey,-0.0111215218634819,0.436700030722758,0.005155,49.4379,1595,0.0219158852508831,TRUE,""
ENSG00000111412,C12orf49,cad,null,0.0141062543452571,0.841480581121794,0.0002321,16.3179,5897,0.00276969559467938,TRUE,""
ENSG00000111424,VDR,t2d,grey,-0.0921509858870179,0.25991913524701,4.223e-06,15.7536,4351,0.00503824670710783,TRUE,""
ENSG00000111452,GPR133,fbg,null,-0.00796265697944873,0.796357116257739,0.0007478,22.9984,2393,0.00741899113250746,TRUE,""
ENSG00000111481,COPZ1,cad,null,-0.0334314946281373,0.796077407140949,9.28e-13,12.2235,4915,7.60968601085702e-09,TRUE,""
ENSG00000111530,CAND1,t2d,grey,0.213706479745573,0.147058519219297,1.555e-05,9.6443,4514,0.0101191924816084,TRUE,""
ENSG00000111537,IFNG,t2d,grey,0.116839962154923,0.403552128593073,1.555e-05,10.7602,3900,0.00488978948714531,TRUE,""
ENSG00000111581,NUP107,fbg,grey,-0.0105644656405976,0.361892593456348,9.756e-06,55.0435,2220,0.00341853640947845,TRUE,""
ENSG00000111581,NUP107,t2d,null,0.00886051956953344,0.762403879061464,1.555e-05,55.0435,4093,0.0035637003021207,TRUE,""
ENSG00000111602,TIMELESS,cad,grey,-0.128318566648212,0.226076999133729,4.918e-09,8.7715,3200,4.23851440376308e-05,TRUE,""
ENSG00000111639,MRPL51,fbg,grey,0.0252364278520969,0.34661443250305,0.0005969,22.4527,1702,0.00622945111325296,TRUE,""
ENSG00000111652,COPS7A,fbg,null,-0.03281788889339,0.757828704425004,0.0005969,19.8297,1561,0.0144719122374233,TRUE,""
ENSG00000111653,ING4,cad,grey,-0.574715191668866,0.19523810692556,6.152e-10,7.792,5068,4.49488339048574e-06,TRUE,""
ENSG00000111671,SPSB2,t2d,grey,0.0192838115634,0.227471985840123,1.523e-06,106.474,2111,0.00234441758413658,TRUE,""
ENSG00000111696,NT5DC3,cad,grey,-0.00997088853619412,0.391365938307552,5.441e-05,120.3672,6306,0.0135649680301824,TRUE,""
ENSG00000111711,GOLT1B,t2d,grey,0.0422638782532924,0.41325337549364,0.0005128,29.906,4392,0.00536966797513488,TRUE,""
ENSG00000111725,PRKAB1,fbg,grey,-0.0299492846546191,0.133614402537716,2.855e-06,55.1643,1682,0.0145861815259056,TRUE,""
ENSG00000111726,CMAS,fbg,grey,-0.124361595027914,0.450941606478325,3.892e-05,6.9768,2085,0.00948007929516458,TRUE,""
ENSG00000111726,CMAS,t2d,null,0.162431471056867,0.549752633008498,0.0001584,6.9768,3657,0.00572602105710027,TRUE,""
ENSG00000111729,CLEC4A,cad,null,0.0211166808992549,0.541749537207679,0.0003748,30.3246,4869,0.00309954861207629,TRUE,""
ENSG00000111729,CLEC4A,fbg,null,-0.0105583404496274,0.57377540363273,0.002978,30.3246,1438,0.00441643546529985,TRUE,""
ENSG00000111796,KLRB1,cad,null,0.0077715512187292,0.841480581121794,0.0003213,27.0732,5462,0.00260505910146704,TRUE,""
ENSG00000111837,MAK,t2d,grey,-0.0747429194325249,0.163662994494723,0.000239,27.6968,4294,0.00953142648004461,TRUE,""
ENSG00000111845,PAK1IP1,cad,null,-0.153803312764996,0.583871339518219,4.802e-07,11.094,6263,0.00248505077827627,TRUE,""
ENSG00000111859,NEDD9,cad,grey,0.0795050299152289,0.269045576986182,4.802e-07,18.7603,6279,0.00150207444607613,TRUE,""
ENSG00000111863,ADTRP,fbg,null,0.00816907353280995,0.585440934568927,0.0006067,20.0367,2514,0.00463992254473306,TRUE,""
ENSG00000111877,MCM9,fbg,null,-0.0164911897429621,0.583426134426407,0.0002128,16.7478,2118,0.00297659490779689,TRUE,""
ENSG00000111879,FAM184A,fbg,null,0.00647321703195144,0.922905718287002,0.0002128,8.234,2196,0.00267167468130353,TRUE,""
ENSG00000111880,RNGTT,fbg,grey,0.021468216324287,0.268560789652808,0.0002194,49.0736,1962,0.0107245591790257,TRUE,""
ENSG00000111913,FAM65B,t2d,null,0.0142667939395128,0.772461521733703,0.0001821,29.8869,5278,0.00378360549940643,TRUE,""
ENSG00000112039,FANCE,fbg,null,-0.0417760950647182,0.517593873457392,0.0004404,9.3235,1463,0.00505197613592196,TRUE,""
ENSG00000112110,MRPL18,cad,grey,0.0186632460870919,0.361219675214084,9.78e-154,63.3114,6387,1.72211318029919e-149,TRUE,""
ENSG00000112110,MRPL18,t2d,null,0.0148121000691206,0.606228877435744,3.129e-10,63.3114,4578,1.1778642543667e-06,TRUE,""
ENSG00000112164,GLP1R,t2d,grey,-0.173332265464567,0.414206356037342,5.703e-05,8.7882,4364,0.00643164769391716,TRUE,""
ENSG00000112167,SAYSD1,t2d,null,-0.0160465678331308,0.593278639087062,5.703e-05,70.6764,4391,0.00780967053790197,TRUE,""
ENSG00000112195,TREML2,fbg,null,-0.0210757081686799,0.757693806578563,0.001061,24.1705,2296,0.011317737287203,TRUE,""
ENSG00000112212,TSPO2,cad,grey,-0.164674546296014,0.401632246433539,0.0004178,5.1383,6450,0.00442386020867033,TRUE,""
ENSG00000112234,FBXL4,fbg,grey,-0.0436102953017707,0.189351486043285,7.4e-05,17.1422,1987,0.0089127784179512,TRUE,""
ENSG00000112242,E2F3,fbg,grey,0.067680430807972,0.141900610277981,3.27e-06,8.2918,2430,0.00326683155203913,TRUE,""
ENSG00000112249,ASCC3,fbg,grey,-0.0448222536697369,0.133614402537716,0.001236,21.3164,2038,0.0131531820409834,TRUE,""
ENSG00000112290,WASF1,t2d,null,0.0163041781312855,0.884352001477485,0.0003013,17.4337,4061,0.00492355462695161,TRUE,""
ENSG00000112290,WASF1,fbg,null,0.00407604453282137,0.925885085858511,0.0007885,17.4337,1743,0.00589394834653292,TRUE,""
ENSG00000112303,VNN2,fbg,null,0.00223735703689528,0.738882680363527,0.0009308,92.1967,2316,0.00385352344319615,TRUE,""
ENSG00000112304,ACOT13,cad,grey,-0.1011764331879,0.0722373977702367,3.212e-06,26.2479,7968,0.00798579208937583,TRUE,""
ENSG00000112306,RPS12,t2d,grey,-0.0481483244241661,0.299281841581513,0.001034,13.6469,3914,0.00583118984641037,TRUE,""
ENSG00000112306,RPS12,cad,null,-0.00411022281669711,0.900523550339774,1.201e-21,13.6469,5658,6.57914433138745e-18,TRUE,""
ENSG00000112308,C6orf62,cad,grey,-0.0364335417199665,0.227862855875692,3.212e-06,53.3705,7938,0.00534665848027415,TRUE,""
ENSG00000112312,GMNN,fbg,null,0.0307218608308063,0.648014841940182,4.732e-05,12.1509,2782,0.00488360201578751,TRUE,""
ENSG00000112320,SOBP,fbg,null,0.012786568971533,0.836882810464227,0.0106,9.7446,1801,0.00419100559085193,TRUE,""
ENSG00000112406,HECA,fbg,grey,-0.170818031535778,0.311145900875411,0.004443,8.1893,1855,0.0157187695897545,TRUE,""
ENSG00000112414,GPR126,t2d,null,-0.0299358563728395,0.644412333769812,1.736e-07,24.8216,3007,0.000663002951351567,TRUE,""
ENSG00000112486,CCR6,fbg,grey,-0.0223435404323096,0.2870949517261,0.0007851,25.9113,2252,0.00604816167175919,TRUE,""
ENSG00000112531,QKI,t2d,null,0.0386809630932462,0.568935288733455,0.0003839,49.7639,4750,0.0307036008386647,TRUE,""
ENSG00000112561,TFEB,t2d,grey,0.408178188845482,0.0932355987798769,0.00762,6.1483,3001,0.0401100191061148,TRUE,""
ENSG00000112576,CCND3,t2d,null,0.0325398017914756,0.725951886841198,0.001409,18.597,2795,0.00472402213978167,TRUE,""
ENSG00000112651,MRPL2,t2d,null,-0.0133023045984801,0.846816577517806,1.129e-10,22.7041,2448,2.93496734668672e-07,TRUE,""
ENSG00000112651,MRPL2,fbg,null,0.00782488505792945,0.786952335429884,0.0001759,22.7041,1360,0.00477500113028898,TRUE,""
ENSG00000112655,PTK7,t2d,null,0.0705761622268802,0.515968304698277,1.129e-10,19.1304,2494,4.71523266898586e-07,TRUE,""
ENSG00000112659,CUL9,cad,grey,-0.190936540845159,0.0565637660910002,3.995e-12,13.2501,4793,1.88791769450989e-07,TRUE,""
ENSG00000112664,NUDT3,t2d,null,-0.00795771967455232,0.922280913575799,1.01e-06,10.9346,3539,0.000920728119383026,TRUE,""
ENSG00000112667,DNPH1,t2d,grey,0.0656058094423967,0.240822943140069,1.129e-10,40.8406,2366,5.35013529122061e-07,TRUE,""
ENSG00000112667,DNPH1,cad,grey,-0.0407933558712338,0.322273880262187,3.995e-12,40.8406,4768,1.01413061074431e-07,TRUE,""
ENSG00000112695,COX7A2,cad,grey,-0.118527868640764,0.440452945294225,4.58e-05,5.441,4383,0.00400670496969292,TRUE,""
ENSG00000112697,TMEM30A,fbg,null,-0.0254450657340957,0.539026540991256,6.208e-05,29.7665,1680,0.01101826155478,TRUE,""
ENSG00000112701,SENP6,fbg,null,0.00205536280277441,0.851268623688206,4.021e-05,51.9206,1620,0.00188344976899245,TRUE,""
ENSG00000112763,BTN2A1,cad,grey,0.0247351175039456,0.349754835984449,3.212e-06,63.1656,5732,0.00574011380072964,TRUE,""
ENSG00000112773,FAM46A,cad,grey,-0.215019008848509,0.0630051811899095,6.584e-10,10.8116,6284,0.000190945098043097,TRUE,""
ENSG00000112773,FAM46A,fbg,grey,-0.162893188521598,0.441756327424919,0.0008051,10.8116,2226,0.0223844117108488,TRUE,""
ENSG00000112851,ERBB2IP,cad,grey,-0.401592683571684,0.377749075883526,6.694e-07,9.43,5412,0.00805643787286276,TRUE,""
ENSG00000112855,HARS2,fbg,grey,0.0376266023612297,0.258884225947615,0.004014,14.7047,1152,0.00714483019122467,TRUE,""
ENSG00000112893,MAN2A1,t2d,grey,-0.211090849981504,0.0570519477960036,0.0002869,16.4611,4865,0.0252767681797171,TRUE,""
ENSG00000112902,SEMA5A,t2d,null,0.030061249887873,0.716129568855565,0.0008044,28.2289,4746,0.00624166273256873,TRUE,""
ENSG00000112941,PAPD7,cad,grey,0.103422746976385,0.489970760774582,1.26e-06,22.6465,7035,0.00338959026979571,TRUE,""
ENSG00000112992,NNT,fbg,null,-0.0156906309031062,0.508601444069052,0.006533,57.6811,1371,0.0227577781845446,TRUE,""
ENSG00000113083,LOX,cad,grey,-0.236918530614937,0.106519815751505,6.029e-08,6.8111,6400,0.00089464631226754,TRUE,""
ENSG00000113088,GZMK,t2d,null,0.0403773905350157,0.526791507814832,5.389e-08,21.9273,4682,4.03559531249007e-05,TRUE,""
ENSG00000113119,TMCO6,cad,null,0.0246894145988316,0.689156516779352,4.58e-06,18.6473,3774,0.00206158716529669,TRUE,""
ENSG00000113141,IK,t2d,grey,0.0431338247877735,0.382435435138237,0.001143,28.1356,2474,0.00572282501780676,TRUE,""
ENSG00000113163,COL4A3BP,fbg,grey,0.0702122869281176,0.480261302753423,0.000167,8.3301,1782,0.00819493796529715,TRUE,""
ENSG00000113231,PDE8B,fbg,null,0.00336246233538565,0.846529514964004,7.201e-06,31.5971,2064,0.00301367645002808,TRUE,""
ENSG00000113240,CLK4,cad,grey,0.0244747373040897,0.317310507862914,0.000222,48.455,6438,0.00639686747432122,TRUE,""
ENSG00000113272,THG1L,cad,null,-0.00599461811411689,0.747427014162106,5.723e-07,56.5897,6445,0.000168386829400407,TRUE,""
ENSG00000113273,ARSB,fbg,grey,0.0278778574039901,0.0673594261587608,4.187e-05,44.3371,1808,0.0140530835557093,TRUE,""
ENSG00000113273,ARSB,t2d,null,0.021558876392419,0.569608991540106,3.761e-07,44.3371,3478,0.000161284953303493,TRUE,""
ENSG00000113300,CNOT6,fbg,grey,-0.0157669313689,0.261671589062945,0.001253,60.7286,1223,0.0109864632142637,TRUE,""
ENSG00000113300,CNOT6,cad,null,-0.0146202454511618,0.591376684626181,9.249e-06,60.7286,5603,0.00362551167778976,TRUE,""
ENSG00000113312,TTC1,cad,grey,0.630155517140127,0.345207856238078,5.475e-05,4.844,5999,0.0115826887621306,TRUE,""
ENSG00000113328,CCNG1,fbg,null,-0.0104808257443987,0.791236045636806,0.002125,14.5051,2077,0.00440192961079243,TRUE,""
ENSG00000113356,POLR3G,cad,grey,-0.11689932973641,0.0921409896538883,0.0006576,11.9023,4052,0.00905611744260097,TRUE,""
ENSG00000113360,DROSHA,cad,grey,0.250101614194852,0.232163150234388,0.0002818,11.4833,6479,0.0135204334533804,TRUE,""
ENSG00000113368,LMNB1,fbg,grey,0.0120801219398771,0.457568175062507,0.009801,25.7044,2057,0.00547193620177113,TRUE,""
ENSG00000113391,FAM172A,fbg,grey,-0.102418462535717,0.0552802925860208,0.0001907,15.9888,1163,0.0346575745872081,TRUE,""
ENSG00000113391,FAM172A,t2d,null,0.00111324415799693,0.993001102381726,0.008466,15.9888,2057,0.00556209973011177,TRUE,""
ENSG00000113391,FAM172A,cad,null,-0.0345105688979047,0.708780828031886,0.004185,15.9888,3313,0.00428197239596177,TRUE,""
ENSG00000113520,IL4,cad,grey,0.126065539530139,0.135261661698483,4.741e-10,15.811,4572,9.25258861517482e-06,TRUE,""
ENSG00000113532,ST8SIA4,fbg,null,0.0214072712166355,0.508795560548104,0.002018,30.6602,1737,0.00869678789985559,TRUE,""
ENSG00000113645,WWC1,cad,null,0.0181262236620901,0.763258315125684,0.0001875,24.0941,5818,0.00371231177351419,TRUE,""
ENSG00000113649,TCERG1,fbg,null,0.0117752450552597,0.827903407296463,0.00607,15.089,1907,0.00563821524914753,TRUE,""
ENSG00000113658,SMAD5,fbg,null,0.00988261912705911,0.504985075093846,0.000263,81.6843,2144,0.00400157651440884,TRUE,""
ENSG00000113712,CSNK1A1,cad,grey,0.292623917095322,0.150575972824847,0.0001121,5.5853,5514,0.0302944049901883,TRUE,""
ENSG00000113732,ATP6V0E1,fbg,grey,0.074056766314251,0.374062797490882,0.001533,9.5642,2252,0.00565032398438161,TRUE,""
ENSG00000113734,BNIP1,cad,null,0.00642488242867569,0.869175486772197,6.991e-06,38.7204,6363,0.001831206093768,TRUE,""
ENSG00000113790,EHHADH,cad,null,0.0113905700091806,0.818301791692596,4.928e-07,26.159,4788,0.000492546716504814,TRUE,""
ENSG00000113810,SMC4,t2d,grey,-0.106433892066671,0.0858059695325732,0.004083,20.4919,2813,0.0161560894962916,TRUE,""
ENSG00000113810,SMC4,cad,null,-0.00555997943631862,0.900523550339774,0.0003685,20.4919,4708,0.00251918192289357,TRUE,""
ENSG00000113966,ARL6,cad,null,-0.034782168734501,0.906952677216038,0.0006772,4.6029,4644,0.00261895051573953,TRUE,""
ENSG00000114054,PCCB,t2d,grey,0.0280824251682524,0.305508842003805,5.423e-06,58.0694,2464,0.00713199981673779,TRUE,""
ENSG00000114054,PCCB,cad,grey,0.0257140278649059,0.190079208997743,6.082e-15,58.0694,3692,6.30862872607879e-11,TRUE,""
ENSG00000114124,GRK7,fbg,null,0.0622968872781512,0.617075077451974,0.0003712,7.0266,1275,0.00735931271117019,TRUE,""
ENSG00000114127,XRN1,fbg,grey,0.0394385638536714,0.410950433473448,0.0003712,16.6429,1467,0.0070607595169972,TRUE,""
ENSG00000114166,KAT2B,t2d,null,0.0174426908522157,0.802587348634153,0.0004801,24.2239,4071,0.00622263480971397,TRUE,""
ENSG00000114204,SERPINI2,cad,grey,0.224840531802727,0.156216911714423,0.0004752,4.8186,5333,0.0112768072889079,TRUE,""
ENSG00000114209,PDCD10,t2d,null,-0.190238906277034,0.534460065197794,0.0003683,7.6584,3354,0.034754397979337,TRUE,""
ENSG00000114268,PFKFB4,t2d,grey,-0.263896304128643,0.133068778981113,1.361e-05,23.8848,1377,0.0285626712072241,TRUE,""
ENSG00000114302,PRKAR2A,fbg,grey,0.110192398735073,0.0818590179576148,0.0001937,9.4285,644,0.0252297763830956,TRUE,""
ENSG00000114346,ECT2,t2d,grey,-0.446352779292517,0.190440080346436,7.135e-06,5.0339,3387,0.00505543021515167,TRUE,""
ENSG00000114353,GNAI2,t2d,null,-0.0565475184175634,0.84615250852728,9.597e-07,7.8029,1803,0.000664432261587394,TRUE,""
ENSG00000114354,TFG,t2d,null,-0.00407500644385599,0.845297478259299,0.001789,71.0428,3214,0.00406483158187311,TRUE,""
ENSG00000114383,TUSC2,fbg,grey,0.149519264471829,0.182422439451736,0.0001937,8.1705,832,0.0135126658619394,TRUE,""
ENSG00000114383,TUSC2,cad,null,-0.0186899080589786,0.926827757309102,1.813e-08,8.1705,3089,2.87677491563882e-05,TRUE,""
ENSG00000114388,NPRL2,fbg,grey,-0.11116981147078,0.182422439451736,0.0001937,5.1845,837,0.0238705287128858,TRUE,""
ENSG00000114388,NPRL2,t2d,null,-0.0355125786642769,0.861674945730405,9.597e-07,5.1845,1820,0.0018968538707037,TRUE,""
ENSG00000114388,NPRL2,cad,null,0.0138962264338475,0.926827757309102,1.813e-08,5.1845,3060,0.0213892439102454,TRUE,""
ENSG00000114416,FXR1,cad,grey,0.32589627863408,0.225792859826856,0.002349,4.6972,4086,0.00711445620920461,TRUE,""
ENSG00000114450,GNB4,cad,null,-0.0433125963827659,0.557736487733999,0.0009638,13.6218,4946,0.00324889743591175,TRUE,""
ENSG00000114520,SNX4,t2d,null,-0.0462408324728914,0.766561943282691,3.841e-07,14.6005,5047,0.00144599089337534,TRUE,""
ENSG00000114626,ABTB1,fbg,grey,-0.0229382931468922,0.133614402537716,0.001693,54.3094,1601,0.00524384205721976,TRUE,""
ENSG00000114670,NEK11,fbg,grey,0.0239572858728123,0.239994715798025,0.0001062,34.8565,1955,0.0105674917650432,TRUE,""
ENSG00000114738,MAPKAPK3,t2d,grey,-0.0788261260761594,0.139995858302571,9.597e-07,43.7774,1610,0.00115819901987412,TRUE,""
ENSG00000114742,WDR48,t2d,null,0.0301933206325138,0.52504158951492,0.01192,81.2764,3917,0.00728974223715664,TRUE,""
ENSG00000114742,WDR48,fbg,null,-0.0024154656506011,0.904483147958832,0.002521,81.2764,1781,0.00443316804763423,TRUE,""
ENSG00000114770,ABCC5,fbg,null,-0.00443875298324979,0.583426134426407,0.001243,105.9776,1584,0.00486206401161425,TRUE,""
ENSG00000114784,EIF1B,cad,null,-0.0244366686337036,0.799312244990797,0.0007777,7.3288,4650,0.00284984050518356,TRUE,""
ENSG00000114796,KLHL24,fbg,grey,0.0104149054518152,0.345753978677278,0.004755,30.3717,1575,0.00654294729075996,TRUE,""
ENSG00000114812,VIPR1,cad,grey,-0.0259913400687352,0.325875180335662,0.000308,51.4247,5130,0.00278415190568612,TRUE,""
ENSG00000114850,SSR3,t2d,grey,-0.236423060277284,0.0582758625464502,1.097e-05,13.4014,4165,0.0210124458579587,TRUE,""
ENSG00000114853,ZBTB47,t2d,grey,0.0718430704860219,0.297071023255831,0.001514,27.5,3383,0.00889814271184705,TRUE,""
ENSG00000114857,NKTR,fbg,grey,-0.0174673391230693,0.329878332049875,0.002533,39.7505,1576,0.00766647017805695,TRUE,""
ENSG00000114867,EIF4G1,cad,grey,0.653176745000801,0.248090426466901,0.0001281,5.935,5378,0.0161058917214413,TRUE,""
ENSG00000114942,EEF1B2,cad,null,0.365265132166256,0.596215417784348,0.0003894,6.4197,5285,0.0139956998388207,TRUE,""
ENSG00000114988,LMAN2L,t2d,grey,0.0543783265399816,0.455070833503663,0.0002378,20.0159,881,0.00504738341068166,TRUE,""
ENSG00000114993,RTKN,t2d,grey,-0.390504174204498,0.18453412974806,0.002211,6.2452,2869,0.00821334051662686,TRUE,""
ENSG00000114993,RTKN,cad,null,0.0848922117835866,0.681102669021842,0.0003161,6.2452,4450,0.00610158355881264,TRUE,""
ENSG00000114999,TTL,t2d,null,0.00905648308996155,0.940637935030624,0.0005841,13.7581,3055,0.00435562121747294,TRUE,""
ENSG00000115020,PIKFYVE,cad,grey,-0.155308817588244,0.370927779274681,0.001134,5.8096,5207,0.00378897117193749,TRUE,""
ENSG00000115020,PIKFYVE,t2d,null,0.146173004788935,0.548506235500147,3.745e-06,5.8096,3525,0.00190437415293178,TRUE,""
ENSG00000115053,NCL,cad,grey,-0.0375634672080851,0.464193737713066,0.0001277,33.4463,5583,0.00560110756859486,TRUE,""
ENSG00000115073,ACTR1B,fbg,grey,0.0344302528272606,0.163874902280053,0.001135,34.5733,911,0.0161468360044073,TRUE,""
ENSG00000115085,ZAP70,t2d,null,0.0269558296295775,0.581440340551453,0.0002378,28.3946,1898,0.0040280924370382,TRUE,""
ENSG00000115091,ACTR3,t2d,grey,-0.288243691567251,0.222649850078507,0.01131,6.1953,3366,0.0085640781250442,TRUE,""
ENSG00000115109,EPB41L5,cad,grey,-0.0680774677190328,0.361892593456348,0.0003369,15.932,5231,0.00471836247290195,TRUE,""
ENSG00000115129,TP53I3,fbg,grey,-0.0161337740394001,0.284724000775703,0.001688,61.5756,1816,0.0229650988017209,TRUE,""
ENSG00000115129,TP53I3,cad,null,-0.00666395014670874,0.812268919201515,5.849e-07,61.5756,5593,0.00189880453797664,TRUE,""
ENSG00000115159,GPD2,t2d,grey,-0.0504255124445101,0.0722612976368425,2.73e-07,50.0351,2969,0.000828200628626619,TRUE,""
ENSG00000115165,CYTIP,cad,null,0.0491911192414733,0.582319373576693,0.0007164,19.2106,4444,0.0136817763892684,TRUE,""
ENSG00000115211,EIF2B4,cad,grey,-0.115588240438076,0.154713857286327,2.645e-07,10.4005,4038,0.00182301991683852,TRUE,""
ENSG00000115232,ITGA4,t2d,grey,-0.0290875966512497,0.192302646043489,1.577e-06,58.3796,3789,0.00261938935641508,TRUE,""
ENSG00000115274,INO80B,cad,grey,-0.0629703650716933,0.147416365905103,0.0003161,29.7291,4495,0.00985098276028908,TRUE,""
ENSG00000115282,TTC31,fbg,null,0.0012439897126244,0.982270691196538,0.001765,14.3088,1782,0.00576107710685994,TRUE,""
ENSG00000115289,PCGF1,fbg,null,0.0104738741565981,0.956500594977862,0.001765,5.0984,1778,0.00767796041561321,TRUE,""
ENSG00000115306,SPTBN1,t2d,grey,0.0504234362617778,0.209277153800227,0.0001901,39.8152,4770,0.00799547271497258,TRUE,""
ENSG00000115306,SPTBN1,cad,grey,-0.0464074103648221,0.109598583399116,0.0003928,39.8152,6182,0.0103933606960464,TRUE,""
ENSG00000115307,AUP1,fbg,null,0.0236412271111387,0.877731041501716,0.001765,15.0075,1797,0.0120846687868923,TRUE,""
ENSG00000115325,DOK1,cad,null,-0.0667338361937126,0.687360954877516,0.0003161,8.579,4598,0.00451788467408076,TRUE,""
ENSG00000115355,CCDC88A,cad,null,-0.0438121359616985,0.529209302890557,2.751e-05,22.71,6526,0.00441724521681901,TRUE,""
ENSG00000115364,MRPL19,fbg,grey,-0.0127098451588033,0.457568175062507,0.001421,36.346,2446,0.00552104245269412,TRUE,""
ENSG00000115364,MRPL19,t2d,null,0.00391072158732411,0.929170213978481,0.002355,36.346,4661,0.00413200194257945,TRUE,""
ENSG00000115414,FN1,cad,null,-0.0327943766360403,0.569379541379991,1.576e-13,17.6889,5682,1.85347209964415e-09,TRUE,""
ENSG00000115423,DNAH6,t2d,grey,0.0387341959397368,0.445761643145975,0.0042,27.8421,3714,0.00500059786242392,TRUE,""
ENSG00000115446,UNC50,t2d,null,-0.0364620345248913,0.526515990078957,0.00254,27.7378,3013,0.00510010032435159,TRUE,""
ENSG00000115457,IGFBP2,fbg,grey,-0.0257158404705227,0.258632320510385,2.113e-05,41.4985,2112,0.0104605072108811,TRUE,""
ENSG00000115459,ELMOD3,cad,grey,-0.172619481061267,0.0576559045451202,1.813e-23,11.5336,5507,1.76047285075992e-19,TRUE,""
ENSG00000115486,GGCX,fbg,null,-0.00939489983611706,0.518822668670191,0.0003968,38.1601,1789,0.0048754884164796,TRUE,""
ENSG00000115504,EHBP1,t2d,grey,-0.224457973451207,0.456876475104975,0.003666,7.3751,2425,0.00766230379999306,TRUE,""
ENSG00000115504,EHBP1,cad,null,-0.0458570053287413,0.8271246295057,7.631e-08,7.3751,3987,2.87566391981576e-05,TRUE,""
ENSG00000115524,SF3B1,t2d,grey,-0.06849964890014,0.495353925990435,0.0005948,15.563,2657,0.00500544343338118,TRUE,""
ENSG00000115524,SF3B1,cad,grey,0.0662163272701354,0.333710695743566,0.0001422,15.563,3849,0.00368808426021186,TRUE,""
ENSG00000115541,HSPE1,fbg,null,0.00557650185829519,0.879569359634668,0.01852,9.6135,1300,0.00411868481252876,TRUE,""
ENSG00000115548,KDM3A,cad,grey,0.168983730805433,0.0639599374657294,1.813e-23,11.8813,3788,2.10155694939337e-19,TRUE,""
ENSG00000115592,PRKAG3,t2d,null,0.00110908537905126,0.989218104362429,0.0002965,15.4355,2311,0.00360853571939624,TRUE,""
ENSG00000115594,IL1R1,cad,grey,-0.0929198406867484,0.280142180177538,2.001e-05,15.5166,5220,0.00439807948905261,TRUE,""
ENSG00000115604,IL18R1,cad,grey,-0.0481679163677121,0.0697455978421307,2.001e-05,39.2037,5096,0.0100227702300648,TRUE,""
ENSG00000115641,FHL2,fbg,null,0.0170830020906606,0.550497415772856,0.002882,41.4619,2210,0.00941806988218784,TRUE,""
ENSG00000115649,CNPPD1,t2d,grey,0.0482401012045135,0.432564901882938,0.0002965,20.2974,2635,0.00522225032551573,TRUE,""
ENSG00000115649,CNPPD1,fbg,grey,-0.0202297198599573,0.401632246433539,0.01315,20.2974,1463,0.00535616567429586,TRUE,""
ENSG00000115652,UXS1,fbg,null,-0.0534157105030891,0.504985075093846,0.0002143,11.33,2403,0.00726663092291007,TRUE,""
ENSG00000115677,HDLBP,t2d,null,-0.0288163493907875,0.764177155622095,0.002019,18.4969,1534,0.00506417779960284,TRUE,""
ENSG00000115761,NOL10,cad,grey,-0.209682169313368,0.0830364393775582,0.0003259,8.8286,7258,0.00735531612409584,TRUE,""
ENSG00000115808,STRN,t2d,grey,-0.0908343069284463,0.403624905908326,8.957e-06,14.8134,4791,0.00418016420554971,TRUE,""
ENSG00000115825,PRKD3,t2d,null,0.00974968668743797,0.78331623830721,8.957e-06,40.0918,4867,0.00280111440083393,TRUE,""
ENSG00000115840,SLC25A12,t2d,grey,-0.0625760361155926,0.295571646211033,8.156e-05,23.0343,4086,0.00669228907786665,TRUE,""
ENSG00000115841,RMDN2,t2d,null,0.0792466265365226,0.521324964955585,0.0002391,11.9331,4668,0.00425503225160185,TRUE,""
ENSG00000115944,COX7A2L,t2d,null,0.0111572580407675,0.723016370575763,1.585e-26,41.9768,4876,7.31679977199661e-23,TRUE,""
ENSG00000115956,PLEK,t2d,null,0.00619791324133735,0.829619285835578,7.086e-05,57.9876,4591,0.00370914452601374,TRUE,""
ENSG00000115970,THADA,cad,grey,-0.588310369666671,0.121714042693831,1.838e-18,9.3739,6294,1.23791877798242e-13,TRUE,""
ENSG00000116031,CD207,cad,grey,-0.0835348393254852,0.317310507862914,1.22e-06,12.572,5852,0.00088172528638647,TRUE,""
ENSG00000116044,NFE2L2,t2d,null,-0.112616110200443,0.62103640787888,0.001071,6.9546,4361,0.00426445097494725,TRUE,""
ENSG00000116120,FARSB,fbg,grey,0.0322201693187791,0.377585975474249,0.003887,15.0932,2028,0.00603327126045395,TRUE,""
ENSG00000116120,FARSB,t2d,null,0.0375901975385757,0.684025068807011,0.004302,15.0932,3762,0.00440245243773317,TRUE,""
ENSG00000116198,CEP104,t2d,null,-0.0226619466111617,0.523888659409192,0.002706,94.2134,2814,0.0071174462191818,TRUE,""
ENSG00000116199,FAM20B,fbg,grey,-0.0341986332772963,0.169131444702671,0.00103,22.9015,1637,0.00998672810310076,TRUE,""
ENSG00000116205,TCEANC2,fbg,null,0.0781074677057949,0.542966417403574,0.002695,14.0484,1892,0.016712536639126,TRUE,""
ENSG00000116209,TMEM59,cad,null,0.140806191032827,0.614369491663113,1.855e-22,13.0107,6280,6.06116116029734e-18,TRUE,""
ENSG00000116212,LRRC42,fbg,null,-0.00700901776328979,0.886403006367064,0.002695,15.0629,1920,0.00503716497068454,TRUE,""
ENSG00000116213,WRAP73,fbg,null,0.00535774526657568,0.711706471507654,0.0005946,46.4078,1934,0.00571023040819402,TRUE,""
ENSG00000116221,MRPL37,fbg,null,0.00131512028785326,0.96455013508576,0.002695,24.5712,1816,0.00550778781853757,TRUE,""
ENSG00000116237,ICMT,fbg,grey,-0.0408963594572004,0.409371590694505,0.004622,37.6324,1896,0.0195923742774933,TRUE,""
ENSG00000116299,KIAA1324,cad,null,0.00625632618249548,0.7325223685108,3.634e-58,150.1966,4336,1.03964841643224e-52,TRUE,""
ENSG00000116353,MECR,t2d,null,0.00842492781391662,0.971305304800452,7.602e-06,10.5447,2960,0.00449574876360551,TRUE,""
ENSG00000116478,HDAC1,fbg,null,0.17765601046189,0.617075077451974,0.002438,7.8941,941,0.0327187759169285,TRUE,""
ENSG00000116489,CAPZA1,t2d,grey,0.175514803962207,0.243345009148762,2e-07,7.1444,3172,0.000895446360494832,TRUE,""
ENSG00000116497,S100PBP,cad,grey,0.0508983072833958,0.0636192624279565,7.588e-05,41.7592,3491,0.0144653164211091,TRUE,""
ENSG00000116514,RNF19B,cad,grey,0.0966336282086769,0.293007714239339,7.588e-05,18.6522,3595,0.00869989180613827,TRUE,""
ENSG00000116574,RHOU,t2d,grey,0.0401193193729089,0.375576602091406,1.864e-09,28.3544,2903,1.938791132807e-05,TRUE,""
ENSG00000116574,RHOU,cad,grey,0.0338148549000232,0.30903861569102,3.954e-07,28.3544,4821,0.00127010623786856,TRUE,""
ENSG00000116584,ARHGEF2,cad,null,-0.0242937561526644,0.898724545227828,6.393e-05,6.8819,3120,0.00425215237051062,TRUE,""
ENSG00000116641,DOCK7,fbg,null,0.00351052327880779,0.855725415320072,0.004391,30.3199,1839,0.00402395616798763,TRUE,""
ENSG00000116649,SRM,cad,grey,0.544242273338154,0.351271052638159,7.382e-08,6.1386,5417,0.000660807439387848,TRUE,""
ENSG00000116661,FBXO2,fbg,null,-0.00276474732933801,0.827287450832149,0.002302,49.6758,1268,0.0064929007451065,TRUE,""
ENSG00000116663,FBXO6,cad,grey,0.0407462857935282,0.286122384391018,7.382e-08,23.8849,5345,0.000209084748810129,TRUE,""
ENSG00000116667,C1orf21,t2d,grey,0.209671595135394,0.124518154058014,0.0003655,12.5491,3164,0.0144772046791581,TRUE,""
ENSG00000116685,KIAA2013,t2d,grey,0.0190239666226109,0.163662994494723,0.000302,52.765,2378,0.0151990984257258,TRUE,""
ENSG00000116688,MFN2,cad,null,0.00754790044376137,0.610912097082934,7.382e-08,140.8936,4982,0.000466897549620776,TRUE,""
ENSG00000116691,MIIP,cad,grey,0.0931308307542092,0.110379162671558,7.382e-08,17.3339,4935,0.000466837661100178,TRUE,""
ENSG00000116701,NCF2,t2d,grey,-0.108921541759671,0.15627208493238,0.0003655,18.2681,3559,0.0110338563635398,TRUE,""
ENSG00000116704,SLC35D1,t2d,grey,-0.0259156171699577,0.359317338329571,0.0001849,30.415,4177,0.00472459961648491,TRUE,""
ENSG00000116704,SLC35D1,cad,null,0.00903119992286404,0.686573982946944,0.00199,30.415,5563,0.00286796777092974,TRUE,""
ENSG00000116704,SLC35D1,fbg,null,0.00746055645801812,0.564779052623049,0.0001146,30.415,2216,0.00442880122980701,TRUE,""
ENSG00000116711,PLA2G4A,t2d,grey,0.0516500441920747,0.488744120386507,0.0007202,18.5121,3975,0.00449068644733674,TRUE,""
ENSG00000116729,WLS,t2d,null,0.0092384746129322,0.773839501564727,0.0001849,79.2477,3739,0.0591402770441011,TRUE,""
ENSG00000116750,UCHL5,fbg,grey,0.122387128745255,0.078959278765636,0.002174,9.3412,1648,0.0204521836960605,TRUE,""
ENSG00000116786,PLEKHM2,t2d,grey,0.112030642329191,0.0524983683203137,1.768e-05,25.0855,3202,0.0129167646639624,TRUE,""
ENSG00000116830,TTF2,cad,null,0.00177776091095746,0.978866456824227,6.759e-05,66.1233,4791,0.00871637870616594,TRUE,""
ENSG00000116883,AL591845.1,fbg,null,0.0050811036048614,0.617075077451974,0.0008783,30.2673,1215,0.0046312888354419,TRUE,""
ENSG00000116885,OSCP1,cad,null,-0.0454713834248417,0.515692221611729,2.34e-06,15.2151,3914,0.00179657745744328,TRUE,""
ENSG00000116898,MRPS15,t2d,grey,-0.100678733031674,0.461218374590665,0.0005004,17.3264,2473,0.00731428189509802,TRUE,""
ENSG00000116898,MRPS15,fbg,grey,-0.0400660264105642,0.461822562879907,0.0008783,17.3264,1225,0.00881966283073427,TRUE,""
ENSG00000116906,GNPAT,cad,grey,-0.0495467133801605,0.22463863892378,2.371e-06,24.4287,6417,0.00366911017205363,TRUE,""
ENSG00000116906,GNPAT,fbg,null,0.0123866783450401,0.583426134426407,0.001787,24.4287,2229,0.00427652628663819,TRUE,""
ENSG00000116918,TSNAX,cad,null,-0.0458403871070729,0.595245548732816,2.371e-06,12.7558,6272,0.00219191867095671,TRUE,""
ENSG00000116922,C1orf109,t2d,grey,-0.0737937896377457,0.236228639816427,0.000359,29.2883,3185,0.00864248044323607,TRUE,""
ENSG00000116962,NID1,cad,grey,-0.15006493508238,0.0770415228287819,3.923e-05,14.299,5851,0.0101711086104028,TRUE,""
ENSG00000116962,NID1,t2d,null,-0.0123004045149492,0.916166996259808,1.456e-05,14.299,3966,0.00122367605692739,TRUE,""
ENSG00000116977,LGALS8,t2d,null,-0.0401173473016415,0.544292426754408,1.456e-05,58.9439,4188,0.0033883703211112,TRUE,""
ENSG00000116990,MYCL1,fbg,grey,0.074509486015028,0.220271518788167,0.0002863,8.2677,1308,0.00721841093762416,TRUE,""
ENSG00000116990,MYCL1,t2d,null,-0.0137254316343473,0.929393771944136,7.658e-14,8.2677,3024,1.34867215437457e-10,TRUE,""
ENSG00000116991,SIPA1L2,t2d,null,0.00768235244729867,0.818934466742529,0.0001878,50.3215,4262,0.00513172066430552,TRUE,""
ENSG00000117009,KMO,cad,grey,-0.150713255564415,0.141507953339139,0.0003007,26.0308,6555,0.0193384256314077,TRUE,""
ENSG00000117013,KCNQ4,fbg,null,-0.0281425975766108,0.753304047285912,0.002092,6.3324,1649,0.00500460651595845,TRUE,""
ENSG00000117020,AKT3,t2d,null,0.0131007870091054,0.924523853799985,0.002851,12.1454,2462,0.00460396110080272,TRUE,""
ENSG00000117036,ETV3,cad,grey,-0.34697929194029,0.0537840888623983,5.535e-05,5.5024,5493,0.0170224489433455,TRUE,""
ENSG00000117054,ACADM,t2d,null,0.00260860094159806,0.943725473930833,9.531e-05,41.5554,4474,0.00337192106728592,TRUE,""
ENSG00000117090,SLAMF1,cad,null,0.0196807278394373,0.726338697648762,2.348e-05,18.9932,5213,0.00280724228730061,TRUE,""
ENSG00000117091,CD48,fbg,grey,0.015319035829315,0.489894777830357,0.003296,32.9829,1643,0.00629412158751458,TRUE,""
ENSG00000117115,PADI2,t2d,null,0.00201064147421323,0.943725473930833,0.01075,119.418,2758,0.0088309195892825,TRUE,""
ENSG00000117143,UAP1,t2d,null,-0.0354260748420848,0.594971496951515,0.0004229,21.1031,4607,0.00437844435715228,TRUE,""
ENSG00000117151,CTBS,t2d,null,0.0142974189240076,0.834212236432498,1.942e-05,33.5534,4295,0.0028676667467222,TRUE,""
ENSG00000117153,KLHL12,cad,null,-0.0421958904651309,0.555362566713577,4.802e-10,27.4597,4908,1.27656998563586e-05,TRUE,""
ENSG00000117155,SSX2IP,t2d,grey,0.0978517011407323,0.384538052996623,1.942e-05,21.7893,4180,0.00448020731938828,TRUE,""
ENSG00000117222,RBBP5,fbg,grey,0.119444741414833,0.169131444702671,0.004246,6.81,2131,0.00950844290081273,TRUE,""
ENSG00000117228,GBP1,fbg,grey,-0.0847380000206906,0.276491247419954,0.002997,7.7459,1623,0.00739988483110086,TRUE,""
ENSG00000117245,KIF17,fbg,grey,0.0839721190646466,0.236329736314398,1.131e-05,9.3928,1755,0.00735572454142858,TRUE,""
ENSG00000117298,ECE1,cad,grey,0.0497740635639941,0.0596552087936773,2.942e-05,36.4601,6122,0.00740672826565188,TRUE,""
ENSG00000117305,HMGCL,t2d,null,0.00464411260820623,0.9655696322607,0.003197,22.9187,2350,0.00671080208815457,TRUE,""
ENSG00000117362,APH1A,t2d,null,-0.0391809060736759,0.846741794556795,9.493e-06,6.294,1691,0.00334883123450623,TRUE,""
ENSG00000117408,IPO13,t2d,grey,-0.305554340695386,0.219987070960781,0.0009271,9.146,2834,0.0152134517566536,TRUE,""
ENSG00000117450,PRDX1,cad,grey,0.113321304392883,0.0775123311092524,3.308e-05,26.9402,4070,0.0179196877912754,TRUE,""
ENSG00000117480,FAAH,t2d,grey,0.0501250945537636,0.126162397742482,0.000891,42.365,2858,0.0132098462630474,TRUE,""
ENSG00000117481,NSUN4,t2d,grey,0.0276720687269705,0.126162397742482,0.000891,83.1036,2816,0.0182467426456058,TRUE,""
ENSG00000117500,TMED5,cad,grey,0.0382216085500314,0.169648744527835,0.0001951,55.1583,4421,0.00271466747176679,TRUE,""
ENSG00000117500,TMED5,fbg,grey,-0.0204095967985604,0.169131444702671,0.001528,55.1583,1490,0.00783244308650759,TRUE,""
ENSG00000117505,DR1,fbg,grey,0.012056601754393,0.200105868954852,0.001528,62.4301,1490,0.00727877840245095,TRUE,""
ENSG00000117528,ABCD3,cad,grey,-0.0336217514866326,0.206532441214479,7.782e-05,38.1419,5635,0.00530806031529918,TRUE,""
ENSG00000117528,ABCD3,fbg,grey,-0.015876938202021,0.272740113942453,0.0001114,38.1419,1849,0.00621149782355347,TRUE,""
ENSG00000117533,VAMP4,fbg,grey,0.0270474415314679,0.441756327424919,0.0009163,19.6763,1902,0.00633176675390356,TRUE,""
ENSG00000117569,PTBP2,t2d,grey,0.0562238906373111,0.05019091187903,2.437e-05,44.7415,3570,0.00718139179320055,TRUE,""
ENSG00000117586,TNFSF4,fbg,null,0.00581190126199004,0.732271676747657,0.0009562,39.6076,1239,0.0048958079349285,TRUE,""
ENSG00000117592,PRDX6,fbg,null,0.00768125142260886,0.726338697648762,0.002546,32.3837,1068,0.00523139557359958,TRUE,""
ENSG00000117601,SERPINC1,t2d,null,0.0341570680805294,0.558301743578421,0.002015,34.873,2684,0.00666589811673852,TRUE,""
ENSG00000117602,RCAN3,t2d,grey,-0.172288058286085,0.469746505385684,0.005098,12.3812,2256,0.0103824220358478,TRUE,""
ENSG00000117620,SLC35A3,t2d,null,0.0710287852594989,0.800781017520292,0.002178,6.6763,3834,0.0052755011456019,TRUE,""
ENSG00000117632,STMN1,fbg,null,0.0166676586021885,0.626131140669092,0.008789,18.5543,1173,0.00534403969575406,TRUE,""
ENSG00000117643,MAN1C1,cad,grey,-0.0751748916270672,0.366406064176293,8.928e-06,11.9716,3934,0.00287354611034321,TRUE,""
ENSG00000117682,DHDDS,fbg,grey,0.0786313762780223,0.0850292707808799,0.008789,13.9498,969,0.018659134899004,TRUE,""
ENSG00000117748,RPA2,fbg,null,-0.0148329722627569,0.751496544187975,1.967e-05,42.8796,789,0.0150145774673526,TRUE,""
ENSG00000117791,MARC2,t2d,grey,-0.137217507213632,0.203662329206729,0.001054,9.9405,3965,0.0117901604337432,TRUE,""
ENSG00000117791,MARC2,fbg,null,0.0146365341027874,0.716129568855565,0.0007661,9.9405,1854,0.00556147741787722,TRUE,""
ENSG00000117877,CD3EAP,fbg,grey,0.0458443017673089,0.415671596774975,2.253e-05,12.363,1236,0.0103974950789991,TRUE,""
ENSG00000117899,MESDC2,fbg,grey,0.0940104376471431,0.140212543422446,0.0001816,11.1711,1711,0.014548667100934,TRUE,""
ENSG00000117899,MESDC2,cad,null,0.0254943559721066,0.824140895741885,8.309e-06,11.1711,5224,0.00243620256575456,TRUE,""
ENSG00000118004,COLEC11,cad,grey,-0.125877858395118,0.130695828772137,5.717e-05,18.1787,6962,0.0116478119994618,TRUE,""
ENSG00000118004,COLEC11,fbg,grey,-0.0548941036610287,0.291633261467857,0.001611,18.1787,2177,0.0112463498729208,TRUE,""
ENSG00000118046,STK11,fbg,null,-0.0176172142231259,0.504985075093846,0.008906,27.1023,1019,0.00664663467284673,TRUE,""
ENSG00000118096,IFT46,cad,null,-0.0449947074343432,0.538300749018723,2.875e-07,18.9889,5038,0.000164652028250658,TRUE,""
ENSG00000118181,RPS25,t2d,grey,-0.13288237387269,0.100734254030027,0.0001065,13.5306,3218,0.0158471242465575,TRUE,""
ENSG00000118181,RPS25,fbg,grey,0.0272804873513469,0.37577150825113,0.0005425,13.5306,1611,0.00639572359881654,TRUE,""
ENSG00000118197,DDX59,t2d,null,-0.0146661403544222,0.555362566713577,1.129e-06,85.1161,4523,0.00145062480312545,TRUE,""
ENSG00000118200,CAMSAP2,t2d,null,-0.0199346216874735,0.736316907265577,1.129e-06,26.5331,4460,0.001159189183827,TRUE,""
ENSG00000118242,MREG,cad,grey,-0.119941287481652,0.378125201477686,1.576e-13,6.6766,5501,1.04468985038998e-07,TRUE,""
ENSG00000118260,CREB1,cad,null,-0.0469942350381366,0.594971496951515,0.001357,15.6098,5329,0.0041822650191305,TRUE,""
ENSG00000118276,B4GALT6,cad,grey,-0.06340378837061,0.276719045612457,0.001692,17.4059,5337,0.00433495230960975,TRUE,""
ENSG00000118276,B4GALT6,fbg,null,0.0122717009749568,0.745692505957826,0.0006893,17.4059,2007,0.00500210402795966,TRUE,""
ENSG00000118298,CA14,t2d,null,-0.0164089282788428,0.872080051331918,9.493e-06,8.1819,1687,0.0029929153629411,TRUE,""
ENSG00000118363,SPCS2,cad,grey,0.0913708984386249,0.129734038294669,4.758e-11,10.4878,4453,9.08459192614152e-07,TRUE,""
ENSG00000118369,USP35,fbg,grey,0.0179027031203334,0.450187758755607,0.002656,31.6243,1730,0.00694851495094481,TRUE,""
ENSG00000118412,CASP8AP2,t2d,grey,0.278466622502546,0.166170104682876,0.001157,6.9478,3756,0.0135074072120084,TRUE,""
ENSG00000118418,HMGN3,t2d,null,0.0115894018273323,0.945640900275557,0.000486,13.7508,4665,0.00547749575686691,TRUE,""
ENSG00000118418,HMGN3,fbg,null,0.00772626788488818,0.918998838261879,0.002846,13.7508,2077,0.00713779355569175,TRUE,""
ENSG00000118454,ANKRD13C,t2d,null,-0.0520677668208253,0.637934810590957,0.0007434,21.7639,3645,0.00686609389468057,TRUE,""
ENSG00000118503,TNFAIP3,cad,null,0.00256133178388165,0.986244051172096,0.0004451,6.9494,5960,0.00267387954261077,TRUE,""
ENSG00000118596,SLC16A7,t2d,grey,-0.119895250262028,0.219349055206153,0.0001033,15.2628,3718,0.00701531931316622,TRUE,""
ENSG00000118596,SLC16A7,fbg,grey,0.0275865177594047,0.47015786285767,0.003834,15.2628,1873,0.00562620449600865,TRUE,""
ENSG00000118600,TMEM5,cad,null,-0.00256875435671235,0.983882216327235,0.0008048,13.3425,5567,0.0045261613844318,TRUE,""
ENSG00000118690,ARMC2,fbg,grey,-0.0274106572533044,0.461218374590665,0.002094,18.1212,1592,0.00771411608129208,TRUE,""
ENSG00000118777,ABCG2,cad,grey,-0.0786681628119879,0.0635360328732522,2.309e-05,34.8451,5758,0.0190321055301152,TRUE,""
ENSG00000118985,ELL2,cad,null,-0.0214145960500932,0.71066155832599,2.79e-06,12.8265,5208,0.00148834977047698,TRUE,""
ENSG00000119013,NDUFB3,cad,grey,-0.11666318738081,0.449403260550449,4.527e-05,5.4224,4569,0.00490527559353543,TRUE,""
ENSG00000119048,UBE2B,fbg,grey,0.0385690723159155,0.291633261467857,0.000263,17.9595,1694,0.0120217792707525,TRUE,""
ENSG00000119138,KLF9,t2d,null,-0.0301863903299087,0.676150737063755,0.002891,19.2687,4280,0.00395036074860513,TRUE,""
ENSG00000119231,SENP5,cad,grey,-0.0807351370507594,0.283976771750912,0.0001971,12.1228,5528,0.00412697943849181,TRUE,""
ENSG00000119280,C1orf198,t2d,null,0.0259347350792987,0.707660466654552,0.001218,26.7173,4060,0.00593805270704148,TRUE,""
ENSG00000119314,PTBP3,t2d,null,-0.0267412256034838,0.612510247035846,0.0001806,23.3188,4332,0.00401596572641091,TRUE,""
ENSG00000119326,CTNNAL1,t2d,grey,0.139746627611042,0.105024557082998,0.000717,49.9523,4963,0.0396438157602763,TRUE,""
ENSG00000119326,CTNNAL1,cad,grey,0.0587492041449406,0.363560170988166,0.0002576,49.9523,6922,0.0141512365696296,TRUE,""
ENSG00000119402,FBXW2,t2d,grey,0.168117510603912,0.109598583399116,0.000425,13.4088,2655,0.0159538012991237,TRUE,""
ENSG00000119411,BSPRY,fbg,grey,0.0122834189542524,0.46845203042539,0.0008985,38.2095,2394,0.00577316717913558,TRUE,""
ENSG00000119421,NDUFA8,t2d,null,-0.0285156872649915,0.846816577517806,2.158e-06,19.4071,3262,0.00222961283368331,TRUE,""
ENSG00000119421,NDUFA8,cad,null,-0.0419348342132228,0.676922239021379,7.859e-10,19.4071,5302,4.77687967138549e-06,TRUE,""
ENSG00000119431,HDHD3,cad,grey,-0.0154197680921733,0.483927304446146,0.0001702,56.7297,5942,0.00412187555696734,TRUE,""
ENSG00000119535,CSF3R,fbg,grey,-0.199171165073321,0.391365938307552,0.0008783,13.2746,1222,0.033799155758823,TRUE,""
ENSG00000119541,VPS4B,cad,null,0.0313079892180368,0.882967750148843,2.434e-06,15.2502,5571,0.00709423614187604,TRUE,""
ENSG00000119599,DCAF4,t2d,grey,0.0471417512121583,0.143604244350832,0.002454,85.2357,4386,0.00489891200209982,TRUE,""
ENSG00000119599,DCAF4,fbg,null,0.00765549806009408,0.539940330191881,0.001969,85.2357,2231,0.00601985747662125,TRUE,""
ENSG00000119616,FCF1,fbg,grey,0.0654701864578754,0.266520525805011,0.001852,10.8315,1504,0.00809486579279307,TRUE,""
ENSG00000119638,NEK9,cad,null,0.156159045698876,0.632926430816655,3.601e-10,6.9894,4749,0.00401535491144431,TRUE,""
ENSG00000119661,DNAL1,cad,grey,0.626677062313773,0.226919071737479,0.0002134,5.2899,5726,0.0135109412789667,TRUE,""
ENSG00000119669,IRF2BPL,cad,grey,-0.0162564053243528,0.49041106256261,0.001513,54.4701,6823,0.00540573588812133,TRUE,""
ENSG00000119686,FLVCR2,t2d,grey,-0.0588258161123801,0.0963281804267246,1.673e-05,43.5309,3072,0.0116682250473134,TRUE,""
ENSG00000119686,FLVCR2,fbg,grey,-0.0230533603683652,0.097490596202208,0.0001049,43.5309,1655,0.0131664072145648,TRUE,""
ENSG00000119711,ALDH6A1,t2d,grey,0.205344856687879,0.390708428304394,0.001504,8.8238,3293,0.008772140674926,TRUE,""
ENSG00000119725,ZNF410,cad,null,0.00556278175364875,0.962466345019474,1.069e-08,12.7759,5309,0.00011790277123297,TRUE,""
ENSG00000119771,KLHL29,cad,null,-0.0131936933921477,0.888382767911091,2.86e-05,10.5898,5618,0.00141719990312593,TRUE,""
ENSG00000119782,FKBP1B,t2d,grey,-0.144860054819394,0.103457350923547,9.752e-05,12.1753,3919,0.0170138650574139,TRUE,""
ENSG00000119812,FAM98A,fbg,grey,0.0936165755309948,0.303681109722319,0.0005319,6.8324,2554,0.00696221836792312,TRUE,""
ENSG00000119865,CNRIP1,t2d,grey,0.0491772764962615,0.430989228420108,7.086e-05,20.7345,4630,0.00409671971201084,TRUE,""
ENSG00000119899,SLC17A5,t2d,grey,-0.358335337785482,0.0611220569867849,0.0008501,13.2793,4198,0.0380341620757084,TRUE,""
ENSG00000119899,SLC17A5,fbg,grey,0.0743484884520899,0.317310507862914,0.001248,13.2793,1909,0.0111762137595277,TRUE,""
ENSG00000119917,IFIT3,fbg,null,0.0187500208741355,0.651547872829126,0.001244,13.2663,2503,0.00406701260789364,TRUE,""
ENSG00000119929,CUTC,cad,null,0.0459243042088193,0.931079698040794,7.41e-07,5.8289,4602,0.0047273795586154,TRUE,""
ENSG00000119950,MXI1,t2d,grey,0.0703666191820008,0.114813225892495,2.589e-05,31.0557,3451,0.00869747422428121,TRUE,""
ENSG00000119950,MXI1,fbg,null,0.00228834533925206,0.897332123936804,1.885e-10,31.0557,1923,1.08798058275176e-07,TRUE,""
ENSG00000119953,SMNDC1,t2d,null,-0.0504084180831213,0.704133350204302,4.911e-06,10.5928,3415,0.00242093354904273,TRUE,""
ENSG00000119953,SMNDC1,fbg,null,-0.011761964219395,0.821351959007176,1.035e-10,10.5928,1920,3.38371337792448e-08,TRUE,""
ENSG00000119977,TCTN3,t2d,grey,-0.0822299879867734,0.299249813784921,0.0004762,36.2424,4370,0.0146577540081881,TRUE,""
ENSG00000119986,AVPI1,fbg,null,0.0581247853066265,0.627949198524385,0.0001258,19.1803,1781,0.0167573340569654,TRUE,""
ENSG00000120008,WDR11,fbg,null,-0.00070171994462137,0.927564826606211,2.747e-05,89.347,2442,0.00388830423435827,TRUE,""
ENSG00000120029,C10orf76,cad,null,0.0737447340159399,0.544316081393424,4.67e-15,17.6188,3912,2.7889692920609e-11,TRUE,""
ENSG00000120051,CCDC147,fbg,grey,0.0246416794723238,0.492893296439634,0.002123,15.6871,1962,0.00509985989765255,TRUE,""
ENSG00000120057,SFRP5,fbg,null,0.0244642876810267,0.531971058097401,0.0001258,12.2043,1822,0.00592108502235955,TRUE,""
ENSG00000120137,PANK3,t2d,grey,-0.25211464184008,0.113157673718767,0.0001494,10.2351,3890,0.0221013115800407,TRUE,""
ENSG00000120156,TEK,fbg,grey,-0.0142985321319296,0.372450881005206,6.168e-05,58.5863,2771,0.0118814011126697,TRUE,""
ENSG00000120159,CAAP1,t2d,null,0.0759277706443023,0.63017433816751,0.0008722,8.1065,4574,0.00425769537352127,TRUE,""
ENSG00000120217,CD274,fbg,grey,0.052624440991621,0.317310507862914,0.001593,21.1261,2152,0.0122548247559952,TRUE,""
ENSG00000120217,CD274,t2d,null,0.014200245981866,0.90470629550866,0.0002537,21.1261,3970,0.00607335654020686,TRUE,""
ENSG00000120254,MTHFD1L,fbg,null,0.0253655053524758,0.650814055517744,0.0001793,18.176,2636,0.0118237487742115,TRUE,""
ENSG00000120265,PCMT1,cad,null,0.0142250238948435,0.671763599100528,6.087e-09,31.2829,6592,7.83703688457799e-06,TRUE,""
ENSG00000120278,PLEKHG1,t2d,grey,-0.20569480918421,0.383771766671716,4.745e-05,6.4041,4835,0.00627381876320138,TRUE,""
ENSG00000120279,MYCT1,cad,grey,-0.147992371563248,0.352589899766781,1.063e-05,7.2291,6508,0.00369844365683888,TRUE,""
ENSG00000120314,WDR55,fbg,grey,-0.0280029376658753,0.43881634294658,0.004014,50.8335,1151,0.00647225563846999,TRUE,""
ENSG00000120318,ARAP3,fbg,null,-0.0098520849803837,0.617075077451974,2.23e-05,50.7517,1708,0.00456142343496997,TRUE,""
ENSG00000120333,MRPS14,cad,null,-0.0460933441850548,0.738882680363527,1.615e-06,7.2362,4821,0.000739198686377662,TRUE,""
ENSG00000120334,CENPL,t2d,grey,0.341692614034885,0.477614268257678,0.002015,5.0959,2638,0.0091587165814792,TRUE,""
ENSG00000120438,TCP1,fbg,null,0.00323502016428415,0.7924288824046,0.003543,66.3865,2376,0.00475402167410518,TRUE,""
ENSG00000120440,TTLL2,fbg,null,-0.0021093544225419,0.96989829292834,0.0007851,16.5613,2300,0.00625011142932006,TRUE,""
ENSG00000120519,SLC10A7,t2d,grey,0.0417150564793742,0.248563248217182,0.003392,38.554,3368,0.0127511304660752,TRUE,""
ENSG00000120675,DNAJC15,t2d,grey,0.0160011313511171,0.373334935702822,0.0002344,80.7511,4119,0.00445822836421554,TRUE,""
ENSG00000120705,ETF1,cad,grey,0.059685642052718,0.379233028395014,1.557e-05,13.3386,3155,0.00205215613915427,TRUE,""
ENSG00000120708,TGFBI,cad,grey,-0.0185384792923953,0.432564901882938,0.0008823,59.4221,5691,0.00451913586668869,TRUE,""
ENSG00000120709,FAM53C,t2d,null,-0.0331799085186619,0.770183536019218,0.001334,13.9482,2095,0.0046333313855253,TRUE,""
ENSG00000120725,SIL1,t2d,null,-0.0193898142390512,0.818181087812592,0.001143,18.264,1776,0.00439159670652119,TRUE,""
ENSG00000120798,NR2C1,t2d,null,0.0426291813093844,0.648788735717361,0.001317,19.2075,5146,0.00653960379181606,TRUE,""
ENSG00000120860,CCDC53,fbg,grey,0.0172399469809498,0.0764894608968983,0.0008417,43.3529,1769,0.0263445905439513,TRUE,""
ENSG00000121057,AKAP1,t2d,grey,0.170235827628255,0.128765682228206,4.275e-05,12.5473,2881,0.0115991599074658,TRUE,""
ENSG00000121060,TRIM25,fbg,null,0.025000527067396,0.824140895741885,0.0004926,5.6758,1976,0.0157880353693621,TRUE,""
ENSG00000121064,SCPEP1,t2d,null,-0.0140610270570415,0.849408323108071,4.275e-05,18.8871,3039,0.00368867830231608,TRUE,""
ENSG00000121064,SCPEP1,fbg,null,-0.00749921443042214,0.813980460416918,0.0004926,18.8871,1962,0.0040372503665229,TRUE,""
ENSG00000121067,SPOP,cad,null,-0.0997309016889878,0.763436704711347,1.63e-15,5.504,4942,0.000168886742722562,TRUE,""
ENSG00000121310,ECHDC2,fbg,grey,-0.0242464995372011,0.0718606382258516,0.001522,71.81,1498,0.00428497935060325,TRUE,""
ENSG00000121310,ECHDC2,cad,null,-0.0107762220165338,0.673716649749524,0.0008757,71.81,4868,0.00289198883792935,TRUE,""
ENSG00000121380,BCL2L14,t2d,grey,-0.0794986980596953,0.195163472029178,0.00023,25.4386,2833,0.00880484618369406,TRUE,""
ENSG00000121390,PSPC1,fbg,null,-0.0158827561123499,0.662911145572604,0.002555,19.0482,1818,0.00508941031069061,TRUE,""
ENSG00000121486,TRMT1L,cad,null,0.0734204474057241,0.510758136203966,1.657e-05,15.8698,4054,0.00385487926486749,TRUE,""
ENSG00000121552,CSTA,t2d,grey,-0.0485797876961991,0.243345009148763,2.615e-14,47.6848,4089,1.54152850699936e-09,TRUE,""
ENSG00000121570,DPPA4,fbg,null,-0.0106648578456424,0.822850213878424,0.001502,24.9016,1842,0.00830896344570632,TRUE,""
ENSG00000121578,B4GALT4,t2d,null,0.00205958160745132,0.958390118990601,0.000402,68.5856,4316,0.00488072401871728,TRUE,""
ENSG00000121594,CD80,fbg,null,0.0708725687324561,0.670448961276106,0.001023,5.0231,1775,0.00596458745906258,TRUE,""
ENSG00000121691,CAT,cad,null,-0.01083959721094,0.648289055584097,0.001223,91.3343,6208,0.00298426787755252,TRUE,""
ENSG00000121741,ZMYM2,t2d,null,-0.0204369372849665,0.938157214607115,0.000117,7.7295,4055,0.00540332997180113,TRUE,""
ENSG00000121766,ZCCHC17,cad,null,0.0165362449628188,0.825413062302686,0.0004072,16.116,4834,0.00321150156778787,TRUE,""
ENSG00000121769,FABP3,cad,null,0.017533324836698,0.825413062302686,0.0004072,8.9674,4661,0.00315970765891116,TRUE,""
ENSG00000121769,FABP3,fbg,null,-0.0151955481918049,0.732271676747657,0.000104,8.9674,1518,0.00476864648000381,TRUE,""
ENSG00000121775,TMEM39B,t2d,grey,-0.116102373812868,0.361505569533152,0.0004059,21.1968,2161,0.00949434927356226,TRUE,""
ENSG00000121848,RNF115,fbg,grey,-0.0608306505895167,0.0607927235305228,0.01486,11.7797,299,0.0251326185874039,TRUE,""
ENSG00000121864,ZNF639,t2d,grey,0.117846964888936,0.368794267918584,0.0006439,10.6878,3463,0.00545968601852295,TRUE,""
ENSG00000121879,PIK3CA,t2d,null,0.0415166350495852,0.7325223685108,0.0006439,11.5759,3455,0.00402451977895463,TRUE,""
ENSG00000121879,PIK3CA,cad,null,0.0415166350495852,0.635725114509718,0.0009638,11.5759,5006,0.00362333591997767,TRUE,""
ENSG00000121933,ADORA3,cad,grey,-0.0379021464505474,0.0955807045456294,0.0008984,48.513,6102,0.00894852558518796,TRUE,""
ENSG00000121964,GTDC1,fbg,null,-0.00938442396507729,0.935724149629174,0.00533,9.4838,1399,0.00755565045947576,TRUE,""
ENSG00000122025,FLT3,t2d,null,0.026371038632552,0.909996085442886,6.557e-06,8.7587,4205,0.0198831005626404,TRUE,""
ENSG00000122034,GTF3A,cad,grey,-0.0192848384038291,0.440155991818408,5.363e-11,48.7677,6865,9.07265993092835e-07,TRUE,""
ENSG00000122042,UBL3,cad,grey,-0.0609470764805917,0.37050790341821,1.649e-05,17.5234,6528,0.00315463343362931,TRUE,""
ENSG00000122043,LINC00544,t2d,null,-0.0248801827404682,0.834212236432498,3.627e-05,10.4698,4438,0.00346895688084949,TRUE,""
ENSG00000122140,MRPS2,cad,null,-0.224250496186985,0.566829368432203,1.09e-05,5.0005,6998,0.00439077376665009,TRUE,""
ENSG00000122176,FMOD,cad,null,-0.056912495238857,0.851268623688206,0.0001225,4.5756,4904,0.00274400199837112,TRUE,""
ENSG00000122188,LAX1,t2d,grey,-0.0487366183882654,0.176487834725428,9.992e-05,74.5084,2999,0.00404490216778469,TRUE,""
ENSG00000122299,ZC3H7A,t2d,grey,0.192828864247071,0.0615442192008072,4.08e-05,15.7108,4975,0.022637332597752,TRUE,""
ENSG00000122376,FAM35A,fbg,grey,-0.0349345580426213,0.182422439451736,0.001143,15.5975,1435,0.0635754092588166,TRUE,""
ENSG00000122390,NAA60,t2d,grey,0.0303163564871538,0.481093153359666,2.214e-05,31.7373,1724,0.00390042161663728,TRUE,""
ENSG00000122417,ODF2L,fbg,grey,0.0120804277753953,0.125707617716504,0.0008768,74.5273,1984,0.010744859177982,TRUE,""
ENSG00000122432,SPATA1,fbg,grey,-0.0505271930860677,0.277605418363564,3.356e-06,12.2412,2205,0.00744908841329998,TRUE,""
ENSG00000122432,SPATA1,t2d,null,-0.0026593259518983,0.982270691196538,1.942e-05,12.2412,4325,0.00196130897568832,TRUE,""
ENSG00000122481,RWDD3,cad,grey,-0.0418273948687685,0.204563526306674,7.782e-05,36.0793,5564,0.00593109275244286,TRUE,""
ENSG00000122483,CCDC18,t2d,null,0.0459777418672765,0.719109543538825,0.0003562,15.8187,3059,0.00545315366230135,TRUE,""
ENSG00000122483,CCDC18,cad,null,0.0336422501467877,0.707660466654553,0.0001951,15.8187,4427,0.00382548569598714,TRUE,""
ENSG00000122507,BBS9,fbg,null,0.0184519628889135,0.564779052623049,0.0005646,18.3171,1865,0.00473747140468044,TRUE,""
ENSG00000122512,PMS2,cad,grey,0.0708666857044003,0.283033649622269,2.104e-08,18.2401,6680,4.169759939148e-05,TRUE,""
ENSG00000122547,EEPD1,t2d,grey,-0.0540249328467609,0.459299994329581,3.499e-05,24.2068,4275,0.00471922429036406,TRUE,""
ENSG00000122550,KLHL7,cad,null,-0.0214653196625302,0.5811373696666,1.711e-05,26.47,6103,0.00260850379947386,TRUE,""
ENSG00000122550,KLHL7,fbg,null,-0.00067079123945407,0.975070165131246,4.61e-06,26.47,2113,0.00257018489962897,TRUE,""
ENSG00000122557,HERPUD2,fbg,grey,-0.0194094341297809,0.317310507862914,0.001791,28.3585,2106,0.00580193766874395,TRUE,""
ENSG00000122642,FKBP9,t2d,grey,0.0684018223782199,0.200696444157548,0.0001243,27.7958,4484,0.00808829622217026,TRUE,""
ENSG00000122643,NT5C3,cad,grey,-0.0377302291142239,0.358601701069604,3.121e-05,14.1609,5928,0.00374707839540863,TRUE,""
ENSG00000122696,SLC25A51,cad,null,0.0218866867692614,0.759097104142966,0.000298,15.7959,5306,0.00344500928496682,TRUE,""
ENSG00000122862,SRGN,cad,grey,-0.0331310831790512,0.412532886370104,0.0007871,31.5911,6735,0.00454353524922221,TRUE,""
ENSG00000122862,SRGN,t2d,null,0.00730006917504517,0.893386270267644,6.578e-09,31.5911,4495,1.17439420706319e-05,TRUE,""
ENSG00000122882,ECD,cad,null,-0.0302728081009191,0.511460237654821,9.399e-06,38.2634,2770,0.00318086811042723,TRUE,""
ENSG00000122884,P4HA1,t2d,grey,-0.178486028124996,0.435464917804696,2.375e-08,11.85,1988,0.000169104504758258,TRUE,""
ENSG00000122884,P4HA1,fbg,null,0.0575761381048373,0.550497415772856,0.0005477,11.85,840,0.0101539847682524,TRUE,""
ENSG00000123095,BHLHE41,t2d,grey,-0.323786685626477,0.197516386045288,2.974e-09,6.859,4891,2.23250070871679e-05,TRUE,""
ENSG00000123104,ITPR2,cad,null,-0.0154152253023791,0.695241037678214,0.0005807,44.264,6504,0.00453828055538221,TRUE,""
ENSG00000123143,PKN1,fbg,grey,-0.0515801322375582,0.408426019516499,0.0002825,18.4735,1137,0.0119833401371511,TRUE,""
ENSG00000123191,ATP7B,cad,null,0.00126525592999865,0.98165944161275,0.0002025,28.1366,4627,0.00382039606967376,TRUE,""
ENSG00000123213,NLN,cad,null,-0.00556380274054008,0.785062868547559,0.0003551,57.7242,5236,0.00295771394326064,TRUE,""
ENSG00000123240,OPTN,t2d,null,0.0176139870264809,0.630507502249952,1.966e-17,49.7847,4483,2.35571633860474e-13,TRUE,""
ENSG00000123329,ARHGAP9,cad,grey,0.111008619890629,0.109318055409243,4.918e-09,38.4777,3891,0.000170657958801575,TRUE,""
ENSG00000123353,ORMDL2,t2d,grey,0.607891312212423,0.0783771231869336,0.0008094,10.7645,2497,0.0424991543102488,TRUE,""
ENSG00000123405,NFE2,cad,grey,-0.0450591097003296,0.202309241991172,9.28e-13,58.6515,4900,2.31636044303176e-08,TRUE,""
ENSG00000123411,IKZF4,cad,grey,-0.29210874768071,0.109168491596282,4.561e-06,9.9817,3720,0.0158513529946321,TRUE,""
ENSG00000123415,SMUG1,cad,grey,0.033998972426981,0.135901626348589,9.28e-13,43.9722,4856,1.48888696086644e-08,TRUE,""
ENSG00000123485,HJURP,cad,grey,0.162263291402493,0.200298443330043,5.558e-08,7.9933,7064,0.000828765182353615,TRUE,""
ENSG00000123500,COL10A1,t2d,null,0.0784834560060676,0.781345120434464,1.913e-05,16.3044,3857,0.0117615676442061,TRUE,""
ENSG00000123609,NMI,fbg,grey,0.0135288058489986,0.43316699063013,0.00175,38.4048,1908,0.00823187642441628,TRUE,""
ENSG00000123612,ACVR1C,fbg,null,-0.0671421759533962,0.520316800507367,0.001745,10.2065,1516,0.0101151291186806,TRUE,""
ENSG00000123737,EXOSC9,cad,grey,-0.0395892736073354,0.142466754827972,0.0002511,36.2593,6182,0.00770221949684304,TRUE,""
ENSG00000123739,PLA2G12A,t2d,grey,0.137186041944605,0.0607927235305228,0.001011,19.4617,3459,0.0218229620256673,TRUE,""
ENSG00000123739,PLA2G12A,cad,null,0.0128040305814965,0.809261146695181,3.112e-05,19.4617,5312,0.00229322386505433,TRUE,""
ENSG00000123815,ADCK4,t2d,grey,-0.146521145180622,0.375102309107001,0.0003116,12.3259,2549,0.0109235790290907,TRUE,""
ENSG00000123815,ADCK4,cad,null,0.0560227908043555,0.646360896588277,2.362e-17,12.3259,5135,1.79523142139633e-13,TRUE,""
ENSG00000123838,C4BPA,t2d,null,-0.00118163699878138,0.963508208896804,1.213e-07,132.6122,2600,0.000943087116406254,TRUE,""
ENSG00000123908,EIF2C2,fbg,grey,0.0452779134176728,0.259463716493134,0.001645,19.0943,1818,0.0104806421949067,TRUE,""
ENSG00000123908,EIF2C2,t2d,null,0.0546752162024728,0.593802857207703,0.002125,19.0943,2942,0.00659972316343605,TRUE,""
ENSG00000123992,DNPEP,fbg,grey,-0.115665207630325,0.273412340113948,0.0004866,22.2765,1724,0.0193732086714269,TRUE,""
ENSG00000124019,FAM124B,t2d,grey,-0.230317107259222,0.0852123390861435,0.000558,21.909,4335,0.0318712134733955,TRUE,""
ENSG00000124019,FAM124B,cad,grey,0.0737987914105254,0.455726834880248,9.302e-05,21.909,5896,0.00685322482575732,TRUE,""
ENSG00000124103,FAM209A,cad,null,-0.00682613192010393,0.888382767911091,0.001132,18.706,7081,0.00258990042184584,TRUE,""
ENSG00000124181,PLCG1,fbg,null,0.0432287776147459,0.821979274262541,1.853e-05,9.2936,1912,0.0128815179594786,TRUE,""
ENSG00000124203,ZNF831,fbg,null,-0.00544004591158263,0.882225851923449,5.274e-06,23.7424,2189,0.00307635871404563,TRUE,""
ENSG00000124205,EDN3,cad,grey,-0.0290993402860996,0.40790488230962,7.96e-10,29.3063,5633,9.27151120976254e-07,TRUE,""
ENSG00000124214,STAU1,t2d,null,0.0170689577282318,0.890635592744866,1.229e-05,10.9364,4147,0.00290712612894448,TRUE,""
ENSG00000124224,PPP4R1L,fbg,grey,0.162968234555513,0.480646483426545,4.731e-05,6.6792,2224,0.00474283391511119,TRUE,""
ENSG00000124224,PPP4R1L,t2d,null,-0.00243236170978377,0.990026702711924,2.586e-07,6.6792,3687,0.000631257693307234,TRUE,""
ENSG00000124224,PPP4R1L,cad,null,-0.075403213003297,0.586538057936861,7.96e-10,6.6792,6239,7.63499891139354e-07,TRUE,""
ENSG00000124233,SEMG1,t2d,null,-0.0169312782511865,0.777308472565407,2.148e-08,29.3352,3391,4.72734283050667e-05,TRUE,""
ENSG00000124251,TP53TG5,t2d,grey,0.127025323389925,0.40066983868741,0.0002591,10.7366,3207,0.0059578789073439,TRUE,""
ENSG00000124275,MTRR,t2d,null,0.0159985250977437,0.658590180841495,3.667e-05,85.7261,5150,0.0650862323344725,TRUE,""
ENSG00000124279,FASTKD3,fbg,null,-0.0163804014756723,0.535884989067038,0.002162,28.1577,2661,0.00599136115124992,TRUE,""
ENSG00000124299,PEPD,cad,grey,-0.0914460154380197,0.0712985184699752,5.702e-06,19.6218,6479,0.00796215533979912,TRUE,""
ENSG00000124357,NAGK,t2d,null,-0.0102888697362236,0.549813766796396,0.0001434,80.6108,4054,0.00559583314056727,TRUE,""
ENSG00000124370,MCEE,t2d,null,-0.000607934198440491,0.990269941655945,0.0001434,29.2263,4116,0.00370545431117261,TRUE,""
ENSG00000124422,USP22,t2d,null,0.0110980435098853,0.82057605700214,0.003033,32.0752,1432,0.00485126776242669,TRUE,""
ENSG00000124459,ZNF45,t2d,null,-0.0109713154288835,0.980381864972132,0.0009212,4.8667,2388,0.00514360547092104,TRUE,""
ENSG00000124491,F13A1,fbg,grey,0.0184504457130144,0.227862855875692,1.012e-05,42.0938,2772,0.00691347487599642,TRUE,""
ENSG00000124491,F13A1,cad,null,0.00270006522629479,0.921645915309972,1.98e-05,42.0938,7124,0.00260710297181411,TRUE,""
ENSG00000124496,TRERF1,t2d,grey,0.0805551473042339,0.327391542526866,1.848e-05,20.9537,2527,0.00504846840481079,TRUE,""
ENSG00000124535,WRNIP1,cad,grey,-0.13333612837848,0.158588094568376,0.000163,13.24,6421,0.00715119737547899,TRUE,""
ENSG00000124535,WRNIP1,fbg,grey,0.0372100823381805,0.480261302753423,0.0005453,13.24,2256,0.0051535643955286,TRUE,""
ENSG00000124549,BTN2A3P,t2d,null,0.0292709108634115,0.836090649580926,6.758e-06,9.8564,4192,0.00366956134941825,TRUE,""
ENSG00000124564,SLC17A3,cad,null,-0.0161320158024498,0.539192141149036,3.212e-06,37.5397,6596,0.00130993308540817,TRUE,""
ENSG00000124574,ABCC10,t2d,grey,0.116744851866977,0.429120433490312,1.129e-10,10.3666,2331,3.66215777742917e-07,TRUE,""
ENSG00000124608,AARS2,fbg,null,-0.00173507333146764,0.979543663087131,0.0001759,10.239,1829,0.00449921555580045,TRUE,""
ENSG00000124613,ZNF391,t2d,grey,0.0827666665350571,0.0732597959893808,0.002136,31.9958,3533,0.0212216518944697,TRUE,""
ENSG00000124641,MED20,t2d,null,0.0194890150553524,0.797634069055974,0.001808,16.7028,2760,0.00389745166852289,TRUE,""
ENSG00000124657,OR2B6,cad,null,0.151087393147182,0.580687377944649,3.122e-05,6.2733,4869,0.0058066182321364,TRUE,""
ENSG00000124657,OR2B6,fbg,null,0.0755436965735908,0.665134047911044,0.0002114,6.2733,1421,0.00851591400242336,TRUE,""
ENSG00000124688,MAD2L1BP,t2d,grey,-0.0497347530868923,0.0785713695543184,1.129e-10,54.9342,2510,4.15070880421789e-06,TRUE,""
ENSG00000124688,MAD2L1BP,fbg,null,-0.00204389396247503,0.855725415320072,0.0001759,54.9342,1492,0.00441429382281875,TRUE,""
ENSG00000124693,HIST1H3B,cad,null,-0.015821415800579,0.788809283599619,3.212e-06,16.3461,6220,0.00121040508196732,TRUE,""
ENSG00000124743,KLHL31,t2d,null,-0.0989049245249717,0.81950015259175,6.179e-05,6.0253,4400,0.00751901350309936,TRUE,""
ENSG00000124767,GLO1,cad,grey,0.0384287715447685,0.104162558830439,7.631e-12,42.1056,6238,5.36050145619984e-08,TRUE,""
ENSG00000124767,GLO1,fbg,grey,0.0105573548199913,0.419982497240339,1.947e-06,42.1056,2268,0.00242290687687634,TRUE,""
ENSG00000124788,ATXN1,cad,null,0.0213785758280602,0.569054562532767,1.235e-05,34.0215,5750,0.00328903160974335,TRUE,""
ENSG00000124813,RUNX2,t2d,null,0.0113567945796505,0.741649075011745,0.004514,57.4639,4002,0.00459916634937794,TRUE,""
ENSG00000124875,CXCL6,t2d,null,-0.0162819081284084,0.909298000037977,0.002553,9.8138,2945,0.00422350068133818,TRUE,""
ENSG00000124882,EREG,t2d,grey,-0.059931980038889,0.483927304446146,0.001021,18.3384,3464,0.00532233996587111,TRUE,""
ENSG00000124920,MYRF,cad,grey,-0.0388673691137247,0.21129954733371,4.149e-05,24.461,4358,0.00752726734810736,TRUE,""
ENSG00000125257,ABCC4,fbg,grey,0.00872573809566644,0.333173268958951,0.0003656,64.3482,2010,0.00693015617513958,TRUE,""
ENSG00000125266,EFNB2,cad,grey,0.139162345432788,0.389982487998485,0.0003586,6.2675,6072,0.00317965459662404,TRUE,""
ENSG00000125266,EFNB2,fbg,grey,-0.113601914639011,0.196938679952046,0.000475,6.2675,2479,0.00796746604989865,TRUE,""
ENSG00000125304,TM9SF2,cad,grey,-0.105738541923188,0.175333728611229,4.657e-06,17.3379,5812,0.0044505525518263,TRUE,""
ENSG00000125319,C17orf53,t2d,null,-0.00559679947175647,0.954169795975324,0.0002575,15.1354,2622,0.00387924934695341,TRUE,""
ENSG00000125319,C17orf53,cad,null,0.0402969561966466,0.561479628322256,1.616e-06,15.1354,4303,0.000813299232380642,TRUE,""
ENSG00000125319,C17orf53,fbg,null,-0.0145516786265668,0.745181071693432,0.002502,15.1354,1097,0.00510982510028804,TRUE,""
ENSG00000125347,IRF1,cad,null,-0.0687842179880451,0.504985075093846,4.741e-10,9.7631,4093,5.42224686696308e-06,TRUE,""
ENSG00000125347,IRF1,fbg,null,0.0235314429959102,0.702199590874297,0.003274,9.7631,1517,0.00435330682161723,TRUE,""
ENSG00000125375,ATP5S,fbg,grey,0.0176356238234661,0.349538991650093,0.00145,29.2703,1682,0.00559876241069474,TRUE,""
ENSG00000125384,PTGER2,t2d,null,-0.0244966159120892,0.659671341714375,1.514e-05,34.7603,4423,0.00356938405888831,TRUE,""
ENSG00000125386,FAM193A,fbg,null,0.0150161619376452,0.791236045636806,0.003244,10.668,1220,0.00422765651230044,TRUE,""
ENSG00000125434,SLC25A35,fbg,grey,0.0792739772841646,0.444933459371394,0.001727,11.7307,1431,0.0112650963367832,TRUE,""
ENSG00000125447,GGA3,t2d,grey,0.324748077622144,0.215980130951564,0.0005387,7.9762,2423,0.0117615911053739,TRUE,""
ENSG00000125485,DDX31,t2d,null,0.00956917185218959,0.811004442719249,1.354e-05,41.1136,2868,0.00195002005031356,TRUE,""
ENSG00000125538,IL1B,t2d,grey,0.170944769319061,0.311145900875411,0.0005841,8.1239,3290,0.00610828099328703,TRUE,""
ENSG00000125551,PLGLB2,cad,grey,-0.0186405299072459,0.200105868954852,0.008567,28.9768,2069,0.00704805365452635,TRUE,""
ENSG00000125618,PAX8,t2d,null,-0.00264149263413631,0.938684739206775,0.01131,71.314,3457,0.00365636881332777,TRUE,""
ENSG00000125630,POLR1B,t2d,null,0.0175629531228317,0.659531971324839,0.0005841,42.8399,3055,0.00690655854650978,TRUE,""
ENSG00000125633,CCDC93,cad,grey,-0.342584304689625,0.127556299780007,5.021e-05,7.5702,5755,0.0127530016503091,TRUE,""
ENSG00000125637,PSD4,cad,grey,0.0285751866490963,0.292926133201847,1.23e-06,92.8149,4677,0.00674679107912745,TRUE,""
ENSG00000125651,GTF2F1,cad,null,-0.00768926050839159,0.903198689029561,3.244e-05,20.4473,6336,0.00306470012107844,TRUE,""
ENSG00000125652,ALKBH7,cad,null,-0.0282645547338282,0.593354968344187,3.244e-05,14.9632,6375,0.00487329996763177,TRUE,""
ENSG00000125703,ATG4C,fbg,grey,-0.0308669601729683,0.129486728502174,0.005053,27.0863,1936,0.0108186267464624,TRUE,""
ENSG00000125730,C3,fbg,null,0.0204514194377445,0.802587348634153,0.0002912,8.6764,1359,0.00506244525227295,TRUE,""
ENSG00000125731,SH2D3A,fbg,null,-0.0101678981245685,0.886403006367064,0.0002912,8.7529,1359,0.00391616317493021,TRUE,""
ENSG00000125744,RTN2,cad,grey,0.160883273366471,0.0517683657131006,2.135e-35,19.4442,6006,2.23268717287521e-30,TRUE,""
ENSG00000125746,EML2,cad,null,-0.109960083644145,0.593278639087062,2.135e-35,6.902,5977,3.34457299165499e-08,TRUE,""
ENSG00000125755,SYMPK,cad,grey,0.124105060406526,0.1191286115598,2.135e-35,16.9975,5864,1.17922964531189e-30,TRUE,""
ENSG00000125810,CD93,t2d,null,-0.0190263129302576,0.535013974966897,3.343e-08,71.5266,4376,2.55301402781815e-05,TRUE,""
ENSG00000125810,CD93,fbg,null,-0.00766732013607394,0.520316800507367,3.893e-08,71.5266,2505,4.15521037361836e-05,TRUE,""
ENSG00000125827,TMX4,fbg,null,-0.004736652406957,0.838830347775661,0.002241,51.0087,2763,0.00726741313989488,TRUE,""
ENSG00000125843,AP5S1,cad,grey,0.133180154626894,0.15742265908958,2.117e-05,8.9642,6562,0.00566423884472307,TRUE,""
ENSG00000125846,ZNF133,t2d,grey,-0.157993910249644,0.445531029601004,0.0008121,8.2935,4545,0.00565535736863478,TRUE,""
ENSG00000125846,ZNF133,fbg,null,-0.0170804227296912,0.833256914830536,0.0004915,8.2935,2329,0.00464673584798313,TRUE,""
ENSG00000125863,MKKS,cad,grey,-0.0273411591002022,0.116655974077511,9.823e-07,59.3542,6315,0.00264914508673608,TRUE,""
ENSG00000125863,MKKS,t2d,null,0.0120180919121768,0.612625628038938,8.22e-05,59.3542,4520,0.00454271885963556,TRUE,""
ENSG00000125870,SNRPB2,fbg,null,0.01776116350213,0.810330256604408,8.36e-05,34.2707,3147,0.0172006678333788,TRUE,""
ENSG00000125871,MGME1,cad,null,-0.000691646650258414,0.973408772365816,2.662e-07,73.1465,6994,0.000532479229438868,TRUE,""
ENSG00000125910,S1PR4,cad,grey,0.0755655531934898,0.419982497240339,0.0001482,10.2466,5930,0.00377648117613248,TRUE,""
ENSG00000125910,S1PR4,fbg,null,0.015113110638698,0.775096962195985,0.0019,10.2466,1138,0.00472914654018362,TRUE,""
ENSG00000125945,ZNF436,fbg,null,-0.00400366124920153,0.954431397113681,0.005674,8.8615,1288,0.00422092714071476,TRUE,""
ENSG00000126005,MMP24-AS1,t2d,grey,-0.0591176920039458,0.261671589062945,0.0001777,27.8079,2585,0.00744261105510809,TRUE,""
ENSG00000126106,TMEM53,t2d,null,-0.0705330896743072,0.625904042835775,0.0007634,9.824,2635,0.0042155390747755,TRUE,""
ENSG00000126107,HECTD3,cad,null,-0.0748065728010436,0.638873980860195,7.517e-05,11.2939,4153,0.0184986984874826,TRUE,""
ENSG00000126215,XRCC3,fbg,grey,0.0263457018769853,0.199824657332384,0.0005919,31.4796,1287,0.0104994570952314,TRUE,""
ENSG00000126226,PCID2,fbg,null,0.015178762076028,0.756923103409378,0.001169,13.9708,1481,0.00508113198713454,TRUE,""
ENSG00000126243,LRFN3,t2d,grey,0.097171802108031,0.477078550684046,1.012e-05,23.5148,2497,0.00594163170427184,TRUE,""
ENSG00000126247,CAPNS1,cad,grey,0.0778196180862903,0.0846829459575784,4.085e-05,22.7213,5142,0.0081440630865361,TRUE,""
ENSG00000126249,PDCD2L,t2d,null,0.0851433307229482,0.702874337245814,5.137e-08,13.6275,3342,0.000417642738125475,TRUE,""
ENSG00000126251,GPR42,fbg,grey,0.027618162261562,0.116083133738655,0.007285,13.6192,1305,0.0140166846076327,TRUE,""
ENSG00000126264,HCST,cad,grey,0.265017514250499,0.299393050175467,4.085e-05,8.7755,5052,0.0183145597532339,TRUE,""
ENSG00000126267,COX6B1,cad,grey,-0.0498294464256956,0.0646808438473685,4.085e-05,45.5377,5218,0.0358481202911251,TRUE,""
ENSG00000126337,KRT36,t2d,null,0.038155990132802,0.659531971324839,2.278e-09,10.2196,2595,1.29070011229281e-06,TRUE,""
ENSG00000126432,PRDX5,t2d,grey,0.0165961926712208,0.47992573210247,2.221e-06,82.5826,1627,0.00277755471839359,TRUE,""
ENSG00000126458,RRAS,cad,null,-0.0945825900179442,0.588518882160993,9.641e-06,5.9191,5029,0.00284864783312358,TRUE,""
ENSG00000126500,FLRT1,cad,grey,-0.277416997055681,0.0536285791274191,0.0003938,6.3866,3808,0.019300507531469,TRUE,""
ENSG00000126500,FLRT1,fbg,null,-0.0504394540101238,0.518822668670191,0.004269,6.3866,1000,0.00458574314080355,TRUE,""
ENSG00000126561,STAT5A,t2d,grey,0.166296319433432,0.126162397742482,2.278e-09,16.6086,2170,2.65769703254055e-06,TRUE,""
ENSG00000126749,EMG1,fbg,null,-0.0191887885729686,0.590258451314772,0.003216,25.9735,1455,0.00702073610029336,TRUE,""
ENSG00000126773,PCNXL4,t2d,grey,-0.065111799342709,0.218142838596344,0.0001577,32.603,3021,0.0104105776841184,TRUE,""
ENSG00000126773,PCNXL4,cad,null,0.011259935224679,0.75594445062856,0.0001948,32.603,4261,0.00351345837216371,TRUE,""
ENSG00000126773,PCNXL4,fbg,null,-0.013218184828971,0.530064880329334,0.002871,32.603,1507,0.00638391266820113,TRUE,""
ENSG00000126775,ATG14,cad,null,0.031592615218257,0.831716977781815,0.001529,9.4834,5819,0.00372107244699142,TRUE,""
ENSG00000126787,DLGAP5,t2d,null,-0.0333629190387174,0.848935998880548,0.003198,7.7617,3525,0.00405128855407613,TRUE,""
ENSG00000126804,ZBTB1,cad,grey,-0.138276221948247,0.3439300383019,0.001687,6.6697,5326,0.00371847344784322,TRUE,""
ENSG00000126804,ZBTB1,t2d,null,-0.0965324568317951,0.635243943301168,0.0008055,6.6697,3814,0.00396535241787087,TRUE,""
ENSG00000126822,PLEKHG3,fbg,grey,-0.015442851057317,0.404656761927286,0.003377,41.8025,1683,0.00645332038003029,TRUE,""
ENSG00000127054,CPSF3L,cad,grey,-0.0852726783108345,0.383448660462883,1.326e-08,16.0558,2580,4.01963116315618e-05,TRUE,""
ENSG00000127191,TRAF2,fbg,null,0.00797215631261746,0.797068494359122,0.0004699,19.856,908,0.00388542113161134,TRUE,""
ENSG00000127249,ATP13A4,cad,null,0.00866648000317839,0.775096962195985,0.0002622,30.1156,6185,0.00269743571612486,TRUE,""
ENSG00000127249,ATP13A4,fbg,null,-0.000541655000198649,0.974266251454282,0.001544,30.1156,1231,0.00377340770931755,TRUE,""
ENSG00000127325,BEST3,cad,null,-0.115387467599454,0.508795560548104,3.856e-05,5.5279,6632,0.00368131672518287,TRUE,""
ENSG00000127328,RAB3IP,cad,grey,-0.0437786885033695,0.113345509219526,3.856e-05,38.6261,6713,0.00634225150520033,TRUE,""
ENSG00000127334,DYRK2,t2d,grey,0.163548832754615,0.480730455393132,1.555e-05,5.9822,4146,0.00390699276131258,TRUE,""
ENSG00000127334,DYRK2,fbg,null,-0.062445917960853,0.511663282695868,0.002753,5.9822,2453,0.00465234667329065,TRUE,""
ENSG00000127377,CRYGN,t2d,grey,0.0656704913091958,0.219103428389608,6.489e-05,27.0419,2915,0.00794620657631142,TRUE,""
ENSG00000127377,CRYGN,fbg,grey,-0.0437803275394639,0.105437017780125,0.0003701,27.0419,1671,0.019439975253271,TRUE,""
ENSG00000127412,TRPV5,fbg,null,0.00237449350483619,0.848935998880548,0.002478,31.3891,1224,0.00514660664031743,TRUE,""
ENSG00000127452,FBXL12,cad,null,-0.013853374523725,0.887992336880331,5.918e-14,12.8245,5694,2.1163748747358e-10,TRUE,""
ENSG00000127481,UBR4,t2d,grey,0.217397592684847,0.0543482371568762,0.0001479,12.4454,4145,0.0214119701264391,TRUE,""
ENSG00000127481,UBR4,cad,grey,0.125861764185964,0.116083133738655,0.0001008,12.4454,6944,0.00786225385687879,TRUE,""
ENSG00000127483,HP1BP3,t2d,grey,-0.317588796922461,0.0982849162384259,2.273e-06,11.4897,3778,0.0155203766864186,TRUE,""
ENSG00000127507,EMR2,cad,null,-0.0119643254520495,0.642082757538705,0.0008763,94.5597,5972,0.00347178210820122,TRUE,""
ENSG00000127511,SIN3B,cad,null,-0.000622613843134915,0.993513205113023,1.438e-13,27.8547,6288,1.38819335935963e-10,TRUE,""
ENSG00000127528,KLF2,cad,grey,-0.0874935540428178,0.359317338329571,1.093e-07,11.039,6477,0.00078068631425515,TRUE,""
ENSG00000127533,F2RL3,t2d,null,-0.0359482879621772,0.713552924831084,0.0007279,14.2916,2244,0.00408807140018236,TRUE,""
ENSG00000127554,GFER,fbg,null,-0.021835877531221,0.827903407296463,0.003639,9.93,1098,0.00537297484708263,TRUE,""
ENSG00000127688,GAN,cad,null,-0.0895875812385717,0.622339550672908,9.363e-13,5.4823,8926,0.00146692259527817,TRUE,""
ENSG00000127720,METTL25,t2d,grey,0.113845359747783,0.174933223351695,0.0001608,23.9889,4309,0.0120742790504604,TRUE,""
ENSG00000127720,METTL25,cad,null,-0.034299563513755,0.580303690461236,2.25e-05,23.9889,5806,0.00311871746015979,TRUE,""
ENSG00000127804,METTL16,t2d,grey,-0.124136726854515,0.278660494899244,0.0005652,11.7464,2497,0.00701741760527986,TRUE,""
ENSG00000127804,METTL16,fbg,grey,0.0518373145106765,0.263717761833697,0.003633,11.7464,1525,0.00742730918322766,TRUE,""
ENSG00000127824,TUBA4A,cad,grey,0.333399944189893,0.121273450193018,3.778e-05,7.1811,4545,0.015984457650319,TRUE,""
ENSG00000127831,VIL1,fbg,null,-0.00048413688536238,0.975070165131246,0.001446,24.663,1357,0.00385864334610233,TRUE,""
ENSG00000127837,AAMP,fbg,grey,-0.041782461804836,0.383771766671715,0.001446,11.5008,1459,0.00777383688570966,TRUE,""
ENSG00000127903,ZNF835,fbg,null,-0.00832250317510652,0.813980460416918,0.001451,15.5666,1917,0.00412776684983111,TRUE,""
ENSG00000127920,GNG11,fbg,null,-0.0109566715365905,0.88135342328068,0.01089,16.2163,1632,0.00814577090619059,TRUE,""
ENSG00000127989,MTERF,t2d,null,-0.158981624089498,0.624428772569,0.001512,4.7693,2487,0.00469894033546193,TRUE,""
ENSG00000127993,RBM48,t2d,null,0.123258134848401,0.811177038513503,0.001512,8.3813,2461,0.0141821457336036,TRUE,""
ENSG00000128011,LRFN1,fbg,grey,-0.0443042804523249,0.458850651929467,0.0004863,12.7634,1271,0.00833233859288355,TRUE,""
ENSG00000128059,PPAT,fbg,null,0.0135979272817932,0.561479628322256,2.384e-05,12.6885,1825,0.00391348497336615,TRUE,""
ENSG00000128253,RFPL2,fbg,grey,0.0411047922428896,0.141900610277981,0.001084,20.2146,2089,0.00964963286885524,TRUE,""
ENSG00000128271,ADORA2A,t2d,grey,-0.0906872015133001,0.259919135247011,0.0009148,17.3032,2450,0.00703476917554063,TRUE,""
ENSG00000128271,ADORA2A,fbg,grey,-0.0346445488927214,0.272740113942454,0.001004,17.3032,1509,0.0065838843934401,TRUE,""
ENSG00000128274,A4GALT,t2d,null,0.011414959023038,0.829467463683656,3.538e-05,50.2951,3366,0.0041268364835548,TRUE,""
ENSG00000128283,CDC42EP1,fbg,grey,-0.00934364338943896,0.444446702634924,0.0002161,60.5623,1726,0.00376669260606294,TRUE,""
ENSG00000128285,MCHR1,t2d,grey,-0.0532861374084887,0.196655399272775,9.51e-07,33.0984,2052,0.00128315225247737,TRUE,""
ENSG00000128294,TPST2,t2d,grey,-0.125813019380361,0.076855371351919,0.0002066,19.5088,4892,0.0152152383400258,TRUE,""
ENSG00000128309,MPST,fbg,grey,0.0864683532346746,0.246906995624742,0.003134,9.0105,2021,0.0104423374485456,TRUE,""
ENSG00000128340,RAC2,fbg,null,-0.0024230544098229,0.906347316282193,0.004622,29.3844,1892,0.00409888830407392,TRUE,""
ENSG00000128346,C22orf23,cad,grey,0.131478356557651,0.494396235653322,0.000155,5.038,5128,0.00376741377435625,TRUE,""
ENSG00000128346,C22orf23,t2d,null,-0.147512302479315,0.579430435989424,0.000251,5.038,2442,0.00490450089576294,TRUE,""
ENSG00000128438,TBC1D27,t2d,null,0.00160137661524578,0.992021287370737,1.718e-09,9.3659,2672,1.80739976255017e-05,TRUE,""
ENSG00000128482,RNF112,t2d,grey,-0.0633416644987983,0.192887899937645,0.01504,34.2365,1431,0.00907633189866139,TRUE,""
ENSG00000128482,RNF112,cad,grey,0.0592877979708752,0.0853255698048197,0.006574,34.2365,2728,0.0110842938101652,TRUE,""
ENSG00000128487,SPECC1,t2d,grey,-0.0514311392634727,0.458463485620218,0.003033,24.2339,1638,0.00713037021538187,TRUE,""
ENSG00000128512,DOCK4,cad,grey,-0.327044952347339,0.118529505761068,7.491e-05,6.5686,4326,0.0107755765438044,TRUE,""
ENSG00000128524,ATP6V1F,cad,grey,-0.194861615098415,0.35183572722835,6.585e-05,4.9635,5261,0.00744470180945347,TRUE,""
ENSG00000128563,PRKRIP1,fbg,grey,-0.0241939778687291,0.3967400955726,0.0004295,33.4277,946,0.00996437892321589,TRUE,""
ENSG00000128585,MKLN1,t2d,grey,0.287044194663731,0.223243461130903,6.977e-14,5.8908,3359,8.53188058498766e-06,TRUE,""
ENSG00000128596,CCDC136,cad,grey,0.0999467402119657,0.118001235852094,6.585e-05,24.2209,5223,0.013008926107479,TRUE,""
ENSG00000128641,MYO1B,cad,null,-0.0163993323604958,0.867632334778193,0.0004439,10.7976,4124,0.00294823007774996,TRUE,""
ENSG00000128641,MYO1B,fbg,null,-0.00163993323604958,0.97582537985171,0.007458,10.7976,1621,0.00479504509015547,TRUE,""
ENSG00000128683,GAD1,cad,null,-0.0680484030783665,0.595140952124682,4.288e-06,26.1173,5918,0.00551560966979912,TRUE,""
ENSG00000128694,OSGEPL1,fbg,null,-0.129003386260239,0.645516220500695,0.0008156,5.4329,1611,0.0185046733499793,TRUE,""
ENSG00000128731,HERC2,t2d,grey,-0.0747864573560124,0.0703295059281287,0.003019,76.2449,2207,0.0436881600978878,TRUE,""
ENSG00000128739,SNRPN,fbg,grey,-0.0970955877440402,0.272740113942454,0.002054,5.3017,2197,0.00701206349806474,TRUE,""
ENSG00000128815,WDFY4,t2d,null,0.0191500285440018,0.668889241975682,0.0006684,57.6294,3569,0.0077009190932166,TRUE,""
ENSG00000128815,WDFY4,fbg,null,0.00140809033411778,0.932463513418651,0.007371,57.6294,1985,0.00711000240820977,TRUE,""
ENSG00000128829,EIF2AK4,t2d,grey,-0.0806808324411344,0.142007972959867,5.42e-07,25.5922,3335,0.00258117996746811,TRUE,""
ENSG00000128872,TMOD2,t2d,grey,-0.0368939770514646,0.0742921202246992,3.891e-07,69.3592,3412,0.00427919363225407,TRUE,""
ENSG00000128881,TTBK2,t2d,null,0.0161859583098444,0.898222589757693,2.605e-05,12.0228,2305,0.00323836999597797,TRUE,""
ENSG00000128915,NARG2,cad,grey,0.0334562253709035,0.223902567922775,0.0001029,62.3792,5840,0.00289890440389687,TRUE,""
ENSG00000128923,FAM63B,fbg,grey,0.0181937246613921,0.349538991650093,0.000931,28.3155,2207,0.00571858896958173,TRUE,""
ENSG00000128923,FAM63B,t2d,null,0.0207032039250324,0.68370878740079,4.76e-06,28.3155,4252,0.00187441174566443,TRUE,""
ENSG00000128944,KNSTRN,t2d,null,0.0112614050283191,0.626131140669092,3.188e-05,81.8772,3025,0.002964422208401,TRUE,""
ENSG00000128951,DUT,t2d,null,-0.0128223598905057,0.845827892312863,0.002468,29.1522,3020,0.00517465320261093,TRUE,""
ENSG00000128973,CLN6,t2d,null,0.010570576414771,0.551885778312856,4.132e-05,81.9616,2792,0.00349163569306913,TRUE,""
ENSG00000128989,ARPP19,cad,null,0.00185926679188017,0.964152088625309,1.106e-05,36.3756,5673,0.00364248177235354,TRUE,""
ENSG00000129116,PALLD,cad,grey,-0.145176397824895,0.158808288628619,3.092e-08,11.4025,5489,0.000220186721969071,TRUE,""
ENSG00000129226,CD68,fbg,null,0.010868065565413,0.702199590874297,0.001727,21.2187,1309,0.00427941185617247,TRUE,""
ENSG00000129244,ATP1B2,t2d,grey,0.125810515964476,0.125193745581814,0.0007091,26.0328,2141,0.0171949877355509,TRUE,""
ENSG00000129270,MMP28,t2d,grey,0.24667014722446,0.104940620541446,0.0002127,12.009,2478,0.017460379123967,TRUE,""
ENSG00000129270,MMP28,fbg,grey,0.0590826699938825,0.363302140886898,0.001691,12.009,1236,0.00786712492853199,TRUE,""
ENSG00000129277,CCL4,fbg,null,-0.0050045124640533,0.745692505957826,0.001691,28.6298,1317,0.00473699498874434,TRUE,""
ENSG00000129347,KRI1,fbg,null,-0.000646393046810014,0.979005461093967,0.0007317,23.0037,985,0.00923696069255417,TRUE,""
ENSG00000129422,MTUS1,t2d,null,0.00864548452843349,0.824972644890565,7.963e-05,55.6631,7342,0.0118165776435327,TRUE,""
ENSG00000129437,KLK14,fbg,grey,-0.0673666601961213,0.465555404903429,0.001116,7.0406,1866,0.00555261866954141,TRUE,""
ENSG00000129465,RIPK3,fbg,grey,-0.14063928047278,0.114348129742201,0.005151,11.2554,2184,0.0238392644840034,TRUE,""
ENSG00000129467,ADCY4,t2d,grey,-0.613356394473382,0.0939342316614916,6.384e-05,7.7106,3824,0.0235323172538388,TRUE,""
ENSG00000129467,ADCY4,fbg,grey,0.139607239040583,0.332917547895039,0.005151,7.7106,2187,0.0117472397022567,TRUE,""
ENSG00000129515,SNX6,t2d,null,0.00180701641961847,0.960122388323255,0.001695,47.8693,3951,0.00441573981756004,TRUE,""
ENSG00000129559,NEDD8,cad,null,-0.0459016440944524,0.810330256604408,0.0002795,14.64,5612,0.00408029353255263,TRUE,""
ENSG00000129562,DAD1,cad,null,0.0152088541972931,0.682831652206915,0.0001667,44.2799,6819,0.00299720490095282,TRUE,""
ENSG00000129596,CDO1,cad,grey,0.0256967380994602,0.41325337549364,0.001047,67.3942,7146,0.00472273950992119,TRUE,""
ENSG00000129657,SEC14L1,cad,grey,-0.0741534945193745,0.160465178051431,3.002e-06,18.9628,6731,0.00388257970041678,TRUE,""
ENSG00000129667,RHBDF2,fbg,grey,-0.0529817544627463,0.267815129705963,0.000889,11.4462,1565,0.00830670259050329,TRUE,""
ENSG00000129673,AANAT,cad,null,0.00994977668994848,0.815502576593791,3.002e-06,21.5088,6125,0.000855470171349646,TRUE,""
ENSG00000129749,CHRNA10,cad,null,0.0506156864686166,0.598668814257765,3.436e-05,10.5144,6119,0.0029016402801996,TRUE,""
ENSG00000129757,CDKN1C,fbg,grey,0.0572571743868243,0.292509878183885,1.615e-05,8.3415,1686,0.00654106407505789,TRUE,""
ENSG00000129990,SYT5,t2d,grey,0.133897716179052,0.472481961332033,0.001376,9.434,1541,0.00637372525906071,TRUE,""
ENSG00000130005,GAMT,fbg,grey,-0.0633832123135279,0.475050524053953,0.003687,22.311,1005,0.0182416816029541,TRUE,""
ENSG00000130038,EFCAB4B,t2d,grey,-0.101259806130619,0.126490221855965,2.087e-10,23.7448,3523,5.08722365043603e-06,TRUE,""
ENSG00000130147,SH3BP4,t2d,grey,0.339514483884129,0.0833659249738315,0.0002874,9.804,4137,0.0222391858861117,TRUE,""
ENSG00000130147,SH3BP4,cad,null,0.0871481028151775,0.548506235500147,5.558e-08,9.804,7170,0.000587013925162973,TRUE,""
ENSG00000130165,ELOF1,fbg,null,0.0166162816581814,0.588048156696901,0.0007317,27.8522,1074,0.00662975661550986,TRUE,""
ENSG00000130222,GADD45G,t2d,null,0.00344219795223983,0.969319696640591,0.002227,10.4082,3973,0.00385386192507528,TRUE,""
ENSG00000130227,XPO7,t2d,null,0.0432480372330733,0.644412333769812,0.000886,14.7665,3181,0.00427620753015065,TRUE,""
ENSG00000130270,ATP8B3,fbg,grey,0.0602103270468056,0.0701701422784365,0.003687,16.9433,1029,0.0200779849775591,TRUE,""
ENSG00000130270,ATP8B3,cad,null,-0.0053919695862811,0.922905718287002,6.73e-06,16.9433,5419,0.00219856989524788,TRUE,""
ENSG00000130311,DDA1,cad,grey,0.0546302373762921,0.317310507862914,1.438e-13,12.4604,5859,1.06174496482225e-10,TRUE,""
ENSG00000130313,PGLS,cad,null,-0.0181127634050712,0.812779285408195,1.438e-13,15.3473,5948,8.24192633347631e-11,TRUE,""
ENSG00000130332,LSM7,cad,grey,0.0271146292895668,0.0933537167952516,6.73e-06,46.7564,5601,0.00354648360445537,TRUE,""
ENSG00000130338,TULP4,cad,grey,0.0488792692322238,0.317310507862914,1.326e-08,22.7448,7044,3.72131782771717e-05,TRUE,""
ENSG00000130382,MLLT1,t2d,grey,-0.187998668304499,0.322542155546151,0.0002789,8.7107,1719,0.00924786433074468,TRUE,""
ENSG00000130475,FCHO1,t2d,null,0.00935907430618853,0.804581123305239,0.0007279,30.6191,1235,0.00473304022064571,TRUE,""
ENSG00000130489,SCO2,fbg,null,0.00410044885973162,0.75831647352629,0.0007649,55.5089,813,0.00496661260774168,TRUE,""
ENSG00000130513,GDF15,fbg,grey,0.0210148674697358,0.494653079736033,0.0007539,20.7374,1052,0.00587766308795704,TRUE,""
ENSG00000130590,SAMD10,cad,null,-0.0125386105333603,0.651229508747158,5.562e-07,45.1832,4400,0.00104591014790723,TRUE,""
ENSG00000130638,ATXN10,fbg,null,0.0166019860364059,0.581619684639375,0.003041,28.8495,2074,0.00604390105730351,TRUE,""
ENSG00000130699,TAF4,cad,null,-0.0401175734754894,0.65271044057584,4.23e-06,11.9404,7208,0.001626183544338,TRUE,""
ENSG00000130702,LAMA5,fbg,grey,0.0840104798269712,0.118170245865335,0.0005701,31.4211,1946,0.0349329354574393,TRUE,""
ENSG00000130703,OSBPL2,fbg,grey,-0.0484283539909919,0.346973356970029,0.0005701,28.8053,2013,0.0145070492707766,TRUE,""
ENSG00000130723,PRRC2B,t2d,grey,0.112635685778064,0.430020468880823,1.354e-05,16.7704,2494,0.00511247925786758,TRUE,""
ENSG00000130723,PRRC2B,fbg,null,0.0146168447192907,0.793677293317389,0.002089,16.7704,1731,0.00854198735616765,TRUE,""
ENSG00000130724,CHMP2A,cad,grey,-0.195842883923377,0.156216911714423,0.0005571,8.6342,2594,0.00814704102813728,TRUE,""
ENSG00000130724,CHMP2A,fbg,grey,0.0927676818584417,0.236329736314398,0.007224,8.6342,676,0.0140476195293145,TRUE,""
ENSG00000130725,UBE2M,cad,grey,-0.100274261793061,0.156216911714423,0.0005571,10.1571,2566,0.00831874756422412,TRUE,""
ENSG00000130725,UBE2M,fbg,grey,0.047498334533555,0.236329736314398,0.007224,10.1571,674,0.0109138640398799,TRUE,""
ENSG00000130731,C16orf13,cad,grey,0.0185236451550922,0.482995690247368,1.83e-07,50.7608,4796,0.000328151147353319,TRUE,""
ENSG00000130734,ATG4D,cad,grey,-0.220335225849803,0.0793643945944879,1.931e-36,7.466,5118,1.50844138644828e-10,TRUE,""
ENSG00000130768,SMPDL3B,t2d,null,0.018644502752159,0.802587348634153,7.602e-06,19.0941,1722,0.00275363236189925,TRUE,""
ENSG00000130770,ATPIF1,fbg,grey,-0.0196378446714232,0.289680155734686,1.967e-05,32.5716,872,0.0072539797077947,TRUE,""
ENSG00000130775,THEMIS2,cad,grey,0.0266184765017346,0.264136875256031,1.852e-06,40.9427,3577,0.00127385911554853,TRUE,""
ENSG00000130844,ZNF331,fbg,grey,0.0152754304339385,0.366406064176293,0.001442,32.4572,1731,0.00493398354024186,TRUE,""
ENSG00000130876,SLC7A10,t2d,grey,0.269619441434668,0.140719145281057,5.137e-08,9.0446,3885,0.000486395574419895,TRUE,""
ENSG00000130939,UBE4B,fbg,grey,-0.0916397078769042,0.317310507862914,0.005201,24.9617,1127,0.0181881396848363,TRUE,""
ENSG00000130948,HSD17B3,cad,grey,0.139657372094451,0.0679411680278089,0.0004467,14.6573,4502,0.0146709501854924,TRUE,""
ENSG00000131013,PPIL4,t2d,null,-0.0904861176115946,0.581358219650341,4.745e-05,5.2236,4307,0.00545135277726575,TRUE,""
ENSG00000131018,SYNE1,t2d,grey,-0.373976020444238,0.0754403596268005,3.188e-07,9.9001,4929,0.00289634562677648,TRUE,""
ENSG00000131018,SYNE1,fbg,null,-0.00539388491025343,0.94800091434817,2.841e-06,9.9001,2530,0.00169299208432469,TRUE,""
ENSG00000131043,AAR2,cad,grey,-0.0934454786234533,0.106765534268082,2.537e-07,39.4377,3137,0.00429778176872982,TRUE,""
ENSG00000131044,TTLL9,t2d,null,-0.0529477539072642,0.643722802327308,0.0003358,10.8472,2373,0.00372258451303621,TRUE,""
ENSG00000131044,TTLL9,cad,null,0.00715510187936003,0.931301948464218,6.547e-05,10.8472,3448,0.00249756862186097,TRUE,""
ENSG00000131051,RBM39,fbg,null,0.00275456096418884,0.958025455470674,0.007627,12.8803,988,0.00715181769359179,TRUE,""
ENSG00000131067,GGT7,cad,null,-0.00282590542903544,0.945017067376838,6.84e-12,25.1493,3579,4.58405861650809e-08,TRUE,""
ENSG00000131095,GFAP,cad,null,0.0303401228996706,0.814693865294245,0.0001836,8.5827,3416,0.00440582796494611,TRUE,""
ENSG00000131100,ATP6V1E1,cad,null,0.0182523888133351,0.584607758753132,0.0005369,44.5773,5611,0.00521943763830399,TRUE,""
ENSG00000131115,ZNF227,t2d,null,0.0407899547729822,0.723016370575763,0.0009212,12.1965,2630,0.00412052758037408,TRUE,""
ENSG00000131142,CCL25,t2d,null,0.00543742196997794,0.98030114827788,0.0002789,6.2737,1840,0.00403980998562082,TRUE,""
ENSG00000131165,CHMP1A,cad,grey,-0.0600438336569996,0.195291954924253,6.449e-05,20.1994,5218,0.00541090677796999,TRUE,""
ENSG00000131236,CAP1,fbg,grey,-0.0211864651046744,0.391365938307552,0.0002863,16.9074,1351,0.00579202719498731,TRUE,""
ENSG00000131236,CAP1,t2d,null,-0.0225988961116527,0.719183260164793,7.658e-14,16.9074,3097,1.54853571379433e-10,TRUE,""
ENSG00000131238,PPT1,t2d,grey,0.0391795288184755,0.498601565113622,7.658e-14,117.1236,3126,2.13514616764647e-10,TRUE,""
ENSG00000131351,HAUS8,fbg,null,0.00189413392291494,0.909011306646051,0.001792,34.1985,1184,0.00354979507423524,TRUE,""
ENSG00000131378,RFTN1,t2d,null,-0.0389892649027024,0.568935288733455,3.577e-07,20.5055,4127,0.000222114067571349,TRUE,""
ENSG00000131381,ZFYVE20,t2d,grey,-0.134204440955732,0.474121353102787,3.577e-07,16.9831,3635,0.000546740188588516,TRUE,""
ENSG00000131504,DIAPH1,t2d,null,0.124126474735001,0.610912097082934,2.81e-05,8.2735,3596,0.00537365590515599,TRUE,""
ENSG00000131507,NDFIP1,fbg,null,0.00825608438963948,0.651547872829126,2.23e-05,30.1838,1974,0.00297898567579734,TRUE,""
ENSG00000131626,PPFIA1,t2d,null,0.00634361119300712,0.788474038011842,0.0006526,62.3899,3225,0.00384740821170659,TRUE,""
ENSG00000131634,TMEM204,t2d,null,-0.01530299535689,0.504985075093846,0.008967,102.5586,1601,0.00597339054179816,TRUE,""
ENSG00000131650,KREMEN2,fbg,grey,-0.085469228134754,0.331753366775936,0.0004271,6.8494,948,0.00637065755523627,TRUE,""
ENSG00000131686,CA6,fbg,null,-0.00502477571053534,0.876876835728897,0.0002507,39.4979,1215,0.00928707256996169,TRUE,""
ENSG00000131697,NPHP4,t2d,null,-0.000450680530628107,0.990026702711924,2.626e-06,39.9085,3252,0.0025411668753365,TRUE,""
ENSG00000131711,MAP1B,cad,grey,0.184974706489488,0.186156863266151,0.001017,7.4805,4052,0.00692604143954865,TRUE,""
ENSG00000131711,MAP1B,fbg,grey,0.135173823973088,0.0748716187250425,0.0005509,7.4805,1418,0.0250019196580129,TRUE,""
ENSG00000131730,CKMT2,fbg,grey,0.0416606713930786,0.406432114846317,0.00278,18.3132,1720,0.0120630722505898,TRUE,""
ENSG00000131759,RARA,fbg,grey,-0.102971904194512,0.136516629910147,0.0007864,11.5818,1155,0.0150298540888224,TRUE,""
ENSG00000131759,RARA,t2d,null,0.0599388696057608,0.736714852620417,3.807e-06,11.5818,2678,0.000878571708934211,TRUE,""
ENSG00000131773,KHDRBS3,cad,grey,-0.230259327363404,0.477614268257678,0.0008773,9.9976,5998,0.0116262475099769,TRUE,""
ENSG00000131845,ZNF304,t2d,grey,-0.0645894365609653,0.449760749581585,0.0006306,17.5571,3426,0.00540629992686865,TRUE,""
ENSG00000131848,ZSCAN5A,cad,null,0.0904718887734349,0.87328854108864,4.205e-06,6.4347,6763,0.00843188542138251,TRUE,""
ENSG00000131849,ZNF132,cad,grey,0.0538678499184968,0.0610353288084098,0.0005571,61.5824,2996,0.00282176369885593,TRUE,""
ENSG00000131849,ZNF132,fbg,null,0.00283514999571036,0.853848301985592,0.001716,61.5824,777,0.00390681525679114,TRUE,""
ENSG00000131876,SNRPA1,t2d,grey,0.149716099762642,0.323176251095116,0.004395,6.5411,2612,0.00624440626143563,TRUE,""
ENSG00000131885,KRT17P1,cad,grey,0.0953962313337885,0.243758340808158,9.507e-10,14.3125,4285,2.6363048835101e-05,TRUE,""
ENSG00000131941,RHPN2,cad,null,-0.00703702238094578,0.915053427839804,5.702e-06,20.0217,6572,0.00216603224500505,TRUE,""
ENSG00000131944,C19orf40,t2d,grey,-0.0225316230624233,0.435938618025932,5.137e-08,52.751,3920,0.000218992991309308,TRUE,""
ENSG00000131944,C19orf40,cad,null,0.0060532718675167,0.767931264799907,5.702e-06,52.751,6670,0.00182994852768398,TRUE,""
ENSG00000131966,ACTR10,fbg,null,0.000749259445141294,0.985493807229077,0.002222,28.6201,2112,0.0130442183539278,TRUE,""
ENSG00000131981,LGALS3,fbg,grey,0.226243424210712,0.0809057780917596,0.0004523,7.4266,1911,0.0279801418828919,TRUE,""
ENSG00000132000,PODNL1,cad,null,-0.0320479516372968,0.877731041501716,3.849e-05,4.6932,5218,0.00385151371320916,TRUE,""
ENSG00000132109,TRIM21,cad,null,-0.0122133785773098,0.889260100828208,0.0007213,16.0316,7146,0.00363157660060324,TRUE,""
ENSG00000132141,CCT6B,t2d,grey,-0.0555177907851857,0.287649942213577,0.0004728,18.0685,3661,0.00732062451274991,TRUE,""
ENSG00000132199,ENOSF1,t2d,null,-0.0114325882730511,0.699835770418181,5.831e-05,52.0194,3163,0.00263113586166821,TRUE,""
ENSG00000132204,LINC00470,fbg,grey,-0.115656734879418,0.172682041418748,0.0003397,6.0906,2324,0.0108774263270979,TRUE,""
ENSG00000132259,CNGA4,cad,null,0.0028738655974601,0.988547504846005,5.609e-13,14.4559,7596,8.57975025293356e-09,TRUE,""
ENSG00000132275,RRP8,t2d,null,-0.00118785519197557,0.980775726406318,0.001326,29.8686,5192,0.00380780766644091,TRUE,""
ENSG00000132305,IMMT,t2d,grey,-0.0497401802163545,0.0855211490112153,0.0006453,72.3294,3325,0.0538075409116779,TRUE,""
ENSG00000132321,IQCA1,t2d,null,-0.107728033925513,0.749613576677174,0.0002874,4.7776,3430,0.00413490070436718,TRUE,""
ENSG00000132323,ILKAP,fbg,grey,-0.053405567318526,0.257811495146286,0.003173,13.6915,1961,0.00851809662096403,TRUE,""
ENSG00000132334,PTPRE,t2d,grey,0.0353548937749303,0.353111234506006,7.427e-05,39.1814,4913,0.0065081781468239,TRUE,""
ENSG00000132341,RAN,cad,null,0.0783418967533055,0.590258451314772,0.0003437,11.1125,7591,0.00500240581592429,TRUE,""
ENSG00000132394,EEFSEC,fbg,null,-0.0216889280865236,0.536808016981021,0.006261,17.2346,1397,0.00499004405721753,TRUE,""
ENSG00000132423,COQ3,fbg,grey,-0.141846297811602,0.427398753621591,7.4e-05,6.263,2070,0.0103279186323952,TRUE,""
ENSG00000132434,LANCL2,fbg,grey,-0.0244794408059814,0.467058901715173,0.0004936,17.4183,1776,0.00519296755301111,TRUE,""
ENSG00000132434,LANCL2,cad,null,0.0214195107052337,0.730649037334656,2.322e-06,17.4183,7090,0.00193299628786429,TRUE,""
ENSG00000132436,FIGNL1,t2d,null,-0.020690379134925,0.587702312844741,2.802e-05,60.6965,4296,0.0039448071454421,TRUE,""
ENSG00000132463,GRSF1,fbg,grey,0.215898027615825,0.472645187126825,0.009103,6.1629,1657,0.0169327149391161,TRUE,""
ENSG00000132466,ANKRD17,fbg,null,0.0516334355497511,0.561479628322256,0.0009093,6.1312,1246,0.00445001418944567,TRUE,""
ENSG00000132475,H3F3B,fbg,null,0.0258283725516022,0.578514721507944,0.008484,13.5335,1175,0.00501266050021688,TRUE,""
ENSG00000132510,KDM6B,t2d,grey,-0.301202570956585,0.0631536636560237,8.727e-05,14.8332,2176,0.0339898316059726,TRUE,""
ENSG00000132510,KDM6B,fbg,null,0.0175245132192922,0.796357116257739,0.001727,14.8332,1236,0.0074441771006241,TRUE,""
ENSG00000132514,CLEC10A,cad,null,-0.000492459936304805,0.987335697504501,0.0002708,36.0228,6076,0.00272767706809235,TRUE,""
ENSG00000132518,GUCY2D,fbg,grey,-0.0469093052725234,0.419982497240339,0.001727,9.4543,1264,0.00519377047887418,TRUE,""
ENSG00000132561,MATN2,t2d,grey,0.0722350862953857,0.203718674354107,1.172e-07,33.5128,2914,0.000904684557608715,TRUE,""
ENSG00000132570,PCBD2,t2d,grey,0.583212261512873,0.0671535231768464,2.353e-07,6.349,3053,0.0173456308354005,TRUE,""
ENSG00000132591,ERAL1,fbg,grey,0.0303417710730418,0.317310507862914,0.0001063,22.2927,770,0.00755725939353044,TRUE,""
ENSG00000132603,NIP7,fbg,null,0.00575132003026444,0.764177155622095,5.479e-06,37.1393,1002,0.004032813414141,TRUE,""
ENSG00000132623,ANKEF1,t2d,grey,-0.0915424568451117,0.206723525034838,8.22e-05,21.6006,4131,0.00759787949842234,TRUE,""
ENSG00000132635,PCED1A,t2d,null,-0.00612497624011638,0.928490976066494,3.884e-06,18.3179,3854,0.00258171026623511,TRUE,""
ENSG00000132640,BTBD3,t2d,grey,-0.0954735685122956,0.422187710354532,0.0002921,11.3656,4789,0.00443246297261014,TRUE,""
ENSG00000132640,BTBD3,fbg,grey,0.0845175852403928,0.101763504951258,0.002625,11.3656,2646,0.0120952738956866,TRUE,""
ENSG00000132640,BTBD3,cad,null,-0.0125211237393175,0.880020367405849,9.823e-07,11.3656,6584,0.000849989886395677,TRUE,""
ENSG00000132740,IGHMBP2,fbg,null,-0.000540624269170142,0.95167294673366,0.001034,86.0243,1497,0.00410091805180164,TRUE,""
ENSG00000132768,DPH2,fbg,grey,-0.131466893870374,0.0656348819693961,0.0003154,10.4772,1464,0.0308113568848737,TRUE,""
ENSG00000132819,RBM38,fbg,grey,0.224010228248294,0.0809678048409095,0.000644,6.9966,2564,0.0255170891120889,TRUE,""
ENSG00000132824,SERINC3,fbg,grey,-0.081925851604878,0.078706382833047,0.002353,31.3702,1777,0.0472068020350981,TRUE,""
ENSG00000132825,PPP1R3D,fbg,null,0.0180770722159647,0.759943064406937,5.274e-06,10.8314,2500,0.00216336491532272,TRUE,""
ENSG00000132842,AP3B1,t2d,grey,-0.0285749049726274,0.259233298673899,8.621e-07,67.9114,4100,0.000461191201016881,TRUE,""
ENSG00000132846,ZBED3,t2d,null,-0.0206515732986312,0.707660466654552,1.188e-12,23.9744,4120,7.80695884138325e-09,TRUE,""
ENSG00000132846,ZBED3,fbg,null,0.00344192888310519,0.87583596638341,7.201e-06,23.9744,2221,0.00310084438957102,TRUE,""
ENSG00000132879,FBXO44,fbg,null,-0.0111452367360077,0.827287450832149,0.002302,14.7271,1273,0.00649060129520384,TRUE,""
ENSG00000132906,CASP9,cad,grey,-0.0239408124969202,0.384927835584944,0.0002725,39.8681,6302,0.00372531479499111,TRUE,""
ENSG00000132952,USPL1,fbg,grey,0.0150768415203347,0.366406064176293,0.000186,33.0568,2385,0.00537782501280601,TRUE,""
ENSG00000132952,USPL1,t2d,null,0.00915379663734607,0.831716977781815,3.627e-05,33.0568,4136,0.00344158471438062,TRUE,""
ENSG00000132952,USPL1,cad,null,0.0145383828946085,0.635725114509718,0.000281,33.0568,6375,0.00286157221368374,TRUE,""
ENSG00000132953,XPO4,t2d,grey,-0.0713058746227327,0.375576602091406,0.000117,16.6314,3762,0.00527173168200849,TRUE,""
ENSG00000132953,XPO4,fbg,null,-0.0132425195727932,0.674956824198369,0.00227,16.6314,1918,0.00449932132388141,TRUE,""
ENSG00000132965,ALOX5AP,t2d,null,-0.0163630320872884,0.617075077451974,3.627e-05,69.0311,3963,0.00421537331182383,TRUE,""
ENSG00000132970,WASF3,t2d,null,0.031167221887992,0.621538629656824,4.5e-07,22.2734,4547,0.00133584166014574,TRUE,""
ENSG00000133027,PEMT,fbg,grey,0.0216559460874118,0.41325337549364,0.0004783,22.0333,1283,0.0054382276224103,TRUE,""
ENSG00000133028,SCO1,fbg,grey,0.0102893903899671,0.398809120942746,0.005172,56.7774,2269,0.00700571486412894,TRUE,""
ENSG00000133055,MYBPH,fbg,null,-0.00298595849872948,0.7924288824046,0.003817,59.602,1633,0.00467439949498022,TRUE,""
ENSG00000133059,DSTYK,fbg,null,0.000348909610737277,0.975070165131246,0.004246,86.4101,2053,0.00470276895915341,TRUE,""
ENSG00000133065,SLC41A1,fbg,grey,-0.0199746683723413,0.33317326895895,0.001884,26.6853,1588,0.00600153715383489,TRUE,""
ENSG00000133067,LGR6,cad,grey,0.0249438068308439,0.455648238135702,1.097e-10,33.3648,5140,1.4500824145651e-06,TRUE,""
ENSG00000133101,CCNA1,fbg,grey,-0.0257463970632851,0.389370518612637,0.007129,31.5371,2378,0.0135795449883783,TRUE,""
ENSG00000133106,EPSTI1,t2d,grey,0.0370259738660037,0.299281841581513,0.0002344,81.4474,4067,0.0411839030151302,TRUE,""
ENSG00000133106,EPSTI1,cad,grey,0.0424444090659067,0.0991224780930231,5.677e-05,81.4474,5713,0.0457246875738211,TRUE,""
ENSG00000133193,FAM104A,cad,null,0.0140814615185828,0.592156028908923,5.543e-05,37.9698,6383,0.00706097786797864,TRUE,""
ENSG00000133193,FAM104A,fbg,null,0.00751011280991082,0.605764292132078,0.001944,37.9698,2215,0.00414450943853854,TRUE,""
ENSG00000133195,SLC39A11,t2d,grey,-0.0516206643770693,0.171597533708961,0.0009159,37.2409,3167,0.00937901679906882,TRUE,""
ENSG00000133226,SRRM1,t2d,grey,0.264768905380062,0.0527809420179414,0.005098,6.9008,2139,0.0189082772118494,TRUE,""
ENSG00000133226,SRRM1,cad,null,-0.060568050250341,0.539192141149036,2.061e-05,6.9008,4086,0.00253655288322416,TRUE,""
ENSG00000133247,SUV420H2,fbg,null,-0.0171440910193347,0.772666406770922,0.001617,12.3518,1572,0.00527962173881887,TRUE,""
ENSG00000133256,PDE6B,fbg,grey,0.0256071260499678,0.495965735328731,0.003038,19.8384,938,0.00705385776933323,TRUE,""
ENSG00000133265,HSPBP1,cad,null,-0.0653334038030407,0.726643792796546,4.205e-06,6.8509,6817,0.00455560015723089,TRUE,""
ENSG00000133321,RARRES3,fbg,grey,-0.0609255353561435,0.353111234506006,0.004269,10.4419,991,0.0077402233347829,TRUE,""
ENSG00000133321,RARRES3,cad,null,-0.0437414099992825,0.635089022632529,0.0003938,10.4419,3829,0.00300198606670193,TRUE,""
ENSG00000133398,MED10,fbg,grey,0.0204587348507494,0.155795591786075,0.0002989,38.3847,2781,0.011701003450063,TRUE,""
ENSG00000133561,GIMAP6,t2d,null,0.0299425524486622,0.671565813289142,6.489e-05,31.507,2895,0.00567805779251607,TRUE,""
ENSG00000133606,MKRN1,t2d,null,-0.0846980193201518,0.519168220983546,2.611e-05,8.8269,2455,0.00528469805310714,TRUE,""
ENSG00000133612,AGAP3,cad,grey,-0.0198662060084157,0.403118014218166,1.353e-20,41.0797,5821,1.43344134719453e-16,TRUE,""
ENSG00000133624,ZNF767,cad,null,-0.0111943578968426,0.75831647352629,0.0002817,28.6115,4773,0.0030472990533816,TRUE,""
ENSG00000133639,BTG1,t2d,null,-0.0677998350776141,0.623995155551681,0.0001921,12.0037,3669,0.0049069362860462,TRUE,""
ENSG00000133641,C12orf29,cad,grey,-0.248856365092987,0.202594831099963,0.0003554,5.5457,4359,0.00547942974670048,TRUE,""
ENSG00000133678,TMEM254,cad,grey,0.037523927471775,0.297155277950559,1.724e-11,40.7083,6734,1.39385163845202e-07,TRUE,""
ENSG00000133678,TMEM254,t2d,null,-0.0336949552807776,0.529629670287596,2.702e-11,40.7083,3651,3.45346909364971e-07,TRUE,""
ENSG00000133687,TMTC1,t2d,grey,-0.0196178494983096,0.368794267918584,0.006766,134.9027,5981,0.00532869884244747,TRUE,""
ENSG00000133704,IPO8,cad,null,-0.00804664142454238,0.79419309581406,4.566e-06,119.4764,7534,0.00674871151348358,TRUE,""
ENSG00000133739,LRRCC1,fbg,grey,0.0455838351072894,0.11903815356799,0.003891,20.6943,982,0.0152560239058361,TRUE,""
ENSG00000133739,LRRCC1,cad,null,-0.0189215919313277,0.709236748741435,0.001729,20.6943,3519,0.00298328522623516,TRUE,""
ENSG00000133789,SWAP70,t2d,null,0.00817128409773079,0.839501121400392,0.0007035,34.7888,4232,0.0035808831581901,TRUE,""
ENSG00000133872,TMEM66,cad,grey,0.0572733036210161,0.379738414018375,7.87e-05,18.4708,5258,0.00401682200389159,TRUE,""
ENSG00000133884,DPF2,fbg,grey,-0.0174571489578272,0.402121784699465,0.003257,30.9658,946,0.00632764370524229,TRUE,""
ENSG00000133937,GSC,cad,null,0.043090274248858,0.68489168859197,8.439e-10,11.2908,8015,2.55162689618309e-06,TRUE,""
ENSG00000133961,NUMB,t2d,null,-0.0375548998893294,0.671629231263251,0.002454,17.9714,3900,0.00458479807661995,TRUE,""
ENSG00000133962,CATSPERB,t2d,grey,0.0483509461711925,0.317310507862914,6.653e-07,26.6499,3935,0.000335431484168269,TRUE,""
ENSG00000133985,TTC9,fbg,grey,0.016477734555995,0.302867777010297,0.006654,28.9618,1804,0.00707638875708219,TRUE,""
ENSG00000133997,MED6,fbg,grey,0.0253970884019349,0.347528523523374,0.006654,21.7269,1820,0.00822950940498923,TRUE,""
ENSG00000134001,EIF2S1,fbg,null,0.0199652630676243,0.889875664640676,0.001945,14.152,1447,0.0155855226349675,TRUE,""
ENSG00000134013,LOXL2,t2d,null,0.00981222017239045,0.791983150114723,0.002079,29.2112,3733,0.00446797429154337,TRUE,""
ENSG00000134057,CCNB1,cad,grey,-0.0633258227800698,0.317310507862914,1.023e-05,16.0219,3153,0.00217551373269974,TRUE,""
ENSG00000134057,CCNB1,fbg,grey,0.0266635043284504,0.43881634294658,0.01062,16.0219,985,0.00504236372084696,TRUE,""
ENSG00000134121,CHL1,cad,null,-0.00282222406378581,0.972009793963865,0.001302,12.6062,4469,0.00275870914775612,TRUE,""
ENSG00000134153,EMC7,fbg,null,0.0288200959318228,0.738882680363527,0.0009747,9.3937,2353,0.0065595046645631,TRUE,""
ENSG00000134242,PTPN22,t2d,grey,0.0914640392333245,0.127411255755891,1.834e-06,24.265,2851,0.00676512296170672,TRUE,""
ENSG00000134248,LAMTOR5,cad,null,0.00753617032859771,0.816427058747706,5.784e-08,27.5333,5467,8.06544369451499e-05,TRUE,""
ENSG00000134256,CD101,cad,grey,-0.022655071066793,0.35183572722835,6.759e-05,58.4668,4802,0.005194005061101,TRUE,""
ENSG00000134265,NAPG,cad,null,-0.00849375106383445,0.647220356947692,0.0002073,44.2998,7051,0.00681271911816932,TRUE,""
ENSG00000134265,NAPG,fbg,null,0.000629166745469219,0.950164661941506,0.0007054,44.2998,2448,0.00373552050124941,TRUE,""
ENSG00000134278,SPIRE1,cad,grey,0.0412166766991839,0.214975394149174,0.000212,40.2927,5962,0.00654076031946376,TRUE,""
ENSG00000134283,PPHLN1,cad,grey,-0.0366924916249501,0.143115898802514,3.026e-05,39.8373,6210,0.00725056230816893,TRUE,""
ENSG00000134283,PPHLN1,fbg,grey,0.0125291434816903,0.366406064176293,0.003746,39.8373,2458,0.00702210856097874,TRUE,""
ENSG00000134287,ARF3,t2d,null,-0.0153927071729252,0.841480581121794,3.342e-07,45.2548,3144,0.00125949154611625,TRUE,""
ENSG00000134291,TMEM106C,fbg,grey,-0.0145707652008255,0.317310507862914,0.0001674,40.3136,1884,0.00612427263186317,TRUE,""
ENSG00000134318,ROCK2,t2d,null,-0.0184333957708482,0.792935985358011,0.0001428,20.2249,3955,0.00388045268841008,TRUE,""
ENSG00000134321,RSAD2,t2d,grey,0.302748617608215,0.30461085860755,3.817e-05,11.2883,4231,0.010152245037337,TRUE,""
ENSG00000134326,CMPK2,t2d,grey,0.27707781595206,0.386946290293211,3.817e-05,9.7813,4255,0.00816063612884895,TRUE,""
ENSG00000134333,LDHA,t2d,null,-0.0363589503109025,0.550238620010505,2.768e-06,20.132,3937,0.0035588068770212,TRUE,""
ENSG00000134369,NAV1,cad,grey,-0.0385088363731587,0.195975282680321,1.097e-10,34.617,5379,2.2519969223751e-06,TRUE,""
ENSG00000134371,CDC73,cad,grey,-0.410566809065561,0.0875745096147995,4.845e-05,5.2722,5321,0.0123781158019246,TRUE,""
ENSG00000134371,CDC73,fbg,grey,-0.146869427633209,0.369207310198107,0.002174,5.2722,1696,0.00692081409857499,TRUE,""
ENSG00000134371,CDC73,t2d,null,0.00333794153711839,0.992100281931256,0.0004362,5.2722,3462,0.00412872766947353,TRUE,""
ENSG00000134460,IL2RA,t2d,grey,-0.234367898909024,0.11163003635549,0.0004623,15.7344,5059,0.0210449436948815,TRUE,""
ENSG00000134480,CCNH,fbg,grey,0.0504425395935203,0.477377817921635,0.002163,8.6615,1326,0.00378216563631215,TRUE,""
ENSG00000134508,CABLES1,fbg,null,-0.0464896100292192,0.673716649749524,0.0004315,6.1261,1452,0.00597542217458313,TRUE,""
ENSG00000134516,DOCK2,t2d,null,-0.0059312079270629,0.945486271905116,1.249e-05,21.4132,4677,0.00425204180240958,TRUE,""
ENSG00000134516,DOCK2,fbg,null,0.016310821799423,0.624920362458645,0.0001479,21.4132,2691,0.00581898502173468,TRUE,""
ENSG00000134531,EMP1,cad,null,0.00217823879331201,0.982465487224147,0.0003961,16.3125,6085,0.00405025410565706,TRUE,""
ENSG00000134548,C12orf39,cad,grey,0.0368210664112187,0.0900914983292912,0.0004779,24.6962,5974,0.0106292819472999,TRUE,""
ENSG00000134548,C12orf39,fbg,grey,-0.0106781092592534,0.364803543676989,0.003714,24.6962,2062,0.00581602852667595,TRUE,""
ENSG00000134697,GNL2,t2d,null,0.0247120409730772,0.648608453120181,0.001786,17.398,3151,0.00399643420675853,TRUE,""
ENSG00000134697,GNL2,fbg,null,-0.0116695749039531,0.583426134426407,0.0008783,17.398,1541,0.00627140187178971,TRUE,""
ENSG00000134755,DSC2,fbg,null,-0.00528161064081361,0.851268623688206,0.002651,20.1527,2246,0.00387969427330263,TRUE,""
ENSG00000134758,RNF138,cad,null,0.0311041528363486,0.625549841071415,2.591e-05,34.7257,5113,0.00333016696898643,TRUE,""
ENSG00000134759,ELP2,cad,grey,0.0121400354972459,0.278034273328504,0.0002769,63.3544,4785,0.00468630016614118,TRUE,""
ENSG00000134769,DTNA,t2d,null,-0.171302940774114,0.56662187104916,0.002105,5.2993,3046,0.00489352950209898,TRUE,""
ENSG00000134775,FHOD3,t2d,grey,0.221684962106182,0.176288085609234,0.008033,8.6724,3369,0.0150007032733125,TRUE,""
ENSG00000134775,FHOD3,fbg,grey,-0.0987336385851064,0.129953390214931,0.002015,8.6724,1812,0.0118840917009568,TRUE,""
ENSG00000134851,TMEM165,fbg,null,-0.00488072388264327,0.925307750889347,0.0003695,10.941,1800,0.0037973610256442,TRUE,""
ENSG00000134871,COL4A2,fbg,grey,0.0865691719543675,0.4787382817329,7.05e-06,6.9905,2349,0.00514430289603915,TRUE,""
ENSG00000134873,CLDN10,t2d,null,-0.0520849521354378,0.599137646373948,0.0001958,13.8281,4390,0.00382773885843386,TRUE,""
ENSG00000134882,UBAC2,t2d,null,0.0505675998487035,0.564297144328328,0.000655,17.0114,4361,0.00472951869887539,TRUE,""
ENSG00000134900,TPP2,cad,grey,0.0452058537495096,0.0900914983292912,4.147e-05,48.2199,6421,0.0931425838715969,TRUE,""
ENSG00000134901,KDELC1,t2d,grey,-0.299657094629562,0.355967119733731,0.0005261,5.2258,4697,0.00622138616915845,TRUE,""
ENSG00000134909,ARHGAP32,fbg,null,0.0136856034088564,0.60759216041817,0.0001632,24.7121,2062,0.00487612524843075,TRUE,""
ENSG00000134910,STT3A,t2d,null,0.00890523215055433,0.834212236432498,0.0007395,24.1389,3878,0.0040542232197708,TRUE,""
ENSG00000134910,STT3A,fbg,null,-0.00395788095580193,0.808451451773901,0.001016,24.1389,2074,0.0045963166333064,TRUE,""
ENSG00000134955,SLC37A2,t2d,null,0.0111940588022085,0.790963055258609,0.0007395,23.4649,4259,0.00396027828696025,TRUE,""
ENSG00000134970,TMED7,fbg,grey,0.0580127266155988,0.317310507862914,0.0005977,9.5057,2409,0.00590038848546928,TRUE,""
ENSG00000134970,TMED7,cad,null,0.0336848090026058,0.752162308378054,0.001047,9.5057,7114,0.0027192159320591,TRUE,""
ENSG00000134986,NREP,cad,grey,0.0264067695845594,0.479136355375383,4.839e-07,12.9212,6127,0.000465169787015322,TRUE,""
ENSG00000134986,NREP,fbg,null,-0.00114812041671998,0.958025455470674,0.002095,12.9212,2166,0.00452915523877741,TRUE,""
ENSG00000135040,NAA35,t2d,null,-0.0402317102548783,0.610188838027009,4.397e-05,22.9289,3367,0.00533218726344744,TRUE,""
ENSG00000135040,NAA35,cad,null,0.0340422163695124,0.535443258883731,6.97e-05,22.9289,5248,0.0035969688169689,TRUE,""
ENSG00000135046,ANXA1,fbg,grey,-0.0198409555029265,0.126162397742482,0.000611,46.6271,1926,0.0101669838878812,TRUE,""
ENSG00000135047,CTSL1,t2d,grey,0.0226099345312173,0.254602855011452,0.0001082,67.3181,4003,0.00934285449288699,TRUE,""
ENSG00000135047,CTSL1,fbg,null,0.00401954391666085,0.605764292132078,0.0001835,67.3181,2219,0.00387998318428921,TRUE,""
ENSG00000135074,ADAM19,t2d,grey,0.0569596965507033,0.3933803223244,1.062e-05,41.7363,4583,0.00273355771815662,TRUE,""
ENSG00000135077,HAVCR2,cad,grey,-0.049515183807192,0.303286223069842,9.556e-06,25.1163,6651,0.00195852746964094,TRUE,""
ENSG00000135083,CCNJL,cad,grey,-0.163609685904469,0.126162397742482,5.475e-05,13.9549,6541,0.0122764308644601,TRUE,""
ENSG00000135083,CCNJL,t2d,null,0.0830633789976537,0.588518882160993,0.003059,13.9549,4613,0.00677771798491783,TRUE,""
ENSG00000135090,TAOK3,fbg,grey,-0.0336491617741232,0.477904197979373,2.855e-06,10.5585,2194,0.00305596288112622,TRUE,""
ENSG00000135093,USP30,cad,null,0.0177397491897147,0.853647882268047,3.311e-06,19.0296,5777,0.00342942465691575,TRUE,""
ENSG00000135094,SDS,cad,null,-0.0900586689028265,0.694424996831734,1.127e-19,10.1371,5701,1.60298863716684e-15,TRUE,""
ENSG00000135114,OASL,fbg,grey,0.0181553609312952,0.159649901642811,5.182e-07,46.5393,1263,0.00218532206796927,TRUE,""
ENSG00000135164,DMTF1,cad,grey,-0.372528051102913,0.0871685914322744,0.000137,6.1906,4478,0.0242856697341061,TRUE,""
ENSG00000135164,DMTF1,t2d,null,0.094564812972278,0.753304047285912,0.001889,6.1906,3443,0.00508159198793939,TRUE,""
ENSG00000135164,DMTF1,fbg,null,0.0659088090412847,0.58395350774479,6.921e-05,6.1906,1516,0.005416222447738,TRUE,""
ENSG00000135213,POM121C,fbg,null,0.000577411467433337,0.954431397113681,0.006194,27.7553,493,0.00422970433320981,TRUE,""
ENSG00000135269,TES,cad,grey,0.0264127169220254,0.185974874255209,2.398e-05,55.0023,4258,0.00586467784936706,TRUE,""
ENSG00000135272,MDFIC,t2d,null,0.0844518587673518,0.619894410945339,0.0004911,13.0678,2363,0.00769488330209864,TRUE,""
ENSG00000135318,NT5E,cad,grey,0.01503095129202,0.425179074632738,0.0004675,74.7601,5990,0.00470737443438218,TRUE,""
ENSG00000135341,MAP3K7,fbg,grey,0.0331656395201635,0.289680155734686,0.0006792,19.2858,2244,0.00671173744780406,TRUE,""
ENSG00000135372,NAT10,fbg,grey,-0.0342645333703672,0.355967119733731,0.002317,23.7743,2283,0.00943970908131178,TRUE,""
ENSG00000135372,NAT10,t2d,null,-0.0342645333703672,0.726064817084143,3.706e-06,23.7743,4014,0.00154314940801045,TRUE,""
ENSG00000135387,CAPRIN1,t2d,null,-0.0198033618007569,0.935059051540926,3.706e-06,9.868,3951,0.00149812230889741,TRUE,""
ENSG00000135390,ATP5G2,cad,grey,0.145410031725577,0.0529309460298699,9.28e-13,14.6888,4791,3.32305853867943e-08,TRUE,""
ENSG00000135404,CD63,cad,null,-0.0214029876823622,0.746636986614261,4.561e-06,17.1705,4246,0.0024305528365782,TRUE,""
ENSG00000135407,AVIL,t2d,grey,-0.0250012197497194,0.397977916537113,0.001463,30.4475,2815,0.00567814616579404,TRUE,""
ENSG00000135423,GLS2,cad,null,0.0922540947904113,0.511992904340372,4.918e-09,7.6359,3172,0.000886008660142282,TRUE,""
ENSG00000135441,BLOC1S1,t2d,grey,0.406654102320881,0.0804754766284278,0.0008094,10.5722,2599,0.0471819190979573,TRUE,""
ENSG00000135441,BLOC1S1,cad,null,0.0442224319308759,0.766638908883864,4.561e-06,10.5722,4206,0.00580717183748494,TRUE,""
ENSG00000135472,FAIM2,fbg,null,0.027957316005346,0.520316800507367,0.007142,16.7639,947,0.00628850979369644,TRUE,""
ENSG00000135540,NHSL1,fbg,grey,0.0212540530004809,0.317310507862914,0.001017,16.6867,1974,0.00665030977861423,TRUE,""
ENSG00000135540,NHSL1,t2d,null,-0.0269983916492595,0.59743694916693,2.506e-07,16.6867,4071,0.000114893710418034,TRUE,""
ENSG00000135547,HEY2,t2d,null,0.0231995954004531,0.943056670967043,7.858e-12,4.5792,2365,0.00204983395965371,TRUE,""
ENSG00000135604,STX11,cad,null,-0.0548182329189365,0.683028970338516,8.408e-05,15.7424,5116,0.0053126955427332,TRUE,""
ENSG00000135604,STX11,fbg,null,-0.0033562183419757,0.971510179466646,0.0008083,15.7424,2071,0.00998461441039108,TRUE,""
ENSG00000135617,PRADC1,t2d,grey,-0.0529128035517931,0.264685639371351,0.0006866,24.7775,2566,0.00684857994891759,TRUE,""
ENSG00000135637,CCDC142,cad,grey,-1.08204992666786,0.0547049706520286,0.0003161,4.8111,4540,0.0187167167153904,TRUE,""
ENSG00000135655,USP15,t2d,null,0.00818104679683614,0.859924253238214,0.0001703,32.1455,4292,0.00374314294455959,TRUE,""
ENSG00000135678,CPM,fbg,null,-0.0214939371348404,0.531971058097401,9.756e-06,16.4955,2229,0.00383199963098042,TRUE,""
ENSG00000135686,KLHL36,cad,grey,0.0361933830659147,0.079413654540545,2.95e-05,53.2067,9820,0.00736714247042102,TRUE,""
ENSG00000135698,MPHOSPH6,cad,null,-0.00655783600388622,0.696074443674105,1.612e-16,77.2743,9901,2.51969393502428e-12,TRUE,""
ENSG00000135720,DYNC1LI2,fbg,grey,0.0297405050271962,0.349538991650093,0.0003007,17.2513,1377,0.00579185296003755,TRUE,""
ENSG00000135747,ZNF670,cad,grey,-0.107750967616743,0.249861877892272,0.001028,13.8295,7722,0.00575987534971736,TRUE,""
ENSG00000135747,ZNF670,fbg,grey,0.0731167280256468,0.154157201104144,0.001606,13.8295,1858,0.0111087437846188,TRUE,""
ENSG00000135821,GLUL,fbg,null,-0.0207681692902611,0.510605772861378,0.00788,21.3881,1863,0.00548877106217626,TRUE,""
ENSG00000135828,RNASEL,t2d,grey,-0.0568246637383623,0.284354615641897,0.00122,28.4088,3662,0.00676050788085378,TRUE,""
ENSG00000135829,DHX9,t2d,grey,0.57857420975232,0.42317453004696,0.00122,5.1206,3777,0.0127507208552079,TRUE,""
ENSG00000135898,GPR55,cad,null,-0.0518705560888608,0.710479545672844,0.0001277,16.6959,5956,0.00606842869482215,TRUE,""
ENSG00000135899,SP110,fbg,grey,-0.0120535770597768,0.465899718527069,0.0002303,51.5912,1843,0.0103999524721981,TRUE,""
ENSG00000135912,TTLL4,fbg,grey,0.0232174073465452,0.272740113942454,0.001446,26.0193,1281,0.00668335081239794,TRUE,""
ENSG00000135931,ARMC9,t2d,grey,-0.349958273617363,0.118001235852094,0.004067,6.1767,3501,0.0118055724201074,TRUE,""
ENSG00000135953,MFSD9,cad,null,0.0078541250703231,0.701303373192112,2.001e-05,89.1021,5181,0.00224155798905259,TRUE,""
ENSG00000135960,EDAR,cad,grey,0.216065636300746,0.364040809202329,8.538e-05,9.5696,5086,0.00840871098140013,TRUE,""
ENSG00000135974,C2orf49,fbg,null,0.0165839701250065,0.831509517776774,0.002882,7.2014,2249,0.00565625943573256,TRUE,""
ENSG00000136010,ALDH1L2,t2d,null,0.12840828868906,0.667195641190915,0.002517,5.3403,4558,0.00509648342295814,TRUE,""
ENSG00000136026,CKAP4,fbg,grey,0.154153860168115,0.368120250693519,0.01327,34.852,2144,0.0570051502994065,TRUE,""
ENSG00000136044,APPL2,t2d,null,0.0170444396566805,0.52088921501833,0.002517,57.5466,4513,0.00461318090839045,TRUE,""
ENSG00000136044,APPL2,fbg,null,-0.000327777685705394,0.975070165131246,0.0007622,57.5466,2472,0.00408483612483147,TRUE,""
ENSG00000136045,PWP1,fbg,grey,-0.0219234953584061,0.0744588055928865,0.002455,53.8857,1799,0.0125127541911563,TRUE,""
ENSG00000136052,SLC41A2,fbg,null,-0.0234647591443228,0.593802857207703,0.0007622,12.2152,2367,0.00607104149217619,TRUE,""
ENSG00000136098,NEK3,t2d,grey,0.03683362752138,0.458850651929467,3.134e-05,28.9412,2950,0.00352477814719313,TRUE,""
ENSG00000136108,CKAP2,fbg,null,-0.00727742177823003,0.583426134426407,0.003591,82.1196,1551,0.00444779325023954,TRUE,""
ENSG00000136122,BORA,cad,grey,0.108601274742051,0.132181305061536,9.707e-05,42.8406,6373,0.0238622660013054,TRUE,""
ENSG00000136144,RCBTB1,fbg,null,0.00640625749796055,0.561479628322256,0.001278,60.943,1702,0.00465167471807006,TRUE,""
ENSG00000136147,PHF11,fbg,null,0.00704990195730031,0.561479628322256,0.001278,45.3237,1665,0.00504282223144104,TRUE,""
ENSG00000136152,COG3,fbg,null,-0.0121185468372104,0.725324774655607,0.0008566,19.0295,1760,0.00746148180768271,TRUE,""
ENSG00000136156,ITM2B,fbg,grey,0.0235460913312628,0.330940007555671,0.001278,26.3038,1935,0.00694574497923541,TRUE,""
ENSG00000136231,IGF2BP3,cad,null,0.0542663231245276,0.611120564276547,0.0002636,7.17,6350,0.00292211816853936,TRUE,""
ENSG00000136270,TBRG4,cad,null,0.0215313271227125,0.52932793778425,3.64e-08,32.1813,5676,0.000126812852985082,TRUE,""
ENSG00000136274,NACAD,cad,grey,-0.0461664035593159,0.138302287372473,3.64e-08,16.6269,5565,0.000280284869008965,TRUE,""
ENSG00000136274,NACAD,fbg,grey,-0.0244737561037337,0.234365227693259,3.509e-53,16.6269,1596,2.61667879005785e-48,TRUE,""
ENSG00000136280,CCM2,fbg,grey,0.020389461626575,0.106765534268082,3.509e-53,66.4119,1567,1.32811255404743e-48,TRUE,""
ENSG00000136295,TTYH3,cad,grey,-0.140268249577668,0.230994031402233,1.883e-08,13.1389,8105,0.000213635715692331,TRUE,""
ENSG00000136319,TTC5,fbg,grey,-0.0265005688973546,0.354965907446464,0.001305,24.5909,1733,0.00701466306424784,TRUE,""
ENSG00000136371,MTHFS,fbg,grey,0.0234628546758384,0.0976712014631225,0.0001816,42.9776,2276,0.023613769633686,TRUE,""
ENSG00000136449,MYCBPAP,fbg,grey,-0.0399989207537967,0.376582577075581,0.000533,37.0831,1351,0.0160117999362756,TRUE,""
ENSG00000136449,MYCBPAP,cad,null,0.0114282630725133,0.673716649749524,5.562e-06,37.0831,4849,0.00160681386257854,TRUE,""
ENSG00000136478,TEX2,t2d,grey,0.565183032625269,0.178139851012643,3.949e-08,13.2787,2041,0.00029725610647637,TRUE,""
ENSG00000136478,TEX2,cad,grey,-0.326606899214602,0.164133155957093,6.279e-11,13.2787,3200,1.20453809990372e-06,TRUE,""
ENSG00000136514,RTP4,t2d,grey,-0.0655459005818565,0.0822989540201131,4.385e-13,37.6199,3739,2.04066393476634e-08,TRUE,""
ENSG00000136514,RTP4,fbg,grey,-0.0216914491134201,0.150575972824847,8.233e-06,37.6199,2161,0.00814168605377033,TRUE,""
ENSG00000136522,MRPL47,t2d,grey,-0.459688940873068,0.121221012560929,0.0006439,8.2521,3289,0.0243271012722825,TRUE,""
ENSG00000136536,MARCH7,t2d,grey,0.207368316240167,0.0785098471718198,1.391e-11,20.086,4273,5.7348925130525e-07,TRUE,""
ENSG00000136630,HLX,t2d,grey,-0.122776842750935,0.256039243472084,0.0001901,13.2929,3962,0.00661317667683304,TRUE,""
ENSG00000136630,HLX,fbg,null,-0.0226870252909337,0.606447146740021,0.0007661,13.2929,1929,0.00452002362166663,TRUE,""
ENSG00000136634,IL10,fbg,null,0.00336480653657791,0.913909936512377,0.001884,21.0168,1155,0.00453894691828957,TRUE,""
ENSG00000136643,RPS6KC1,t2d,null,0.0165671339317685,0.897031839071741,8.406e-18,11.7786,3516,1.15192928592148e-13,TRUE,""
ENSG00000136653,RASSF5,t2d,null,0.0115913897504491,0.968093126294339,1.213e-07,12.1986,1900,0.00120460080916352,TRUE,""
ENSG00000136717,BIN1,cad,grey,0.0105006852980931,0.393959376613922,8.784e-06,87.7402,5930,0.00186763458704178,TRUE,""
ENSG00000136717,BIN1,fbg,grey,0.0105006852980931,0.115081682899341,0.003468,87.7402,1736,0.0214461016308755,TRUE,""
ENSG00000136717,BIN1,t2d,null,-0.0100968127866279,0.551684329116147,0.0007655,87.7402,3915,0.00457581848210627,TRUE,""
ENSG00000136720,HS6ST1,cad,null,-0.00728359767666948,0.790528029851141,8.784e-06,18.7027,5744,0.00174524949072182,TRUE,""
ENSG00000136802,LRRC8A,cad,null,0.0500439820326405,0.772786170857627,0.0001269,14.4804,4635,0.00638759801549616,TRUE,""
ENSG00000136811,ODF2,fbg,null,-0.0147399800102941,0.580515713596355,0.004001,25.3592,1356,0.00532086487971302,TRUE,""
ENSG00000136816,TOR1B,t2d,null,0.0174720808106046,0.62103640787888,0.0002159,50.5986,2445,0.00570782225393928,TRUE,""
ENSG00000136824,SMC2,cad,null,0.025559615169839,0.534803837189754,3.999e-07,25.0708,7396,0.00102260506909428,TRUE,""
ENSG00000136827,TOR1A,fbg,grey,-0.0184418717091806,0.251357310325028,0.00115,37.6426,1839,0.00764167608528573,TRUE,""
ENSG00000136827,TOR1A,t2d,null,0.0132403181501809,0.732754742460857,0.0002159,37.6426,2424,0.00411386959462334,TRUE,""
ENSG00000136854,STXBP1,fbg,grey,-0.10583517427598,0.353493138887346,0.00318,15.0853,1178,0.0165591754876545,TRUE,""
ENSG00000136856,SLC2A8,cad,grey,0.0419870653513515,0.187222414653883,0.0001471,53.7583,4165,0.00403198873659497,TRUE,""
ENSG00000136861,CDK5RAP2,fbg,grey,-0.0120339233528429,0.253097908947116,0.004221,75.8833,1817,0.00974246860463119,TRUE,""
ENSG00000136867,SLC31A2,t2d,null,-0.013019417139443,0.78331623830721,0.0001194,29.8394,4002,0.0036911281157878,TRUE,""
ENSG00000136870,ZNF189,fbg,grey,0.045934743696263,0.175120740107843,0.01009,30.6596,2744,0.0185025370666241,TRUE,""
ENSG00000136874,STX17,t2d,null,-0.0321922377966233,0.56037911774616,9.91e-05,25.4339,2971,0.00395579080854372,TRUE,""
ENSG00000136878,USP20,fbg,grey,-0.14700397037206,0.198542793686662,0.00115,5.4304,1852,0.010145072193074,TRUE,""
ENSG00000136888,ATP6V1G1,t2d,grey,0.501736808350423,0.104859216523786,1.578e-05,12.9877,4388,0.029559337118242,TRUE,""
ENSG00000136895,GARNL3,t2d,grey,-0.531221710690796,0.442179193069334,6.104e-05,5.1246,2386,0.0110549324775258,TRUE,""
ENSG00000136930,PSMB7,cad,null,-0.0843904294481208,0.500045217859739,0.001572,18.2549,4218,0.00693232980556074,TRUE,""
ENSG00000136932,C9orf156,cad,grey,-0.0273448921934415,0.160465178051431,8.993e-05,55.7096,5286,0.0076277249546031,TRUE,""
ENSG00000137054,POLR1E,fbg,null,-0.00181829969644996,0.883651835100635,0.00309,53.6101,1920,0.00500683240569878,TRUE,""
ENSG00000137055,PLAA,fbg,null,-0.048724939504429,0.510605772861378,6.168e-05,9.1329,2676,0.00649115752800147,TRUE,""
ENSG00000137106,GRHPR,fbg,null,-0.00311616528508397,0.617075077451974,0.00309,122.0541,1874,0.00467467644258054,TRUE,""
ENSG00000137145,DENND4C,cad,grey,0.0554019819151448,0.186358504597951,3.109e-05,21.5705,6951,0.00423809539583206,TRUE,""
ENSG00000137168,PPIL1,cad,grey,0.0956603969453052,0.0770847890754692,3.484e-08,18.3591,5843,0.000796357127522007,TRUE,""
ENSG00000137200,FTSJD2,cad,grey,0.349646211166587,0.141693916539603,3.484e-08,9.2259,6063,0.00137543068117042,TRUE,""
ENSG00000137225,CAPN11,fbg,grey,-0.028338449730929,0.203988374325891,0.0001759,28.2032,1777,0.00955799667452002,TRUE,""
ENSG00000137261,KIAA0319,fbg,grey,-0.0148317213777149,0.332197561388374,4.732e-05,39.0285,2796,0.00505239280445339,TRUE,""
ENSG00000137265,IRF4,cad,grey,0.213356345924711,0.0988197865362321,0.0004064,11.2896,4142,0.0147038361363592,TRUE,""
ENSG00000137265,IRF4,fbg,null,-0.0763099339438747,0.594304481471203,0.0008315,11.2896,1701,0.0122142881187232,TRUE,""
ENSG00000137270,GCM1,t2d,null,0.0232131959626176,0.700522394103849,6.179e-05,30.3075,4504,0.00472349097519325,TRUE,""
ENSG00000137288,MNF1,fbg,null,-0.0054054118310113,0.802587348634153,0.0001221,15.1405,1490,0.00428375306663227,TRUE,""
ENSG00000137364,TPMT,t2d,null,-0.00684765266986243,0.903523023570037,0.003531,52.7545,4938,0.00379531016092774,TRUE,""
ENSG00000137364,TPMT,fbg,null,-0.00641967437799603,0.772993467640966,8.587e-05,52.7545,2067,0.0048667040599332,TRUE,""
ENSG00000137393,RNF144B,fbg,null,-0.00370411637179951,0.802587348634153,8.587e-05,38.3161,2227,0.00415592090826424,TRUE,""
ENSG00000137460,FHDC1,t2d,null,-0.0394760663335506,0.540206998002471,2.317e-10,22.0944,3470,7.37572328129884e-07,TRUE,""
ENSG00000137462,TLR2,t2d,null,-0.0705136749378814,0.579990868253454,0.007424,9.6523,3724,0.0061264721100961,TRUE,""
ENSG00000137494,ANKRD42,cad,null,0.0165504350056481,0.756298745303894,1.69e-05,19.2567,6008,0.00218792402079629,TRUE,""
ENSG00000137496,IL18BP,fbg,null,-0.0427305288037998,0.558611152351289,2.919e-08,12.8698,1385,0.000112571320452063,TRUE,""
ENSG00000137507,LRRC32,t2d,null,-0.0268559549878414,0.84627176186126,1.942e-05,11.5006,3030,0.003566678018222,TRUE,""
ENSG00000137513,NARS2,cad,grey,0.0383444618113777,0.128074458684967,0.0003487,49.4005,5042,0.00988614035051167,TRUE,""
ENSG00000137547,MRPL15,fbg,grey,0.0564776767871734,0.179770040387914,0.0002265,14.7017,1906,0.0118654133168411,TRUE,""
ENSG00000137571,SLCO5A1,t2d,grey,-0.332448993361286,0.127259097658065,0.003802,6.4367,3557,0.0096079476846365,TRUE,""
ENSG00000137574,TGS1,t2d,grey,0.0597920084513459,0.236991629643062,0.001859,44.3536,4109,0.0116217952572959,TRUE,""
ENSG00000137601,NEK1,cad,grey,-0.0525621222312485,0.0650626231730501,3.092e-08,36.0397,5422,0.000421188762125177,TRUE,""
ENSG00000137628,DDX60,t2d,null,-0.105986843051164,0.635947245419089,5.893e-05,13.4108,4118,0.00481068368234989,TRUE,""
ENSG00000137656,BUD13,t2d,grey,0.0545903612921923,0.483927304446146,3.64e-05,18.2256,4295,0.00377281410015378,TRUE,""
ENSG00000137672,TRPC6,fbg,null,0.0080005952496355,0.738882680363527,0.002354,26.6938,2483,0.00445735892271286,TRUE,""
ENSG00000137692,DCUN1D5,t2d,grey,-0.24575016825763,0.323939534609832,0.001701,7.0466,5055,0.0112613054442882,TRUE,""
ENSG00000137710,RDX,cad,grey,0.100949193199312,0.123320775869375,3.812e-07,10.9881,4577,0.00102995379273535,TRUE,""
ENSG00000137713,PPP2R1B,t2d,null,-0.0128223914437955,0.775096962195985,5.685e-05,33.2562,3080,0.00385636801884169,TRUE,""
ENSG00000137720,C11orf1,t2d,null,-0.0552665897701923,0.568835440784734,5.685e-05,15.7283,3125,0.0048332600833437,TRUE,""
ENSG00000137747,TMPRSS13,cad,grey,0.0880016848491832,0.36162097055701,4.065e-07,10.4824,5849,0.00097101426510758,TRUE,""
ENSG00000137752,CASP1,fbg,null,-0.0192416063315358,0.553033702717282,0.003904,32.2087,1922,0.0101135925836581,TRUE,""
ENSG00000137801,THBS1,cad,grey,0.022061272163805,0.342989035753843,6.817e-05,52.6164,5568,0.00268085519808197,TRUE,""
ENSG00000137801,THBS1,fbg,grey,-0.0128356492589411,0.317310507862914,0.0002523,52.6164,2303,0.00640555955575461,TRUE,""
ENSG00000137817,PARP6,cad,grey,-0.276327534969875,0.314505073848864,0.000339,10.5241,4414,0.0130047156663118,TRUE,""
ENSG00000137819,PAQR5,t2d,grey,0.38058209451949,0.0774351541566191,5.968e-05,9.136,2813,0.0197513582582044,TRUE,""
ENSG00000137877,SPTBN5,cad,null,0.0182212964157832,0.527662046790784,4.326e-07,35.0982,4568,0.000161951672720796,TRUE,""
ENSG00000137936,BCAR3,fbg,null,0.00342670585121406,0.943056670967043,0.001528,14.0546,1581,0.0050479026053548,TRUE,""
ENSG00000137942,FNBP1L,t2d,grey,-0.0850152581463205,0.349658549645907,0.0003562,27.26,3101,0.00964422987602134,TRUE,""
ENSG00000137947,GTF2B,fbg,null,0.0172690973024602,0.649436283726755,0.002997,15.4609,1650,0.00466872361755421,TRUE,""
ENSG00000137955,RABGGTB,fbg,grey,0.0278179915907087,0.49924658287522,0.003986,15.7434,2173,0.00562799764702574,TRUE,""
ENSG00000137965,IFI44,fbg,null,0.0257341372770799,0.636768179585685,0.0002061,11.7587,1779,0.00492977822878658,TRUE,""
ENSG00000137968,SLC44A5,cad,null,-0.0083691960397622,0.686573982946945,0.001204,49.05,5309,0.00265325871550157,TRUE,""
ENSG00000137992,DBT,fbg,grey,0.525497280081387,0.0690363479944152,0.0007049,6.1093,1855,0.0567318375999404,TRUE,""
ENSG00000138031,ADCY3,t2d,grey,-0.165582887005496,0.130628548131,1.988e-05,12.7789,3145,0.00843316674998285,TRUE,""
ENSG00000138073,PREB,fbg,null,-0.0189978410629134,0.668235141795249,4.225e-25,15.3418,1144,3.89830745905295e-21,TRUE,""
ENSG00000138095,LRPPRC,t2d,grey,-0.0464167508164818,0.197920069602177,6.687e-28,39.4889,4228,4.98343551800741e-24,TRUE,""
ENSG00000138131,LOXL4,fbg,null,0.0153061034035104,0.846529514964004,0.0001258,6.8836,1850,0.00380072868831578,TRUE,""
ENSG00000138134,STAMBPL1,cad,null,-0.0157085224407463,0.742817152223402,2.434e-21,23.796,6087,1.87772109836277e-17,TRUE,""
ENSG00000138138,ATAD1,fbg,grey,0.0943200450500971,0.0812306530208798,0.001143,12.8248,1568,0.0311375683580869,TRUE,""
ENSG00000138138,ATAD1,t2d,null,-0.0332894276647401,0.777672894998114,3.914e-05,12.8248,2712,0.00292885325180713,TRUE,""
ENSG00000138161,CUZD1,t2d,grey,-0.244137606321457,0.167142700437544,1.478e-10,9.7699,4387,2.57043762265934e-06,TRUE,""
ENSG00000138161,CUZD1,cad,grey,-0.114781113419789,0.37490451817158,8.016e-11,9.7699,6957,1.00753063591215e-06,TRUE,""
ENSG00000138172,CALHM2,cad,grey,-0.108100088257691,0.113718222003616,4.67e-15,39.5668,4574,6.76950441380699e-11,TRUE,""
ENSG00000138180,CEP55,t2d,null,-0.042375187049381,0.86605252103331,9.337e-40,5.8808,3849,5.17163035993032e-06,TRUE,""
ENSG00000138180,CEP55,fbg,null,-0.00908039722486736,0.927564826606211,0.0007423,5.8808,1889,0.00388897185745334,TRUE,""
ENSG00000138182,KIF20B,t2d,null,0.0201991743460312,0.752596601815538,0.001035,25.5555,4676,0.00455992432293566,TRUE,""
ENSG00000138185,ENTPD1,cad,null,0.00649865026997676,0.720984861901671,0.001101,60.2442,6004,0.0065595861173389,TRUE,""
ENSG00000138193,PLCE1,fbg,null,-0.0851732367387004,0.522895216724075,0.0007423,4.6503,1802,0.00467785895820892,TRUE,""
ENSG00000138286,FAM149B1,t2d,grey,-0.167407703972113,0.121434497627408,2.375e-08,23.2239,2069,0.00029533731873383,TRUE,""
ENSG00000138297,TIMM23,fbg,null,-0.0384952721942545,0.675505089804624,0.005763,8.3231,1166,0.00578495113343714,TRUE,""
ENSG00000138311,ZNF365,fbg,null,-0.000908747066053024,0.950164661941506,0.000391,40.2919,1978,0.00448763598532452,TRUE,""
ENSG00000138336,TET1,fbg,null,0.0528043051297431,0.733172020793637,9.735e-05,5.0029,1647,0.00584139030635057,TRUE,""
ENSG00000138381,ASNSD1,t2d,grey,-0.0515313899663302,0.082590527435087,0.001298,109.0146,3502,0.00418008653971269,TRUE,""
ENSG00000138381,ASNSD1,fbg,grey,-0.0103622903736642,0.400398865140674,0.0008156,109.0146,1634,0.00401063268855546,TRUE,""
ENSG00000138386,NAB1,fbg,null,-0.00269122027184349,0.948559264755632,0.0008156,13.2282,1567,0.00374957120225156,TRUE,""
ENSG00000138398,PPIG,fbg,grey,0.0189786908844686,0.498741913600147,2.63e-99,21.5576,2138,3.82257467383529e-92,TRUE,""
ENSG00000138433,CIR1,fbg,null,-0.00865448791333136,0.738882680363527,0.0005164,22.6241,1569,0.00425666553067186,TRUE,""
ENSG00000138434,SSFA2,cad,grey,-0.136679658601159,0.311372801296993,2.182e-05,9.9145,5564,0.00440086868660675,TRUE,""
ENSG00000138439,FAM117B,t2d,null,0.000401621316463393,0.99113479840301,9.651e-05,109.3225,2468,0.00407172180978917,TRUE,""
ENSG00000138448,ITGAV,fbg,grey,0.0240487730734805,0.332197561388374,0.000946,23.6852,1541,0.00635491834780526,TRUE,""
ENSG00000138463,DIRC2,t2d,grey,-0.0797612286366012,0.0541448829592476,5.933e-29,64.3025,3827,5.62433365435317e-24,TRUE,""
ENSG00000138463,DIRC2,fbg,null,0.00195904772089898,0.907124205990156,6.79e-09,64.3025,1771,7.23121672447199e-05,TRUE,""
ENSG00000138495,COX17,t2d,grey,0.0875438203413389,0.317310507862914,0.000402,8.421,3941,0.00775056982053409,TRUE,""
ENSG00000138496,PARP9,t2d,null,0.00983070018838783,0.956658046123401,5.933e-29,9.0311,4083,1.31556097270097e-15,TRUE,""
ENSG00000138592,USP8,cad,grey,-0.026444235341344,0.422187710354532,0.0002666,27.5489,5606,0.00492580010722355,TRUE,""
ENSG00000138594,TMOD3,fbg,grey,0.108601090901364,0.110890597528893,0.000934,17.8523,1655,0.0277325791982231,TRUE,""
ENSG00000138604,GLCE,fbg,grey,0.068992884007846,0.0830364393775582,3.465e-05,32.213,1891,0.0240404814329394,TRUE,""
ENSG00000138606,SHF,t2d,null,-0.051286978019837,0.842630875430366,0.0007789,9.3391,2305,0.00673636880123765,TRUE,""
ENSG00000138621,PPCDC,t2d,grey,-0.228380738142578,0.116982086023696,6.661e-05,9.0409,1885,0.00877379924243925,TRUE,""
ENSG00000138621,PPCDC,fbg,grey,0.0905647754703325,0.150575972824847,0.0002487,9.0409,897,0.0634720837791624,TRUE,""
ENSG00000138621,PPCDC,cad,null,0.0137815962672245,0.898724545227828,2.412e-06,9.0409,3345,0.00143916603305549,TRUE,""
ENSG00000138658,C4orf21,fbg,null,0.00205616598914546,0.871864744932721,0.00136,39.9377,1707,0.00390865366683623,TRUE,""
ENSG00000138670,RASGEF1B,t2d,null,-0.0696028716941029,0.77878796246952,0.0001399,6.3817,3732,0.00409220771366928,TRUE,""
ENSG00000138738,PRDM5,t2d,grey,0.0587792066405212,0.114917391808336,0.0001285,40.9078,5146,0.0125538880771052,TRUE,""
ENSG00000138756,BMP2K,cad,null,0.0627667283871459,0.652119521822319,0.0006065,14.7303,5154,0.00611280615170903,TRUE,""
ENSG00000138758,SEPT11,cad,grey,-0.0536252832377723,0.0991224780930231,1.637e-10,31.2017,6161,6.3883517405344e-06,TRUE,""
ENSG00000138768,USO1,fbg,null,0.000543377265629705,0.982656049567221,0.00309,21.9788,1757,0.0055437694396272,TRUE,""
ENSG00000138778,CENPE,cad,grey,0.117389497155503,0.463927896450351,6.276e-05,7.7483,4718,0.00449288009262742,TRUE,""
ENSG00000138778,CENPE,fbg,grey,-0.139964400454639,0.093801736856442,3.835e-05,7.7483,1562,0.0131224278166764,TRUE,""
ENSG00000138794,CASP6,cad,grey,0.11776384160517,0.190079208997743,3.112e-05,11.4276,5271,0.00516357316353764,TRUE,""
ENSG00000138801,PAPSS1,t2d,null,0.0281547014955093,0.650994566520519,0.0003159,142.8263,3359,0.0222956171479432,TRUE,""
ENSG00000138814,PPP3CA,cad,null,0.0158227766383476,0.78048386980227,0.0006322,18.9244,5743,0.00316096898730343,TRUE,""
ENSG00000138821,SLC39A8,t2d,null,-0.0172245779167898,0.850783514612329,6.182e-10,19.3526,3222,1.7421315353171e-06,TRUE,""
ENSG00000138867,GUCD1,t2d,null,-0.0522275184526729,0.643390915016625,0.0009148,15.3439,2442,0.00573527586753541,TRUE,""
ENSG00000139044,B4GALNT3,cad,null,-0.00836239452143903,0.684558919367902,0.0001935,58.9155,4568,0.00230248339419859,TRUE,""
ENSG00000139083,ETV6,cad,grey,0.0453352591767196,0.494897759448573,2.607e-05,11.3272,5755,0.00361027364363745,TRUE,""
ENSG00000139132,FGD4,t2d,null,0.0679622505582213,0.609096452725192,1.291e-06,11.6396,5816,0.00154812946566017,TRUE,""
ENSG00000139173,TMEM117,cad,grey,0.341534158775833,0.257657791763398,0.001233,8.3106,5630,0.0108287163424194,TRUE,""
ENSG00000139174,PRICKLE1,t2d,grey,-0.171816734079998,0.0985647553740442,0.0005723,21.1716,4733,0.0237870577710304,TRUE,""
ENSG00000139174,PRICKLE1,fbg,null,-0.00770478628161426,0.893929766752772,0.003746,21.1716,2398,0.00907701056415463,TRUE,""
ENSG00000139180,NDUFA9,fbg,grey,0.0310152327249222,0.288008758003942,0.0008111,13.0921,2617,0.00658608004224104,TRUE,""
ENSG00000139192,TAPBPL,fbg,grey,0.0116395576208727,0.0682232466455102,0.0005969,115.5699,1731,0.0093764354180235,TRUE,""
ENSG00000139194,RBP5,cad,grey,0.02738068610099,0.483927304446146,6.152e-10,27.2055,4996,9.04901864919188e-07,TRUE,""
ENSG00000139218,SCAF11,fbg,grey,0.116350139137157,0.292509878183886,0.005776,5.4873,1510,0.00900932980295899,TRUE,""
ENSG00000139291,TMEM19,t2d,grey,0.131682238442106,0.302423598900007,5.649e-10,19.0442,3482,7.73072453012768e-06,TRUE,""
ENSG00000139291,TMEM19,fbg,grey,-0.0407017827911965,0.466263860956852,0.0004649,19.0442,2038,0.0108167950493446,TRUE,""
ENSG00000139370,SLC15A4,t2d,grey,-0.0992273921138114,0.107451112978789,0.0005066,23.3387,4145,0.0148138099261092,TRUE,""
ENSG00000139372,TDG,cad,null,-0.0328477370752576,0.546210515044642,5.441e-05,12.7253,6241,0.00268457377866437,TRUE,""
ENSG00000139405,C12orf52,cad,null,-0.0185132295815176,0.700522394103849,2.077e-20,39.7194,5194,3.22866712091238e-16,TRUE,""
ENSG00000139496,NUPL1,t2d,null,-0.0720873265016527,0.570102033612566,4.5e-07,11.2174,4478,0.00174805825968666,TRUE,""
ENSG00000139514,SLC7A1,cad,null,-0.0155205974456354,0.671629231263251,2.217e-06,47.2055,6492,0.00200331312660737,TRUE,""
ENSG00000139567,ACVRL1,t2d,null,-0.0302006409910661,0.544843777697548,0.0006239,34.8615,4166,0.00594077253221894,TRUE,""
ENSG00000139572,GPR84,cad,grey,-0.0321754016608717,0.37092777927468,9.28e-13,28.2141,4975,7.3271834494163e-09,TRUE,""
ENSG00000139572,GPR84,fbg,grey,-0.0189267068593363,0.363302140886898,0.008623,28.2141,1595,0.00600144976245989,TRUE,""
ENSG00000139574,NPFF,fbg,null,-0.0191147971344303,0.87583596638341,0.0008486,4.5705,1752,0.00627013641728023,TRUE,""
ENSG00000139610,CELA1,t2d,null,0.0124727389630389,0.580303690461236,7.813e-06,48.9678,3013,0.000658775467972184,TRUE,""
ENSG00000139618,BRCA2,cad,grey,0.0779642492578869,0.356593780784589,1.189e-10,13.3884,5449,1.82450005923451e-07,TRUE,""
ENSG00000139629,GALNT6,fbg,grey,0.00830424179055256,0.477904197979373,0.0002794,47.5809,1491,0.00482404242725754,TRUE,""
ENSG00000139631,CSAD,cad,null,-0.0355544373299907,0.60759216041817,9.28e-13,18.9223,5950,7.07890318862147e-09,TRUE,""
ENSG00000139651,ZNF740,cad,grey,0.0988953281706053,0.423710797166793,9.28e-13,12.1978,5936,1.00551370750012e-08,TRUE,""
ENSG00000139687,RB1,cad,grey,-0.0956600782928711,0.103306190280059,0.001469,18.6785,5632,0.0138443827394467,TRUE,""
ENSG00000139719,VPS33A,t2d,grey,-0.421713172909543,0.138418189310927,2.075e-09,10.1838,2393,6.88874218517645e-05,TRUE,""
ENSG00000139826,ABHD13,fbg,grey,0.0823480517846011,0.464920120624581,0.000475,8.2086,2892,0.00745162928899625,TRUE,""
ENSG00000139832,RAB20,cad,grey,-0.0169873474518419,0.48283234964991,3.893e-23,40.1089,7679,5.55316968028316e-19,TRUE,""
ENSG00000139842,CUL4A,fbg,grey,-0.215504071402495,0.363302140886898,0.001169,7.5497,1468,0.0186148249284663,TRUE,""
ENSG00000139899,CBLN3,fbg,grey,-0.00840389681819164,0.291171315245308,0.005151,96.2689,2213,0.0055188835231032,TRUE,""
ENSG00000139908,TSSK4,cad,grey,-0.334535637645062,0.201327791983001,0.0002795,6.0574,5605,0.00917396781130429,TRUE,""
ENSG00000139921,TMX1,fbg,grey,-0.0407602473093657,0.248563248217182,0.0005409,26.202,2452,0.0117852851546035,TRUE,""
ENSG00000139921,TMX1,t2d,null,0.0203801236546828,0.825413062302686,2.446e-05,26.202,4637,0.00559093410042958,TRUE,""
ENSG00000139946,PELI2,fbg,null,-0.00861516706021553,0.731034305380085,0.0006706,22.2181,2530,0.00407788574333363,TRUE,""
ENSG00000139977,NAA30,cad,grey,0.0882904035721965,0.207570545786712,4.262e-08,15.9602,5627,0.000817370877687334,TRUE,""
ENSG00000140006,WDR89,t2d,null,0.0498916702946651,0.900934183639928,0.00172,10.5595,3754,0.0112667312755362,TRUE,""
ENSG00000140022,STON2,fbg,grey,-0.0422001217149994,0.137354710336186,0.001629,14.7136,1933,0.0129767655982879,TRUE,""
ENSG00000140022,STON2,t2d,null,0.0324616320884611,0.645681236254419,0.0009692,14.7136,4026,0.00452664074892834,TRUE,""
ENSG00000140044,JDP2,fbg,grey,-0.0798573807243998,0.220271518788167,0.0001049,8.4248,1629,0.00772735484365613,TRUE,""
ENSG00000140044,JDP2,t2d,null,0.0399286903621999,0.812268919201515,1.673e-05,8.4248,3087,0.00343083684305625,TRUE,""
ENSG00000140044,JDP2,cad,null,0.0504362404575157,0.679025635130095,3.601e-10,8.4248,5075,3.77042443588115e-07,TRUE,""
ENSG00000140092,FBLN5,t2d,null,0.00173227903674951,0.966414784500238,6.653e-07,122.2058,3820,0.00022438585893628,TRUE,""
ENSG00000140157,NIPA2,cad,grey,0.0583524661673876,0.0888014205348407,0.0006111,29.4093,1021,0.00779177747363743,TRUE,""
ENSG00000140157,NIPA2,t2d,null,-0.0252660162786627,0.594971496951515,0.008791,29.4093,445,0.00443393935067668,TRUE,""
ENSG00000140199,SLC12A6,t2d,null,-0.0124154592365405,0.796077407140949,0.002992,32.9146,4163,0.00431449868653454,TRUE,""
ENSG00000140262,TCF12,cad,null,-0.00863183962642737,0.911528237909377,3.528e-05,16.4564,5780,0.00229080283265861,TRUE,""
ENSG00000140287,HDC,cad,grey,0.276463917887334,0.189697196218977,0.0002666,5.1506,5547,0.0146985309245544,TRUE,""
ENSG00000140287,HDC,t2d,null,0.0483811856302834,0.867632334778193,1.18e-05,5.1506,3969,0.00355365068104612,TRUE,""
ENSG00000140287,HDC,fbg,null,-0.0414695876831001,0.724132540388919,0.002455,5.1506,1659,0.00463186811607727,TRUE,""
ENSG00000140307,GTF2A2,t2d,grey,0.0384959421551573,0.267674542431267,4.76e-06,28.5416,3670,0.00330977239902234,TRUE,""
ENSG00000140326,CDAN1,t2d,null,-0.0520529200613073,0.715422457811178,2.605e-05,11.9684,2332,0.00311563612745189,TRUE,""
ENSG00000140332,TLE3,fbg,grey,0.0681529388867644,0.266520525805011,0.0003295,7.0094,1782,0.00779444758648891,TRUE,""
ENSG00000140395,WDR61,cad,grey,-0.0216042749426086,0.366643847478025,5.481e-36,49.2739,5590,3.35589497457375e-31,TRUE,""
ENSG00000140395,WDR61,t2d,null,-0.0159539261114648,0.627783826989789,2.746e-16,49.2739,3658,4.03914765551156e-12,TRUE,""
ENSG00000140396,NCOA2,fbg,grey,-0.0830111862875408,0.232039386701996,0.0004601,10.4876,1873,0.010664351134968,TRUE,""
ENSG00000140398,NEIL1,t2d,null,0.0106006403197182,0.959618036952282,6.661e-05,6.1552,2168,0.0032915993912781,TRUE,""
ENSG00000140398,NEIL1,cad,null,-0.100706083037323,0.504985075093846,2.412e-06,6.1552,3464,0.00190605032985894,TRUE,""
ENSG00000140400,MAN2C1,cad,grey,-0.0174188611991406,0.0836019195577536,2.412e-06,114.2106,3463,0.00720330447027136,TRUE,""
ENSG00000140416,TPM1,fbg,grey,-0.0334836831589512,0.131093464114656,1.042e-10,44.5589,2036,1.29068100671326e-06,TRUE,""
ENSG00000140455,USP3,t2d,null,-0.00071742878522525,0.980541330250361,2.577e-10,49.5955,3824,5.48606963029279e-07,TRUE,""
ENSG00000140459,CYP11A1,cad,grey,0.304554118858115,0.119813814205544,7.557e-07,7.2677,4105,0.00234423767249213,TRUE,""
ENSG00000140459,CYP11A1,t2d,null,0.145025770884817,0.592156028908923,0.0006581,7.2677,2435,0.00586317571582414,TRUE,""
ENSG00000140471,LINS,fbg,null,0.00761801600980276,0.608514456754163,0.00344,88.0102,2260,0.0100820619087795,TRUE,""
ENSG00000140479,PCSK6,cad,grey,-0.208140679185404,0.191399023711781,0.0004252,6.8801,4867,0.00747379791353402,TRUE,""
ENSG00000140511,HAPLN3,t2d,grey,-0.139322252397276,0.22463863892378,5.513e-11,12.9884,2821,9.3492086722988e-08,TRUE,""
ENSG00000140543,DET1,t2d,grey,-0.0471809596429123,0.342764082783861,0.002184,27.8236,2878,0.00608299754646481,TRUE,""
ENSG00000140543,DET1,cad,grey,0.0293287046428914,0.419656375617377,5.206e-11,27.8236,5249,3.18254839312348e-08,TRUE,""
ENSG00000140545,MFGE8,fbg,null,0.00549812943679604,0.617075077451974,0.002619,58.8172,1725,0.00457018195954085,TRUE,""
ENSG00000140577,CRTC3,t2d,grey,-0.0535075459527417,0.449590704210959,2.164e-12,18.7128,3561,1.82817632943985e-08,TRUE,""
ENSG00000140577,CRTC3,fbg,null,0.012082349086103,0.671389024011197,0.0008607,18.7128,1825,0.0064627033983077,TRUE,""
ENSG00000140598,EFTUD1,cad,grey,0.211689367757674,0.138603200410297,0.0001226,9.838,3533,0.0101219908886328,TRUE,""
ENSG00000140612,SEC11A,t2d,null,-0.0195353616985189,0.804760401488793,0.0008067,20.0457,3247,0.00424985989944267,TRUE,""
ENSG00000140632,GLYR1,fbg,null,0.0273521055420637,0.717300494430804,0.0001091,13.6414,2031,0.00708182237991065,TRUE,""
ENSG00000140675,SLC5A2,t2d,grey,-0.210948033536873,0.406795827115667,1.523e-05,6.1117,1086,0.00575137718973561,TRUE,""
ENSG00000140675,SLC5A2,fbg,null,-0.0317866899850082,0.759943064406937,0.007129,6.1117,500,0.00477756734609042,TRUE,""
ENSG00000140682,TGFB1I1,cad,null,-0.0163355793892231,0.873881476173793,0.0001223,10.8596,1998,0.00299297636836534,TRUE,""
ENSG00000140682,TGFB1I1,fbg,null,0.0310376008395239,0.597653582632867,0.007129,10.8596,511,0.00496841961513655,TRUE,""
ENSG00000140691,ARMC5,t2d,grey,-0.0937380560815344,0.317310507862914,1.523e-05,16.5117,1106,0.00518408069684839,TRUE,""
ENSG00000140691,ARMC5,cad,null,-0.0106520518274471,0.873881476173793,0.0001223,16.5117,2015,0.00292196589520111,TRUE,""
ENSG00000140718,FTO,t2d,null,0.0155927466472781,0.838118229750606,1.59e-47,21.6162,3664,4.16151778789712e-44,TRUE,""
ENSG00000140749,IGSF6,cad,grey,-0.0633464350173542,0.125193745581814,0.0006153,23.543,2233,0.00853150807581548,TRUE,""
ENSG00000140750,ARHGAP17,fbg,null,0.0290709543602349,0.556374370426907,0.001217,12.2459,1866,0.00480087201423151,TRUE,""
ENSG00000140807,NKD1,fbg,grey,0.0886719532798536,0.149534833950161,0.0001364,9.8173,1624,0.00943516664066009,TRUE,""
ENSG00000140829,DHX38,fbg,grey,-0.0289752986677519,0.189351486043285,0.000188,25.445,1322,0.00956041387932357,TRUE,""
ENSG00000140830,TXNL4B,cad,grey,0.391252703402957,0.111820805207699,2.92e-11,11.5648,4365,5.23616491651316e-06,TRUE,""
ENSG00000140836,ZFHX3,t2d,grey,0.0937420424860705,0.243345009148762,6.914e-06,17.2474,3102,0.00567680979172825,TRUE,""
ENSG00000140836,ZFHX3,cad,grey,-0.0772599251258823,0.188244713282316,2.92e-11,17.2474,5263,1.97474749019922e-07,TRUE,""
ENSG00000140848,CPNE2,t2d,null,0.0353256914700428,0.793031390757007,0.0007795,26.5621,3370,0.00972478112307828,TRUE,""
ENSG00000140853,NLRC5,fbg,null,-0.00169648030265637,0.883085590508198,9.169e-05,35.1987,1849,0.00394910537579153,TRUE,""
ENSG00000140854,KATNB1,cad,grey,-0.0550428396356957,0.477181299542089,1.194e-09,14.9178,6612,4.97911695051024e-06,TRUE,""
ENSG00000140931,CMTM3,t2d,grey,-0.0732188229457686,0.149009774089831,0.0002947,27.6599,2900,0.00966924671147779,TRUE,""
ENSG00000140932,CMTM2,t2d,null,-0.0915681893480836,0.761977796136126,0.0002947,12.0624,2923,0.00922227559073443,TRUE,""
ENSG00000140950,KIAA1609,cad,null,-0.0121054455107921,0.728424377268948,2.95e-05,19.3346,10135,0.00268837543070705,TRUE,""
ENSG00000141012,GALNS,fbg,grey,0.0113194211985201,0.423710797166793,0.008102,38.2149,1247,0.00557034945058932,TRUE,""
ENSG00000141028,CDRT15P1,fbg,null,0.00074512172954601,0.897986641842342,0.0004847,48.222,2790,0.00433161272113075,TRUE,""
ENSG00000141068,KSR1,t2d,null,0.0188179472110265,0.571213608372943,0.002609,40.9114,2123,0.00472747160651745,TRUE,""
ENSG00000141068,KSR1,cad,null,-0.0088084008221826,0.709236748741436,0.0002157,40.9114,3220,0.00294830684014369,TRUE,""
ENSG00000141084,RANBP10,t2d,null,-0.223876080204049,0.607693237328678,0.0002947,7.3026,1993,0.0102732417243616,TRUE,""
ENSG00000141096,DPEP3,t2d,grey,-0.0528994391933096,0.261093840322957,0.0002947,38.6702,2150,0.00593365746529846,TRUE,""
ENSG00000141101,NOB1,t2d,grey,-0.116911956346352,0.453254704753736,3.882e-09,8.2529,2066,1.42460423151857e-05,TRUE,""
ENSG00000141316,SPACA3,cad,null,-0.0107150757552695,0.880764615259515,3.082e-05,19.0646,5101,0.00320049503807329,TRUE,""
ENSG00000141428,C18orf21,t2d,grey,0.196474532596587,0.38437527015617,0.01384,6.9306,3363,0.010067794740268,TRUE,""
ENSG00000141429,GALNT1,fbg,null,-0.00421231827748971,0.846529514964004,0.002015,25.3382,1839,0.00385762017156072,TRUE,""
ENSG00000141447,OSBPL1A,fbg,grey,0.0138402514915655,0.416504786576218,0.0004315,33.2588,1909,0.00527900699088024,TRUE,""
ENSG00000141447,OSBPL1A,t2d,null,-0.00319390419036127,0.940951444465206,8e-07,33.2588,3416,0.000397792268585349,TRUE,""
ENSG00000141499,WRAP53,cad,grey,-0.270432819183027,0.307333408792037,7.635e-05,6.4158,5177,0.0064278771245138,TRUE,""
ENSG00000141506,PIK3R5,fbg,null,-0.0155953735100537,0.825871154703571,0.001727,12.5322,1747,0.00651509874509523,TRUE,""
ENSG00000141524,TMC6,cad,grey,-0.0632220084891494,0.345207856238078,3.156e-05,28.4363,6925,0.00646752379978036,TRUE,""
ENSG00000141524,TMC6,fbg,null,0.0125192096018118,0.750894345430481,0.000889,28.4363,1793,0.00756997789018014,TRUE,""
ENSG00000141526,SLC16A3,t2d,null,0.0059833405788793,0.86605252103331,1.536e-05,41.0902,1293,0.00328539817515371,TRUE,""
ENSG00000141526,SLC16A3,cad,null,-0.017095258796798,0.518822668670191,5.203e-05,41.0902,4984,0.00265004902037646,TRUE,""
ENSG00000141543,EIF4A3,fbg,grey,0.0180929067330612,0.453254704753736,5.288e-05,23.6096,1842,0.00469058672988009,TRUE,""
ENSG00000141543,EIF4A3,cad,null,-0.00753871113877549,0.865410037659992,0.0001852,23.6096,7038,0.0026579190340357,TRUE,""
ENSG00000141564,RPTOR,fbg,grey,0.020692189892967,0.341492955343765,5.288e-05,33.4354,1539,0.00688254325881827,TRUE,""
ENSG00000141569,TRIM65,t2d,grey,0.0808514526339576,0.367170709962626,0.0005387,22.2218,2505,0.00774893364300073,TRUE,""
ENSG00000141576,RNF157,cad,grey,-0.0727665603809307,0.0735385619032396,3.002e-06,22.8656,5865,0.00438461564576736,TRUE,""
ENSG00000141576,RNF157,fbg,null,-0.0135545553650753,0.539940330191881,0.008484,22.8656,1412,0.00433979153326107,TRUE,""
ENSG00000141582,CBX4,fbg,null,-0.0220794913805237,0.555362566713577,0.001125,16.0586,1759,0.00534773538550333,TRUE,""
ENSG00000141627,DYM,t2d,grey,-0.0633634177101157,0.237712824582877,6.589e-05,25.2291,4218,0.00727777003706096,TRUE,""
ENSG00000141644,MBD1,t2d,null,0.153282476191681,0.563052648351323,0.0005095,5.5443,4170,0.00462118623589981,TRUE,""
ENSG00000141644,MBD1,cad,null,0.0447073888892404,0.812433265726068,1.136e-09,5.5443,5695,0.000118841683106543,TRUE,""
ENSG00000141646,SMAD4,t2d,null,0.0147021673930588,0.829619285835578,0.0005095,20.3688,3483,0.00401255715630356,TRUE,""
ENSG00000141655,TNFRSF11A,t2d,grey,0.292670287247618,0.0623727874477436,3.988e-06,9.9553,3889,0.0226460096741186,TRUE,""
ENSG00000141655,TNFRSF11A,cad,null,0.0267686238336236,0.817494086363381,2.434e-06,9.9553,6020,0.00226904956278239,TRUE,""
ENSG00000141664,ZCCHC2,cad,grey,0.0569990134369301,0.219947901038635,2.434e-06,19.2764,6084,0.00544692918247582,TRUE,""
ENSG00000141759,TXNL4A,t2d,null,-0.0187869181569543,0.872492083811466,1.653e-06,15.08,2284,0.00166262630878506,TRUE,""
ENSG00000141854,CTB-55O6.8,cad,grey,-0.0495437820770364,0.443899464701257,3.849e-05,12.8379,5760,0.00373907940707162,TRUE,""
ENSG00000141873,SLC39A3,cad,grey,0.0477495171383233,0.0841186947979135,6.73e-06,44.8264,6039,0.00243352680183084,TRUE,""
ENSG00000141873,SLC39A3,fbg,null,0.0100525299238575,0.516565503095008,0.0019,44.8264,1135,0.00501886664436271,TRUE,""
ENSG00000141959,PFKL,cad,grey,-0.0341090169493569,0.490704219124049,3.429e-07,22.3657,6338,0.000212862304780988,TRUE,""
ENSG00000141977,CIB3,cad,grey,-0.255584372069308,0.134764384293959,1.093e-07,11.3221,6029,0.00282281343263769,TRUE,""
ENSG00000141977,CIB3,t2d,null,-0.0665426767517724,0.767763178580528,0.0002466,11.3221,3493,0.00685017752288484,TRUE,""
ENSG00000141994,DUS3L,cad,grey,0.0359060964823986,0.103807911902132,5.626e-06,47.079,6393,0.00814041286095685,TRUE,""
ENSG00000142002,DPP9,fbg,grey,0.0368967027515632,0.302191107206298,0.005244,25.911,1144,0.01195383890736,TRUE,""
ENSG00000142039,CCDC97,t2d,grey,-0.147618442880762,0.360383726448537,0.0003116,9.0433,1864,0.0065612202478085,TRUE,""
ENSG00000142039,CCDC97,fbg,grey,-0.0649521148675353,0.331753366775936,0.000827,9.0433,1066,0.00663691506689837,TRUE,""
ENSG00000142102,ATHL1,cad,grey,-0.0187043964729967,0.249861877892272,8.347e-06,80.3137,3332,0.0189808568404962,TRUE,""
ENSG00000142186,SCYL1,fbg,grey,-0.140365158705371,0.395705998300659,0.003257,7.7878,896,0.0119561332494101,TRUE,""
ENSG00000142192,APP,fbg,null,-0.0129104588035827,0.564779052623049,0.0008981,26.1072,2110,0.00512197489188256,TRUE,""
ENSG00000142230,SAE1,cad,grey,-0.111508874253222,0.0782055681866274,4.714e-05,18.3791,5665,0.0123698117426414,TRUE,""
ENSG00000142230,SAE1,fbg,grey,-0.0463045325288804,0.232039386701996,0.005501,18.3791,1314,0.00985892439934099,TRUE,""
ENSG00000142409,ZNF787,cad,grey,0.229093180630735,0.188418862338277,4.205e-06,11.8276,6670,0.0135193744681426,TRUE,""
ENSG00000142444,C19orf52,t2d,null,0.00210960835867382,0.979802548390434,0.00211,16.7541,2032,0.00404542220263003,TRUE,""
ENSG00000142494,SLC47A1,cad,null,0.00314919333194431,0.921645915309972,0.006574,33.8497,2755,0.00285105272232788,TRUE,""
ENSG00000142507,PSMB6,fbg,grey,0.0566672323663574,0.496982459594656,0.0002989,11.2009,1718,0.00747904605789471,TRUE,""
ENSG00000142528,ZNF473,t2d,null,0.0765090029015669,0.578514721507944,0.001253,12.7878,1378,0.00556147081909709,TRUE,""
ENSG00000142544,CTU1,t2d,null,0.0278993881711945,0.849944540437619,0.0001214,8.8856,2530,0.00350639024128162,TRUE,""
ENSG00000142606,MMEL1,t2d,null,0.0129441884958265,0.587702312844741,0.002706,33.3215,585,0.00501108890660507,TRUE,""
ENSG00000142621,FHAD1,t2d,grey,0.0626447869319758,0.259919135247011,1.768e-05,20.4587,3618,0.0034776752742125,TRUE,""
ENSG00000142621,FHAD1,fbg,grey,0.0218200943246208,0.332669938984237,0.001479,20.4587,1709,0.00602854605709482,TRUE,""
ENSG00000142751,GPN2,fbg,grey,0.0590242983985779,0.332669938984237,1.967e-05,8.8802,954,0.00605333039017796,TRUE,""
ENSG00000142798,HSPG2,fbg,null,0.00571873725951138,0.697358341877476,0.001058,23.4583,1711,0.00462928823921893,TRUE,""
ENSG00000142892,PIGK,t2d,null,0.0364310799596548,0.561479628322256,9.531e-05,26.3824,3844,0.00437227891330655,TRUE,""
ENSG00000142920,ADC,cad,null,-0.0350378924765128,0.704457418583588,7.588e-05,10.154,3872,0.00307228307313528,TRUE,""
ENSG00000142945,KIF2C,cad,grey,-0.264038993205401,0.197698767203095,7.517e-05,5.0529,4176,0.00596170138602253,TRUE,""
ENSG00000142959,BEST4,t2d,grey,-0.250398574509988,0.145306754578837,0.0007634,10.663,2644,0.0142896001503661,TRUE,""
ENSG00000142973,CYP4B1,t2d,null,-0.0352981290428477,0.855725415320072,0.000891,8.9218,2983,0.00488082850817536,TRUE,""
ENSG00000143013,LMO4,t2d,grey,0.184262341952245,0.114106866475508,0.0006028,15.2254,3467,0.0158934671441748,TRUE,""
ENSG00000143110,C1orf162,t2d,grey,-0.15283284160059,0.0726249107795155,2e-07,17.3536,4424,0.00214404065732031,TRUE,""
ENSG00000143126,CELSR2,fbg,grey,-0.0238335223997173,0.260589034273618,0.001876,26.8865,1308,0.00704704607655199,TRUE,""
ENSG00000143149,ALDH9A1,t2d,grey,-0.0470635214165794,0.217740662761456,0.0002468,50.6114,4333,0.00447999685589912,TRUE,""
ENSG00000143149,ALDH9A1,cad,null,0.00355196388049656,0.895658593641375,0.0001576,50.6114,6248,0.00275930467567863,TRUE,""
ENSG00000143153,ATP1B1,fbg,null,0.0109526626696496,0.514941407043905,4.083e-05,48.1432,2517,0.0103157267575957,TRUE,""
ENSG00000143158,MPC2,fbg,grey,0.0350041596595661,0.485821758188089,0.0003585,10.5315,2058,0.00522459566019094,TRUE,""
ENSG00000143162,CREG1,fbg,null,0.00436765603481856,0.824140895741885,0.0003585,32.6033,2058,0.00439820779108229,TRUE,""
ENSG00000143178,TBX19,t2d,grey,-0.0420984363294785,0.41821391318549,0.0002453,28.6544,3795,0.00521040096814216,TRUE,""
ENSG00000143248,RGS5,t2d,grey,-0.0982868920762791,0.205038485639118,3.077e-07,23.1027,4586,7.95193765028661e-05,TRUE,""
ENSG00000143252,SDHC,t2d,null,0.00312055854242829,0.937578875461694,0.001063,33.382,3672,0.00782519032111778,TRUE,""
ENSG00000143314,MRPL24,t2d,grey,-0.12820992568767,0.129205752509275,0.0001772,18.2642,3227,0.0117081505300917,TRUE,""
ENSG00000143320,CRABP2,fbg,null,-0.00466678400651849,0.935871591256474,0.001098,24.5027,1644,0.0103070397739478,TRUE,""
ENSG00000143321,HDGF,t2d,grey,-0.311029178974001,0.132831229898694,0.0001772,14.1671,3231,0.0217418388596337,TRUE,""
ENSG00000143353,LYPLAL1,t2d,null,0.0162368955490202,0.617075077451974,1.302e-12,28.6848,4135,6.34067655021343e-09,TRUE,""
ENSG00000143365,RORC,t2d,grey,0.176465086698715,0.360825570956311,0.0001616,10.6922,2605,0.007857280108655,TRUE,""
ENSG00000143374,TARS2,fbg,grey,0.0438933613272707,0.383771766671716,0.0002148,10.9484,704,0.00554794635872094,TRUE,""
ENSG00000143374,TARS2,t2d,null,-0.0178824805407399,0.889260100828208,9.493e-06,10.9484,1862,0.00192705839124231,TRUE,""
ENSG00000143416,SELENBP1,fbg,grey,-0.0591328654836587,0.389532704716716,0.0002148,11.1364,1070,0.00750982336400866,TRUE,""
ENSG00000143420,ENSA,fbg,grey,-0.0951475302497791,0.317310507862914,0.0002148,9.5878,769,0.0101413974384841,TRUE,""
ENSG00000143420,ENSA,t2d,null,0.166508177937113,0.500264221297225,9.493e-06,9.5878,1976,0.00495498255567424,TRUE,""
ENSG00000143442,POGZ,t2d,grey,0.0458675866906694,0.480261302753423,9.493e-06,27.9413,2400,0.00368065322639831,TRUE,""
ENSG00000143442,POGZ,fbg,grey,-0.0363118394634466,0.164454826104283,0.0002148,27.9413,1093,0.0192075536731051,TRUE,""
ENSG00000143499,SMYD2,cad,grey,0.0257792140000397,0.360825570956311,0.002125,24.5534,5967,0.00415304107107016,TRUE,""
ENSG00000143514,TP53BP2,t2d,null,-0.00625149919130581,0.957057737381541,0.02351,19.8947,2282,0.00649896190741229,TRUE,""
ENSG00000143537,ADAM15,t2d,grey,-0.0590613543552566,0.112233142968296,1.713e-06,74.9462,1937,0.00532697673589111,TRUE,""
ENSG00000143545,RAB13,fbg,grey,-0.0826692891138808,0.214975394149174,9.475e-05,8.0412,1474,0.0121994450806435,TRUE,""
ENSG00000143553,SNAPIN,fbg,grey,0.0450677313743682,0.0995459556044277,9.475e-05,20.2368,1450,0.0129274001613745,TRUE,""
ENSG00000143554,SLC27A3,cad,null,0.0269662010076514,0.651143699743314,6.693e-15,34.0831,4064,1.51681392730166e-10,TRUE,""
ENSG00000143554,SLC27A3,fbg,null,0.00259290394304341,0.938684739206775,9.475e-05,34.0831,1415,0.00692336914366716,TRUE,""
ENSG00000143575,HAX1,cad,null,-0.00154973713530939,0.962019851444415,6.693e-15,30.3503,3759,7.50663511566125e-11,TRUE,""
ENSG00000143578,CREB3L4,cad,null,-0.00614671205169947,0.902259917132016,6.693e-15,20.271,4236,7.21021399145802e-11,TRUE,""
ENSG00000143612,C1orf43,t2d,null,-0.0284917858853461,0.694758945483497,1.713e-06,17.2737,2540,0.000955134615905172,TRUE,""
ENSG00000143614,GATAD2B,cad,null,-0.0367725257166383,0.789002893940479,6.693e-15,6.1705,4209,1.781484628412e-06,TRUE,""
ENSG00000143614,GATAD2B,fbg,null,-0.0387079218069877,0.625688055872567,9.475e-05,6.1705,1511,0.00512065565995185,TRUE,""
ENSG00000143622,RIT1,fbg,null,-0.00962646116121146,0.633938683881346,0.002818,24.8124,868,0.00511886760093748,TRUE,""
ENSG00000143643,TTC13,t2d,null,-0.0125168707457081,0.832290604654577,0.001218,25.4638,4212,0.00410096023542242,TRUE,""
ENSG00000143740,SNAP47,t2d,null,-0.0569879085952695,0.653562305233114,0.0008577,16.3145,4125,0.21134778701971,TRUE,""
ENSG00000143742,SRP9,t2d,null,0.0396622930037917,0.687556039477729,0.0002166,10.0005,3560,0.00329784656124107,TRUE,""
ENSG00000143756,FBXO28,t2d,grey,-0.0292044073129725,0.317310507862914,0.02351,67.0841,2956,0.0143445902802642,TRUE,""
ENSG00000143756,FBXO28,fbg,null,-0.00365055091412156,0.759943064406937,0.0002694,67.0841,1514,0.00580157618415568,TRUE,""
ENSG00000143761,ARF1,t2d,grey,0.135979035221189,0.472788907323068,0.000834,7.2601,3946,0.00485250506693298,TRUE,""
ENSG00000143761,ARF1,fbg,null,0.0242819705752124,0.786952335429884,0.002716,7.2601,1638,0.00560551847650193,TRUE,""
ENSG00000143772,ITPKB,t2d,null,-0.00360269604810899,0.970455474702892,0.000889,14.7932,4247,0.00378293974260468,TRUE,""
ENSG00000143774,GUK1,t2d,grey,-0.195144665634687,0.141795958594924,0.000834,7.2825,3846,0.029254414952311,TRUE,""
ENSG00000143842,SOX13,t2d,null,0.196981860375881,0.566026646095998,2.539e-05,5.8928,3113,0.00553990175025028,TRUE,""
ENSG00000143850,PLEKHA6,t2d,grey,0.089277759102686,0.173682784589957,9.455e-06,12.5591,3185,0.00956616991632818,TRUE,""
ENSG00000143882,ATP6V1C2,cad,grey,-0.0956662056732464,0.317310507862914,0.0003259,9.4357,7290,0.0851719880480871,TRUE,""
ENSG00000143889,HNRPLL,cad,grey,0.0595563461593785,0.334692148107316,0.0005005,22.4595,5990,0.00650237724296513,TRUE,""
ENSG00000143924,EML4,t2d,null,0.00371158839241045,0.900523550339774,1.736e-22,60.5956,4888,1.34579286665268e-18,TRUE,""
ENSG00000143951,WDPCP,fbg,grey,-0.0271444010861391,0.195624786869267,0.006967,25.9227,1364,0.0105651846927326,TRUE,""
ENSG00000143952,VPS54,fbg,null,0.0105923602389575,0.919542441743828,0.006967,11.2749,1512,0.0120115491933114,TRUE,""
ENSG00000144043,TEX261,cad,grey,0.107761726105199,0.152557632901191,1.22e-06,16.9551,5975,0.00154851992953415,TRUE,""
ENSG00000144048,DUSP11,cad,grey,-0.197525833808621,0.298822856524511,0.0003161,7.1913,3550,0.00891765465720831,TRUE,""
ENSG00000144115,THNSL2,t2d,null,0.0156060989338659,0.713639548038236,0.01611,95.9781,1346,0.0059670712838297,TRUE,""
ENSG00000144118,RALB,cad,null,0.00425790032101156,0.831237456877116,0.0003369,54.7788,5168,0.00281851581469107,TRUE,""
ENSG00000144120,TMEM177,t2d,grey,0.0986230582701096,0.331753366775936,2.827e-11,17.8107,3172,2.93768392453136e-07,TRUE,""
ENSG00000144136,SLC20A1,t2d,grey,0.0243079436928824,0.49813992156856,0.0005841,66.4034,3001,0.00578589953990449,TRUE,""
ENSG00000144161,ZC3H8,fbg,null,0.0189467299134808,0.580515713596355,0.00485,19.6263,1338,0.00537722085524274,TRUE,""
ENSG00000144182,LIPT1,t2d,grey,-0.0275589947621789,0.41786742785345,0.0006565,65.5543,3216,0.00362779449808643,TRUE,""
ENSG00000144214,LYG1,t2d,null,-0.0147046567527504,0.586232434178078,0.0004319,34.9236,3153,0.00412988729353828,TRUE,""
ENSG00000144231,POLR2D,fbg,null,0.00616130148840429,0.761866768188248,0.002768,28.89,1837,0.00415276747321347,TRUE,""
ENSG00000144283,PKP4,t2d,null,-0.0105493537038627,0.735485394111986,0.0002437,42.2279,4124,0.00323049695426636,TRUE,""
ENSG00000144362,PHOSPHO2,t2d,null,-0.00677244706623738,0.87583596638341,0.0001292,61.0986,4491,0.00374596542638491,TRUE,""
ENSG00000144407,PTH2R,fbg,grey,-0.276241505471399,0.153127451019669,4.062e-05,8.8893,1668,0.0310504216239445,TRUE,""
ENSG00000144524,COPS7B,t2d,null,-0.0587364363161235,0.812998822226794,0.0002114,6.3693,3076,0.00433043605887733,TRUE,""
ENSG00000144550,CPNE9,cad,null,0.00771816425827794,0.942232838493021,3.918e-05,6.7498,6037,0.00302027594243099,TRUE,""
ENSG00000144560,VGLL4,t2d,grey,-0.0812728565974794,0.357335275894853,1.637e-24,11.9676,3757,9.56205492695245e-21,TRUE,""
ENSG00000144579,CTDSP1,fbg,null,-0.0226354210168682,0.78331623830721,0.001446,7.3424,1399,0.00660678950066567,TRUE,""
ENSG00000144580,RQCD1,t2d,null,-0.000750630830009664,0.971167077178938,0.0002965,48.1538,2298,0.0036379820584724,TRUE,""
ENSG00000144591,GMPPA,cad,null,-0.00285268626296265,0.99281194803678,3.778e-05,6.2283,4962,0.00474729193024866,TRUE,""
ENSG00000144647,GTDC2,fbg,null,0.00351246986433255,0.925307750889347,0.002533,13.6872,1668,0.00383197134657824,TRUE,""
ENSG00000144659,SLC25A38,cad,grey,-0.0588722917945926,0.271870393776563,0.0003201,12.1138,5536,0.00646671069907184,TRUE,""
ENSG00000144677,CTDSPL,t2d,grey,0.522774005171228,0.0632908322333453,0.005872,7.5639,3115,0.028001461921838,TRUE,""
ENSG00000144677,CTDSPL,cad,null,-0.00536178466842285,0.97872559981886,0.0003187,7.5639,4690,0.00910556601860732,TRUE,""
ENSG00000144711,IQSEC1,cad,null,0.0368133297545773,0.546681849454599,4.405e-06,19.634,6112,0.00155671662696365,TRUE,""
ENSG00000144724,PTPRG,t2d,grey,0.305923193545848,0.0526056163897508,8.137e-06,5.5882,4486,0.0133226297944705,TRUE,""
ENSG00000144815,NXPE3,t2d,null,0.0185978896523065,0.753167584636903,0.009648,43.2627,3548,0.00765158727979319,TRUE,""
ENSG00000144815,NXPE3,cad,null,-0.00520740910264582,0.898724545227828,0.001098,43.2627,4776,0.00518141093622874,TRUE,""
ENSG00000144821,MYH15,t2d,grey,0.324402506966146,0.126490221855965,0.0003432,6.5081,3911,0.0141476240198875,TRUE,""
ENSG00000144824,PHLDB2,cad,null,-0.0278531184294807,0.795927918181723,0.001084,8.7772,5862,0.00283749466816289,TRUE,""
ENSG00000144847,IGSF11,cad,null,-0.00869052931664188,0.92968966605199,0.0002005,23.7913,5840,0.00626089480848056,TRUE,""
ENSG00000144867,SRPRB,t2d,grey,0.0349951193488765,0.365860033041956,0.001022,50.8205,3949,0.00700707405217997,TRUE,""
ENSG00000144895,EIF2A,fbg,null,0.00281182006143777,0.880764615259515,0.002574,48.3701,1665,0.00643977191546062,TRUE,""
ENSG00000144909,OSBPL11,fbg,grey,-0.0628792497336349,0.0682232466455102,0.001146,17.5511,2255,0.0205936700467969,TRUE,""
ENSG00000145014,TMEM44,cad,grey,0.0242729273003635,0.463355149269596,0.0001155,29.569,7358,0.00339048393836573,TRUE,""
ENSG00000145029,NICN1,fbg,null,-0.00309974032552093,0.841480581121794,0.0001937,46.8793,663,0.00510049116619351,TRUE,""
ENSG00000145088,EAF2,t2d,grey,0.0330630293453099,0.408146100261111,0.0004137,36.0705,4162,0.00640536809449104,TRUE,""
ENSG00000145103,ILDR1,t2d,null,-0.00462040122673726,0.973758529917755,0.0002738,19.1951,4155,0.00679438413299548,TRUE,""
ENSG00000145198,VWA5B2,t2d,null,-0.106202585144612,0.722173432772911,3.175e-05,4.6602,3215,0.00391529821710425,TRUE,""
ENSG00000145216,FIP1L1,t2d,grey,-0.271748359326212,0.146718745249695,0.001481,7.0762,3698,0.0100912193556656,TRUE,""
ENSG00000145241,CENPC1,cad,null,-0.00124988069848041,0.9597199248219,0.0006623,38.9772,4946,0.00452684453969988,TRUE,""
ENSG00000145244,CORIN,fbg,grey,-0.0148132091720574,0.222939094167741,0.007258,53.0509,1611,0.00614067975776409,TRUE,""
ENSG00000145331,TRMT10A,t2d,null,-0.103174259137904,0.732473762774503,2.565e-06,10.3181,4601,0.000462586752066336,TRUE,""
ENSG00000145335,SNCA,cad,null,0.0122513144936275,0.783037890647658,5.664e-05,27.1882,6129,0.00283417006252963,TRUE,""
ENSG00000145348,TBCK,fbg,grey,0.0174392181872559,0.381573905705021,0.002765,35.2993,1579,0.00780201336743272,TRUE,""
ENSG00000145349,CAMK2D,cad,null,0.0152290533014921,0.82057605700214,0.002528,25.6673,5613,0.00464980476751225,TRUE,""
ENSG00000145375,SPATA5,fbg,null,-0.0723119325585631,0.636407766483415,0.0002247,6.3784,1484,0.00702766563873355,TRUE,""
ENSG00000145386,CCNA2,fbg,grey,-0.0608153553142725,0.196938679952046,0.0002643,11.7072,1697,0.00804932555387694,TRUE,""
ENSG00000145386,CCNA2,t2d,null,0.0258465260085658,0.831716977781815,0.0001285,11.7072,4282,0.00353400722745008,TRUE,""
ENSG00000145388,METTL14,cad,grey,0.0474391965251371,0.435590430382112,1.268e-08,17.1685,5473,6.73596977599758e-06,TRUE,""
ENSG00000145390,USP53,t2d,null,0.00180753248746443,0.95309266714744,0.000316,83.4183,4325,0.0060080836599693,TRUE,""
ENSG00000145423,SFRP2,fbg,grey,-0.0234219159644887,0.475050524053953,0.0003264,18.9987,1760,0.0112076843844725,TRUE,""
ENSG00000145423,SFRP2,t2d,null,0.0206112860487501,0.800365919158348,0.007424,18.9987,3753,0.00522055613574587,TRUE,""
ENSG00000145425,RPS3A,cad,grey,0.115524354254986,0.457695389725024,0.0008491,14.1043,4395,0.0078321006831606,TRUE,""
ENSG00000145425,RPS3A,fbg,grey,0.137256658520775,0.172682041418748,0.01054,14.1043,1354,0.024710929923497,TRUE,""
ENSG00000145439,CBR4,fbg,null,-0.00993706562185777,0.588048156696901,0.0004126,47.1064,1654,0.00702281532673108,TRUE,""
ENSG00000145476,CYP4V2,cad,null,-0.000753654693047928,0.972009793963865,6.266e-06,66.6661,7127,0.0172291999736492,TRUE,""
ENSG00000145491,ROPN1L,t2d,grey,-0.383521509034467,0.061305293624337,0.003103,7.9289,4172,0.0262229263831284,TRUE,""
ENSG00000145495,MARCH6,cad,null,0.0103807545932715,0.738882680363527,3.752e-13,57.3179,6633,7.34128849735997e-10,TRUE,""
ENSG00000145545,SRD5A1,fbg,grey,-0.0100399413349113,0.495353925990435,0.0002989,28.6387,2637,0.00647847634132461,TRUE,""
ENSG00000145555,MYO10,cad,grey,0.0282204940002045,0.476548744736444,9.68e-06,26.3169,5515,0.00262342219423509,TRUE,""
ENSG00000145604,SKP2,fbg,null,0.00490362179301757,0.841480581121794,0.0001212,36.2997,1958,0.00585886384520769,TRUE,""
ENSG00000145632,PLK2,t2d,null,0.114606892846783,0.551684329116147,0.0006118,7.4033,4906,0.00440344412043587,TRUE,""
ENSG00000145687,SSBP2,t2d,grey,0.0736395694303608,0.41821391318549,0.0007942,16.4041,3560,0.00514885926945502,TRUE,""
ENSG00000145708,CRHBP,fbg,null,0.0493181467999897,0.674956824198369,7.201e-06,4.6114,2236,0.00356014148211785,TRUE,""
ENSG00000145715,RASA1,cad,null,-0.0222886214501958,0.832012471360641,1.872e-05,11.1594,4322,0.00192544641077353,TRUE,""
ENSG00000145730,PAM,fbg,grey,-0.022127311559607,0.118170245865335,0.00174,172.3943,1848,0.00837046096686187,TRUE,""
ENSG00000145734,BDP1,t2d,null,-0.00252076050201789,0.981227977779993,0.007103,7.6031,1965,0.00414426629229563,TRUE,""
ENSG00000145741,BTF3,t2d,grey,0.270122550166468,0.0571137833008738,0.000105,10.2248,4030,0.0158510453728572,TRUE,""
ENSG00000145850,TIMD4,t2d,grey,0.111530178969012,0.152557632901191,1.962e-05,16.4386,4509,0.00390771477368321,TRUE,""
ENSG00000145868,FBXO38,cad,null,0.00962649363418048,0.660953939892624,0.0001121,42.7633,5175,0.0025887938172879,TRUE,""
ENSG00000145901,TNIP1,cad,grey,0.0365216881257953,0.38894154746715,0.0003458,27.2425,5822,0.00413098600855658,TRUE,""
ENSG00000145901,TNIP1,t2d,null,0.0156521520539123,0.791983150114723,0.0001521,27.2425,3862,0.00411655161581112,TRUE,""
ENSG00000145907,G3BP1,fbg,grey,-0.0892439545471595,0.175468950513596,0.009201,8.3487,2389,0.00898848730141961,TRUE,""
ENSG00000145908,ZNF300,fbg,null,0.0108091226913501,0.88160399979692,0.0005283,11.5273,2150,0.00918191007496281,TRUE,""
ENSG00000145920,CPLX2,cad,null,-0.042709642493175,0.65672128656377,0.003219,9.6142,4690,0.0046381633401547,TRUE,""
ENSG00000146021,KLHL3,fbg,null,-0.00893712097031599,0.651547872829126,0.001974,27.8837,1538,0.0081250749640788,TRUE,""
ENSG00000146054,TRIM7,fbg,null,0.0151465106335408,0.567709166197353,0.001253,23.3609,815,0.00485676772780683,TRUE,""
ENSG00000146066,HIGD2A,cad,grey,-0.0248962981527377,0.377299552838314,0.003219,74.262,4188,0.00516538123067157,TRUE,""
ENSG00000146122,DAAM2,cad,null,-0.049328801250118,0.648709609153699,7.631e-12,14.7476,6868,2.53620219243604e-08,TRUE,""
ENSG00000146192,FGD2,cad,grey,-0.0157316525491355,0.401308997816551,3.484e-08,61.3863,5934,0.000188058061419898,TRUE,""
ENSG00000146197,SCUBE3,t2d,null,-0.132581524509588,0.659592253098865,1.01e-06,4.928,3310,0.00190768927793065,TRUE,""
ENSG00000146221,TCTE1,t2d,null,0.0309140809674981,0.859339364707836,1.129e-10,7.7917,3080,2.53444326869612e-07,TRUE,""
ENSG00000146221,TCTE1,fbg,null,0.0375385268891049,0.636768179585685,0.0001759,7.7917,1822,0.0047011170016525,TRUE,""
ENSG00000146223,RPL7L1,t2d,null,0.0262998570360368,0.547073936768484,1.129e-10,20.4101,2535,3.50403130363605e-07,TRUE,""
ENSG00000146373,RNF217,fbg,grey,-0.0457402064269112,0.228378824513482,0.0004373,20.4854,2061,0.0108007647758319,TRUE,""
ENSG00000146376,ARHGAP18,cad,null,-0.0617024700648155,0.531971058097401,0.0001103,11.5387,6303,0.00376463535747056,TRUE,""
ENSG00000146376,ARHGAP18,fbg,null,-0.0169681792678243,0.753304047285912,0.0002292,11.5387,2497,0.00542172164949489,TRUE,""
ENSG00000146409,SLC18B1,fbg,null,0.00708362778345376,0.564431895351643,0.0009308,77.2651,2285,0.00742621301603151,TRUE,""
ENSG00000146453,PNLDC1,cad,grey,-0.208246352178383,0.320402754062977,9.78e-154,12.9395,6353,4.42231378175636e-34,TRUE,""
ENSG00000146476,C6orf211,cad,grey,-0.062247828541762,0.492435260505039,6.087e-09,23.0839,6871,3.55302429396723e-05,TRUE,""
ENSG00000146574,CCZ1B,fbg,null,-0.000151431660996535,0.979543663087131,0.0002071,48.9828,1743,0.00449616727764089,TRUE,""
ENSG00000146666,LINC00525,t2d,null,-0.00866324471531999,0.880764615259515,7.199e-05,21.5881,4921,0.00335225164175741,TRUE,""
ENSG00000146666,LINC00525,cad,null,0.02310198590752,0.574522492612234,0.0001183,21.5881,6960,0.00305632960760566,TRUE,""
ENSG00000146676,PURB,fbg,null,-0.0329269530976304,0.702199590874297,3.509e-53,7.0178,1427,3.53053908612023e-08,TRUE,""
ENSG00000146700,SRCRB4D,t2d,grey,-0.122849892041355,0.239994715798025,4.611e-05,13.5738,1747,0.00538585085844459,TRUE,""
ENSG00000146707,POMZP3,cad,grey,0.0164578269015483,0.464569498731224,0.0003194,106.8555,4404,0.00341784366248463,TRUE,""
ENSG00000146707,POMZP3,t2d,null,-0.000671748036797892,0.983203671034106,4.221e-06,106.8555,2131,0.00584971248182134,TRUE,""
ENSG00000146729,GBAS,t2d,grey,0.0894239389194136,0.402474929547394,0.003677,14.3057,3582,0.00598794071145814,TRUE,""
ENSG00000146731,CCT6A,t2d,grey,0.0515508117625013,0.300531576117269,0.003677,30.3294,3509,0.00676200844410356,TRUE,""
ENSG00000146776,ATXN7L1,fbg,grey,-0.0909744225535179,0.482599554301848,0.0002851,5.9171,1695,0.00661068499002516,TRUE,""
ENSG00000146776,ATXN7L1,cad,null,-0.0799472198197581,0.687111710399728,0.0004857,5.9171,5270,0.00612226714191265,TRUE,""
ENSG00000146826,C7orf43,fbg,grey,0.027028677244932,0.21129954733371,0.001621,32.8166,779,0.010568017124321,TRUE,""
ENSG00000146833,TRIM4,t2d,grey,-0.0259846542389998,0.205576535768442,2.337e-07,96.4603,2089,0.00271426979491795,TRUE,""
ENSG00000146859,TMEM140,cad,null,-0.00357798591649257,0.788809283599619,0.0005911,83.9614,6354,0.0025690274813627,TRUE,""
ENSG00000146955,RAB19,t2d,null,0.0115648814774778,0.967442323515777,2.611e-05,5.642,2424,0.00351111700043101,TRUE,""
ENSG00000146963,LUC7L2,t2d,grey,0.329989662198418,0.217187048064317,0.0005263,5.5844,2626,0.00816545305960983,TRUE,""
ENSG00000147316,MCPH1,cad,grey,0.0974891514419308,0.156955757886291,9.516e-05,16.6318,10196,0.007637027040276,TRUE,""
ENSG00000147324,MFHAS1,fbg,null,0.00249506768571959,0.900523550339774,7.614e-10,28.5363,2435,1.44977881101185e-06,TRUE,""
ENSG00000147364,FBXO25,t2d,grey,0.100911157795401,0.375421607696006,0.001485,13.6761,3675,0.00602653087718714,TRUE,""
ENSG00000147364,FBXO25,fbg,grey,0.0685678379891831,0.129953390214931,0.002094,13.6761,1557,0.0129541736467021,TRUE,""
ENSG00000147416,ATP6V1B2,cad,null,0.0301003311052949,0.88135342328068,5.15e-14,5.8003,8024,0.00564126115192671,TRUE,""
ENSG00000147439,BIN3,cad,null,0.0167152717275056,0.541749537207679,1.044e-11,38.3362,5935,2.63733194614641e-08,TRUE,""
ENSG00000147526,TACC1,t2d,grey,-0.0429925162227682,0.220575220505703,9.333e-05,43.8733,1885,0.0214707277697803,TRUE,""
ENSG00000147533,GOLGA7,fbg,null,-0.0154236190215534,0.567709166197353,0.003148,22.7646,1656,0.00651082310999441,TRUE,""
ENSG00000147548,WHSC1L1,fbg,null,-0.00640939908025637,0.849944540437619,0.002331,19.4402,1038,0.00453248332014877,TRUE,""
ENSG00000147570,DNAJC5B,t2d,null,-0.122495880602905,0.526127438458496,0.0004227,6.9212,2757,0.00585444662767716,TRUE,""
ENSG00000147650,LRP12,t2d,grey,0.0938255338260878,0.135349954285326,6.26e-05,21.207,4328,0.0156580156371867,TRUE,""
ENSG00000147687,TATDN1,fbg,null,0.0168816864268661,0.827903407296463,0.0001238,7.0744,1984,0.0056117430930899,TRUE,""
ENSG00000147789,ZNF7,fbg,null,-0.0101823029071022,0.832012471360641,0.02063,11.5801,370,0.00407128851879676,TRUE,""
ENSG00000147799,ARHGAP39,fbg,grey,0.0663412946100787,0.0659578992594125,0.002155,14.0146,453,0.0192211016527051,TRUE,""
ENSG00000147874,HAUS6,fbg,grey,-0.0618631409296295,0.0562503652819669,6.948e-05,12.1614,2696,0.0227937270161736,TRUE,""
ENSG00000147905,ZCCHC7,cad,grey,0.0606314271282785,0.0838424685876192,0.0002699,29.89,5136,0.011351340085766,TRUE,""
ENSG00000147912,FBXO10,t2d,grey,0.103336518232674,0.300531576117269,0.0002048,13.8049,3339,0.00616659851050937,TRUE,""
ENSG00000148090,AUH,t2d,grey,-0.224228472926084,0.107762193948406,3.61e-05,10.2795,5019,0.0206942234740501,TRUE,""
ENSG00000148153,INIP,t2d,null,-0.0265734693310131,0.526791507814832,0.0001194,30.1346,4377,0.00439406613623171,TRUE,""
ENSG00000148153,INIP,cad,null,-0.0154126122119876,0.610912097082934,3.361e-05,30.1346,6132,0.0027610012676098,TRUE,""
ENSG00000148153,INIP,fbg,null,0.00265734693310131,0.87583596638341,0.0008985,30.1346,2306,0.00364245618297351,TRUE,""
ENSG00000148154,UGCG,fbg,null,0.0250891510564224,0.716129568855565,0.0008985,14.1894,2135,0.00668035691505879,TRUE,""
ENSG00000148180,GSN,fbg,grey,0.0202831415583933,0.13784315525934,0.004221,85.1636,1645,0.00445453497013742,TRUE,""
ENSG00000148180,GSN,t2d,null,-0.00573219217954593,0.867632334778193,0.000425,85.1636,2998,0.0126151236603487,TRUE,""
ENSG00000148200,NR6A1,fbg,grey,0.0933180540916719,0.116982086023696,0.004123,10.9467,1344,0.0150392948971515,TRUE,""
ENSG00000148204,CRB2,t2d,grey,-0.254609496998018,0.0748716187250424,6.202e-07,11.7717,3367,0.00414071314804499,TRUE,""
ENSG00000148219,ASTN2,fbg,null,0.0411785118231241,0.582991993727739,0.005365,12.1034,2489,0.00718661908981616,TRUE,""
ENSG00000148248,SURF4,cad,null,-0.0385938963845992,0.798798821796531,2.205e-14,6.4547,6158,1.91770591770592e-06,TRUE,""
ENSG00000148291,SURF2,cad,grey,-0.112732583711086,0.348971882516284,2.205e-14,13.6475,6149,2.30056585106584e-10,TRUE,""
ENSG00000148334,PTGES2,t2d,null,0.089347453492774,0.544144693769952,6.104e-05,14.6636,1908,0.00532964934134759,TRUE,""
ENSG00000148337,CIZ1,t2d,grey,-0.135747716707106,0.449590704210959,6.104e-05,5.4529,1926,0.00438679389095564,TRUE,""
ENSG00000148341,SH3GLB2,fbg,grey,0.0113956751680738,0.364803543676989,0.003991,51.4271,1558,0.00416530201783225,TRUE,""
ENSG00000148343,FAM73B,fbg,null,0.0608346307748631,0.682942814686758,0.003991,8.4255,1565,0.00899906461979495,TRUE,""
ENSG00000148344,PTGES,fbg,grey,0.0394730333449568,0.344942578828616,0.00115,26.9066,1843,0.0129592870275011,TRUE,""
ENSG00000148384,INPP5E,fbg,null,0.00833938815755594,0.51108906411744,0.0004699,82.9514,1078,0.0407253267776995,TRUE,""
ENSG00000148400,NOTCH1,cad,null,-0.0527591498437057,0.532783651751236,1.09e-05,18.4117,4588,0.00411764869805498,TRUE,""
ENSG00000148426,PROSER2,cad,grey,0.0757292412072586,0.0543242037051152,6.377e-10,26.7973,6790,9.04503318752266e-06,TRUE,""
ENSG00000148481,FAM188A,cad,null,-0.0120682537322218,0.802587348634153,0.0002857,23.3185,5950,0.00291939299501338,TRUE,""
ENSG00000148488,ST8SIA6,fbg,null,-0.00820010402106505,0.909526060036958,0.002147,9.9063,2173,0.00533148849636813,TRUE,""
ENSG00000148498,PARD3,t2d,null,-0.0142064440593466,0.901635551198793,0.0005253,11.9558,3565,0.00410846305382115,TRUE,""
ENSG00000148516,ZEB1,fbg,grey,0.15215364280132,0.0905873219215137,0.0009483,7.5409,1949,0.0183059960222126,TRUE,""
ENSG00000148600,CDHR1,t2d,grey,0.0610840597170591,0.317310507862914,0.0005459,23.7497,5736,0.00594737912514473,TRUE,""
ENSG00000148606,POLR3A,fbg,grey,-0.129858511863557,0.381573905705021,0.0001993,4.7813,2347,0.00447903142265963,TRUE,""
ENSG00000148660,CAMK2G,cad,null,0.063284764117665,0.717766227968304,4.294e-05,8.2854,2906,0.00416308099943556,TRUE,""
ENSG00000148737,TCF7L2,cad,null,0.0275986567280657,0.504985075093846,8.686e-07,24.4298,4919,0.00189092194480504,TRUE,""
ENSG00000148824,MTG1,fbg,grey,-0.0268035568450792,0.139892765510505,0.001723,39.1442,862,0.0145617723595232,TRUE,""
ENSG00000148834,GSTO1,t2d,grey,-0.116875882890068,0.0667530151696345,0.0009079,23.3746,3339,0.0187093516120729,TRUE,""
ENSG00000148925,BTBD10,t2d,null,0.0164552719836005,0.642908296823687,1.561e-05,37.0066,4162,0.00438744591338206,TRUE,""
ENSG00000148926,ADM,fbg,grey,0.0118339848430455,0.349538991650093,0.004647,43.6104,2193,0.00683522419478661,TRUE,""
ENSG00000149016,TUT1,cad,grey,-0.204249354574048,0.100162199018953,0.0001538,8.4363,4681,0.00643666764448112,TRUE,""
ENSG00000149150,SLC43A1,t2d,grey,-0.157517382979245,0.234096147818447,1.881e-07,10.5216,4435,0.000436281747525367,TRUE,""
ENSG00000149201,CCDC81,fbg,grey,-0.0968764627380934,0.182422439451736,0.0005806,10.6477,2158,0.0178872359886184,TRUE,""
ENSG00000149212,SESN3,cad,grey,-0.0170163751716677,0.471957176640949,0.0002219,42.8881,5700,0.00330184557464793,TRUE,""
ENSG00000149212,SESN3,fbg,grey,0.0136961068454886,0.317310507862914,0.0002126,42.8881,2219,0.00606895892163885,TRUE,""
ENSG00000149273,RPS3,cad,grey,0.223873726294805,0.245274152643522,4.758e-11,8.2356,4591,1.13898196744502e-06,TRUE,""
ENSG00000149292,TTC12,cad,grey,0.0339154663510071,0.0604916489895504,1.833e-05,56.7376,5654,0.019404871220033,TRUE,""
ENSG00000149305,HTR3B,t2d,null,0.0277364397404903,0.885149523176056,0.0003465,7.9651,3823,0.00423479815370152,TRUE,""
ENSG00000149308,NPAT,t2d,null,-0.0177534462177908,0.817494086363381,0.0002324,17.8893,3947,0.00354672241260342,TRUE,""
ENSG00000149346,SLX4IP,t2d,grey,0.0580225162590854,0.37636410621678,8.22e-05,19.0594,4571,0.00402605198965992,TRUE,""
ENSG00000149418,ST14,cad,null,-0.0158518785523288,0.694128620182635,0.001718,44.2837,5994,0.00422107820950787,TRUE,""
ENSG00000149474,CSRP2BP,t2d,grey,0.072081063730739,0.389370518612637,0.0008121,16.7354,4577,0.00506999009442866,TRUE,""
ENSG00000149499,EML3,t2d,grey,0.0282550981263888,0.128883734707738,2.877e-05,77.9776,2813,0.0089553344580332,TRUE,""
ENSG00000149499,EML3,fbg,grey,-0.00964808228705958,0.216721062179052,2.59e-11,77.9776,1242,2.54053393851431e-07,TRUE,""
ENSG00000149531,FRG1B,t2d,grey,-0.0422378891016012,0.201563967774554,0.0008323,19.436,1204,0.00835295676698162,TRUE,""
ENSG00000149534,MS4A2,fbg,grey,-0.0175438599705849,0.416504786576218,3.119e-05,17.6992,1625,0.00521144291723582,TRUE,""
ENSG00000149541,B3GAT3,fbg,grey,-0.06613154070278,0.404656761927286,2.59e-11,8.0475,1240,6.7136328379427e-08,TRUE,""
ENSG00000149548,CCDC15,t2d,grey,0.0287787789239428,0.428822162257029,0.0007395,51.5844,4331,0.00564691752205319,TRUE,""
ENSG00000149573,MPZL2,t2d,grey,-0.0445501543935609,0.109146583972255,0.0001065,99.171,3741,0.0138253928350755,TRUE,""
ENSG00000149679,CABLES2,cad,grey,0.0322092430605078,0.262419987102973,4.23e-06,27.7554,6932,0.00267392730091892,TRUE,""
ENSG00000149743,TRPT1,fbg,grey,0.0525796921802771,0.195291954924253,0.004269,26.3346,996,0.0165706188473579,TRUE,""
ENSG00000149743,TRPT1,cad,null,-0.026622628952039,0.720984861901671,0.0003938,26.3346,3570,0.00529646133082946,TRUE,""
ENSG00000149792,MRPL49,cad,null,0.114249005507002,0.682879776582612,2.291e-11,10.2175,3490,2.67550874432284e-07,TRUE,""
ENSG00000149809,TM7SF2,cad,null,-0.0184704497237064,0.870204532038746,2.291e-11,22.2442,3501,2.31807032564816e-07,TRUE,""
ENSG00000149929,HIRIP3,cad,grey,-0.341407957327007,0.110081687211018,0.0001223,6.8712,2014,0.0156345624790237,TRUE,""
ENSG00000150045,KLRF1,fbg,null,0.0490852312381877,0.57377540363273,0.002978,6.5233,2054,0.00488152318907923,TRUE,""
ENSG00000150048,CLEC1A,fbg,grey,-0.0231508103186997,0.374062797490882,0.0037,30.1703,2046,0.00794261245378361,TRUE,""
ENSG00000150076,C10orf68,t2d,grey,-0.15013549868587,0.176515313416153,0.0004794,18.7965,4913,0.0135867052800838,TRUE,""
ENSG00000150093,ITGB1,fbg,null,0.0334567969484217,0.595245548732816,0.003705,9.0445,2204,0.00448798241837144,TRUE,""
ENSG00000150316,CWC15,t2d,null,0.01884842135119,0.775096962195985,0.0005629,22.6235,3664,0.00398586442164243,TRUE,""
ENSG00000150347,ARID5B,fbg,grey,-0.0200704670384326,0.251653892998616,0.002691,36.0713,2029,0.00943999190872391,TRUE,""
ENSG00000150401,DCUN1D2,t2d,null,0.0194831757868874,0.915765450104956,0.0003621,10.0157,1565,0.00513377800675004,TRUE,""
ENSG00000150459,SAP18,cad,null,0.0336743273542601,0.65271044057584,0.001116,14.272,6295,0.00306886866037353,TRUE,""
ENSG00000150477,KIAA1328,t2d,grey,0.044020172418366,0.449760749581585,0.001768,26.234,3261,0.00564895036901095,TRUE,""
ENSG00000150477,KIAA1328,cad,null,0.0148991352800623,0.731034305380085,0.0006392,26.234,4791,0.00317845555482974,TRUE,""
ENSG00000150637,CD226,cad,grey,-0.0430041489632169,0.0955807045456294,5.552e-05,44.915,6283,0.00471454721549754,TRUE,""
ENSG00000150672,DLG2,fbg,grey,0.0521745128991262,0.196938679952046,0.001117,6.969,2033,0.00910047833734813,TRUE,""
ENSG00000150687,PRSS23,cad,grey,-0.22816868370824,0.34190232766754,3.693e-05,8.8563,7293,0.00520443156540158,TRUE,""
ENSG00000150753,CCT5,cad,grey,-0.0334557957467283,0.336281496460677,3.752e-13,43.4166,6585,6.48920270627894e-10,TRUE,""
ENSG00000150753,CCT5,t2d,null,0.0124901637454453,0.805981023569994,0.0008044,43.4166,4338,0.00561561359466896,TRUE,""
ENSG00000150756,FAM173B,cad,grey,0.0944593587046163,0.392405478614262,3.752e-13,12.1847,6582,6.56606355461474e-10,TRUE,""
ENSG00000150756,FAM173B,fbg,null,-0.0276111971598109,0.67286282272179,0.002262,12.1847,2689,0.00668043642400267,TRUE,""
ENSG00000150787,PTS,fbg,null,0.0362396696829944,0.937373513957664,0.0001673,5.155,1908,0.0143223018210768,TRUE,""
ENSG00000150867,PIP4K2A,t2d,null,0.0324839941546973,0.775096962195985,5.423e-05,12.9043,2581,0.00350817207587532,TRUE,""
ENSG00000150938,CRIM1,fbg,null,-0.00916476036383285,0.761866768188248,8.844e-05,17.7989,2719,0.00345131519448936,TRUE,""
ENSG00000150990,DHX37,fbg,grey,-0.154353570994595,0.384300404207392,0.002396,9.2929,2053,0.0127843764525392,TRUE,""
ENSG00000150990,DHX37,cad,null,0.014193431815595,0.898952961671851,1.914e-18,9.2929,6589,2.36536810068842e-14,TRUE,""
ENSG00000151023,ENKUR,t2d,grey,-0.0694339579958833,0.476066276503138,0.0001737,15.8832,4295,0.00453858769268099,TRUE,""
ENSG00000151131,C12orf45,t2d,grey,0.162534018899057,0.0723975288152624,0.002517,12.444,4591,0.106329354768566,TRUE,""
ENSG00000151131,C12orf45,cad,grey,-0.0559669027341091,0.379120438619107,5.441e-05,12.444,6211,0.00449761907649686,TRUE,""
ENSG00000151135,C12orf23,cad,grey,0.018444573089289,0.46408137778734,8.247e-06,36.2581,5528,0.00277139677019994,TRUE,""
ENSG00000151135,C12orf23,fbg,null,0.00269920581794473,0.846529514964004,0.004196,36.2581,1840,0.00675709038921348,TRUE,""
ENSG00000151136,BTBD11,t2d,null,-0.00962850352335328,0.590258451314772,0.0009164,77.8503,3996,0.00510060212129527,TRUE,""
ENSG00000151164,RAD9B,cad,null,0.024149963683097,0.668235141795249,3.715e-27,18.237,4270,5.91843986118014e-23,TRUE,""
ENSG00000151208,DLG5,fbg,grey,-0.0153627207036809,0.166863357885141,0.0001993,55.7245,2361,0.0118278139608562,TRUE,""
ENSG00000151239,TWF1,fbg,null,0.0281613141413887,0.760862912213715,0.0009106,8.391,2023,0.00621002197995007,TRUE,""
ENSG00000151240,DIP2C,cad,null,0.00130248580161472,0.985878886630377,0.0004344,26.9711,3915,0.005201918653126,TRUE,""
ENSG00000151292,CSNK1G3,fbg,null,0.0667886192454246,0.510009096007643,0.001611,14.7272,2213,0.0121196224908245,TRUE,""
ENSG00000151366,NDUFC2,t2d,grey,0.0521811493470264,0.393542299310132,0.005182,31.7241,3129,0.00719220807763707,TRUE,""
ENSG00000151414,NEK7,fbg,null,0.0275596151677059,0.699227377203946,0.0008815,9.9805,1585,0.00580489900176359,TRUE,""
ENSG00000151445,VIPAS39,fbg,grey,-0.0560004657577562,0.159649901642811,0.0006558,12.5186,2307,0.0102378187091529,TRUE,""
ENSG00000151458,ANKRD50,fbg,grey,0.0271697444072318,0.179770040387914,0.0002247,35.9057,1779,0.0117894563127688,TRUE,""
ENSG00000151461,UPF2,cad,grey,-0.134667719222697,0.443279727088509,6.377e-10,6.42,6989,0.000144463923362697,TRUE,""
ENSG00000151474,FRMD4A,cad,null,0.0398444820512757,0.530581466777187,0.0003467,15.1144,7413,0.00291096673870003,TRUE,""
ENSG00000151491,EPS8,cad,grey,-0.115165828133432,0.317310507862914,0.0005193,11.0829,4406,0.00542852265860425,TRUE,""
ENSG00000151532,VTI1A,fbg,null,0.058138037542702,0.558301743578421,7.503e-10,7.2355,2079,5.34249622384491e-06,TRUE,""
ENSG00000151611,MMAA,cad,grey,-0.146382650947202,0.129654961304814,1.245e-07,17.8426,3899,0.000414727114374636,TRUE,""
ENSG00000151612,ZNF827,t2d,grey,0.113765143565773,0.413886614107625,0.003392,10.483,2542,0.00473914747270943,TRUE,""
ENSG00000151623,NR3C2,t2d,grey,-0.160320025730831,0.288008758003942,0.002915,9.3872,3113,0.00671549656308627,TRUE,""
ENSG00000151632,AKR1C2,t2d,null,-0.0258464058939837,0.601306569127729,0.0001667,82.6823,5176,0.0201281884541287,TRUE,""
ENSG00000151650,VENTX,fbg,null,0.0169121592374638,0.617075077451974,0.001723,23.093,1008,0.00665966139876926,TRUE,""
ENSG00000151687,ANKAR,fbg,grey,0.367327420953063,0.0671026453455155,0.0008156,6.2337,1641,0.0431686358889589,TRUE,""
ENSG00000151687,ANKAR,t2d,null,-0.237350025846595,0.638873980860195,0.001298,6.2337,3523,0.00902727603791784,TRUE,""
ENSG00000151689,INPP1,cad,null,0.0133919517444865,0.723454182492006,0.0001811,30.5706,4410,0.00316391738313947,TRUE,""
ENSG00000151690,MFSD6,cad,null,0.00628063561410488,0.623265147627004,0.0001811,79.1788,4260,0.00330530507508784,TRUE,""
ENSG00000151692,RNF144A,t2d,grey,-0.118807829796506,0.32718584953302,3.817e-05,13.2143,4196,0.00611111260458253,TRUE,""
ENSG00000151692,RNF144A,fbg,grey,0.0416439815781568,0.395325086245385,0.0002047,13.2143,2617,0.00688400871427719,TRUE,""
ENSG00000151693,ASAP2,t2d,null,0.0762711272003496,0.734924134219282,0.0002847,9.1048,3409,0.00608323470296466,TRUE,""
ENSG00000151702,FLI1,fbg,null,0.0105118355430611,0.871864744932721,0.0001632,8.451,2181,0.0039037587641939,TRUE,""
ENSG00000151725,MLF1IP,cad,null,-0.00814594840627799,0.582319373576693,7.9e-05,39.5677,6576,0.0032585979899851,TRUE,""
ENSG00000151746,BICD1,t2d,null,-0.0145176617388049,0.906347316282193,1.291e-06,14.6134,5585,0.00167530982827015,TRUE,""
ENSG00000151748,SAV1,fbg,grey,0.0243357659484975,0.332197561388374,0.00145,22.7989,1886,0.00629373199484865,TRUE,""
ENSG00000151773,CCDC122,fbg,grey,-0.0297145070229737,0.106765534268082,0.0009224,29.9517,2124,0.0137558049975315,TRUE,""
ENSG00000151778,SERP2,t2d,null,-0.0446747962861081,0.809756060860832,0.0002344,14.9169,3334,0.00744200772463144,TRUE,""
ENSG00000151778,SERP2,cad,null,0.0836220545868177,0.552849302655679,0.0002943,14.9169,4897,0.00703271550777857,TRUE,""
ENSG00000151876,FBXO4,fbg,grey,-0.121997579383239,0.354771848484809,0.001061,8.5294,1917,0.0160839102684215,TRUE,""
ENSG00000151893,CACUL1,fbg,null,-0.0141202605718531,0.552114494149917,2.832e-06,24.9725,1966,0.00529147905688618,TRUE,""
ENSG00000151929,BAG3,fbg,null,0.00778500642307475,0.778518657215875,0.001217,20.4709,2008,0.00403667310702744,TRUE,""
ENSG00000151948,GLT1D1,cad,grey,-0.0932191755706922,0.0589067186156619,0.0001184,21.7138,7299,0.017771996624919,TRUE,""
ENSG00000152061,RABGAP1L,t2d,null,-0.00925528725003667,0.86605252103331,0.002015,18.0646,3117,0.00388827975575752,TRUE,""
ENSG00000152127,MGAT5,cad,grey,0.100711786683746,0.438038238208914,0.0007544,12.2131,5029,0.004968932617485,TRUE,""
ENSG00000152127,MGAT5,t2d,null,-0.0344540322865447,0.854720660874366,1.433e-05,12.2131,3099,0.00797550758364193,TRUE,""
ENSG00000152128,TMEM163,cad,grey,-0.043010352967417,0.278660494899244,0.0009271,26.9005,4719,0.00477297194746294,TRUE,""
ENSG00000152128,TMEM163,fbg,grey,0.0397018642776157,0.0607927235305228,3.056e-06,26.9005,1826,0.0110777187967578,TRUE,""
ENSG00000152193,RNF219,fbg,grey,0.0128027578578165,0.465555404903429,0.001437,37.4118,2246,0.00574512586332891,TRUE,""
ENSG00000152213,ARL11,fbg,null,-0.0412780543658644,0.771120848329444,0.001278,13.7991,1720,0.0117782108716308,TRUE,""
ENSG00000152242,C18orf25,fbg,grey,0.0509620147634216,0.116083133738655,0.002418,23.0521,1999,0.012445048027032,TRUE,""
ENSG00000152242,C18orf25,t2d,null,0.033202524770108,0.632808379345506,0.0009273,23.0521,4095,0.00471244671326001,TRUE,""
ENSG00000152242,C18orf25,cad,null,-0.0115822760825958,0.811807228003433,2.569e-05,23.0521,5845,0.00273974861985379,TRUE,""
ENSG00000152284,TCF7L1,fbg,grey,0.0315920918351177,0.366406064176293,0.0003968,15.7761,1817,0.00555785730435599,TRUE,""
ENSG00000152380,FAM151B,t2d,grey,-0.0893016331376156,0.15742265908958,0.0002486,24.4716,4076,0.0114604559722006,TRUE,""
ENSG00000152439,ZNF773,cad,grey,0.0430863411644685,0.254140149455582,3.601e-05,18.0156,5815,0.00477004633975871,TRUE,""
ENSG00000152454,ZNF256,cad,null,-0.00906013946885229,0.887849686162036,0.0005571,21.6091,4616,0.0036711119422788,TRUE,""
ENSG00000152455,SUV39H2,t2d,grey,0.272064022544677,0.426821280931496,0.000109,5.291,4736,0.00997908875244958,TRUE,""
ENSG00000152457,DCLRE1C,cad,null,-0.0276341924945819,0.75594445062856,0.0002857,14.5881,7057,0.00334633248265247,TRUE,""
ENSG00000152457,DCLRE1C,fbg,null,-0.0132163529321914,0.802587348634153,0.0003474,14.5881,2536,0.00526050183707239,TRUE,""
ENSG00000152463,OLAH,cad,null,0.0451040843336766,0.869933709270718,0.0002857,10.9723,6749,0.00758792986320886,TRUE,""
ENSG00000152475,ZNF837,cad,null,0.00591943444112154,0.930099780966425,0.0005571,10.7134,3124,0.00275067113662204,TRUE,""
ENSG00000152484,USP12,cad,grey,-0.0761968804163103,0.488363908735488,9.671e-05,12.3828,7153,0.00718554174848612,TRUE,""
ENSG00000152503,TRIM36,cad,grey,0.0331481075873537,0.35183572722835,0.001239,28.9953,6663,0.00400831900195541,TRUE,""
ENSG00000152527,PLEKHH2,cad,null,-0.0111623698107661,0.5811373696666,1.838e-18,53.1937,6426,1.43855055011967e-14,TRUE,""
ENSG00000152580,IGSF10,fbg,grey,0.0360772846882591,0.21129954733371,0.0002751,17.6939,1731,0.00792784813705026,TRUE,""
ENSG00000152582,SPEF2,t2d,null,0.00934244837569847,0.887849686162036,0.0006754,19.9822,4276,0.00360584366159603,TRUE,""
ENSG00000152601,MBNL1,t2d,grey,0.0376778700220814,0.41325337549364,2.082e-10,59.0129,3888,6.39972424769045e-06,TRUE,""
ENSG00000152642,GPD1L,cad,null,-0.00914185625807011,0.617075077451974,0.0004607,59.1111,6252,0.00285292876725884,TRUE,""
ENSG00000152749,GPR180,cad,grey,0.0198787481132426,0.101436081138559,5.887e-05,80.1768,6427,0.00577420090564613,TRUE,""
ENSG00000152749,GPR180,fbg,grey,-0.00690524934460005,0.302423598900007,0.0003656,80.1768,2249,0.00516213240820586,TRUE,""
ENSG00000152763,WDR78,t2d,grey,0.319174428532089,0.258293064655504,0.0001849,7.2121,4205,0.00780322890514015,TRUE,""
ENSG00000152766,ANKRD22,fbg,null,-0.0240247835824107,0.511663282695868,0.001244,15.5063,2295,0.0046954737676965,TRUE,""
ENSG00000152767,FARP1,t2d,grey,-0.0696696436297085,0.184978392077357,0.0008085,29.0275,3926,0.00986191139233012,TRUE,""
ENSG00000152778,IFIT5,t2d,grey,0.0284234206732011,0.496504460907141,0.0001357,46.7845,4370,0.00414702321482201,TRUE,""
ENSG00000152782,PANK1,fbg,grey,-0.0388682186682085,0.179318236045376,0.001244,21.4512,2528,0.0101398463253007,TRUE,""
ENSG00000152795,HNRPDL,cad,null,0.0230569501314096,0.92339838633312,2.487e-10,7.048,5633,4.47114866081323e-06,TRUE,""
ENSG00000152804,HHEX,fbg,grey,-0.0441340188688798,0.102228126299667,0.0002356,26.9723,1592,0.0181383911941119,TRUE,""
ENSG00000152818,UTRN,t2d,null,-0.136728863884691,0.53659015183107,4.553e-05,14.2943,3900,0.00673870745519048,TRUE,""
ENSG00000152939,MARVELD2,t2d,null,0.116003377098839,0.787419588542476,0.001538,6.5567,1679,0.0097283004307847,TRUE,""
ENSG00000152944,MED21,t2d,null,-0.00631895798415676,0.936598778628595,1.015e-16,20.21,4677,1.17897740712272e-12,TRUE,""
ENSG00000152952,PLOD2,fbg,grey,0.0728406403062506,0.32818424412387,0.002116,10.7519,2226,0.00872597035794724,TRUE,""
ENSG00000152953,STK32B,fbg,null,-0.0749653479448918,0.657223341538559,4.359e-05,16.7707,2517,0.019183014581475,TRUE,""
ENSG00000152990,GPR125,t2d,null,-0.0725131357916364,0.500045217859739,8.257e-06,14.1398,3857,0.00354906802885506,TRUE,""
ENSG00000153044,CENPH,t2d,grey,-0.176038148183638,0.317310507862914,0.000347,7.0942,2011,0.00582872927529301,TRUE,""
ENSG00000153048,CARHSP1,t2d,grey,-0.061376111639646,0.0897667831378702,3.225e-07,56.7241,6274,0.00123575172725839,TRUE,""
ENSG00000153234,NR4A2,cad,null,-0.073669632094623,0.504985075093846,0.0007164,10.1416,4414,0.00346837218365929,TRUE,""
ENSG00000153253,SCN3A,cad,grey,0.255177753297339,0.360247481293129,1.653e-09,5.9873,4621,3.00868557347131e-06,TRUE,""
ENSG00000153339,TRAPPC8,t2d,null,0.0476808043628298,0.650671023604874,0.001922,16.1112,3733,0.00514136803860653,TRUE,""
ENSG00000153391,INO80C,cad,null,0.00390827870324051,0.903936853074247,7.87e-05,31.8191,4794,0.00205947566463942,TRUE,""
ENSG00000153391,INO80C,fbg,null,-0.00614158081937795,0.738882680363527,0.002015,31.8191,1804,0.00423843643008559,TRUE,""
ENSG00000153406,NMRAL1,t2d,grey,0.069830521835608,0.35159144324707,2.214e-05,70.6593,2565,0.260982245608112,TRUE,""
ENSG00000153531,ADPRHL1,t2d,null,-0.113489210610208,0.623054874994852,0.0003621,9.0969,1606,0.00625006824352591,TRUE,""
ENSG00000153531,ADPRHL1,fbg,null,0.00587013158328661,0.94684707139927,0.001169,9.0969,1348,0.00515638791760875,TRUE,""
ENSG00000153551,CMTM7,cad,grey,-0.0724140399589972,0.0663479590739161,0.0004607,27.0944,6195,0.0142288086646603,TRUE,""
ENSG00000153563,CD8A,fbg,grey,0.0254771776569123,0.389176850174411,0.000572,21.6586,920,0.00632610515255814,TRUE,""
ENSG00000153575,TUBGCP5,fbg,null,0.0140756327105403,0.799074192526507,0.00071,17.5534,511,0.00688081197219404,TRUE,""
ENSG00000153714,LURAP1L,cad,grey,-0.0579277506866915,0.335339485210113,2.211e-07,11.7664,6857,0.0010598852598956,TRUE,""
ENSG00000153814,JAZF1,cad,grey,0.0392449102878989,0.0793643945944879,2.432e-05,59.4772,5704,0.0037473364642715,TRUE,""
ENSG00000153815,CMIP,cad,grey,-0.0598187825864037,0.365591537564832,9.363e-13,16.7831,8991,6.99110069970579e-09,TRUE,""
ENSG00000153827,TRIP12,t2d,grey,-0.0662402655928183,0.333348455410026,0.002331,23.4737,4078,0.00674291767920631,TRUE,""
ENSG00000154001,PPP2R5E,cad,null,-0.0272801571937565,0.818739379343837,0.0008252,8.6463,5362,0.00480627836737956,TRUE,""
ENSG00000154027,AK5,cad,grey,0.0231595561356033,0.408426019516499,2.203e-05,47.9572,5419,0.00371655410227413,TRUE,""
ENSG00000154065,ANKRD29,fbg,grey,0.193016071889713,0.0699089739364695,0.0004315,5.1255,1589,0.011374785407609,TRUE,""
ENSG00000154114,TBCEL,fbg,grey,-0.112390283461173,0.393691925690234,8.915e-05,4.584,2048,0.00423223469949842,TRUE,""
ENSG00000154118,JPH3,cad,grey,0.190873734275426,0.226402697791137,1.373e-07,5.1646,7913,0.000919908648419044,TRUE,""
ENSG00000154122,ANKH,t2d,grey,0.0331246499338668,0.368794267918584,3.372e-09,38.025,3477,3.35135270815673e-05,TRUE,""
ENSG00000154124,FAM105B,cad,grey,-0.0570138866547127,0.471755195698663,0.001209,22.0305,5129,0.00638779433222806,TRUE,""
ENSG00000154124,FAM105B,fbg,null,0.00592352069139872,0.895658593641375,5.02e-05,22.0305,1936,0.00711881132780057,TRUE,""
ENSG00000154144,TBRG1,t2d,null,-0.315474219315219,0.639166514877776,0.001015,6.0361,4428,0.0136008603844959,TRUE,""
ENSG00000154146,NRGN,t2d,null,0.119122174805249,0.60759216041817,0.00133,11.3356,4416,0.00782161853575336,TRUE,""
ENSG00000154153,FAM134B,fbg,null,0.0155382516253571,0.585440934568927,0.0002491,20.55,1946,0.00449065666269369,TRUE,""
ENSG00000154188,ANGPT1,cad,grey,-0.0206815611019583,0.334588749819927,3.658e-06,47.0804,5795,0.00242577768187351,TRUE,""
ENSG00000154229,PRKCA,cad,grey,0.0413945910535703,0.334285804496348,0.0003095,24.0367,6307,0.00420908379790056,TRUE,""
ENSG00000154263,ABCA10,fbg,grey,0.0325362953203397,0.263717761833697,0.003843,13.9478,1866,0.00704450385409861,TRUE,""
ENSG00000154277,UCHL1,cad,grey,0.130740544183363,0.398582325242947,0.0001586,8.7169,6218,0.00465566157847222,TRUE,""
ENSG00000154310,TNIK,t2d,grey,0.170052846562268,0.109598583399116,2.25e-08,14.9945,3391,0.000126858395393705,TRUE,""
ENSG00000154310,TNIK,fbg,grey,0.0649507400064219,0.137150488653754,8.184e-10,14.9945,1567,7.63719714679058e-07,TRUE,""
ENSG00000154319,FAM167A,fbg,grey,0.00984268230829535,0.458126425559177,0.0006266,86.8324,2160,0.0078732645689455,TRUE,""
ENSG00000154358,OBSCN,cad,grey,-0.0657604319613508,0.193600969171221,3.954e-07,21.113,5279,0.00190346910748917,TRUE,""
ENSG00000154451,GBP5,t2d,null,0.00464625018388805,0.89197743905905,0.004956,28.2676,3158,0.00389318689085466,TRUE,""
ENSG00000154473,BUB3,t2d,grey,-0.13871843442313,0.224413376063626,1.478e-10,17.8807,3714,2.93834141701117e-06,TRUE,""
ENSG00000154473,BUB3,cad,null,0.0415211640450186,0.596028399066277,8.016e-11,17.8807,6604,9.12350326537092e-07,TRUE,""
ENSG00000154518,ATP5G3,t2d,grey,0.156023223562559,0.280142180177538,7.821e-06,12.1511,3076,0.0063065041305443,TRUE,""
ENSG00000154518,ATP5G3,fbg,grey,-0.088124228123297,0.127259097658065,0.0005164,12.1511,1439,0.0155268710898121,TRUE,""
ENSG00000154642,C21orf91,t2d,grey,-0.110785574814986,0.264302697881567,0.003857,15.3441,3893,0.00760856943726026,TRUE,""
ENSG00000154645,CHODL,cad,null,-0.0133352768062915,0.865410037659992,0.000372,12.9436,6865,0.00269227701542616,TRUE,""
ENSG00000154645,CHODL,fbg,null,0.026670553612583,0.556374370426907,0.0003863,12.9436,2078,0.00474039776123429,TRUE,""
ENSG00000154719,MRPL39,cad,null,0.0311754842337324,0.525480178215686,0.005172,22.7612,5641,0.00350213703351249,TRUE,""
ENSG00000154721,JAM2,t2d,null,-0.015075185702213,0.918998838261879,4.439e-05,13.9613,4359,0.00456387539318471,TRUE,""
ENSG00000154743,TSEN2,cad,null,0.02910970503516,0.594547272417073,4.405e-06,41.8792,5876,0.00273321580028005,TRUE,""
ENSG00000154760,SLFN13,cad,grey,-0.0248735024883501,0.392802835278636,0.003418,30.4747,4786,0.00371116680667798,TRUE,""
ENSG00000154764,WNT7A,cad,grey,0.073824866705284,0.317310507862914,2.807e-10,14.9014,6463,5.20131881790312e-07,TRUE,""
ENSG00000154767,XPC,cad,null,-0.0649904120798397,0.737605940456087,3.207e-11,17.698,6367,1.67310029030624e-07,TRUE,""
ENSG00000154781,CCDC174,fbg,grey,-0.0330384009311378,0.141900610277981,0.004006,22.7062,1932,0.0108052034447655,TRUE,""
ENSG00000154803,FLCN,t2d,null,0.00373174158083358,0.944054023280193,1.718e-09,48.5565,2605,1.58056977474565e-05,TRUE,""
ENSG00000154813,DPH3,cad,grey,0.0528092285665003,0.169131444702671,7.54e-06,25.866,6017,0.00423604025875984,TRUE,""
ENSG00000154832,CXXC1,cad,null,-0.0672790025228122,0.559038899322727,1.136e-09,13.6609,5693,5.87390837674777e-06,TRUE,""
ENSG00000154889,MPPE1,t2d,null,-0.0239768990835557,0.533795755724387,0.002286,57.8219,4015,0.00889349705706218,TRUE,""
ENSG00000154914,USP43,fbg,null,0.027658666651029,0.705595683272677,0.00293,9.9857,2092,0.00693394600115669,TRUE,""
ENSG00000154917,RAB6B,t2d,null,-0.0264046559384253,0.543756110575491,0.001786,33.9715,3925,0.0047266654038003,TRUE,""
ENSG00000155011,DKK2,t2d,null,-0.0854446502460563,0.521506023912167,0.00968,9.3388,3279,0.00471322447300166,TRUE,""
ENSG00000155085,AKD1,t2d,null,0.0149598179266241,0.722710426810277,0.0002373,35.9827,3713,0.00441199716662972,TRUE,""
ENSG00000155096,AZIN1,fbg,null,0.00428411414886812,0.819202033401183,0.001151,33.1787,2142,0.00432742957944621,TRUE,""
ENSG00000155099,TMEM55A,t2d,null,0.0161568311938541,0.89197743905905,0.001353,12.0967,2893,0.00421569643719593,TRUE,""
ENSG00000155111,CDK19,cad,grey,-0.0455064826275924,0.462720219158845,4.674e-05,18.3508,5307,0.00223790856644693,TRUE,""
ENSG00000155158,TTC39B,t2d,grey,-0.0174802331463141,0.357813073307258,0.0001116,87.4298,4434,0.00330996087139144,TRUE,""
ENSG00000155256,ZFYVE27,cad,grey,0.0571379198780445,0.437678488276632,1.675e-06,16.1446,5059,0.00072934261075298,TRUE,""
ENSG00000155256,ZFYVE27,fbg,grey,-0.0450510522115351,0.362236832619456,0.0001258,16.1446,1819,0.00718220884354643,TRUE,""
ENSG00000155287,SLC25A28,fbg,null,-0.0108921024828544,0.747012853671546,9.625e-05,16.3416,1659,0.00626910567085226,TRUE,""
ENSG00000155307,SAMSN1,t2d,grey,0.0954751611730174,0.34345107683441,0.0003254,13.3903,3283,0.00561421415581838,TRUE,""
ENSG00000155313,USP25,t2d,null,-0.168600329527314,0.632135413585452,7.262e-05,4.7418,2640,0.0031153831763008,TRUE,""
ENSG00000155324,GRAMD3,fbg,null,0.0028847681848053,0.94684707139927,0.001928,18.4484,2220,0.00542778708360261,TRUE,""
ENSG00000155380,SLC16A1,fbg,grey,-0.0478270793267428,0.175468950513596,0.003243,15.5363,1600,0.00959186402377212,TRUE,""
ENSG00000155393,HEATR3,t2d,null,0.0136941301913767,0.627783826989789,2.716e-05,84.3136,2799,0.00578611719244744,TRUE,""
ENSG00000155463,OXA1L,fbg,grey,-0.0398446410667361,0.274064638609823,0.001745,10.487,2487,0.00679584699983253,TRUE,""
ENSG00000155506,LARP1,cad,grey,0.0236858911715275,0.398207109968035,0.000161,33.5366,6198,0.00351288761982377,TRUE,""
ENSG00000155545,MIER3,t2d,null,-0.070706992128589,0.847224820735448,8.809e-18,5.276,3939,0.000175536080671962,TRUE,""
ENSG00000155561,NUP205,t2d,null,-0.0158240391570222,0.893386270267644,0.0009196,13.3716,4155,0.00457201902727866,TRUE,""
ENSG00000155561,NUP205,cad,null,0.0340825458766632,0.68489168859197,0.0005911,13.3716,5903,0.00326595445303073,TRUE,""
ENSG00000155636,RBM45,t2d,grey,0.0806903362637007,0.256318702201653,0.0002032,18.5301,3993,0.0168158216027666,TRUE,""
ENSG00000155729,KCTD18,t2d,grey,0.233154229825378,0.190463047548623,3.49e-05,15.0712,2973,0.0136847435988372,TRUE,""
ENSG00000155749,ALS2CR12,cad,null,-0.00536535405621382,0.916166996259808,9.14e-11,19.8665,4533,3.1656287828288e-07,TRUE,""
ENSG00000155749,ALS2CR12,fbg,null,-0.0116249337884633,0.674956824198369,0.004144,19.8665,1496,0.00409920689456342,TRUE,""
ENSG00000155792,DEPTOR,cad,null,-0.00069357570187308,0.986002743281724,5.129e-05,23.5014,5789,0.00253938338758375,TRUE,""
ENSG00000155849,ELMO1,t2d,grey,-0.0303842899864106,0.322273880262187,0.0008919,57.0053,4454,0.00565523196046481,TRUE,""
ENSG00000155849,ELMO1,fbg,grey,-0.0181679259712558,0.126931238256761,0.002856,57.0053,2421,0.0171768396196199,TRUE,""
ENSG00000155858,LSM11,fbg,null,0.00701272838999336,0.925307750889347,0.001175,7.574,2097,0.00392271228051299,TRUE,""
ENSG00000155975,VPS37A,cad,null,0.0387043714344997,0.5811373696666,3.89e-05,14.6669,9394,0.00265271099290902,TRUE,""
ENSG00000156050,FAM161B,t2d,grey,0.0766030297825589,0.430117368651312,0.001504,17.335,3553,0.00669257330984587,TRUE,""
ENSG00000156127,BATF,fbg,null,-0.0210983279871395,0.771120848329444,0.0001049,13.4987,1628,0.00635590107723144,TRUE,""
ENSG00000156136,DCK,t2d,grey,-0.269145472985448,0.218710152895313,4.1e-05,20.0647,4143,0.0230237297038665,TRUE,""
ENSG00000156136,DCK,cad,null,-0.0182988423559511,0.909440671769803,0.003874,20.0647,5722,0.0100637895048871,TRUE,""
ENSG00000156171,DRAM2,t2d,null,-0.000367050705713825,0.990933325124623,2e-07,54.9525,4477,0.000397885004040584,TRUE,""
ENSG00000156172,C8orf37,t2d,null,-0.00633933912432942,0.986790594191373,4.545e-09,12.3963,4666,5.03728722316609e-05,TRUE,""
ENSG00000156232,WHAMM,cad,grey,-0.0444923033078181,0.173176121354355,2.271e-05,28.7837,3181,0.005183174581448,TRUE,""
ENSG00000156299,TIAM1,t2d,grey,-0.0675480252051353,0.0905873219215137,5.451e-05,40.8,3547,0.0152551609182169,TRUE,""
ENSG00000156414,TDRD9,t2d,grey,-0.0258634217496447,0.241030964418943,4.889e-06,68.9503,2666,0.00201794583890147,TRUE,""
ENSG00000156414,TDRD9,cad,grey,-0.028652614291273,0.068366929251948,1.748e-07,68.9503,5806,0.000154165238160386,TRUE,""
ENSG00000156475,PPP2R2B,fbg,null,0.00994076477557291,0.684558919367902,0.006118,23.2345,1865,0.00424627485492526,TRUE,""
ENSG00000156502,SUPV3L1,t2d,null,-0.0103938698328488,0.777672894998114,6.578e-09,41.3679,4482,1.03777752182304e-05,TRUE,""
ENSG00000156515,HK1,t2d,grey,0.138432389778628,0.0796347997118284,6.578e-09,19.163,4484,4.94798754120547e-05,TRUE,""
ENSG00000156521,TYSND1,fbg,null,-0.00714360440619142,0.628477445586286,9.735e-05,37.3755,2687,0.00385207372219191,TRUE,""
ENSG00000156535,CD109,t2d,grey,-0.083248483914851,0.355459954445084,0.0008501,15.5796,4330,0.00578661129269884,TRUE,""
ENSG00000156564,LRFN2,fbg,grey,-0.0279868616290198,0.303286223069842,0.001061,20.3527,2537,0.00674000413095165,TRUE,""
ENSG00000156599,ZDHHC5,t2d,grey,-0.050297936635228,0.311583592231325,1.881e-07,29.7226,4240,0.000307576452094467,TRUE,""
ENSG00000156639,ZFAND3,cad,grey,0.10115284095451,0.131093464114656,0.0001431,26.442,5899,0.0127087759896356,TRUE,""
ENSG00000156671,SAMD8,t2d,grey,0.619678099029981,0.116083133738655,1.309e-05,7.7941,2300,0.0183297921141044,TRUE,""
ENSG00000156787,WDR67,fbg,grey,-0.0405150137312862,0.234365227693259,0.000626,17.7154,1941,0.00837816197933476,TRUE,""
ENSG00000156787,WDR67,t2d,null,-0.000920795766620141,0.989770990975819,0.005837,17.7154,3239,0.00376080973816434,TRUE,""
ENSG00000156804,FBXO32,fbg,grey,0.031763111131586,0.274064638609823,0.000626,19.6124,1851,0.00698578157482154,TRUE,""
ENSG00000156831,NSMCE2,t2d,grey,-0.496395637711798,0.293400418672165,6.06e-06,7.9932,4087,0.010084442568791,TRUE,""
ENSG00000156831,NSMCE2,cad,grey,0.246020645006286,0.465981930427372,7.67e-23,7.9932,5968,7.80076130090469e-12,TRUE,""
ENSG00000156858,PRR14,t2d,grey,-0.158054792350631,0.188642103235473,1.426e-06,13.0817,1013,0.00158043099187254,TRUE,""
ENSG00000156876,SASS6,t2d,null,0.0554477537145202,0.688368941791143,0.002178,23.8254,3670,0.0118282687298266,TRUE,""
ENSG00000156886,ITGAD,fbg,grey,0.0177512722191189,0.410950433473448,0.007129,37.033,526,0.00757871454264153,TRUE,""
ENSG00000156931,VPS8,t2d,null,-0.0276300606744595,0.71663255157525,3.854e-57,31.317,2826,7.76181373441241e-53,TRUE,""
ENSG00000156958,GALK2,t2d,null,-0.0285186098102046,0.625904042835775,1.18e-05,24.342,3595,0.00179363969435459,TRUE,""
ENSG00000156976,EIF4A2,t2d,null,-0.0803214131330433,0.596912177712008,3.854e-57,12.1635,3216,3.4212528200578e-29,TRUE,""
ENSG00000157014,TATDN2,cad,grey,0.0528738018244641,0.0848746153737251,3.918e-05,37.634,5892,0.0121222579594448,TRUE,""
ENSG00000157036,EXOG,t2d,grey,-0.503499765174149,0.166443922186174,0.005872,7.6024,3686,0.0152717325256071,TRUE,""
ENSG00000157036,EXOG,cad,grey,-0.323678420469095,0.187180640831505,0.0003187,7.6024,5448,0.0120051547976324,TRUE,""
ENSG00000157077,ZFYVE9,t2d,grey,0.413883701002355,0.302191107206298,0.0001359,5.5166,2828,0.00688872173427841,TRUE,""
ENSG00000157087,ATP2B2,t2d,grey,0.187639564328311,0.287282239434575,0.002637,7.5461,3532,0.00626190394061728,TRUE,""
ENSG00000157168,NRG1,t2d,null,-0.00183101512706526,0.965320293449223,0.003044,103.0136,3958,0.00871425895360935,TRUE,""
ENSG00000157184,CPT2,fbg,grey,0.0303176069919825,0.248563248217182,0.001522,26.3723,1585,0.00890666700459978,TRUE,""
ENSG00000157191,NECAP2,t2d,null,-0.0148509715592283,0.585440934568927,1.768e-05,58.2341,2984,0.00241467017809703,TRUE,""
ENSG00000157212,PAXIP1,fbg,grey,-0.177342307909346,0.112883234691289,0.001241,6.5239,2161,0.0149552186252345,TRUE,""
ENSG00000157227,MMP14,fbg,grey,-0.0783771225776045,0.327945317995007,0.001745,9.1955,2460,0.00862173770721132,TRUE,""
ENSG00000157259,GATAD1,t2d,null,-0.0238005361623259,0.836313223486342,0.001512,18.6628,2454,0.00587137534195332,TRUE,""
ENSG00000157303,SUSD3,t2d,grey,0.0332752037970912,0.368120250693519,1.739e-05,38.8871,4219,0.00333096966810713,TRUE,""
ENSG00000157306,RP11-66N24.4,fbg,null,-0.00100487449383595,0.987533561000221,0.001745,7.3135,1826,0.00740199235463688,TRUE,""
ENSG00000157379,DHRS1,cad,null,-0.023069240448322,0.524015326900126,0.0002795,54.1893,5733,0.00631124899034245,TRUE,""
ENSG00000157388,CACNA1D,t2d,grey,-0.224738246766578,0.15742265908958,6.238e-08,9.742,3331,0.000354233734124452,TRUE,""
ENSG00000157404,KIT,t2d,null,0.0355405762506853,0.958462293013569,0.001481,4.9698,4106,0.00886359586544114,TRUE,""
ENSG00000157426,AASDH,t2d,grey,0.0424462043592184,0.116904183638693,0.002023,68.0197,4472,0.00417375476088199,TRUE,""
ENSG00000157445,CACNA2D3,fbg,null,0.000834063529400739,0.974266251454282,0.00295,21.3413,2143,0.00383894371388218,TRUE,""
ENSG00000157470,FAM81A,t2d,null,-0.0251536033075858,0.768091818879866,4.76e-06,16.175,3796,0.00182658978672113,TRUE,""
ENSG00000157538,DSCR3,t2d,grey,-0.0780122538902387,0.253097908947116,0.0009789,21.861,3881,0.0117933116148678,TRUE,""
ENSG00000157540,DYRK1A,fbg,null,-0.036465847032895,0.639723729547061,1.241e-06,10.5642,2080,0.00225085816223877,TRUE,""
ENSG00000157557,ETS2,t2d,grey,-0.0467983069236879,0.282789483323742,4.816e-05,32.979,4591,0.00554450618373888,TRUE,""
ENSG00000157570,TSPAN18,cad,null,0.0276748410891175,0.839214327076337,2.091e-05,9.004,6308,0.00212288027220587,TRUE,""
ENSG00000157578,LCA5L,t2d,null,-0.00466055001609444,0.905237629455841,4.816e-05,38.1681,5098,0.00324177291575797,TRUE,""
ENSG00000157593,SLC35B2,fbg,grey,-0.0427388844657748,0.365115640660603,0.0001759,19.8871,1820,0.00928551599488979,TRUE,""
ENSG00000157593,SLC35B2,t2d,null,-0.0463004581712561,0.716129568855565,1.129e-10,19.8871,3047,4.71662023390801e-07,TRUE,""
ENSG00000157617,C2CD2,fbg,grey,0.0203945710723632,0.444446702634924,0.0003116,22.3746,2554,0.00523951732716764,TRUE,""
ENSG00000157653,C9orf43,cad,grey,0.19817301704641,0.108260594348095,0.0001461,12.5469,5935,0.0139987830449893,TRUE,""
ENSG00000157657,ZNF618,t2d,grey,0.397993894894783,0.0810816208152795,1.578e-05,6.3819,3906,0.0169190656269227,TRUE,""
ENSG00000157693,C9orf91,fbg,null,0.00377862608721694,0.849944540437619,0.0002867,32.8634,2688,0.00439883727290181,TRUE,""
ENSG00000157741,UBN2,t2d,null,0.00435087221002695,0.983549937505608,0.0005263,6.6085,2637,0.00464415945400395,TRUE,""
ENSG00000157782,CABP1,fbg,grey,0.0213467641145772,0.43881634294658,5.182e-07,19.6825,1284,0.00174731678376036,TRUE,""
ENSG00000157796,WDR19,cad,grey,-0.0286100230826751,0.254140149455582,4.816e-07,42.4385,6121,0.000322365828549263,TRUE,""
ENSG00000157796,WDR19,t2d,null,-0.0220077100635962,0.521506023912167,7.585e-06,42.4385,4111,0.00498001821047689,TRUE,""
ENSG00000157800,SLC37A3,t2d,grey,-0.0481890299144898,0.201079875424337,2.611e-05,37.2831,2482,0.00577484358047163,TRUE,""
ENSG00000157800,SLC37A3,cad,grey,-0.0190847643225702,0.48283234964991,6.531e-09,37.2831,4828,4.82430483411881e-05,TRUE,""
ENSG00000157800,SLC37A3,fbg,null,-0.00906526305322085,0.552679335565412,0.002517,37.2831,1390,0.00455025117276087,TRUE,""
ENSG00000157827,FMNL2,cad,null,0.0419545400000939,0.523518574588213,0.0002013,14.3859,5163,0.00303031389046718,TRUE,""
ENSG00000157833,GAREML,fbg,grey,0.190165044919903,0.237277851868278,1.006e-07,10.1376,1151,0.00171283877459494,TRUE,""
ENSG00000157870,FAM213B,cad,grey,-0.0355731653969532,0.089130925517086,9.974e-10,40.076,4853,6.10192847437519e-06,TRUE,""
ENSG00000157954,WIPI2,cad,null,0.0144429976037834,0.546392540969256,1.054e-05,51.8133,7369,0.00337624588842422,TRUE,""
ENSG00000157978,LDLRAP1,fbg,grey,-0.00871613027867987,0.185974874255209,0.000818,75.1271,1266,0.0120316924496175,TRUE,""
ENSG00000157999,ANKRD61,cad,grey,0.0463730751462716,0.28454034772542,2.104e-08,9.2949,6657,3.65491833943706e-05,TRUE,""
ENSG00000158006,PAFAH2,fbg,null,0.00871851858654691,0.681617864273084,0.008789,32.6661,1109,0.00516284086484498,TRUE,""
ENSG00000158019,BRE,cad,null,0.0435632161934628,0.765515710017058,1.259e-05,6.9335,4617,0.00233434198288057,TRUE,""
ENSG00000158234,FAIM,fbg,null,-0.0124289469593058,0.518822668670191,0.00565,27.2621,1341,0.00467057208926338,TRUE,""
ENSG00000158286,RNF207,fbg,grey,-0.0189839162534464,0.433856933557041,0.004622,30.4987,1914,0.00746269666642784,TRUE,""
ENSG00000158406,HIST1H4H,t2d,null,0.0169318110147794,0.603769568459547,6.758e-06,54.9016,4447,0.0246256730598624,TRUE,""
ENSG00000158411,MITD1,fbg,null,-0.0169696401954543,0.747012853671546,0.002846,21.1132,1476,0.00494663266335979,TRUE,""
ENSG00000158428,C2orf62,cad,grey,-0.07766026285096,0.178920571771482,1.555e-12,26.0915,4182,4.43215692422044e-08,TRUE,""
ENSG00000158481,CD1C,fbg,grey,-0.0283669269624384,0.458126425559177,0.002608,14.4323,2075,0.00445144579502757,TRUE,""
ENSG00000158485,CD1B,fbg,grey,-0.0168148680562686,0.458126425559177,0.002608,24.3475,2070,0.00448129537304934,TRUE,""
ENSG00000158488,CD1E,t2d,null,-0.00707247721598793,0.869292708628019,0.002956,32.6077,4086,0.00371153743955804,TRUE,""
ENSG00000158528,PPP1R9A,cad,null,-0.00230819770804317,0.944054023280193,3.392e-05,28.1545,4763,0.00244690099139703,TRUE,""
ENSG00000158552,ZFAND2B,fbg,grey,0.0771395759283074,0.436700030722758,0.0004866,5.921,1482,0.00930789781325518,TRUE,""
ENSG00000158604,TMED4,t2d,null,-0.0182522084750125,0.608076879465923,4.25e-09,40.4388,3265,6.72499208965883e-06,TRUE,""
ENSG00000158615,PPP1R15B,cad,grey,0.329582354200561,0.189578189736885,0.0001225,6.5726,5428,0.00782780359907689,TRUE,""
ENSG00000158683,PKD1L1,cad,null,-0.0166192206165169,0.694424996831734,0.0001183,23.5482,6862,0.00261943663500727,TRUE,""
ENSG00000158691,ZSCAN12,t2d,grey,0.378904383335505,0.0637314270849595,0.001543,16.1133,2092,0.047375854721729,TRUE,""
ENSG00000158710,TAGLN2,fbg,null,-0.010236556628554,0.596519838726618,0.004225,31.0058,1815,0.00464308345718473,TRUE,""
ENSG00000158711,ELK4,fbg,grey,0.0733059211916082,0.15964990164281,0.004246,10.9061,1571,0.010136326744517,TRUE,""
ENSG00000158764,ITLN2,t2d,null,0.025852682953449,0.773933121846251,0.001063,18.0943,3170,0.00469112685510847,TRUE,""
ENSG00000158769,F11R,t2d,null,0.0318930988213489,0.717574636922466,0.001063,18.9117,3220,0.0047444200972346,TRUE,""
ENSG00000158828,PINK1,t2d,grey,-0.0770354945573726,0.0801183137276342,2.273e-06,28.4906,3719,0.0115540517045278,TRUE,""
ENSG00000158850,B4GALT3,t2d,null,-0.0111062517055089,0.903786780012686,0.001063,15.9272,3374,0.00433284912692791,TRUE,""
ENSG00000158850,B4GALT3,fbg,null,-1.00965924595536,0.598668814257765,0.000783,15.9272,1762,0.0552311416435245,TRUE,""
ENSG00000158864,NDUFS2,t2d,null,0.0324856388448361,0.567709166197353,0.001063,26.0766,3456,0.00466880970069337,TRUE,""
ENSG00000158865,SLC5A11,cad,grey,-0.0361583001624277,0.133614402537716,0.0001226,53.1703,6215,0.00912247117197286,TRUE,""
ENSG00000158874,APOA2,t2d,null,-0.0423295584073709,0.617075077451974,0.001063,16.6169,3505,0.00423886688860312,TRUE,""
ENSG00000158882,TOMM40L,fbg,grey,-0.0147060321997447,0.348501423761085,0.000783,33.1426,1830,0.00581623434559225,TRUE,""
ENSG00000158966,CACHD1,cad,null,0.00615643572346766,0.94684707139927,0.001391,17.3477,5103,0.00421860221293623,TRUE,""
ENSG00000159023,EPB41,cad,grey,0.185988948446322,0.270112404338981,7.2e-06,11.234,4365,0.00961579824581932,TRUE,""
ENSG00000159023,EPB41,t2d,null,0.0189141303504734,0.933586496294755,7.602e-06,11.234,2550,0.00443019218190756,TRUE,""
ENSG00000159063,ALG8,cad,grey,0.119042523594496,0.0955807045456294,1.48e-05,18.6908,4821,0.00908698528757706,TRUE,""
ENSG00000159063,ALG8,fbg,null,0.026665525285167,0.514941407043905,0.002656,18.6908,1731,0.00687324718645073,TRUE,""
ENSG00000159069,FBXW5,cad,null,-0.0103280636128242,0.939611968724493,1.833e-06,8.6011,3965,0.0013570415136041,TRUE,""
ENSG00000159110,IFNAR2,t2d,null,0.0144459750417015,0.648608453120181,0.0002278,42.6035,3228,0.00386927401468981,TRUE,""
ENSG00000159110,IFNAR2,fbg,null,0.000802554168983419,0.973844536648733,0.00163,42.6035,1548,0.00416785779398273,TRUE,""
ENSG00000159111,MRPL10,fbg,null,0.00307622619617738,0.871864744932721,6.917e-05,28.879,1375,0.00445036913523174,TRUE,""
ENSG00000159189,C1QC,fbg,grey,-0.0420945287641155,0.185659381979118,0.002044,19.0274,1563,0.00970053969414732,TRUE,""
ENSG00000159202,UBE2Z,fbg,null,0.000933998326149067,0.955695871316436,6.917e-05,41.2938,1336,0.00447095249526457,TRUE,""
ENSG00000159216,RUNX1,cad,grey,-0.194598260509176,0.37636410621678,0.0001426,6.3,6130,0.00443981839388625,TRUE,""
ENSG00000159231,CBR3,t2d,grey,0.0322541274157188,0.164454826104283,0.001475,84.0775,4536,0.010676951599121,TRUE,""
ENSG00000159267,HLCS,t2d,grey,-0.0339404988390376,0.235944236122478,0.0009789,50.9872,4379,0.00622668262787022,TRUE,""
ENSG00000159346,ADIPOR1,t2d,grey,0.0710743043066955,0.4151783194999,0.002394,16.4887,2546,0.00551240989830679,TRUE,""
ENSG00000159363,ATP13A2,t2d,null,0.0442749003786127,0.518558117191478,0.004748,20.4655,2725,0.00468338433332956,TRUE,""
ENSG00000159388,BTG2,cad,grey,0.0202893614595826,0.37092777927468,0.0001225,52.4358,4846,0.00622453659884368,TRUE,""
ENSG00000159388,BTG2,fbg,null,-0.00596745925281842,0.628477445586286,0.003817,52.4358,1672,0.00554206654317879,TRUE,""
ENSG00000159423,ALDH4A1,fbg,null,-0.0522766267985896,0.591901551980899,0.003273,15.1702,2156,0.0132526996029539,TRUE,""
ENSG00000159433,STARD9,t2d,null,-0.0935711584803374,0.502647657047254,2.605e-05,10.4018,2440,0.00346759474622546,TRUE,""
ENSG00000159445,THEM4,cad,grey,0.0311411507336965,0.366572271510342,2.85e-11,81.7303,3826,4.6277671223894e-08,TRUE,""
ENSG00000159496,RGL4,fbg,null,-0.0116515785270572,0.824140895741885,0.0008835,15.2769,1452,0.00537043406977803,TRUE,""
ENSG00000159592,GPBP1L1,cad,null,0.053758454829619,0.800846092097225,1.755e-05,6.58,4021,0.00471737369891064,TRUE,""
ENSG00000159674,SPON2,t2d,grey,-0.14634222992519,0.167535758638406,0.0005456,20.2748,2078,0.0128939040782,TRUE,""
ENSG00000159674,SPON2,cad,null,0.0131445116699272,0.861536494020255,8.678e-05,20.2748,5601,0.00344782772802211,TRUE,""
ENSG00000159713,TPPP3,t2d,null,-0.133873848202328,0.534460065197794,0.0002947,15.8701,1953,0.0110813635400214,TRUE,""
ENSG00000159720,ATP6V0D1,cad,grey,0.0360287710440134,0.396812187858312,0.0004551,55.5974,2964,0.012784862297579,TRUE,""
ENSG00000159723,AGRP,t2d,null,-0.0583096800587148,0.794706355990651,0.0002947,15.04,1918,0.00932368123457291,TRUE,""
ENSG00000159733,ZFYVE28,t2d,grey,-0.0597192105142119,0.335118416091873,6.993e-07,23.7208,2325,0.000766484038725525,TRUE,""
ENSG00000159784,FAM131B,fbg,null,-0.0211883393715162,0.599583190937392,0.002478,17.5821,1133,0.00559042184170716,TRUE,""
ENSG00000159842,ABR,fbg,null,0.0103842456893693,0.617075077451974,0.003633,25.1741,1349,0.00491425541107298,TRUE,""
ENSG00000159860,FAM115D,fbg,grey,0.016185874997248,0.122236355448012,0.002779,21.5001,1296,0.0131270228604255,TRUE,""
ENSG00000159860,FAM115D,t2d,null,0.0104732132335134,0.687360954877516,0.0007935,21.5001,2451,0.00419465251745762,TRUE,""
ENSG00000159873,CCDC117,cad,grey,-0.0803648558751402,0.161513318467542,6.778e-07,18.5587,4336,0.000431453580385653,TRUE,""
ENSG00000159882,ZNF230,fbg,grey,0.0958506055433634,0.249249615183582,6.372e-05,9.8424,1514,0.00844785367933655,TRUE,""
ENSG00000159882,ZNF230,t2d,null,-0.135637649353816,0.510605772861378,0.0009212,9.8424,2478,0.00593825195805,TRUE,""
ENSG00000160014,CALM3,fbg,grey,0.0585976125207853,0.272047035406008,2.253e-05,20.3125,1097,0.0111822680163867,TRUE,""
ENSG00000160087,UBE2J2,cad,grey,-0.167095151507737,0.390708428304394,2.571e-07,8.8646,2429,0.00110779621615322,TRUE,""
ENSG00000160097,FNDC5,t2d,grey,0.150122448922917,0.408146100261111,0.0004059,7.7997,2136,0.104302889288866,TRUE,""
ENSG00000160111,CPAMD8,cad,grey,-0.0527688464725282,0.180887254373119,1.438e-13,32.0434,6021,1.95599847590292e-10,TRUE,""
ENSG00000160111,CPAMD8,fbg,null,0.0144420000872183,0.504985075093846,0.001792,32.0434,1242,0.00556279334579926,TRUE,""
ENSG00000160180,TFF3,t2d,grey,0.0885055912749106,0.365043255498737,0.002085,25.0924,4750,0.00915273521261169,TRUE,""
ENSG00000160183,TMPRSS3,t2d,null,-0.0237298695942955,0.598668814257765,0.002085,29.7151,4709,0.00403356999362161,TRUE,""
ENSG00000160183,TMPRSS3,fbg,null,0.000593246739857387,0.977206399475098,0.0006597,29.7151,2487,0.0040778861099737,TRUE,""
ENSG00000160185,UBASH3A,fbg,grey,-0.0236135938422026,0.122236355448012,0.0006597,64.288,2444,0.00426958852218589,TRUE,""
ENSG00000160191,PDE9A,t2d,grey,0.0608560387976368,0.228767490506914,0.001718,75.9094,4503,0.0046352650381115,TRUE,""
ENSG00000160191,PDE9A,cad,null,0.00984435921726478,0.790963055258609,3.429e-07,75.9094,7622,0.000140153744485212,TRUE,""
ENSG00000160199,PKNOX1,fbg,null,0.00290181118664515,0.871864744932721,0.0006597,30.6705,2165,0.0036922105376169,TRUE,""
ENSG00000160200,CBS,fbg,grey,-0.0479026792322928,0.0713444578493436,0.0006597,109.8598,2083,0.00369844766746666,TRUE,""
ENSG00000160200,CBS,t2d,null,0.0100160147485703,0.848003317995623,0.001718,109.8598,3902,0.00365136673870728,TRUE,""
ENSG00000160201,U2AF1,fbg,null,-0.00182469115483126,0.889537951249028,0.0006597,32.7186,2054,0.00428688477757943,TRUE,""
ENSG00000160207,HSF2BP,fbg,grey,0.0478179339745835,0.43881634294658,0.0007094,8.6041,1713,0.00484508706797603,TRUE,""
ENSG00000160216,AGPAT3,cad,null,-0.00398905521704679,0.973986635391853,3.429e-07,13.3388,6214,0.000211390797274036,TRUE,""
ENSG00000160223,ICOSLG,cad,grey,0.0378948636282362,0.285612267507573,3.429e-07,25.796,6093,0.000237891292845513,TRUE,""
ENSG00000160229,ZNF66P,cad,grey,0.0212064458466314,0.451075516414075,3.973e-05,22.2951,7013,0.00286171363501437,TRUE,""
ENSG00000160229,ZNF66P,fbg,grey,-0.0199829970477873,0.18539535544347,0.001598,22.2951,1302,0.0105256593295161,TRUE,""
ENSG00000160294,MCM3AP,fbg,null,0.00174984962396926,0.897332123936804,0.0008637,52.5812,1194,0.00455767699514791,TRUE,""
ENSG00000160298,C21orf58,fbg,grey,0.0273120253121662,0.33317326895895,0.0008637,19.4187,1149,0.00597276975540319,TRUE,""
ENSG00000160305,DIP2A,cad,grey,-0.0123943220335209,0.411402194666121,0.001779,139.1488,3729,0.0038463424713889,TRUE,""
ENSG00000160305,DIP2A,t2d,null,-0.00377218496672377,0.857555183155439,0.0002073,139.1488,2310,0.0171771135659289,TRUE,""
ENSG00000160307,S100B,t2d,grey,-0.0241322283541753,0.0508929927625076,0.0002073,85.9608,2231,0.017185965544235,TRUE,""
ENSG00000160325,CACFD1,cad,null,0.0122179861848121,0.805758374776525,2.205e-14,18.449,6252,4.59300574047103e-11,TRUE,""
ENSG00000160336,ZNF761,t2d,grey,-0.0812372208396267,0.193995214348397,0.002338,24.591,1613,0.00980507410375789,TRUE,""
ENSG00000160345,C9orf116,cad,grey,-0.164961461230658,0.261519464324923,1.09e-05,5.6601,6993,0.0043461149979759,TRUE,""
ENSG00000160352,ZNF714,fbg,null,0.0112514136829682,0.821979274262541,0.001598,12.7483,1355,0.00610538635249414,TRUE,""
ENSG00000160392,C19orf47,fbg,grey,0.0822037371246932,0.333173268958951,0.0004863,12.9917,1280,0.0130809131245228,TRUE,""
ENSG00000160408,ST6GALNAC6,fbg,grey,-0.020785228145322,0.0827950413183351,0.00318,60.4325,1119,0.0259532479050489,TRUE,""
ENSG00000160410,SHKBP1,t2d,grey,-0.0226439884946565,0.445761643145975,0.0003116,69.2286,2564,0.00623092742743201,TRUE,""
ENSG00000160505,NLRP4,t2d,grey,-0.0852906122567095,0.475050524053953,0.001376,11.1306,2120,0.00535953381311499,TRUE,""
ENSG00000160685,ZBTB7B,fbg,null,-0.00153355733609029,0.979543663087131,0.002818,11.607,910,0.00471390119773706,TRUE,""
ENSG00000160695,VPS11,cad,grey,0.0753852669426702,0.0661361164718292,2.875e-07,34.7097,4914,0.0014053272225563,TRUE,""
ENSG00000160714,UBE2Q1,cad,null,-0.017257899608232,0.9129727813132,6.693e-15,17.6033,3307,2.18293584284215e-10,TRUE,""
ENSG00000160741,CRTC2,t2d,grey,0.450661214644428,0.0664812697397482,1.713e-06,6.584,2919,0.00349555358082168,TRUE,""
ENSG00000160746,ANO10,t2d,null,0.0230969617390182,0.7325223685108,0.0005548,18.8877,2836,0.0038399579617888,TRUE,""
ENSG00000160766,GBAP1,cad,null,0.000262495994149552,0.986920511076487,6.693e-15,61.2499,3258,8.92751350184377e-11,TRUE,""
ENSG00000160781,PAQR6,t2d,null,-0.00211639478682091,0.857555183155439,0.0001772,121.5228,2190,0.00336699002448065,TRUE,""
ENSG00000160783,PMF1,t2d,grey,-0.095122902414985,0.359843860321171,0.0001772,12.9942,2140,0.00492098657160237,TRUE,""
ENSG00000160783,PMF1,cad,null,0.0312904284259819,0.676922239021379,5.535e-05,12.9942,3583,0.00250774695311749,TRUE,""
ENSG00000160785,SLC25A44,cad,null,-0.139923102521419,0.704457418583588,5.535e-05,8.3214,3554,0.00852650940479957,TRUE,""
ENSG00000160789,LMNA,t2d,null,-0.0343237181581088,0.70379077382436,0.0001772,35.8864,2033,0.00877288099853747,TRUE,""
ENSG00000160791,CCR5,t2d,null,-0.0076189272244937,0.87926680668961,1.686e-08,25.4258,3561,3.39157297614935e-05,TRUE,""
ENSG00000160813,PPP1R35,t2d,grey,-0.186236939391166,0.32718584953302,2.337e-07,8.3131,2242,0.00124039485710852,TRUE,""
ENSG00000160856,FCRL3,cad,grey,-0.0476409930679886,0.123688697568071,5.535e-05,103.1215,6222,0.00236714472016065,TRUE,""
ENSG00000160867,FGFR4,cad,null,0.0440671186827711,0.580784750376872,1.556e-06,14.918,3800,0.00172255186160925,TRUE,""
ENSG00000160877,NACC1,cad,null,0.0348405214013322,0.691324083387309,3.849e-05,9.2542,4353,0.00305060273031243,TRUE,""
ENSG00000160883,HK3,t2d,null,0.0519003614782601,0.744543372864634,0.01901,9.9276,1231,0.00477928302738592,TRUE,""
ENSG00000160883,HK3,cad,null,-0.0125276734602697,0.912905061879697,1.556e-06,9.9276,3411,0.00140401624518867,TRUE,""
ENSG00000160908,ZNF394,cad,grey,0.487913913960257,0.178087612432949,1.698e-06,9.7382,3952,0.0044104153065104,TRUE,""
ENSG00000160917,CPSF4,fbg,grey,-0.111033473309677,0.191325944180682,0.002549,13.534,942,0.0208361710937398,TRUE,""
ENSG00000161010,C5orf45,cad,grey,-0.192327506527694,0.348703563127618,9.249e-06,13.6799,6790,0.00730463968382353,TRUE,""
ENSG00000161179,YDJC,cad,null,-0.0455269219055322,0.648474580103536,8.527e-05,10.9089,4975,0.00305262015997676,TRUE,""
ENSG00000161180,CCDC116,t2d,null,-0.0684771794360894,0.800635097738236,0.0003626,6.2405,2212,0.00450324952997641,TRUE,""
ENSG00000161202,DVL3,t2d,grey,0.187855810258899,0.213650592879456,8.449e-05,9.16,3165,0.00719118939306808,TRUE,""
ENSG00000161249,DMKN,fbg,null,0.166806032121334,0.515692221611729,0.007285,13.8724,1300,0.0273557675377052,TRUE,""
ENSG00000161277,THAP8,fbg,grey,-0.0586177088050056,0.0524533879436808,0.007285,19.4344,1243,0.023096422253071,TRUE,""
ENSG00000161381,PLXDC1,cad,null,-0.0124650823335237,0.679827587935345,5.366e-06,36.8076,3968,0.00126418907707992,TRUE,""
ENSG00000161551,ZNF577,t2d,grey,-0.162865715545115,0.174551412565566,0.0001214,18.1551,3358,0.0141096824659428,TRUE,""
ENSG00000161558,TMEM143,fbg,null,-0.00578447939685428,0.889537951249028,0.005501,15.386,1396,0.00430342083883297,TRUE,""
ENSG00000161570,CCL5,t2d,grey,0.113771137269716,0.308004813057859,0.0002127,16.3409,2535,0.00933649198993495,TRUE,""
ENSG00000161570,CCL5,cad,null,-0.0140859503286315,0.856716443934854,0.0001905,16.3409,4427,0.00335674768978432,TRUE,""
ENSG00000161640,SIGLEC11,fbg,null,0.00406391103112197,0.756923103409378,0.006314,51.739,1165,0.00508104182600411,TRUE,""
ENSG00000161653,NAGS,cad,null,0.00897103770306747,0.94684707139927,8.396e-07,7.9359,4081,0.000521137748378363,TRUE,""
ENSG00000161664,ASB16,fbg,null,0.0121580250183952,0.836882810464227,0.002502,10.0842,1079,0.00442365205248858,TRUE,""
ENSG00000161681,SHANK1,cad,null,0.0650059690978544,0.707660466654553,0.000695,6.0654,5939,0.00349309118939224,TRUE,""
ENSG00000161692,DBF4B,t2d,grey,0.0470476521449706,0.334902701099473,0.0002575,43.7309,1982,0.00736123201531211,TRUE,""
ENSG00000161692,DBF4B,fbg,grey,-0.0331076070649793,0.077154257688104,0.002502,43.7309,881,0.0277009217029079,TRUE,""
ENSG00000161714,PLCD3,cad,null,0.10278916330464,0.813432670174537,0.0001836,5.0374,3044,0.00741487140128665,TRUE,""
ENSG00000161904,LEMD2,cad,null,-0.0231605399465349,0.675275389995957,2.151e-11,21.4763,5810,5.75764299341662e-08,TRUE,""
ENSG00000161920,MED11,cad,null,-0.0145630648447861,0.833256914830536,8.33e-05,14.6406,6087,0.00256493422651829,TRUE,""
ENSG00000161921,CXCL16,fbg,null,-0.00154187845839873,0.879569359634668,0.0002989,57.7218,1691,0.00375286118451883,TRUE,""
ENSG00000161944,ASGR2,fbg,null,0.0020614204132839,0.870683232746339,0.001727,81.6197,1574,0.0146602851622715,TRUE,""
ENSG00000161956,SENP3,cad,grey,0.240190966734642,0.143216484185245,7.635e-05,10.2676,5374,0.00758441594287161,TRUE,""
ENSG00000161973,CCDC42,cad,grey,0.164695867817,0.253097908947115,4.304e-06,6.8238,5337,0.00320253334785572,TRUE,""
ENSG00000161981,SNRNP25,fbg,null,0.0284609530101571,0.696184458032407,0.0009201,56.8225,563,0.0323297967517038,TRUE,""
ENSG00000162076,FLYWCH2,fbg,grey,-0.0133369583522524,0.344942578828616,0.001245,50.2964,950,0.0108488444168077,TRUE,""
ENSG00000162078,ZG16B,fbg,null,-0.0053802701478854,0.668235141795249,0.001245,44.2464,1032,0.00455267694765475,TRUE,""
ENSG00000162086,ZNF75A,cad,null,0.0297977137466859,0.504985075093846,0.0005765,25.918,4689,0.00383878299494851,TRUE,""
ENSG00000162104,ADCY9,t2d,null,0.0287938816316356,0.585999172905987,2.214e-05,62.0984,2526,0.00522220206490763,TRUE,""
ENSG00000162129,CLPB,cad,grey,0.457017591153816,0.0910427861256162,0.0004224,8.431,4851,0.0307486536802414,TRUE,""
ENSG00000162129,CLPB,t2d,null,-0.253665727200054,0.532817174245873,8.635e-25,8.431,2500,2.41084946716167e-13,TRUE,""
ENSG00000162139,NEU3,t2d,grey,-0.289640727766216,0.422564412904905,0.0004482,4.9519,3135,0.00587583370913599,TRUE,""
ENSG00000162290,DCP1A,cad,grey,0.096275967066648,0.398809120942746,1.223e-08,9.9838,4823,8.45246201367427e-05,TRUE,""
ENSG00000162298,SYVN1,fbg,null,0.0729289601688928,0.562624686915214,0.003257,4.9436,955,0.00551495809583622,TRUE,""
ENSG00000162300,ZFPL1,fbg,null,0.0971403623662956,0.717113780535016,0.003257,4.581,981,0.00586617822431368,TRUE,""
ENSG00000162337,LRP5,t2d,null,-0.00316961834876047,0.993565516836334,0.0001353,5.0783,2260,0.00538895875024184,TRUE,""
ENSG00000162366,PDZK1IP1,fbg,null,0.00388474952095364,0.747012853671546,0.001204,88.1892,1572,0.00752904468288524,TRUE,""
ENSG00000162368,CMPK1,fbg,grey,-0.0181286544657173,0.462160389897216,0.001204,24.5305,1591,0.00535060151216857,TRUE,""
ENSG00000162373,BEND5,t2d,grey,0.278296638915251,0.140914880043338,0.0006121,15.3498,2583,0.0253485575948834,TRUE,""
ENSG00000162373,BEND5,cad,null,0.0162339706033896,0.889755289255431,5.424e-05,15.3498,3863,0.00480894387393748,TRUE,""
ENSG00000162373,BEND5,fbg,null,0.0104361239593219,0.878759172731833,0.002151,15.3498,1460,0.00724645373156427,TRUE,""
ENSG00000162383,SLC1A7,t2d,null,0.0510626067261088,0.651926878111678,0.001114,28.7825,3055,0.00933244254239164,TRUE,""
ENSG00000162390,ACOT11,cad,null,0.0116139662194598,0.849579350391596,1.855e-22,16.57,6301,1.22225112303984e-18,TRUE,""
ENSG00000162402,USP24,cad,null,0.0342735030512001,0.78972582092805,1.855e-22,18.3461,6425,3.093332039129e-18,TRUE,""
ENSG00000162419,GMEB1,cad,grey,0.27993001837984,0.342368939489614,7.2e-06,5.9348,4004,0.00630716564877957,TRUE,""
ENSG00000162438,CTRC,t2d,null,-0.000886905517088316,0.98030114827788,1.768e-05,23.4805,3598,0.0019703060898047,TRUE,""
ENSG00000162444,RBP7,t2d,grey,0.0482693647320552,0.436700030722758,6.783e-05,30.6212,2135,0.00518978058608712,TRUE,""
ENSG00000162482,AKR7A3,fbg,grey,-0.0300906916538705,0.49924658287522,0.001418,14.4434,1992,0.00553260147992132,TRUE,""
ENSG00000162512,SDC3,fbg,grey,-0.0587877961364416,0.179318236045376,0.000104,14.1344,2165,0.00986429154815226,TRUE,""
ENSG00000162517,PEF1,cad,grey,-0.102634192509483,0.0556465970612932,0.0004072,19.2141,4100,0.0155349794871609,TRUE,""
ENSG00000162522,KIAA1522,fbg,grey,-0.0610540293958982,0.380064326291355,0.00205,22.8906,1033,0.0155124840033205,TRUE,""
ENSG00000162526,TSSK3,cad,null,0.0706428714017081,0.858790429120605,0.0004072,4.8413,3386,0.00575675940328208,TRUE,""
ENSG00000162543,UBXN10,t2d,grey,0.242239102776478,0.143668838251693,2.273e-06,10.3387,4073,0.00958373225086099,TRUE,""
ENSG00000162545,CAMK2N1,cad,grey,0.0675755373922115,0.306436812734698,0.0001529,23.4393,5720,0.00632990747706473,TRUE,""
ENSG00000162594,IL23R,t2d,null,0.0511965545641766,0.502482879227815,0.0001849,19.7507,4186,0.00479739027795203,TRUE,""
ENSG00000162594,IL23R,cad,null,-0.025149184698192,0.640738381802541,0.001733,19.7507,5669,0.00309659997973119,TRUE,""
ENSG00000162604,TM2D1,fbg,null,0.0049363040698088,0.732271676747657,0.0007042,46.7186,1764,0.004760983476173,TRUE,""
ENSG00000162620,LRRIQ3,fbg,null,0.00504850012548882,0.78118295086715,5.638e-06,32.0502,1881,0.00481074861008685,TRUE,""
ENSG00000162630,B3GALT2,fbg,null,-0.0198529977641363,0.778518657215875,0.002174,8.0674,1692,0.00464875864613551,TRUE,""
ENSG00000162642,C1orf52,t2d,grey,-0.164655205421689,0.365860033041956,7.252e-05,9.1709,4618,0.00629261129492601,TRUE,""
ENSG00000162643,WDR63,fbg,grey,0.0141418073019991,0.332197561388374,3.356e-06,36.6412,2229,0.00615950056271827,TRUE,""
ENSG00000162643,WDR63,t2d,null,-0.00309352034731231,0.931970538872759,7.252e-05,36.6412,4267,0.00335330634001342,TRUE,""
ENSG00000162654,GBP4,fbg,null,0.00824927007863068,0.731705934672859,0.002997,25.8932,1658,0.00440778362113933,TRUE,""
ENSG00000162676,GFI1,cad,null,-0.0765198431430383,0.577553375112029,0.0001336,10.2165,4472,0.0043842369524987,TRUE,""
ENSG00000162688,AGL,t2d,null,0.0314100625523829,0.768668006560809,0.002178,14.1417,4019,0.00439521701933524,TRUE,""
ENSG00000162688,AGL,fbg,null,0.0100512200167625,0.808451451773901,0.0007049,14.1417,2009,0.00397969488508179,TRUE,""
ENSG00000162695,SLC30A7,t2d,null,-0.0206433333756313,0.881742753876688,0.000206,15.3674,3965,0.00550000744081736,TRUE,""
ENSG00000162702,ZNF281,t2d,null,0.00218223277322348,0.954690030337856,1.129e-06,27.0375,4749,0.00101454914157744,TRUE,""
ENSG00000162714,ZNF496,t2d,null,0.00413711523320929,0.94021471189421,0.005598,23.3946,4236,0.00382711264949641,TRUE,""
ENSG00000162722,TRIM58,cad,grey,-0.0581499674830879,0.0580232285815164,0.001028,41.5072,5715,0.0519336503529743,TRUE,""
ENSG00000162729,IGSF8,t2d,null,0.0114240576633507,0.891155601487891,0.001063,20.2555,3270,0.0045284599960779,TRUE,""
ENSG00000162734,PEA15,fbg,null,-0.00680625869901042,0.714474277651148,0.004225,39.2286,1759,0.00523582601234166,TRUE,""
ENSG00000162735,PEX19,cad,grey,0.221545407356377,0.0994684819503751,2.348e-05,20.5034,5381,0.026570051879526,TRUE,""
ENSG00000162755,KLHDC9,cad,grey,0.127415390947945,0.422791725490873,0.0005448,13.8452,5274,0.0076250558504875,TRUE,""
ENSG00000162757,C1orf74,t2d,null,-0.116583891457436,0.869400138188399,7.866e-06,7.3942,3991,0.0128320467899851,TRUE,""
ENSG00000162769,FLVCR1,cad,grey,0.0222291374079245,0.376664919719375,8.176e-06,50.8684,5691,0.00341413492142152,TRUE,""
ENSG00000162769,FLVCR1,fbg,null,-0.00728824177309001,0.608076879465923,0.001554,50.8684,1800,0.00672712070820318,TRUE,""
ENSG00000162775,RBM15,fbg,null,0.0262562377788731,0.508426146432504,0.002859,18.6484,1870,0.0096937394551249,TRUE,""
ENSG00000162804,SNED1,cad,grey,-0.450948550876116,0.19908842468133,0.0001469,8.4282,6492,0.0184714348115264,TRUE,""
ENSG00000162817,C1orf115,cad,null,-0.00416663637943757,0.871491147543711,0.0002492,51.793,5792,0.00394586034294208,TRUE,""
ENSG00000162852,CNST,cad,null,-0.0114287344923773,0.876685395448225,0.0008985,14.0173,7569,0.00268309522606287,TRUE,""
ENSG00000162873,KLHDC8A,cad,null,-0.0129468034726687,0.950164661941506,0.0001446,6.8385,4672,0.00355328235083687,TRUE,""
ENSG00000162878,PKDCC,fbg,null,0.020997421029999,0.583426134426407,0.0003379,13.2053,2544,0.00420324771797103,TRUE,""
ENSG00000162882,HAAO,t2d,null,0.041700593512651,0.643067191064241,6.687e-28,16.1218,4501,3.80176234713838e-24,TRUE,""
ENSG00000162888,C1orf147,fbg,null,0.00177238869566094,0.916166996259808,0.001884,15.9487,1217,0.00464667654289594,TRUE,""
ENSG00000162889,MAPKAPK2,fbg,null,-0.0101793734515631,0.928287214829656,0.001884,10.5591,1192,0.00712798061875386,TRUE,""
ENSG00000162910,MRPL55,t2d,grey,-0.099235459453594,0.162236114404696,0.000834,20.6247,3929,0.00980540552018057,TRUE,""
ENSG00000162924,REL,t2d,null,-0.0198743937041491,0.868835667192575,2.29e-15,16.081,3286,2.6169980502748e-11,TRUE,""
ENSG00000162929,KIAA1841,t2d,null,-0.00834452660884384,0.704133350204302,2.29e-15,69.5179,2995,1.96737383187397e-11,TRUE,""
ENSG00000162929,KIAA1841,cad,null,-0.00111260354784585,0.944054023280193,3.154e-06,69.5179,4528,0.0013868779055497,TRUE,""
ENSG00000162961,DPY30,t2d,null,0.108507118750681,0.734271103025853,0.004232,6.0342,2821,0.00577317296455463,TRUE,""
ENSG00000162999,DUSP19,cad,null,-0.0826152925382283,0.50792702409201,2.182e-05,13.8762,6132,0.00630859735495281,TRUE,""
ENSG00000163016,ALMS1P,t2d,grey,-0.0467390058563861,0.0691858366491052,0.0006866,24.3364,2320,0.0224439156804217,TRUE,""
ENSG00000163029,SMC6,t2d,null,-0.012391740869902,0.719183260164793,0.000112,58.8426,4764,0.00402332070997179,TRUE,""
ENSG00000163040,CCDC74A,cad,null,0.00278311677834291,0.877731041501716,0.00903,23.6681,3143,0.00317161462679867,TRUE,""
ENSG00000163050,ADCK3,fbg,grey,-0.0286145573280988,0.0686809456631793,0.007316,91.9149,1782,0.00712705591977434,TRUE,""
ENSG00000163053,SLC16A14,cad,null,0.127693512433077,0.617075077451974,1.468e-06,4.7139,6313,0.00226642442827573,TRUE,""
ENSG00000163071,SPATA18,fbg,grey,-0.0156443108903118,0.49813992156856,0.000746,23.5446,771,0.00477854550746228,TRUE,""
ENSG00000163082,SGPP2,t2d,grey,-0.308046794956502,0.157802790690306,0.00285,6.5286,3793,0.0223749244788998,TRUE,""
ENSG00000163082,SGPP2,cad,grey,-0.122673502416306,0.437830430868302,0.0001486,6.5286,5433,0.00545133319990963,TRUE,""
ENSG00000163093,BBS5,t2d,null,-0.211312013349126,0.520316800507367,0.0001292,7.5624,4516,0.00757613153885429,TRUE,""
ENSG00000163125,RPRD2,fbg,grey,0.0348451273928645,0.260589034273618,0.0002148,12.3386,663,0.00787163418454497,TRUE,""
ENSG00000163126,ANKRD23,cad,null,-0.0186322716033198,0.934194404692542,0.0004989,8.5689,1828,0.00514871157542057,TRUE,""
ENSG00000163141,BNIPL,t2d,grey,0.0641418466619681,0.147950562490078,9.493e-06,37.7431,2499,0.011333467123249,TRUE,""
ENSG00000163155,LYSMD1,cad,null,-0.0301438349659792,0.68489168859197,2.85e-11,15.1185,3758,6.01198502064116e-08,TRUE,""
ENSG00000163161,ERCC3,cad,grey,-0.0375867542039458,0.144202845553275,8.784e-06,43.4894,6029,0.00447230728281856,TRUE,""
ENSG00000163166,IWS1,t2d,grey,-0.112220929473916,0.18789505017039,0.0002361,21.0569,3976,0.0103318558577471,TRUE,""
ENSG00000163171,CDC42EP3,t2d,grey,-0.0599050588068584,0.418796684420646,8.957e-06,22.5824,4911,0.00431057059787606,TRUE,""
ENSG00000163214,DHX57,t2d,grey,-0.0854075451328495,0.0827514759030596,0.0005393,30.0114,3639,0.0172589851837887,TRUE,""
ENSG00000163219,ARHGAP25,t2d,grey,0.0838046739319525,0.178406057753558,0.001437,23.1094,3813,0.00914345138677511,TRUE,""
ENSG00000163220,S100A9,t2d,grey,-0.0760646996682612,0.290552404389806,1.713e-06,30.2607,2909,0.0022061049394942,TRUE,""
ENSG00000163221,S100A12,cad,null,-0.0104373382610416,0.775096962195985,0.001035,80.2684,4093,0.00414479963028108,TRUE,""
ENSG00000163235,TGFA,t2d,grey,0.183110657813243,0.0646808438473685,0.0004902,21.1353,3861,0.0300820125614123,TRUE,""
ENSG00000163235,TGFA,cad,null,0.0142792714808492,0.850179902198761,1.22e-06,21.1353,5556,0.000827781090229011,TRUE,""
ENSG00000163249,CCNYL1,cad,grey,0.168477705217716,0.251229386848851,0.001386,11.3703,5158,0.00810708881820327,TRUE,""
ENSG00000163291,PAQR3,t2d,null,0.227542212281278,0.500512102322694,0.000416,9.5113,3905,0.0107108628240401,TRUE,""
ENSG00000163312,HELQ,fbg,grey,-0.0922277196125033,0.247862996149615,0.0005935,6.7336,1699,0.0097086154907929,TRUE,""
ENSG00000163328,GPR155,cad,grey,0.0343765193248933,0.473579798269008,5.85e-05,21.7206,4693,0.00341574908921508,TRUE,""
ENSG00000163344,PMVK,cad,grey,-0.0418427684918548,0.450617496684764,6.693e-15,18.292,3138,8.89830272681852e-11,TRUE,""
ENSG00000163344,PMVK,t2d,null,0.0194617527869092,0.800141053963404,1.713e-06,18.292,1952,0.000909794985109239,TRUE,""
ENSG00000163346,PBXIP1,t2d,null,0.0194446599947106,0.770944829560146,1.713e-06,20.9864,1949,0.000911681265457512,TRUE,""
ENSG00000163354,DCST2,fbg,null,-0.00362969004893964,0.979543663087131,0.002818,4.904,909,0.00286394169637031,TRUE,""
ENSG00000163359,COL6A3,t2d,grey,0.125891573934276,0.229600384163469,0.0004264,24.4163,3896,0.0126496786643656,TRUE,""
ENSG00000163359,COL6A3,fbg,null,0.0145539391831533,0.730223992825289,0.003173,24.4163,1962,0.0072813861205673,TRUE,""
ENSG00000163378,EOGT,fbg,grey,-0.0223600330144842,0.198542793686662,0.000718,32.1216,2040,0.00890287548843938,TRUE,""
ENSG00000163382,APOA1BP,fbg,null,0.000587582399321188,0.976536189986223,0.001098,30.0059,1551,0.00406653601325153,TRUE,""
ENSG00000163386,NBPF10,cad,null,0.0339598696847307,0.679025635130094,0.0002967,5.663,60,0.0028778526685768,TRUE,""
ENSG00000163389,POGLUT1,t2d,null,-0.0179799145676359,0.674206294447154,0.000402,59.1055,4130,0.00801349272509735,TRUE,""
ENSG00000163399,ATP1A1,cad,grey,0.314532415033628,0.207114911830897,0.0005695,4.5921,5092,0.00572450014746734,TRUE,""
ENSG00000163406,SLC15A2,fbg,null,0.00707685399066011,0.707660466654553,0.00302,30.0808,1604,0.00422682222513676,TRUE,""
ENSG00000163412,EIF4E3,t2d,null,0.00778115764231325,0.886403006367064,1.379e-06,57.2056,3000,0.000557313649028252,TRUE,""
ENSG00000163444,TMEM183A,fbg,grey,-0.0180289298844969,0.2870949517261,0.001466,26.6012,1623,0.00646017092616156,TRUE,""
ENSG00000163449,TMEM169,cad,null,0.00918848302671966,0.83903733185664,1.576e-13,25.1837,5725,1.67736578905906e-09,TRUE,""
ENSG00000163449,TMEM169,fbg,null,-0.00706806386670743,0.807306380150854,2.113e-05,25.1837,2062,0.00425622454161306,TRUE,""
ENSG00000163468,CCT3,fbg,grey,0.0228144582235175,0.149534833950161,0.001098,38.2049,1236,0.00938080680997078,TRUE,""
ENSG00000163472,TMEM79,cad,grey,0.0166605906324556,0.300335455676674,5.535e-05,63.9812,3771,0.00202633567097402,TRUE,""
ENSG00000163507,KIAA1524,t2d,grey,-0.0789254496374604,0.26197337369113,3.698e-05,28.5936,3923,0.00644440848123048,TRUE,""
ENSG00000163512,AZI2,t2d,grey,0.0359214988318239,0.419267732920394,0.0009668,31.1589,3983,0.0049175451048603,TRUE,""
ENSG00000163519,TRAT1,fbg,grey,-0.0470117605768701,0.0500912804442534,0.001502,36.3254,1885,0.0389696013669851,TRUE,""
ENSG00000163527,STT3B,t2d,null,-0.0439777596367151,0.694830880642112,2.532e-05,20.5348,3923,0.00233239466045397,TRUE,""
ENSG00000163528,CHCHD4,t2d,grey,-0.118885994156982,0.478136885574884,3.474e-06,6.1278,3927,0.00247276307883701,TRUE,""
ENSG00000163545,NUAK2,t2d,grey,-0.0297348688450638,0.453254704753736,9.455e-06,35.7891,2944,0.00311669080037798,TRUE,""
ENSG00000163576,EFHB,t2d,null,-0.012183219863259,0.52379920995388,0.0004801,66.5117,3749,0.00435406051847986,TRUE,""
ENSG00000163590,PPM1L,fbg,grey,-0.0260886593460203,0.446917899337001,0.002303,36.5939,1725,0.0112196823925581,TRUE,""
ENSG00000163590,PPM1L,cad,null,-0.0367173724129175,0.543187473895302,0.0003685,36.5939,5406,0.00674341062616241,TRUE,""
ENSG00000163597,SNHG16,fbg,grey,-0.00686095717336131,0.491767700760523,0.000889,48.0851,1588,0.00452981751403922,TRUE,""
ENSG00000163602,RYBP,t2d,grey,-0.0199291588632847,0.403468306235755,1.379e-06,59.6927,3565,0.000775745783396958,TRUE,""
ENSG00000163607,GTPBP8,fbg,grey,-0.0377143244600635,0.059333466754994,0.000353,31.0441,1860,0.0235927540197377,TRUE,""
ENSG00000163608,C3orf17,fbg,grey,0.0556240612655516,0.357572759228743,0.000353,29.1407,1844,0.0173413446817303,TRUE,""
ENSG00000163624,CDS1,t2d,null,-0.113346121321771,0.546798707074727,0.005536,7.38,3613,0.00463916089890998,TRUE,""
ENSG00000163624,CDS1,cad,null,-0.0554672508595901,0.686573982946944,8.765e-06,7.38,4750,0.00316966121120674,TRUE,""
ENSG00000163625,WDFY3,fbg,grey,0.0401248998129842,0.398809120942746,0.0008604,11.9776,1722,0.00563735592819683,TRUE,""
ENSG00000163626,COX18,t2d,null,-0.234720441492307,0.523518574588213,0.000772,5.6015,2842,0.00630998163392207,TRUE,""
ENSG00000163629,PTPN13,fbg,grey,-0.086321838998232,0.133614402537716,0.0008234,11.0967,1565,0.0159503940038902,TRUE,""
ENSG00000163629,PTPN13,t2d,null,-0.052752234943364,0.710796544657712,0.001881,11.0967,4016,0.0045071878016731,TRUE,""
ENSG00000163633,C4orf36,t2d,grey,-0.148089894738416,0.43156474912376,0.001881,7.4892,4316,0.00649349710733032,TRUE,""
ENSG00000163633,C4orf36,cad,null,0.0105778496241725,0.937728620843449,2.309e-05,7.4892,5547,0.00297467183969607,TRUE,""
ENSG00000163659,TIPARP,t2d,grey,-0.342198476240245,0.279983172635236,1.097e-05,12.5145,4150,0.0118245757419859,TRUE,""
ENSG00000163660,CCNL1,t2d,null,0.00486353167604656,0.902723027603871,1.097e-05,39.9673,4124,0.0027460926805907,TRUE,""
ENSG00000163661,PTX3,fbg,grey,0.140596402852179,0.191703742822855,0.004969,5.8874,1956,0.00922206237251967,TRUE,""
ENSG00000163710,PCOLCE2,cad,null,-0.0805723554337302,0.55508074885533,7.016e-07,7.9531,5399,0.00147023493912851,TRUE,""
ENSG00000163710,PCOLCE2,fbg,null,-0.00447624196854057,0.950164661941506,0.008711,7.9531,1772,0.00391394675383856,TRUE,""
ENSG00000163735,CXCL5,t2d,null,-0.00359631078307847,0.928995355702441,0.002553,70.1639,2810,0.0069292852436831,TRUE,""
ENSG00000163738,MTHFD2L,fbg,null,0.0342111513032122,0.763357099203955,0.0001044,13.6342,1493,0.0109353108254452,TRUE,""
ENSG00000163743,RCHY1,cad,null,-0.0056983516307947,0.799703117833374,1.637e-10,53.1014,5831,1.92870876218415e-06,TRUE,""
ENSG00000163754,GYG1,t2d,grey,-0.0480927479900717,0.283590175619393,8.452e-05,22.1012,3998,0.00471597368082651,TRUE,""
ENSG00000163788,SNRK,fbg,grey,0.0711978677155442,0.0718606382258516,0.002533,15.7114,1531,0.0216775515975111,TRUE,""
ENSG00000163788,SNRK,cad,null,-0.0214723728031006,0.766561943282691,1.05e-05,15.7114,4485,0.00286422072403528,TRUE,""
ENSG00000163807,KIAA1143,fbg,grey,0.0194917885309336,0.196938679952046,0.0001969,31.6603,1630,0.00815163871741983,TRUE,""
ENSG00000163817,SLC6A20,fbg,grey,-0.0597276131883474,0.423710797166793,0.0001969,6.88,1829,0.00745867209850509,TRUE,""
ENSG00000163818,LZTFL1,fbg,grey,0.0527867064273846,0.252020914350514,0.0001969,19.4684,1846,0.0122357287940832,TRUE,""
ENSG00000163832,ELP6,fbg,null,0.0109907929529018,0.852408287000742,0.002281,10.8386,816,0.00535931133824231,TRUE,""
ENSG00000163840,DTX3L,fbg,grey,0.0234344498215858,0.457124710034358,6.79e-09,22.0274,1821,6.05679976394222e-05,TRUE,""
ENSG00000163873,GRIK3,fbg,grey,-0.0849596565508154,0.192564416267239,0.0008783,8.8154,1321,0.00916922906298997,TRUE,""
ENSG00000163875,MEAF6,t2d,grey,0.0379698061200073,0.430268430191647,0.001786,54.8141,3187,0.0116432950450476,TRUE,""
ENSG00000163882,POLR2H,cad,null,-0.0493085907559024,0.682472947499482,0.0001281,9.6125,5321,0.00327888241956382,TRUE,""
ENSG00000163885,CCDC37,fbg,null,0.0156571111639067,0.826844797716898,0.001693,7.2012,1927,0.00806693556685186,TRUE,""
ENSG00000163900,TMEM41A,t2d,grey,-0.307846161503131,0.136967412262295,3.854e-57,6.6718,2732,2.49610037726205e-08,TRUE,""
ENSG00000163932,PRKCD,fbg,grey,0.022432067165833,0.43316699063013,0.0003896,23.0117,1376,0.00602415495109279,TRUE,""
ENSG00000163939,PBRM1,t2d,null,0.110333331073857,0.628477445586286,6.238e-08,7.1448,2080,9.14068435845332e-05,TRUE,""
ENSG00000163975,MFI2,t2d,grey,-0.100465075888255,0.466518500923146,5.627e-06,11.9766,2196,0.00406910522255843,TRUE,""
ENSG00000163975,MFI2,cad,null,0.0321488242842417,0.752162308378054,0.0001971,11.9766,5592,0.00355865760517976,TRUE,""
ENSG00000163995,ABLIM2,cad,null,0.0857163515819093,0.504985075093846,0.0001239,9.6657,8383,0.00448589089587648,TRUE,""
ENSG00000164011,ZNF691,fbg,null,-0.0402439144754028,0.759511416075572,0.0001169,6.6121,1564,0.00659078385176931,TRUE,""
ENSG00000164032,H2AFZ,t2d,null,0.0215650193983346,0.6245856448124,2.565e-06,22.8708,4949,0.000225461262692722,TRUE,""
ENSG00000164032,H2AFZ,fbg,null,0.000468804769529014,0.978438177451517,0.005222,22.8708,1886,0.00452371179668718,TRUE,""
ENSG00000164061,BSN,fbg,grey,-0.0463958311608443,0.406952608509977,0.0001937,7.8573,691,0.00761080215611953,TRUE,""
ENSG00000164080,RAD54L2,t2d,null,-0.0787257171659336,0.705394356717494,0.0004635,6.3038,1535,0.00426530594359686,TRUE,""
ENSG00000164082,GRM2,fbg,grey,-0.0305884176441055,0.246419131076524,0.0005376,29.6779,713,0.0111405124477412,TRUE,""
ENSG00000164086,DUSP7,fbg,grey,0.101164992234998,0.49041106256261,0.0005376,4.7221,782,0.00573622239044308,TRUE,""
ENSG00000164096,C4orf3,t2d,grey,0.0309066866995825,0.396381576737308,0.000316,35.2195,4326,0.00484893698723468,TRUE,""
ENSG00000164117,FBXO8,t2d,null,0.00307581109498618,0.992612285555623,0.0007971,5.7464,3883,0.00497663910180437,TRUE,""
ENSG00000164120,HPGD,fbg,grey,-0.0122671522752217,0.440452945294225,0.001852,46.5666,1773,0.00395205402443995,TRUE,""
ENSG00000164120,HPGD,t2d,null,-0.0159018640604726,0.680511892901687,0.0007971,46.5666,3940,0.00429125965046398,TRUE,""
ENSG00000164125,FAM198B,fbg,null,-0.00512591488121483,0.583426134426407,0.00331,86.3651,1451,0.00898798558435632,TRUE,""
ENSG00000164134,NAA15,fbg,null,0.00953503321191343,0.908140272657433,0.002489,11.2008,1620,0.00580053153341877,TRUE,""
ENSG00000164142,FAM160A1,fbg,grey,0.0199511776129415,0.349538991650093,0.0003528,20.9316,1227,0.00577793633036776,TRUE,""
ENSG00000164172,MOCS2,fbg,null,0.000941942197476835,0.976536189986223,0.0006786,18.8332,2374,0.00408586773905542,TRUE,""
ENSG00000164175,SLC45A2,fbg,null,-0.0316824156308982,0.585440934568927,0.001671,12.7432,1925,0.00607513259540987,TRUE,""
ENSG00000164181,ELOVL7,fbg,grey,-0.0452918247411259,0.061703404877095,3.16e-05,25.5713,1681,0.0245254730655376,TRUE,""
ENSG00000164237,CMBL,t2d,null,-0.00393773905385994,0.918724277407713,0.0008044,81.964,4364,0.0065145575247566,TRUE,""
ENSG00000164241,C5orf63,cad,grey,-0.0628900462914155,0.493842236243828,0.001865,9.7902,5841,0.00316379434922418,TRUE,""
ENSG00000164244,PRRC1,t2d,null,0.0166672336840701,0.813980460416918,6.976e-05,21.3198,3299,0.00260149168342822,TRUE,""
ENSG00000164252,AGGF1,fbg,grey,-0.0956716098351676,0.171180318164682,7.201e-06,9.6244,2205,0.00631733602799581,TRUE,""
ENSG00000164253,WDR41,t2d,grey,-0.0488860586069789,0.0662163141482933,1.188e-12,70.7267,4161,2.34211453676894e-07,TRUE,""
ENSG00000164253,WDR41,fbg,grey,-0.0141740643298341,0.173478578848781,7.201e-06,70.7267,2120,0.0973315820807668,TRUE,""
ENSG00000164258,NDUFS4,cad,grey,-0.0850395290973133,0.112588159649099,2.012e-07,13.4126,6964,0.00172302670719386,TRUE,""
ENSG00000164283,ESM1,cad,null,-0.0191838307642134,0.673716649749524,2.012e-07,22.1387,6413,0.000414361618479427,TRUE,""
ENSG00000164291,ARSK,cad,null,0.137426829999547,0.591554054889021,0.0002014,5.6155,4787,0.0046751536720972,TRUE,""
ENSG00000164292,RHOBTB3,cad,null,-0.0892527948110351,0.743821136938435,0.0002014,9.6567,4872,0.00685501916494214,TRUE,""
ENSG00000164296,TIGD6,fbg,null,0.0136167685313964,0.820211678728453,0.0004124,11.8159,2036,0.00542617855958436,TRUE,""
ENSG00000164306,CCDC111,fbg,grey,0.0281562485974113,0.352250687955077,2.239e-06,13.613,1804,0.00448213813460165,TRUE,""
ENSG00000164306,CCDC111,cad,null,0.00633515593441754,0.904483147958832,2.413e-05,13.613,6489,0.00254773091633041,TRUE,""
ENSG00000164309,CMYA5,t2d,grey,0.440207664426354,0.199288219843223,3.761e-07,6.7385,3970,0.000429963454608793,TRUE,""
ENSG00000164323,KIAA1430,t2d,null,-0.0147494890465895,0.676922239021379,1.946e-11,44.8897,3746,3.03191511593048e-08,TRUE,""
ENSG00000164327,RICTOR,fbg,grey,0.0636937521950031,0.381573905705021,0.00203,9.6875,2239,0.00692379759665127,TRUE,""
ENSG00000164330,EBF1,t2d,null,-0.170557766555025,0.740128511604947,1.062e-05,6.1594,4068,0.00607550187658308,TRUE,""
ENSG00000164332,UBLCP1,t2d,null,-0.0168724048234174,0.851268623688206,1.062e-05,16.9879,3781,0.00372409721661419,TRUE,""
ENSG00000164346,NSA2,cad,null,0.00889283950483008,0.612939241393459,1.562e-07,46.7891,5570,0.000803830146207305,TRUE,""
ENSG00000164346,NSA2,fbg,null,0.00372258397876608,0.70173553985783,0.000167,46.7891,2159,0.00504378760110365,TRUE,""
ENSG00000164347,GFM2,fbg,null,-0.00377343519231344,0.889537951249028,0.000167,23.5278,2180,0.00376564872631637,TRUE,""
ENSG00000164366,CCDC127,cad,grey,-0.029815041690573,0.20854522523803,0.004671,50.6348,3281,0.00482715581201945,TRUE,""
ENSG00000164406,LEAP2,fbg,grey,-0.0771512449442371,0.0915072499234822,0.00427,12.4165,1934,0.015767707573222,TRUE,""
ENSG00000164406,LEAP2,t2d,null,0.0428618027467984,0.711106547594804,0.0003033,12.4165,3472,0.00411915164977599,TRUE,""
ENSG00000164430,MB21D1,cad,grey,0.0485221230123374,0.310446438696633,2.179e-05,23.2445,5977,0.00437532298355566,TRUE,""
ENSG00000164442,CITED2,cad,null,-0.0361859119279643,0.562624686915214,6.673e-05,16.0079,5329,0.0032136667729115,TRUE,""
ENSG00000164465,DCBLD1,t2d,null,-0.013533231845596,0.714474277651148,3.048e-06,49.1214,3718,0.00192789205008511,TRUE,""
ENSG00000164483,SAMD3,t2d,grey,-0.0656766349530174,0.110081687211018,0.0001304,62.8172,4959,0.0055250009155503,TRUE,""
ENSG00000164483,SAMD3,fbg,grey,0.0138501747179833,0.389176850174411,0.0002292,62.8172,2564,0.00802352240201391,TRUE,""
ENSG00000164494,PDSS2,fbg,grey,0.021434238114127,0.302867777010297,0.0106,28.2352,1984,0.00644738996111115,TRUE,""
ENSG00000164494,PDSS2,cad,null,-0.0119779565931886,0.751496544187975,7.803e-05,28.2352,5573,0.00267359685247568,TRUE,""
ENSG00000164535,DAGLB,fbg,null,0.00337120627834034,0.759943064406937,0.0002071,71.7034,1472,0.00596175640102778,TRUE,""
ENSG00000164574,GALNT10,fbg,grey,-0.0627035913688393,0.255544012295895,0.0004241,23.439,2213,0.017768174341181,TRUE,""
ENSG00000164574,GALNT10,t2d,null,0.00151092991250215,0.990776106493309,0.0002719,23.439,4402,0.00664847170769034,TRUE,""
ENSG00000164587,RPS14,t2d,null,-0.0293744135989471,0.628992026367237,0.002964,26.0073,3965,0.00492632012277541,TRUE,""
ENSG00000164603,C7orf60,fbg,null,-0.0333365374261083,0.811807228003433,0.005244,10.5869,1761,0.0103453070322949,TRUE,""
ENSG00000164604,GPR85,cad,null,0.0448382560794399,0.647220356947693,0.0007505,10.3362,4762,0.0030290139197021,TRUE,""
ENSG00000164626,KCNK5,cad,grey,-0.158206993231076,0.34345107683441,7.631e-12,6.0633,6315,0.131879562187875,TRUE,""
ENSG00000164626,KCNK5,fbg,null,-0.00292975913390882,0.975070165131246,1.947e-06,6.0633,2450,0.00275430975818808,TRUE,""
ENSG00000164654,MIOS,t2d,null,0.0382907089396818,0.70996668978451,0.0006012,14.0349,4511,0.00671440186642437,TRUE,""
ENSG00000164654,MIOS,fbg,null,0.00935995107414444,0.82237620599534,0.0002071,14.0349,2480,0.00570727088503746,TRUE,""
ENSG00000164669,INTS4L1,fbg,grey,0.0522267066572458,0.220271518788167,0.009589,10.6771,1066,0.00980496439098695,TRUE,""
ENSG00000164669,INTS4L1,cad,null,0.00412316105188782,0.958025455470674,0.00107,10.6771,4624,0.00265180679781658,TRUE,""
ENSG00000164683,HEY1,cad,null,0.00396453762898795,0.856895178104153,0.0001413,46.3881,5256,0.00269237059866807,TRUE,""
ENSG00000164684,ZNF704,fbg,grey,-0.153471683161209,0.25707429868483,3.135e-05,7.0423,1605,0.00638469349580413,TRUE,""
ENSG00000164691,TAGAP,fbg,grey,-0.0646394877457701,0.131633295181901,0.001914,26.9866,2274,0.0232034060726987,TRUE,""
ENSG00000164691,TAGAP,cad,null,-0.0178088384605693,0.804361562650309,1.854e-33,26.9866,6829,4.68575735680478e-29,TRUE,""
ENSG00000164707,SLC13A4,t2d,null,-0.00135751094039727,0.984657011841237,0.0009196,25.8237,4100,0.00487139608847519,TRUE,""
ENSG00000164715,LMTK2,fbg,null,-0.00965171802614233,0.915053427839804,0.002259,29.5077,1470,0.0171451857924567,TRUE,""
ENSG00000164751,PEX2,cad,null,0.0202332749998589,0.897463696683179,0.0004569,20.8346,5551,0.00891885244649322,TRUE,""
ENSG00000164764,SBSPON,fbg,grey,-0.13875606511193,0.225465985004507,0.001761,4.5746,2150,0.00613884751672125,TRUE,""
ENSG00000164776,PHKG1,t2d,grey,0.0842377334300093,0.0935879207479145,0.004087,18.8881,3452,0.0208622308709083,TRUE,""
ENSG00000164776,PHKG1,fbg,grey,0.0253728112740992,0.21129954733371,0.0004936,18.8881,1170,0.0102025215128118,TRUE,""
ENSG00000164808,KIAA0146,cad,grey,-0.0809258410298365,0.398207109968035,0.01525,9.7972,2700,0.00451075190916429,TRUE,""
ENSG00000164815,ORC5,fbg,null,0.00400097485522872,0.922905718287002,0.00251,12.228,2037,0.00560797444334229,TRUE,""
ENSG00000164823,OSGIN2,cad,grey,-0.0338289730367543,0.263292015513095,0.0002184,33.0536,4805,0.00485141888207498,TRUE,""
ENSG00000164823,OSGIN2,t2d,null,0.0102512039505316,0.816104535888477,0.0002016,33.0536,3734,0.00297383696662363,TRUE,""
ENSG00000164849,GPR146,cad,grey,0.024499369479827,0.296726844041481,1.883e-08,63.1992,5857,0.000136100424455397,TRUE,""
ENSG00000164902,PHAX,cad,grey,0.150413658354645,0.375931946615349,0.000564,9.973,6569,0.00764140171596583,TRUE,""
ENSG00000164904,ALDH7A1,t2d,null,0.0213445106218625,0.611750895339301,0.0002203,30.0884,4516,0.00462916029519213,TRUE,""
ENSG00000164916,FOXK1,cad,null,-0.00770420534492784,0.7603016088484,1.054e-05,35.8146,7457,0.00182556684214875,TRUE,""
ENSG00000164919,COX6C,fbg,grey,-0.0161670083978324,0.329560259960621,0.001284,45.7793,1306,0.00705173341873553,TRUE,""
ENSG00000164924,YWHAZ,fbg,grey,-0.0242193110054801,0.222939094167741,0.001878,27.3829,1911,0.00801616895626805,TRUE,""
ENSG00000164924,YWHAZ,t2d,null,-0.000621007974499489,0.990149823544462,1.544e-05,27.3829,3185,0.00239704846858443,TRUE,""
ENSG00000164930,FZD6,fbg,grey,0.0278734370432733,0.0549945959282303,0.001151,57.9394,2081,0.0130151897152131,TRUE,""
ENSG00000164934,DCAF13,t2d,grey,0.124226101569865,0.0979514274431053,3.385e-05,14.4291,4940,0.0209318399945955,TRUE,""
ENSG00000164934,DCAF13,fbg,grey,0.0219222532182114,0.432034892005007,0.001151,14.4291,2165,0.00789991628703355,TRUE,""
ENSG00000164941,INTS8,fbg,grey,-0.0357825612241278,0.089130925517086,0.0001498,25.3699,2292,0.0147360435121812,TRUE,""
ENSG00000164949,GEM,fbg,grey,-0.102193631790109,0.0934605072058715,0.003532,8.7842,1805,0.0168086712007636,TRUE,""
ENSG00000164951,PDP1,t2d,grey,0.0883132448787478,0.189625322086302,1.641e-07,20.2495,3888,0.000447060452349043,TRUE,""
ENSG00000164951,PDP1,cad,null,-0.0113670513210269,0.819591685650043,5.079e-07,20.2495,5325,0.00042042931361757,TRUE,""
ENSG00000164961,KIAA0196,t2d,grey,0.314691968245186,0.264761567159798,6.06e-06,13.5901,3888,0.010982123175524,TRUE,""
ENSG00000164961,KIAA0196,fbg,grey,-0.0689201418057638,0.414852187798404,0.0001238,13.5901,1886,0.0107762131271022,TRUE,""
ENSG00000164978,NUDT2,t2d,grey,0.0395314312462309,0.215680749361015,1.36e-09,98.9207,2603,2.14306623256227e-06,TRUE,""
ENSG00000164978,NUDT2,cad,grey,-0.0206779794211054,0.344942578828616,0.001145,98.9207,4625,0.00533213215828176,TRUE,""
ENSG00000164978,NUDT2,fbg,grey,0.0191575397577888,0.124394878470488,0.001671,98.9207,1411,0.0060807783736972,TRUE,""
ENSG00000164985,PSIP1,cad,null,0.140544654633404,0.509837393048038,4.746e-06,8.5744,6890,0.00391138965197592,TRUE,""
ENSG00000165028,NIPSNAP3B,cad,grey,-0.0400210873783986,0.497669668348683,3.999e-07,26.0529,6725,0.00160719343093821,TRUE,""
ENSG00000165029,ABCA1,cad,grey,0.0769302375063167,0.294460296006904,3.999e-07,15.0396,6740,0.00246057145935174,TRUE,""
ENSG00000165055,METTL2B,cad,null,0.00228099404212428,0.932463513418651,0.000361,34.1274,4895,0.00274146605314238,TRUE,""
ENSG00000165066,NKX6-3,t2d,grey,0.0556168130458086,0.440024466872261,3.159e-22,18.8265,3550,3.9731355830542e-18,TRUE,""
ENSG00000165071,TMEM71,t2d,null,-0.0199952933497887,0.577553375112029,0.002752,42.212,4794,0.00668263556798568,TRUE,""
ENSG00000165092,ALDH1A1,cad,null,-0.00208925091819344,0.937728620843449,0.001702,42.7677,4957,0.00297289965591003,TRUE,""
ENSG00000165115,KIF27,cad,null,0.00613678594134852,0.962169857845561,6.372e-06,28.2604,5777,0.00607984836859119,TRUE,""
ENSG00000165121,RP11-213G2.3,cad,null,0.00435656022765288,0.889875664640676,6.97e-05,14.8454,5121,0.00275418959398823,TRUE,""
ENSG00000165185,KIAA1958,t2d,grey,0.259884286056711,0.415897449222734,0.0001194,5.9321,4480,0.00796850502265983,TRUE,""
ENSG00000165233,C9orf89,cad,null,-0.0127245444451724,0.544474508963011,0.0003021,37.5425,5922,0.00339733427762357,TRUE,""
ENSG00000165238,WNK2,fbg,grey,-0.050409774479546,0.125707617716504,0.009316,17.3022,1803,0.0132796490439455,TRUE,""
ENSG00000165272,AQP3,cad,null,0.0234542785867187,0.666636174393206,0.0003904,21.1001,5258,0.00316535068251219,TRUE,""
ENSG00000165280,VCP,fbg,grey,-0.0141826677922201,0.363302140886898,0.007417,37.455,1389,0.00584343134121436,TRUE,""
ENSG00000165282,PIGO,cad,grey,0.0577819831898693,0.165757617863569,0.0001172,24.2921,4308,0.0062975430636389,TRUE,""
ENSG00000165300,SLITRK5,t2d,grey,-0.167040386115263,0.222939094167741,0.0002931,12.2855,3953,0.00928526456508729,TRUE,""
ENSG00000165392,WRN,fbg,grey,-0.027252001131617,0.250143871274301,0.0002533,30.0455,1765,0.00913113675592855,TRUE,""
ENSG00000165392,WRN,t2d,null,-0.0284368707460352,0.634610556736476,2.796e-09,30.0455,3762,2.80927571383334e-06,TRUE,""
ENSG00000165416,SUGT1,fbg,null,0.00423306462857025,0.897332123936804,0.003591,16.7628,1710,0.00380711763399628,TRUE,""
ENSG00000165417,GTF2A1,t2d,null,0.0313677980054449,0.804581123305239,0.0009692,13.2396,3881,0.00456892115794143,TRUE,""
ENSG00000165458,INPPL1,fbg,grey,0.0360239744687476,0.444446702634924,2.919e-08,25.694,1310,0.000162402714811183,TRUE,""
ENSG00000165490,C11orf82,cad,grey,0.0470091022625754,0.432034892005007,1.69e-05,15.2681,5989,0.00278558036844439,TRUE,""
ENSG00000165490,C11orf82,t2d,null,-0.049145879638147,0.555362566713577,0.0003412,15.2681,4269,0.00406206310282837,TRUE,""
ENSG00000165501,LRR1,cad,grey,0.0207143762050752,0.365591537564832,0.0009833,52.3567,5097,0.00448942708111965,TRUE,""
ENSG00000165501,LRR1,t2d,null,0.0167168650076045,0.609273256070766,0.0005449,52.3567,3457,0.00416240567046313,TRUE,""
ENSG00000165507,C10orf10,t2d,grey,-0.297582438114162,0.0546600593303424,0.001591,11.7227,4276,0.0294502955881264,TRUE,""
ENSG00000165511,C10orf25,cad,null,-0.00159986524476437,0.988762560820416,1.587e-23,11.0883,5847,8.41613653029833e-20,TRUE,""
ENSG00000165511,C10orf25,fbg,null,-0.0047995957342931,0.94021471189421,0.004023,11.0883,1946,0.0048198578351603,TRUE,""
ENSG00000165548,TMEM63C,fbg,null,-0.00103128277243486,0.925307750889347,0.0002794,46.1835,2239,0.00371704150660776,TRUE,""
ENSG00000165630,PRPF18,t2d,grey,-0.123861482907754,0.454612324841824,0.000694,11.8098,5053,0.00669582016990423,TRUE,""
ENSG00000165655,ZNF503,fbg,null,0.000709576815736753,0.955695871316436,0.0009215,45.5844,1445,0.00428830982057294,TRUE,""
ENSG00000165671,NSD1,t2d,grey,0.596368780579951,0.145570414599435,0.008321,4.8495,1402,0.0115892322913796,TRUE,""
ENSG00000165678,GHITM,cad,grey,-0.0544804719689716,0.376734772631607,3.684e-05,32.1181,7372,0.00649618474818416,TRUE,""
ENSG00000165682,CLEC1B,cad,null,-0.0137768035078958,0.511663282695868,0.0003213,58.3685,5870,0.00347197942063494,TRUE,""
ENSG00000165685,TMEM52B,t2d,grey,0.150537359568406,0.41786742785345,0.000372,6.7342,3783,0.00834655630154766,TRUE,""
ENSG00000165688,PMPCA,fbg,grey,-0.172820731363662,0.064532234261389,0.0004699,6.2712,1106,0.0228578976418108,TRUE,""
ENSG00000165695,AK8,t2d,null,-0.015918509618212,0.873597250496537,1.354e-05,14.3463,2570,0.00192071872237129,TRUE,""
ENSG00000165698,C9orf9,t2d,null,0.272868332990597,0.511824124219656,1.354e-05,5.3491,2551,0.003762984528737,TRUE,""
ENSG00000165724,ZMYND19,cad,null,0.126164183188067,0.711258997505724,1.833e-06,8.3536,2473,0.00432654113303577,TRUE,""
ENSG00000165730,STOX1,cad,grey,0.0459667051110779,0.106974931829809,0.0007871,81.3446,6396,0.00520228854490579,TRUE,""
ENSG00000165732,DDX21,t2d,null,0.0361150196861784,0.894705134640172,6.578e-09,8.8554,4357,1.65245943219936e-05,TRUE,""
ENSG00000165792,METTL17,t2d,null,0.00496944984192101,0.894565000443449,0.0004196,35.2486,4309,0.00388089566175652,TRUE,""
ENSG00000165863,C10orf82,fbg,null,-0.0676191930539587,0.693310696531825,0.003445,7.223,2006,0.00903633711424074,TRUE,""
ENSG00000165915,SLC39A13,cad,grey,-0.302699436364308,0.0636192624279564,1.897e-06,6.7502,3134,0.00142480232550124,TRUE,""
ENSG00000165917,RAPSN,cad,null,-0.0143118342856888,0.890294922852369,1.897e-06,9.4865,3168,0.000258035986999119,TRUE,""
ENSG00000165923,AGBL2,cad,null,0.029458493313915,0.847501193268095,1.897e-06,9.0636,3727,0.000355826622673885,TRUE,""
ENSG00000165948,IFI27L1,cad,null,-0.00863371598558671,0.666443297771752,8.439e-10,47.4851,7107,2.19945393497477e-06,TRUE,""
ENSG00000165949,IFI27,fbg,null,-0.0056667780730623,0.785062868547559,0.0001168,28.1744,2368,0.00387339204814784,TRUE,""
ENSG00000165996,PTPLA,fbg,null,0.0127332627370825,0.698684565645401,0.002147,16.7429,2261,0.0040047935303765,TRUE,""
ENSG00000166016,ABTB2,cad,null,-0.0148002719408322,0.676922239021379,0.000763,30.0124,6026,0.00291761701307552,TRUE,""
ENSG00000166025,AMOTL1,fbg,null,-0.00171802259348522,0.990613339346548,0.0002126,13.8966,2094,0.0183243954376433,TRUE,""
ENSG00000166035,LIPC,cad,null,-0.0209893511777655,0.668235141795249,7.243e-06,37.869,6337,0.00401734978422846,TRUE,""
ENSG00000166105,GLB1L3,fbg,grey,-0.0558309648085287,0.317310507862914,0.0006696,10.5144,2168,0.0063593761885261,TRUE,""
ENSG00000166128,RAB8B,cad,grey,-0.324583363067868,0.46743017787843,0.0001436,5.9113,5726,0.00944626008019952,TRUE,""
ENSG00000166140,ZFYVE19,fbg,null,0.00337785563097584,0.684558919367902,0.0002523,68.6946,1175,0.00455412020424368,TRUE,""
ENSG00000166147,FBN1,fbg,grey,0.0287925413316251,0.277605418363564,0.00276,23.3046,1717,0.00756286369889353,TRUE,""
ENSG00000166167,BTRC,t2d,null,0.0347677311041657,0.799312244990797,0.0006177,15.3581,2279,0.00548853963747011,TRUE,""
ENSG00000166169,POLL,t2d,grey,-0.189280935335861,0.13514487229351,0.0006177,11.9214,2346,0.0114402959886378,TRUE,""
ENSG00000166171,DPCD,t2d,grey,0.423861268301351,0.063571609667478,0.0006177,11.2371,2351,0.0443090641571798,TRUE,""
ENSG00000166226,CCT2,cad,null,0.0191417517268796,0.773242947954209,3.856e-05,15.7035,6462,0.001821397027974,TRUE,""
ENSG00000166260,COX11,cad,grey,0.034948638420169,0.280977976266314,0.0004517,35.143,5497,0.00530218605110043,TRUE,""
ENSG00000166260,COX11,t2d,null,0.00962353811569872,0.8271246295057,0.001103,35.143,3982,0.00410050724424524,TRUE,""
ENSG00000166266,CUL5,cad,null,0.0224634001398684,0.711706471507654,7.099e-08,39.0746,5472,0.000164352484571826,TRUE,""
ENSG00000166272,WBP1L,t2d,grey,-0.106289095302422,0.182422439451736,0.0004887,16.2861,2641,0.0409154257032797,TRUE,""
ENSG00000166275,C10orf32,cad,grey,-0.0358955192207932,0.138138553626745,4.67e-15,79.3827,4136,7.83819817172918e-12,TRUE,""
ENSG00000166278,C2,t2d,grey,0.151097958882319,0.409085878336163,3.715e-19,9.4807,998,1.3316104834294e-14,TRUE,""
ENSG00000166321,NUDT13,fbg,grey,-0.0275559384736695,0.355967119733731,0.0005477,37.0265,821,0.0114133221226171,TRUE,""
ENSG00000166340,TPP1,cad,null,0.00676228278357787,0.795927918181723,5.609e-13,45.0399,7198,2.90051347099689e-09,TRUE,""
ENSG00000166359,WDR88,t2d,grey,0.160323110776364,0.182422439451736,5.137e-08,12.2584,3906,0.000407894747490921,TRUE,""
ENSG00000166387,PPFIBP2,fbg,grey,-0.0148827794096615,0.235030456586428,5.144e-07,99.2588,2761,0.00143589951758907,TRUE,""
ENSG00000166398,KIAA0355,cad,null,0.00835115144744395,0.884583528000224,5.702e-06,38.5159,6223,0.00411501244565109,TRUE,""
ENSG00000166401,SERPINB8,fbg,grey,-0.0171925568231099,0.202309241991172,0.0005847,58.3665,2527,0.00950084084402089,TRUE,""
ENSG00000166405,RIC3,cad,grey,-0.117338643021421,0.101359571316826,7.785e-06,23.3179,6967,0.0113101201973652,TRUE,""
ENSG00000166435,XRRA1,t2d,null,-0.00296740604563823,0.858274230547456,0.0004482,110.7575,3287,0.00406486841908222,TRUE,""
ENSG00000166439,RNF169,cad,grey,-0.0401154775464524,0.292079175875861,4.758e-11,23.7976,4747,5.44671853136206e-07,TRUE,""
ENSG00000166444,ST5,cad,grey,-0.0868765369525633,0.317310507862914,6.257e-12,10.6542,6056,1.82664067325921e-08,TRUE,""
ENSG00000166452,AKIP1,t2d,grey,0.0343932640530475,0.140048684560218,0.0003753,71.8103,3832,0.00389754372568364,TRUE,""
ENSG00000166471,TMEM41B,t2d,null,0.00019681849074106,0.991774531673497,0.0004632,51.0335,4078,0.0044885696335277,TRUE,""
ENSG00000166483,WEE1,t2d,null,-0.0414801005376434,0.547073936768484,0.0007035,24.0308,4152,0.00490223919162979,TRUE,""
ENSG00000166501,PRKCB,t2d,null,0.0029783274292306,0.928490976066494,0.001308,73.3927,3386,0.00479697399528432,TRUE,""
ENSG00000166503,HDGFRP3,t2d,grey,-0.0539648458620163,0.352250687955077,0.0001225,55.7102,2155,0.0384116679077624,TRUE,""
ENSG00000166508,MCM7,t2d,null,0.0610038226284925,0.582498938257663,2.337e-07,30.422,2005,0.00157678867215713,TRUE,""
ENSG00000166529,ZSCAN21,cad,grey,0.0738775237321268,0.0739560376138907,1.698e-06,23.868,3417,0.00233527519741544,TRUE,""
ENSG00000166546,BEAN1,cad,grey,0.291074611009866,0.0577014590116585,0.0007039,15.2594,4621,0.0362720717384783,TRUE,""
ENSG00000166664,CHRFAM7A,cad,null,0.0183963393912748,0.557232907570128,0.0005087,21.7455,3668,0.00514195735992582,TRUE,""
ENSG00000166736,HTR3A,cad,grey,0.206981855531401,0.141045152484582,1.833e-05,11.2069,5413,0.0104909160187375,TRUE,""
ENSG00000166750,SLFN5,cad,grey,0.0135597172047715,0.351231423953114,0.000797,76.884,5458,0.00408375155467701,TRUE,""
ENSG00000166750,SLFN5,t2d,null,0.00197232250251222,0.919339446157432,0.0004728,76.884,3348,0.00377472323716826,TRUE,""
ENSG00000166770,AC004696.2,t2d,grey,-0.06664818423179,0.156854472588338,0.0006306,17.1913,2834,0.0121384110216135,TRUE,""
ENSG00000166780,C16orf45,cad,null,0.0436028718597808,0.520316800507367,5.946e-07,18.3364,2750,0.000660437369604253,TRUE,""
ENSG00000166796,LDHC,t2d,null,0.020766992025018,0.548506235500147,0.001519,75.9624,3981,0.00643856585736387,TRUE,""
ENSG00000166797,FAM96A,cad,null,0.0230718154293285,0.746294336814333,3.895e-08,16.2139,4789,0.000301660267487569,TRUE,""
ENSG00000166800,LDHAL6A,cad,grey,0.365045646571837,0.0801183137276342,0.0006597,6.7946,5767,0.0138049513044599,TRUE,""
ENSG00000166823,MESP1,cad,null,0.00217891735050706,0.94684707139927,5.206e-11,31.7923,5307,2.39485546131819e-08,TRUE,""
ENSG00000166831,RBPMS2,t2d,null,-0.0272299883887916,0.513825544458124,5.545e-10,92.5116,2613,8.69154690812765e-06,TRUE,""
ENSG00000166845,C18orf54,fbg,grey,0.0403730660099263,0.390133657897216,0.003327,22.0843,1720,0.00910598935626014,TRUE,""
ENSG00000166847,DCTN5,cad,grey,0.0183273355119362,0.229015581254345,2e-04,133.822,5742,0.00368766784144543,TRUE,""
ENSG00000166855,CLPX,cad,null,-0.0536163493620926,0.660953939892624,3.895e-08,8.2845,4132,0.000266981441259779,TRUE,""
ENSG00000166860,ZBTB39,t2d,null,0.109628783613826,0.750091649800551,0.001047,6.9454,1850,0.00781324361868458,TRUE,""
ENSG00000166896,XRCC6BP1,t2d,null,0.00448246474883854,0.790375694602622,0.001463,63.4646,2870,0.00478397740643401,TRUE,""
ENSG00000166896,XRCC6BP1,cad,null,-0.00405556334418725,0.743224552275968,4.918e-09,63.4646,4280,2.0605707378124e-05,TRUE,""
ENSG00000166897,ELFN2,cad,grey,-0.424393587108907,0.114813225892495,0.000155,5.7589,5663,0.0149768565095867,TRUE,""
ENSG00000166908,PIP4K2C,t2d,null,0.0105713965197537,0.91042696974349,0.001047,15.1541,2715,0.00383840881261807,TRUE,""
ENSG00000166927,MS4A7,cad,null,0.010014819744175,0.782654008414754,0.0004562,28.3862,4634,0.00274671644210185,TRUE,""
ENSG00000166928,MS4A14,t2d,grey,-0.0219786984765573,0.333527553519331,0.001234,78.7764,2866,0.00444169902256718,TRUE,""
ENSG00000166974,MAPRE2,cad,grey,0.0838244091181,0.0643135495912274,7.87e-05,31.4276,4564,0.0155847919219696,TRUE,""
ENSG00000166979,EVA1C,t2d,null,0.0138650836822398,0.774200187925369,5.451e-05,41.0193,3645,0.00510068006962965,TRUE,""
ENSG00000166987,MBD6,cad,grey,-0.158241723304949,0.270780981335679,4.918e-09,9.3306,3999,4.37702505846752e-05,TRUE,""
ENSG00000166987,MBD6,fbg,grey,0.0927623895235908,0.22463863892378,0.0007165,9.3306,1279,0.0102769580275622,TRUE,""
ENSG00000167004,PDIA3,cad,grey,0.0688239285441237,0.401632246433539,0.001459,12.1223,2534,0.00459682541321881,TRUE,""
ENSG00000167037,SGSM1,fbg,grey,-0.0320162091395372,0.326892579781518,0.001004,25.2693,1478,0.00960133981468654,TRUE,""
ENSG00000167065,DUSP18,cad,null,0.0159906904845316,0.60227847004513,2.001e-07,90.0398,5253,0.000241827360560157,TRUE,""
ENSG00000167094,TTC16,fbg,grey,-0.0248469330653404,0.125707617716504,0.00318,35.0996,1124,0.0117476914714091,TRUE,""
ENSG00000167100,SAMD14,fbg,grey,0.0706791729438649,0.194528913974972,0.000533,11.2407,1312,0.00975654476359145,TRUE,""
ENSG00000167105,TMEM92,cad,null,-0.0102537581980345,0.787282371350769,1.63e-15,29.4113,4719,2.4822494781239e-12,TRUE,""
ENSG00000167113,COQ4,cad,null,0.326542031431332,0.50952694326248,0.0001269,5.6133,3689,0.0553474082947066,TRUE,""
ENSG00000167118,URM1,t2d,grey,-0.202112606821674,0.085354288149458,6.104e-05,27.9837,1960,0.0249695401943921,TRUE,""
ENSG00000167123,CERCAM,cad,null,0.110252361176064,0.846271761861261,0.0001269,5.4316,3762,0.00818392931656964,TRUE,""
ENSG00000167182,SP2,t2d,null,0.00421031205774479,0.983882216327235,1.517e-13,8.3254,3526,3.5979471777561e-10,TRUE,""
ENSG00000167191,GPRC5B,cad,null,-0.031228168970611,0.923484675856636,1.736e-05,8.6289,5560,0.00481589520948917,TRUE,""
ENSG00000167207,NOD2,t2d,grey,0.0300952430382056,0.165886747660934,0.002687,110.1102,2875,0.0109690770594926,TRUE,""
ENSG00000167208,SNX20,cad,null,-0.171802661503067,0.666791563255851,0.0001322,6.4877,4935,0.0108465689437069,TRUE,""
ENSG00000167208,SNX20,fbg,null,0.0424888302641995,0.95297253113014,0.0001364,6.4877,1618,0.0398141093230732,TRUE,""
ENSG00000167220,HDHD2,t2d,null,0.0139427192352756,0.869933709270718,0.0009273,35.6474,3742,0.00812844570232976,TRUE,""
ENSG00000167261,DPEP2,cad,null,0.0104547421715131,0.756298745303894,0.0004551,27.5177,3335,0.00266139246405834,TRUE,""
ENSG00000167264,DUS2L,t2d,grey,0.0211421039994308,0.332834129502409,0.0002947,74.6032,2185,0.00589761340990018,TRUE,""
ENSG00000167286,CD3D,fbg,null,0.018442477486332,0.65672128656377,0.0005425,15.2792,1822,0.00626052502479724,TRUE,""
ENSG00000167291,TBC1D16,cad,null,-0.019097854439019,0.518822668670191,0.0001852,32.4414,6852,0.003388813391629,TRUE,""
ENSG00000167291,TBC1D16,fbg,null,-0.00620680269268118,0.738882680363527,0.001125,32.4414,1832,0.00475742111174095,TRUE,""
ENSG00000167323,STIM1,cad,grey,-0.0715485485142762,0.225085949837533,0.0007019,18.3476,6594,0.00589221046997968,TRUE,""
ENSG00000167323,STIM1,fbg,null,0.0135362118810793,0.671389024011197,3.192e-05,18.3476,2290,0.0032317302783075,TRUE,""
ENSG00000167325,RRM1,fbg,null,0.00478160094456355,0.738882680363527,3.192e-05,47.2686,2516,0.00396626961389107,TRUE,""
ENSG00000167377,ZNF23,t2d,null,0.0027640247454471,0.952534901838573,6.914e-06,31.9177,2637,0.00275791970914393,TRUE,""
ENSG00000167378,IRGQ,fbg,grey,0.0678656675080348,0.41325337549364,0.0003202,6.4636,1459,0.0052002851116897,TRUE,""
ENSG00000167378,IRGQ,t2d,null,0.110595902605686,0.591554054889021,0.004003,6.4636,2403,0.00522962617684558,TRUE,""
ENSG00000167394,ZNF668,fbg,null,-0.00379103444424266,0.778518657215875,0.007129,43.5068,569,0.00503675865277543,TRUE,""
ENSG00000167528,ZNF641,t2d,grey,0.0738103167644167,0.0673053400273079,4.223e-06,116.4093,3807,0.00519054212331074,TRUE,""
ENSG00000167528,ZNF641,cad,grey,-0.0313768553047115,0.308004813057859,4.614e-05,116.4093,5445,0.00224885289950295,TRUE,""
ENSG00000167535,CACNB3,t2d,grey,0.0341098962584174,0.362352761244011,4.223e-06,48.1071,3130,0.00618746050709085,TRUE,""
ENSG00000167536,DHRS13,t2d,null,-0.00814636354039012,0.92339838633312,3.31e-05,21.7365,1646,0.00463805913129873,TRUE,""
ENSG00000167595,C19orf55,t2d,null,-0.0261838890061047,0.931693545566772,1.012e-05,7.4456,2523,0.00301319372895252,TRUE,""
ENSG00000167634,NLRP7,cad,grey,0.0971456725275481,0.468981059723151,1.291e-05,7.6556,6439,0.00274264951755566,TRUE,""
ENSG00000167637,ZNF283,t2d,null,-0.107609851549045,0.577731712443528,0.004003,8.0012,2326,0.00498958985914201,TRUE,""
ENSG00000167641,PPP1R14A,t2d,grey,0.0561171199854433,0.269832541889272,0.0003942,30.3924,3269,0.00745637601510402,TRUE,""
ENSG00000167645,YIF1B,cad,grey,0.0260837936703315,0.484680040754928,1.651e-05,47.9372,5179,0.00654684803862314,TRUE,""
ENSG00000167680,SEMA6B,fbg,null,0.112649760696666,0.759694222703075,0.005244,6.8908,1141,0.0193645909874618,TRUE,""
ENSG00000167711,SERPINF2,cad,null,-0.00225484627065375,0.921462580014784,4.112e-17,42.2592,6077,6.41698637306379e-13,TRUE,""
ENSG00000167769,ACER1,fbg,null,0.02324489298279,0.723213982794208,0.0002912,10.1116,1367,0.00559499174707741,TRUE,""
ENSG00000167770,OTUB1,t2d,null,-0.0240203339621652,0.948321445737026,2.221e-06,9.7976,1925,0.00437966720381967,TRUE,""
ENSG00000167775,CD320,t2d,grey,0.117168013340181,0.32610872489296,0.0006088,31.261,1864,0.0163652699629484,TRUE,""
ENSG00000167780,SOAT2,fbg,grey,-0.0660907438384931,0.0574331196320036,0.0008486,20.4517,2234,0.0276658421041929,TRUE,""
ENSG00000167797,CDK2AP2,cad,null,-0.133006076646995,0.703945415151674,9.27e-05,6.9473,3475,0.00789334499746438,TRUE,""
ENSG00000167799,NUDT8,t2d,grey,-0.545555204553204,0.0700045567116686,0.007666,5.9506,1380,0.0179616790926342,TRUE,""
ENSG00000167840,ZNF232,cad,grey,0.075346068443223,0.343736364253884,8.33e-05,20.9142,6395,0.00764123951202797,TRUE,""
ENSG00000167851,CD300A,cad,null,-0.0144639011714659,0.785062868547559,5.543e-05,40.2706,5892,0.0054763024523398,TRUE,""
ENSG00000167861,HID1,cad,grey,-0.19413927901864,0.0554600886277371,5.333e-06,9.1917,5459,0.00576305228702072,TRUE,""
ENSG00000167863,ATP5H,fbg,null,0.0010016364039308,0.968093126294339,0.001944,15.9988,1361,0.00616604495007096,TRUE,""
ENSG00000167874,TMEM88,t2d,grey,-0.20367229070046,0.066005864906583,8.727e-05,15.8768,2181,0.0228863144578825,TRUE,""
ENSG00000167904,TMEM68,fbg,null,0.0275115919629057,0.600411028614905,8.55e-05,14.234,1995,0.00526753077076128,TRUE,""
ENSG00000167912,RP11-25K19.1,t2d,null,-0.0111331772064427,0.848935998880548,1.749e-05,26.9387,3885,0.00285934729480704,TRUE,""
ENSG00000167972,ABCA3,fbg,grey,-0.194228145266127,0.101763504951258,0.001245,13.0556,1096,0.0456029385374391,TRUE,""
ENSG00000167972,ABCA3,cad,null,-0.0582684435798381,0.552909077394367,1.83e-07,13.0556,4852,0.000418829375769774,TRUE,""
ENSG00000168003,SLC3A2,t2d,grey,-0.296959782309399,0.262899084716929,0.0002254,6.1739,2736,0.00768482665508117,TRUE,""
ENSG00000168003,SLC3A2,fbg,grey,-0.175869385639547,0.108435903410357,0.0003106,6.1739,1159,0.0159399299414793,TRUE,""
ENSG00000168004,HRASLS5,t2d,null,-0.0211498738144807,0.841480581121794,2.221e-06,8.8998,1979,0.00159885938802119,TRUE,""
ENSG00000168014,C2CD3,t2d,grey,0.250571872148509,0.17825290619606,1.973e-14,7.4136,3049,8.17781485299748e-10,TRUE,""
ENSG00000168040,FADD,t2d,null,0.0025485778188654,0.949534671480319,0.0006526,34.8569,2943,0.00374894921977433,TRUE,""
ENSG00000168056,LTBP3,cad,null,-0.0165796820052274,0.621906120018,2.291e-11,41.1803,3444,1.16331718014424e-07,TRUE,""
ENSG00000168060,NAALADL1,fbg,grey,-0.0279764732745471,0.182422439451736,0.003257,26.6886,990,0.00961025958592688,TRUE,""
ENSG00000168118,RAB4A,t2d,grey,-0.0559724849470354,0.414447545405588,1.864e-09,20.6914,2972,2.40260301615082e-05,TRUE,""
ENSG00000168118,RAB4A,fbg,grey,0.0299571046195401,0.235030456586428,0.001227,20.6914,1472,0.00944287623524325,TRUE,""
ENSG00000168152,THAP9,fbg,grey,-0.171315732704976,0.107155507032273,0.0005935,6.0263,1657,0.0158989485789444,TRUE,""
ENSG00000168172,HOOK3,t2d,grey,-1.2910701277474,0.126884950779664,0.0006104,5.2646,2428,0.125975473431444,TRUE,""
ENSG00000168229,PTGDR,t2d,null,-0.0102114394198287,0.694128620182635,1.514e-05,63.5038,4403,0.00311116278142643,TRUE,""
ENSG00000168237,GLYCTK,t2d,grey,0.0243563583477059,0.47015786285767,6.238e-08,50.4891,1808,9.46120192576021e-05,TRUE,""
ENSG00000168237,GLYCTK,fbg,null,0.00889943862704639,0.539940330191881,0.0003896,50.4891,850,0.00383022021466,TRUE,""
ENSG00000168246,UBTD2,cad,null,0.0841597617049444,0.649436283726755,6.991e-06,8.4601,5665,0.00197196134017801,TRUE,""
ENSG00000168260,C14orf183,t2d,null,0.0553114979285514,0.529869571302304,0.0005449,14.0111,3495,0.00430895486151002,TRUE,""
ENSG00000168269,FOXI1,cad,null,0.0688994657205632,0.652202736613936,0.0003875,7.9511,6591,0.00329615350505211,TRUE,""
ENSG00000168273,SMIM4,t2d,null,-0.0591337286085765,0.708179885309606,6.238e-08,14.9108,2019,0.000166534578536757,TRUE,""
ENSG00000168288,MMADHC,t2d,grey,0.215701487567054,0.182422439451736,0.0007825,16.78,3078,0.0100388499781276,TRUE,""
ENSG00000168288,MMADHC,cad,null,0.0626230125194674,0.607052248071005,0.0004412,16.78,4626,0.00369259839192807,TRUE,""
ENSG00000168297,PXK,fbg,null,0.00877871419568582,0.585440934568927,3.039e-05,33.4469,1470,0.00465912926321717,TRUE,""
ENSG00000168385,SEPT2,fbg,null,-0.00753049592574827,0.522895216724075,0.0001751,103.6091,1011,0.00693585838399395,TRUE,""
ENSG00000168386,FILIP1L,fbg,grey,0.139060258946802,0.369958168208807,0.0001092,6.6377,1854,0.00863992900080069,TRUE,""
ENSG00000168405,CMAHP,fbg,null,-0.000413317962094549,0.958025455470674,4.732e-05,76.481,2603,0.00370685500676118,TRUE,""
ENSG00000168461,RAB31,t2d,grey,0.0400786092356124,0.289034989408595,0.0005088,39.0122,4536,0.00668120260247667,TRUE,""
ENSG00000168461,RAB31,cad,null,-0.012296846015472,0.647220356947693,0.0002073,39.0122,7221,0.00287173806129388,TRUE,""
ENSG00000168476,REEP4,cad,grey,0.0362376924731734,0.261883181151682,1.044e-11,46.7699,5874,3.91270452336949e-08,TRUE,""
ENSG00000168497,SDPR,cad,null,-0.00699878408647023,0.950930384556175,0.00138,10.0994,3712,0.00309887164492313,TRUE,""
ENSG00000168522,FNTA,cad,null,-0.0684149141421931,0.714474277651148,0.00117,7.3311,3626,0.00413068544130262,TRUE,""
ENSG00000168528,SERINC2,fbg,null,0.00124770008362834,0.922905718287002,0.000104,42.6499,1411,0.00371894665453988,TRUE,""
ENSG00000168566,SNRNP48,fbg,null,0.000786732246132588,0.968718427417968,4.332e-06,43.1638,2677,0.00443561084669852,TRUE,""
ENSG00000168575,SLC20A2,t2d,grey,0.0671668903786565,0.0779848563822661,3.159e-22,34.2435,2920,1.46104714084384e-17,TRUE,""
ENSG00000168575,SLC20A2,fbg,grey,-0.0219126025348809,0.13784315525934,0.001998,34.2435,1030,0.0112879837390735,TRUE,""
ENSG00000168591,TMUB2,fbg,null,0.0203763908603874,0.668235141795249,0.002502,13.1034,1079,0.00464842109333965,TRUE,""
ENSG00000168594,ADAM29,t2d,grey,0.105504826325698,0.419534609348899,0.0007971,10.9218,3848,0.00557788043760261,TRUE,""
ENSG00000168653,NDUFS5,fbg,grey,-0.00725114451081556,0.401632246433539,0.0002863,71.6482,1513,0.00808455662992834,TRUE,""
ENSG00000168653,NDUFS5,cad,null,-0.0044622427758865,0.786247641141202,9.106e-06,71.6482,4985,0.00244002522066907,TRUE,""
ENSG00000168661,ZNF30,t2d,null,0.0178318260239666,0.650197114470759,0.001341,37.057,2902,0.00450083191744474,TRUE,""
ENSG00000168672,FAM84B,t2d,null,0.0322910708117193,0.510461244989542,5.852e-06,57.2419,4076,0.01075660618649,TRUE,""
ENSG00000168675,LDLRAD4,t2d,grey,-0.0887291412252696,0.0998523980900194,0.00468,23.4833,3536,0.0150971363588113,TRUE,""
ENSG00000168685,IL7R,fbg,grey,0.0147113302601416,0.489894777830357,0.0001212,34.8508,2131,0.00492143304678081,TRUE,""
ENSG00000168710,AHCYL1,t2d,null,-0.0497210672072403,0.734002760778089,2.834e-06,12.5299,2827,0.00236171946441006,TRUE,""
ENSG00000168724,DNAJC21,t2d,grey,0.0958841755299475,0.160002458706997,1.287e-05,20.5931,4254,0.00563701092747334,TRUE,""
ENSG00000168724,DNAJC21,fbg,grey,-0.0319613918433159,0.232654673754248,0.0001212,20.5931,1897,0.00719558685083538,TRUE,""
ENSG00000168754,FAM178B,t2d,null,0.061813278636596,0.793394868265903,0.0002378,6.3232,1159,0.00432677936577846,TRUE,""
ENSG00000168765,GSTM4,fbg,grey,-0.0100700930450401,0.122865441229318,0.001876,88.2507,1635,0.0133467849384936,TRUE,""
ENSG00000168792,ABHD15,t2d,grey,0.042884216824823,0.176807784123209,3.31e-05,45.5544,1902,0.00834607431171739,TRUE,""
ENSG00000168795,ZBTB5,fbg,grey,-0.0488158422627587,0.331753366775936,0.00309,12.0307,1902,0.00631636694917298,TRUE,""
ENSG00000168824,NSG1,t2d,null,-0.00312674622127937,0.829619285835578,1.918e-05,108.4076,3303,0.00130075683651743,TRUE,""
ENSG00000168826,ZBTB49,cad,null,-0.00865812818285304,0.802587348634153,2.352e-07,30.3495,6610,0.000396029616850041,TRUE,""
ENSG00000168878,SFTPB,cad,grey,-0.0692837643122901,0.325582413807624,1.813e-23,14.5919,5593,6.5382719644141e-20,TRUE,""
ENSG00000168883,USP39,fbg,grey,0.0133493595915331,0.342764082783861,0.0003968,50.8219,1750,0.00924072617385917,TRUE,""
ENSG00000168890,TMEM150A,t2d,null,-0.00803505652974811,0.949105759830423,0.00221,13.2213,4080,0.00440410007703083,TRUE,""
ENSG00000168894,RNF181,t2d,grey,-0.133397057982933,0.344027943080483,0.00221,7.0731,4073,0.00656296158677878,TRUE,""
ENSG00000168894,RNF181,cad,grey,-0.166746322478667,0.105738681329251,1.813e-23,7.0731,5587,9.9631759999687e-09,TRUE,""
ENSG00000168894,RNF181,fbg,null,-0.0106111296122788,0.845827892312862,0.0003968,7.0731,1762,0.00435402027901572,TRUE,""
ENSG00000168904,LRRC28,cad,grey,0.0626719160538414,0.190733870767433,0.0001321,40.9661,7273,0.00695708695583484,TRUE,""
ENSG00000168913,ENHO,fbg,null,0.00290927267924874,0.97582537985171,0.003941,5.5273,1377,0.00401425298926051,TRUE,""
ENSG00000168958,MFF,t2d,null,-0.00621404510350418,0.899271023823828,2.794e-08,28.6267,4401,0.000154033070733646,TRUE,""
ENSG00000168970,JMJD7-PLA2G4B,cad,null,-0.0449258735903242,0.562624686915214,4.326e-07,5.2785,4500,0.00938330612227599,TRUE,""
ENSG00000168995,SIGLEC7,fbg,grey,-0.0375645234266176,0.217740662761456,0.001116,20.6735,1915,0.0104707086131362,TRUE,""
ENSG00000168995,SIGLEC7,cad,null,0.0113402334872808,0.793093953356308,0.0008115,20.6735,6725,0.00283495255375685,TRUE,""
ENSG00000169018,FEM1B,cad,null,0.0555952098710102,0.578514721507944,0.0005411,11.1704,4472,0.00337386586500463,TRUE,""
ENSG00000169047,IRS1,cad,null,0.00644929132170201,0.871864744932721,1.023e-07,26.3111,6015,7.57347908971516e-05,TRUE,""
ENSG00000169071,ROR2,t2d,grey,0.209281952266196,0.143353956720821,3.61e-05,25.3668,4591,0.0212037487358166,TRUE,""
ENSG00000169071,ROR2,fbg,grey,0.0620869791723047,0.333348455410026,0.0002433,25.3668,2001,0.0145820687489602,TRUE,""
ENSG00000169118,CSNK1G1,t2d,grey,-0.0795493947496167,0.333710695743566,2.577e-10,25.9562,2963,1.36714492797884e-06,TRUE,""
ENSG00000169118,CSNK1G1,fbg,null,-0.0205731193317974,0.514288986716092,0.0003134,25.9562,1147,0.00634537654143471,TRUE,""
ENSG00000169122,FAM110B,fbg,grey,0.0660253360534783,0.13784315525934,0.0008507,12.4013,2331,0.0108913624579498,TRUE,""
ENSG00000169155,ZBTB43,t2d,null,-0.0036976578980348,0.974539921301469,0.0002684,14.4142,2804,0.00428569809082063,TRUE,""
ENSG00000169220,RGS14,fbg,null,-0.0116390353510435,0.753304047285912,0.001176,16.8227,1078,0.00426998138472803,TRUE,""
ENSG00000169231,THBS3,cad,grey,-0.0146913423613905,0.476750625768757,6.693e-15,75.7161,3264,1.59171033901782e-10,TRUE,""
ENSG00000169231,THBS3,fbg,null,0.00794126614129217,0.531971058097401,0.002818,75.7161,921,0.0116006411372891,TRUE,""
ENSG00000169245,CXCL10,fbg,grey,-0.0288724498643147,0.205274503664272,0.00309,23.2591,1844,0.0079130190648872,TRUE,""
ENSG00000169245,CXCL10,cad,null,0.0106372183710633,0.805981023569994,1.637e-10,23.2591,6211,1.67756417270925e-06,TRUE,""
ENSG00000169251,NMD3,cad,null,-0.00154883880915067,0.960775588379686,0.0003685,23.1259,5626,0.00278292444452011,TRUE,""
ENSG00000169258,GPRIN1,fbg,grey,0.0385268617663371,0.137583964946946,0.001176,21.0077,1004,0.0116835261638125,TRUE,""
ENSG00000169313,P2RY12,cad,grey,-0.0723984429790675,0.109598583399116,0.0001042,23.463,5366,0.00945954722746743,TRUE,""
ENSG00000169371,SNUPN,cad,grey,-0.0409503095872068,0.131570777772524,2.412e-06,39.8315,3396,0.00648764804123752,TRUE,""
ENSG00000169385,RNASE2,cad,null,-0.0132549914735901,0.6467129796159,0.0002985,57.7681,7279,0.0116293990225524,TRUE,""
ENSG00000169397,RNASE3,cad,null,-0.0134948975304463,0.6467129796159,0.0002985,50.4037,6983,0.0116430627361251,TRUE,""
ENSG00000169410,PTPN9,cad,grey,-0.315628167398649,0.0780853899368555,2.412e-06,6.2597,3369,0.00653273035445079,TRUE,""
ENSG00000169429,IL8,t2d,null,-0.0346427946069676,0.690089082072019,0.002553,28.5201,3086,0.00817697555523023,TRUE,""
ENSG00000169429,IL8,fbg,null,-0.020345768261235,0.612260551190215,0.0001044,28.5201,1430,0.00954939187918654,TRUE,""
ENSG00000169432,SCN9A,t2d,grey,0.058811313410923,0.0881705162959529,0.0001471,43.6892,4328,0.00445977756936248,TRUE,""
ENSG00000169432,SCN9A,fbg,grey,-0.0172454227295188,0.208368424819709,0.0004711,43.6892,1858,0.00890573965921935,TRUE,""
ENSG00000169435,RASSF6,fbg,grey,0.0678087208742323,0.445083972938247,0.0001044,21.1871,1433,0.0166519825456506,TRUE,""
ENSG00000169439,SDC2,fbg,null,0.00763488450262239,0.871864744932721,0.0001498,11.6561,1922,0.00428231337155963,TRUE,""
ENSG00000169490,TM2D2,cad,grey,0.0400104439733563,0.300910532935171,0.000509,26.6437,4032,0.0046073435067879,TRUE,""
ENSG00000169504,CLIC4,t2d,null,-0.0139807850586782,0.770183536019218,0.005098,32.9082,2196,0.0045056325376955,TRUE,""
ENSG00000169504,CLIC4,fbg,null,-0.0268861251128428,0.617075077451974,0.000818,32.9082,1235,0.0131434064664081,TRUE,""
ENSG00000169567,HINT1,t2d,null,0.0188885438683711,0.887849686162036,0.003925,20.86,2559,0.0110997675005832,TRUE,""
ENSG00000169570,DTWD2,fbg,null,-0.013074545737724,0.674956824198369,0.003935,17.6378,1893,0.00417484483630174,TRUE,""
ENSG00000169598,DFFB,fbg,grey,-0.0634090025505035,0.258884225947615,0.0005946,9.7914,2317,0.00760798588136617,TRUE,""
ENSG00000169621,APLF,cad,null,-0.0781293554228348,0.736532607191453,4.329e-06,8.0596,6024,0.00286990908624074,TRUE,""
ENSG00000169635,HIC2,fbg,null,0.0280790248215207,0.731034305380085,0.0002249,6.9604,1484,0.00428214211291023,TRUE,""
ENSG00000169692,AGPAT2,cad,null,-0.055590482656959,0.652003680990715,3.202e-05,11.5572,4170,0.00437735209501653,TRUE,""
ENSG00000169733,RFNG,cad,null,-0.00472447028705554,0.972958244759335,5.203e-05,6.6195,5701,0.00238788632161817,TRUE,""
ENSG00000169738,DCXR,cad,null,-0.00326434327069179,0.86043207594678,5.203e-05,74.0522,5693,0.00368016469825834,TRUE,""
ENSG00000169752,NRG4,fbg,grey,-0.284657547533763,0.172682041418748,0.002266,4.9094,977,0.0342819916441026,TRUE,""
ENSG00000169756,LIMS1,cad,grey,0.269518794304577,0.164580351486275,8.538e-05,5.3867,5001,0.00669324824579191,TRUE,""
ENSG00000169813,HNRNPF,fbg,null,0.010072373732359,0.702199590874297,9.468e-05,22.932,2181,0.00428342244821958,TRUE,""
ENSG00000169826,CSGALNACT2,t2d,grey,0.0587334646623978,0.44748452032444,5.02e-06,14.0409,4822,0.00261173910579675,TRUE,""
ENSG00000169855,ROBO1,cad,null,0.0296001960509733,0.734394503436344,0.007875,11.4256,4926,0.00277654251750852,TRUE,""
ENSG00000169877,AHSP,t2d,grey,0.134580004536405,0.16095432166643,1.523e-05,19.8395,1061,0.0110116436340019,TRUE,""
ENSG00000169884,WNT10B,cad,grey,0.0699496010643392,0.317310507862914,7.344e-05,14.5045,4769,0.0021576049999203,TRUE,""
ENSG00000169908,TM4SF1,cad,grey,0.133117899113403,0.0593966462442372,5.217e-05,14.2404,6017,0.0136886299712089,TRUE,""
ENSG00000169918,OTUD7A,fbg,null,-0.0338254945747334,0.649436283726755,0.003991,7.803,1225,0.00440217824392253,TRUE,""
ENSG00000169926,KLF13,cad,null,0.052238775779105,0.515692221611729,0.0009961,13.264,3750,0.00375289186017613,TRUE,""
ENSG00000169972,PUSL1,cad,null,0.0330393268896789,0.667195641190915,7.7e-08,15.2795,2557,0.000284017109570555,TRUE,""
ENSG00000169992,NLGN2,cad,null,0.103703111126634,0.581619684639375,0.0002708,9.189,5731,0.00497389968961155,TRUE,""
ENSG00000169994,MYO7B,cad,grey,-0.0530665557393107,0.173176121354355,8.784e-06,26.3596,6005,0.00365835692120826,TRUE,""
ENSG00000170011,MYRIP,fbg,null,0.00777429119445882,0.900523550339774,0.002521,8.7622,1661,0.00406553819198409,TRUE,""
ENSG00000170035,UBE2E3,t2d,grey,-0.127454832870121,0.178680919493138,1.577e-06,15.5102,3950,0.00365603782985972,TRUE,""
ENSG00000170049,KCNAB3,fbg,grey,-0.0223910170553243,0.453254704753736,0.001727,21.3335,1250,0.00550946748400701,TRUE,""
ENSG00000170085,SIMC1,cad,grey,0.0672813390973352,0.259843728464039,0.003219,19.0153,4359,0.0060064779324246,TRUE,""
ENSG00000170085,SIMC1,t2d,null,-0.0412098201971178,0.627571000048828,6.133e-05,19.0153,2091,0.00418930250275445,TRUE,""
ENSG00000170128,GPR25,cad,null,0.0375938066049791,0.583426134426407,1.769e-08,16.0689,6150,0.000107410321030642,TRUE,""
ENSG00000170185,USP38,fbg,null,-0.00429132939259223,0.871178155583461,0.003293,24.887,1319,0.00413075357266662,TRUE,""
ENSG00000170191,NANP,t2d,grey,-0.0577692666141085,0.0763693458268968,0.004102,42.9331,2875,0.0173644004299238,TRUE,""
ENSG00000170209,ANKK1,fbg,null,0.00168248326968883,0.949105759830423,0.0001673,31.7388,2372,0.00525672697650458,TRUE,""
ENSG00000170231,FABP6,t2d,null,0.14054386695227,0.740655124332731,0.003059,5.727,4389,0.00785518223554198,TRUE,""
ENSG00000170231,FABP6,fbg,null,-0.104660326453818,0.559668927199412,0.0001104,5.727,2031,0.00833537570980476,TRUE,""
ENSG00000170248,PDCD6IP,t2d,null,-0.00659832519075005,0.813467545487738,0.0002309,57.2979,3515,0.00415268420545153,TRUE,""
ENSG00000170248,PDCD6IP,fbg,null,0.00314205961464288,0.768668006560809,0.001736,57.2979,1512,0.00780183359554949,TRUE,""
ENSG00000170260,ZNF212,t2d,null,0.00897431229150269,0.819764330638924,9.227e-05,35.7019,2623,0.00365127870198267,TRUE,""
ENSG00000170260,ZNF212,fbg,null,0.00448715614575135,0.778518657215875,0.0002164,35.7019,1409,0.00391796397371977,TRUE,""
ENSG00000170264,FAM161A,t2d,null,-0.0684354821838533,0.862245866807126,0.003666,6.8503,2672,0.0106762716885006,TRUE,""
ENSG00000170266,GLB1,cad,grey,0.0851920907686011,0.127911874878751,0.0004607,21.2009,5998,0.0086355480466673,TRUE,""
ENSG00000170271,C5orf4,fbg,null,-0.0052748048384125,0.561479628322256,0.0004241,58.2023,2102,0.00383765951182876,TRUE,""
ENSG00000170364,SETMAR,t2d,null,0.087384250793782,0.544474508963011,0.001159,25.74,4912,0.00907090274966316,TRUE,""
ENSG00000170364,SETMAR,fbg,null,0.0209722201905077,0.810330256604408,0.0001321,25.74,2740,0.0114357690038306,TRUE,""
ENSG00000170365,SMAD1,t2d,grey,-0.182000881445571,0.142007972959867,0.0005938,11.345,2394,0.010608529007704,TRUE,""
ENSG00000170430,MGMT,fbg,null,-0.00179814259825277,0.754660563059686,0.0002695,97.7871,2676,0.00391122625072584,TRUE,""
ENSG00000170473,WIBG,fbg,null,-0.00985282512753234,0.880764615259515,0.0007165,9.4029,1177,0.00485374681984981,TRUE,""
ENSG00000170485,NPAS2,fbg,grey,0.0573647951134792,0.373130382664481,0.0005498,17.5793,1983,0.010924664115566,TRUE,""
ENSG00000170500,LONRF2,t2d,grey,-0.0979662982369644,0.323475119098362,0.0004319,13.8203,3980,0.00585128554205234,TRUE,""
ENSG00000170540,ARL6IP1,cad,null,-0.0063218995389615,0.836090649580926,0.0002745,32.2978,4157,0.00269631851813935,TRUE,""
ENSG00000170542,SERPINB9,cad,null,0.013295315283987,0.529629670287596,0.000163,50.9799,6574,0.00348781903728865,TRUE,""
ENSG00000170604,IRF2BP1,fbg,null,-0.0545686404221683,0.729227098416628,2.253e-05,5.8206,1145,0.0054023377343534,TRUE,""
ENSG00000170629,DPY19L2P2,cad,null,0.0522642792519462,0.807306380150854,0.0006756,12.8657,4497,0.00760561923593782,TRUE,""
ENSG00000170632,ARMC10,cad,null,0.0410926103685079,0.812268919201515,0.0006756,8.0854,4455,0.00370828538351472,TRUE,""
ENSG00000170677,SOCS6,cad,null,-0.0481604230321742,0.653635135144609,5.552e-05,8.5496,6614,0.00366385713191275,TRUE,""
ENSG00000170684,ZNF296,cad,grey,0.185615366103042,0.33399329651116,2.135e-35,5.0409,5575,0.00109483533554619,TRUE,""
ENSG00000170791,CHCHD7,cad,null,0.0353124277715201,0.59710278471826,0.0006508,18.4533,6135,0.00362715867364503,TRUE,""
ENSG00000170832,USP32,fbg,grey,-0.425172777850838,0.0871685914322744,0.01847,4.8795,692,0.0334058133623509,TRUE,""
ENSG00000170835,CEL,cad,grey,-0.0946836593219788,0.118920179211572,2.205e-14,16.4887,6249,1.4520696045813e-10,TRUE,""
ENSG00000170846,AC093323.3,cad,null,-0.0201062991110824,0.614069193807047,0.0007186,44.3532,8419,0.00592328240933968,TRUE,""
ENSG00000170854,MINA,cad,grey,0.094885118881177,0.151149261231948,0.0006772,16.6395,4757,0.00793143042996586,TRUE,""
ENSG00000170854,MINA,t2d,null,0.0394466224562197,0.667026480534161,0.01059,16.6395,3385,0.0044974463420323,TRUE,""
ENSG00000170871,KIAA0232,fbg,null,0.0174285234711576,0.640738381802541,4.359e-05,28.5968,2391,0.00689297182879629,TRUE,""
ENSG00000170873,MTSS1,t2d,null,-0.0143552438085224,0.680511892901687,6.06e-06,45.3349,3908,0.00445503686413024,TRUE,""
ENSG00000170899,GSTA4,cad,null,0.0235674111646945,0.57987218409371,9.243e-05,23.271,6272,0.00209552962291105,TRUE,""
ENSG00000170954,ZNF415,fbg,null,0.00259619030950089,0.886403006367064,0.001442,47.9934,1825,0.005449061684687,TRUE,""
ENSG00000170955,PRKCDBP,fbg,null,-0.00492886295181725,0.744741090227158,0.0007164,65.5813,3211,0.00565915734316195,TRUE,""
ENSG00000171033,PKIA,cad,null,0.0164338552142238,0.548506235500147,0.001016,80.2238,5818,0.00344199109505572,TRUE,""
ENSG00000171044,XKR6,fbg,grey,0.0196967632608553,0.472294969945709,0.0006266,20.7464,2933,0.00476303517936152,TRUE,""
ENSG00000171097,CCBL1,cad,null,-0.0331046752118359,0.518822668670191,0.0001269,21.3375,4488,0.00317109372185489,TRUE,""
ENSG00000171109,MFN1,cad,null,-0.0282201180568604,0.645904258226149,0.0009638,42.6886,4998,0.00718167679513012,TRUE,""
ENSG00000171115,GIMAP8,t2d,grey,0.0548119467630512,0.122514753054031,6.489e-05,39.6191,2798,0.0103012230816425,TRUE,""
ENSG00000171115,GIMAP8,fbg,null,0.00404350426940541,0.771569465555293,0.0009979,39.6191,1448,0.00384455242226575,TRUE,""
ENSG00000171121,KCNMB3,cad,null,0.0737223667143205,0.543115774987961,0.0009638,9.933,4983,0.00488734687518012,TRUE,""
ENSG00000171148,TADA3,fbg,null,0.0102870224018793,0.551684329116147,0.0008667,43.4948,2023,0.00605356905458094,TRUE,""
ENSG00000171150,SOCS5,t2d,null,-0.0177010940130125,0.875539211578405,0.0002491,13.0617,4525,0.00361775847063689,TRUE,""
ENSG00000171159,C9orf16,t2d,null,-0.0476355183111716,0.650994566520519,6.104e-05,14.1719,1937,0.00341214444856229,TRUE,""
ENSG00000171208,NETO2,cad,grey,-0.518324089637173,0.108644295603582,0.009884,7.6032,1546,0.018323710431475,TRUE,""
ENSG00000171219,CDC42BPG,cad,null,0.0584149759442943,0.655848516614694,2.291e-11,8.3529,3413,1.65233424642619e-07,TRUE,""
ENSG00000171291,ZNF439,t2d,grey,-0.0767554344511941,0.329357006541483,5.394e-06,25.2331,2493,0.00315528223193279,TRUE,""
ENSG00000171320,ESCO2,fbg,null,-0.0400194598343568,0.698684565645401,1.424e-06,4.8913,2435,0.00456646430679451,TRUE,""
ENSG00000171368,TPPP,fbg,grey,-0.0514616163625184,0.239994715798025,0.001713,15.976,1094,0.0086482124103137,TRUE,""
ENSG00000171368,TPPP,cad,null,0.0186137761311237,0.818301791692596,1.628e-05,15.976,4621,0.00337941035108001,TRUE,""
ENSG00000171408,PDE7B,t2d,grey,-0.182520852709907,0.272910088317559,0.0001962,8.8575,2123,0.00535300671858252,TRUE,""
ENSG00000171421,MRPL36,t2d,grey,0.0183552743549394,0.317310507862914,1.262e-05,34.9218,3441,0.00574925543456284,TRUE,""
ENSG00000171421,MRPL36,fbg,grey,-0.0100954008952167,0.169131444702671,0.001503,34.9218,2396,0.00936440214954565,TRUE,""
ENSG00000171428,NAT1,cad,grey,0.129056019956474,0.0955807045456294,4.598e-09,13.0554,10179,3.08546427599708e-05,TRUE,""
ENSG00000171488,LRRC8C,t2d,grey,-0.0278105134872319,0.368120250693519,0.003181,57.3466,3034,0.0151612890621537,TRUE,""
ENSG00000171488,LRRC8C,fbg,null,-0.00270379992236976,0.821351959007176,0.0003532,57.3466,1650,0.00384060327242817,TRUE,""
ENSG00000171497,PPID,t2d,grey,-0.262966538498267,0.156014309112822,0.007433,8.2012,3433,0.0101344036495257,TRUE,""
ENSG00000171497,PPID,cad,grey,-0.256500148207326,0.054939442232871,2.651e-05,8.2012,4674,0.0119698531103337,TRUE,""
ENSG00000171517,LPAR3,cad,grey,0.0237891038040958,0.455648238135702,0.0007501,34.4678,5488,0.00401167836138032,TRUE,""
ENSG00000171574,ZNF584,t2d,grey,0.0641990066156922,0.269045576986181,0.006525,29.1126,1934,0.00709067231298086,TRUE,""
ENSG00000171574,ZNF584,fbg,null,0.00672561021688204,0.766239544861786,0.001716,29.1126,791,0.00473032922727555,TRUE,""
ENSG00000171617,ENC1,t2d,grey,-0.0181516589364611,0.338433537969168,1.523e-06,112.8807,4016,0.00563895760734521,TRUE,""
ENSG00000171649,ZIK1,cad,grey,-0.0580277926407514,0.196938679952046,0.0005119,22.4889,5719,0.00651153026081463,TRUE,""
ENSG00000171649,ZIK1,fbg,null,0.0152322955681973,0.536808016981021,0.001451,22.4889,1534,0.00489986087411967,TRUE,""
ENSG00000171735,CAMTA1,t2d,grey,0.0603023830572566,0.283976771750912,2.626e-06,30.9938,3340,0.00546308271852798,TRUE,""
ENSG00000171735,CAMTA1,cad,null,0.00861462615103666,0.832678459363729,0.0001354,30.9938,5573,0.00315831370458823,TRUE,""
ENSG00000171763,SPATA5L1,fbg,grey,-0.00716938872378636,0.166863357885141,0.0006507,116.9899,1355,0.00937533848016109,TRUE,""
ENSG00000171766,GATM,cad,grey,0.0145626146242179,0.365591537564832,0.001267,70.1172,4237,0.00477445077751996,TRUE,""
ENSG00000171790,SLFNL1,fbg,grey,0.171138803613186,0.294279159891131,0.007063,8.6269,1725,0.0169076877345041,TRUE,""
ENSG00000171790,SLFNL1,cad,null,0.0198998608852542,0.941811925991299,7.833e-05,8.6269,5502,0.0056699207250035,TRUE,""
ENSG00000171793,CTPS1,cad,null,0.0150553569813771,0.548506235500147,3.337e-05,38.7671,5519,0.00301103458603023,TRUE,""
ENSG00000171812,COL8A2,cad,null,0.177213771861924,0.675678556624869,0.001811,7.3495,3251,0.00993351227186773,TRUE,""
ENSG00000171823,FBXL14,t2d,grey,-0.257665945994642,0.322905021200285,0.0008417,5.9101,3651,0.00524113681396871,TRUE,""
ENSG00000171843,MLLT3,cad,grey,0.130464939677565,0.116594177101116,5.035e-05,13.7369,5637,0.00914730063883827,TRUE,""
ENSG00000171860,C3AR1,cad,grey,-0.031679825620772,0.180665204600018,0.0003748,137.2626,4843,0.314382423050723,TRUE,""
ENSG00000171861,RNMTL1,fbg,grey,0.0508638501780455,0.288587892348957,0.004464,18.1976,1126,0.00973703075520547,TRUE,""
ENSG00000171862,PTEN,fbg,null,0.0130889380925464,0.802587348634153,0.001143,6.5906,1577,0.00910831881306039,TRUE,""
ENSG00000171970,ZNF57,cad,null,-0.0744860553173432,0.822524603370215,6.73e-06,5.6494,6131,0.00311876612239936,TRUE,""
ENSG00000171988,JMJD1C,cad,null,0.0325079866893703,0.833256914830536,2.189e-06,6.4891,5241,0.00195805634742855,TRUE,""
ENSG00000172009,THOP1,fbg,null,0.0158853646714847,0.541126024471668,0.0019,23.5502,1139,0.0048283563813334,TRUE,""
ENSG00000172031,EPHX4,t2d,grey,-0.141422845634665,0.167685457047239,0.0003562,32.2445,3444,0.0213096979103204,TRUE,""
ENSG00000172031,EPHX4,cad,grey,0.120593124184598,0.100633315583104,0.0001336,32.2445,5002,0.0206571678373658,TRUE,""
ENSG00000172037,LAMB2,cad,grey,0.174553745719253,0.319712187660016,3.48e-11,18.4475,2552,1.71627172938091e-06,TRUE,""
ENSG00000172046,USP19,cad,null,-0.0432898394529991,0.809261146695181,3.48e-11,5.2639,2544,0.000206103908318694,TRUE,""
ENSG00000172057,ORMDL3,cad,null,0.00771068707788906,0.650671023604874,9.79e-06,107.6179,4237,0.00535524434433985,TRUE,""
ENSG00000172086,KRCC1,cad,null,-0.0431550816369912,0.582802486605459,0.008567,15.9044,2195,0.00416047885271029,TRUE,""
ENSG00000172113,NME6,t2d,grey,0.0910863661240529,0.0594817837003186,9.104e-06,28.4542,1272,0.00755477177449025,TRUE,""
ENSG00000172113,NME6,fbg,grey,0.0377977437657635,0.0727943929305393,0.002281,28.4542,589,0.020586186147544,TRUE,""
ENSG00000172171,TEFM,t2d,grey,0.0361951541556254,0.407599712663706,0.0001586,45.2842,2248,0.00826361944788917,TRUE,""
ENSG00000172172,MRPL13,t2d,null,-0.0550493674596217,0.676922239021379,0.000651,11.1612,4214,0.00406942034786093,TRUE,""
ENSG00000172183,ISG20,fbg,grey,-0.0339674554189374,0.0782604822073618,0.002619,53.6242,1720,0.0175584413313253,TRUE,""
ENSG00000172197,MBOAT1,fbg,null,0.00349624377914787,0.892505031135259,3.27e-06,25.2769,2458,0.00127219337734224,TRUE,""
ENSG00000172215,CXCR6,t2d,null,0.0386717632662027,0.725324774655607,1.686e-08,23.8913,4440,7.22399952593698e-05,TRUE,""
ENSG00000172243,CLEC7A,t2d,grey,0.0747951606637963,0.0797233397526446,0.000372,46.9047,3822,0.014854821196336,TRUE,""
ENSG00000172264,MACROD2,t2d,grey,-0.175355938593739,0.446541183638091,0.0003491,10.3345,4494,0.00806234688826477,TRUE,""
ENSG00000172292,CERS6,t2d,null,0.0354285760693529,0.65672128656377,0.0001292,17.7879,3816,0.00450734630128345,TRUE,""
ENSG00000172301,COPRS,fbg,grey,-0.0391298305494245,0.283976771750912,0.001513,18.4326,1107,0.00914550531150161,TRUE,""
ENSG00000172346,CSDC2,cad,grey,-0.109142215719415,0.304233441044976,7.983e-05,11.4499,4137,0.00469737166313515,TRUE,""
ENSG00000172349,IL16,fbg,grey,-0.0225796524725565,0.0915072499234822,0.0001816,45.0278,1758,0.0378922932700097,TRUE,""
ENSG00000172366,FAM195A,fbg,null,0.0207875454052907,0.791236045636806,0.0009201,6.7053,942,0.00480731616171941,TRUE,""
ENSG00000172456,FGGY,t2d,grey,0.0908690623208375,0.313084026055933,0.0006754,22.486,3303,0.00843865224398509,TRUE,""
ENSG00000172466,ZNF24,t2d,grey,-0.0524521734994391,0.355459954445084,0.01164,22.3794,3145,0.00571881040968936,TRUE,""
ENSG00000172469,MANEA,cad,grey,-0.0141295314857985,0.239819289625164,2.072e-06,84.2687,5737,0.000774812500867018,TRUE,""
ENSG00000172493,AFF1,fbg,grey,-0.105987683866976,0.148613996455212,0.0008234,8.7273,1706,0.0109165349424143,TRUE,""
ENSG00000172538,FAM170B,t2d,null,0.0112900250622545,0.917607199040523,0.0006684,11.5962,3611,0.00416160812120432,TRUE,""
ENSG00000172548,NIPAL4,t2d,grey,0.133276037025991,0.132132101129189,1.962e-05,15.9027,4608,0.00447175436471137,TRUE,""
ENSG00000172590,MRPL52,cad,null,-0.0105169356331307,0.635089022632529,0.0001667,55.2834,6430,0.00236744469502907,TRUE,""
ENSG00000172602,RND1,cad,null,-0.146303601674318,0.702739210255869,7.344e-05,10.7657,4780,0.00684090650164123,TRUE,""
ENSG00000172638,EFEMP2,cad,null,-0.00321676666326653,0.924636843472467,2.291e-11,45.2203,3316,1.29322178729981e-07,TRUE,""
ENSG00000172653,C17orf66,t2d,grey,-0.226466127245855,0.1722000840178,0.0002127,17.465,2530,0.0325039760114029,TRUE,""
ENSG00000172775,FAM192A,fbg,null,-0.0223597196090059,0.719314574375423,9.169e-05,18.1635,1778,0.00794645451736708,TRUE,""
ENSG00000172794,RAB37,fbg,null,0.0403621893442912,0.635725114509718,0.001944,11.4612,1631,0.00749483409716648,TRUE,""
ENSG00000172795,DCP2,t2d,grey,-0.0453431251712425,0.131982707862376,4.755e-08,44.715,5657,0.00049421867298544,TRUE,""
ENSG00000172845,SP3,t2d,grey,0.226992008326873,0.317310507862914,7.821e-06,7.0163,3293,0.00507926976214204,TRUE,""
ENSG00000172893,DHCR7,cad,grey,-0.365646587388915,0.0853255698048197,8.319e-07,5.6624,5389,0.000506025973265458,TRUE,""
ENSG00000172893,DHCR7,t2d,null,-0.14063330284189,0.65271044057584,0.001684,5.6624,2828,0.00483921550281316,TRUE,""
ENSG00000172977,KAT5,t2d,grey,0.179151667290014,0.350195306939971,1.634e-07,6.9461,2026,0.000391069846952597,TRUE,""
ENSG00000172985,SH3RF3,cad,grey,0.0429305392864025,0.309807995209414,8.538e-05,24.4976,3992,0.0046769051664517,TRUE,""
ENSG00000173110,HSPA6,cad,grey,0.0440493189665917,0.407599712663706,0.0005435,14.3675,5715,0.00710067303270743,TRUE,""
ENSG00000173114,LRRN3,fbg,null,0.0274629412888211,0.744358565335066,0.001772,9.7159,1656,0.00593382762540501,TRUE,""
ENSG00000173166,RAPH1,fbg,grey,0.134451733418966,0.123935805672742,0.001715,7.9165,1279,0.0148307788902417,TRUE,""
ENSG00000173175,ADCY5,t2d,grey,-0.607044031689162,0.0721802092333169,5.933e-29,5.1763,3466,0.00038590870486075,TRUE,""
ENSG00000173193,PARP14,fbg,null,0.00282844441136415,0.913130385349696,6.79e-09,51.3569,1797,6.1702610909489e-05,TRUE,""
ENSG00000173212,MAB21L3,cad,grey,0.167104873486971,0.447254584875199,4.159e-10,12.4508,5295,1.07456116279587e-05,TRUE,""
ENSG00000173226,IQCB1,t2d,grey,-0.0230630677368564,0.491344447051669,0.0004137,70.4902,4189,0.00479864296883358,TRUE,""
ENSG00000173230,GOLGB1,fbg,grey,0.0239390138622488,0.435737195806964,0.00227,69.0342,1671,0.00565067526570802,TRUE,""
ENSG00000173269,MMRN2,cad,grey,-0.220961427100749,0.322174119021662,3.928e-05,7.7475,4800,0.0288221220642004,TRUE,""
ENSG00000173334,TRIB1,fbg,null,-0.0230333431391357,0.761866768188248,8.212e-06,7.5952,1980,0.00309225616275152,TRUE,""
ENSG00000173369,C1QB,t2d,null,0.000718046562517305,0.981446217528624,0.0006609,53.7034,3075,0.00386360051250511,TRUE,""
ENSG00000173401,GLIPR1L1,t2d,grey,-0.203015662875482,0.127259097658065,6.855e-05,10.2149,3930,0.0105244144396678,TRUE,""
ENSG00000173406,DAB1,t2d,null,-0.0130831189222195,0.795217092363781,0.0003201,45.7747,4531,0.00623958660420829,TRUE,""
ENSG00000173457,PPP1R14B,fbg,null,0.0163772419000963,0.726338697648762,0.004269,9.164,995,0.00571444810833073,TRUE,""
ENSG00000173517,PEAK1,cad,grey,0.0921854412720826,0.0514905811821035,9.445e-06,19.3395,4603,0.173515965371696,TRUE,""
ENSG00000173531,MST1,t2d,null,0.0161929511268546,0.882398805966683,9.597e-07,12.3713,1459,0.000833179250807645,TRUE,""
ENSG00000173535,TNFRSF10C,t2d,null,0.0324173901294599,0.543023386439557,0.002079,32.3481,3299,0.00552473304032239,TRUE,""
ENSG00000173542,MOB1B,t2d,grey,0.704086511447728,0.0983184038511892,4.1e-05,8.0281,4177,0.031421745292695,TRUE,""
ENSG00000173545,ZNF622,t2d,null,-0.0534395515029439,0.638972569384193,0.0004954,12.6333,3183,0.004098691569482,TRUE,""
ENSG00000173548,SNX33,cad,null,-0.0381130178013645,0.684558919367902,2.412e-06,12.1202,3433,0.00162419787447092,TRUE,""
ENSG00000173567,GPR113,fbg,grey,-0.0741129347889447,0.164866539747909,1.006e-07,12.0087,1175,0.000486618392030064,TRUE,""
ENSG00000173567,GPR113,t2d,null,-0.0266806565240201,0.851268623688206,1.988e-05,12.0087,2279,0.00427623426456558,TRUE,""
ENSG00000173578,XCR1,t2d,null,0.0431877784780199,0.681805947544645,1.686e-08,12.9393,4411,4.93413029082887e-05,TRUE,""
ENSG00000173585,CCR9,t2d,null,0.00235032301047279,0.980054963609524,1.686e-08,15.0165,4482,7.63937169905183e-05,TRUE,""
ENSG00000173588,CCDC41,cad,null,-0.0243908987456315,0.693992594099858,1.056e-12,16.014,6644,9.17733860361834e-10,TRUE,""
ENSG00000173621,LRFN4,cad,grey,0.0494122137593782,0.0619481514134812,3.001e-05,40.3463,3426,0.0127867177749865,TRUE,""
ENSG00000173653,RCE1,cad,null,0.0063940978922519,0.936237255972025,3.001e-05,21.1119,3386,0.00378214064640435,TRUE,""
ENSG00000173692,PSMD1,fbg,null,0.00755384067888335,0.754660563059686,4.638e-06,23.5638,1711,0.00321341658682154,TRUE,""
ENSG00000173706,HEG1,t2d,grey,0.0813234949790115,0.135220800573275,3.841e-07,26.3036,4359,0.00320504792057085,TRUE,""
ENSG00000173726,TOMM20,t2d,grey,0.24075902319753,0.0709877902594543,0.0004374,13.7537,3270,0.0265448802727809,TRUE,""
ENSG00000173757,STAT5B,cad,grey,0.131287737532307,0.450307809206988,7.357e-09,10.2935,3542,1.50394854195449e-05,TRUE,""
ENSG00000173811,CCDC13-AS1,t2d,null,-0.0215864717595812,0.519857969800158,0.001514,19.4423,3393,0.00590008185580103,TRUE,""
ENSG00000173821,RNF213,cad,grey,-0.459250974983022,0.248965289982326,0.0001367,6.1011,6767,0.0784030979204157,TRUE,""
ENSG00000173825,TIGD3,fbg,null,0.025104400263343,0.695572285478057,0.003257,12.7623,945,0.00598328587657174,TRUE,""
ENSG00000173838,MARCH10,t2d,null,0.0313500733073881,0.802587348634153,3.949e-08,16.6383,1855,5.18137221722601e-05,TRUE,""
ENSG00000173838,MARCH10,cad,null,-0.060610141727617,0.523888659409192,5.213e-05,16.6383,3235,0.00492960672302922,TRUE,""
ENSG00000173838,MARCH10,fbg,null,-0.00209000488715921,0.968093126294339,0.004369,16.6383,828,0.00607335484965878,TRUE,""
ENSG00000173848,NET1,cad,null,-0.0427589492307326,0.609604353481759,0.0001085,17.7242,8093,0.00464815359534119,TRUE,""
ENSG00000173852,DPY19L1,t2d,null,0.0116953644177815,0.691046048356371,3.499e-05,66.6796,4183,0.00376012025948478,TRUE,""
ENSG00000173868,PHOSPHO1,t2d,null,0.00802062733121386,0.921216796388704,1.517e-13,19.9735,2603,2.04678945149908e-10,TRUE,""
ENSG00000173875,ZNF791,fbg,grey,-0.0403815924094153,0.332197561388374,0.0004275,14.0787,1052,0.00624130812317857,TRUE,""
ENSG00000173890,GPR160,fbg,grey,0.00762514908944889,0.419982497240339,8.184e-10,49.2751,1612,5.93939454288836e-06,TRUE,""
ENSG00000173905,GOLIM4,t2d,null,-0.0197085355725286,0.724838262475138,0.0003683,38.884,3327,0.00627018063964511,TRUE,""
ENSG00000173905,GOLIM4,fbg,null,0.00537505515614415,0.810330256604408,7.057e-05,38.884,1481,0.00598515296379978,TRUE,""
ENSG00000173915,USMG5,cad,grey,-0.0304576843821393,0.138138553626745,4.67e-15,87.5307,4535,1.99029641437378e-10,TRUE,""
ENSG00000173988,LRRC63,cad,null,-0.0156059647402063,0.693992594099858,3.685e-05,10.3507,5318,0.00240451296700196,TRUE,""
ENSG00000174004,LRRC33,cad,grey,0.0259053254876268,0.317310507862914,0.0001971,35.8922,5431,0.00414073163953464,TRUE,""
ENSG00000174007,CEP19,t2d,null,-0.000644877267478675,0.980541330250361,5.627e-06,53.4224,2133,0.00232135224436454,TRUE,""
ENSG00000174059,CD34,fbg,grey,-0.106452097310501,0.0726741286768933,0.002234,11.6652,2020,0.0227322187862267,TRUE,""
ENSG00000174080,CTSF,fbg,null,0.00281046097224335,0.797068494359122,0.003257,73.8165,718,0.00551139545102041,TRUE,""
ENSG00000174099,MSRB3,t2d,null,-0.0875122910521141,0.689156516779352,9.179e-17,6.5088,2417,5.31376409231529e-07,TRUE,""
ENSG00000174099,MSRB3,fbg,null,0.0300823500491642,0.722710426810277,0.0004273,6.5088,1431,0.00408444780698021,TRUE,""
ENSG00000174106,LEMD3,t2d,grey,0.0411337670542735,0.254602855011452,9.179e-17,56.1415,2475,8.24290878320749e-13,TRUE,""
ENSG00000174123,TLR10,fbg,grey,0.0497894736006136,0.246906995624742,0.00143,15.7203,2028,0.00891711299118484,TRUE,""
ENSG00000174123,TLR10,cad,null,0.0441315788732711,0.571925908937657,4.816e-07,15.7203,6581,0.000463015189044382,TRUE,""
ENSG00000174136,RGMB,t2d,grey,0.0230158818939829,0.494262964942366,0.0009304,47.7283,4178,0.0160411640091542,TRUE,""
ENSG00000174136,RGMB,fbg,null,-0.00724574059625388,0.583426134426407,0.004843,47.7283,1591,0.00465153371467353,TRUE,""
ENSG00000174137,FAM53A,t2d,grey,0.0573783148831705,0.138982206349332,0.0005456,41.3311,2079,0.00924553271694866,TRUE,""
ENSG00000174194,AGAP8,t2d,grey,-0.00883040314720012,0.453254704753736,0.002775,54.6443,2338,0.00714680119728923,TRUE,""
ENSG00000174194,AGAP8,fbg,null,0.000441520157360006,0.927564826606211,0.005763,54.6443,1331,0.00407966761138134,TRUE,""
ENSG00000174197,MGA,fbg,grey,0.04111159111129,0.200105868954852,0.002544,15.9709,1228,0.00866023489820024,TRUE,""
ENSG00000174233,ADCY6,fbg,null,-0.0191085104358677,0.91273530224508,0.0001674,7.1048,1320,0.00852121919646062,TRUE,""
ENSG00000174255,ZNF80,fbg,grey,-0.0175029499353824,0.396168007039194,0.0001059,28.4752,1369,0.0046328417312539,TRUE,""
ENSG00000174373,RALGAPA1,cad,null,-0.008530971679926,0.771282550375262,4.674e-05,34.9983,5211,0.00288020096482077,TRUE,""
ENSG00000174437,ATP2A2,cad,grey,0.403685373565377,0.283976771750912,1.613e-18,10.2299,4759,1.42359063045521e-13,TRUE,""
ENSG00000174444,RPL4,fbg,null,-0.0171915033203417,0.851268623688206,1.71e-05,5.6659,1735,0.00378492328412467,TRUE,""
ENSG00000174446,SNAPC5,t2d,null,-0.0144492013558299,0.901206065798636,4.578e-06,20.3209,3734,0.00395805938697241,TRUE,""
ENSG00000174482,LINGO2,t2d,null,-0.0288425268878131,0.648166585340886,5.402e-06,28.9508,4832,0.00389053169474132,TRUE,""
ENSG00000174482,LINGO2,cad,null,0.00736404941816506,0.871178155583461,0.0001106,28.9508,7060,0.00326921849910618,TRUE,""
ENSG00000174483,BBS1,t2d,grey,0.0671991074902179,0.476155211447359,1.634e-07,15.0977,1712,0.000322886367839063,TRUE,""
ENSG00000174483,BBS1,fbg,null,-0.0094314536828376,0.802587348634153,0.003257,15.0977,705,0.00561295063800624,TRUE,""
ENSG00000174500,GCSAM,t2d,null,-0.0130676240647416,0.831716977781815,0.001495,20.8339,4780,0.00378929694473775,TRUE,""
ENSG00000174500,GCSAM,fbg,null,0.00614947014811369,0.796357116257739,0.000353,20.8339,2175,0.00382200610326983,TRUE,""
ENSG00000174501,ANKRD36C,t2d,null,0.0425845531161379,0.665669631939866,0.0001824,12.3254,827,0.00412085153983544,TRUE,""
ENSG00000174527,MYO1H,t2d,null,-0.0691819388255502,0.837339296202113,0.0002702,7.5635,3005,0.00702624654116876,TRUE,""
ENSG00000174529,TMEM81,cad,grey,0.124849668801998,0.0622646015352178,0.0001225,15.4668,5418,0.0126349906905614,TRUE,""
ENSG00000174579,MSL2,cad,grey,-0.103563990552135,0.262419987102973,6.082e-15,10.0834,3808,7.54499147755333e-11,TRUE,""
ENSG00000174606,ANGEL2,cad,null,0.01394539680193,0.546210515044642,8.176e-06,44.5217,5605,0.0030286170578679,TRUE,""
ENSG00000174611,KY,fbg,grey,0.0560411647898779,0.122236355448012,0.0007636,16.0385,2072,0.0118916669236972,TRUE,""
ENSG00000174652,ZNF266,t2d,grey,-0.0371682895393185,0.374062797490883,0.003882,152.755,2424,0.00761022031846221,TRUE,""
ENSG00000174652,ZNF266,cad,null,-0.0173170439899097,0.563625518315708,9.16e-07,152.755,5406,0.00285179771186779,TRUE,""
ENSG00000174672,BRSK2,cad,grey,-0.164497225134856,0.215980130951564,0.0002549,6.7473,6601,0.00553584166629476,TRUE,""
ENSG00000174672,BRSK2,fbg,grey,0.0968956257643674,0.205976780516933,8.684e-05,6.7473,1397,0.00795447373288286,TRUE,""
ENSG00000174705,SH3PXD2B,fbg,grey,0.0191077239238097,0.317310507862914,0.001911,31.2519,1967,0.00647333490033465,TRUE,""
ENSG00000174744,BRMS1,fbg,grey,0.842306764177843,0.0581272742106314,0.003257,7.5205,697,0.0598348916032291,TRUE,""
ENSG00000174749,C4orf32,t2d,grey,-0.0560671541567381,0.119813814205544,0.001057,44.716,3336,0.0293754382204093,TRUE,""
ENSG00000174791,RIN1,t2d,null,0.0312758910962601,0.694272519769132,1.634e-07,53.903,1746,0.00127639509029151,TRUE,""
ENSG00000174792,C4orf26,fbg,grey,-0.0589265782945198,0.317310507862914,0.00309,8.9733,1746,0.00613379069258719,TRUE,""
ENSG00000174837,EMR1,fbg,null,-0.000528705995928736,0.954431397113681,0.000867,69.7126,1408,0.00404405173482463,TRUE,""
ENSG00000174844,DNAH12,cad,null,0.149320439378358,0.504985075093846,0.001291,5.0261,5510,0.0259060015034853,TRUE,""
ENSG00000174844,DNAH12,fbg,null,-0.00439177762877524,0.971510179466646,3.039e-05,5.0261,1601,0.030589398619205,TRUE,""
ENSG00000174917,C19orf70,t2d,grey,0.708957409792677,0.12134505471651,0.002095,9.8391,1366,0.0467669220054324,TRUE,""
ENSG00000174928,C3orf33,t2d,null,0.0583160889602491,0.735740012142954,1.097e-05,8.1433,3624,0.0032147672841648,TRUE,""
ENSG00000174928,C3orf33,fbg,null,0.0237584066134348,0.731034305380085,0.0009516,8.1433,1673,0.00397997307094066,TRUE,""
ENSG00000174944,P2RY14,t2d,null,0.00409510485077512,0.931038382848813,1.026e-10,38.9793,3469,7.21135694315086e-07,TRUE,""
ENSG00000174944,P2RY14,fbg,null,0.00409510485077512,0.826251081180617,0.002574,38.9793,1769,0.00505128163819343,TRUE,""
ENSG00000174945,AMZ1,t2d,null,-0.0949408915767685,0.673011624647545,3.091e-07,7.8852,4408,0.000127108507869137,TRUE,""
ENSG00000174953,DHX36,fbg,grey,0.0268170467603196,0.113345509219526,0.0009516,37.6366,1742,0.0149945374388201,TRUE,""
ENSG00000175003,SLC22A1,fbg,grey,-0.0174657473329437,0.47015786285767,0.004257,26.444,2399,0.00555843934504579,TRUE,""
ENSG00000175040,CHST2,cad,grey,-0.0863427289542932,0.239819289625164,2.93e-05,13.7133,5283,0.00475339503673046,TRUE,""
ENSG00000175110,MRPS22,fbg,null,0.00849599161472831,0.925307750889347,0.0008459,6.2739,1640,0.00388065714824272,TRUE,""
ENSG00000175115,PACS1,cad,null,-0.0220693953991784,0.606116346057759,2.291e-11,26.4382,3188,1.58064759355216e-07,TRUE,""
ENSG00000175161,CADM2,fbg,null,-0.0333703646503363,0.693625785030416,0.006713,6.7844,1719,0.00430492674842794,TRUE,""
ENSG00000175166,PSMD2,cad,grey,0.0289217801565842,0.317310507862914,0.0001281,23.5331,5351,0.00419143743043083,TRUE,""
ENSG00000175203,DCTN2,t2d,grey,-0.348263089755034,0.162997225876686,0.001047,5.7038,2563,0.009293361113302,TRUE,""
ENSG00000175221,MED16,fbg,null,-0.00613701819104946,0.648014841940182,0.008906,62.2139,843,0.00384041951102042,TRUE,""
ENSG00000175262,C1orf127,cad,null,0.0289586405137328,0.855725415320072,7.382e-08,6.4491,5356,0.000184929778720197,TRUE,""
ENSG00000175274,TP53I11,fbg,null,-0.0968679820144892,0.897031839071741,2.992e-13,20.1447,2406,8.49841803297173e-09,TRUE,""
ENSG00000175305,CCNE2,fbg,grey,-0.108212457337884,0.0659578992594125,0.0001498,9.376,2288,0.0180413723321997,TRUE,""
ENSG00000175309,AGXT2L2,cad,grey,0.0606098392731832,0.366406064176293,1.556e-06,13.023,5762,0.00204974236869049,TRUE,""
ENSG00000175324,LSM1,cad,grey,0.30588242630978,0.173097284263863,0.001869,5.423,3656,0.0077871463309747,TRUE,""
ENSG00000175348,TMEM9B,fbg,null,-0.0105554526840395,0.597289822267907,5.144e-07,47.9982,1725,0.00221177147039354,TRUE,""
ENSG00000175354,PTPN2,t2d,null,-0.00848355667245496,0.945017067376838,0.00468,12.5373,3917,0.0041460406548707,TRUE,""
ENSG00000175356,SCUBE2,fbg,null,0.0451538096582878,0.871178155583461,5.144e-07,4.582,1698,0.0112010882135708,TRUE,""
ENSG00000175376,EIF1AD,t2d,grey,0.59333409287982,0.254286301125597,1.634e-07,8.2969,2017,0.000899902273144331,TRUE,""
ENSG00000175390,EIF3F,fbg,null,0.0168984334061575,0.51108906411744,5.144e-07,22.0229,2481,0.00154597404821187,TRUE,""
ENSG00000175395,ZNF25,t2d,grey,-0.0697278170934867,0.379633693005718,0.001488,29.1909,2993,0.00977690979551325,TRUE,""
ENSG00000175463,TBC1D10C,t2d,null,0.068087753206706,0.762738364415744,0.007666,11.4997,1295,0.00804698481103604,TRUE,""
ENSG00000175470,PPP2R2D,fbg,null,0.00424941921963463,0.846529514964004,0.0003513,16.8627,2148,0.0037017201590827,TRUE,""
ENSG00000175471,MCTP1,t2d,grey,0.0162157151489509,0.483116624043432,0.00155,61.2744,2937,0.00572826133148463,TRUE,""
ENSG00000175482,POLD4,fbg,null,0.0588347937200341,0.553033702717282,0.004057,9.9157,687,0.00848187957316252,TRUE,""
ENSG00000175567,UCP2,cad,grey,0.0298918566243487,0.465184169003017,0.001215,54.3202,4422,0.015652983215162,TRUE,""
ENSG00000175575,PAAF1,t2d,grey,0.0351788641325852,0.336036887070343,1.02e-17,84.4191,2880,9.28412303711544e-14,TRUE,""
ENSG00000175591,P2RY2,cad,grey,0.0360199426387273,0.29549000800397,0.0005133,33.2507,4300,0.00498618539891029,TRUE,""
ENSG00000175606,TMEM70,cad,grey,-0.100460845416496,0.160736926801772,3.531e-06,19.0195,5447,0.00532885383501847,TRUE,""
ENSG00000175764,TTLL11,fbg,null,0.00695067630534146,0.900523550339774,0.005443,10.2169,1773,0.0050786667907122,TRUE,""
ENSG00000175800,OR52B3P,t2d,null,0.0078522262888486,0.65183134797548,0.002391,30.41,4918,0.00420910089371612,TRUE,""
ENSG00000175841,FAM172BP,t2d,null,-0.0306246889381204,0.90725243906868,0.001789,5.1476,3677,0.00510322724617035,TRUE,""
ENSG00000175854,SWI5,cad,grey,0.369836298891925,0.09093688958367,0.0001269,6.0627,3625,0.0148611486442943,TRUE,""
ENSG00000175866,BAIAP2,cad,null,-0.00631701833163257,0.825607162004183,0.0001367,32.2866,6345,0.00266141910640219,TRUE,""
ENSG00000175873,AC004840.9,cad,null,-0.00903735417290465,0.559668927199412,1.883e-08,40.3658,7886,0.000106898408939839,TRUE,""
ENSG00000175894,TSPEAR,cad,grey,0.124915579507743,0.0885446783367852,3.429e-07,12.984,6480,0.000802418527142314,TRUE,""
ENSG00000175920,DOK7,fbg,grey,0.0248349378252613,0.0841186947979135,0.003244,31.5665,1336,0.0170841229693958,TRUE,""
ENSG00000175928,LRRN1,fbg,null,-0.0111475272947415,0.635725114509718,0.0001321,28.7418,3007,0.00477383788921164,TRUE,""
ENSG00000175931,UBE2O,fbg,grey,0.0306310491395434,0.21129954733371,0.000889,22.968,1547,0.00814013661158035,TRUE,""
ENSG00000175985,PLEKHD1,fbg,grey,-0.0147309796956691,0.472788907323068,0.001389,29.3573,2055,0.0060563812015961,TRUE,""
ENSG00000176049,JAKMIP2,cad,null,-0.0145720951677856,0.643589048142027,0.001603,73.8625,4955,0.00644607913985889,TRUE,""
ENSG00000176125,UFSP1,fbg,null,0.00312515512247637,0.828819213786263,0.0007455,46.709,986,0.00376425946578263,TRUE,""
ENSG00000176142,TMEM39A,cad,grey,-0.120912921572783,0.186156863266151,0.0008269,11.4438,5663,0.00640359451552832,TRUE,""
ENSG00000176155,CCDC57,cad,null,-0.000888709098395484,0.972958244759335,5.203e-05,40.9819,5339,0.0024111597442841,TRUE,""
ENSG00000176209,C8orf40,cad,grey,0.0152756401901078,0.28454034772542,0.00117,68.9336,4303,0.00354844982173076,TRUE,""
ENSG00000176222,ZNF404,cad,null,-0.0196341991049118,0.64244305767423,2.747e-20,21.5543,5945,8.53489014195109e-17,TRUE,""
ENSG00000176225,RTTN,cad,null,0.111330991253013,0.511269174876245,5.552e-05,10.516,6300,0.00536440435718751,TRUE,""
ENSG00000176293,ZNF135,cad,null,0.00962978093941312,0.836518144383217,0.0005571,16.1225,4142,0.00301703836665544,TRUE,""
ENSG00000176293,ZNF135,fbg,null,0.00296300951981942,0.906347316282193,0.001716,16.1225,1100,0.00417117357404482,TRUE,""
ENSG00000176387,HSD11B2,t2d,null,0.166661233136222,0.812568815468984,0.0002947,4.6404,1923,0.00891460576078921,TRUE,""
ENSG00000176401,EID2B,fbg,null,-0.0430414424800183,0.751496544187975,0.0004863,15.6766,1267,0.0144491691317083,TRUE,""
ENSG00000176428,VPS37D,t2d,grey,0.190418592019887,0.205576535768442,3.176e-06,6.0653,1087,0.00372177469499363,TRUE,""
ENSG00000176438,SYNE3,fbg,grey,-0.0475476558968845,0.241426553382044,0.0001168,13.2291,2893,0.00775902927859519,TRUE,""
ENSG00000176463,SLCO3A1,cad,grey,0.0180206564992658,0.374062797490882,0.0002361,60.1989,6594,0.0130834646244352,TRUE,""
ENSG00000176472,ZNF575,t2d,grey,0.0589904894176472,0.271332121892765,0.004003,30.3518,2393,0.00885150343474868,TRUE,""
ENSG00000176473,WDR25,fbg,grey,-0.020133476271337,0.113959193634688,6.494e-05,73.7006,1678,0.00371015407926845,TRUE,""
ENSG00000176593,CTD-2368P22.1,cad,grey,0.0203689189788964,0.403118014218166,0.0005571,32.8954,4408,0.00397563745138022,TRUE,""
ENSG00000176593,CTD-2368P22.1,t2d,null,0.0187713567060418,0.580303690461236,0.0006306,32.8954,2681,0.00463241667405229,TRUE,""
ENSG00000176595,KBTBD11,fbg,null,0.00102196431938026,0.962902466387905,0.002066,34.7716,2993,0.00501658423583876,TRUE,""
ENSG00000176623,RMDN1,fbg,grey,-0.02466366257759,0.13784315525934,0.001171,29.8706,1469,0.0112527142573844,TRUE,""
ENSG00000176641,RNF152,cad,grey,0.293467985903827,0.0708478257810241,4.479e-05,6.6011,6084,0.012619875969637,TRUE,""
ENSG00000176659,C20orf197,fbg,null,-0.00715583215620545,0.700522394103849,5.274e-06,37.3028,2631,0.00239809205201495,TRUE,""
ENSG00000176749,CDK5R1,cad,null,0.00187787208577667,0.876685395448225,1.194e-08,88.1754,5032,2.10111935196461e-05,TRUE,""
ENSG00000176749,CDK5R1,fbg,null,-0.000208652453975185,0.975070165131246,0.001513,88.1754,1698,0.00383184945997674,TRUE,""
ENSG00000176783,RUFY1,fbg,grey,0.00901652091478515,0.129486728502174,0.002403,92.6607,1806,0.0122759680742656,TRUE,""
ENSG00000176824,AC009951.1,t2d,grey,0.262996498626707,0.0837792702905663,0.0005643,6.4749,2294,0.0221827523656832,TRUE,""
ENSG00000176834,VSIG10,fbg,null,-0.00243812898848281,0.93436605637943,1.696e-05,46.8721,2154,0.009178207957988,TRUE,""
ENSG00000176853,FAM91A1,cad,grey,0.0986278768045173,0.379738414018375,0.0003429,11.6468,5829,0.00662963242973192,TRUE,""
ENSG00000176853,FAM91A1,fbg,null,0.0288296870659358,0.658590180841495,0.000626,11.6468,1946,0.00548753518007736,TRUE,""
ENSG00000176871,WSB2,fbg,null,-0.00278656795077883,0.93436605637943,0.000219,40.7146,2124,0.00978369988135018,TRUE,""
ENSG00000176915,ANKLE2,fbg,grey,-0.0252443368840918,0.190977693467857,1.324e-05,29.3605,675,0.00736135417187386,TRUE,""
ENSG00000176946,THAP4,cad,null,0.0420532851126244,0.639248343034235,0.0001469,11.334,4227,0.00326144446452085,TRUE,""
ENSG00000177096,FAM109B,t2d,grey,-0.0342361587783513,0.446116847721283,9.51e-07,30.0614,2815,0.000742375652120378,TRUE,""
ENSG00000177098,SCN4B,fbg,null,0.0388614902031146,0.649436283726755,0.0005425,6.7759,1864,0.00473483273107129,TRUE,""
ENSG00000177103,DSCAML1,cad,grey,0.193693682692146,0.270112404338981,7.033e-13,10.5843,6264,7.99467434986625e-09,TRUE,""
ENSG00000177105,RHOG,t2d,grey,-0.141090198015063,0.391365938307552,2.112e-06,14.3548,3707,0.0076411706011275,TRUE,""
ENSG00000177105,RHOG,cad,null,0.0297031995821186,0.806535441920889,0.0007019,14.3548,6536,0.00455631402337959,TRUE,""
ENSG00000177112,MRVI1-AS1,t2d,grey,0.0773135029827581,0.149867399068654,0.000119,32.9477,5253,0.0148968196215469,TRUE,""
ENSG00000177112,MRVI1-AS1,fbg,null,0.0111675059863984,0.580132294034059,0.004647,32.9477,2591,0.0065662007680183,TRUE,""
ENSG00000177156,TALDO1,cad,null,0.0411016134774613,0.738882680363527,8.347e-06,12.568,5170,0.00374136121090889,TRUE,""
ENSG00000177200,CHD9,cad,grey,-0.104004967869529,0.0900914983292912,1.115e-05,16.9779,5390,0.00987496518192161,TRUE,""
ENSG00000177272,KCNA3,t2d,grey,0.17158055101576,0.0709877902594543,2.834e-06,13.4851,3826,0.00953897782046135,TRUE,""
ENSG00000177283,FZD8,cad,grey,0.111076330740457,0.482995690247368,0.0005259,6.3893,5170,0.00385504366947461,TRUE,""
ENSG00000177301,KCNA2,fbg,grey,0.151965512384155,0.179561867612366,0.002859,5.8496,2018,0.0115440018066328,TRUE,""
ENSG00000177302,TOP3A,fbg,null,-0.00220362471309363,0.922905718287002,0.0008559,24.2175,897,0.0037261734996105,TRUE,""
ENSG00000177335,C8orf31,t2d,null,0.000691649331008102,0.980541330250361,0.0003336,50.2682,1633,0.00383190266707376,TRUE,""
ENSG00000177335,C8orf31,cad,null,-0.0127955126236499,0.550658149743449,0.0002362,50.2682,6057,0.00390847944284531,TRUE,""
ENSG00000177369,RP1-62O9.3,fbg,grey,0.10841376687598,0.234365227693259,0.0006376,6.0036,1317,0.00707422382658612,TRUE,""
ENSG00000177406,RP11-218M22.1,t2d,grey,0.0176485508618632,0.407510345313093,1.124e-05,73.9486,2498,0.00411365860570096,TRUE,""
ENSG00000177406,RP11-218M22.1,cad,grey,-0.0234596590724767,0.119436571746115,0.0001935,73.9486,5094,0.00431569705079784,TRUE,""
ENSG00000177409,SAMD9L,cad,null,0.00198411051613875,0.948559264755632,0.0006654,72.081,3981,0.00587507254632471,TRUE,""
ENSG00000177426,TGIF1,cad,null,-0.00314086551857245,0.904956096468146,1.512e-06,43.3129,6797,0.00199839110717576,TRUE,""
ENSG00000177426,TGIF1,fbg,null,0.00902998836589578,0.652003680990715,6.707e-05,43.3129,2254,0.00637980909708057,TRUE,""
ENSG00000177427,SMCR7,t2d,grey,0.322339122809605,0.061402176525732,1.718e-09,7.6165,1706,7.12341860719271e-05,TRUE,""
ENSG00000177427,SMCR7,cad,grey,0.150019465961703,0.232654673754248,9.507e-10,7.6165,3095,4.50463676510528e-06,TRUE,""
ENSG00000177463,NR2C2,fbg,grey,-0.125089497328829,0.214080075786953,0.004006,11.5864,1891,0.0163809160306447,TRUE,""
ENSG00000177508,IRX3,fbg,null,-0.0026446971485586,0.815502576593791,2.084e-07,70.0909,2254,0.00675360692891741,TRUE,""
ENSG00000177565,TBL1XR1,t2d,null,-0.0249096416805108,0.915765450104956,0.0003662,5.2737,3760,0.00531642235375497,TRUE,""
ENSG00000177590,RP5-1051J4.6,t2d,null,-0.00309739853469137,0.909298000037977,6.489e-05,21.5529,2768,0.00338408319490059,TRUE,""
ENSG00000177606,JUN,fbg,null,-0.000625056315418385,0.974266251454282,0.0008544,28.3811,2089,0.00379760078976799,TRUE,""
ENSG00000177674,AGTRAP,fbg,null,0.017626140484603,0.530064880329334,0.002302,27.0733,1309,0.00606256059038417,TRUE,""
ENSG00000177685,EFCAB4A,cad,grey,-0.02837627674869,0.374062797490882,8.347e-06,33.6985,5361,0.00373138056280838,TRUE,""
ENSG00000177685,EFCAB4A,fbg,grey,-0.0155182763469399,0.344176157124169,0.0008733,33.6985,1039,0.00671576887688608,TRUE,""
ENSG00000177707,PVRL3,fbg,grey,-0.0555071009469706,0.317310507862914,0.003583,10.1253,2041,0.00660356961316867,TRUE,""
ENSG00000177710,SLC35G5,fbg,grey,-0.0467562805387055,0.129486728502174,0.0006266,14.6964,2374,0.010943750643882,TRUE,""
ENSG00000177728,KIAA0195,cad,grey,0.0570982612559892,0.423710797166793,5.333e-06,15.9403,5128,0.00153536111454345,TRUE,""
ENSG00000177731,FLII,cad,null,0.104449768296426,0.679499985922466,9.507e-10,11.7623,3104,6.04087860744147e-06,TRUE,""
ENSG00000177807,KCNJ10,t2d,null,-0.00581472796300005,0.939459380990615,0.001063,18.3335,3293,0.00373927648430704,TRUE,""
ENSG00000177868,CCDC23,fbg,grey,-0.0151625531241206,0.288008758003942,0.0001169,144.1869,1574,0.0102341045185575,TRUE,""
ENSG00000177873,ZNF619,cad,grey,0.0635740263766335,0.463355149269596,0.0007777,11.5917,4545,0.00349667574600186,TRUE,""
ENSG00000177873,ZNF619,fbg,grey,0.0404561986033122,0.396168007039194,0.002521,11.5917,1651,0.00573198977012183,TRUE,""
ENSG00000177873,ZNF619,t2d,null,-0.010114049650828,0.936598778628595,0.007152,11.5917,3005,0.0042268245353071,TRUE,""
ENSG00000177943,MAMDC4,cad,null,-0.0487363531912136,0.641561092893931,1.833e-06,8.4492,4023,0.00133021727817436,TRUE,""
ENSG00000177989,ODF3B,fbg,null,-0.0039948973672105,0.844882420504495,0.0007649,33.3471,807,0.00562193751864312,TRUE,""
ENSG00000178026,FAM211B,cad,grey,-0.0565917992785674,0.225085949837533,3.73e-09,18.9274,5405,3.04786535168246e-06,TRUE,""
ENSG00000178057,NDUFAF3,t2d,null,0.0691720867921279,0.511879473640126,9.597e-07,13.5218,1544,0.00076047208510301,TRUE,""
ENSG00000178078,STAP2,cad,grey,0.0957915312072071,0.325308999731375,5.626e-06,9.8498,5544,0.00309917317432626,TRUE,""
ENSG00000178093,TSSK6,cad,grey,-0.10308097933602,0.172682041418748,8.903e-09,17.2101,5021,7.09191272389579e-05,TRUE,""
ENSG00000178093,TSSK6,t2d,null,-0.01472585419086,0.886403006367064,4.131e-12,17.2101,2231,2.27855047169226e-08,TRUE,""
ENSG00000178105,DDX10,fbg,null,0.00264348583705434,0.944378761640749,0.0005168,20.2006,1329,0.00530273418896507,TRUE,""
ENSG00000178127,NDUFV2,fbg,grey,0.0270810354123474,0.397466925422593,0.003606,9.7645,2347,0.00700257591792321,TRUE,""
ENSG00000178149,DALRD3,fbg,null,-0.0175282025134016,0.617075077451974,0.0001937,15.7135,668,0.0047419872162819,TRUE,""
ENSG00000178162,AC140481.1,cad,null,0.0267866515126775,0.793566431658028,0.002091,7.2804,3024,0.00526928093003777,TRUE,""
ENSG00000178163,ZNF518B,cad,null,-0.0112037147003479,0.7603016088484,4.079e-05,26.1473,8009,0.0025973934713833,TRUE,""
ENSG00000178175,ZNF366,t2d,null,0.0861101435814079,0.783527311615771,0.000105,5.1678,3390,0.00346326464978498,TRUE,""
ENSG00000178202,KDELC2,fbg,null,0.00443175903858865,0.69635620053955,0.0005168,72.3425,1489,0.00543224968604617,TRUE,""
ENSG00000178222,RNF212,t2d,null,0.0215841788957497,0.786707745258045,0.0005456,18.9661,2041,0.00370194262261793,TRUE,""
ENSG00000178295,GEN1,t2d,null,-0.0422870115998631,0.57268433313998,0.000112,18.4584,4747,0.00300758103269619,TRUE,""
ENSG00000178342,KCNG2,cad,null,0.0517729540590805,0.561479628322256,0.0007103,12.2895,4436,0.0036489480191196,TRUE,""
ENSG00000178430,AC006111.1,cad,grey,0.0490692551832645,0.492893296439634,0.0004398,6.6748,5230,0.0040179600678667,TRUE,""
ENSG00000178440,LINC00843,fbg,null,0.0251364820789903,0.524539436435313,0.005763,7.4401,1110,0.00497979382822453,TRUE,""
ENSG00000178445,GLDC,t2d,null,0.0281246125758104,0.597865489443746,0.0001096,30.3191,5549,0.00437635425604671,TRUE,""
ENSG00000178449,COX14,fbg,grey,0.0223674266916822,0.15964990164281,0.004027,32.2462,1076,0.010167708436839,TRUE,""
ENSG00000178585,CTNNBIP1,t2d,null,0.0386426890962725,0.556374370426907,6.783e-05,27.3511,2147,0.00427449804120439,TRUE,""
ENSG00000178585,CTNNBIP1,fbg,null,0.00257617927308483,0.920344325445942,0.0002507,27.3511,1202,0.00469385151539804,TRUE,""
ENSG00000178623,GPR35,cad,grey,0.0496915513173391,0.0702423294450998,0.000256,34.3737,7121,0.013083331377558,TRUE,""
ENSG00000178636,RP11-455G16.1,fbg,grey,0.0217701178592183,0.19743671740097,0.0008275,16.4901,1603,0.0122976496518625,TRUE,""
ENSG00000178636,RP11-455G16.1,cad,null,0.00187673429820847,0.954690030337856,1.229e-14,16.4901,5555,1.68570915225187e-10,TRUE,""
ENSG00000178718,RPP25,cad,grey,-0.448046244134485,0.379039162521092,7.557e-07,7.711,3396,0.00621970804625103,TRUE,""
ENSG00000178726,THBD,cad,grey,0.03673618160279,0.327716664719426,0.0008393,45.9224,5920,0.00693809052617113,TRUE,""
ENSG00000178726,THBD,t2d,null,0.0115798833313142,0.824801199566985,3.343e-08,45.9224,4380,2.64826780472728e-05,TRUE,""
ENSG00000178732,GP5,cad,null,-0.00223316661398727,0.976186087108502,0.000163,17.1645,7319,0.0060802608363712,TRUE,""
ENSG00000178802,MPI,cad,grey,-0.049064609253352,0.0569302235802096,7.557e-07,35.6976,3489,0.00285157737893494,TRUE,""
ENSG00000178803,ADORA2A-AS1,fbg,grey,0.102685614102361,0.165412255542075,0.001004,6.2083,1483,0.00882250675859951,TRUE,""
ENSG00000178852,EFCAB13,t2d,grey,-0.192798879043019,0.146785320227104,4.818e-08,18.4557,2773,0.00249513630648323,TRUE,""
ENSG00000178971,CTC1,cad,grey,-0.0245273778654449,0.129205752509275,7.635e-05,85.077,5381,0.00395900022258025,TRUE,""
ENSG00000178988,MRFAP1L1,cad,null,0.0267351016879042,0.947794862895948,0.0007186,6.6231,8437,0.00733110837461376,TRUE,""
ENSG00000178996,SNX18,cad,grey,0.0559499796487226,0.249098268106654,2.012e-07,19.6274,6300,0.000718593768293848,TRUE,""
ENSG00000178996,SNX18,fbg,grey,-0.0312661650978156,0.235030456586428,0.0008602,19.6274,2164,0.00854987899053523,TRUE,""
ENSG00000178999,AURKB,fbg,grey,0.0334205807084642,0.126162397742482,0.001727,18.5821,1384,0.0129763740294898,TRUE,""
ENSG00000179023,KLHDC7A,cad,grey,0.110308737757774,0.143115898802514,0.0001008,13.1366,6693,0.0065053725760574,TRUE,""
ENSG00000179051,RCC2,cad,grey,0.0464971750895189,0.220900199114485,0.0004283,25.9662,5209,0.00534231342368716,TRUE,""
ENSG00000179057,IGSF22,fbg,grey,0.0493955114954202,0.0864762654936656,0.0008575,19.5096,2023,0.0174336479634294,TRUE,""
ENSG00000179085,DPM3,t2d,grey,-0.224613286760566,0.0605575319647696,1.713e-06,10.8045,1974,0.00491828746072919,TRUE,""
ENSG00000179104,TMTC2,fbg,null,0.0280171519381531,0.544474508963011,0.003828,12.7057,2105,0.00474292210560141,TRUE,""
ENSG00000179115,FARSA,fbg,grey,0.0290145714991356,0.359317338329571,0.0004275,20.245,984,0.00769511258378952,TRUE,""
ENSG00000179152,TCAIM,fbg,null,0.0308373542225887,0.69635620053955,0.0033,8.3162,1489,0.00530054524868913,TRUE,""
ENSG00000179241,LDLRAD3,t2d,grey,-0.1084533872198,0.429455672144667,0.002771,10.3929,4246,0.00494897668523867,TRUE,""
ENSG00000179242,CDH4,cad,null,-0.00396519513206708,0.958748503692605,2.243e-05,11.8453,7493,0.0021351287627822,TRUE,""
ENSG00000179262,RAD23A,t2d,grey,0.147095881232461,0.315011511616041,5.394e-06,25.5322,2012,0.00532749173080806,TRUE,""
ENSG00000179262,RAD23A,cad,null,-0.00697136877878964,0.94576397329967,3.849e-05,25.5322,4568,0.00617044556834552,TRUE,""
ENSG00000179262,RAD23A,fbg,null,0.0146398744354582,0.813467545487738,0.0004275,25.5322,976,0.0106590206961947,TRUE,""
ENSG00000179295,PTPN11,t2d,grey,-0.136891679267037,0.29549000800397,0.002438,10.6521,1997,0.0124334593992805,TRUE,""
ENSG00000179295,PTPN11,fbg,grey,-0.10065564651988,0.0591882466367507,0.0029,10.6521,1000,0.0344899833736064,TRUE,""
ENSG00000179361,ARID3B,cad,grey,0.134500782510284,0.0522368760834801,7.557e-07,13.1498,3857,0.00409438187299236,TRUE,""
ENSG00000179387,ELMOD2,cad,null,-0.150292391931875,0.518179726334666,0.0006103,4.9477,4912,0.00378457470507424,TRUE,""
ENSG00000179409,GEMIN4,cad,grey,0.0876043946059317,0.157642940610696,4.375e-05,26.4142,5108,0.0104761702686813,TRUE,""
ENSG00000179409,GEMIN4,fbg,null,0.020216398755215,0.514288986716092,0.004464,26.4142,1080,0.00645729041959486,TRUE,""
ENSG00000179456,ZBTB18,cad,null,0.0732021506090198,0.681102669021842,0.003528,6.0766,4273,0.0055929043243868,TRUE,""
ENSG00000179526,SHARPIN,fbg,grey,-0.0696430836363507,0.0622646015352178,0.002155,25.9862,802,0.0392261771960337,TRUE,""
ENSG00000179528,LBX2,fbg,null,0.00609521689363084,0.858897500094722,0.001765,21.6766,1776,0.00547291588138272,TRUE,""
ENSG00000179562,GCC1,t2d,null,-0.0362771380781125,0.549881206922431,0.001682,26.0801,3442,0.00551392618462952,TRUE,""
ENSG00000179583,CIITA,cad,null,0.0387839634578465,0.530581466777187,0.0005174,16.5183,7725,0.00318502001679435,TRUE,""
ENSG00000179593,ALOX15B,cad,null,-0.0288452594257696,0.895721545768517,7.635e-05,15.9202,5167,0.0090233791233333,TRUE,""
ENSG00000179598,PLD6,t2d,null,-0.0260102935741984,0.511663282695868,1.718e-09,59.5295,2600,2.35237526374719e-05,TRUE,""
ENSG00000179604,CDC42EP4,fbg,null,-0.0226132472876505,0.606447146740021,0.001944,13.3386,2204,0.0044458339568334,TRUE,""
ENSG00000179639,FCER1A,t2d,null,-0.0137123777148806,0.813467545487738,0.001625,27.0636,3799,0.00424730534861653,TRUE,""
ENSG00000179750,APOBEC3B,fbg,null,-0.00230831941388503,0.909526060036958,0.0001325,37.0317,1352,0.00479572865095853,TRUE,""
ENSG00000179862,CITED4,fbg,grey,0.0330803193339333,0.21129954733371,0.002092,64.5751,1667,0.00624452050423118,TRUE,""
ENSG00000179912,R3HDM2,fbg,grey,0.0865163045145865,0.289680155734686,0.0007165,7.3565,1090,0.00774630929041122,TRUE,""
ENSG00000179914,ITLN1,t2d,null,-0.000950883535589227,0.975578776710838,0.001063,38.1289,3081,0.00471327249537962,TRUE,""
ENSG00000179915,NRXN1,t2d,grey,-0.0585462115718336,0.368794267918584,6.238e-05,14.4822,4925,0.00492728623519262,TRUE,""
ENSG00000179979,CRIPAK,cad,grey,-0.0140047771643525,0.484680040754928,8.678e-05,73.7138,5639,0.00418585319215375,TRUE,""
ENSG00000179979,CRIPAK,fbg,grey,0.00917554365940338,0.408754766219334,0.0002037,73.7138,1148,0.0076357650142435,TRUE,""
ENSG00000180071,ANKRD18A,cad,null,0.0443504109883764,0.695941676240891,0.000298,11.3711,3585,0.00425791070143633,TRUE,""
ENSG00000180113,TDRD6,cad,grey,0.154000211406501,0.382356164291107,0.0001115,17.0316,5510,0.00896736336088705,TRUE,""
ENSG00000180185,FAHD1,t2d,grey,0.0382488854659082,0.419470941682658,0.008967,52.0858,1630,0.00766820451080174,TRUE,""
ENSG00000180228,PRKRA,t2d,grey,-0.270947161753841,0.246381324928673,0.0002032,18.1116,4187,0.0199187309189539,TRUE,""
ENSG00000180233,ZNRF2,cad,grey,0.480328319134247,0.0944427540912154,0.001134,12.0576,5785,0.0409333846631333,TRUE,""
ENSG00000180263,FGD6,t2d,grey,-0.0270834154223404,0.492540019829815,0.001317,30.8674,5013,0.00616100243391262,TRUE,""
ENSG00000180263,FGD6,fbg,null,-0.00309524747683891,0.845297478259299,8.641e-06,30.8674,2236,0.00420394260193472,TRUE,""
ENSG00000180316,PNPLA1,fbg,grey,-0.03031155600308,0.485821758188089,0.0004404,13.5064,1728,0.00497510997303541,TRUE,""
ENSG00000180346,TIGD2,fbg,null,0.00816079517321059,0.850344219267564,0.001061,21.8116,1840,0.00681473011790839,TRUE,""
ENSG00000180353,HCLS1,t2d,grey,0.037146088730583,0.295157233557039,0.0004137,70.8706,3908,0.011971169379312,TRUE,""
ENSG00000180354,C7orf41,cad,null,0.0905617550812089,0.583779562227661,0.001134,16.5994,5853,0.00983327582787084,TRUE,""
ENSG00000180385,AC034193.5,t2d,grey,0.189688319032462,0.122865441229318,0.002637,11.2168,3716,0.0150854593949079,TRUE,""
ENSG00000180398,MCFD2,t2d,grey,-0.0459676074477431,0.33666062732208,0.0003009,41.5757,4416,0.00650233672313,TRUE,""
ENSG00000180509,KCNE1,cad,grey,0.0565099158764904,0.0734020682325408,2.579e-33,34.779,5186,1.42760476034037e-28,TRUE,""
ENSG00000180539,C9orf139,cad,grey,0.2319835877054,0.120221118336468,1.833e-06,5.9878,3805,0.00429058532924812,TRUE,""
ENSG00000180549,FUT7,cad,grey,0.01468736222018,0.37705619893811,1.833e-06,55.0513,3804,0.00183043854219547,TRUE,""
ENSG00000180767,CHST13,cad,grey,-0.0208055426761041,0.0639599374657294,7.076e-05,124.8335,6979,0.00364250684658935,TRUE,""
ENSG00000180767,CHST13,fbg,null,0.00147295877352949,0.813980460416918,0.001693,124.8335,2009,0.0115049327081047,TRUE,""
ENSG00000180771,SRSF8,t2d,null,-0.054170701430816,0.609604353481759,0.0005629,14.4541,3666,0.00509504545170606,TRUE,""
ENSG00000180776,ZDHHC20,t2d,grey,-0.0381918592253574,0.440024466872261,0.001658,28.2817,4110,0.00482874906406897,TRUE,""
ENSG00000180787,ZFP3,t2d,grey,0.171196690425686,0.349325997505789,1.117e-12,7.5901,3268,6.89079518790163e-09,TRUE,""
ENSG00000180834,MAP6D1,cad,grey,0.010607517160372,0.497409451259859,0.0001283,64.9423,5380,0.0027546225366452,TRUE,""
ENSG00000180871,CXCR2,cad,grey,-0.0421027021901966,0.16046517805143,1.555e-12,30.8703,4226,2.79480948688926e-08,TRUE,""
ENSG00000180875,GREM2,fbg,grey,-0.0291737739548492,0.477377817921635,0.0007871,16.4737,2466,0.0057013858686716,TRUE,""
ENSG00000180881,CAPS2,t2d,grey,-0.108147247391648,0.192302646043489,6.855e-05,16.7027,3946,0.00822136962550355,TRUE,""
ENSG00000180881,CAPS2,fbg,grey,-0.030449224993765,0.349538991650093,0.0003493,16.7027,2131,0.00575345286770941,TRUE,""
ENSG00000180884,ZNF792,fbg,grey,-0.0168701307824775,0.383771766671715,0.007285,25.9176,1414,0.00535481987733103,TRUE,""
ENSG00000180891,CUEDC1,fbg,grey,0.0237714850995425,0.440452945294225,0.0006559,20.2175,1541,0.00561675142841731,TRUE,""
ENSG00000180914,OXTR,fbg,null,0.00194137599718986,0.976536189986223,0.0008667,9.1521,2601,0.00426945397863913,TRUE,""
ENSG00000181004,BBS12,cad,grey,0.0499352116768357,0.354201475138791,0.003831,22.3402,5347,0.00471325993096649,TRUE,""
ENSG00000181016,C7orf53,fbg,null,0.00259950559866643,0.863886790544927,0.002297,37.5694,1682,0.00430193213019003,TRUE,""
ENSG00000181019,NQO1,t2d,null,0.0124062339190279,0.854536481393919,3.882e-09,30.155,2104,1.36769034095203e-05,TRUE,""
ENSG00000181031,RPH3AL,fbg,null,0.00795278731967035,0.747012853671546,0.004464,30.0342,747,0.00735814766428372,TRUE,""
ENSG00000181045,SLC26A11,cad,null,0.0339707074968427,0.689156516779352,0.0001367,11.6928,6948,0.00283051299843741,TRUE,""
ENSG00000181061,HIGD1A,cad,grey,-0.1407201797759,0.174735823215247,0.0004812,10.9676,5002,0.00827061795442707,TRUE,""
ENSG00000181104,F2R,t2d,grey,0.0286579668188597,0.458126425559177,1.188e-12,42.9003,4025,1.04559234256152e-08,TRUE,""
ENSG00000181192,DHTKD1,fbg,null,0.0073958002959366,0.731705934672859,0.0002063,28.8808,2349,0.00427691705660158,TRUE,""
ENSG00000181215,C4orf50,fbg,grey,0.138976431083591,0.0596027337700864,4.359e-05,9.3417,2319,0.0291227787226746,TRUE,""
ENSG00000181218,HIST3H2A,cad,grey,-0.0545068274640801,0.232304160207264,3.954e-07,25.2105,4923,0.0018570482336554,TRUE,""
ENSG00000181222,POLR2A,cad,grey,-0.0932277236140049,0.417742017975973,7.635e-05,8.8363,5483,0.0166820290797751,TRUE,""
ENSG00000181315,ZNF322,fbg,null,-0.00230223763824789,0.821351959007176,0.0002114,22.5409,1836,0.00379431103201648,TRUE,""
ENSG00000181396,OGFOD3,cad,grey,0.0376547565700067,0.355360112018659,5.203e-05,23.0197,4481,0.00426695035414248,TRUE,""
ENSG00000181396,OGFOD3,fbg,grey,-0.0277780991090213,0.21129954733371,0.0006282,23.0197,893,0.00917258319819787,TRUE,""
ENSG00000181458,TMEM45A,fbg,grey,0.033745534967457,0.0845274725159049,0.0001092,36.2705,1652,0.0184418312014974,TRUE,""
ENSG00000181467,RAP2B,t2d,null,-0.0599845070575363,0.840045826140373,2.082e-10,6.4222,4215,3.7466244693519e-06,TRUE,""
ENSG00000181481,RNF135,cad,null,0.0400778960224517,0.842129668428942,1.194e-08,15.6652,4063,8.76050021095362e-05,TRUE,""
ENSG00000181513,ACBD4,fbg,grey,0.0633025922934235,0.0659578992594125,0.002502,14.7998,677,0.0200744196672351,TRUE,""
ENSG00000181585,TMIE,fbg,null,-0.0187179608346426,0.637934810590957,0.001618,15.0856,1212,0.00461612506948634,TRUE,""
ENSG00000181649,PHLDA2,cad,grey,0.0637005663302487,0.18431484365715,3.436e-05,15.3596,6041,0.00607984049985605,TRUE,""
ENSG00000181649,PHLDA2,fbg,null,0.0107546410687433,0.718016387438887,1.615e-05,15.3596,1711,0.00363847358728007,TRUE,""
ENSG00000181666,HKR1,t2d,grey,0.0713898330178063,0.0922697703378473,0.0005243,33.1003,3074,0.0151761699810131,TRUE,""
ENSG00000181744,C3orf58,t2d,grey,0.0703223707083387,0.276326966118891,0.0005956,21.6519,4016,0.00754781945931853,TRUE,""
ENSG00000181751,C5orf30,cad,null,-0.0270356632189483,0.924721364300349,0.001276,11.7916,5702,0.0116060495298438,TRUE,""
ENSG00000181778,TMEM252,fbg,null,-0.00450494930190125,0.828819213786263,0.001017,27.9313,1276,0.00459399098330339,TRUE,""
ENSG00000181826,RELL1,fbg,grey,-0.19716078004314,0.3877876816066,0.0001916,7.5147,2394,0.0179879008099779,TRUE,""
ENSG00000181885,CLDN7,fbg,null,-0.0291425162080961,0.593802857207703,0.001727,14.52,1476,0.00647333893804698,TRUE,""
ENSG00000181894,ZNF329,cad,null,0.00966298183661015,0.759260815924473,0.0005571,31.51,3942,0.00303874640366426,TRUE,""
ENSG00000181915,ADO,t2d,grey,0.0830817444647362,0.119813814205544,2.445e-06,26.9951,3791,0.00240124464697588,TRUE,""
ENSG00000182013,PNMAL1,t2d,null,-0.00467802221951608,0.869073725074896,3.114e-16,52.4649,1889,4.34456055082112e-12,TRUE,""
ENSG00000182048,TRPC2,t2d,null,0.0305332209982571,0.67840974731987,8.746e-10,25.5585,2939,4.26382112572322e-06,TRUE,""
ENSG00000182048,TRPC2,fbg,null,-0.00598690607808962,0.831509517776774,1.615e-05,25.5585,1878,0.0116579838668325,TRUE,""
ENSG00000182118,FAM89A,t2d,null,0.00364420081430352,0.901745388954132,0.001218,50.1065,4264,0.00387927230648754,TRUE,""
ENSG00000182141,ZNF708,t2d,grey,0.0604243339168883,0.206983058311127,0.001229,28.4071,4756,0.00794721576141869,TRUE,""
ENSG00000182149,IST1,t2d,grey,-0.111264838281924,0.0729563843791335,6.914e-06,12.7495,2614,0.0117554025289401,TRUE,""
ENSG00000182150,ERCC6L2,cad,null,0.0194490917743644,0.841480581121794,0.0002419,14.0087,4515,0.00663544263027387,TRUE,""
ENSG00000182154,MRPL41,cad,null,-0.0402550912220516,0.674956824198369,1.833e-06,11.4142,2548,0.00154559603962347,TRUE,""
ENSG00000182165,TP53TG1,t2d,grey,0.0385945988608411,0.41325337549364,0.001889,30.4084,3342,0.00581293118277313,TRUE,""
ENSG00000182180,MRPS16,cad,null,0.0417038459562844,0.564779052623049,2.365e-05,23.2421,2796,0.00339173983511917,TRUE,""
ENSG00000182183,FAM159A,fbg,grey,0.0177942276567085,0.328695814040283,0.001522,42.0516,1372,0.00834435899517799,TRUE,""
ENSG00000182183,FAM159A,t2d,null,0.0245729810497403,0.587779877112124,0.0002519,42.0516,2769,0.00652680634497803,TRUE,""
ENSG00000182197,EXT1,t2d,grey,0.0955055203606873,0.0849297139577665,2.321e-52,32.2597,3534,2.33681653630884e-47,TRUE,""
ENSG00000182218,HHIPL1,t2d,grey,-0.166999620014558,0.443279727088509,1.197e-05,6.9015,3044,0.00463839233872245,TRUE,""
ENSG00000182230,FAM153B,fbg,null,0.00210285794014737,0.796357116257739,0.004046,53.0988,1573,0.00396499998032103,TRUE,""
ENSG00000182308,DCAF4L1,fbg,grey,-0.180831195911913,0.0591882466367508,0.001515,9.0012,2078,0.101394399382306,TRUE,""
ENSG00000182308,DCAF4L1,t2d,null,-0.112115341465386,0.630786488109031,1.816e-05,9.0012,4986,0.00664271998460798,TRUE,""
ENSG00000182310,LINC00085,cad,null,-0.00313278042006379,0.965320293449223,0.0008115,15.2847,7492,0.00311107808361837,TRUE,""
ENSG00000182310,LINC00085,fbg,null,0.0177524223803615,0.662911145572604,0.001116,15.2847,2177,0.00493909152156392,TRUE,""
ENSG00000182372,CLN8,t2d,grey,-0.09029468074075,0.0801183137276342,6.662e-05,29.9974,5685,0.0159814810800035,TRUE,""
ENSG00000182389,CACNB4,t2d,null,0.086169049586432,0.584262074231711,2.783e-05,11.9811,4008,0.00414420519940425,TRUE,""
ENSG00000182393,IFNL1,cad,grey,-0.0385828324724626,0.486646683566024,0.0002554,25.7617,5647,0.0052592133542661,TRUE,""
ENSG00000182393,IFNL1,t2d,null,-0.0156742756919379,0.83903733185664,0.0003942,25.7617,3405,0.00594944457147927,TRUE,""
ENSG00000182512,GLRX5,t2d,grey,0.0558962221108084,0.18517115131359,0.009295,33.5797,4575,0.00914119625572124,TRUE,""
ENSG00000182512,GLRX5,fbg,null,-0.0126557484024472,0.516565503095008,0.0002344,33.5797,2757,0.00521230416947769,TRUE,""
ENSG00000182534,MXRA7,fbg,null,0.000468526476741298,0.976186087108502,0.000889,80.5977,1665,0.0078906421763275,TRUE,""
ENSG00000182544,MFSD5,fbg,grey,0.0240277616693801,0.142466754827972,0.0008486,32.5946,2144,0.0102992707130359,TRUE,""
ENSG00000182578,CSF1R,fbg,grey,-0.020360632298038,0.330566734834094,0.0004124,31.4725,2063,0.00697322099422395,TRUE,""
ENSG00000182580,EPHB3,fbg,null,-0.000615221489337721,0.974266251454282,8.794e-05,28.8792,1448,0.00351248769659826,TRUE,""
ENSG00000182586,LINC00334,cad,null,0.0236327418018472,0.790375694602622,2.504e-05,10.4167,6591,0.00291705684366239,TRUE,""
ENSG00000182600,C2orf82,t2d,grey,-0.335035199671329,0.0813585718041446,7.507e-05,9.7049,3438,0.0169532446401454,TRUE,""
ENSG00000182747,SLC35D3,t2d,null,0.0205178046447859,0.63496697517521,3.936e-05,36.2357,2710,0.00492604380477032,TRUE,""
ENSG00000182747,SLC35D3,cad,null,-0.00218274517497723,0.945393072235116,0.001752,36.2357,4364,0.00342675738824976,TRUE,""
ENSG00000182810,DDX28,t2d,grey,0.275965775301331,0.165925097632956,0.0002947,8.5786,2179,0.0116813551599915,TRUE,""
ENSG00000182810,DDX28,cad,grey,0.201268272212249,0.177908672960897,0.0004551,8.5786,3354,0.00905278320284131,TRUE,""
ENSG00000182866,LCK,t2d,grey,0.50166083738577,0.439950249877051,0.0004059,5.2273,2049,0.0103894653549935,TRUE,""
ENSG00000182871,COL18A1,fbg,grey,0.0109298264554108,0.192564416267239,0.0007375,85.6081,1850,0.00680740882333709,TRUE,""
ENSG00000182885,GPR97,fbg,grey,-0.0162512216290934,0.395325086245385,0.002001,34.5547,1762,0.00668811256995694,TRUE,""
ENSG00000182901,RGS7,fbg,null,0.0370940707335246,0.527662046790784,0.0007871,11.327,2233,0.0054922048144462,TRUE,""
ENSG00000182919,C11orf54,fbg,grey,0.0107119277797861,0.381573905705021,2.2e-100,46.4456,1985,2.46952715130721e-96,TRUE,""
ENSG00000182919,C11orf54,t2d,null,-0.00191284424639038,0.950779127092922,5.847e-30,46.4456,4040,1.03368879044314e-25,TRUE,""
ENSG00000183060,LYSMD4,fbg,null,-0.0137342042850946,0.533520127186025,7.024e-05,53.7409,2201,0.00571761736110278,TRUE,""
ENSG00000183077,AFMID,cad,grey,-0.202686676932673,0.455539287086232,3.156e-05,9.9243,7080,0.0100909863564736,TRUE,""
ENSG00000183087,GAS6,fbg,grey,0.0225069412490612,0.398809120942745,0.001169,18.9754,871,0.0047882856098425,TRUE,""
ENSG00000183091,NEB,fbg,null,0.00397072777246916,0.913651642276487,0.00175,36.969,2011,0.00999907950929496,TRUE,""
ENSG00000183092,BEGAIN,cad,null,-0.00475403650037277,0.730223992825289,2.885e-16,78.4378,5602,1.67150215674273e-12,TRUE,""
ENSG00000183155,RABIF,t2d,grey,-0.189750349344406,0.299929136337537,8.788e-07,7.8249,2500,0.00318747107358971,TRUE,""
ENSG00000183160,TMEM119,t2d,grey,0.109756042356977,0.397466925422593,0.0002702,43.1067,3803,0.026210466756786,TRUE,""
ENSG00000183172,C22orf32,fbg,null,-0.00705750240589102,0.634786973282518,0.005453,102.7066,1447,0.00753841951658291,TRUE,""
ENSG00000183207,RUVBL2,fbg,null,0.0228089692208407,0.799614415360277,0.006604,17.2782,1271,0.0110256516790973,TRUE,""
ENSG00000183246,RIMBP3C,fbg,null,-0.0705717530741805,0.820878589145356,0.0002249,11.2007,1449,0.0503829788202241,TRUE,""
ENSG00000183260,ABHD16B,fbg,grey,0.120880766651904,0.285438504621253,0.001274,11.6509,1025,0.0156918562916704,TRUE,""
ENSG00000183260,ABHD16B,t2d,null,0.132454457076023,0.691991537251249,4.038e-05,11.6509,792,0.0120601311091521,TRUE,""
ENSG00000183309,ZNF623,t2d,null,-0.024359711351128,0.732754742460857,0.0003336,20.3908,1058,0.00413453910932266,TRUE,""
ENSG00000183309,ZNF623,cad,null,-0.0234897216600163,0.647220356947692,0.0002362,20.3908,4466,0.00301536261108697,TRUE,""
ENSG00000183354,KIAA2026,cad,null,0.0388138546025867,0.518822668670191,6.315e-05,16.7725,5981,0.0031592490015591,TRUE,""
ENSG00000183386,FHL3,fbg,grey,-0.0170925844920309,0.327716664719426,0.001293,103.6953,1568,0.0055377776244781,TRUE,""
ENSG00000183426,NPIP,fbg,null,0.00205022880232992,0.754660563059686,0.01645,39.084,776,0.00405798347642407,TRUE,""
ENSG00000183439,TRIM61,cad,grey,0.115444731201499,0.104162558830439,0.0003925,13.3517,6924,0.0222969318926125,TRUE,""
ENSG00000183444,AC004967.8,cad,grey,-0.0269669873236892,0.357241064007957,0.001016,15.4557,5233,0.00410960127447219,TRUE,""
ENSG00000183474,GTF2H2C,fbg,null,-0.00840474933461255,0.920344325445942,0.01148,12.3511,643,0.0167868032959559,TRUE,""
ENSG00000183475,ASB7,t2d,grey,0.259165944748058,0.210378532571651,0.004395,8.4996,4262,0.0137689678889594,TRUE,""
ENSG00000183486,MX2,cad,null,-0.0106926076639162,0.842889997154009,0.0001081,36.0432,7727,0.00490035359910388,TRUE,""
ENSG00000183513,COA5,cad,grey,0.0750617543022015,0.17402778894999,0.0004989,18.5773,4230,0.0062564182699712,TRUE,""
ENSG00000183527,PSMG1,t2d,grey,0.0970296114935095,0.228558028316351,4.816e-05,21.647,5070,0.00766944028381316,TRUE,""
ENSG00000183527,PSMG1,cad,null,-0.0156234120201414,0.779928843550604,6.535e-06,21.647,7035,0.00154132307502575,TRUE,""
ENSG00000183542,KLRC4,cad,null,0.0173172278373251,0.596519838726618,0.0003213,16.6581,6016,0.0037376981221696,TRUE,""
ENSG00000183579,ZNRF3,fbg,grey,-0.0935587706860353,0.305650988197024,0.001228,7.2637,1372,0.00893603692675141,TRUE,""
ENSG00000183605,SFXN4,cad,null,0.00368780548511745,0.841480581121794,0.0004609,105.1189,6077,0.00366119763196108,TRUE,""
ENSG00000183615,FAM167B,cad,grey,0.134806429457053,0.202309241991172,0.0004072,19.1899,3445,0.0128746659624368,TRUE,""
ENSG00000183617,MRPL54,cad,null,0.000896684170612753,0.94684707139927,0.0007477,67.8644,5507,0.00443343012609183,TRUE,""
ENSG00000183647,ZNF530,cad,null,0.0198281177248083,0.971797834945534,0.0005571,6.0049,5631,0.00664901997063103,TRUE,""
ENSG00000183655,KLHL25,fbg,grey,-0.100882289566635,0.222939094167741,0.00276,6.8579,2482,0.0074926929721333,TRUE,""
ENSG00000183657,PP13439,fbg,grey,-0.00860675735887705,0.370341784125815,8.184e-10,32.2392,1767,4.79417932776349e-07,TRUE,""
ENSG00000183682,BMP8A,cad,null,-0.0358710198959479,0.525765815271962,2.56e-05,19.7202,4762,0.00656493367891163,TRUE,""
ENSG00000183688,FAM101B,cad,grey,0.0779762366704205,0.213778211996613,4.375e-05,19.2018,4127,0.00710771799563467,TRUE,""
ENSG00000183688,FAM101B,fbg,null,0.00254270336968763,0.941670256652406,0.004464,19.2018,871,0.00469431713504218,TRUE,""
ENSG00000183718,TRIM52,fbg,grey,0.0451694344770635,0.461218374590665,0.001253,10.9014,764,0.00576697767712558,TRUE,""
ENSG00000183722,LHFP,fbg,grey,-0.0241959470294662,0.457568175062507,0.001137,18.9089,2475,0.00545635930958598,TRUE,""
ENSG00000183723,CMTM4,t2d,grey,-0.557356382341993,0.317310507862914,0.0002947,9.0861,2870,0.0201794847407278,TRUE,""
ENSG00000183734,ASCL2,cad,grey,0.0440265625842699,0.0692681686768146,3.436e-05,46.0847,6770,0.0163957918123317,TRUE,""
ENSG00000183735,TBK1,t2d,grey,-0.146238476602926,0.0506367447894727,0.002731,31.4035,2618,0.0383715420757348,TRUE,""
ENSG00000183751,TBL3,fbg,grey,0.138413149498797,0.158588094568376,0.003639,7.2488,1099,0.0185314007849864,TRUE,""
ENSG00000183773,AIFM3,fbg,grey,0.10414684819522,0.0533819511385757,0.0002249,24.8669,961,0.0618450800712624,TRUE,""
ENSG00000183813,CCR4,t2d,null,-0.017834952208381,0.800552924922785,0.0002309,23.8279,3619,0.0042419706603759,TRUE,""
ENSG00000183814,LIN9,cad,grey,-0.0645963979736759,0.463355149269596,5.41e-06,12.0835,5583,0.0029567506064443,TRUE,""
ENSG00000183822,CTA-833B7.2,cad,grey,0.054946081031432,0.364803543676989,0.000155,7.4596,6110,0.00447620247717832,TRUE,""
ENSG00000183889,PKD1P1,cad,null,0.00342167767032461,0.892505031135259,5.946e-07,17.8873,4270,0.000587894486407292,TRUE,""
ENSG00000183891,TTC32,fbg,grey,0.00841486412366337,0.453254704753736,0.0006389,81.5497,2451,0.00890997900858255,TRUE,""
ENSG00000183891,TTC32,t2d,null,-0.0136240657240264,0.639094284016711,2.826e-05,81.5497,4406,0.00625429360825754,TRUE,""
ENSG00000183914,DNAH2,cad,null,-0.0757648828707692,0.537710350300799,7.635e-05,11.705,5232,0.00453233190787168,TRUE,""
ENSG00000183960,KCNH8,cad,null,0.00650224420809258,0.962612853295523,4.009e-06,8.0998,4917,0.0024059844001831,TRUE,""
ENSG00000183977,PP2D1,fbg,grey,0.0722088011574178,0.440452945294225,0.0005625,5.583,1599,0.00556570904554071,TRUE,""
ENSG00000183977,PP2D1,cad,null,-0.106976001714693,0.544474508963011,4.564e-05,5.583,5607,0.00345686389097582,TRUE,""
ENSG00000184005,ST6GALNAC3,t2d,null,0.0150028449243126,0.74147786049033,9.531e-05,38.3708,4561,0.00406419763423536,TRUE,""
ENSG00000184009,ACTG1,cad,grey,0.128383604340331,0.104549135567974,0.0001145,13.2978,5987,0.0109374798674108,TRUE,""
ENSG00000184047,DIABLO,cad,null,0.0368090913753574,0.523518574588213,4.744e-06,16.3308,4007,0.00184849491135298,TRUE,""
ENSG00000184113,CLDN5,t2d,grey,-0.04355316497506,0.364292322660251,0.001319,35.0413,1947,0.00647216596326453,TRUE,""
ENSG00000184164,CRELD2,fbg,grey,-0.0129628174804208,0.196120745095134,0.0007649,77.3117,2144,0.00585386192238161,TRUE,""
ENSG00000184203,PPP1R2,cad,null,0.00704750534070231,0.907124205990156,0.0001155,7.9591,6339,0.00381000356210272,TRUE,""
ENSG00000184208,C22orf46,cad,grey,-0.33028069391872,0.444446702634924,7.983e-05,5.2911,4298,0.0111188726649382,TRUE,""
ENSG00000184220,CMSS1,t2d,grey,0.0343695468230172,0.206768926296321,0.001789,47.4836,3741,0.0109373172041563,TRUE,""
ENSG00000184221,OLIG1,t2d,grey,0.0401109122498581,0.149009774089831,0.0002278,73.5996,3355,0.00561081496800447,TRUE,""
ENSG00000184271,POU6F1,cad,null,0.00273259747073374,0.922905718287002,2.734e-06,35.7362,4386,0.00135761897313568,TRUE,""
ENSG00000184277,TM2D3,fbg,null,0.00416017725031748,0.883085590508198,0.003619,21.2806,1287,0.00404971800565062,TRUE,""
ENSG00000184293,CLECL1,fbg,null,-0.00123386525515602,0.900523550339774,0.002978,79.6529,2012,0.00723390338605115,TRUE,""
ENSG00000184350,MRGPRE,fbg,grey,-0.0173848932807577,0.49813992156856,1.615e-05,19.413,1757,0.00319870319409598,TRUE,""
ENSG00000184384,MAML2,fbg,grey,0.133926602410264,0.264685639371351,0.003394,7.7087,2125,0.011246379514147,TRUE,""
ENSG00000184445,KNTC1,fbg,grey,0.0312363115209653,0.462525949847147,0.004144,20.3524,822,0.00769810576130196,TRUE,""
ENSG00000184489,PTP4A3,cad,grey,-0.0745975792609626,0.251081168760486,6.576e-05,19.625,5772,0.00708623581447467,TRUE,""
ENSG00000184500,PROS1,t2d,grey,-0.0758130988589809,0.259463716493134,9.517e-08,16.6981,1409,0.000396743638618409,TRUE,""
ENSG00000184517,ZFP1,fbg,null,-0.00362986506387038,0.808451451773901,0.001167,50.1742,1510,0.0161404916796452,TRUE,""
ENSG00000184545,DUSP8,cad,grey,-0.101148904205653,0.444731596522484,0.0002549,11.0987,6470,0.00765122168982011,TRUE,""
ENSG00000184575,XPOT,cad,grey,-0.0697770747331432,0.37092777927468,0.0008048,12.382,4461,0.00398314540803613,TRUE,""
ENSG00000184584,TMEM173,fbg,null,-0.0204335686967778,0.530363658980336,0.001141,27.7814,926,0.0074850376243882,TRUE,""
ENSG00000184602,SNN,cad,null,-0.190815524963042,0.565917676519681,0.0003121,8.5105,8060,0.00731052933925279,TRUE,""
ENSG00000184669,OR7E14P,t2d,null,0.00998495625030048,0.638972569384193,2.089e-20,49.4038,3191,1.97819434916057e-16,TRUE,""
ENSG00000184719,RNLS,fbg,grey,-0.0224261181561721,0.458126425559177,0.001143,18.2555,2118,0.00486896782305114,TRUE,""
ENSG00000184838,PRR16,fbg,null,0.00855302467273912,0.858897500094722,0.0007668,15.6507,2207,0.0055375931441902,TRUE,""
ENSG00000184857,TMEM186,cad,grey,-0.301561697670215,0.147793765338126,0.0002623,6.4708,9688,0.00833319255624244,TRUE,""
ENSG00000184857,TMEM186,t2d,null,-0.0657952794916834,0.824140895741885,3.225e-07,6.4708,6402,0.00145117772329126,TRUE,""
ENSG00000184900,SUMO3,t2d,grey,0.231329698217364,0.0988714427605439,7.781e-07,18.0311,2535,0.00624367162230614,TRUE,""
ENSG00000184900,SUMO3,fbg,grey,-0.0460698975263395,0.392802835278636,0.0007375,18.0311,1761,0.00901295740678876,TRUE,""
ENSG00000184900,SUMO3,cad,null,-0.0558720033830075,0.568677698092648,2.504e-05,18.0311,6255,0.0041572335386258,TRUE,""
ENSG00000184922,FMNL1,cad,grey,0.126199047601932,0.350084072884968,0.0001836,7.982,2876,0.00301949769371695,TRUE,""
ENSG00000184939,ZFP90,fbg,null,0.00154043201920431,0.828819213786263,5.479e-06,102.4734,927,0.00372503667305417,TRUE,""
ENSG00000185015,CA13,t2d,grey,0.0950918712916341,0.0996934774056042,2.379e-05,25.2699,2233,0.0103702637958939,TRUE,""
ENSG00000185015,CA13,fbg,null,0.00633945808610894,0.785062868547559,0.003891,25.2699,979,0.00423087938579119,TRUE,""
ENSG00000185033,SEMA4B,fbg,grey,0.0313684476667646,0.18517115131359,0.0008607,30.0178,1712,0.0111519696340767,TRUE,""
ENSG00000185041,RP11-321E2.6,cad,grey,-0.202177800251507,0.0900914983292912,9.68e-06,7.2256,6214,0.00644392561256466,TRUE,""
ENSG00000185087,FAM169B,fbg,null,-0.0266317713727486,0.510193396248432,7.024e-05,17.9496,2309,0.00531416322360289,TRUE,""
ENSG00000185088,RPS27L,t2d,grey,-0.125529603087183,0.472135827584969,2.577e-10,12.2948,4258,1.19969018835758e-06,TRUE,""
ENSG00000185088,RPS27L,fbg,grey,-0.121200996084177,0.112987770277812,2.727e-07,12.2948,1938,0.00555202560733287,TRUE,""
ENSG00000185133,INPP5J,t2d,null,0.0320144770179397,0.957579336522843,9.169e-09,4.7353,3928,0.00104007223169812,TRUE,""
ENSG00000185168,LINC00482,fbg,grey,0.0273786640500733,0.265435219655808,5.288e-05,16.2746,1312,0.00931133726833651,TRUE,""
ENSG00000185201,IFITM2,cad,grey,-0.0685946435230477,0.0916866102495143,8.347e-06,22.669,3381,0.0100006939955722,TRUE,""
ENSG00000185271,KLHL33,t2d,grey,0.136764619547262,0.470590262820613,0.0004196,5.5373,2515,0.00489559884053097,TRUE,""
ENSG00000185271,KLHL33,fbg,null,-0.0359906893545426,0.639248343034235,0.001305,5.5373,1830,0.00431646632118942,TRUE,""
ENSG00000185305,ARL15,fbg,grey,-0.0332471048008759,0.402474929547394,0.0008602,19.1827,2328,0.00724869438549413,TRUE,""
ENSG00000185338,SOCS1,t2d,null,-0.0768400328475681,0.646360896588277,0.0002645,9.0178,4090,0.0042796878590664,TRUE,""
ENSG00000185339,TCN2,fbg,grey,-0.0183227850871972,0.179029242883863,0.0006238,49.5248,1494,0.00443280527322485,TRUE,""
ENSG00000185386,MAPK11,cad,null,-0.00787094790258054,0.955072524829377,0.0001068,6.9825,5149,0.00317426098848764,TRUE,""
ENSG00000185404,SP140L,cad,grey,0.0451034550785588,0.116083133738655,0.0001277,87.3113,6053,0.00372733063482871,TRUE,""
ENSG00000185432,METTL7A,fbg,null,-0.00630116376830833,0.707660466654552,0.0002794,33.8985,1193,0.00460742990026014,TRUE,""
ENSG00000185442,FAM174B,cad,null,0.0110052126082902,0.795927918181723,0.0009093,22.0514,7678,0.00272703230866545,TRUE,""
ENSG00000185475,TMEM179B,cad,grey,-0.105470048413903,0.164580351486275,0.0002434,13.839,4541,0.00689996761970614,TRUE,""
ENSG00000185480,PARPBP,t2d,grey,-0.154099737327365,0.417637746651113,0.0001983,8.6741,3495,0.00974638907115805,TRUE,""
ENSG00000185482,STAC3,t2d,null,-0.0661102480268329,0.595512889285081,0.001047,11.5566,2076,0.00448063845077983,TRUE,""
ENSG00000185483,ROR1,t2d,null,0.0453776910899127,0.841480581121794,5.007e-05,7.2973,3923,0.00311885208642281,TRUE,""
ENSG00000185513,L3MBTL1,t2d,grey,-0.160060945043209,0.430989228420108,2.148e-08,6.2992,3599,3.16762146447608e-05,TRUE,""
ENSG00000185585,OLFML2A,cad,grey,0.254459243086381,0.0589067186156619,0.0002433,7.2719,3978,0.0155469010012801,TRUE,""
ENSG00000185591,SP1,fbg,null,-0.0132995214242599,0.514941407043905,0.0008486,25.1436,1873,0.00625138907218076,TRUE,""
ENSG00000185596,WASH3P,cad,grey,0.0220656153562043,0.252239176189789,0.0008426,28.6888,2985,0.00637550429233825,TRUE,""
ENSG00000185608,MRPL40,fbg,null,-0.00970073229882469,0.844548777837679,0.0001662,18.3158,1708,0.00587167242581228,TRUE,""
ENSG00000185633,NDUFA4L2,fbg,null,-0.0273763134814933,0.8078169693465,0.0007165,5.5097,1043,0.00853428341068287,TRUE,""
ENSG00000185640,KRT79,fbg,grey,-0.0424449486155678,0.227862855875692,0.0008486,17.1356,2139,0.00866077897878809,TRUE,""
ENSG00000185664,PMEL,t2d,grey,0.17451423324886,0.266520525805011,0.0008094,9.979,2346,0.00878253782405593,TRUE,""
ENSG00000185670,ZBTB3,cad,null,0.0858940448420468,0.845952170860705,0.0002434,6.4771,4550,0.00796820820822405,TRUE,""
ENSG00000185792,NLRP9,t2d,grey,-0.356792291563046,0.223654644270267,0.001376,4.9223,1988,0.00676594302805113,TRUE,""
ENSG00000185811,IKZF1,cad,grey,0.0335691493406956,0.304577450342942,0.0001436,54.7517,5771,0.0067483151186226,TRUE,""
ENSG00000185862,EVI2B,fbg,null,-0.0243849461662197,0.564779052623049,0.006224,13.7761,1059,0.00571948913009868,TRUE,""
ENSG00000185880,TRIM69,t2d,grey,0.0885505359765341,0.139892765510505,0.0007789,37.1283,1974,0.0177019759192451,TRUE,""
ENSG00000185880,TRIM69,cad,null,0.00428470335370326,0.920344325445942,0.001267,37.1283,3566,0.00405305504375425,TRUE,""
ENSG00000185899,TAS2R60,t2d,grey,-0.0793450370167853,0.267104142255223,0.0007935,17.9447,2203,0.00716770351715225,TRUE,""
ENSG00000185899,TAS2R60,cad,grey,-0.0985273536582059,0.0596552087936773,0.0009483,17.9447,3159,0.0165406854705095,TRUE,""
ENSG00000185899,TAS2R60,fbg,grey,0.0340050158643365,0.278660494899244,0.002779,17.9447,1184,0.00786337831933303,TRUE,""
ENSG00000185920,PTCH1,t2d,null,-0.0371036498316932,0.536364018285471,2.604e-05,35.3051,3743,0.00573946396836502,TRUE,""
ENSG00000185946,RNPC3,t2d,grey,-0.213453806000815,0.263447609665502,0.000131,8.613,4227,0.00657374498178046,TRUE,""
ENSG00000185989,RASA3,cad,grey,-0.058906775889984,0.193057503035078,0.0001795,24.4934,2948,0.00675019861059465,TRUE,""
ENSG00000186010,NDUFA13,t2d,grey,-0.144492015377744,0.13766675807651,4.131e-12,15.04,2215,3.46789621914333e-08,TRUE,""
ENSG00000186010,NDUFA13,fbg,null,-0.00501708386728277,0.905237629455841,0.0007539,15.04,953,0.00488481100002347,TRUE,""
ENSG00000186020,ZNF529,cad,null,-0.00499645115628145,0.907124205990156,4e-05,24.9377,4285,0.0017592464759196,TRUE,""
ENSG00000186026,ZNF284,t2d,grey,0.119684292321518,0.435590430382112,0.0009212,12.4613,2499,0.00791082224782531,TRUE,""
ENSG00000186026,ZNF284,cad,null,0.037726570405696,0.723594799835612,2.135e-35,12.4613,5629,4.62327999662746e-31,TRUE,""
ENSG00000186047,DLEU7,cad,grey,-0.0906127323811295,0.386124674283814,0.0002025,10.2149,5055,0.00379475630782101,TRUE,""
ENSG00000186056,MATN1-AS1,t2d,null,-0.0171800668178514,0.901745388954132,0.0001701,7.6473,4024,0.00379011134780153,TRUE,""
ENSG00000186063,AIDA,fbg,grey,-0.44519940726989,0.488744120386507,0.001503,6.896,1105,0.105618767584932,TRUE,""
ENSG00000186063,AIDA,t2d,null,-0.274539634483099,0.621777079324282,0.0001163,6.896,1514,0.0105909350563666,TRUE,""
ENSG00000186081,KRT5,fbg,null,-0.00720851838396501,0.761866768188248,0.0002794,21.6019,2044,0.00576161312468043,TRUE,""
ENSG00000186106,ANKRD46,t2d,null,-0.0755486542443064,0.599137646373948,1.544e-05,9.66,2861,0.00262288462081029,TRUE,""
ENSG00000186106,ANKRD46,cad,null,-0.0147412008281574,0.888382767911091,0.0001533,9.66,4563,0.00251358314528511,TRUE,""
ENSG00000186115,CYP4F2,cad,null,0.0701745717919488,0.566419019946403,1.532e-05,9.7978,6569,0.00326153896640003,TRUE,""
ENSG00000186132,C2orf76,cad,grey,0.0579432703456917,0.156580407089635,0.0008335,14.0598,5342,0.00769616106252331,TRUE,""
ENSG00000186141,POLR3C,t2d,grey,-0.19588124838221,0.250143871274301,0.0006418,5.6088,316,0.00675528702711812,TRUE,""
ENSG00000186153,WWOX,t2d,grey,0.0948302404611672,0.113586011002459,7.553e-05,23.3401,7526,0.0118283539443593,TRUE,""
ENSG00000186162,CIDECP,cad,null,-0.0547473462585767,0.659446150240903,3.918e-05,8.0209,5965,0.00274374202492283,TRUE,""
ENSG00000186174,BCL9L,cad,null,-0.0422432483077356,0.809261146695181,2.875e-07,5.8605,4869,0.000176395358191038,TRUE,""
ENSG00000186184,POLR1D,fbg,null,-0.000457066557107642,0.975070165131246,5.129e-08,52.1386,2196,0.000129430908526367,TRUE,""
ENSG00000186188,FFAR4,cad,grey,0.0362031139479489,0.317310507862914,1.058e-06,26.1209,5765,0.000573811806708761,TRUE,""
ENSG00000186188,FFAR4,fbg,null,-0.00184083630243808,0.933586496294755,0.0007423,26.1209,1882,0.00427091424902579,TRUE,""
ENSG00000186205,MARC1,t2d,grey,-0.0706484374393897,0.339422335862052,0.0001901,38.157,3949,0.0121023858215008,TRUE,""
ENSG00000186265,BTLA,fbg,grey,-0.153794800183256,0.131357076458327,0.000353,9.064,2176,0.0202513731190513,TRUE,""
ENSG00000186272,ZNF17,t2d,null,-0.0466773931710383,0.767646670678346,0.0006306,9.8956,3447,0.00452523632766472,TRUE,""
ENSG00000186272,ZNF17,fbg,null,0.00897642176366121,0.892505031135259,0.001451,9.8956,1627,0.00445807081143877,TRUE,""
ENSG00000186318,BACE1,fbg,grey,-0.0141612941871597,0.49813992156856,0.0005425,26.3066,2371,0.00453299464824216,TRUE,""
ENSG00000186350,RXRA,fbg,grey,0.132059600112738,0.136392147794979,0.0001011,7.7193,2164,0.0156768218102254,TRUE,""
ENSG00000186354,C9orf47,cad,grey,0.154207302479219,0.206532441214479,6.041e-05,8.2954,5837,0.00382031077737206,TRUE,""
ENSG00000186399,GOLGA8R,cad,grey,0.0636410567062639,0.374809766196449,0.0005087,16.2335,3655,0.00550972771995007,TRUE,""
ENSG00000186407,CD300E,cad,null,-0.0155805337596382,0.701930313171014,5.543e-05,23.7596,5965,0.00352096425002256,TRUE,""
ENSG00000186409,CCDC30,t2d,grey,0.2471699933507,0.0589067186156619,2.469e-05,10.9587,3392,0.0202540261139647,TRUE,""
ENSG00000186468,RPS23,t2d,grey,0.0493749406232649,0.166170104682876,0.0007942,119.9,3381,0.0173962232503487,TRUE,""
ENSG00000186468,RPS23,cad,null,0.00502892913755476,0.844274735076052,0.0005573,119.9,5019,0.00289003904439299,TRUE,""
ENSG00000186480,INSIG1,t2d,grey,0.0490686643628138,0.0610107247477557,0.001192,56.8012,3050,0.0602209750916032,TRUE,""
ENSG00000186480,INSIG1,fbg,null,-0.00265236023582777,0.802587348634153,0.001768,56.8012,2248,0.0043808212442085,TRUE,""
ENSG00000186487,MYT1L,t2d,grey,-0.0952748095995485,0.161513318467542,0.000552,20.5472,4273,0.00999609859201064,TRUE,""
ENSG00000186496,ZNF396,cad,null,-0.00477117564549989,0.858274230547457,7.87e-05,37.125,4731,0.00200535930381323,TRUE,""
ENSG00000186501,TMEM222,cad,null,0.0705348762116813,0.698386084925716,1.852e-06,15.5354,3446,0.00178333238798885,TRUE,""
ENSG00000186532,SMYD4,t2d,null,-0.00816238423339642,0.887730533640355,0.0005755,26.0803,1719,0.00413681101652234,TRUE,""
ENSG00000186567,CEACAM19,fbg,null,-0.00669474951105762,0.87583596638341,6.372e-05,13.294,1418,0.00361954120538907,TRUE,""
ENSG00000186577,C6orf1,t2d,grey,0.303591274187795,0.179403930222965,1.01e-06,8.4116,3423,0.00192860545909293,TRUE,""
ENSG00000186594,MIR22HG,cad,grey,0.0172875510442015,0.421957219878855,4.112e-17,40.6045,6136,8.75368653428073e-13,TRUE,""
ENSG00000186638,KIF24,t2d,grey,0.130081020962009,0.476677546858551,1.36e-09,15.4875,2583,1.57025423736064e-06,TRUE,""
ENSG00000186654,PRR5,fbg,grey,-0.0464854964623229,0.303286223069842,0.002212,12.4141,2720,0.00660063412788183,TRUE,""
ENSG00000186665,C17orf58,cad,null,0.133663604998512,0.763819070228277,6.605e-07,5.1148,5049,0.00445651364262765,TRUE,""
ENSG00000186666,BCDIN3D,t2d,null,-0.10150919611374,0.852030333287899,3.342e-07,5.9842,2223,0.000817866968981861,TRUE,""
ENSG00000186687,LYRM7,t2d,null,0.037623833746966,0.817087559659947,0.003925,16.0459,2558,0.00720730746659595,TRUE,""
ENSG00000186765,FSCN2,cad,grey,0.155154323799794,0.264136875256031,7.151e-05,6.6587,6012,0.0109285399528582,TRUE,""
ENSG00000186792,HYAL3,fbg,grey,-0.0295697005422288,0.150038940526236,0.0001937,82.2807,828,0.0096664395941155,TRUE,""
ENSG00000186806,VSIG10L,t2d,null,-0.044532700746714,0.695572285478057,0.0001214,15.4622,3027,0.00570913486991419,TRUE,""
ENSG00000186812,ZNF397,t2d,grey,-0.507732772935673,0.082382895623028,0.01164,16.746,3133,0.0567329415724971,TRUE,""
ENSG00000186814,ZSCAN30,t2d,null,-0.0255434508007042,0.809937757315164,0.01164,10.7858,3142,0.00390782004762794,TRUE,""
ENSG00000186815,TPCN1,cad,null,-0.0446631303563774,0.730781595021254,1.127e-19,12.1575,5356,1.06812025224481e-15,TRUE,""
ENSG00000186827,TNFRSF4,cad,grey,0.0936201002738901,0.103267833634915,1.035e-05,23.818,2325,0.0133841088665227,TRUE,""
ENSG00000186834,HEXIM1,t2d,grey,0.23316188428999,0.101763504951258,0.0002575,8.945,1508,0.0131073042371121,TRUE,""
ENSG00000186854,TRABD2A,t2d,grey,0.112846577538248,0.226372497018036,0.0042,30.8912,3601,0.0196169013749114,TRUE,""
ENSG00000186908,ZDHHC17,t2d,grey,0.127131596780585,0.0561543240552473,6.855e-05,32.5626,4277,0.0313873765739023,TRUE,""
ENSG00000187037,GPR141,cad,null,0.0127291336939172,0.697358341877476,0.0001534,29.3467,6953,0.00257557939474302,TRUE,""
ENSG00000187049,TMEM216,cad,null,0.00168746333730111,0.98030114827788,4.149e-05,21.0581,4761,0.00285425522271009,TRUE,""
ENSG00000187051,RPS19BP1,cad,grey,0.164852576837847,0.412403041383546,3.664e-06,5.3805,4143,0.00271379891610286,TRUE,""
ENSG00000187051,RPS19BP1,fbg,null,-0.0263764122940555,0.808451451773901,0.0001325,5.3805,1269,0.00391526371039655,TRUE,""
ENSG00000187097,ENTPD5,cad,null,-0.0432119132524128,0.674075861571692,2.071e-09,18.1212,5168,1.57141235359898e-05,TRUE,""
ENSG00000187109,NAP1L1,t2d,null,-0.0168103374601423,0.713552924831084,6.855e-05,13.4549,3568,0.00373663164364641,TRUE,""
ENSG00000187135,VSTM2B,t2d,grey,0.289127244627215,0.235030456586428,2.139e-05,4.6106,4070,0.00489240751952203,TRUE,""
ENSG00000187135,VSTM2B,cad,grey,-0.243475574422918,0.167799088355472,7.3e-05,4.6106,6467,0.00595646515135444,TRUE,""
ENSG00000187135,VSTM2B,fbg,null,0.00304344468028648,0.974266251454282,0.0006328,4.6106,2117,0.00316050760634921,TRUE,""
ENSG00000187145,MRPS21,fbg,grey,-0.0178167227932336,0.0915072499234822,0.0002148,36.1969,607,0.0159568192722745,TRUE,""
ENSG00000187164,KIAA1598,fbg,grey,0.00605707469334123,0.409371590694505,0.003445,143.1194,2150,0.0109520206647502,TRUE,""
ENSG00000187193,MT1X,cad,null,-0.00614619660923311,0.7924288824046,1.194e-09,47.951,6326,2.94676491206789e-06,TRUE,""
ENSG00000187210,GCNT1,fbg,null,0.0106145577932722,0.738882680363527,0.002093,20.1106,2625,0.00452632860461736,TRUE,""
ENSG00000187231,SESTD1,t2d,grey,0.0578664136731307,0.176582909707466,0.0002032,63.1457,4391,0.0495406961429383,TRUE,""
ENSG00000187231,SESTD1,cad,grey,0.0277758785631027,0.355967119733731,0.0002296,63.1457,5869,0.00851976471039805,TRUE,""
ENSG00000187240,DYNC2H1,cad,null,-0.0671475226342593,0.617075077451974,1.115e-28,7,7020,1.17248742850925e-08,TRUE,""
ENSG00000187240,DYNC2H1,fbg,null,0.0324160454096424,0.671389024011197,0.002424,7,2608,0.00906855496423594,TRUE,""
ENSG00000187266,EPOR,cad,grey,-0.0696105600213861,0.104162558830439,1.931e-36,30.7412,4896,1.91771428047987e-32,TRUE,""
ENSG00000187391,MAGI2,cad,grey,-0.177629290183363,0.237869838089298,0.002264,7.0874,6644,0.00578230091517125,TRUE,""
ENSG00000187456,RDM1,t2d,grey,0.248918309648693,0.239406878796789,0.0002127,8.2958,2602,0.00933400437482367,TRUE,""
ENSG00000187498,COL4A1,fbg,grey,0.0560055935673975,0.161513318467542,7.05e-06,20.023,2373,0.0151399731734339,TRUE,""
ENSG00000187522,HSPA14,cad,null,0.0452798079377195,0.728940945890887,0.0002857,13.7339,7207,0.00461234183202501,TRUE,""
ENSG00000187546,AGMO,fbg,grey,-0.0358927388631315,0.288008758003942,1.975e-20,14.9308,2668,4.56102755104333e-17,TRUE,""
ENSG00000187555,USP7,t2d,grey,-0.40517218569376,0.276572896217917,3.225e-07,7.5863,6079,0.00305913291925263,TRUE,""
ENSG00000187556,NANOS3,cad,null,0.0838137459278517,0.643722802327308,3.849e-05,5.5882,4942,0.00413551487014758,TRUE,""
ENSG00000187605,TET3,t2d,grey,0.200965513780948,0.162236114404696,0.0006866,6.8916,2609,0.00969560607641236,TRUE,""
ENSG00000187621,TCL6,fbg,null,0.00875155907031205,0.886403006367064,0.0002344,14.6391,2676,0.00645726004312549,TRUE,""
ENSG00000187626,ZKSCAN4,fbg,grey,0.0340979838130358,0.307123411639191,0.00628,25.0572,1253,0.00998984713171661,TRUE,""
ENSG00000187688,TRPV2,cad,grey,0.0671716807112933,0.173176121354355,5.824e-05,20.8636,4082,0.00721752119384988,TRUE,""
ENSG00000187742,SECISBP2,t2d,grey,0.122994614789563,0.125653638015176,0.002227,31.6365,3505,0.0213171936795759,TRUE,""
ENSG00000187764,SEMA4D,cad,null,0.0173413220322471,0.512356753300256,6.041e-05,39.0051,5817,0.00219880643981768,TRUE,""
ENSG00000187775,DNAH17,cad,null,0.0128832043280387,0.926453576888167,3.156e-05,7.2912,7471,0.00285350880415932,TRUE,""
ENSG00000187800,PEAR1,fbg,null,0.00799828345689724,0.865158523562643,0.001098,18.2792,1775,0.00632638857349796,TRUE,""
ENSG00000187801,ZFP69B,cad,null,0.0900657605144537,0.699522655082611,2.56e-05,7.6106,5517,0.00415723027269308,TRUE,""
ENSG00000187837,HIST1H1C,fbg,grey,-0.0496985481787245,0.0915072499234822,0.0003799,19.3403,2181,0.0156768142099422,TRUE,""
ENSG00000187838,PLSCR3,fbg,null,0.0109610498227447,0.509837393048038,0.001727,38.2672,1406,0.00634725163377893,TRUE,""
ENSG00000187862,TTC24,t2d,null,-0.0287595861597146,0.617075077451974,0.0001772,24.5728,2900,0.00429354495887381,TRUE,""
ENSG00000187866,FAM122A,fbg,null,0.0219907256689989,0.826844797716898,0.001017,5.602,1463,0.00419525574158828,TRUE,""
ENSG00000187950,OVCH1,t2d,null,-0.0131878919226471,0.950164661941506,0.006766,8.4459,5876,0.00534544047703571,TRUE,""
ENSG00000187984,ANKRD19P,fbg,grey,0.0471587658768908,0.0915072499234822,0.009316,18.1709,1783,0.015901817555278,TRUE,""
ENSG00000187990,HIST1H2BG,cad,grey,0.051628938855901,0.374062797490883,3.212e-06,38.8729,6019,0.00300103649273822,TRUE,""
ENSG00000188002,RP11-43F13.1,fbg,grey,0.0133560369932663,0.130149271197461,0.001503,46.4476,2152,0.0165406461875958,TRUE,""
ENSG00000188026,RILPL1,cad,null,0.0271036976579384,0.772786170857627,7.427e-07,24.3687,4943,0.00166253089656977,TRUE,""
ENSG00000188037,CLCN1,fbg,grey,0.0278045409818302,0.052684253378283,0.002478,42.3442,1153,0.016987894486428,TRUE,""
ENSG00000188039,NWD1,cad,null,-0.0397153644723021,0.742817152223402,1.438e-13,6.1179,6284,9.72670770977821e-06,TRUE,""
ENSG00000188042,ARL4C,fbg,null,0.0156890067826204,0.536808016981021,0.001054,23.8256,2926,0.00468610637730441,TRUE,""
ENSG00000188056,TREML4,t2d,grey,-0.0124170486750198,0.307333408792036,2.625e-07,126.4994,3657,0.00106839182120896,TRUE,""
ENSG00000188076,SCGB1C1,t2d,null,0.00956593131654958,0.733536093959496,0.004104,30.4193,773,0.00487738160682369,TRUE,""
ENSG00000188092,GPR89B,cad,grey,0.0634745670025135,0.419267732920394,6.933e-05,7.305,3217,0.004847571992038,TRUE,""
ENSG00000188130,MAPK12,cad,null,-0.114666570173912,0.566123119370813,0.0001068,4.6851,5230,0.00511184585550491,TRUE,""
ENSG00000188171,ZNF626,t2d,grey,0.0405066686815781,0.124394878470488,0.0002041,50.1033,4529,0.0130551111845803,TRUE,""
ENSG00000188186,LAMTOR4,cad,grey,-0.0464775546927184,0.155301459227123,1.698e-06,27.9334,3541,0.00129333504888279,TRUE,""
ENSG00000188211,NCR3LG1,cad,null,-0.0450601520437705,0.563179729625262,6.174e-08,12.4199,4880,1.6977080618746e-05,TRUE,""
ENSG00000188215,DCUN1D3,cad,null,0.0188495958670211,0.819591685650043,1.736e-05,7.3946,3908,0.0016610113847085,TRUE,""
ENSG00000188234,AGAP4,t2d,null,0.000773246445367994,0.95910077028586,0.001591,41.4518,1631,0.0037638167175811,TRUE,""
ENSG00000188234,AGAP4,cad,null,0.000773246445367994,0.943056670967043,0.002464,41.4518,2440,0.00271694320223574,TRUE,""
ENSG00000188234,AGAP4,fbg,null,-0.000773246445367994,0.900523550339774,0.004023,41.4518,741,0.00394181030231466,TRUE,""
ENSG00000188243,COMMD6,fbg,grey,0.0539220266576741,0.295324879212805,0.0003788,14.8278,2412,0.00966963637784101,TRUE,""
ENSG00000188266,AGPHD1,t2d,grey,-0.158452169934078,0.479369457910652,2.746e-16,5.9469,3945,1.28961937369038e-05,TRUE,""
ENSG00000188305,C19orf35,cad,grey,0.0325220347746611,0.212553247537617,6.73e-06,44.7297,5531,0.0149067592470231,TRUE,""
ENSG00000188375,H3F3C,t2d,grey,-0.0611783039344596,0.426565823540547,1.499e-05,25.7579,4974,0.00636049208382204,TRUE,""
ENSG00000188385,JAKMIP3,t2d,null,0.0737202919117107,0.631820065704664,0.001504,14.1638,3220,0.00754668650876624,TRUE,""
ENSG00000188428,BLOC1S5,fbg,null,0.00650705244426696,0.778518657215875,4.332e-06,22.116,2458,0.00288609574191178,TRUE,""
ENSG00000188549,C15orf52,cad,grey,-0.0361079607857916,0.388649568058315,4.326e-07,16.5376,4743,0.00020826713881412,TRUE,""
ENSG00000188573,FBLL1,cad,null,0.0126739859282159,0.769267377333356,0.0001875,24.1899,6006,0.00326261871576302,TRUE,""
ENSG00000188599,NPIPP1,fbg,grey,0.0164369489135519,0.0870606034173402,0.01645,34.748,861,0.0236040351704418,TRUE,""
ENSG00000188603,CLN3,cad,null,-0.0244624148525333,0.51688913507259,0.0002338,23.245,2943,0.00278530257047213,TRUE,""
ENSG00000188636,LDOC1L,t2d,null,-0.0164626815056879,0.642706835862847,3.358e-10,73.378,3778,2.20694448369873e-06,TRUE,""
ENSG00000188641,DPYD,fbg,null,-0.00256712797434022,0.895317338291782,6.129e-05,31.7027,1581,0.0046017297592249,TRUE,""
ENSG00000188647,PTAR1,t2d,grey,0.157176720585303,0.0689551586100704,0.001527,28.7547,4008,0.0391638330155218,TRUE,""
ENSG00000188647,PTAR1,cad,null,0.0136455673820038,0.817494086363381,0.0002659,28.7547,5601,0.00540611184199245,TRUE,""
ENSG00000188647,PTAR1,fbg,null,-0.00404313107614927,0.902046185045065,0.001017,28.7547,2127,0.00756564840401805,TRUE,""
ENSG00000188649,CC2D2B,cad,null,0.0293660781757689,0.755348940471261,0.0001583,24.7211,5653,0.0055959070218859,TRUE,""
ENSG00000188659,FAM154B,t2d,null,-0.0228715721847527,0.662911145572604,0.0001616,35.6213,1998,0.00982192973538495,TRUE,""
ENSG00000188676,IDO2,cad,grey,-0.111704913101692,0.195975282680321,0.000509,10.3763,5909,0.00668359572920372,TRUE,""
ENSG00000188676,IDO2,t2d,null,0.0372349710338974,0.757593887004886,0.002191,10.3763,4296,0.00431457240968898,TRUE,""
ENSG00000188707,C7orf29,fbg,grey,-0.0098896244288271,0.498741913600147,0.0002164,50.0526,1422,0.00699185866058247,TRUE,""
ENSG00000188725,SMIM15,t2d,null,0.120655254715251,0.594971496951515,0.00492,5.5432,3112,0.00628979015142003,TRUE,""
ENSG00000188846,RPL14,cad,grey,0.0218845254550429,0.423710797166793,0.0007777,33.8669,4588,0.00372319893254962,TRUE,""
ENSG00000188878,FBF1,t2d,grey,0.089910848582557,0.419534609348899,0.0005387,7.1421,2599,0.00539119879775928,TRUE,""
ENSG00000188897,CTD-3088G3.8,fbg,null,0.015538663475214,0.693625785030416,0.004219,12.6557,2046,0.00410420867224554,TRUE,""
ENSG00000188906,LRRK2,cad,grey,-0.0429133554958971,0.0658731731272365,0.0006247,39.2571,5998,0.00885279371669964,TRUE,""
ENSG00000188933,USP32P1,cad,grey,0.148755691589008,0.147449843502701,9.507e-10,7.7254,4279,0.0043314981450873,TRUE,""
ENSG00000189043,NDUFA4,t2d,grey,-0.194141428396351,0.348501423761085,0.0001076,6.8622,6372,0.00542417439987916,TRUE,""
ENSG00000189067,LITAF,fbg,grey,-0.148559113418222,0.275312886521962,0.004219,14.0355,2298,0.0229222796499362,TRUE,""
ENSG00000189077,TMEM120A,cad,null,0.0341396792546349,0.655636292192115,0.002977,17.1729,3248,0.00391387922683056,TRUE,""
ENSG00000189091,SF3B3,cad,null,0.0216958596086732,0.623265147627004,3.621e-07,22.9714,2825,0.000166292185397266,TRUE,""
ENSG00000189114,BLOC1S3,cad,null,-0.0517603620888969,0.63316792885669,2.135e-35,14.3683,5698,2.86176969537343e-31,TRUE,""
ENSG00000189134,NKAPL,t2d,grey,-0.572720400600176,0.0688277337986849,0.002136,6.5651,2426,0.0315911422435425,TRUE,""
ENSG00000189143,CLDN4,cad,grey,-0.110148968565438,0.125707617716504,0.0003535,9.6121,2579,0.00536170234647391,TRUE,""
ENSG00000189171,S100A13,t2d,null,-0.0181148641073821,0.541126024471668,1.713e-06,40.9652,2942,0.0018470910973915,TRUE,""
ENSG00000189180,ZNF33A,t2d,grey,0.383571411990723,0.159222200583359,0.003254,8.113,2842,0.00985388135165577,TRUE,""
ENSG00000189180,ZNF33A,fbg,null,0.0272482423818547,0.809756060860832,0.01411,8.113,1005,0.00742843450933244,TRUE,""
ENSG00000189182,KRT77,t2d,null,0.00357661159072393,0.964745862834608,2.338e-05,38.6292,3854,0.00631553197792564,TRUE,""
ENSG00000189283,FHIT,fbg,grey,-0.0620127784082061,0.122009984772333,2.77e-05,42.2255,2946,0.0325821618787032,TRUE,""
ENSG00000189306,RRP7A,cad,null,-0.00516222534144784,0.826511328276404,1.721e-06,71.5279,5926,0.00317897575162225,TRUE,""
ENSG00000189306,RRP7A,fbg,null,0.000967917251521469,0.943056670967043,6.316e-05,71.5279,1737,0.0223162175835148,TRUE,""
ENSG00000189403,HMGB1,t2d,grey,-0.288900778619543,0.0795871742256823,3.627e-05,7.8463,4253,0.0167802146965312,TRUE,""
ENSG00000189419,RP11-168G16.1,t2d,grey,-0.148168439542543,0.281949901640982,0.004395,8.1174,4352,0.0065179702896166,TRUE,""
ENSG00000189430,NCR1,cad,grey,0.0846975449253354,0.482995690247368,1.291e-05,9.8775,6319,0.00318273595278258,TRUE,""
ENSG00000196092,PAX5,cad,grey,-0.191388778374413,0.371933680494178,0.000209,4.6417,5200,0.00419608023754561,TRUE,""
ENSG00000196141,SPATS2L,cad,null,0.00808719041336763,0.860735015234121,5.987e-05,21.9677,4183,0.00177578265372912,TRUE,""
ENSG00000196152,ZNF79,fbg,grey,0.00950298133098033,0.458126425559177,0.00318,43.0238,1349,0.00520538944579777,TRUE,""
ENSG00000196159,FAT4,fbg,grey,0.0576769404825973,0.475050524053953,0.004769,7.6631,1950,0.00544535402671942,TRUE,""
ENSG00000196182,STK40,fbg,grey,0.0738415082549306,0.393691925690234,0.0008783,6.967,1231,0.00629192459880755,TRUE,""
ENSG00000196188,CTSE,cad,null,0.0284762884570118,0.52893693322248,0.00216,10.5058,3664,0.00465154493075659,TRUE,""
ENSG00000196193,AC034229.1,fbg,null,-0.0229366588396357,0.617075077451974,0.002262,6.2066,2639,0.00765879050414448,TRUE,""
ENSG00000196199,MPHOSPH8,fbg,null,-0.0188735015507076,0.608076879465923,0.003586,18.7112,1785,0.00527577267145423,TRUE,""
ENSG00000196208,GREB1,t2d,grey,-0.349799660197565,0.222112436538958,0.0001428,5.265,4054,0.022986295416958,TRUE,""
ENSG00000196220,SRGAP3,cad,grey,0.078654087018222,0.359317338329571,0.0004763,12.4048,6013,0.00499416784941772,TRUE,""
ENSG00000196236,XPNPEP3,cad,null,-0.0194036977492489,0.738882680363527,4.396e-08,17.3845,3477,0.000242592800443446,TRUE,""
ENSG00000196262,PPIA,fbg,grey,-0.0273208974913549,0.282374728330258,3.509e-53,27.8449,1441,1.46105250371262e-48,TRUE,""
ENSG00000196263,ZNF471,fbg,grey,0.0269304401417106,0.277605418363564,0.001451,25.1007,1867,0.00734231415741219,TRUE,""
ENSG00000196296,ATP2A1,fbg,grey,0.0419220183810092,0.416504786576218,0.002072,11.0022,592,0.00583614799659707,TRUE,""
ENSG00000196323,ZBTB44,t2d,grey,0.599144586361184,0.142743974330811,0.000598,5.6999,3420,0.0157646984201034,TRUE,""
ENSG00000196323,ZBTB44,fbg,null,-0.0218438130444182,0.894924596681529,0.0002601,5.6999,2158,0.0156616603253039,TRUE,""
ENSG00000196331,HIST1H2BO,fbg,grey,-0.165748987854251,0.0552802925860208,0.0002114,7.41,1434,0.0247826585808977,TRUE,""
ENSG00000196352,CD55,t2d,null,-0.00614985562506139,0.729583958726504,1.213e-07,98.3057,3032,0.000526488211236092,TRUE,""
ENSG00000196353,CPNE4,fbg,null,0.0322476090803089,0.627783826989789,3.687e-05,8.6125,1974,0.00345502553638634,TRUE,""
ENSG00000196378,ZNF34,fbg,null,-0.00179459950263077,0.922905718287002,0.02063,29.5609,388,0.00375942392474102,TRUE,""
ENSG00000196381,ZNF781,t2d,null,0.0196144055396194,0.759511416075572,0.001544,18.2657,3140,0.00498193359987962,TRUE,""
ENSG00000196417,ZNF765,cad,null,0.0115662404524038,0.905557350848683,4.138e-05,6.9607,7328,0.00375056456389089,TRUE,""
ENSG00000196466,ZNF799,cad,grey,-0.191764664495478,0.196250609103058,4.091e-08,6.4708,4653,0.000479342234793631,TRUE,""
ENSG00000196470,SIAH1,t2d,grey,-0.104428109371618,0.276326966118891,2.716e-05,14.6093,2380,0.00547134436108134,TRUE,""
ENSG00000196476,C20orf96,t2d,grey,0.0316602871187502,0.447557298702989,0.0006886,33.527,1693,0.00508744895286245,TRUE,""
ENSG00000196476,C20orf96,cad,grey,-0.0459074163221877,0.133614402537716,0.0008998,33.527,4221,0.00836184412576123,TRUE,""
ENSG00000196497,IPO4,cad,grey,-0.115482500311225,0.241915356714959,0.0002795,11.3758,5584,0.00838638095320437,TRUE,""
ENSG00000196497,IPO4,fbg,null,0.00524920455960115,0.926227228722227,0.005151,11.3758,2081,0.00644076075655556,TRUE,""
ENSG00000196504,PRPF40A,fbg,null,0.0125273792934425,0.761866768188248,0.002654,13.2192,1996,0.00417561411745793,TRUE,""
ENSG00000196505,GDAP2,cad,null,0.133478971199754,0.680885261099467,6.759e-05,11.9011,5287,0.0116535146605364,TRUE,""
ENSG00000196510,ANAPC7,t2d,grey,0.200732909810602,0.0579463075174187,0.0003157,11.7909,2380,0.0185017576467499,TRUE,""
ENSG00000196511,TPK1,fbg,null,0.00423485007204157,0.738882680363527,0.01246,57.3202,1612,0.00443565713793813,TRUE,""
ENSG00000196526,AFAP1,fbg,grey,-0.011917873797751,0.0690363479944153,0.000309,131.4109,2331,0.00399050949045688,TRUE,""
ENSG00000196547,MAN2A2,cad,grey,0.0798006478198657,0.177557216071333,9.86e-27,26.7667,5662,3.11557077256001e-22,TRUE,""
ENSG00000196562,SULF2,t2d,grey,0.0582309447782109,0.0673179364432696,1.929e-09,64.1614,3840,5.28166757555558e-06,TRUE,""
ENSG00000196565,HBG2,t2d,grey,-0.0274156999678477,0.198542793686662,0.001326,38.4676,6561,0.0102245958833317,TRUE,""
ENSG00000196565,HBG2,fbg,grey,0.00609237777063283,0.480261302753423,0.002421,38.4676,3670,0.0044356770986804,TRUE,""
ENSG00000196569,LAMA2,cad,grey,0.0991764662819685,0.242205653654004,0.0001103,12.3834,5559,0.00483137924827666,TRUE,""
ENSG00000196569,LAMA2,fbg,null,0.00718670045521511,0.879569359634668,0.0002292,12.3834,2185,0.00383736655697347,TRUE,""
ENSG00000196584,XRCC2,fbg,null,0.0116957592410579,0.685179538328076,0.0003701,22.4169,1697,0.00457443029352157,TRUE,""
ENSG00000196605,ZNF846,fbg,grey,0.0518166297315627,0.304742757088453,0.001457,11.5161,1204,0.00795921721682711,TRUE,""
ENSG00000196611,MMP1,t2d,grey,0.143598724380449,0.213535471603718,0.001701,12.6206,5026,0.0103642522559423,TRUE,""
ENSG00000196648,GOLGA6L9,fbg,grey,-0.0112968789861997,0.49813992156856,0.008639,12.0012,864,0.00480941539240521,TRUE,""
ENSG00000196652,ZKSCAN5,cad,grey,0.0681507102718113,0.215855599312234,1.698e-06,31.1269,3917,0.00176399584809579,TRUE,""
ENSG00000196653,ZNF502,cad,grey,-0.0161935224418811,0.331972101198306,1.05e-05,86.5208,5153,0.0371603711888023,TRUE,""
ENSG00000196655,TRAPPC4,t2d,grey,0.0206878096041755,0.205528317513702,0.0001065,102.8311,3188,0.0125542148900699,TRUE,""
ENSG00000196659,TTC30B,cad,grey,0.148267411155488,0.342433943038893,0.0002296,7.7908,5777,0.00650459228616961,TRUE,""
ENSG00000196663,TECPR2,fbg,null,-0.128030441488575,0.524539436435313,0.0003881,9.4609,1247,0.0138278482985096,TRUE,""
ENSG00000196668,LINC00173,cad,grey,0.0681094881756992,0.481812842354615,0.0002321,18.1297,5829,0.00611413010852624,TRUE,""
ENSG00000196670,ZFP62,cad,grey,0.0307715600780497,0.435737195806964,0.0003857,22.1497,4762,0.00418260583363712,TRUE,""
ENSG00000196678,ERI2,fbg,grey,-0.0873631282391808,0.137583964946946,0.009007,9.0779,1187,0.0119520989898003,TRUE,""
ENSG00000196689,TRPV1,t2d,null,0.087378099928477,0.604987669676503,4.411e-14,8.972,2456,4.50202619657137e-10,TRUE,""
ENSG00000196704,AMZ2,t2d,null,0.00213036260869817,0.942371793878732,3.831e-07,26.9892,2813,0.000166806514755391,TRUE,""
ENSG00000196715,VKORC1L1,fbg,null,-0.00136848076187843,0.922905718287002,0.009589,43.7782,816,0.00509958346236997,TRUE,""
ENSG00000196724,ZNF418,t2d,grey,-0.0456807664364502,0.494965553780772,0.0006306,40.1343,2752,0.00763676760153942,TRUE,""
ENSG00000196730,DAPK1,cad,grey,0.0123719174385529,0.317310507862914,6.041e-05,88.0458,6137,0.00260823976641708,TRUE,""
ENSG00000196730,DAPK1,fbg,null,-0.00206198623975882,0.920344325445942,0.0001835,88.0458,2317,0.00627401656549798,TRUE,""
ENSG00000196743,GM2A,cad,grey,-0.0178340422202587,0.123688697568071,0.0003458,109.9907,5855,0.0141170445227226,TRUE,""
ENSG00000196787,HIST1H2AG,cad,grey,0.510948319080904,0.216044984907641,0.0001327,7.3564,5424,0.0173174442363213,TRUE,""
ENSG00000196793,ZNF239,cad,null,0.017005536230464,0.52932793778425,3.504e-24,40.822,7412,1.56276020937785e-20,TRUE,""
ENSG00000196810,CTBP1-AS1,cad,null,0.0102359747308808,0.812433265726068,8.678e-05,21.6001,5579,0.00278481884623987,TRUE,""
ENSG00000196812,ZSCAN16,t2d,grey,0.120936361203187,0.259233298673899,0.001543,19.4284,2634,0.0104100180539501,TRUE,""
ENSG00000196814,MVB12B,fbg,null,-0.00131236572603506,0.871864744932721,0.0009504,61.0633,1689,0.00378542347048402,TRUE,""
ENSG00000196839,ADA,t2d,grey,0.0291907256981638,0.351430496651043,2.148e-08,33.5486,3479,4.97332386316457e-05,TRUE,""
ENSG00000196843,ARID5A,fbg,null,0.0101510869596559,0.65672128656377,0.01572,27.9612,451,0.00489905994761699,TRUE,""
ENSG00000196850,PPTC7,t2d,null,-0.0906819019712702,0.509837393048038,0.0003157,16.2818,1953,0.00775739430363208,TRUE,""
ENSG00000196878,LAMB3,t2d,grey,-0.130143038620956,0.312295706132238,7.866e-06,12.6744,3834,0.00591049748795122,TRUE,""
ENSG00000196911,KPNA5,fbg,null,-0.0543360264948985,0.590258451314772,0.001034,13.7334,1997,0.0106502685739144,TRUE,""
ENSG00000196914,ARHGEF12,fbg,null,-0.0353287473493376,0.718016387438887,8.915e-05,6.5497,2064,0.00540816436487526,TRUE,""
ENSG00000196917,HCAR1,t2d,null,0.00649039404602963,0.91042696974349,2.075e-09,22.0776,2619,1.08020241853395e-05,TRUE,""
ENSG00000196927,AC009093.1,t2d,null,0.00725741704111812,0.888659990388187,1.426e-06,14.3089,515,0.000831435027332611,TRUE,""
ENSG00000196951,RP11-425I13.3,t2d,null,-0.00196885075163866,0.988352463924111,2.613e-05,7.5349,3178,0.0049291029514109,TRUE,""
ENSG00000196975,ANXA4,fbg,null,-0.0107592172036737,0.51108906411744,0.0006826,37.1911,1905,0.00523973276900951,TRUE,""
ENSG00000197013,ZNF429,fbg,grey,0.0106073248966205,0.259233298673899,0.001598,64.8374,1448,0.00750115013635865,TRUE,""
ENSG00000197020,ZNF100,t2d,grey,-0.0295203581621431,0.204693449114837,0.001229,66.3049,5279,0.00867995494508564,TRUE,""
ENSG00000197037,ZSCAN25,fbg,null,0.0624631557655282,0.561914617797129,0.01989,13.8026,874,0.0153346293034417,TRUE,""
ENSG00000197045,GMFB,fbg,grey,0.0929384509222499,0.20918343139104,0.0004523,10.288,1739,0.0111759454248903,TRUE,""
ENSG00000197045,GMFB,t2d,null,0.079169791526361,0.664315843967284,0.0005687,10.288,3047,0.00536326724926728,TRUE,""
ENSG00000197093,GAL3ST4,t2d,grey,-0.107196857194656,0.0648698702799592,2.337e-07,27.8959,2124,0.00340261564227753,TRUE,""
ENSG00000197121,PGAP1,t2d,null,-0.0377978465236954,0.749752661315172,0.0003663,11.687,2876,0.00478944300959203,TRUE,""
ENSG00000197124,ZNF682,t2d,grey,0.234232513638432,0.0738996693296293,4.131e-12,12.7666,3697,7.38248994553869e-08,TRUE,""
ENSG00000197124,ZNF682,cad,null,-0.0139424115260971,0.88135342328068,3.179e-07,12.7666,6060,0.000574961397674245,TRUE,""
ENSG00000197128,ZNF772,t2d,grey,-0.0199933303992395,0.470952440870632,0.0006306,50.4826,3468,0.00540138276835541,TRUE,""
ENSG00000197134,ZNF257,t2d,grey,-0.0642700005925428,0.31171599740689,0.001229,22.0805,4773,0.00642463384620651,TRUE,""
ENSG00000197136,PCNXL3,t2d,null,-0.0319626823101808,0.666919425572451,1.634e-07,17.2119,2060,0.000179849368383201,TRUE,""
ENSG00000197146,AL133458.1,t2d,grey,-0.00569832942006897,0.464920120624581,0.0006813,102.5808,3905,0.00485137080759187,TRUE,""
ENSG00000197157,SND1,t2d,grey,-0.0956449492316934,0.177389260175536,0.0007483,21.4758,3393,0.00977090743529491,TRUE,""
ENSG00000197217,ENTPD4,fbg,null,0.00467277452550337,0.802587348634153,0.0007443,34.2837,2019,0.00441917031537986,TRUE,""
ENSG00000197223,C1D,fbg,grey,-0.0204515409538611,0.235603931976013,0.003092,19.9823,2658,0.0103958470048333,TRUE,""
ENSG00000197253,TPSB2,cad,grey,-0.0110550525204638,0.357910002895183,1.83e-07,40.9794,6146,0.000638005480500371,TRUE,""
ENSG00000197323,TRIM33,cad,null,0.00935698762028927,0.933586496294755,4.159e-10,13.2908,5089,3.93782512812897e-06,TRUE,""
ENSG00000197324,LRP10,cad,grey,-0.0588193629600326,0.23820423879927,0.0001667,27.7906,6363,0.00627098354039834,TRUE,""
ENSG00000197329,PELI1,fbg,grey,0.034853319598432,0.255804407976616,0.006967,25.4888,1592,0.0103901127888527,TRUE,""
ENSG00000197381,ADARB1,t2d,null,-0.0353210710151075,0.557232907570128,7.781e-07,27.2115,2706,0.00146209201938438,TRUE,""
ENSG00000197442,MAP3K5,cad,grey,0.0171870850174406,0.334588749819927,0.001752,41.408,4367,0.00312775454565035,TRUE,""
ENSG00000197467,COL13A1,cad,null,0.0465979745713314,0.604987669676503,0.0007871,11.3988,7285,0.00293810212214195,TRUE,""
ENSG00000197496,SLC2A10,t2d,null,-0.386106028401101,0.507380928284211,1.929e-09,5.1752,3107,0.000407304597128273,TRUE,""
ENSG00000197498,RPF2,t2d,grey,-0.0636150434775377,0.0902885535999874,0.0001294,46.5853,3701,0.0132619702245229,TRUE,""
ENSG00000197535,MYO5A,cad,grey,-0.0866241890939631,0.105571888006339,1.106e-05,25.2731,5506,0.0106465279844513,TRUE,""
ENSG00000197548,ATG7,cad,grey,0.0321263952907203,0.482241043015876,6.434e-06,28.8112,5766,0.00190619440694107,TRUE,""
ENSG00000197555,SIPA1L1,t2d,grey,0.174667509375217,0.138603200410297,0.0004699,11.5914,3951,0.0109042534630678,TRUE,""
ENSG00000197557,TTC30A,fbg,null,0.0117901957047231,0.92968966605199,0.0003023,8.6538,2206,0.00752756972593383,TRUE,""
ENSG00000197558,SSPO,cad,grey,0.0548523523156789,0.0533061542229773,0.0002817,44.9902,5075,0.00503431469269387,TRUE,""
ENSG00000197566,ZNF624,t2d,null,-0.0529749019302993,0.611408098966448,6.771e-06,21.0959,2545,0.00344110399572465,TRUE,""
ENSG00000197594,ENPP1,t2d,grey,-0.149086728211607,0.497409451259859,2.427e-08,6.7963,4167,6.34703262017561e-05,TRUE,""
ENSG00000197604,AC022532.1,fbg,grey,0.018662934531308,0.122865441229318,0.0005736,19.7878,2711,0.0136581321642946,TRUE,""
ENSG00000197604,AC022532.1,cad,null,-0.00138243959491171,0.950930384556175,2.088e-05,19.7878,7593,0.00273949756310646,TRUE,""
ENSG00000197608,ZNF841,t2d,null,0.0304157435622491,0.831640199877087,0.0001214,12.8655,3304,0.00592113634734562,TRUE,""
ENSG00000197646,PDCD1LG2,fbg,grey,0.0324497697141288,0.0918508439618683,0.001593,21.7143,2132,0.017086783907148,TRUE,""
ENSG00000197694,SPTAN1,t2d,grey,0.277879458632998,0.436200085658528,6.104e-05,6.4313,1761,0.00539870069005109,TRUE,""
ENSG00000197694,SPTAN1,fbg,grey,0.14166403773447,0.288587892348957,0.004001,6.4313,1384,0.00998913301268617,TRUE,""
ENSG00000197697,HIST1H2BE,cad,grey,-0.254381741152833,0.20854522523803,3.212e-06,5.0996,5974,0.00432233657156068,TRUE,""
ENSG00000197701,ZNF595,cad,null,0.0446175919932285,0.563179729625262,8.678e-05,14.6701,3114,0.0032432138377098,TRUE,""
ENSG00000197705,KLHL14,t2d,null,0.0663121602214126,0.814544125581979,0.002936,5.0969,3191,0.0036858627307855,TRUE,""
ENSG00000197714,ZNF460,t2d,null,0.0486313783060153,0.559038899322727,0.0006306,18.9333,3362,0.00502156459870257,TRUE,""
ENSG00000197721,CR1L,fbg,null,-0.0164571328038414,0.51371680889053,0.002234,18.6383,1934,0.00924846355463544,TRUE,""
ENSG00000197723,HSPB9,fbg,null,-0.0134229104260916,0.841480581121794,0.001126,6.5318,1040,0.00494656886317709,TRUE,""
ENSG00000197728,RPS26,fbg,grey,-0.0218820129197072,0.104162558830439,0.0007165,40.5133,1098,0.0116511307513698,TRUE,""
ENSG00000197747,S100A10,cad,null,-0.047481565602699,0.524539436435313,2.85e-11,23.4909,3815,1.04201964223811e-07,TRUE,""
ENSG00000197776,KLHDC1,fbg,grey,0.0664618141018998,0.377585975474249,0.004693,7.9921,1548,0.00667513010828413,TRUE,""
ENSG00000197816,C9orf174,cad,null,0.0123718164640309,0.85209919520661,0.0003393,14.2181,4097,0.00268961854474793,TRUE,""
ENSG00000197841,ZNF181,fbg,null,0.00539380113674977,0.693625785030416,0.008024,39.3248,1507,0.0042653739230727,TRUE,""
ENSG00000197885,NKIRAS1,fbg,null,0.00262084603265751,0.950164661941506,0.0008078,13.5834,2037,0.00386548559858412,TRUE,""
ENSG00000197894,ADH5,fbg,grey,0.0539321829350228,0.220042508648351,0.01068,21.4139,1795,0.0133352291164516,TRUE,""
ENSG00000197930,ERO1L,fbg,grey,-0.0167888007239655,0.317310507862914,0.0005409,73.207,2181,0.00704585249640415,TRUE,""
ENSG00000197937,ZNF347,t2d,grey,-0.0654210859612191,0.486978879232671,0.0007826,15.4801,2269,0.00498145807226872,TRUE,""
ENSG00000197937,ZNF347,fbg,null,-0.00918190680157462,0.808451451773901,0.001442,15.4801,1825,0.00375029852634259,TRUE,""
ENSG00000197948,FCHSD1,t2d,null,0.0514093406950332,0.629555244773719,2.81e-05,13.9912,3556,0.00384959707450129,TRUE,""
ENSG00000197951,ZNF71,fbg,null,-0.00850674953591698,0.813980460416918,0.001451,16.6379,1871,0.00413365220630002,TRUE,""
ENSG00000197958,RPL12,fbg,grey,-0.00345268531335202,0.458126425559177,0.00318,53.4284,1323,0.00482375038587403,TRUE,""
ENSG00000197958,RPL12,t2d,null,-0.00120093402203549,0.919339446157432,6.104e-05,53.4284,2285,0.00265044017414035,TRUE,""
ENSG00000197961,ZNF121,t2d,grey,-0.0756831050563317,0.287609531179083,0.00503,32.5456,2449,0.0121572089373546,TRUE,""
ENSG00000197965,MPZL1,cad,null,0.0308652490094746,0.743797021123916,0.0006918,38.1134,5610,0.0097195646012986,TRUE,""
ENSG00000197982,C1orf122,fbg,null,0.000570480603344855,0.977206399475098,0.0008783,28.5939,1597,0.00418839393120645,TRUE,""
ENSG00000197989,SNHG12,cad,grey,0.0516295757056977,0.251158104958492,1.852e-06,18.9804,4143,0.00328019286779817,TRUE,""
ENSG00000197992,CLEC9A,fbg,grey,-0.0181259810436948,0.275312886521963,0.0037,47.4346,2084,0.00794642975241784,TRUE,""
ENSG00000198001,IRAK4,fbg,grey,0.0391481556005821,0.401308997816551,0.0009106,21.3701,2070,0.00943151042808893,TRUE,""
ENSG00000198001,IRAK4,t2d,null,0.0666351584690759,0.562110100859941,0.001846,21.3701,4246,0.00750300504042948,TRUE,""
ENSG00000198018,ENTPD7,fbg,null,0.0268167748650944,0.82237620599534,9.625e-05,7.3014,1629,0.0060487259679052,TRUE,""
ENSG00000198026,ZNF335,fbg,null,0.0354094002238103,0.698684565645401,0.001635,6.0008,2096,0.00425778417632002,TRUE,""
ENSG00000198046,ZNF667,fbg,null,-0.00824179176102761,0.813980460416918,0.001451,17.1618,1832,0.00465713708496022,TRUE,""
ENSG00000198056,PRIM1,fbg,null,-0.0220749339791741,0.565917676519681,0.0007165,24.5292,807,0.0076019524989168,TRUE,""
ENSG00000198093,ZNF649,t2d,grey,-0.192264453094174,0.201806113376503,0.0001214,14.5345,3328,0.0124553032196705,TRUE,""
ENSG00000198105,ZNF248,t2d,grey,-0.0741628571500442,0.386902560476589,0.001488,26.8543,3248,0.00959070483731752,TRUE,""
ENSG00000198130,HIBCH,cad,null,-0.0150692006424394,0.611497870744714,0.0001811,53.2171,4481,0.00288654817609383,TRUE,""
ENSG00000198131,ZNF544,t2d,grey,0.0263826412250253,0.410630376179832,0.0006306,46.9652,2240,0.00388807662077702,TRUE,""
ENSG00000198133,TMEM229B,fbg,null,-0.00745000329748294,0.661748776081758,0.001945,29.5888,1476,0.00427989947350894,TRUE,""
ENSG00000198156,A-575C2.4,fbg,grey,-0.0284262163526895,0.222939094167741,0.002072,9.0571,931,0.00720159906747621,TRUE,""
ENSG00000198171,DDRGK1,t2d,null,0.00457201566814358,0.900523550339774,3.884e-06,42.0227,3924,0.00921520972984621,TRUE,""
ENSG00000198178,CLEC4C,fbg,grey,-0.0114128308034026,0.14096087839135,0.003952,128.2981,1301,0.0395237844332391,TRUE,""
ENSG00000198189,HSD17B11,cad,grey,-0.0223449246714009,0.325178960006528,2.309e-05,59.3234,5677,0.00381156357870863,TRUE,""
ENSG00000198208,RPS6KL1,fbg,null,-0.00881540600773348,0.684558919367902,0.001686,26.2495,1492,0.00405793476779962,TRUE,""
ENSG00000198218,QRICH1,fbg,null,-0.0133966539054214,0.541126024471668,0.0001937,29.0767,680,0.00493295897019444,TRUE,""
ENSG00000198276,UCKL1,cad,grey,-0.0635030559564544,0.121714042693831,5.562e-07,33.9783,4500,0.00388968051940362,TRUE,""
ENSG00000198286,CARD11,fbg,null,0.00710495847128444,0.627783826989789,0.0006516,39.8703,2145,0.00438023387636213,TRUE,""
ENSG00000198301,SDAD1,cad,grey,0.0384860714650062,0.398207109968035,1.637e-10,10.2022,6088,2.38258731610499e-06,TRUE,""
ENSG00000198324,FAM109A,fbg,null,-0.0206162795156106,0.607592160418171,0.001915,16.3048,598,0.00651101562039467,TRUE,""
ENSG00000198346,ZNF813,cad,grey,0.0767012016203408,0.170385012125484,4.138e-05,10.6202,7267,0.00656869249452806,TRUE,""
ENSG00000198363,ASPH,fbg,grey,0.0494608203613991,0.0522368760834801,0.008579,35.6282,2212,0.0397336299796341,TRUE,""
ENSG00000198363,ASPH,t2d,null,0.0354719014713064,0.560588765569159,0.0001952,35.6282,4277,0.0061808841517661,TRUE,""
ENSG00000198369,SPRED2,cad,grey,-0.128934897028882,0.339957937657812,2.401e-07,19.5455,5684,0.000963003223472109,TRUE,""
ENSG00000198380,GFPT1,fbg,null,-0.00647664078434172,0.595245548732816,0.0006826,62.395,1714,0.0160460882308231,TRUE,""
ENSG00000198382,UVRAG,t2d,null,-0.020817731299768,0.816765347834865,1.942e-05,16.1612,3195,0.00294939448409386,TRUE,""
ENSG00000198417,MT1F,fbg,null,0.00299368746799819,0.771569465555293,9.169e-05,72.1478,1938,0.00675800031637234,TRUE,""
ENSG00000198477,ZNF280B,cad,grey,0.183427327970554,0.342543034520399,0.001057,5.3768,5688,0.00381864597777136,TRUE,""
ENSG00000198513,ATL1,fbg,grey,0.0404215450042092,0.333173268958951,0.00145,12.0384,1841,0.0057151784137945,TRUE,""
ENSG00000198518,HIST1H4E,fbg,grey,0.0462244551852794,0.113959193634688,0.0002114,18.8688,2063,0.0160881188781254,TRUE,""
ENSG00000198520,C1orf228,t2d,grey,0.0574259011680404,0.311372801296993,0.0007634,25.4163,2656,0.00614325038435136,TRUE,""
ENSG00000198520,C1orf228,cad,null,-0.0168075808296703,0.673716649749524,7.517e-05,25.4163,4192,0.0025054247677412,TRUE,""
ENSG00000198546,ZNF511,cad,null,-0.159707763839243,0.504985075093846,0.0001141,6.3234,4123,0.00462061717988446,TRUE,""
ENSG00000198561,CTNND1,t2d,grey,-0.312228894148408,0.110726389709909,1.881e-07,7.1458,4234,0.000769316258808581,TRUE,""
ENSG00000198576,ARC,cad,grey,-0.0674054265397301,0.140566636048714,0.0008209,17.6282,6352,0.00775115412808385,TRUE,""
ENSG00000198590,C3orf35,t2d,null,0.0735881614041363,0.662911145572604,0.005872,8.2235,3194,0.00440906096399325,TRUE,""
ENSG00000198598,MMP17,cad,null,-0.0378690548650501,0.653954118781056,1.958e-05,12.1361,5768,0.00219763342947052,TRUE,""
ENSG00000198626,RYR2,cad,null,-0.00507054404577326,0.911528237909377,3.923e-05,24.5733,7396,0.0019315767628908,TRUE,""
ENSG00000198663,C6orf89,cad,grey,0.0619275210239098,0.49041106256261,3.484e-08,17.1551,5878,0.000314425338096144,TRUE,""
ENSG00000198668,CALM1,cad,grey,0.0434394161436738,0.376664919719375,5.181e-05,24.8438,5717,0.00449926762530114,TRUE,""
ENSG00000198682,PAPSS2,cad,null,-0.0122591950821761,0.734622498505584,3.928e-05,28.5486,4158,0.00278559753125212,TRUE,""
ENSG00000198690,FAN1,t2d,null,-0.00186597335877522,0.929393771944136,4.944e-05,80.7849,2256,0.0107491923951187,TRUE,""
ENSG00000198711,C1orf191,cad,grey,-0.149111940963274,0.166170104682876,1.855e-22,5.8031,5861,3.13135486550866e-05,TRUE,""
ENSG00000198711,C1orf191,t2d,null,-0.0894671645779647,0.565651091313294,0.001828,5.8031,3239,0.0231632195972862,TRUE,""
ENSG00000198711,C1orf191,fbg,null,-0.0149111940963274,0.802587348634153,0.002695,5.8031,1805,0.00604306554376479,TRUE,""
ENSG00000198718,FAM179B,cad,null,0.102098586248252,0.589796856653851,0.0002745,10.2673,4987,0.00591829961028681,TRUE,""
ENSG00000198721,ECI2,fbg,grey,0.0207605709750283,0.272740113942454,6.972e-05,26.0804,2676,0.0062980514500425,TRUE,""
ENSG00000198721,ECI2,cad,null,-0.00305302514338651,0.930099780966425,2.816e-05,26.0804,6583,0.00236258217788198,TRUE,""
ENSG00000198730,CTR9,cad,null,0.061192784677755,0.593278639087062,3.88e-08,13.5904,7157,0.000314838029460029,TRUE,""
ENSG00000198734,F5,cad,grey,0.0226784504725349,0.173176121354355,3.138e-12,72.2636,6674,7.23178404510893e-09,TRUE,""
ENSG00000198734,F5,t2d,null,0.00516724187981808,0.821979274262541,0.0002453,72.2636,5224,0.00536308259197584,TRUE,""
ENSG00000198743,SLC5A3,cad,grey,-0.0702906157541296,0.239819289625164,2.579e-33,16.6524,5124,5.27216654769915e-29,TRUE,""
ENSG00000198743,SLC5A3,fbg,null,0.00734379567580458,0.821351959007176,0.00163,16.6524,1746,0.00382059949920274,TRUE,""
ENSG00000198752,CDC42BPB,fbg,null,-0.0106485430266319,0.578514721507944,0.0003881,32.2579,1176,0.00498088920083973,TRUE,""
ENSG00000198754,OXCT2,cad,grey,0.0701442627152979,0.295812938228253,2.56e-05,8.4686,4888,0.00643539948433131,TRUE,""
ENSG00000198771,RCSD1,t2d,null,-0.0197523791881488,0.560974031478011,0.002254,41.4442,3517,0.0046774067762338,TRUE,""
ENSG00000198780,FAM169A,fbg,null,-0.0278127723949131,0.812779285408195,0.000167,5.2354,2112,0.00376386603166288,TRUE,""
ENSG00000198783,ZNF830,t2d,null,-0.028849141570492,0.890954302215031,0.0004728,10.4529,3634,0.00676335986346718,TRUE,""
ENSG00000198791,CNOT7,t2d,null,-0.215525271001911,0.631227393032445,7.963e-05,6.732,6559,0.0080140559075037,TRUE,""
ENSG00000198796,ALPK2,t2d,grey,0.0401220864582113,0.438339659586755,8.01e-08,27.4513,4909,0.000204318291447199,TRUE,""
ENSG00000198818,SFT2D1,t2d,null,0.0125144260549314,0.669403879429095,0.0006813,36.2642,5085,0.0043193171717705,TRUE,""
ENSG00000198818,SFT2D1,fbg,null,-0.00428125101879231,0.710318348253685,0.001683,36.2642,2924,0.00437584863144545,TRUE,""
ENSG00000198830,HMGN2,fbg,null,-0.0104296619240896,0.90573404555763,0.008789,12.4243,979,0.0044941280300265,TRUE,""
ENSG00000198832,RP3-412A9.11,cad,grey,-0.0219079780950891,0.419656375617377,2.001e-07,36.759,5486,0.000299018538588351,TRUE,""
ENSG00000198832,RP3-412A9.11,t2d,null,-0.000952520786743005,0.979802548390434,9.169e-09,36.759,3925,1.59476990751542e-05,TRUE,""
ENSG00000198837,DENND4B,cad,grey,-0.0879143168883488,0.240429857397095,6.693e-15,26.7014,4247,3.25463620387269e-10,TRUE,""
ENSG00000198841,KTI12,t2d,grey,0.37707766648584,0.217787592002139,9.792e-12,9.9481,2486,2.90513861919199e-07,TRUE,""
ENSG00000198841,KTI12,cad,grey,0.216654273287917,0.356249472510239,0.001174,9.9481,4045,0.00906367978290527,TRUE,""
ENSG00000198848,CES1,fbg,null,-0.00573843088630712,0.617075077451974,9.169e-05,40.4359,2230,0.00841357430283669,TRUE,""
ENSG00000198853,RUSC2,fbg,grey,0.0341073145679601,0.166170104682876,0.007461,25.8262,1380,0.0123083795133123,TRUE,""
ENSG00000198853,RUSC2,cad,null,-0.010737487919543,0.805390554754072,0.0001172,25.8262,4409,0.00315642477191294,TRUE,""
ENSG00000198855,FICD,cad,grey,0.1490649674214,0.241030964418943,3.311e-06,8.1052,5859,0.00367389897226929,TRUE,""
ENSG00000198863,RUNDC1,fbg,null,-0.0221092894540579,0.564779052623049,0.008988,15.1741,845,0.00476215652331853,TRUE,""
ENSG00000198873,GRK5,cad,null,-0.00335821521229766,0.960122388323255,0.0004609,15.8606,6190,0.00274851458571156,TRUE,""
ENSG00000198887,SMC5,fbg,grey,0.115013107632073,0.0856599034048343,0.001017,10.2546,2271,0.0405383178456537,TRUE,""
ENSG00000198892,SHISA4,cad,null,-0.0512113821726409,0.548506235500147,1.097e-10,13.5301,5386,1.35664345753807e-06,TRUE,""
ENSG00000198894,KIAA1737,t2d,grey,-0.0149876802356462,0.449760749581585,1.085e-05,70.5307,4828,0.00371920938293757,TRUE,""
ENSG00000198898,CAPZA2,fbg,grey,0.0212820003102325,0.254749500528113,0.004791,34.2296,1552,0.00858627511915998,TRUE,""
ENSG00000198917,C9orf114,fbg,grey,-0.0642521836872632,0.370197276411458,0.003991,19.0158,1475,0.0131375233936365,TRUE,""
ENSG00000198919,DZIP3,cad,grey,0.0395287141271692,0.072868923820995,0.0004911,51.137,5257,0.014173501324304,TRUE,""
ENSG00000198939,ZFP2,cad,grey,-0.103199241061426,0.355967119733731,9.249e-06,12.4185,7030,0.00442829521788687,TRUE,""
ENSG00000198939,ZFP2,fbg,null,-0.0386997153980346,0.539455648469799,0.002403,12.4185,1957,0.00625316760588444,TRUE,""
ENSG00000198945,L3MBTL3,fbg,null,0.00198292592687954,0.797068494359122,0.0002292,94.6341,2577,0.00608378987740984,TRUE,""
ENSG00000198952,SMG5,fbg,null,-0.00105929009958011,0.849944540437619,0.001098,123.6902,1166,0.00383306355684578,TRUE,""
ENSG00000198961,PJA2,fbg,grey,0.0135845780695876,0.360566735097472,0.003167,57.1178,1971,0.00411011297676627,TRUE,""
ENSG00000199023,MIR339,t2d,grey,0.164397666025048,0.294814158063055,6.172e-07,7.1529,1260,0.00037447682122444,TRUE,""
ENSG00000199023,MIR339,fbg,null,-0.0283959604952355,0.658590180841495,0.007487,7.1529,851,0.00572948300394328,TRUE,""
ENSG00000199133,MIRLET7D,t2d,grey,-0.0651036939109778,0.491767700760523,1.151e-08,11.3393,4223,0.000737968606424726,TRUE,""
ENSG00000199370,U3,fbg,null,0.00543564384492863,0.596519838726618,0.0002164,20.4964,2255,0.00443534968569964,TRUE,""
ENSG00000199753,SNORD104,cad,grey,0.118006768524302,0.473579798269008,6.279e-11,7.6396,2951,7.35095747574349e-07,TRUE,""
ENSG00000199804,RNA5SP383,cad,null,-0.00263304180319825,0.972492190799539,0.0002795,5.4584,5527,0.00387511414978067,TRUE,""
ENSG00000200127,Y_RNA,t2d,null,-0.02369960465674,0.885591365909621,2.278e-09,5.2233,2176,0.000375068175854669,TRUE,""
ENSG00000200170,Y_RNA,cad,grey,-0.176854764468159,0.459974469845556,7.632e-06,4.9537,4370,0.00776831485622857,TRUE,""
ENSG00000200204,RNU1-22P,cad,null,-0.00592731254922942,0.71255930200628,0.001299,22.4214,4130,0.00288593194425223,TRUE,""
ENSG00000200714,Y_RNA,cad,null,0.017626484100284,0.641561092893931,2.559e-05,9.481,4925,0.00196500669927519,TRUE,""
ENSG00000201678,Y_RNA,cad,null,0.0472868871398765,0.50798927481078,7.344e-05,7.1425,4725,0.00208853374574354,TRUE,""
ENSG00000201772,SNORA5C,t2d,null,-0.0988553297303087,0.507464612174167,4.25e-09,7.7146,3379,9.14427597287777e-06,TRUE,""
ENSG00000201784,SNORD14A,cad,grey,-0.0757540568064958,0.370438561044783,6.174e-08,87.7226,4593,0.000398544954263246,TRUE,""
ENSG00000203363,AC012454.4,t2d,grey,-0.0127062120273372,0.282374728330258,0.00221,51.1123,3979,0.00760660772933566,TRUE,""
ENSG00000203497,RP11-313D6.4,t2d,grey,0.230714543774103,0.0569871857187708,4.911e-06,10.7684,3941,0.0224403004965268,TRUE,""
ENSG00000203644,AC083799.1,cad,grey,0.118478326118719,0.0911580482741381,3.656e-05,10.8916,4297,0.0143235942281129,TRUE,""
ENSG00000203644,AC083799.1,fbg,grey,0.0640055325009174,0.0932355987798769,0.007868,10.8916,1162,0.0224196139590561,TRUE,""
ENSG00000203697,CAPN8,cad,grey,0.0567161770320319,0.450941606478325,5.905e-28,13.8089,4577,1.97845139107699e-24,TRUE,""
ENSG00000203697,CAPN8,t2d,null,-0.0393540820222262,0.714669994929239,0.02351,13.8089,1915,0.0048494956024809,TRUE,""
ENSG00000203697,CAPN8,fbg,null,0.00694483800392227,0.867632334778193,0.0002694,13.8089,1109,0.00430851738504911,TRUE,""
ENSG00000203730,TEDDM1,fbg,null,0.0274013536686188,0.580515713596355,0.00788,13.1477,1854,0.00553969749642067,TRUE,""
ENSG00000203734,ECT2L,cad,null,0.0545879562936611,0.546210515044642,0.0001678,10.0379,5868,0.00332953878365791,TRUE,""
ENSG00000203739,RP11-296O14.3,cad,grey,-0.0350163364040259,0.349538991650093,0.0001149,12.2862,3778,0.00437191745706399,TRUE,""
ENSG00000203791,METTL10,fbg,null,-0.00818890599661571,0.698684565645401,0.0008266,26.0676,2023,0.00388407409852177,TRUE,""
ENSG00000203797,DDO,t2d,grey,0.0329220584814675,0.229157612948031,0.0001629,47.5577,3757,0.00600923111007763,TRUE,""
ENSG00000203799,CCDC162P,fbg,grey,-0.0602760087023503,0.227862855875692,0.02071,10.7287,1655,0.00852556367385189,TRUE,""
ENSG00000203865,ATP1A1OS,fbg,grey,0.0132688983494445,0.188244713282316,0.0008496,30.1951,1721,0.0104570431679558,TRUE,""
ENSG00000203867,RBM20,cad,null,0.00278715747573981,0.974266251454282,0.0002733,10.9801,5910,0.00266847958158477,TRUE,""
ENSG00000203871,C6orf164,cad,grey,-0.0184372998589088,0.120286678925942,0.0001335,37.8892,5503,0.00713410589676779,TRUE,""
ENSG00000203872,C6orf163,fbg,null,-0.0134296290515462,0.6467129796159,0.0007523,25.2735,1940,0.00639843037499188,TRUE,""
ENSG00000204010,IFIT1B,t2d,null,0.0083693662709237,0.925307750889347,3.914e-05,17.5018,4335,0.00393372661809755,TRUE,""
ENSG00000204103,MAFB,fbg,grey,0.0304185108600919,0.279661048232695,1.853e-05,23.4068,1840,0.00534308966851178,TRUE,""
ENSG00000204138,PHACTR4,cad,grey,0.0558504454622909,0.129486728502174,1.852e-06,27.344,3909,0.00224431360415542,TRUE,""
ENSG00000204147,ASAH2B,t2d,grey,0.442650615885611,0.0857634568236315,4.566e-06,7.0884,2860,0.0165116125210441,TRUE,""
ENSG00000204160,ZDHHC18,t2d,null,0.011775183414769,0.820211678728453,1.251e-07,40.7023,1908,0.000307362914133796,TRUE,""
ENSG00000204160,ZDHHC18,fbg,null,0.0141302200977228,0.504985075093846,1.967e-05,40.7023,961,0.00917985256327345,TRUE,""
ENSG00000204161,C10orf128,t2d,null,-0.00201723743410465,0.955695871316436,0.0006684,55.5914,3611,0.00425582537476235,TRUE,""
ENSG00000204161,C10orf128,fbg,null,-0.00242068492092558,0.871178155583461,0.007371,55.5914,2002,0.00391795468268349,TRUE,""
ENSG00000204241,RP11-713P17.3,cad,grey,0.115486601492419,0.0617436925315738,0.0001463,21.8293,6951,0.0228294229850587,TRUE,""
ENSG00000204261,XXbac-BPG246D15.8,fbg,null,-0.00404903370212583,0.698684565645401,0.0001221,20.5436,976,0.00625401662252604,TRUE,""
ENSG00000204267,TAP2,cad,grey,0.0228922338415723,0.34368838499279,3.878e-12,35.3627,4279,1.15099353671124e-07,TRUE,""
ENSG00000204347,BTBD17,fbg,null,-0.00566334474696383,0.771569465555293,0.001944,25.5065,1811,0.00379698254543573,TRUE,""
ENSG00000204356,NELFE,fbg,null,-0.012890280505708,0.675814188135396,0.0009282,15.5264,686,0.00694381577785043,TRUE,""
ENSG00000204381,LAYN,cad,null,-0.210292691756508,0.533463757483788,7.75e-07,8.4699,4924,0.000803751624961662,TRUE,""
ENSG00000204406,MBD5,t2d,grey,-0.114564522024198,0.235359128148723,0.0001117,13.7808,3038,0.0060320818883241,TRUE,""
ENSG00000204475,NCR3,cad,null,0.016166404801228,0.644412333769812,3.878e-12,30.2595,2756,6.1201336761395e-08,TRUE,""
ENSG00000204482,LST1,fbg,null,-0.00815250636721317,0.874539745432806,0.0009282,21.4294,468,0.0114802906918115,TRUE,""
ENSG00000204514,ZNF814,t2d,null,0.0396585686330676,0.590922284925472,0.0006306,17.5435,2802,0.00442072324291211,TRUE,""
ENSG00000204604,ZNF468,t2d,null,0.00364730711792994,0.948225701716544,0.0001214,24.3167,3064,0.00358690834175839,TRUE,""
ENSG00000204604,ZNF468,fbg,null,0.00364730711792994,0.87583596638341,0.001442,24.3167,1971,0.00362174251550127,TRUE,""
ENSG00000204745,AC083899.3,cad,grey,-0.0627299749746075,0.317310507862914,0.0007024,7.1405,2045,0.00507488212698871,TRUE,""
ENSG00000204745,AC083899.3,fbg,grey,0.0249074900634471,0.465555404903429,0.000572,7.1405,600,0.00827120265198297,TRUE,""
ENSG00000204767,FAM196B,cad,null,-0.104097296070099,0.523279796752506,0.0001875,5.1084,6794,0.00510935669745375,TRUE,""
ENSG00000204832,ST8SIA6-AS1,cad,null,0.0241131294009852,0.877356649781307,0.0004608,12.8079,5980,0.00733164842133945,TRUE,""
ENSG00000204839,MROH6,fbg,grey,-0.01439599650366,0.239994715798025,0.001464,38.5905,999,0.00907025469691898,TRUE,""
ENSG00000204859,ZBTB48,cad,grey,0.0591957948508485,0.235944236122478,0.0001892,28.6777,5795,0.00704216128227697,TRUE,""
ENSG00000204860,FAM201A,cad,null,0.0598135972506763,0.695941676240891,0.000298,8.6355,3494,0.00426847272752919,TRUE,""
ENSG00000204882,GPR20,fbg,null,0.0163307612275625,0.681282050502956,0.002125,20.518,1658,0.0072289819736342,TRUE,""
ENSG00000204959,RP4-798C17.5,cad,grey,-0.0126777250557801,0.49041106256261,0.0009483,23.4034,4047,0.00338743794151451,TRUE,""
ENSG00000204991,SPIRE2,fbg,grey,-0.0143353560244467,0.258884225947615,0.007567,46.7312,832,0.00413380252293107,TRUE,""
ENSG00000205018,RP11-830F9.6,cad,null,0.0168949930926131,0.646222393819314,4.843e-05,12.2763,6953,0.00253604117416674,TRUE,""
ENSG00000205045,SLFN12L,cad,null,-0.00777072623270879,0.775096962195985,0.003418,19.7214,4504,0.00274388688400047,TRUE,""
ENSG00000205047,FLJ00104,cad,grey,0.0298258505026342,0.304054371764733,2.384e-05,50.0294,7788,0.00307687401257465,TRUE,""
ENSG00000205047,FLJ00104,t2d,null,-0.00967324881166515,0.817494086363381,0.000593,50.0294,2727,0.0352983071039734,TRUE,""
ENSG00000205078,SYCE1L,t2d,grey,0.0587137066027789,0.227310058016444,4.286e-05,24.5049,6942,0.257540444272946,TRUE,""
ENSG00000205085,FAM71F2,t2d,null,-0.0113596598289051,0.838585047747096,0.0007483,18.5598,2894,0.00524328196291076,TRUE,""
ENSG00000205133,TRIQK,fbg,null,0.0193947349254148,0.707660466654552,0.006679,10.9611,1519,0.0052639126011544,TRUE,""
ENSG00000205181,LINC00654,fbg,grey,0.0468927540282914,0.230139340443417,0.001057,16.0531,2534,0.00920012885407778,TRUE,""
ENSG00000205189,ZBTB10,t2d,null,0.0350760272073858,0.769764521126951,0.0002595,8.167,3225,0.00395355355543042,TRUE,""
ENSG00000205209,SCGB2B2,cad,null,0.0611694852149318,0.747012853671546,0.0004252,5.074,5942,0.00419508304438685,TRUE,""
ENSG00000205213,LGR4,t2d,null,0.0544016470891497,0.60525812795874,6.607e-06,15.0001,3757,0.00280310595706357,TRUE,""
ENSG00000205220,PSMB10,cad,grey,0.146778743200385,0.42725764959836,0.0004551,12.2214,3337,0.00782511124020411,TRUE,""
ENSG00000205220,PSMB10,t2d,null,0.114318059607992,0.656280047517793,0.0002947,12.2214,2125,0.0129562259315613,TRUE,""
ENSG00000205268,PDE7A,t2d,grey,0.109259854020045,0.438472757402879,0.0004227,13.9843,3216,0.00600906786548793,TRUE,""
ENSG00000205269,TMEM170B,t2d,grey,0.0348054256951209,0.451564704472657,0.000239,27.8997,4195,0.00513195693891515,TRUE,""
ENSG00000205339,IPO7,cad,grey,0.138967527818094,0.0581272742106314,6.257e-12,9.2808,5614,3.96191269013526e-08,TRUE,""
ENSG00000205352,PRR13,cad,grey,0.105511900595627,0.10307254820389,9.28e-13,19.1074,5227,2.35802456231358e-08,TRUE,""
ENSG00000205356,TECPR1,fbg,grey,-0.0255477389120247,0.0667530151696345,0.002259,65.6097,1487,0.0189187304442584,TRUE,""
ENSG00000205361,MT1DP,t2d,null,-0.133655742716657,0.600411028614905,0.0007795,7.0544,3665,0.00693496484620358,TRUE,""
ENSG00000205482,AC007000.12,cad,grey,-0.0720685574030995,0.0637488054940495,0.0003194,16.9762,4258,0.0403854090160843,TRUE,""
ENSG00000205559,CTA-384D8.20,fbg,grey,0.0149049435820863,0.317310507862914,0.0007649,21.8482,744,0.00622528742880227,TRUE,""
ENSG00000205611,RP4-610C12.4,cad,grey,-0.0712358229463466,0.13784315525934,6.547e-05,8.1905,1562,0.00977919127728266,TRUE,""
ENSG00000205702,CYP2D7P1,t2d,grey,-0.0180678043572592,0.311515011363349,9.51e-07,37.2542,2830,0.00104615794292893,TRUE,""
ENSG00000205710,C17orf107,cad,null,-0.00688777999797665,0.914120123827297,8.33e-05,23.1112,6347,0.00453629356014258,TRUE,""
ENSG00000205744,DENND1C,cad,grey,0.148660255136569,0.235448315465431,3.244e-05,6.8257,6229,0.00637627677460618,TRUE,""
ENSG00000205763,RP9P,cad,grey,0.161927703307125,0.111995902497665,1.845e-05,8.4129,6170,0.00667872135107896,TRUE,""
ENSG00000205837,LINC00487,fbg,null,-0.0184519851623004,0.662572917836399,0.0002047,19.6005,2681,0.00707902847757031,TRUE,""
ENSG00000205846,CLEC6A,cad,grey,-0.0520619152962095,0.126370723502247,0.0003748,33.3178,4913,0.0105430831914625,TRUE,""
ENSG00000205846,CLEC6A,t2d,null,-0.00340591969227539,0.941261662806894,0.000372,33.3178,1642,0.00444795601014678,TRUE,""
ENSG00000205853,RFPL3S,fbg,grey,0.0346609059710032,0.31024604927602,0.001084,30.3863,2151,0.0129790388622431,TRUE,""
ENSG00000205853,RFPL3S,t2d,null,-0.016074623059016,0.855725415320072,0.0004537,30.3863,4927,0.00539561557658748,TRUE,""
ENSG00000205890,RP11-473M20.5,cad,grey,-0.0378798168671115,0.171422578752,2.21e-05,24.448,4132,0.00903620622948173,TRUE,""
ENSG00000206249,CTD-2308N23.2,t2d,grey,-0.147643368098053,0.210753205321511,0.0003604,9.346,2964,0.0157779184016931,TRUE,""
ENSG00000206530,WDR52,fbg,grey,-0.0218770754290431,0.333173268958951,0.000353,24.3937,1724,0.00572058788028369,TRUE,""
ENSG00000206531,CD200R1L,cad,null,-0.00434946333202066,0.890294922852369,0.0005321,29.212,6485,0.00258696514505542,TRUE,""
ENSG00000206549,PRSS50,t2d,grey,0.243030663388096,0.178680919493138,1.686e-08,10.357,2917,0.000117543954222021,TRUE,""
ENSG00000206559,ZCWPW2,cad,null,-0.344146485889759,0.547146968398198,0.0001786,5.1475,5807,0.0129310004806957,TRUE,""
ENSG00000206965,RNU6-5,t2d,grey,0.229689441992733,0.174202515426395,7.821e-06,7.2271,3077,0.0133050854296121,TRUE,""
ENSG00000206965,RNU6-5,cad,grey,0.102415638637453,0.378674131279743,5.85e-05,7.2271,4597,0.00742678561319166,TRUE,""
ENSG00000207034,Y_RNA,cad,null,0.0118474014559944,0.880764615259515,0.0007239,5.136,6825,0.00307731575590114,TRUE,""
ENSG00000207042,U6,cad,grey,-0.103613431537919,0.0723975288152624,0.0009595,6.488,2173,0.0115765568309701,TRUE,""
ENSG00000207110,U1,fbg,grey,0.0228981013885227,0.133614402537716,0.001849,16.0053,2427,0.0121320696480652,TRUE,""
ENSG00000207445,SNORD15B,fbg,null,0.0163923556370638,0.900523550339774,0.001013,7.1428,1580,0.00811357284491903,TRUE,""
ENSG00000207498,U6,cad,grey,0.0517578823445473,0.48283234964991,0.0002666,5.0406,5488,0.00354112820074801,TRUE,""
ENSG00000207697,MIR573,t2d,null,0.0298175373773261,0.870912128275923,0.0001159,5.474,4164,0.00424296043154782,TRUE,""
ENSG00000207736,MIR657,cad,null,0.0061627596006406,0.920344325445942,0.0001367,9.0308,6257,0.00270107340105151,TRUE,""
ENSG00000207790,MIR29B2,t2d,null,0.034147132379011,0.7325223685108,0.000686,5.7335,3312,0.00497586494234301,TRUE,""
ENSG00000207790,MIR29B2,fbg,null,-0.00126470860663004,0.975070165131246,0.002234,5.7335,2000,0.00656183711103206,TRUE,""
ENSG00000207973,MIR589,cad,grey,0.161718550029345,0.475050524053953,2.104e-08,4.5922,6995,0.00543290011741749,TRUE,""
ENSG00000211445,GPX3,fbg,grey,-0.0241696060816245,0.304407737821377,0.0005283,27.9334,2205,0.00743102954491565,TRUE,""
ENSG00000211455,STK38L,cad,grey,-0.252026417066565,0.086778112570945,7.687e-05,10.5235,6169,0.0162196271350381,TRUE,""
ENSG00000211553,AC118278.1,cad,grey,0.0127817809331495,0.149675682559884,8.678e-05,65.4334,3322,0.00425696857306751,TRUE,""
ENSG00000211584,SLC48A1,t2d,null,-0.0275668489497423,0.539306928489264,4.223e-06,52.6406,4498,0.00253594250790754,TRUE,""
ENSG00000211584,SLC48A1,cad,null,-0.0031123861717451,0.925638751480094,4.614e-05,52.6406,6294,0.00313313813959972,TRUE,""
ENSG00000211599,IGKV5-2,t2d,null,0.246478784622772,0.715816715465627,0.01611,4.6183,1345,0.0112114343196454,TRUE,""
ENSG00000211638,IGLV8-61,cad,null,0.00938915588766305,0.719314574375423,0.001057,62.3454,4399,0.0103802340809627,TRUE,""
ENSG00000211642,IGLV10-54,cad,null,-0.00623058545959201,0.605388868880522,0.001057,36.8889,4605,0.00317169922940953,TRUE,""
ENSG00000211670,IGLV3-9,cad,null,-0.025099156582782,0.55508074885533,0.001057,10.3071,5974,0.00332393187580411,TRUE,""
ENSG00000211672,IGLV4-3,fbg,null,-0.00550598684210973,0.8078169693465,0.0008835,12.1213,1812,0.00652667443195924,TRUE,""
ENSG00000211677,IGLC2,fbg,grey,-0.0167481699942899,0.287405814744335,0.0008835,45.729,1844,0.00437660915399814,TRUE,""
ENSG00000211688,TRGJP2,t2d,grey,-0.0240288589458004,0.277759649640792,0.0004577,27.4737,5129,0.00690662287162075,TRUE,""
ENSG00000211694,TRGV10,cad,null,0.00318533445041487,0.92372335369345,0.0002225,20.9579,6919,0.00422715955889846,TRUE,""
ENSG00000211701,TRGV1,cad,null,-0.0118842477512622,0.773242947954209,0.0002225,8.7551,6779,0.00278027806526284,TRUE,""
ENSG00000211706,TRBV6-1,fbg,null,0.00129754299397471,0.871864744932721,0.0004369,28.3614,1423,0.00396566841784919,TRUE,""
ENSG00000211707,TRBV7-1,fbg,null,0.000515170596224317,0.922905718287002,0.0004369,53.145,1404,0.00397158852444661,TRUE,""
ENSG00000211713,TRBV6-4,cad,null,-0.0115716828251391,0.826844797716898,0.0007078,8.6941,3911,0.00312528077129198,TRUE,""
ENSG00000211714,TRBV7-3,fbg,grey,0.00499397210278131,0.391365938307552,0.0004369,51.6666,1415,0.0056206196022085,TRUE,""
ENSG00000211721,TRBV6-5,cad,grey,0.0259913843422325,0.383597396584469,0.0007078,25.1093,3857,0.00599246571026402,TRUE,""
ENSG00000211724,TRBV6-6,fbg,null,0.0699879905908441,0.51569222161173,0.0004369,13.3479,1342,0.00436834293040249,TRUE,""
ENSG00000211734,TRBV5-1,cad,grey,-0.0263424386182407,0.128074458684967,0.0007078,29.3368,3848,0.00293373495089479,TRUE,""
ENSG00000211746,TRBV19,cad,grey,-0.0311454956471965,0.101436081138559,0.0007078,22.5962,3807,0.00997519693583181,TRUE,""
ENSG00000211747,TRBV20-1,t2d,null,0.0021936837578996,0.948225701716544,0.0007549,16.9066,2385,0.00375829634638301,TRUE,""
ENSG00000211747,TRBV20-1,cad,null,0.0122846290442378,0.623265147627004,0.0007078,16.9066,3797,0.00311351449182549,TRUE,""
ENSG00000211747,TRBV20-1,fbg,null,-0.00833599828001848,0.552679335565412,0.002478,16.9066,1393,0.00466990255834782,TRUE,""
ENSG00000211776,TRAV2,fbg,grey,-0.0631716307352804,0.289680155734686,0.001305,5.1818,2647,0.00870549556504943,TRUE,""
ENSG00000211777,TRAV3,cad,grey,0.154916479377801,0.0832481301900284,0.0002985,9.0916,7196,0.0102103898741695,TRUE,""
ENSG00000211779,TRAV5,t2d,null,0.0480161105802256,0.526791507814832,0.0004196,9.4674,4832,0.00428172800165232,TRUE,""
ENSG00000211790,TRAV8-4,cad,grey,0.0228299586973105,0.429339402797795,0.0002985,15.9203,6991,0.00361729779382837,TRUE,""
ENSG00000211791,TRAV13-2,cad,null,-0.053960001867073,0.533316840771454,0.0002433,5.2222,7013,0.00417794846150671,TRUE,""
ENSG00000211816,TRAV38-1,t2d,grey,0.021261970688813,0.447057008108802,0.001213,32.0897,4775,0.00795256021740168,TRUE,""
ENSG00000211817,TRAV38-2DV8,t2d,null,-0.0206452046581033,0.711106547594804,0.001213,10.7786,4765,0.00403704348430368,TRUE,""
ENSG00000211829,TRDC,t2d,grey,0.0872185325440955,0.304233441044976,0.001213,15.639,4667,0.0111784327358663,TRUE,""
ENSG00000211840,TRAJ49,t2d,null,-0.0115981890419178,0.870683232746339,0.001213,7.9512,4658,0.00403883117246209,TRUE,""
ENSG00000211850,TRAJ39,fbg,null,0.0159346633335534,0.617075077451974,0.001745,7.0275,2517,0.00436490899125284,TRUE,""
ENSG00000211886,TRAJ3,cad,null,0.0169493812577429,0.671763599100528,0.0001667,9.1294,6867,0.00254901966183402,TRUE,""
ENSG00000211970,IGHV4-61,cad,null,-0.0129063823373051,0.511363275765339,0.01604,24.4986,1328,0.00476628450916492,TRUE,""
ENSG00000211972,IGHV3-66,cad,null,0.00258831624475525,0.734622498505584,0.01604,59.6597,1316,0.00288080845761631,TRUE,""
ENSG00000211976,IGHV3-73,cad,null,-0.0139588395039041,0.717300494430804,0.01604,11.1571,1307,0.00295137157111912,TRUE,""
ENSG00000212084,AL121914.1,cad,null,-0.0278923735713938,0.738882680363527,0.0002149,5.382,6865,0.00317677557819955,TRUE,""
ENSG00000212293,SNORA16,t2d,grey,-0.0218513210341573,0.0947441823119761,1.792e-11,42.2239,3561,9.91656734127859e-08,TRUE,""
ENSG00000212293,SNORA16,fbg,null,-0.00380742714989105,0.786707745258045,0.0003918,42.2239,2229,0.0048217323848422,TRUE,""
ENSG00000212607,SNORA45,t2d,grey,-0.10136642483696,0.476155211447359,0.0003753,7.944,4079,0.00476646227126272,TRUE,""
ENSG00000213049,RP11-436I9.4,cad,null,-0.0184556069913943,0.588518882160993,0.0003748,11.0673,4678,0.00313315430901348,TRUE,""
ENSG00000213057,C1orf220,cad,grey,-0.0338408373192732,0.381573905705021,0.000618,25.5444,5420,0.00370602274437706,TRUE,""
ENSG00000213057,C1orf220,fbg,null,-0.00759692266351031,0.722710426810277,0.0006314,25.5444,1667,0.00397995966382413,TRUE,""
ENSG00000213064,SFT2D2,t2d,grey,-0.120806214564823,0.19971886424532,0.0002453,14.5691,3741,0.00831672512121198,TRUE,""
ENSG00000213066,FGFR1OP,t2d,grey,0.0813635364286904,0.34447757029994,0.0006813,37.5813,3819,0.0126296738053339,TRUE,""
ENSG00000213071,LPAL2,t2d,null,0.0219523988026923,0.937074486238219,3.129e-10,4.862,4122,0.00290154430072809,TRUE,""
ENSG00000213139,CRYGS,fbg,null,-0.00418904846234857,0.897332123936804,5.479e-05,16.9967,1757,0.00318138812130535,TRUE,""
ENSG00000213149,CNN2P9,cad,grey,-0.0361581129547206,0.34090381592813,4.674e-05,12.3074,5362,0.00260760405329704,TRUE,""
ENSG00000213185,FAM24B,t2d,grey,-0.175871443795953,0.167142700437544,1.478e-10,11.5002,4372,2.57043771742519e-06,TRUE,""
ENSG00000213185,FAM24B,fbg,null,0.0118122611504744,0.812779285408195,0.001095,11.5002,2385,0.00461528718143516,TRUE,""
ENSG00000213212,NCLP1,cad,null,-0.00570947476317699,0.810767037225103,1.833e-06,18.4293,3908,0.00156017456786305,TRUE,""
ENSG00000213231,TCL1B,fbg,null,0.00601772374316722,0.731705934672859,0.0002344,32.0841,2639,0.00424649213422767,TRUE,""
ENSG00000213246,SUPT4H1,t2d,grey,0.0666685630843337,0.0997980774822682,2.464e-08,51.8032,2554,9.60799510016893e-05,TRUE,""
ENSG00000213277,RP11-332O19.3,t2d,null,0.0359070728271367,0.792114444041872,0.0004887,12.2559,2916,0.00862722722542921,TRUE,""
ENSG00000213277,RP11-332O19.3,fbg,null,-0.0200657171681058,0.724949369674133,0.0004215,12.2559,1349,0.00679894386956462,TRUE,""
ENSG00000213281,NRAS,cad,null,0.0991214923107887,0.62250184302538,4.159e-10,5.7355,5456,1.04706138915039e-05,TRUE,""
ENSG00000213433,RP11-54C4.1,t2d,null,-0.011790323178964,0.512110129838952,0.0001521,37.1148,4752,0.00473247879378722,TRUE,""
ENSG00000213433,RP11-54C4.1,fbg,null,0.00699425951294473,0.723687129428604,0.009201,37.1148,2396,0.00919996053721539,TRUE,""
ENSG00000213445,SIPA1,t2d,null,-0.071620319868066,0.579069416222994,1.634e-07,18.8876,2062,0.000340501750041517,TRUE,""
ENSG00000213445,SIPA1,fbg,null,-0.0273288062654462,0.623054874994852,0.003257,18.8876,886,0.0138297685796142,TRUE,""
ENSG00000213462,ERV3-1,t2d,null,0.00491096088540225,0.761282195603013,0.02468,122.1255,3650,0.00400759896592899,TRUE,""
ENSG00000213463,SYNJ2BP,cad,grey,-0.327453822711174,0.130209988754016,6.147e-05,9.0698,6180,0.0117176533092274,TRUE,""
ENSG00000213516,RBMXL1,t2d,grey,-0.102456268442257,0.102487633765882,0.004956,22.3963,3189,0.0138481329688114,TRUE,""
ENSG00000213516,RBMXL1,cad,grey,-0.0373290280371015,0.409620641491042,1.678e-06,22.3963,4657,0.0023683146216752,TRUE,""
ENSG00000213523,SRA1,fbg,null,0.00702367785644239,0.606447146740021,0.004014,51.0928,1108,0.00453486723660581,TRUE,""
ENSG00000213542,RP11-467H10.1,t2d,grey,0.0385515274690037,0.400020759588224,4.221e-06,15.0786,2686,0.00496163035762884,TRUE,""
ENSG00000213551,DNAJC9,t2d,grey,0.0996351070922129,0.41228692726495,2.375e-08,12.697,2081,0.000185991078741421,TRUE,""
ENSG00000213614,HEXA,cad,null,-0.0789075982239848,0.742726974158001,0.0003602,9.6998,4324,0.00600556067424785,TRUE,""
ENSG00000213625,LEPROT,t2d,grey,0.058186030668218,0.0784936943143855,6.719e-07,72.3889,3623,0.0043495428635447,TRUE,""
ENSG00000213672,NCKIPSD,cad,grey,-0.018073321495253,0.41821391318549,3.48e-11,29.8502,2385,4.61060828228184e-07,TRUE,""
ENSG00000213699,SLC35F6,cad,grey,-0.102350859796757,0.0533344069622796,2.645e-07,17.812,3955,0.00396695884371708,TRUE,""
ENSG00000213713,PIGCP1,fbg,null,-0.00133088015473433,0.802587348634153,0.001123,43.6911,1647,0.00434264888897382,TRUE,""
ENSG00000213742,RP4-694B14.5,cad,grey,0.0859688099761672,0.467058901715173,0.001357,11.2053,3704,0.00860720842382905,TRUE,""
ENSG00000213782,DDX47,cad,grey,-0.115793438242512,0.397466925422593,0.0003961,8.4107,6020,0.00427190281174566,TRUE,""
ENSG00000213782,DDX47,t2d,null,-0.0800027391493718,0.634786973282518,0.00023,8.4107,3795,0.00458884873717412,TRUE,""
ENSG00000213809,KLRK1,t2d,grey,0.111177681861324,0.114616670745644,0.0005402,20.3004,3638,0.0129262278935027,TRUE,""
ENSG00000213839,RP11-3J10.4,t2d,grey,0.0274507206719356,0.491025139870094,0.0002048,18.791,3313,0.00605553958296908,TRUE,""
ENSG00000213839,RP11-3J10.4,cad,null,0.00639263358113569,0.823003032839829,0.000298,18.791,5266,0.00343692629327407,TRUE,""
ENSG00000213901,SLC23A3,cad,grey,0.0250750707876213,0.33399329651116,3.778e-05,50.8809,4349,0.00520023118879016,TRUE,""
ENSG00000213901,SLC23A3,fbg,grey,0.017156627381004,0.222939094167741,0.001446,50.8809,1450,0.00572360196735808,TRUE,""
ENSG00000213903,LTB4R,cad,grey,0.0703596787114613,0.243345009148763,0.0002795,17.6491,5801,0.00539177890168042,TRUE,""
ENSG00000213918,DNASE1,fbg,null,0.00225701963221655,0.906347316282193,0.0001091,16.9794,1254,0.00391144302151801,TRUE,""
ENSG00000213949,ITGA1,fbg,grey,0.0608015041396662,0.196938679952046,0.0006786,33.3702,2329,0.0244882108596995,TRUE,""
ENSG00000213971,RP11-15H20.6,t2d,null,-0.0340408845949701,0.854085592695337,0.002602,6.1745,4256,0.00482254625804861,TRUE,""
ENSG00000213976,CTD-2561J22.2,t2d,grey,-0.0577830924810331,0.327829749104351,0.001229,11.6805,4879,0.00576475957976902,TRUE,""
ENSG00000213995,CARKD,t2d,grey,-0.0396531148062694,0.285612267507573,1.275e-05,64.7404,4485,0.00807359541846846,TRUE,""
ENSG00000213995,CARKD,fbg,grey,-0.0113294613732198,0.423710797166793,7.05e-06,64.7404,2404,0.0066017007878671,TRUE,""
ENSG00000214013,GANC,cad,null,-0.0627608952795209,0.770541497710554,1.404e-06,14.95,3929,0.00189859191249689,TRUE,""
ENSG00000214022,REPIN1,fbg,grey,-0.0669103796217823,0.275312886521962,0.0002164,31.6445,1415,0.0220800031820471,TRUE,""
ENSG00000214076,CPSF1P1,t2d,grey,0.0608499086579391,0.311223436849471,0.0004537,11.9523,4939,0.00361447017187502,TRUE,""
ENSG00000214140,PRCD,cad,null,-0.0793985136169735,0.569379541379991,3.002e-06,5.1132,6156,0.0236284643084269,TRUE,""
ENSG00000214174,AMZ2P1,fbg,grey,-0.0254169683061694,0.0955807045456294,0.0101,55.5382,1375,0.00985605069614062,TRUE,""
ENSG00000214193,SH3D21,cad,grey,0.130246922352679,0.309177618947532,0.001811,7.3115,3565,0.00453578001518312,TRUE,""
ENSG00000214253,FIS1,t2d,null,0.0352462066976697,0.536455493807192,2.337e-07,52.8154,3137,0.001541420224923,TRUE,""
ENSG00000214274,ANG,cad,null,0.00105845432962825,0.944054023280193,0.0002985,67.496,6140,0.00263389256363262,TRUE,""
ENSG00000214293,RSBN1L-AS1,t2d,null,0.00502273710479956,0.8948012616508,4.221e-06,23.6287,4013,0.00325459692279207,TRUE,""
ENSG00000214331,RP11-252A24.2,cad,null,0.0237497765679949,0.724132540388919,1.615e-15,11.2323,5996,4.8657616282682e-12,TRUE,""
ENSG00000214357,NEURL1B,t2d,null,0.0325520490457286,0.902790199050649,0.001253,7.1433,3685,0.00659322174198598,TRUE,""
ENSG00000214465,SMARCE1P6,cad,null,0.0155166358576397,0.841480581121794,2.645e-07,5.5838,3930,0.000728302700550686,TRUE,""
ENSG00000214548,MEG3,cad,grey,0.0263360373086311,0.117192626080971,7.851e-09,53.8793,5344,1.43642398468498e-05,TRUE,""
ENSG00000214659,KRT8P26,cad,grey,0.0814914173980388,0.199951364850716,2.291e-11,16.5578,3395,2.35419247237149e-07,TRUE,""
ENSG00000214706,IFRD2,fbg,grey,-0.0744798805190506,0.149534833950161,0.0001937,11.1668,829,0.00996470646363612,TRUE,""
ENSG00000214708,AC090616.2,fbg,grey,-0.0255874135487294,0.341492955343765,0.001513,10.4237,1343,0.0111488269314333,TRUE,""
ENSG00000214783,POLR2J4,cad,null,-0.00147130649512895,0.943056670967043,1.719e-06,21.2039,4927,0.00084292478305067,TRUE,""
ENSG00000214867,SRSF9P1,t2d,null,-0.0268943710870824,0.895317338291782,0.001475,4.5955,4415,0.00466507712065484,TRUE,""
ENSG00000214975,PPIAP29,cad,null,0.0498816519866218,0.510605772861378,3.212e-06,14.9941,7715,0.00179082471940786,TRUE,""
ENSG00000215014,AL645728.1,cad,null,0.0121524835041304,0.518822668670191,1.326e-08,23.6531,3326,1.90229573484919e-05,TRUE,""
ENSG00000215068,AC025171.1,cad,null,0.155643980746979,0.544316081393424,0.0007869,7.3432,5197,0.00585235764274244,TRUE,""
ENSG00000215190,LINC00680,cad,grey,0.0139549050384458,0.167293602655168,3.36e-08,67.4028,3004,2.34541492552655e-05,TRUE,""
ENSG00000215302,CTD-3092A11.1,t2d,grey,0.0773072151392411,0.283439089766425,4.944e-05,18.4222,2225,0.02538710039099,TRUE,""
ENSG00000215305,VPS16,fbg,grey,-0.011765257675653,0.453254704753736,0.0005591,47.2468,2129,0.00743568489828014,TRUE,""
ENSG00000215421,ZNF407,t2d,null,-0.0825938415764532,0.621538629656824,0.001455,8.3611,4136,0.00494263958708378,TRUE,""
ENSG00000215424,MCM3AP-AS1,fbg,null,-0.00644452193660509,0.820211678728453,0.0008637,24.7666,1221,0.00538176869518635,TRUE,""
ENSG00000215481,BCRP3,cad,grey,-0.0273368728980034,0.367248483693673,3.73e-09,15.6918,5298,2.20493354689589e-06,TRUE,""
ENSG00000215493,XXbac-B562F10.11,t2d,grey,-0.214120596403617,0.371933680494178,0.001319,4.9496,1616,0.0106840247155888,TRUE,""
ENSG00000215769,hsa-mir-6080,t2d,grey,-0.132729331231766,0.11930620485951,3.359e-07,9.0451,2403,0.000520004359750879,TRUE,""
ENSG00000215769,hsa-mir-6080,cad,null,-0.00327726743782139,0.959618036952282,6.279e-11,9.0451,3943,2.5311385699732e-07,TRUE,""
ENSG00000215912,TTC34,t2d,grey,-0.0468492092765918,0.484680040754928,0.002706,15.4226,587,0.00522249357996595,TRUE,""
ENSG00000215914,MMP23A,cad,grey,0.0580803200864897,0.0618112824463884,1.326e-08,9.7102,3521,0.000100389422082522,TRUE,""
ENSG00000216197,AP001623.1,t2d,grey,-0.116948285186574,0.0699089739364695,0.002085,8.4602,4752,0.0189108445177129,TRUE,""
ENSG00000217078,RP1-13D10.3,cad,grey,0.0686570559789871,0.0517373785856707,1.235e-05,25.6294,5795,0.0317060505734071,TRUE,""
ENSG00000217083,RP1-245M18.2,fbg,null,0.00334110129260809,0.859924253238214,4.732e-05,11.5924,2719,0.003386494267643,TRUE,""
ENSG00000217576,RP11-64P12.8,fbg,grey,-0.0722928009044982,0.485821758188089,0.003591,4.6342,1491,0.00559085310696882,TRUE,""
ENSG00000217644,RP4-803A2.1,t2d,grey,0.0202558483208895,0.49041106256261,0.0004059,20.9285,2220,0.00482957914875284,TRUE,""
ENSG00000217644,RP4-803A2.1,cad,grey,0.0219438356809637,0.286616361405448,7.588e-05,20.9285,3582,0.00475731250430247,TRUE,""
ENSG00000218073,RP1-13D10.2,t2d,null,-0.00338652968891364,0.951270720304243,4.025e-06,24.0934,4058,0.00432829664697557,TRUE,""
ENSG00000218186,KRT8P43,t2d,grey,-0.0518010188527301,0.423710797166793,0.0001991,7.9668,5394,0.00512034931217397,TRUE,""
ENSG00000218357,LL22NC03-75H12.2,cad,grey,-0.0697721441894915,0.186156863266151,0.0002041,11.5828,7387,0.006085487703509,TRUE,""
ENSG00000218422,AC016773.1,cad,grey,0.0203032327575005,0.053628579127419,8.678e-05,49.4575,5555,0.0121504358522035,TRUE,""
ENSG00000218631,RP3-395C13.1,cad,null,-0.0238821446260242,0.668235141795249,0.0002649,8.9915,5447,0.0039852369717519,TRUE,""
ENSG00000218713,RP1-34L19.1,fbg,null,-0.00151574654679828,0.867632334778193,0.009144,34.2525,2375,0.00538056153138235,TRUE,""
ENSG00000218809,RP1-229K20.5,t2d,grey,0.0688992950376469,0.189990890593895,2.625e-07,18.6248,3609,0.00188788852365506,TRUE,""
ENSG00000219200,RNASEK,fbg,grey,-0.0343485672016209,0.399729035501385,0.001279,24.8744,1578,0.0094356638122671,TRUE,""
ENSG00000219200,RNASEK,cad,null,0.0164586884507767,0.832880112467705,0.0002708,24.8744,5992,0.00480538507298298,TRUE,""
ENSG00000219665,CTD-2006C1.2,cad,null,-0.0351450314745188,0.877323986031853,1.931e-36,8.5149,4776,6.43120172359641e-14,TRUE,""
ENSG00000219755,RP1-199J3.5,fbg,grey,0.0191642132079956,0.148613996455212,0.0003655,17.8734,2026,0.0115130478277205,TRUE,""
ENSG00000219755,RP1-199J3.5,cad,null,-0.00184271280846112,0.940511598005378,6.577e-05,17.8734,4993,0.0027049898480763,TRUE,""
ENSG00000220267,ACTBP8,fbg,grey,-0.00530762312342574,0.232654673754248,0.0006941,81.6283,2036,0.00686777191626039,TRUE,""
ENSG00000220267,ACTBP8,t2d,null,-0.000573797094424404,0.95910077028586,0.002279,81.6283,4110,0.00447426496028246,TRUE,""
ENSG00000220378,KRT8P42,fbg,grey,0.0260355044174601,0.383771766671715,0.01408,6.4188,2030,0.00564979792058788,TRUE,""
ENSG00000220378,KRT8P42,t2d,null,0.0134998911794238,0.861079633584653,0.0001051,6.4188,3359,0.00384645885738858,TRUE,""
ENSG00000220517,ASS1P1,cad,grey,-0.0180499368212019,0.409620641491042,3.212e-06,19.3127,7509,0.00157955305444825,TRUE,""
ENSG00000220586,TUBBP9,t2d,grey,-0.047700363551296,0.061703404877095,2.625e-07,31.4896,4847,0.00381544753381956,TRUE,""
ENSG00000221500,SNORD100,fbg,grey,-0.0380259425864709,0.159900760298068,0.0009308,20.0541,2287,0.00849352606943497,TRUE,""
ENSG00000221598,MIR1249,fbg,null,-0.0368609418185546,0.561479628322256,0.003153,4.5936,2350,0.00297278697817442,TRUE,""
ENSG00000221743,Z95152.1,fbg,grey,0.0244738184488912,0.0559063806460285,0.0004404,18.1225,1708,0.0247738611454159,TRUE,""
ENSG00000221743,Z95152.1,t2d,null,-0.0180729736237966,0.558301743578421,0.0001289,18.1225,3674,0.00449328668197382,TRUE,""
ENSG00000221743,Z95152.1,cad,null,-0.0150608113531638,0.504985075093846,8.534e-10,18.1225,5402,4.02671633220991e-06,TRUE,""
ENSG00000221817,RP11-137L10.6,t2d,grey,0.397112168157025,0.0939643280595918,2.375e-08,5.0979,2084,0.000376751130954022,TRUE,""
ENSG00000221866,PLXNA4,cad,null,-0.00480465929194557,0.933586496294755,0.0002018,16.8062,5166,0.00265534777818271,TRUE,""
ENSG00000221890,NPTXR,t2d,grey,-0.0560928016218788,0.345753978677278,0.002069,31.4153,2172,0.00793750363160481,TRUE,""
ENSG00000221890,NPTXR,fbg,null,0.00623253351354208,0.78331623830721,0.0001491,31.4153,1314,0.0046291868108723,TRUE,""
ENSG00000221946,FXYD7,cad,grey,0.0416251276938793,0.277605418363564,0.0007902,32.4996,5485,0.00585184406095774,TRUE,""
ENSG00000221946,FXYD7,fbg,null,-0.021907961944147,0.716129568855565,0.007285,32.4996,1368,0.0136329390771725,TRUE,""
ENSG00000221968,FADS3,cad,null,0.0776760039908328,0.696184458032407,4.149e-05,8.8731,4198,0.00416577367677706,TRUE,""
ENSG00000222009,BTBD19,t2d,null,0.0487428312596898,0.748673956210688,0.0007634,9.7979,2624,0.00510351235598639,TRUE,""
ENSG00000222020,AC062017.1,fbg,grey,-0.0174784949710897,0.374062797490883,0.0001751,27.4495,2036,0.00723511501141671,TRUE,""
ENSG00000223510,CDRT15,fbg,null,-0.00112863594675797,0.883085590508198,0.0004847,27.4203,2772,0.00392020348807046,TRUE,""
ENSG00000223519,RP11-439E19.8,fbg,null,-0.00255800985122345,0.851268623688206,0.001642,17.381,1911,0.00384216398446683,TRUE,""
ENSG00000223561,AC003090.1,fbg,null,0.0252399140287184,0.561479628322256,9.528e-05,10.3744,2525,0.0127317760971699,TRUE,""
ENSG00000223573,TINCR,t2d,null,-0.037980968758818,0.886403006367064,0.002095,7.956,1313,0.00803806201325299,TRUE,""
ENSG00000223622,GSTA6P,t2d,grey,0.0565602903069794,0.100792092707838,6.179e-05,14.9071,4549,0.0129028403316387,TRUE,""
ENSG00000223629,DEFA8P,t2d,null,0.0119646345108983,0.732754742460857,0.0003905,17.3493,4646,0.0039688921428941,TRUE,""
ENSG00000223704,RP1-90L6.2,cad,grey,0.0250800161087956,0.359843860321171,0.0003374,22.4774,7264,0.00569746763470222,TRUE,""
ENSG00000223722,RP11-467L13.5,t2d,grey,-0.017050516161778,0.402852048826046,1.499e-05,38.1142,4891,0.00532879726308024,TRUE,""
ENSG00000223725,AC007879.5,t2d,null,-0.0508262764503243,0.554871443695732,3.745e-06,8.7659,3572,0.00151995827640903,TRUE,""
ENSG00000223779,RP11-403I13.4,cad,grey,0.458652648914341,0.157040837600909,1.84e-06,5.373,551,0.675916178922035,TRUE,""
ENSG00000223820,CFL1P1,fbg,grey,0.0757468433337301,0.110992040456491,0.001143,4.9942,1561,0.018332850385773,TRUE,""
ENSG00000223935,AC008074.3,t2d,grey,-0.0333342807822249,0.204848971310736,9.81e-12,30.1008,3353,2.50592689552823e-07,TRUE,""
ENSG00000224043,AC016725.4,cad,null,-0.00969901041325077,0.887992336880331,0.0009271,9.3756,4286,0.00344228360334088,TRUE,""
ENSG00000224067,RP11-430K21.2,t2d,grey,0.0720163834874389,0.177714325380176,1.676e-05,15.6573,4552,0.00500143083474089,TRUE,""
ENSG00000224067,RP11-430K21.2,fbg,grey,0.0191656504442378,0.385163873930437,0.0008985,15.6573,2106,0.00596218920042931,TRUE,""
ENSG00000224078,SNHG14,cad,grey,-0.106178958472713,0.487108412415213,2.156e-05,12.0733,7931,0.00684651144484769,TRUE,""
ENSG00000224086,LL22NC03-86G7.1,t2d,grey,-0.0431421390761342,0.0834929318418181,0.0003626,28.455,1723,0.0173909155562927,TRUE,""
ENSG00000224183,SDHDP6,cad,grey,0.0168336902354116,0.0846829459575784,2.061e-05,64.6851,4118,0.00875305027161567,TRUE,""
ENSG00000224287,MSL3P1,cad,grey,0.0667640810048142,0.261519464324923,5.558e-08,15.236,7044,0.000671407183347581,TRUE,""
ENSG00000224287,MSL3P1,t2d,null,-0.0396411730966084,0.634786973282518,7.507e-05,15.236,4149,0.00378824852746553,TRUE,""
ENSG00000224358,RP11-466F5.8,t2d,null,-0.0247898801418016,0.670836674740339,0.0002468,13.5516,4509,0.00613144705575591,TRUE,""
ENSG00000224474,AL355490.1,fbg,null,0.0231889705007475,0.790271981569015,0.0001258,6.6729,1630,0.0103984004053371,TRUE,""
ENSG00000224536,RP11-134G8.7,cad,grey,-0.0206662020142509,0.453254704753736,1.097e-10,15.6475,5657,1.36060792908858e-06,TRUE,""
ENSG00000224596,RP11-202P11.1,fbg,grey,0.015737406728385,0.482241043015876,0.0008466,20.1002,1986,0.00561474924187205,TRUE,""
ENSG00000224638,AC106900.6,cad,null,-0.0177685344271155,0.765315881209824,1.339e-05,16.3733,5304,0.00240852140032922,TRUE,""
ENSG00000224650,IGHV3-74,fbg,grey,-0.0299389136157698,0.381573905705021,0.03855,6.9296,423,0.00591392073391557,TRUE,""
ENSG00000224652,AC139666.1,fbg,null,0.0407145455631557,0.700522394103849,0.000657,5.7709,844,0.00485308731572113,TRUE,""
ENSG00000224660,SH3BP5-AS1,fbg,null,0.00453796822341001,0.661748776081758,0.003517,34.3256,2032,0.00632718863317327,TRUE,""
ENSG00000224739,AC016735.1,t2d,grey,-0.113659086976028,0.154293598329644,6.687e-28,8.7512,4345,1.88820264993854e-11,TRUE,""
ENSG00000224769,AC069213.1,cad,null,-0.0105561324390497,0.836518144383217,0.0001155,16.7472,6211,0.00279054720098563,TRUE,""
ENSG00000224805,LINC00853,fbg,grey,0.0242603960087596,0.11163003635549,0.001204,21.4023,1555,0.0184033090995777,TRUE,""
ENSG00000224877,C17orf89,t2d,grey,0.0831807661670003,0.317310507862914,1.536e-05,21.5944,2177,0.00829023221601471,TRUE,""
ENSG00000224886,BEND3P3,cad,grey,-0.0321538713492308,0.323554655973369,1.724e-11,15.24,6574,7.60448274934099e-08,TRUE,""
ENSG00000224950,RP5-1086K13.1,cad,null,-0.0100582548717437,0.691175538942666,0.0006914,21.3863,4836,0.00361155736653598,TRUE,""
ENSG00000225032,RP11-228B15.4,cad,null,-0.00609182774752405,0.684169826249014,0.0001471,28.3111,3478,0.00286296717919542,TRUE,""
ENSG00000225094,SETP20,fbg,grey,-0.0391914598250966,0.352250687955077,0.001511,6.3172,1668,0.00809893091186487,TRUE,""
ENSG00000225177,RP11-390P2.4,fbg,grey,0.0144738110985266,0.372450881005206,0.001017,34.1959,1880,0.0065292061149759,TRUE,""
ENSG00000225205,AC093818.1,cad,grey,0.0316520964968329,0.423710797166793,1.339e-05,22.9844,6291,0.00332714146351819,TRUE,""
ENSG00000225218,AP001628.6,fbg,grey,0.0826978183026118,0.0708478257810242,0.0006597,6.4473,2298,0.0290523678496148,TRUE,""
ENSG00000225231,AC091814.2,t2d,grey,-0.0153993111785257,0.224945154267061,0.000372,74.4795,3571,0.00725989119530836,TRUE,""
ENSG00000225231,AC091814.2,fbg,grey,-0.00513310372617522,0.303681109722319,0.002978,74.4795,2044,0.00773848648984627,TRUE,""
ENSG00000225234,TRAPPC12-AS1,cad,grey,0.0700090229265194,0.0513819637660028,5.717e-05,21.4733,7061,0.0162606687289607,TRUE,""
ENSG00000225331,AP001055.6,cad,null,0.0176555548263726,0.842956491509772,3.429e-07,17.8045,6046,0.000246344910921904,TRUE,""
ENSG00000225373,AC008993.5,cad,grey,0.0480997842907657,0.237869838089298,0.001489,10.214,2210,0.00374224412235332,TRUE,""
ENSG00000225402,AC010878.3,t2d,null,-0.00849347635809349,0.790963055258609,8.957e-06,22.8175,4794,0.00291917373722671,TRUE,""
ENSG00000225402,AC010878.3,fbg,null,0.00656314082216315,0.595245548732816,0.0003389,22.8175,2183,0.00432297053447674,TRUE,""
ENSG00000225411,RP11-764K9.1,cad,grey,-0.0887556518423711,0.143216484185245,0.04109,7.1639,,,FALSE,对齐后仅 9 变异(<10)
ENSG00000225434,RP11-63P12.6,t2d,null,-0.0137825658880937,0.65183134797548,0.0004649,19.8983,3425,0.00427201724347271,TRUE,""
ENSG00000225450,RP3-508I15.14,fbg,null,-0.0201030284219062,0.523279796752506,0.0001491,19.4167,1335,0.00619223882453374,TRUE,""
ENSG00000225465,RFPL1-AS1,t2d,grey,-0.0630353413861221,0.389892085643516,9.169e-09,10.8259,3263,1.07873211596171e-05,TRUE,""
ENSG00000225476,AC013437.6,cad,null,0.000898938330507919,0.956302165815335,1.417e-07,31.4452,4942,0.000266141264952354,TRUE,""
ENSG00000225490,RP4-610C12.3,cad,grey,-0.0425003589209535,0.386124674283814,6.547e-05,16.0738,1591,0.00416220484995816,TRUE,""
ENSG00000225507,AC069282.6,t2d,null,-0.00653403573129974,0.819764330638924,7.199e-05,19.2738,4806,0.00345421337514219,TRUE,""
ENSG00000225527,RP11-383B4.4,fbg,grey,-0.0150629878931088,0.0607927235305228,0.0005834,24.6545,2399,0.0208937183375722,TRUE,""
ENSG00000225535,AC068610.3,fbg,grey,-0.0349377957433354,0.477904197979373,0.006199,6.161,1315,0.00486117226773328,TRUE,""
ENSG00000225544,KB-1027C11.4,fbg,grey,0.0675155810045071,0.228558028316351,0.0002249,6.4814,1329,0.0138596771491287,TRUE,""
ENSG00000225578,NCBP2-AS1,fbg,grey,-0.0240248228023968,0.216721062179052,0.000657,11.0869,1031,0.00860873193534041,TRUE,""
ENSG00000225611,RP11-70C1.1,t2d,null,-0.0109821040901272,0.624428772569,0.001514,31.7448,3405,0.00510395729764383,TRUE,""
ENSG00000225612,AC099552.2,cad,null,0.0151029096854158,0.788917520844718,1.95e-05,16.1775,7187,0.00440677332151815,TRUE,""
ENSG00000225614,ZNF469,cad,grey,0.260810940545526,0.0928492747495967,4.843e-05,7.0987,7305,0.014918050479724,TRUE,""
ENSG00000225632,RP5-997D24.3,fbg,grey,0.0421756198469897,0.136392147794979,0.002695,12.3111,1849,0.0161700705711953,TRUE,""
ENSG00000225632,RP5-997D24.3,cad,null,0.0265103896181078,0.608911450415323,1.855e-22,12.3111,6013,2.01698682678755e-18,TRUE,""
ENSG00000225733,FGD5-AS1,cad,grey,0.0127150630143211,0.324931165476837,3.207e-11,36.7187,5306,8.41687575736968e-08,TRUE,""
ENSG00000225808,DNAJC19P5,fbg,grey,0.0116996084352381,0.330213359465853,0.0003023,21.915,2235,0.00683667533790307,TRUE,""
ENSG00000225828,FAM229A,cad,null,0.0211985928954911,0.858790429120605,0.0004072,14.0653,3366,0.007503718712879,TRUE,""
ENSG00000225830,ERCC6,fbg,null,-0.00361323708124553,0.922905718287002,0.007371,13.5435,1805,0.00377814927689625,TRUE,""
ENSG00000225889,AC074289.1,fbg,grey,-0.0099267299771526,0.230139340443416,0.003442,40.446,1610,0.0101683060909946,TRUE,""
ENSG00000225891,RP3-476K8.3,fbg,null,-0.0272144441858347,0.541126024471668,0.008789,5.8092,962,0.00548288624597811,TRUE,""
ENSG00000225931,RP3-395M20.7,cad,null,-0.0270009032653638,0.839129155428647,9.974e-10,9.0931,4836,3.3141471690903e-06,TRUE,""
ENSG00000225940,AC022431.2,cad,grey,0.0209711937231126,0.431477021974336,3.737e-08,20.8684,6241,8.31229263683427e-05,TRUE,""
ENSG00000225948,RP11-554I8.1,cad,grey,-0.0327073911416721,0.212487988247632,0.0001085,42.68,7489,0.00831123399630086,TRUE,""
ENSG00000225963,AC009950.2,cad,null,-0.0107327432944552,0.824140895741885,0.0003833,9.1328,5981,0.00285327816947438,TRUE,""
ENSG00000225985,RP11-214F16.3,fbg,grey,-0.0385027345590272,0.365591537564832,0.0002351,6.5011,1936,0.00827686296234801,TRUE,""
ENSG00000225986,RP3-340N1.5,fbg,grey,0.0296488866932632,0.402121784699465,1.131e-05,7.7464,1751,0.0049805568260753,TRUE,""
ENSG00000225992,TRGVA,cad,grey,-0.0200170186688554,0.332917547895039,0.0002225,20.0736,6922,0.00451487617810922,TRUE,""
ENSG00000226029,RP4-798A10.2,fbg,null,0.0058021302395312,0.703238583398932,0.003642,27.2836,1253,0.0054535853881246,TRUE,""
ENSG00000226104,AC011475.1,cad,grey,0.127149312406686,0.0793643945944879,1.931e-36,5.6517,5062,1.1009430450159e-05,TRUE,""
ENSG00000226137,BAIAP2-AS1,cad,grey,0.018478163042508,0.423710797166793,0.0001367,36.3622,6443,0.00423303432910177,TRUE,""
ENSG00000226137,BAIAP2-AS1,fbg,grey,-0.0260674085778238,0.0927918472265709,5.288e-05,36.3622,1369,0.0215961190468444,TRUE,""
ENSG00000226155,AC124944.3,cad,null,-0.0249553458341724,0.527156276786672,0.0001155,11.3501,5812,0.00357736671523804,TRUE,""
ENSG00000226278,PSPHP1,t2d,null,0.00805274118672618,0.748289567260516,0.001266,69.255,4011,0.0183926902169169,TRUE,""
ENSG00000226281,RP1-80N2.2,t2d,grey,0.0618144153716358,0.102273849647735,3.342e-11,21.9335,4851,6.29060571517074e-07,TRUE,""
ENSG00000226312,CFLAR-AS1,t2d,grey,-0.124341572565225,0.218937685698941,3.49e-05,7.6127,3270,0.00779846851888114,TRUE,""
ENSG00000226334,RP11-217B7.2,cad,grey,0.0149871622176234,0.334588749819927,3.999e-07,22.7143,6584,0.00132759694159041,TRUE,""
ENSG00000226337,RP11-274B18.4,fbg,null,-0.00249779636225156,0.828819213786263,0.001017,23.0158,1342,0.00455465078310227,TRUE,""
ENSG00000226380,AC058791.1,fbg,grey,-0.0545873238119666,0.106765534268082,0.001196,13.7364,1569,0.0133635241324527,TRUE,""
ENSG00000226393,IFNA20P,fbg,grey,-0.0291582712564743,0.317310507862914,1.296e-06,8.265,2175,0.00242517154284043,TRUE,""
ENSG00000226445,XXyac-YX65C7_A.2,cad,null,-0.0137865584041079,0.765167966048581,0.0005413,16.8811,7291,0.00360063805294203,TRUE,""
ENSG00000226471,CTA-292E10.6,fbg,grey,-0.0556221358506217,0.293129068088163,0.002673,5.4671,1355,0.00874985885372948,TRUE,""
ENSG00000226496,LINC00323,t2d,grey,-0.212676982303555,0.223243461130903,0.0005752,6.9343,4544,0.00977807224141665,TRUE,""
ENSG00000226496,LINC00323,cad,null,-0.0179096406150362,0.884352001477485,0.0001081,6.9343,7507,0.00624237165301319,TRUE,""
ENSG00000226524,RP1-102H19.6,t2d,null,-0.00311617984323421,0.897986641842342,0.005049,23.0606,4035,0.00375778108254232,TRUE,""
ENSG00000226624,CTA-351J1.1,fbg,grey,-0.0854545096514122,0.490893192138033,0.0002851,4.6027,1715,0.00357451445877438,TRUE,""
ENSG00000226645,AP006216.10,t2d,null,-0.0330444421361562,0.665669631939866,3.64e-05,6.5558,4327,0.00366428123686298,TRUE,""
ENSG00000226660,TRBV2,fbg,null,0.00165106694734616,0.871864744932721,0.0004369,22.2887,1453,0.00373922427904361,TRUE,""
ENSG00000226677,IGBP1P1,cad,grey,-0.131071906397951,0.30387033128374,4.115e-05,7.8482,5684,0.00400986510604926,TRUE,""
ENSG00000226686,AC012309.5,t2d,grey,-0.0338420259486594,0.115256444552306,0.0004613,24.525,3008,0.0122384112685406,TRUE,""
ENSG00000226763,SRRM5,cad,grey,0.227633484772848,0.0531951480420193,1.808e-06,7.375,5761,0.0161938217099525,TRUE,""
ENSG00000226763,SRRM5,fbg,grey,0.0804566627214377,0.214080075786953,0.0003202,7.375,1462,0.00829827558259639,TRUE,""
ENSG00000226833,AC097724.3,t2d,grey,-0.0638697249731715,0.334486574070831,9.956e-09,9.6375,4137,8.88256529324663e-05,TRUE,""
ENSG00000226833,AC097724.3,fbg,grey,0.0277025313136647,0.289680155734686,4.831e-11,9.6375,2162,1.12388674140818e-07,TRUE,""
ENSG00000226853,AC010894.3,t2d,grey,-0.17748436403497,0.132132101129189,7.821e-06,4.8619,3055,0.00538074138760651,TRUE,""
ENSG00000226856,AC093901.1,cad,grey,0.0465695338325084,0.349011728223858,5.021e-05,20.1365,5876,0.00327264846661639,TRUE,""
ENSG00000226862,RP11-569A11.1,cad,null,-0.00707758668387877,0.917607199040523,1.097e-10,6.2882,4746,1.50965173935015e-06,TRUE,""
ENSG00000226891,RP11-182I10.3,fbg,null,0.00694062674268677,0.676922239021379,0.001752,16.0278,2118,0.00473817797599231,TRUE,""
ENSG00000226920,RP5-1068B5.3,fbg,grey,-0.0997641304238475,0.215297197625348,0.001227,7.218,1535,0.0114054597818232,TRUE,""
ENSG00000226981,FAM108A7P,t2d,grey,0.060301196502194,0.0695523729283394,0.003033,17.518,1433,0.0202939907612899,TRUE,""
ENSG00000227001,NBPF2P,fbg,grey,-0.0060650151809542,0.358137983510638,0.001058,45.4359,1710,0.00586958227234384,TRUE,""
ENSG00000227001,NBPF2P,cad,null,0.000713531197759317,0.95309266714744,2.942e-05,45.4359,6081,0.00142945072118536,TRUE,""
ENSG00000227012,RP1-97J1.2,cad,grey,0.0253666141261449,0.143867728481615,4.674e-05,23.1802,4923,0.00597495453179243,TRUE,""
ENSG00000227017,AC007036.6,t2d,grey,0.0575216389529412,0.186358504597951,2.569e-07,12.7112,4110,0.00185135130229723,TRUE,""
ENSG00000227028,SLC8A1-AS1,cad,grey,0.0342713457500608,0.0622646015352178,8.958e-05,20.7217,5808,0.0140489890985377,TRUE,""
ENSG00000227051,C14orf132,t2d,null,0.00523371133838525,0.846529514964004,0.0002075,65.2301,4289,0.00443598464616305,TRUE,""
ENSG00000227124,ZNF717,cad,grey,0.0133884614272177,0.34090381592813,0.0007655,34.9526,4153,0.00464353061528091,TRUE,""
ENSG00000227135,GCSAML-AS1,t2d,grey,0.0521001300876949,0.383979022432548,0.005598,14.0154,4197,0.00589680763186723,TRUE,""
ENSG00000227155,RP11-165F24.3,t2d,grey,0.122524196479148,0.258293064655504,7.097e-06,7.4935,4243,0.00562282700934784,TRUE,""
ENSG00000227191,TRGC2,t2d,grey,-0.0199501945433959,0.383771766671716,0.0004577,40.5613,5133,0.00728144352371666,TRUE,""
ENSG00000227195,RP3-410C9.1,fbg,grey,0.044243297423367,0.348501423761085,0.002393,10.0567,498,0.00596750058434163,TRUE,""
ENSG00000227195,RP3-410C9.1,t2d,null,-0.0058991063231156,0.959618036952282,0.01482,10.0567,1181,0.00392432039422737,TRUE,""
ENSG00000227242,RP11-325P15.3,t2d,null,0.000828803651627793,0.961094232136074,6.862e-07,55.3568,1959,0.00023152706004283,TRUE,""
ENSG00000227295,ELL2P1,fbg,grey,0.031207107951519,0.159649901642811,0.001098,9.9601,2185,0.0102260157644657,TRUE,""
ENSG00000227295,ELL2P1,t2d,null,-0.0214982299221575,0.698386084925716,0.002956,9.9601,4317,0.00403074070171129,TRUE,""
ENSG00000227355,RP11-162D16.2,t2d,grey,-0.0749585899759468,0.0610107247477557,0.000425,14.1884,3008,0.020803130177597,TRUE,""
ENSG00000227355,RP11-162D16.2,fbg,null,-0.00607772351156325,0.707660466654552,0.004221,14.1884,1593,0.00399348384556061,TRUE,""
ENSG00000227403,AC009299.3,cad,grey,-0.0116992882907025,0.254140149455582,0.0001197,43.7218,4351,0.00337491568256922,TRUE,""
ENSG00000227456,LINC00310,t2d,grey,-0.0658261621996254,0.406952608509977,0.0002278,8.9062,3296,0.00521142502781969,TRUE,""
ENSG00000227512,RP11-413M3.4,t2d,null,0.0541127573409917,0.846669078746991,2.519e-05,4.5676,733,0.00837517625655855,TRUE,""
ENSG00000227533,SLC2A1-AS1,cad,null,-0.0043909092682697,0.711484561017985,5.64e-05,45.7118,4567,0.00213577926414342,TRUE,""
ENSG00000227598,RP1-167A14.2,t2d,grey,-0.0106951034381777,0.464920120624581,0.0006813,38.3477,3847,0.00476137626712703,TRUE,""
ENSG00000227671,RP11-488L18.4,t2d,grey,-0.0664178562403388,0.0947441823119761,0.005598,26.1094,4581,0.015869880995098,TRUE,""
ENSG00000227678,RP11-73O6.3,cad,null,0.00809352881983438,0.817494086363381,4.711e-05,23.8137,6582,0.00218439651276043,TRUE,""
ENSG00000227719,AC006042.6,t2d,grey,-0.106037762058156,0.0806658866178128,0.0006012,8.3909,5519,0.0150836828347298,TRUE,""
ENSG00000227741,RP11-536C5.7,cad,null,-0.0373076015709463,0.635725114509718,2.348e-05,5.3672,5311,0.00296626778370066,TRUE,""
ENSG00000227776,AKR1D1P1,cad,grey,-0.0654142948742404,0.428391983443105,0.001445,11.8824,5854,0.00921641492257997,TRUE,""
ENSG00000227799,AC012358.4,cad,null,0.00427241123420273,0.944054023280193,2.751e-05,6.9446,6425,0.00333534766173132,TRUE,""
ENSG00000227855,DPY19L2P3,cad,grey,0.0267508069896533,0.481292445201842,0.001134,12.7538,5739,0.00417516192916226,TRUE,""
ENSG00000227905,RP11-380G5.4,cad,grey,0.25973985038976,0.0674958090598305,0.0001876,6.2133,4295,0.0277062012889816,TRUE,""
ENSG00000227963,RP5-1074L1.1,t2d,null,0.0173655530515304,0.692396893892571,2.834e-06,15.3715,3344,0.00233946206550252,TRUE,""
ENSG00000227963,RP5-1074L1.1,cad,null,-0.0149536706832623,0.628119757486285,5.784e-08,15.3715,5121,8.41611033501496e-05,TRUE,""
ENSG00000227963,RP5-1074L1.1,fbg,null,0.00627089415749709,0.718016387438887,0.002859,15.3715,1829,0.00473599152281204,TRUE,""
ENSG00000227986,TRIM60P18,t2d,null,0.00476652692051098,0.832290604654577,0.01878,28.0035,3388,0.00421265734062609,TRUE,""
ENSG00000228037,RP3-395M20.9,cad,null,-0.0133977617946555,0.839129155428647,9.974e-10,14.9483,4809,3.25330439921618e-06,TRUE,""
ENSG00000228050,TOP3BP1,cad,null,0.0147318728063505,0.521880450615299,0.001057,26.0415,4617,0.00512756476105593,TRUE,""
ENSG00000228058,RP11-552D4.1,t2d,null,0.00141904183791677,0.989070416337843,1.864e-09,10.4467,3850,2.41962962706676e-05,TRUE,""
ENSG00000228106,RP11-452F19.3,fbg,grey,0.0533853857339124,0.110890597528893,0.001503,13.5021,1041,0.0280761440663325,TRUE,""
ENSG00000228107,AP000692.9,cad,null,0.0413779518720378,0.573286181271378,0.0001426,8.7839,6412,0.00353917908683102,TRUE,""
ENSG00000228146,CASP16,t2d,grey,-0.0668876785155593,0.445761643145975,2.214e-05,13.1603,1599,0.00398744163926419,TRUE,""
ENSG00000228157,AC007952.5,t2d,grey,-0.0180865699846978,0.403118014218166,5.989e-05,37.8163,1474,0.00852648124594175,TRUE,""
ENSG00000228157,AC007952.5,cad,grey,0.0218102755697826,0.133614402537716,2.23e-08,37.8163,2912,0.000147569755993343,TRUE,""
ENSG00000228203,RNF144A-AS1,t2d,null,-0.0141488708132456,0.869175486772197,3.817e-05,7.3375,4241,0.0028656483764181,TRUE,""
ENSG00000228216,RP11-367F23.1,cad,grey,-0.027578113511391,0.368892015232629,0.000419,13.915,6864,0.00454060240273436,TRUE,""
ENSG00000228274,RP3-508I15.9,fbg,grey,-0.02404643352955,0.34661443250305,0.0001491,9.8575,1344,0.0101404210607531,TRUE,""
ENSG00000228274,RP3-508I15.9,t2d,null,-0.036069650294325,0.572273832532262,0.002069,9.8575,2239,0.00473320626273608,TRUE,""
ENSG00000228318,AP001610.5,fbg,grey,-0.00575876779310938,0.485821758188089,0.0003116,27.2524,2509,0.00489712732687982,TRUE,""
ENSG00000228329,AC097495.3,t2d,grey,-0.0816129457823909,0.30157682640995,0.001437,9.7856,3773,0.00926949518190588,TRUE,""
ENSG00000228340,RP5-1043L13.1,fbg,null,-0.0334635197718231,0.518822668670191,5.274e-06,7.8522,2776,0.00217499324289492,TRUE,""
ENSG00000228389,AC068039.4,t2d,grey,-0.0148544703598582,0.300910532935171,7.157e-07,45.3796,4015,0.00173454347415973,TRUE,""
ENSG00000228403,RP11-563N6.6,fbg,grey,-0.0211272861765567,0.265156633625956,0.007371,12.1595,1929,0.0123311029419617,TRUE,""
ENSG00000228409,CCT6P1,t2d,null,0.00640915895994591,0.761282195603013,0.01052,29.2058,2848,0.00398677508941725,TRUE,""
ENSG00000228439,TSTD3,t2d,null,0.00896479050419192,0.666919425572451,0.0001279,28.1319,3697,0.00382636913944994,TRUE,""
ENSG00000228444,LMO7-AS1,fbg,null,-0.000508418906351104,0.974266251454282,0.0008019,12.6982,2406,0.00370501429394246,TRUE,""
ENSG00000228446,AC073052.1,cad,grey,-0.0329226126883935,0.348501423761085,9.302e-05,15.5744,5683,0.00544418710321186,TRUE,""
ENSG00000228451,SDAD1P1,cad,null,-0.0149983521876542,0.59743694916693,9.647e-07,23.2442,7225,0.00061729564843135,TRUE,""
ENSG00000228452,RP5-994D16.9,t2d,null,-0.00655382562755153,0.823220892751275,2.469e-05,22.6415,3311,0.00394080857700816,TRUE,""
ENSG00000228476,CSTP1,t2d,null,-0.0567493292777539,0.585999172905987,0.004102,7.0805,5314,0.00611500924795951,TRUE,""
ENSG00000228486,AC017099.3,cad,null,0.0126626713199906,0.539940330191881,0.0004989,43.2832,2807,0.00459502556485712,TRUE,""
ENSG00000228495,RP3-523C21.1,t2d,grey,0.0789850162507137,0.419771242383785,2.427e-08,8.0053,3854,7.45735848241695e-05,TRUE,""
ENSG00000228506,RP11-98I9.4,t2d,grey,-0.0168645263372745,0.227310058016444,0.0009796,66.3806,3735,0.00617281859574087,TRUE,""
ENSG00000228623,ZNF883,t2d,null,0.082675180484629,0.546392540969256,0.0001194,19.5749,3877,0.00992871484030546,TRUE,""
ENSG00000228653,RP11-321E8.2,cad,null,0.0194696964059722,0.638571533177075,0.0007088,10.2806,4950,0.00337359502243929,TRUE,""
ENSG00000228663,PSMD10P1,t2d,grey,0.0872022022512107,0.384821085392298,3.432e-06,6.2061,3836,0.0022897166517232,TRUE,""
ENSG00000228672,PROB1,t2d,grey,-0.15882209760982,0.160092090674302,0.001143,10.7897,1791,0.0100975821907367,TRUE,""
ENSG00000228692,RP5-826L7.1,t2d,grey,0.110062222020335,0.0801183137276342,0.0003839,15.655,4548,0.0321375804558859,TRUE,""
ENSG00000228701,RP11-251A15.4,cad,null,-0.00380927584183273,0.812433265726068,2.692e-05,24.2092,4438,0.00229363678919361,TRUE,""
ENSG00000228719,RP5-1119A7.14,t2d,null,0.0156426173763624,0.851268623688206,0.000251,6.5523,3185,0.00392937001053888,TRUE,""
ENSG00000228719,RP5-1119A7.14,fbg,null,-0.0125140939010899,0.698684565645401,0.003134,6.5523,2121,0.00408333828298469,TRUE,""
ENSG00000228775,RP5-894A10.5,cad,grey,0.00629368047508193,0.497409451259859,4.213e-05,52.0006,3710,0.0044159758151994,TRUE,""
ENSG00000228775,RP5-894A10.5,t2d,null,0.00115936219277825,0.928490976066494,2.611e-05,52.0006,2404,0.00276783467586705,TRUE,""
ENSG00000228784,AC013400.2,fbg,grey,0.0336797923442499,0.189351486043285,0.0006389,18.7035,2458,0.00878791124290392,TRUE,""
ENSG00000228801,RP11-110G21.1,t2d,grey,0.106274960288918,0.11514760619062,0.002877,11.6559,4185,0.0170205952587283,TRUE,""
ENSG00000228804,RP11-211G3.3,t2d,grey,-0.0654700692326453,0.18375947113462,4.385e-13,11.7619,3498,8.04042748706396e-09,TRUE,""
ENSG00000228960,OR2A9P,cad,grey,-0.0211768693661091,0.204358769913803,0.0009483,28.6126,4080,0.00815151605355166,TRUE,""
ENSG00000228998,RP11-697E2.7,fbg,grey,-0.00960043549847518,0.472294969945709,0.0008607,31.4753,1761,0.00484930050295329,TRUE,""
ENSG00000229036,RP1-20N2.6,t2d,null,-0.0378520001145269,0.566701119222339,1.736e-07,10.7779,3176,0.000743225340902943,TRUE,""
ENSG00000229052,RP11-386I23.1,fbg,grey,-0.0268623387607422,0.391365938307552,0.001528,7.2101,1305,0.00616713858529455,TRUE,""
ENSG00000229056,AC020571.3,cad,grey,-0.0577347097741643,0.443008217236531,0.0001422,6.3263,4752,0.00418060891155473,TRUE,""
ENSG00000229106,RP11-4M23.2,cad,null,0.0555228304230129,0.629267134854082,2.061e-05,6.6234,4259,0.00236474899851327,TRUE,""
ENSG00000229127,AC007038.7,t2d,null,0.0240376782820049,0.665669631939866,0.005677,10.8003,3830,0.00448467927486128,TRUE,""
ENSG00000229153,EPHA1-AS1,fbg,grey,0.00863249535490584,0.278660494899244,0.002779,41.214,1207,0.00786267257225029,TRUE,""
ENSG00000229162,RP11-84D1.1,fbg,grey,0.0363016182867678,0.317310507862914,0.000818,6.4892,1289,0.00677507637851218,TRUE,""
ENSG00000229180,GS1-124K5.11,t2d,null,0.0210300081915472,0.589662040180909,4.715e-05,16.9302,3597,0.00458545837670541,TRUE,""
ENSG00000229205,LINC00200,fbg,null,0.0336582149422018,0.622339550672908,0.003307,12.6959,2459,0.00893016706619116,TRUE,""
ENSG00000229314,ORM1,fbg,null,-0.00525391543157517,0.578514721507944,0.0002867,61.0617,2587,0.00397178301600173,TRUE,""
ENSG00000229358,AC018633.4,fbg,grey,0.00517479922800651,0.461218374590665,0.0005646,55.3128,2212,0.0282968040184401,TRUE,""
ENSG00000229473,RGS17P1,fbg,null,0.0191279623082446,0.617075077451974,0.003434,6.199,1779,0.00489988946387879,TRUE,""
ENSG00000229515,FLT1P1,fbg,grey,-0.00714280958306292,0.398809120942745,0.0001969,32.5675,1707,0.00535725017968916,TRUE,""
ENSG00000229539,RP11-119B16.2,cad,null,-0.000948210910124568,0.97008634014818,2.117e-05,21.2944,6542,0.0028708506818407,TRUE,""
ENSG00000229590,MSX2P1,fbg,grey,-0.0101354091233001,0.434655471356171,0.00224,43.3267,1451,0.00538952283749485,TRUE,""
ENSG00000229628,AC073115.7,cad,grey,0.0285579152886751,0.28351177934117,3.64e-08,18.6208,6922,0.000286395934637603,TRUE,""
ENSG00000229628,AC073115.7,fbg,null,0.00849019103176828,0.541126024471668,0.002227,18.6208,2272,0.00541320984963706,TRUE,""
ENSG00000229647,AC007879.7,cad,grey,-0.0360605367983102,0.309312028034449,0.001357,12.5441,5117,0.00441272637065735,TRUE,""
ENSG00000229648,AC016753.7,t2d,null,0.0101962698857996,0.659937107321187,0.00221,29.5086,4017,0.0051414010823272,TRUE,""
ENSG00000229656,RP11-462L8.1,t2d,grey,0.257675958636073,0.317310507862914,0.0004794,4.627,5050,0.00921763111210451,TRUE,""
ENSG00000229677,RP11-383F6.1,fbg,grey,-0.0227732146279989,0.434655471356171,0.001846,8.1384,1466,0.0120152942235127,TRUE,""
ENSG00000229677,RP11-383F6.1,t2d,null,-0.0127530001916794,0.859339364707836,0.0005263,8.1384,2640,0.00401470178643094,TRUE,""
ENSG00000229692,SOS1-IT1,t2d,grey,0.149791483165881,0.381151603559063,0.0005393,6.9822,3576,0.00951920768990112,TRUE,""
ENSG00000229692,SOS1-IT1,fbg,null,0.0223093698332163,0.742817152223402,0.002244,6.9822,1755,0.00864019945432598,TRUE,""
ENSG00000229727,AC013460.1,t2d,null,-0.0559610482062216,0.751188081991049,5.234e-05,4.6228,3626,0.00378697400535947,TRUE,""
ENSG00000229728,RP11-314N13.3,t2d,grey,0.0445027315276612,0.478075227276107,0.000536,13.2917,3566,0.00673910768589941,TRUE,""
ENSG00000229769,TRBV10-2,cad,grey,-0.0150027095379906,0.368120250693519,0.0007078,41.81,3957,0.00382680077760858,TRUE,""
ENSG00000229808,RP11-456P18.2,cad,grey,0.105129686061934,0.0754403596268004,0.0005435,16.9304,5525,0.026729434467989,TRUE,""
ENSG00000229808,RP11-456P18.2,t2d,null,0.023654179363935,0.802587348634153,0.001249,16.9304,3769,0.0105153307021572,TRUE,""
ENSG00000229809,ZNF688,fbg,grey,0.137169472314542,0.202482800382933,0.007129,8.4195,497,0.0122944070178103,TRUE,""
ENSG00000229894,GK3P,t2d,null,-0.0711160840366448,0.570102033612566,0.006722,4.6952,4466,0.00470354965026877,TRUE,""
ENSG00000229931,RP1-151F17.1,cad,null,0.00126564177730665,0.994950131430799,1.235e-05,5.8607,5786,0.00610852291050771,TRUE,""
ENSG00000229988,HBBP1,cad,null,-0.0397613202350655,0.764177155622095,5.609e-13,6.6862,8571,1.84959805024294e-07,TRUE,""
ENSG00000230071,RPL4P6,fbg,null,-0.025380393027531,0.531971058097401,0.0001153,5.8451,1025,0.00498111514235495,TRUE,""
ENSG00000230084,RP4-613B23.1,fbg,grey,-0.0238298805089707,0.365115640660603,0.002533,14.941,1571,0.00942919221178442,TRUE,""
ENSG00000230091,TMEM254-AS1,cad,grey,0.0640660555875807,0.169557704860616,1.724e-11,25.3787,6763,1.39385152826657e-07,TRUE,""
ENSG00000230124,RP5-1180C10.2,fbg,grey,0.0119271163931514,0.381573905705021,0.0003106,24.1437,2013,0.00555298671110646,TRUE,""
ENSG00000230149,RP3-508I15.19,t2d,grey,0.193001462094739,0.238453215486607,0.002069,5.5707,2199,0.00876042244427378,TRUE,""
ENSG00000230319,AL022476.2,fbg,grey,-0.025626597424563,0.302423598900007,6.316e-05,7.9683,2007,0.00613337143314156,TRUE,""
ENSG00000230373,GOLGA6L5,fbg,null,0.00091557862894467,0.937074486238219,0.001572,24.2912,1419,0.00470694451121866,TRUE,""
ENSG00000230424,RP1-43E13.2,fbg,grey,0.0343015684395944,0.397466925422593,0.001418,8.6725,1937,0.00882086922792363,TRUE,""
ENSG00000230445,LRRC37A6P,t2d,grey,-0.303183355382782,0.0632908322333453,0.006871,7.5144,4720,0.0205055132425998,TRUE,""
ENSG00000230537,RP11-305L7.1,t2d,grey,-0.0348528229671685,0.0941926785362718,3.61e-05,33.833,5151,0.0147420772386422,TRUE,""
ENSG00000230587,AC093609.1,t2d,grey,0.051767984810913,0.189097706098514,6.687e-28,15.5967,4342,4.87458405283061e-24,TRUE,""
ENSG00000230606,AC159540.1,t2d,null,-0.00194397333577811,0.86605252103331,0.0002378,54.0011,1740,0.00376872726739615,TRUE,""
ENSG00000230633,RP11-37E23.5,cad,grey,0.0183431333901239,0.245331054113535,1.189e-10,31.94,5408,2.48790604841921e-07,TRUE,""
ENSG00000230701,FBXW4P1,fbg,grey,0.0300934768811687,0.457568175062507,0.0008835,10.0154,1464,0.00599076461178508,TRUE,""
ENSG00000230715,RP11-274B21.4,fbg,null,0.000173455090538919,0.976536189986223,0.005595,62.8574,1146,0.00389782216733101,TRUE,""
ENSG00000230730,AC074011.2,cad,grey,-0.0188410452751493,0.0741455311114069,1.259e-05,37.5076,5623,0.0277735189759682,TRUE,""
ENSG00000230733,AC092171.4,cad,grey,0.159647965830184,0.0587579600808189,2.104e-08,8.2836,7042,0.000203258047627201,TRUE,""
ENSG00000230747,AC021188.4,t2d,grey,0.107275451262108,0.13514487229351,0.0002378,8.7806,794,0.0114256379286971,TRUE,""
ENSG00000230825,AC005532.5,cad,grey,0.0155106570456116,0.317310507862914,2.104e-08,24.6316,7344,3.09781627049822e-05,TRUE,""
ENSG00000230896,RP11-767N6.7,t2d,grey,0.146951909842401,0.120437188394991,0.0007634,6.6592,2762,0.0187138974160689,TRUE,""
ENSG00000230953,RP4-631H13.6,t2d,grey,-0.0894168340521663,0.178406057753558,0.0002519,8.3179,2989,0.00830773996812626,TRUE,""
ENSG00000230982,DSTNP1,cad,grey,-0.016078818293661,0.435590430382112,0.001779,20.2155,3407,0.00387684078824515,TRUE,""
ENSG00000231050,RP1-140A9.1,fbg,grey,-0.00763483496028011,0.232654673754248,0.002196,31.9225,640,0.00730622683499198,TRUE,""
ENSG00000231187,RP11-38L15.3,cad,null,-0.0439445532178303,0.702444696338871,0.002464,5.5599,1323,0.00453925279103131,TRUE,""
ENSG00000231202,TRGVB,fbg,grey,0.0194404825839487,0.113959193634688,0.001746,16.2744,2571,0.0123908862309532,TRUE,""
ENSG00000231259,AC125232.1,fbg,grey,-0.0047180478469387,0.434655471356171,0.000572,54.5622,656,0.0108488513060344,TRUE,""
ENSG00000231259,AC125232.1,t2d,null,-0.0090586518661223,0.5434561598092,0.0006453,54.5622,1539,0.00432175562116695,TRUE,""
ENSG00000231305,RP11-723O4.2,t2d,null,0.0161606167567194,0.851268623688206,0.0001176,15.7628,2855,0.0043058906541971,TRUE,""
ENSG00000231305,RP11-723O4.2,cad,null,-0.0116715565465196,0.84615250852728,3.656e-05,15.7628,4639,0.00250655419641203,TRUE,""
ENSG00000231312,AC007246.3,cad,grey,0.0302600564235949,0.309177618947532,8.958e-05,14.7076,5435,0.00438931225946208,TRUE,""
ENSG00000231345,RP11-564C4.6,cad,grey,-0.00970528037194209,0.145353824895129,0.000188,60.4358,3911,0.00718329842655967,TRUE,""
ENSG00000231365,RP11-418J17.1,fbg,grey,-0.00757966663076585,0.198542793686662,0.001686,44.4212,1734,0.0117665387851718,TRUE,""
ENSG00000231386,AC007395.4,fbg,grey,-0.00855145465769354,0.145795140951976,0.001085,34.7422,2038,0.0108714193674267,TRUE,""
ENSG00000231393,RP11-331F9.3,t2d,null,0.0853319013094587,0.549413339029627,0.0001264,6.5864,2786,0.00749879590591996,TRUE,""
ENSG00000231419,LINC00689,t2d,null,-0.0277371843413717,0.56037911774616,0.001903,21.8981,1998,0.00451451547745311,TRUE,""
ENSG00000231419,LINC00689,cad,null,-0.00663280495119757,0.846972707794471,0.0009955,21.8981,3775,0.00275082626022213,TRUE,""
ENSG00000231437,RP11-88H9.1,fbg,grey,0.0488467060371387,0.233461530493144,0.003243,8.5038,2070,0.0112692709174156,TRUE,""
ENSG00000231453,AC018470.4,t2d,grey,0.0908269425744273,0.312078862383083,7.821e-06,10.1905,3061,0.00540432219203033,TRUE,""
ENSG00000231466,CTA-246H3.11,cad,null,0.00902662691783529,0.903198689029561,2.389e-08,7.1649,5961,3.3177960421393e-05,TRUE,""
ENSG00000231581,RP5-997D24.5,fbg,null,0.00355906935924957,0.625286305140081,0.002695,38.9034,1790,0.00567479363722929,TRUE,""
ENSG00000231584,FAHD2CP,cad,null,-0.0153530897671182,0.696661882488179,0.001857,11.1019,1673,0.00306073619406772,TRUE,""
ENSG00000231611,AP006216.11,cad,null,0.0882011723545687,0.696124020168597,7.033e-13,6.1585,6396,2.12087846759458e-05,TRUE,""
ENSG00000231613,RP5-943J3.1,cad,null,0.00334272272349872,0.699522655082611,9.904e-06,48.084,4588,0.0020928754119161,TRUE,""
ENSG00000231621,AC013264.2,t2d,null,-0.00603914983917499,0.571213608372943,0.0005948,64.8356,2725,0.00516618227542817,TRUE,""
ENSG00000231721,AC058791.2,fbg,null,0.00522516535369925,0.617075077451974,0.001196,22.7133,1624,0.00428753399951512,TRUE,""
ENSG00000231752,EMBP1,cad,grey,-0.0467010058340529,0.271332121892765,0.005054,11.3245,566,0.00542863447258844,TRUE,""
ENSG00000231964,RP11-67C2.2,t2d,grey,0.0673652980014798,0.354844386050124,0.001591,10.3854,2611,0.00750732442867628,TRUE,""
ENSG00000231970,RP11-452K12.7,cad,grey,0.0594230405086266,0.363302140886898,1.675e-06,6.4035,4703,0.00191914999535651,TRUE,""
ENSG00000232053,AC009784.3,cad,grey,0.264964731764271,0.0639351829874655,0.001297,9.7188,5883,0.0226406788527629,TRUE,""
ENSG00000232065,AC023797.1,cad,null,-0.0361671495824523,0.552679335565412,0.0001971,6.8528,5311,0.00338442797806302,TRUE,""
ENSG00000232118,BACH1-AS1,t2d,null,-0.022595627453418,0.661128117889932,0.001603,8.7656,4796,0.00402421339152889,TRUE,""
ENSG00000232125,DYTN,cad,null,0.035061048744824,0.841480581121794,0.0005376,6.4581,5107,0.00345244376405243,TRUE,""
ENSG00000232208,RP3-477M7.5,t2d,null,0.00307629532031693,0.882225851923449,6.783e-05,28.0315,2067,0.00301193610494306,TRUE,""
ENSG00000232216,IGHV3-43,cad,null,-0.00462005566805134,0.815166464860674,0.001294,20.5607,1426,0.00386540265201799,TRUE,""
ENSG00000232216,IGHV3-43,fbg,null,0.00154001855601711,0.898418383157776,0.03855,20.5607,458,0.00543871859096822,TRUE,""
ENSG00000232224,LINC00202-1,t2d,null,0.0541000291495528,0.565291296994401,0.0079,12.7499,4959,0.004791384994001,TRUE,""
ENSG00000232254,CSF2RBP1,t2d,null,-0.0226811070236482,0.812998822226794,0.000251,7.1948,3094,0.0042539423339788,TRUE,""
ENSG00000232284,GNG12-AS1,cad,null,0.0358949526233109,0.519682035331273,0.0002924,16.9477,5574,0.00379565307157029,TRUE,""
ENSG00000232303,RP11-205M20.7,cad,null,-0.00142675387377753,0.972492190799539,0.0003904,9.2337,6303,0.00263425614366965,TRUE,""
ENSG00000232303,RP11-205M20.7,fbg,null,0.0128407848639978,0.561479628322256,0.0001706,9.2337,2281,0.00514736932269337,TRUE,""
ENSG00000232354,VIPR1-AS1,cad,null,-0.0101593213019291,0.717300494430804,0.000308,14.6076,5026,0.00277092171913015,TRUE,""
ENSG00000232388,LINC00493,t2d,grey,-0.033653252941446,0.357995197081633,0.0008121,20.0574,4423,0.00691068294864295,TRUE,""
ENSG00000232504,AC105053.4,t2d,grey,-0.0934179892752564,0.111154974055163,0.0006453,9.8705,3734,0.0141110020322371,TRUE,""
ENSG00000232528,RP4-673D20.3,t2d,null,0.0182958569328152,0.603769568459547,3.884e-06,16.6208,4190,0.00291350152744693,TRUE,""
ENSG00000232528,RP4-673D20.3,fbg,null,0.00312368289096844,0.836882810464227,0.002887,16.6208,2680,0.00410008161186485,TRUE,""
ENSG00000232533,AC093673.5,cad,grey,0.0598629316026115,0.137216038879824,0.0009483,18.5072,3007,0.0155022746094133,TRUE,""
ENSG00000232539,AP000288.2,t2d,grey,-0.123531153150923,0.250143871274301,0.0002278,7.0908,3370,0.0072180912095615,TRUE,""
ENSG00000232546,RP11-458F8.1,fbg,grey,0.010182397934037,0.41325337549364,0.007575,18.0934,1255,0.00601585321000992,TRUE,""
ENSG00000232559,GS1-124K5.12,fbg,null,0.00233675039040452,0.802587348634153,0.008703,34.9173,975,0.00562086725960423,TRUE,""
ENSG00000232573,RPL3P4,cad,null,0.00148128742171964,0.989900465142906,2.885e-16,5.0075,7097,0.011128034529957,TRUE,""
ENSG00000232630,PRPS1P2,t2d,grey,-0.0350170319967018,0.445761643145975,0.0008315,15.3465,2149,0.00439333110919519,TRUE,""
ENSG00000232630,PRPS1P2,fbg,grey,-0.0126290935070072,0.477904197979373,0.007229,15.3465,1228,0.00451593857946038,TRUE,""
ENSG00000232677,LINC00665,fbg,null,-0.00365634009163046,0.870484201959357,0.007285,29.4807,1089,0.0111986261077137,TRUE,""
ENSG00000232680,AC002511.3,t2d,null,-0.0054309172384398,0.940951444465206,1.012e-05,8.1948,2626,0.00177589151223587,TRUE,""
ENSG00000232686,ARID4B-IT1,t2d,grey,0.10568601852212,0.37705619893811,0.0004374,6.4713,3267,0.00750236671018408,TRUE,""
ENSG00000232686,ARID4B-IT1,cad,grey,0.0777689570257108,0.380810175904879,0.0001261,6.4713,5257,0.00571986047892074,TRUE,""
ENSG00000232706,FAM22HP,cad,grey,-0.0663343904800066,0.269832541889272,0.000188,6.3553,3921,0.00686903380359405,TRUE,""
ENSG00000232710,RP4-669P10.16,t2d,grey,0.199079427060096,0.141727646648091,9.51e-07,4.5873,2832,0.0168625136881504,TRUE,""
ENSG00000232713,AC010733.5,fbg,grey,0.0300670700690079,0.272740113942453,0.0003863,7.9872,1475,0.00700783342895142,TRUE,""
ENSG00000232719,RP11-13J8.1,cad,grey,0.0760830352115438,0.474047484682854,4.527e-05,5.068,4466,0.00385056762393576,TRUE,""
ENSG00000232759,AC002480.3,cad,null,0.0221169642849969,0.552679335565412,1.711e-05,12.1357,6414,0.00295192261858466,TRUE,""
ENSG00000232788,AC078883.3,t2d,null,0.0086114556417695,0.736149675971848,8.156e-05,26.7021,4207,0.00419299791389222,TRUE,""
ENSG00000232807,RP11-536K7.3,cad,grey,-0.0495936749902839,0.0629740028648041,0.0001085,17.7984,7880,0.0158015971037727,TRUE,""
ENSG00000232859,LYRM9,cad,null,0.0162216838707551,0.700522394103849,4.55e-06,24.2274,3605,0.00194126039910559,TRUE,""
ENSG00000232926,AC000078.5,fbg,grey,0.00649596399504102,0.43881634294658,0.0008333,26.1091,1532,0.00487460266164658,TRUE,""
ENSG00000232956,SNHG15,t2d,null,0.026734607841415,0.650042100820665,4.25e-09,27.4894,3052,9.1901006802895e-06,TRUE,""
ENSG00000233006,AC034220.3,fbg,grey,0.00992701589258971,0.342764082783861,0.003583,27.6467,1451,0.00621401457606875,TRUE,""
ENSG00000233077,RP11-290F20.2,cad,grey,-0.0867529662362211,0.0923105810118989,3.517e-07,11.7725,5580,0.000995802342327419,TRUE,""
ENSG00000233077,RP11-290F20.2,fbg,grey,0.03951125194917,0.163335906964225,0.0002977,11.7725,1867,0.0101080577295633,TRUE,""
ENSG00000233175,CTD-2020K17.3,cad,null,-0.00151428662038353,0.937728620843449,0.0001836,24.4763,2837,0.00220254528729207,TRUE,""
ENSG00000233175,CTD-2020K17.3,fbg,null,0.000605714648153414,0.956892098247027,0.002502,24.4763,637,0.00451783177499484,TRUE,""
ENSG00000233184,RP11-421L21.3,fbg,grey,-0.00975856397257581,0.21614570699231,0.0009393,35.725,2086,0.00941230336612834,TRUE,""
ENSG00000233236,AP001171.1,t2d,grey,-0.0260082120002802,0.299055232507361,4.287e-05,21.9626,4803,0.00587174274500031,TRUE,""
ENSG00000233236,AP001171.1,cad,grey,0.0147700957038628,0.419656375617377,0.001294,21.9626,7022,0.00358254297092287,TRUE,""
ENSG00000233266,HMGB1P31,cad,null,0.0104482285805572,0.569379541379991,0.0003928,22.0367,6547,0.00293861110767617,TRUE,""
ENSG00000233337,UBE2FP3,fbg,null,0.0122382444898372,0.722710426810277,0.002859,6.1331,2380,0.0050580564951632,TRUE,""
ENSG00000233387,RP11-342D11.3,cad,null,-0.00611201941682686,0.786247641141202,2.473e-06,19.4176,6570,0.00063926396309221,TRUE,""
ENSG00000233387,RP11-342D11.3,fbg,null,0.00191000606775839,0.879569359634668,0.003705,19.4176,2185,0.00402871146329279,TRUE,""
ENSG00000233429,HOTAIRM1,fbg,grey,0.00443712951367113,0.208368424819709,0.0002529,74.2322,2313,0.00469593420362704,TRUE,""
ENSG00000233452,STXBP5-AS1,t2d,null,-0.0284274058275223,0.537047450955428,5.487e-05,13.0441,3646,0.00350520419367164,TRUE,""
ENSG00000233452,STXBP5-AS1,cad,null,0.0198991840792656,0.546210515044642,0.0007039,13.0441,5053,0.00310279542422822,TRUE,""
ENSG00000233578,RP5-1022P6.3,cad,null,-0.0157668156958428,0.735185880692844,0.0002561,10.3088,6895,0.00327548342045188,TRUE,""
ENSG00000233578,RP5-1022P6.3,fbg,null,-0.0130247607922179,0.617075077451974,0.001057,10.3088,2533,0.00512159233000989,TRUE,""
ENSG00000233609,RP11-62H7.2,fbg,null,0.00195551175052767,0.738882680363527,7.614e-10,42.3015,2578,1.49238663959632e-06,TRUE,""
ENSG00000233614,DDX11L10,cad,grey,-0.0106431215279604,0.391365938307552,0.0002309,36.4601,2707,0.00434231586906447,TRUE,""
ENSG00000233621,RP11-422J8.1,t2d,grey,0.0262228480204753,0.234483393018555,0.001786,77.6787,3208,0.00414800605093019,TRUE,""
ENSG00000233621,RP11-422J8.1,cad,null,-0.006862053687601,0.671389024011197,4.129e-10,77.6787,5161,9.72615109676443e-06,TRUE,""
ENSG00000233673,ANAPC1P1,cad,null,-0.0381716269352247,0.514713999645175,2.558e-06,14.5112,2581,0.00135310579754096,TRUE,""
ENSG00000233730,RP4-666F24.3,cad,grey,0.106458336732079,0.416504786576218,4.159e-10,5.0611,5855,0.00201459697189032,TRUE,""
ENSG00000233730,RP4-666F24.3,fbg,null,0.0225200327702475,0.759943064406937,0.001272,5.0611,1822,0.0039872945706561,TRUE,""
ENSG00000233755,RP4-799D16.1,t2d,null,-0.0267789182307232,0.532936680761137,3.757e-06,13.037,2440,0.0017600087416824,TRUE,""
ENSG00000233791,RP11-134P9.1,cad,null,0.00502404111065912,0.94684707139927,0.0001225,19.4434,4802,0.00992752236750142,TRUE,""
ENSG00000233806,AC131097.3,cad,null,0.00518419527655956,0.633938683881346,0.0001469,48.0397,2892,0.00287226636027988,TRUE,""
ENSG00000233820,RP11-535M15.2,fbg,grey,-0.048024392954584,0.278660494899244,0.0007976,13.8816,1438,0.0100758526181657,TRUE,""
ENSG00000233850,AC103563.8,t2d,null,0.0666279646153656,0.725101998894464,0.0001824,7.2013,391,0.00451064982943809,TRUE,""
ENSG00000233899,RP4-742C19.8,t2d,grey,0.0719157552770216,0.224293681815482,0.002069,8.7931,2178,0.00807883154275139,TRUE,""
ENSG00000233929,MT1XP1,t2d,grey,-0.027728176787898,0.426349141743277,1.768e-05,16.2865,2544,0.00294493209822761,TRUE,""
ENSG00000233930,RP13-25N22.1,t2d,grey,0.0200923761344508,0.453254704753736,8.392e-05,39.9523,1829,0.00412410133841048,TRUE,""
ENSG00000233937,CTC-338M12.4,fbg,null,-0.0194805957927924,0.533795755724387,0.001253,10.6566,761,0.00649553242283424,TRUE,""
ENSG00000233961,RP11-87H9.2,cad,grey,-0.109049790631238,0.143216484185245,0.04109,5.8307,,,FALSE,对齐后仅 9 变异(<10)
ENSG00000234076,TPRG1-AS1,cad,null,-0.00419876982014099,0.968512734117354,0.0002117,5.2998,5894,0.0157561452741102,TRUE,""
ENSG00000234175,RP11-730A19.9,cad,grey,-0.0545922698623087,0.462720219158845,6.377e-10,5.8739,7268,6.976589617594e-05,TRUE,""
ENSG00000234199,AC010982.1,t2d,null,0.00741682167678297,0.825871154703571,0.01131,45.7739,3330,0.00825204400230445,TRUE,""
ENSG00000234222,RP11-315I20.1,cad,grey,-0.0492960908280006,0.0808521928418444,0.0002967,15.4927,61,0.0133268583530705,TRUE,""
ENSG00000234263,RP3-325F22.3,fbg,null,0.008496166723011,0.785062868547559,0.000343,8.6045,1704,0.00390590033163851,TRUE,""
ENSG00000234281,AC007970.1,fbg,grey,-0.0381049081685461,0.175468950513596,0.0002283,6.8222,1680,0.00907096316713188,TRUE,""
ENSG00000234281,AC007970.1,cad,null,-0.0344758692953513,0.504985075093846,0.0001627,6.8222,4693,0.00272048206419172,TRUE,""
ENSG00000234286,AC006026.13,t2d,grey,-0.0157324083397519,0.233140619428362,2.622e-05,39.098,4785,0.00502101169189497,TRUE,""
ENSG00000234327,AC012146.7,t2d,grey,-0.0311741724128625,0.299055232507361,2.989e-12,58.2977,3199,2.19403082193943e-08,TRUE,""
ENSG00000234336,JAZF1-AS1,cad,grey,0.039824814671895,0.271332121892765,2.432e-05,23.4483,6039,0.00374489909136591,TRUE,""
ENSG00000234389,AC007278.3,fbg,null,0.00224297391042535,0.671389024011197,6e-05,76.2984,2082,0.00798713535505689,TRUE,""
ENSG00000234420,ZNF37BP,t2d,grey,0.068912368817183,0.344027943080483,5.02e-06,17.0347,2993,0.00415201823765221,TRUE,""
ENSG00000234425,RP11-528G1.2,t2d,null,0.0403843528620936,0.548506235500147,0.001063,7.8293,3089,0.00436180942313475,TRUE,""
ENSG00000234484,RP1-55C23.7,fbg,null,-0.00184464393573395,0.738882680363527,0.0009308,47.7116,2307,0.00382876699664682,TRUE,""
ENSG00000234494,AC003665.1,fbg,grey,0.039399785705999,0.272740113942454,0.000547,6.3998,1353,0.0104923461247558,TRUE,""
ENSG00000234553,AC022431.3,cad,grey,0.0382065760488492,0.245758110306171,3.737e-08,11.6348,6239,9.16020909806392e-05,TRUE,""
ENSG00000234553,AC022431.3,fbg,grey,0.0158704238972143,0.383771766671715,0.0004019,11.6348,1967,0.00622099510026254,TRUE,""
ENSG00000234608,MAPKAPK5-AS1,t2d,grey,0.0277389176300948,0.472294969945709,0.0003157,37.8137,1701,0.00528245491976695,TRUE,""
ENSG00000234608,MAPKAPK5-AS1,fbg,null,0.00321610639189505,0.845297478259299,0.001915,37.8137,787,0.0052897217587721,TRUE,""
ENSG00000234614,AL450992.2,cad,grey,0.0791065645707243,0.241030964418943,2.85e-11,11.2427,3843,1.08914522415272e-07,TRUE,""
ENSG00000234618,RPSAP9,t2d,null,0.0370985647644441,0.684306640652092,0.001312,6.8925,4878,0.00468627015489244,TRUE,""
ENSG00000234771,RP11-395P17.3,fbg,null,-0.00607655789866551,0.709823590643094,0.00318,41.945,1064,0.00601368575383753,TRUE,""
ENSG00000234810,RP11-466L17.1,cad,null,-0.105573399952626,0.520316800507367,8.038e-28,5.0168,6505,0.00219562668669984,TRUE,""
ENSG00000234882,EIF3EP1,cad,grey,-0.0993871647676189,0.108324623558236,2.179e-05,15.2787,5894,0.0145907847404516,TRUE,""
ENSG00000234883,MIR155HG,t2d,grey,0.499131366091845,0.0743956131067338,4.439e-05,6.7308,4152,0.0287372882672607,TRUE,""
ENSG00000234883,MIR155HG,fbg,null,-0.0221388912379447,0.854536481393919,0.0008981,6.7308,1964,0.00731113533539717,TRUE,""
ENSG00000234902,AC007879.2,fbg,grey,-0.0188529016771893,0.464347229392465,4.062e-05,11.435,1716,0.00642305568630234,TRUE,""
ENSG00000234902,AC007879.2,t2d,null,-0.0370773732984724,0.574180909103245,3.745e-06,11.435,3656,0.00150744207760015,TRUE,""
ENSG00000235027,AC068580.6,cad,grey,0.110945892709477,0.106400957105162,0.0002549,9.8729,6287,0.0163452896781407,TRUE,""
ENSG00000235052,RP1-150O5.3,cad,null,-0.0305672740803002,0.726934399917106,2.061e-05,4.7409,4284,0.00523843734936724,TRUE,""
ENSG00000235138,RP11-374P20.4,cad,grey,-0.132139998665583,0.265311770602781,2.205e-14,4.6091,6805,0.0598035652025063,TRUE,""
ENSG00000235150,RP11-186O14.4,t2d,null,-0.038645143956105,0.559668927199412,3.914e-05,10.5598,3759,0.00325935820548827,TRUE,""
ENSG00000235191,NUCB1-AS1,t2d,null,0.0128897861440413,0.784403635120709,0.001253,14.525,1870,0.00529295035885613,TRUE,""
ENSG00000235231,AP000351.10,t2d,null,0.0061304635778307,0.622042443234244,0.0009148,54.8456,2506,0.00914668568477203,TRUE,""
ENSG00000235257,AC093415.2,cad,grey,0.0717355931898989,0.317310507862914,0.0003187,8.5823,4545,0.00603227687249961,TRUE,""
ENSG00000235257,AC093415.2,t2d,null,-0.0190142536165997,0.844274735076052,0.005872,8.5823,3070,0.00547831529839803,TRUE,""
ENSG00000235271,RP1-90L6.3,fbg,grey,-0.0242925377067484,0.0619481514134812,2.787e-05,21.4024,3080,0.0286560571739664,TRUE,""
ENSG00000235351,AC114730.11,cad,grey,0.0486678684118839,0.054939442232871,0.0001469,12.8922,3694,0.0185069054451659,TRUE,""
ENSG00000235374,SSR4P1,cad,grey,-0.0189136549092393,0.450941606478325,2.504e-05,19.2133,6371,0.00307791589712329,TRUE,""
ENSG00000235505,RP11-693N9.2,fbg,grey,0.0269815136994055,0.458463485620218,0.003109,23.9026,1927,0.00918929930260262,TRUE,""
ENSG00000235531,RP11-383H13.1,t2d,null,-0.0354604198798497,0.522406905507948,5.107e-06,18.1994,4609,0.00385180351467077,TRUE,""
ENSG00000235568,NFAM1,t2d,null,0.020163761607085,0.936237255972025,3.538e-05,8.8273,2960,0.00432796206842013,TRUE,""
ENSG00000235579,AC007283.4,fbg,null,0.0289268272518293,0.591554054889021,0.001904,5.3746,1585,0.00586298432356521,TRUE,""
ENSG00000235782,RP3-333A15.1,t2d,grey,0.0712266262836875,0.0795871742256823,0.0002827,13.1323,3092,0.0348360750161589,TRUE,""
ENSG00000235958,UBOX5-AS1,t2d,null,-0.00923833945668603,0.819764330638924,3.884e-06,13.4933,3967,0.00265380891532458,TRUE,""
ENSG00000235978,AC018816.3,t2d,null,0.000672921532832656,0.978438177451517,0.0002609,22.0458,4642,0.00342488542972855,TRUE,""
ENSG00000235978,AC018816.3,fbg,null,-0.00504691149624492,0.649436283726755,0.0001321,22.0458,2510,0.00416694511319521,TRUE,""
ENSG00000236114,RP11-517P14.7,cad,grey,-0.101742389573322,0.290594574719311,3.504e-24,6.0211,7183,1.92197496131431e-05,TRUE,""
ENSG00000236137,RP11-27K13.3,fbg,grey,0.0904709767200722,0.0619481514134812,0.0008496,9.578,1564,0.0474070668293574,TRUE,""
ENSG00000236137,RP11-27K13.3,cad,null,0.0258488504914492,0.727970796961297,6.759e-05,9.578,4360,0.00522772417633398,TRUE,""
ENSG00000236144,AD000090.2,t2d,grey,-0.0564287579582983,0.234046392046217,1.012e-05,15.6411,2697,0.00449575513838812,TRUE,""
ENSG00000236209,AC104135.2,t2d,null,-0.00652855514967639,0.56037911774616,0.00275,57.5904,3277,0.00706092819730908,TRUE,""
ENSG00000236213,AC006369.2,fbg,null,0.0013914833998971,0.771569465555293,0.0003389,48.2114,2354,0.00373183528549445,TRUE,""
ENSG00000236255,AC009404.2,t2d,grey,-0.12680632698706,0.0980623108556022,0.001095,13.7261,4061,0.0146175066311184,TRUE,""
ENSG00000236278,PEBP1P3,t2d,grey,0.194204855670403,0.261404826096038,0.001744,4.8541,4029,0.009397886801589,TRUE,""
ENSG00000236278,PEBP1P3,cad,grey,-0.154299748340868,0.222066092856628,4.243e-05,4.8541,5375,0.00703229117700029,TRUE,""
ENSG00000236304,AP001189.4,cad,null,-0.00777108348475529,0.507867300814076,1.48e-05,57.4433,5016,0.00188953943901104,TRUE,""
ENSG00000236320,SLFN14,t2d,grey,-0.327716379573261,0.0523218450165436,0.0002127,8.0479,2576,0.0216957611172862,TRUE,""
ENSG00000236320,SLFN14,fbg,grey,-0.094494906993517,0.154376307933322,0.001691,8.0479,1395,0.0175153769837172,TRUE,""
ENSG00000236383,LINC00854,t2d,null,-0.0325963684609021,0.793394868265903,2.278e-09,9.6806,2153,6.95097595042766e-07,TRUE,""
ENSG00000236397,DDX11L2,t2d,grey,0.0205271621369836,0.122514753054031,0.01131,79.5741,3425,0.00489871410872412,TRUE,""
ENSG00000236403,RP11-447M12.2,fbg,null,-0.0139157281611566,0.548506235500147,0.0001011,29.0198,2089,0.010861206612135,TRUE,""
ENSG00000236432,AC097662.2,t2d,grey,0.0854333315672774,0.387320978067789,5.864e-33,15.561,4385,2.15395992580435e-28,TRUE,""
ENSG00000236525,AC007278.2,fbg,grey,0.00946067299643813,0.185974874255209,6e-05,32.1398,2085,0.00952384521347362,TRUE,""
ENSG00000236682,AC068282.3,t2d,grey,-0.0120970303461488,0.204506267563147,0.0002361,76.2731,3982,0.0083391397652161,TRUE,""
ENSG00000236753,AC018642.1,cad,null,-0.00471393072250333,0.907698485974457,2.662e-06,12.5883,5110,0.00182218892330676,TRUE,""
ENSG00000236756,DNAJC9-AS1,t2d,grey,0.228851309292581,0.291633261467857,2.375e-08,4.706,2112,0.000864057752799593,TRUE,""
ENSG00000236778,INTS6-AS1,cad,null,-0.0238080596196669,0.6467129796159,0.0002025,22.0296,4646,0.00350487604503826,TRUE,""
ENSG00000236790,LINC00299,t2d,grey,-0.177155013755616,0.334285804496348,5.234e-05,7.1449,3142,0.0054568561353461,TRUE,""
ENSG00000236810,RP5-886K2.3,t2d,grey,0.0873562519454746,0.177015982874804,0.003197,9.1621,2447,0.00879688819522587,TRUE,""
ENSG00000236830,CBR3-AS1,t2d,grey,-0.0484006635771247,0.149009774089831,0.001475,17.4486,4522,0.0092714034045952,TRUE,""
ENSG00000236878,AC012363.7,fbg,grey,0.0338085381902653,0.0955807045456294,0.0007235,10.4989,1611,0.0150885386981262,TRUE,""
ENSG00000236935,AP003774.1,cad,null,-0.00419786957444675,0.564431895351643,0.0003938,72.8827,3388,0.00319604716360686,TRUE,""
ENSG00000236977,ANKRD44-IT1,t2d,null,0.061577863876674,0.574814164356031,0.0005948,5.4384,2800,0.00500672419168004,TRUE,""
ENSG00000237037,RP4-669P10.18,t2d,grey,0.0859442675618333,0.317310507862914,9.51e-07,11.9966,2827,0.00170823597150594,TRUE,""
ENSG00000237037,RP4-669P10.18,fbg,null,0.00741964899814388,0.844045631821958,6.316e-05,11.9966,1456,0.00733709977629433,TRUE,""
ENSG00000237054,PRMT5-AS1,t2d,grey,-0.072774797053091,0.322431439043554,0.001213,8.8136,3831,0.00688909133129438,TRUE,""
ENSG00000237054,PRMT5-AS1,cad,null,0.0185807992475977,0.731705934672859,0.0001667,8.8136,6091,0.00300996549948124,TRUE,""
ENSG00000237135,DDX10P1,fbg,null,-0.0047915421105656,0.69635620053955,0.0009483,24.7688,2046,0.00525469587286843,TRUE,""
ENSG00000237181,AC147651.4,cad,null,-0.042417510340066,0.728424377268948,1.038e-05,8.5525,4470,0.00268785761182201,TRUE,""
ENSG00000237190,CDKN2AIPNL,cad,null,-0.0373470635969261,0.854183078110751,0.000801,14.3225,4819,0.00868147870218308,TRUE,""
ENSG00000237217,AC008074.5,cad,null,0.0165511295834402,0.554948352553592,2.401e-07,20.9194,5069,0.000318587791805779,TRUE,""
ENSG00000237240,U47924.25,cad,grey,-0.102768888544239,0.0646808438473685,6.152e-10,6.9865,5109,4.87318287910198e-06,TRUE,""
ENSG00000237240,U47924.25,fbg,null,0.0113140060782648,0.752162308378054,0.003216,6.9865,1483,0.00830783735055885,TRUE,""
ENSG00000237248,RP11-118B22.2,fbg,grey,0.0284605859009343,0.153127451019669,0.002978,36.4809,1768,0.0284969969567333,TRUE,""
ENSG00000237276,ANO7L1,cad,null,0.0132945286114364,0.5910511282285,0.0002725,41.4661,4760,0.00421754461714796,TRUE,""
ENSG00000237301,RP4-680D5.2,fbg,grey,0.0134774126219208,0.247578913503389,0.001479,17.4107,1474,0.0065582072324912,TRUE,""
ENSG00000237356,AL163953.3,t2d,grey,0.2469637012675,0.147617050592047,1.514e-05,4.8277,3578,0.00702586159938327,TRUE,""
ENSG00000237356,AL163953.3,fbg,grey,-0.0791375396326796,0.325582413807624,0.003122,4.8277,1803,0.00915385964755563,TRUE,""
ENSG00000237419,RP11-885N19.6,cad,null,-0.00631559973709657,0.82846812706095,1.833e-06,14.5157,1154,0.00140569924344396,TRUE,""
ENSG00000237437,ASS1P12,cad,grey,-0.0835568891235223,0.317310507862914,0.0003904,5.4128,6138,0.00537190362887566,TRUE,""
ENSG00000237437,ASS1P12,t2d,null,0.0235003750659907,0.837927275162676,2.834e-09,5.4128,4259,4.79662135534836e-05,TRUE,""
ENSG00000237438,CECR7,cad,grey,-0.0134063391016968,0.173622508487857,0.0005369,49.61,4598,0.00714040806247077,TRUE,""
ENSG00000237471,AC073115.6,t2d,null,-0.0104637553007907,0.802587348634153,0.0001468,15.7955,4844,0.0036498135021639,TRUE,""
ENSG00000237471,AC073115.6,fbg,null,0.0100088094181476,0.541126024471668,0.002227,15.7955,2255,0.00555670010860445,TRUE,""
ENSG00000237513,RP11-325F22.2,t2d,grey,0.0356778674801977,0.0845274725159049,0.0002161,28.6724,3796,0.0159016681035304,TRUE,""
ENSG00000237517,DGCR5,fbg,null,-0.00605972769106514,0.826844797716898,0.0001662,18.1122,1857,0.00412376928646788,TRUE,""
ENSG00000237604,AP001056.1,fbg,null,0.000855610050160579,0.984356207118252,0.0007375,8.3988,1749,0.00592963128642215,TRUE,""
ENSG00000237637,FRY-AS1,fbg,null,0.00749156327454702,0.524539436435313,0.0003918,18.8667,2156,0.00480383688287476,TRUE,""
ENSG00000237693,IRGM,t2d,grey,-0.267315552995288,0.258040578093647,0.007961,9.9265,3803,0.014083509140312,TRUE,""
ENSG00000237702,TRBV3-1,fbg,null,0.00142897055746399,0.871864744932721,0.0004369,25.7529,1446,0.00373431218131291,TRUE,""
ENSG00000237781,RP11-54A4.2,fbg,null,0.00651897432470155,0.948408179199802,0.0002148,13.8046,732,0.0199956246897347,TRUE,""
ENSG00000237805,AC015849.2,cad,null,0.00669557696904837,0.826251081180617,0.0001905,17.7084,4294,0.00396569212938217,TRUE,""
ENSG00000237805,AC015849.2,fbg,null,-0.00074395299656093,0.96455013508576,0.001691,17.7084,1238,0.00566867751762065,TRUE,""
ENSG00000237840,FAM21FP,cad,null,0.000834792541479651,0.958025455470674,0.002464,26.6468,2783,0.00274906863931732,TRUE,""
ENSG00000237851,RP1-67K17.4,fbg,grey,0.0417159363715168,0.255149281100581,0.002826,9.7926,1991,0.0131612162699112,TRUE,""
ENSG00000237877,AC097500.2,t2d,grey,0.115704353196927,0.107013151147522,0.0004835,7.3287,3524,0.0135858901188557,TRUE,""
ENSG00000237892,KLF7-IT1,cad,grey,0.0516278279076271,0.495770621909408,0.001357,5.8773,4980,0.00408029654431274,TRUE,""
ENSG00000237927,RP3-393E18.2,t2d,null,0.0220385857095412,0.675678556624869,3.129e-10,27.8994,4681,9.07950683465591e-07,TRUE,""
ENSG00000237938,RP11-288I21.1,fbg,null,-0.00450772892726977,0.797068494359122,0.001479,13.9874,1403,0.00433352315055244,TRUE,""
ENSG00000237943,PRKCQ-AS1,fbg,grey,-0.0119704661856111,0.212800508179614,0.002801,91.553,2749,0.015225044389368,TRUE,""
ENSG00000237977,RP3-430N8.8,t2d,grey,-0.0209057027234764,0.348908337114016,9.169e-09,26.2416,3737,1.07161690130258e-05,TRUE,""
ENSG00000237990,CNTN4-AS1,fbg,null,0.00192897681931984,0.900523550339774,0.001667,17.0741,2961,0.00467564402546969,TRUE,""
ENSG00000238042,RP11-815M8.1,t2d,grey,-0.0219173342444099,0.273412340113948,0.0001163,28.252,2696,0.00651595576655426,TRUE,""
ENSG00000238062,AC105344.2,t2d,grey,-0.0870004946784955,0.484680040754928,0.004067,6.7422,3703,0.00512945773482034,TRUE,""
ENSG00000238078,RP11-295M18.2,fbg,grey,-0.00863742853095061,0.274064638609823,0.0007661,25.0807,1854,0.00692036647378057,TRUE,""
ENSG00000238121,LINC00426,fbg,grey,-0.0139680259850818,0.182422439451736,0.000186,41.6611,2364,0.00949147015941506,TRUE,""
ENSG00000238142,RP11-108M9.4,t2d,null,0.00197805150351915,0.939459380990615,0.000286,22.4791,2694,0.00375056307074529,TRUE,""
ENSG00000238142,RP11-108M9.4,cad,null,-0.000659350501173051,0.972492190799539,0.0002725,22.4791,4798,0.00252154296935445,TRUE,""
ENSG00000238150,AC008753.3,cad,null,-0.0648248324939334,0.542394927467182,4.138e-05,4.6105,7062,0.00570762689212889,TRUE,""
ENSG00000238160,AC116366.5,t2d,grey,0.0816989248379026,0.253592601370205,0.003207,12.4384,2757,0.0110997352155001,TRUE,""
ENSG00000238160,AC116366.5,fbg,grey,-0.0441293462628087,0.115379274211945,0.003583,12.4384,1500,0.0191462665459139,TRUE,""
ENSG00000238186,RP11-656D10.6,cad,grey,-0.124177073566111,0.357572759228743,2.56e-05,6.8785,5438,0.00798346140729853,TRUE,""
ENSG00000238186,RP11-656D10.6,t2d,null,-0.0386928562561072,0.843633699541536,2.733e-13,6.8785,3391,1.78276400923056e-08,TRUE,""
ENSG00000238198,RP11-31F15.2,t2d,null,-0.0399094993558728,0.63017433816751,1.834e-06,6.8132,2776,0.00247676626425698,TRUE,""
ENSG00000238201,AC114752.3,fbg,null,-0.0051932532424044,0.606447146740021,0.003442,24.2591,1571,0.00464715787309968,TRUE,""
ENSG00000238460,AC068587.2,t2d,grey,0.131694417887027,0.415349336139075,5.537e-07,4.7469,4456,0.00929971307312785,TRUE,""
ENSG00000238975,snoU13,fbg,null,0.00238289541044821,0.954431397113681,0.003243,6.0314,1838,0.00425079028728253,TRUE,""
ENSG00000239219,RP11-379K17.4,t2d,grey,-0.0892365731377195,0.424882213634753,7.584e-07,13.2474,3528,0.0014632387090103,TRUE,""
ENSG00000239219,RP11-379K17.4,cad,null,-0.0451830750064402,0.573175961296804,0.0001434,13.2474,5186,0.00373427117998986,TRUE,""
ENSG00000239219,RP11-379K17.4,fbg,null,-0.00451830750064402,0.916166996259808,7.249e-08,13.2474,1638,0.000375937756178434,TRUE,""
ENSG00000239235,AC008280.5,t2d,grey,0.123274944805498,0.20475654921552,0.0001901,9.6972,5071,0.0130644073441846,TRUE,""
ENSG00000239264,TXNDC5,cad,grey,-0.269226787178848,0.145795140951976,2.597e-06,6.4181,6690,0.0090238290743345,TRUE,""
ENSG00000239265,CLRN1-AS1,t2d,grey,0.0465834059011259,0.353111234506006,1.026e-10,24.4694,3488,8.49365983124619e-07,TRUE,""
ENSG00000239282,GATSL3,t2d,grey,-0.132714908553955,0.0559541719910542,9.169e-09,20.182,3575,2.95713393642549e-05,TRUE,""
ENSG00000239335,RP11-745O10.2,t2d,grey,0.0134995391244742,0.402474929547394,9.179e-17,69.0804,3197,6.82331675640949e-13,TRUE,""
ENSG00000239388,ASB14,t2d,grey,0.227084911000924,0.0885736271717574,2.6e-06,13.3014,4182,0.00565116460065378,TRUE,""
ENSG00000239419,Metazoa_SRP,cad,null,-0.116766077582814,0.534460065197794,0.0009483,5.0465,3125,0.00729579978898824,TRUE,""
ENSG00000239704,CDRT4,cad,null,-0.0116062523595996,0.722710426810277,0.002499,31.989,5617,0.00309819523013691,TRUE,""
ENSG00000239779,WBP1,t2d,null,0.0633293631702271,0.777034381777513,0.002211,7.6475,2924,0.00566567895601319,TRUE,""
ENSG00000239779,WBP1,fbg,null,-0.0158323407925568,0.858897500094722,0.001765,7.6475,1759,0.0056897752463215,TRUE,""
ENSG00000239855,IGKV1-6,t2d,null,-0.131776929694748,0.653378222115001,0.01611,5.46,1344,0.0115307557514821,TRUE,""
ENSG00000239857,GET4,fbg,grey,-0.0179903136657138,0.37951629965665,0.007487,26.5781,796,0.00562175583770282,TRUE,""
ENSG00000239887,C1orf226,fbg,null,0.0202148492314113,0.714474277651148,0.0001711,12.0062,2405,0.00493907055790258,TRUE,""
ENSG00000239911,PRKAG2-AS1,fbg,null,-0.0541562005575578,0.703945415151674,0.0003701,5.2047,1343,0.0106684147566582,TRUE,""
ENSG00000239941,RP11-246A10.1,t2d,grey,0.100259018314047,0.323554655973369,2.082e-10,5.519,3849,3.26127837528579e-05,TRUE,""
ENSG00000239941,RP11-246A10.1,fbg,null,0.0182289124207359,0.651547872829126,0.0002751,5.519,1822,0.00536991314477541,TRUE,""
ENSG00000239998,LILRA2,fbg,null,-0.00719910398600608,0.57377540363273,0.001442,50.8398,1357,0.00590862789058029,TRUE,""
ENSG00000240057,RP11-572M11.4,t2d,grey,0.0626332108210732,0.141727646648091,9.163e-07,16.9105,4137,0.00223090057306733,TRUE,""
ENSG00000240291,RP11-499P20.2,cad,grey,0.0132577075281238,0.0650626231730501,2.926e-05,61.1752,6535,0.0124612391828759,TRUE,""
ENSG00000240344,PPIL3,fbg,grey,-0.0207326693429102,0.453254704753736,0.001904,133.1048,1552,0.00483908022611935,TRUE,""
ENSG00000240399,RP1-228P16.1,fbg,grey,-0.017111753765068,0.0547250725205242,0.0001674,31.6438,1819,0.0271434874797908,TRUE,""
ENSG00000240401,AC012358.8,cad,grey,-0.118992795127829,0.402950363170514,2.751e-05,5.7344,6396,0.0474192565119058,TRUE,""
ENSG00000240445,FOXO3B,fbg,grey,0.0125165999749323,0.345753978677278,0.0008559,20.563,751,0.00653301524971706,TRUE,""
ENSG00000240694,PNMA2,cad,grey,0.0767412791457096,0.190079208997743,9.647e-07,17.6044,7479,0.000794852783777715,TRUE,""
ENSG00000240694,PNMA2,fbg,null,-0.0121170440756384,0.707660466654553,0.001454,17.6044,2562,0.00409555893455295,TRUE,""
ENSG00000240710,RP11-430C7.4,t2d,grey,0.055154724498601,0.410630376179832,9.455e-06,8.7416,3550,0.00372166546940824,TRUE,""
ENSG00000240710,RP11-430C7.4,fbg,null,0.0050912053383324,0.846529514964004,0.005261,8.7416,2199,0.00381844886760328,TRUE,""
ENSG00000240864,IGKV1-16,t2d,null,0.0705854072665869,0.66195956408547,0.01611,9.8763,1215,0.0111672028867649,TRUE,""
ENSG00000240891,PLCXD2,t2d,grey,0.398496742964906,0.262899084716929,0.001495,4.6005,4227,0.00531860988814684,TRUE,""
ENSG00000240954,RPL4P1,t2d,grey,-0.0344145812246785,0.469746505385684,0.0004196,12.9321,4830,0.00494421974334521,TRUE,""
ENSG00000241015,TPM3P9,cad,null,0.00647606437517337,0.582319373576693,4.138e-05,52.579,7265,0.0168031070041029,TRUE,""
ENSG00000241106,HLA-DOB,fbg,grey,-0.00995735529846625,0.304742757088453,0.0001221,44.5045,933,0.00956371793847889,TRUE,""
ENSG00000241134,RP5-1051J4.4,cad,grey,-0.0188837382505454,0.333437507366653,1.353e-20,45.7979,5369,1.96250308142619e-16,TRUE,""
ENSG00000241157,RP11-3K24.1,t2d,grey,0.0328323061733981,0.11903815356799,2.804e-06,48.1319,1469,0.0151763928933227,TRUE,""
ENSG00000241163,RP11-398A8.3,t2d,grey,0.0512806688192163,0.233859282692745,1.379e-06,19.7129,3406,0.000657407230364463,TRUE,""
ENSG00000241170,RP11-147I3.1,cad,grey,0.0469515373575033,0.317310507862914,4.758e-11,17.8888,4585,7.20926958748576e-07,TRUE,""
ENSG00000241170,RP11-147I3.1,t2d,null,-0.0276678702285287,0.672239138726747,0.0004482,17.8888,3263,0.00394865883011128,TRUE,""
ENSG00000241351,IGKV3-11,t2d,null,0.132287891766871,0.680312276748766,0.01611,4.9489,1317,0.0114984881515247,TRUE,""
ENSG00000241399,CD302,cad,null,-0.0132621616057279,0.738882680363527,0.0005249,45.7938,5989,0.00485996033355826,TRUE,""
ENSG00000241399,CD302,fbg,null,0.00454702683624957,0.841480581121794,0.0001329,45.7938,1783,0.00650811991678695,TRUE,""
ENSG00000241528,RP1-130H16.16,t2d,null,0.0178720787401226,0.819443443126355,9.169e-09,8.0332,3564,5.609228711595e-06,TRUE,""
ENSG00000241679,RP11-80H8.4,cad,grey,-0.043825246919502,0.239819289625164,5.632e-05,10.9861,5227,0.00476125793160821,TRUE,""
ENSG00000241837,ATP5O,cad,null,-0.0192959039691096,0.725680482382069,2.579e-33,18.3871,5207,3.03683509074009e-29,TRUE,""
ENSG00000242052,RP11-190C22.1,fbg,grey,-0.0294681268512516,0.260589034273618,0.001023,8.0472,1685,0.00898012885133812,TRUE,""
ENSG00000242110,AMACR,cad,grey,-0.0370242650157917,0.342112252616964,0.000259,36.5382,6090,0.00567113656772063,TRUE,""
ENSG00000242114,MTFP1,cad,grey,0.0988302663546469,0.0694648236677966,2.001e-07,19.3522,5158,0.000575002905162391,TRUE,""
ENSG00000242114,MTFP1,fbg,grey,0.0427147761363304,0.156580407089635,0.0006238,19.3522,1522,0.0116319845089109,TRUE,""
ENSG00000242125,SNHG3,fbg,null,0.0207104727595078,0.744543372864634,1.967e-05,17.577,1055,0.0112267609866309,TRUE,""
ENSG00000242154,RP4-778K6.3,t2d,null,0.0237312850863101,0.810586542214324,0.0002161,7.6676,3577,0.00538286330106128,TRUE,""
ENSG00000242265,PEG10,cad,null,0.0043772494951339,0.930099780966425,3.392e-05,20.2633,4667,0.0024466256375576,TRUE,""
ENSG00000242324,RP4-576H24.2,t2d,grey,0.0705577758478793,0.311963252967035,3.884e-06,14.7085,3888,0.00435760779380462,TRUE,""
ENSG00000242324,RP4-576H24.2,fbg,null,0.00930432208983023,0.872881074217134,0.002887,14.7085,2656,0.00611733183484602,TRUE,""
ENSG00000242550,SERPINB10,cad,grey,-0.0355803685841104,0.221623602459394,2.434e-06,73.2857,6450,0.0023894620216688,TRUE,""
ENSG00000242588,RP11-274B21.1,cad,null,-0.00323447243696261,0.930099780966425,0.000361,23.1841,4988,0.00263409668879011,TRUE,""
ENSG00000242612,DECR2,cad,grey,0.0236747642360226,0.208167370333965,0.0002309,54.5183,3948,0.00386604816611715,TRUE,""
ENSG00000243056,EIF4EBP3,cad,null,-0.0797824310910799,0.611830211094122,1.616e-05,6.796,3763,0.00436191467253259,TRUE,""
ENSG00000243244,STON1,t2d,null,-0.0222071014571998,0.712092231180222,0.005283,22.6062,4730,0.00428226871400787,TRUE,""
ENSG00000243302,RP11-274B21.2,fbg,null,0.000193913854948229,0.975070165131246,0.005595,38.2309,1146,0.00389888782536874,TRUE,""
ENSG00000243323,PTPRVP,fbg,grey,0.0181573742306013,0.203114836343132,0.0004556,17.1576,1855,0.00872972719513924,TRUE,""
ENSG00000243417,RP11-555K12.1,cad,grey,-0.0334789241398402,0.435590430382112,2.802e-05,10.1917,5352,0.00323962728185192,TRUE,""
ENSG00000243449,C4orf48,cad,null,-0.0243518587514742,0.829467463683656,5.553e-06,8.2898,5477,0.00244707396321703,TRUE,""
ENSG00000243544,Metazoa_SRP,t2d,grey,0.0567230710920054,0.0825172121529694,0.0004137,20.6613,3923,0.0156815665782877,TRUE,""
ENSG00000243544,Metazoa_SRP,fbg,null,-0.0028720542325066,0.813980460416918,0.00227,20.6613,1612,0.00419634714788193,TRUE,""
ENSG00000243627,AP000322.53,cad,grey,0.0870096437082907,0.360825570956311,2.579e-33,7.8092,5221,2.64341009136122e-11,TRUE,""
ENSG00000243628,RP11-18I14.7,fbg,grey,-0.00950670154916094,0.119813814205544,0.0004215,39.367,987,0.00948699555700329,TRUE,""
ENSG00000243664,RPS29P12,cad,null,0.0023026776388981,0.907124205990156,0.0003857,21.8453,4549,0.00275327627605472,TRUE,""
ENSG00000243701,RP11-446H18.3,fbg,null,-0.021136312470416,0.559668927199412,8.605e-05,7.3677,1834,0.00482377849359175,TRUE,""
ENSG00000243725,TTC4,t2d,null,-0.0330126240020534,0.538300749018723,0.001828,25.8806,3725,0.004506049504319,TRUE,""
ENSG00000243789,JMJD7,fbg,grey,0.020412222255657,0.247578913503389,0.002544,13.9373,1216,0.00871854367665809,TRUE,""
ENSG00000243795,RP11-572M11.3,fbg,null,0.000581441907560992,0.95309266714744,0.000353,21.2902,1768,0.00401015361962463,TRUE,""
ENSG00000243797,CTB-111H14.1,t2d,grey,0.301223677863339,0.0871284179813883,0.0004314,4.8563,3603,0.0298101911226803,TRUE,""
ENSG00000243927,MRPS6,fbg,null,0.0034353365444264,0.821351959007176,0.002337,36.2701,1770,0.00381909212797292,TRUE,""
ENSG00000243960,RP11-552M11.4,fbg,grey,-0.03441438655093,0.457568175062507,0.002859,5.0849,2382,0.00492359266079234,TRUE,""
ENSG00000244041,RP1-90J20.7,t2d,grey,-0.026809016177641,0.419044064996388,0.003567,46.4437,4066,0.00672996324644556,TRUE,""
ENSG00000244063,AC024704.2,fbg,null,0.00556012182419293,0.760862912213715,0.007595,16.947,1660,0.00653333260707681,TRUE,""
ENSG00000244071,RPL9P33,cad,null,-0.0124206186534966,0.775096962195985,0.0008115,12.5171,7268,0.00359928411174294,TRUE,""
ENSG00000244071,RPL9P33,fbg,null,-0.00451658860127148,0.867632334778193,0.001116,12.5171,2132,0.00556012054944188,TRUE,""
ENSG00000244357,Metazoa_SRP,t2d,grey,0.0452016619757256,0.492242181257444,1.72e-05,8.4873,4448,0.00218939630336477,TRUE,""
ENSG00000244405,ETV5,fbg,null,-0.0115674336967029,0.760862912213715,5.479e-05,21.5429,1489,0.00461977593066579,TRUE,""
ENSG00000244462,RBM12,cad,null,0.0431771797169402,0.706137056836058,6.84e-12,8.4094,3348,5.13828257538024e-08,TRUE,""
ENSG00000244480,AC005154.7,cad,grey,-0.0597320659607985,0.346837735489548,9.184e-05,15.7709,5677,0.0120025092717639,TRUE,""
ENSG00000244509,APOBEC3C,fbg,grey,-0.0352264084751335,0.397909410228383,0.0001325,38.5999,1356,0.0147005868916337,TRUE,""
ENSG00000244515,KRT18P34,t2d,null,-0.0241779274123788,0.82604232532775,1.097e-05,10.7061,4117,0.00280099972893994,TRUE,""
ENSG00000244556,RP11-128A6.2,cad,grey,0.0714507538588418,0.166562681737386,1.368e-23,8.2091,5576,4.93723597375601e-12,TRUE,""
ENSG00000244560,RP4-800G7.2,cad,grey,0.0610457322681733,0.0842582674795722,0.0002817,41.8786,4903,0.0177814480932078,TRUE,""
ENSG00000244607,CCDC13,cad,grey,-0.0381452738970965,0.407346960940474,0.000308,26.8066,4983,0.00444696784427841,TRUE,""
ENSG00000244723,ASLP1,t2d,null,-0.0139048459816714,0.620565176166909,0.002881,26.6701,2041,0.00560979103467379,TRUE,""
ENSG00000244879,GABPB1-AS1,t2d,null,-0.0119119511091749,0.63017433816751,1.18e-05,69.6069,3996,0.00165490468169814,TRUE,""
ENSG00000244945,RP11-1379J22.2,fbg,null,-0.0115661421733982,0.738882680363527,0.002403,7.9429,1798,0.00486956846559384,TRUE,""
ENSG00000245008,RP11-744N12.3,fbg,grey,0.0603479907562329,0.37577150825113,0.0001632,5.2381,2090,0.00581012403237659,TRUE,""
ENSG00000245156,RP11-867G23.3,t2d,grey,-0.142670718582151,0.219503994929322,1.634e-07,4.8032,1756,0.0148517794435895,TRUE,""
ENSG00000245275,CTB-157D17.1,t2d,null,0.0401812636631134,0.589038505260458,0.0002719,8.6763,4370,0.00363259420409244,TRUE,""
ENSG00000245534,RP11-219B17.1,t2d,grey,-0.0852280033772496,0.188064469834716,6.903e-05,11.222,4006,0.0119862683713879,TRUE,""
ENSG00000245534,RP11-219B17.1,fbg,null,0.0204811480984088,0.50952694326248,0.008843,11.222,2294,0.00688378277655542,TRUE,""
ENSG00000245552,RP11-712B9.2,fbg,null,0.112896792783635,0.534564994294914,0.0002126,6.8648,2222,0.0116805268446889,TRUE,""
ENSG00000245571,AP001258.4,cad,grey,-0.245621777065686,0.25867277054961,4.161e-06,6.5816,5001,0.013688640434607,TRUE,""
ENSG00000245648,RP11-277P12.20,fbg,grey,0.01180298065158,0.449195604488527,0.003867,16.7645,1841,0.00581663084567394,TRUE,""
ENSG00000245648,RP11-277P12.20,t2d,null,-0.014753725814475,0.706661108363665,0.0005402,16.7645,3638,0.00452000263434867,TRUE,""
ENSG00000245667,RP5-940J5.8,t2d,grey,0.0805207002862921,0.32818424412387,1.523e-06,7.4573,2568,0.00153636733737831,TRUE,""
ENSG00000245719,RP11-34F13.2,t2d,null,-0.079193380202932,0.585440934568927,4.578e-06,6.217,3341,0.00400064877768105,TRUE,""
ENSG00000245937,CTC-228N24.3,fbg,null,0.00754595151978791,0.524539436435313,0.009801,47.3745,2008,0.00513193312571302,TRUE,""
ENSG00000246067,RP11-113K21.5,cad,null,-0.000346158182407345,0.987725337120244,1.69e-05,21.4282,5967,0.00234340718791966,TRUE,""
ENSG00000246100,CTC-774J1.2,fbg,grey,0.0248314519258405,0.154157201104144,0.001912,30.1556,2259,0.0126182000298815,TRUE,""
ENSG00000246100,CTC-774J1.2,cad,null,-0.0148117432540101,0.641392006697977,2.991e-11,30.1556,5679,2.40737059148382e-07,TRUE,""
ENSG00000246214,RP11-260E18.1,cad,null,-0.00445105287223777,0.919193822126393,9.68e-06,11.3013,5482,0.0027736311095217,TRUE,""
ENSG00000246223,C14orf64,t2d,grey,-0.146717167923279,0.198012725077436,0.0008282,11.173,4969,0.0312922655435544,TRUE,""
ENSG00000246263,KB-431C1.4,t2d,grey,0.0218217079891632,0.312134812558399,0.0004261,31.9521,4211,0.00675095125164434,TRUE,""
ENSG00000246334,PRR7-AS1,fbg,null,0.00726903740609218,0.761866768188248,0.001176,9.8859,1165,0.00391787454134199,TRUE,""
ENSG00000246339,EXTL3-AS1,t2d,null,-0.0503490596011516,0.535091124596743,2.818e-05,7.2188,3537,0.00373448170433506,TRUE,""
ENSG00000246363,RP11-13A1.1,fbg,grey,-0.0209103359770736,0.247578913503389,0.005169,18.3342,1448,0.00743340433910252,TRUE,""
ENSG00000246375,RP11-10L7.1,t2d,grey,-0.0922675674484637,0.104599918552922,2.511e-05,19.9234,4143,0.0244685789604015,TRUE,""
ENSG00000246430,RP11-16M8.2,fbg,grey,-0.15379807391934,0.109598583399116,8.55e-05,5.4611,1986,0.0167902279471726,TRUE,""
ENSG00000246430,RP11-16M8.2,cad,null,0.0961237961995872,0.539192141149036,0.002926,5.4611,6421,0.00804938654499427,TRUE,""
ENSG00000246465,RP11-57A19.2,cad,null,-0.0178546707978181,0.681926207868363,0.0002338,9.7693,3350,0.00281310389469337,TRUE,""
ENSG00000246548,RP11-7F17.5,t2d,grey,-0.0144972822999478,0.400088372454833,1.085e-05,35.3007,4725,0.00349558255250365,TRUE,""
ENSG00000246575,AC093162.5,fbg,grey,0.0107852804437608,0.366406064176293,0.0003968,18.3464,1865,0.00557841005237223,TRUE,""
ENSG00000246731,CTD-2514K5.2,cad,null,-0.0302426971053723,0.909089674944665,5.543e-05,6.7025,5961,0.00890399145176742,TRUE,""
ENSG00000246763,CTC-463N11.3,cad,grey,0.257429839682693,0.0650626231730501,0.001102,6.7137,5702,0.0148400950398271,TRUE,""
ENSG00000246898,CTD-2258A20.4,cad,grey,0.00787522747182028,0.376024020505459,0.0007039,56.8551,4679,0.00318981078445509,TRUE,""
ENSG00000246898,CTD-2258A20.4,t2d,null,0.00729187728872248,0.551684329116147,0.0002947,56.8551,3187,0.00447570407373733,TRUE,""
ENSG00000247287,RP11-902B17.1,cad,grey,0.105639891825916,0.311223436849471,0.0002353,5.6157,4966,0.00632220231111101,TRUE,""
ENSG00000247400,DNAJC3-AS1,t2d,grey,-0.0601246975058031,0.335566110230856,0.0006856,19.4548,4215,0.00540196709428512,TRUE,""
ENSG00000247572,CTC-281B15.1,t2d,grey,0.0230219147191679,0.366533816380381,0.002517,39.239,3710,0.0109358206493076,TRUE,""
ENSG00000248278,RP11-463M16.4,t2d,grey,0.150838860123819,0.117042788229434,1.517e-13,7.5311,3036,5.14166077982031e-07,TRUE,""
ENSG00000248278,RP11-463M16.4,cad,null,-0.0286871451769226,0.675275389995957,1.63e-15,7.5311,4591,5.57400537633771e-09,TRUE,""
ENSG00000248333,CDK11B,cad,null,0.0402461363238222,0.521506023912167,1.326e-08,16.6304,3527,3.62135280601049e-05,TRUE,""
ENSG00000248429,RP11-597D13.9,fbg,grey,-0.012033043391026,0.198542793686662,0.00331,33.2873,1441,0.0115353568951588,TRUE,""
ENSG00000248476,BACH1-IT1,fbg,null,-0.0733562307874227,0.516565503095008,0.0004242,5.1754,2212,0.00493117565938824,TRUE,""
ENSG00000248487,ABHD14A,cad,grey,0.20725023840613,0.384098033535807,1.223e-08,10.8028,3099,0.000210835086841916,TRUE,""
ENSG00000248514,CTC-338M12.1,cad,null,-0.00975295010667353,0.936742243627213,0.0003857,5.0437,3742,0.00383247928468087,TRUE,""
ENSG00000248632,RP11-366M4.11,t2d,grey,0.0451921169483103,0.347663779997862,0.004696,17.7216,4579,0.00775175523566636,TRUE,""
ENSG00000248794,CTD-2248H3.1,fbg,null,-0.00260704036606368,0.732271676747657,0.00278,32.8466,1708,0.00489900509164474,TRUE,""
ENSG00000248810,RP11-362F19.1,cad,grey,0.00641620715305429,0.493842236243828,0.001277,54.4218,5180,0.00404457620340839,TRUE,""
ENSG00000248905,FMN1,t2d,grey,-0.0609467693668894,0.125034429811867,0.0001041,67.3019,4132,0.00415194023207654,TRUE,""
ENSG00000248925,CTD-2083E4.6,t2d,null,0.0157582464093533,0.671629231263251,1.64e-05,16.3024,1280,0.000838004765954324,TRUE,""
ENSG00000249115,HAUS5,cad,null,-0.0323455501086025,0.796077407140949,4.085e-05,11.5086,5285,0.00392391348818707,TRUE,""
ENSG00000249207,RP11-360F5.1,t2d,grey,0.0516405175981235,0.215901514334649,7.585e-06,11.8659,4282,0.00476413856248692,TRUE,""
ENSG00000249307,RP11-438E5.1,cad,grey,0.0952794967368667,0.121635489549275,0.0006065,8.5226,4940,0.0111199592108648,TRUE,""
ENSG00000249396,RP11-1C1.4,cad,grey,-0.103235058529914,0.41325337549364,3.752e-13,7.3177,6376,9.39193919818764e-09,TRUE,""
ENSG00000249396,RP11-1C1.4,fbg,null,-0.0547057575115783,0.535257786937966,0.002262,7.3177,2616,0.0139672284801122,TRUE,""
ENSG00000249471,ZNF324B,fbg,null,0.0306756079527033,0.659085245942245,0.001716,7.9762,758,0.0045084784877966,TRUE,""
ENSG00000249502,AC006160.5,cad,null,0.00763650199979912,0.782654008414754,9.197e-06,13.2876,5937,0.00170206208576702,TRUE,""
ENSG00000249673,NOP14-AS1,fbg,grey,0.0424404107445315,0.18517115131359,0.003244,16.4876,1259,0.0119960958796553,TRUE,""
ENSG00000249685,RP11-360F5.3,fbg,null,-0.00319767859959997,0.674956824198369,0.00143,30.1255,1784,0.00403299629429835,TRUE,""
ENSG00000249709,ZNF564,fbg,grey,-0.0433226043009101,0.419982497240339,0.003793,6.0699,1052,0.00535612459248088,TRUE,""
ENSG00000249859,PVT1,t2d,null,-0.0221412012665957,0.59743694916693,3.95e-07,32.4793,4091,0.00111673944006979,TRUE,""
ENSG00000249898,CTD-2541M15.1,cad,grey,-0.0689619950809779,0.326271627657638,9.516e-05,11.1498,9109,0.0067588058522031,TRUE,""
ENSG00000249931,GOLGA8K,cad,grey,-0.0681707444021447,0.276326966118891,0.001072,7.8083,4926,0.00619648772909974,TRUE,""
ENSG00000250130,RP11-616K22.1,t2d,null,-0.0512345098868901,0.877731041501716,0.0004861,5.0685,1686,0.0118934628862094,TRUE,""
ENSG00000250131,RP11-130F10.1,cad,null,0.0287396054184196,0.875132262024472,1.469e-05,5.6486,5985,0.00409407000909813,TRUE,""
ENSG00000250132,RP11-359B12.1,cad,grey,-0.147865939108071,0.445531029601004,0.0001935,7.4133,6156,0.00437675348666022,TRUE,""
ENSG00000250138,RP11-848G14.5,cad,null,0.0226997790997683,0.50952694326248,0.0006084,13.7355,1934,0.0056162636224777,TRUE,""
ENSG00000250155,CTD-2353F22.1,cad,null,-0.00377072373464124,0.747012853671547,0.0003482,69.1148,4629,0.00257945189993037,TRUE,""
ENSG00000250251,PKD1P6,fbg,grey,0.0353158867260308,0.0791643267222243,0.01645,16.5912,863,0.0235448966506674,TRUE,""
ENSG00000250251,PKD1P6,cad,null,0.0147522058475825,0.668235141795249,5.946e-07,16.5912,3224,0.000651985492044058,TRUE,""
ENSG00000250303,RP11-356J5.12,cad,null,-0.0231898794852068,0.66477262525335,7.75e-07,11.3859,5007,0.000200308883996789,TRUE,""
ENSG00000250317,C4orf52,cad,null,-0.00893509528703151,0.947839154035476,6.774e-05,12.6758,5266,0.00443984310815957,TRUE,""
ENSG00000250334,RP11-234K19.2,cad,null,-0.00261912858604826,0.771569465555293,1.369e-14,51.6636,4864,7.50978539584903e-11,TRUE,""
ENSG00000250490,CTD-2324F15.2,fbg,grey,-0.0179108213091638,0.155795591786075,0.0002989,38.9239,2787,0.0151331439174714,TRUE,""
ENSG00000250490,CTD-2324F15.2,t2d,null,0.00936247477524471,0.768091818879866,0.0009488,38.9239,5280,0.00378158073745179,TRUE,""
ENSG00000250548,RP11-47I22.2,t2d,null,0.019254765061989,0.62258680024431,0.0001577,24.2696,3354,0.0067116749232999,TRUE,""
ENSG00000250559,RP11-397D12.6,cad,grey,-0.0270596948059709,0.395325086245385,0.000298,11.6655,5200,0.00391206013925268,TRUE,""
ENSG00000250658,RP11-138B4.1,t2d,null,0.000696817714988227,0.980541330250361,0.0003456,19.3179,3594,0.00368879876153501,TRUE,""
ENSG00000250696,RP11-704M14.1,t2d,null,-0.0138843260838591,0.626289142687671,0.0003986,29.9065,3339,0.00602979154009419,TRUE,""
ENSG00000250771,RP11-153M7.3,fbg,null,0.0190377798966107,0.760862912213715,0.0003264,10.3936,1741,0.0111077332028894,TRUE,""
ENSG00000250786,CTD-2001E22.2,t2d,null,0.00893006943365635,0.918308934545483,0.0008044,12.7532,4290,0.00358438602174424,TRUE,""
ENSG00000251000,AC008592.3,fbg,null,-0.000651870340262259,0.95309266714744,2.697e-09,34.1304,1926,7.97618766140873e-06,TRUE,""
ENSG00000251002,AE000661.37,cad,grey,0.0378626144983662,0.0764062068858814,0.0001667,19.7812,6925,0.00992337899379336,TRUE,""
ENSG00000251022,THAP9-AS1,t2d,null,-0.0103114829340864,0.574253823351366,4.587e-10,35.6885,3890,1.35779322695927e-06,TRUE,""
ENSG00000251050,RP11-168A11.4,t2d,grey,-0.054947393942626,0.152115557750044,3.761e-07,13.3885,3975,0.000355805180941961,TRUE,""
ENSG00000251060,U66061.31,t2d,null,0.00171792427352365,0.882225851923449,0.0007549,52.9637,2334,0.00417326039987783,TRUE,""
ENSG00000251060,U66061.31,fbg,null,-0.00300636747866638,0.524539436435313,0.002478,52.9637,1330,0.00627111476442568,TRUE,""
ENSG00000251075,HTT-AS1,fbg,null,0.00214549903295025,0.917037086176887,0.003244,28.8488,1245,0.0091188333832645,TRUE,""
ENSG00000251093,RP11-414H23.3,t2d,grey,0.151354657485138,0.428096685369846,0.001767,5.6914,3100,0.00882124557804554,TRUE,""
ENSG00000251093,RP11-414H23.3,fbg,null,-0.0228233213668066,0.773439524705324,0.00447,5.6914,1618,0.00842792780610877,TRUE,""
ENSG00000251215,GOLGA5P1,cad,grey,-0.0342390232230248,0.472294969945709,5.304e-06,9.187,5996,0.0019828783665285,TRUE,""
ENSG00000251215,GOLGA5P1,fbg,null,0.0141422052442929,0.587228165762067,0.002775,9.187,2171,0.00514797928065603,TRUE,""
ENSG00000251301,RP11-81H14.2,t2d,grey,0.0125034631331189,0.148613996455212,1.555e-05,69.6199,3851,0.00969292667395752,TRUE,""
ENSG00000251323,RP11-452H21.4,t2d,null,-0.00926068495576552,0.802587348634153,0.001728,20.8158,3398,0.00506042698180545,TRUE,""
ENSG00000251381,CTC-497E21.4,t2d,null,0.00754323282939239,0.648852322436184,0.000109,74.8331,4608,0.00418946302479138,TRUE,""
ENSG00000251390,RP11-276A18.2,cad,grey,-0.035614743103292,0.195624786869267,0.0008998,16.276,5903,0.00718994002031191,TRUE,""
ENSG00000251399,RP11-234K19.1,fbg,null,0.0185359565539519,0.66477262525335,0.002562,4.6198,1559,0.00476784083384436,TRUE,""
ENSG00000251411,RP11-397E7.4,cad,null,0.0187602992040186,0.639248343034235,2.309e-05,10.9233,5516,0.00543340679495918,TRUE,""
ENSG00000251441,RTEL1P1,t2d,grey,-0.105283665756905,0.0830364393775582,0.001057,13.4738,3291,0.0181387512768251,TRUE,""
ENSG00000251442,RP11-792D21.2,cad,null,-0.0105246861095288,0.567709166197353,0.0006065,77.648,4788,0.00278785577119808,TRUE,""
ENSG00000251450,CTC-459I6.1,t2d,grey,-0.0748237888836547,0.192302646043489,0.0002486,9.0676,4057,0.00754600340705958,TRUE,""
ENSG00000251450,CTC-459I6.1,fbg,grey,-0.0385015612702301,0.0873255405560041,0.00278,9.0676,1936,0.0200330343710131,TRUE,""
ENSG00000251485,AC068134.10,cad,null,-0.0825988240148123,0.652952423245679,1.148e-06,5.829,5437,0.000637357531497154,TRUE,""
ENSG00000251580,RP11-539L10.3,cad,null,-0.00254683300090134,0.887849686162036,0.0007186,31.0374,8323,0.00352571974051987,TRUE,""
ENSG00000251603,RP11-164P12.4,t2d,grey,-0.0498449094104314,0.224293681815482,2.317e-10,12.6866,3035,1.32106406196102e-06,TRUE,""
ENSG00000251603,RP11-164P12.4,cad,null,0.0103843561271732,0.725680482382069,0.004213,12.6866,4326,0.00268975473711234,TRUE,""
ENSG00000251606,CTD-2215E18.1,fbg,null,0.0081723583547663,0.684558919367902,2.697e-09,11.7993,1987,5.89404729120655e-06,TRUE,""
ENSG00000251634,RP11-1280N14.3,cad,grey,-0.0343917350224363,0.269386009983435,0.005866,11.8029,1977,0.00570587165174368,TRUE,""
ENSG00000251992,SCARNA17,cad,grey,-0.336042476886891,0.0535529886785761,1.136e-09,8.5882,5979,2.88106073234752e-05,TRUE,""
ENSG00000252010,SCARNA5,fbg,null,-0.00219407781164949,0.922905718287002,0.0002091,17.4562,2369,0.00401548030939394,TRUE,""
ENSG00000252481,SCARNA13,t2d,null,0.0648358530573451,0.594971496951515,0.009295,8.3595,4578,0.00445642343888524,TRUE,""
ENSG00000253047,SNORA40,fbg,grey,-0.0701933546872606,0.0826887231350612,0.0002148,5.2025,740,0.0166038873155057,TRUE,""
ENSG00000253047,SNORA40,cad,null,-0.0190354860168842,0.796357116257739,1.856e-08,5.2025,3013,0.00560124768430469,TRUE,""
ENSG00000253106,RP11-158K1.3,t2d,grey,0.352279250385749,0.0559320602023377,0.0004364,5.9167,4083,0.0312441445190324,TRUE,""
ENSG00000253106,RP11-158K1.3,cad,grey,0.219390992233118,0.0955807045456294,7.67e-23,5.9167,6032,5.18471607854518e-06,TRUE,""
ENSG00000253269,CTB-37A13.1,t2d,null,-0.0163562636174036,0.513210927875975,1.249e-05,20.1327,4651,0.00349928931058266,TRUE,""
ENSG00000253293,HOXA10,t2d,null,-0.00581685988235436,0.986002743281724,1.041e-43,6.1006,3908,4.45897863249719e-06,TRUE,""
ENSG00000253368,TRNP1,t2d,null,-0.118127924480608,0.669451739578227,1.251e-07,9.9607,1891,0.000550660218084493,TRUE,""
ENSG00000253394,LINC00534,fbg,null,-0.0028707791026716,0.879569359634668,0.03124,12.9167,1698,0.00412805130857081,TRUE,""
ENSG00000253520,RP11-798K23.5,fbg,null,-0.00112655360530222,0.937074486238219,0.002403,19.1365,1824,0.00449369210626235,TRUE,""
ENSG00000253522,hsa-mir-146a,cad,null,0.0400548958951258,0.876685395448225,5.475e-05,6.74,6567,0.00535374261302275,TRUE,""
ENSG00000253534,TRBV6-8,fbg,null,-0.00146142763538056,0.871864744932721,0.0004369,24.3827,1382,0.00373608452251787,TRUE,""
ENSG00000253549,RP11-317J10.2,t2d,grey,0.0158167888924467,0.362088653919252,0.0003369,33.7656,2342,0.00619330183444782,TRUE,""
ENSG00000253549,RP11-317J10.2,fbg,null,0.000219677623506204,0.975070165131246,0.003891,33.7656,1053,0.00395533698448067,TRUE,""
ENSG00000253559,OSGEPL1-AS1,cad,grey,0.0295980172854949,0.453254704753736,0.0001811,10.9151,4765,0.00384995818396368,TRUE,""
ENSG00000253559,OSGEPL1-AS1,t2d,null,-0.0308312680057239,0.569911515965334,0.001298,10.9151,3510,0.00495442026182291,TRUE,""
ENSG00000253649,PRSS51,fbg,null,-0.0135772280318152,0.796357116257739,0.0006266,7.4529,2876,0.00385059055962688,TRUE,""
ENSG00000253669,KB-1732A1.1,fbg,null,-0.0122893479029022,0.819202033401183,0.001151,9.8098,2151,0.00432229215515094,TRUE,""
ENSG00000253710,ALG11,t2d,grey,0.0444796157834416,0.447557298702989,3.134e-05,21.9876,2913,0.00353740294841574,TRUE,""
ENSG00000253719,ATXN7L3B,fbg,null,-0.00357395113604778,0.877731041501716,0.0003493,27.1122,1815,0.00483793263208555,TRUE,""
ENSG00000253738,GS1-251I9.4,t2d,null,0.0571041577268737,0.695997947392911,0.001353,15.3203,2857,0.00776063138117775,TRUE,""
ENSG00000253967,RP11-333A23.4,fbg,grey,-0.0107817515256838,0.491767700760523,0.0004601,15.1175,1891,0.00999425034587465,TRUE,""
ENSG00000253982,CTD-2336O2.1,t2d,grey,-0.0289796107648453,0.0816526503109918,6.662e-05,38.3966,5659,0.0178047543055291,TRUE,""
ENSG00000254004,ZNF260,cad,grey,-0.072950469841686,0.226402697791137,4.085e-05,18.2654,4336,0.00463113274247224,TRUE,""
ENSG00000254004,ZNF260,fbg,grey,-0.0447429548362341,0.188750072903293,0.007285,18.2654,1020,0.0129715843869894,TRUE,""
ENSG00000254006,RP11-1D12.2,cad,null,0.00297001247828254,0.931301948464218,2.559e-05,12.4874,4462,0.00183425263072788,TRUE,""
ENSG00000254017,IGHEP2,t2d,null,0.0484686334436078,0.639248343034235,3.013e-15,10.5824,4372,8.24669827807652e-11,TRUE,""
ENSG00000254017,IGHEP2,cad,null,0.00258499378365908,0.972492190799539,8.994e-05,10.5824,6502,0.00517388057366359,TRUE,""
ENSG00000254017,IGHEP2,fbg,null,0.0329586707416533,0.57934082521527,5.227e-09,10.5824,2542,0.000163122925039126,TRUE,""
ENSG00000254206,NPIPL3,fbg,grey,0.0389711008400863,0.116083133738655,0.01934,10.4684,419,0.0140764852293997,TRUE,""
ENSG00000254211,CTB-43E15.4,cad,null,0.0214861050155834,0.560506362142504,6.991e-06,11.7044,6476,0.0017082107254217,TRUE,""
ENSG00000254211,CTB-43E15.4,fbg,null,-0.00385648038741241,0.849944540437619,0.001533,11.7044,2477,0.00448514633783283,TRUE,""
ENSG00000254275,RP11-89M16.1,fbg,grey,0.079755047774077,0.168271909075758,0.0002184,8.0548,2383,0.0179760901122925,TRUE,""
ENSG00000254288,RP11-6I2.3,t2d,null,-0.0650717356494021,0.719109543538825,7.37e-05,6.4249,3876,0.00489481721429135,TRUE,""
ENSG00000254352,RP11-578O24.2,t2d,grey,-0.0384073874361206,0.281514632510023,0.0001714,15.7931,4306,0.00607342360256741,TRUE,""
ENSG00000254352,RP11-578O24.2,cad,grey,0.0188117816013652,0.453254704753736,0.001016,15.7931,5582,0.00383535084427898,TRUE,""
ENSG00000254353,RP11-195E2.4,fbg,null,-0.000782954116962592,0.90743137298496,0.008013,36.9455,639,0.00528044018636774,TRUE,""
ENSG00000254362,RP11-14I17.3,fbg,null,0.00922864376932941,0.65672128656377,0.001454,10.9952,2515,0.00457115734942034,TRUE,""
ENSG00000254396,RP11-56F10.3,t2d,null,0.00616648924722429,0.741649075011745,0.0008722,34.9604,4778,0.00446940595688152,TRUE,""
ENSG00000254429,CTD-2562J17.7,fbg,null,0.00629703264667474,0.805758374776525,0.001013,16.8337,1563,0.00784852323198756,TRUE,""
ENSG00000254470,AP5B1,cad,grey,-0.130122178213887,0.154157201104144,2.291e-11,13.8124,3378,3.30171159912587e-07,TRUE,""
ENSG00000254470,AP5B1,fbg,null,0.0114142261591129,0.747012853671547,0.003257,13.8124,859,0.00394953405476052,TRUE,""
ENSG00000254481,PTP4A2P2,cad,grey,0.0810748337172236,0.11887245375002,0.0001463,11.9754,6787,0.0130012396593551,TRUE,""
ENSG00000254505,CHMP4A,fbg,grey,-0.106410037617157,0.131849285642677,0.005151,18.3374,2101,0.0261718127507137,TRUE,""
ENSG00000254521,SIGLEC12,fbg,grey,0.0115232495526059,0.465555404903429,0.001116,38.1282,2095,0.00948959936031848,TRUE,""
ENSG00000254521,SIGLEC12,cad,null,0.00554823126606951,0.822649978513835,0.0008115,38.1282,7072,0.00303500052018284,TRUE,""
ENSG00000254595,CTD-2010I16.1,fbg,grey,-0.0155699974060896,0.230139340443417,0.0007164,22.8672,2933,0.00936144113157411,TRUE,""
ENSG00000254635,WAC-AS1,fbg,null,-0.000699879156778177,0.913909936512377,0.001934,43.1513,2557,0.00427311311969995,TRUE,""
ENSG00000254685,FPGT,fbg,grey,0.00800230261551519,0.333173268958951,5.638e-06,53.1995,1859,0.00494708375845189,TRUE,""
ENSG00000254703,FLI1-AS1,fbg,null,0.0187162810925363,0.705149527894255,0.0001632,5.5469,2110,0.00412343390665065,TRUE,""
ENSG00000254718,CTD-2184C24.2,fbg,null,-0.0145487198460427,0.649436283726755,0.002871,7.409,1481,0.00440659274853819,TRUE,""
ENSG00000254750,CASP1P2,t2d,grey,-0.0221250334440494,0.335798503195353,0.001446,25.8147,3816,0.00624285760110393,TRUE,""
ENSG00000254760,CTD-2616J11.3,fbg,grey,0.0803642769957941,0.232304160207264,0.001116,6.0156,2029,0.00882065489823645,TRUE,""
ENSG00000254760,CTD-2616J11.3,cad,null,-0.0186893667432079,0.873881476173793,0.0008115,6.0156,6910,0.00312215732985448,TRUE,""
ENSG00000254789,RP11-531H8.2,fbg,grey,-0.00688467447586168,0.26219758140346,0.002256,44.2319,1823,0.00640805335874537,TRUE,""
ENSG00000254812,RP11-661A12.12,fbg,grey,-0.017332093528447,0.173291909533135,0.002155,22.8552,972,0.0152490782505078,TRUE,""
ENSG00000254815,RP11-496I9.1,cad,grey,0.0733556656852102,0.180949304457742,8.347e-06,10.007,4320,0.00530041933995378,TRUE,""
ENSG00000254837,AP001372.2,cad,grey,-0.0418790644639078,0.0676116774205958,5.577e-07,53.2075,4723,0.0015057617649559,TRUE,""
ENSG00000254860,TMEM9B-AS1,cad,grey,0.017767500410746,0.165834164256516,6.257e-12,52.9001,5848,2.33310422438646e-08,TRUE,""
ENSG00000254860,TMEM9B-AS1,fbg,null,0.00311389182456374,0.662911145572604,5.144e-07,52.9001,1723,0.00187920445448767,TRUE,""
ENSG00000254918,RP11-259P6.1,cad,grey,-0.0985807796882851,0.124910931671284,0.0001463,11.4547,6813,0.0079012554760002,TRUE,""
ENSG00000254952,AP001257.1,fbg,null,-0.0135739200304085,0.841480581121794,3.119e-05,11.3557,1670,0.0121897942156192,TRUE,""
ENSG00000254965,RP11-113K21.2,t2d,grey,-0.106152321342129,0.180576190695732,0.0003412,10.0179,4244,0.0137453717127853,TRUE,""
ENSG00000254995,STX16-NPEPL1,t2d,null,-0.00626066842337523,0.920344325445942,2.586e-07,19.1545,3437,0.000621005905664913,TRUE,""
ENSG00000255045,RP11-677M14.2,cad,null,-0.0418121194878037,0.501500208935513,0.0003166,6.5998,6118,0.00317316307264214,TRUE,""
ENSG00000255142,AP006621.6,fbg,grey,0.0137059245219831,0.0577704316108834,0.004036,43.6374,1011,0.00970900056631744,TRUE,""
ENSG00000255142,AP006621.6,cad,null,0.00444516470983236,0.684169826249014,8.347e-06,43.6374,5198,0.00207011054805295,TRUE,""
ENSG00000255197,RP11-750H9.5,t2d,null,-0.0220226844575136,0.539655957159632,2.169e-07,15.01,2210,5.81137240794956e-05,TRUE,""
ENSG00000255221,CARD17,t2d,grey,-0.207949086057023,0.222518650656971,0.000337,11.9879,3792,0.0170533948618151,TRUE,""
ENSG00000255284,AP006621.5,fbg,null,0.00440383024152959,0.552679335565412,0.004036,54.2306,1015,0.0205565858347684,TRUE,""
ENSG00000255306,RP5-901A4.1,t2d,grey,-0.0175951762904231,0.471260218277979,0.0001353,26.9041,1895,0.00521051156952437,TRUE,""
ENSG00000255310,AF131215.2,cad,grey,0.0130657279581802,0.278660494899244,4.62e-05,36.8911,7935,0.00392908057206655,TRUE,""
ENSG00000255325,RP11-96B2.1,t2d,null,-0.0446325323926857,0.785988674956416,0.007178,6.051,3113,0.00753044647049712,TRUE,""
ENSG00000255354,RP11-148O21.2,cad,null,-0.0352188624834406,0.508601444069052,4.62e-05,14.1673,5916,0.00550615803553839,TRUE,""
ENSG00000255468,RP11-867G23.8,cad,grey,-0.123358751955302,0.144560595703453,2.291e-11,5.3501,3069,4.74248213602462e-05,TRUE,""
ENSG00000255468,RP11-867G23.8,t2d,null,0.0180186941058306,0.878444663743922,1.634e-07,5.3501,1740,0.000230441413586655,TRUE,""
ENSG00000255557,RP11-770G2.2,cad,grey,0.0247445407985867,0.199951364850716,2.291e-11,25.9862,3316,2.36503104393754e-07,TRUE,""
ENSG00000255559,ZNF252P-AS1,fbg,grey,-0.0721331349914956,0.417742017975973,0.03288,9.6144,338,0.00946473457499871,TRUE,""
ENSG00000255559,ZNF252P-AS1,t2d,null,0.0705983874384851,0.752709649944638,1.618e-08,9.6144,238,0.000127485597149155,TRUE,""
ENSG00000255571,CTD-2335A18.1,cad,grey,0.0661338217198001,0.195975282680321,5.206e-11,14.2342,5409,5.31927402735297e-08,TRUE,""
ENSG00000255571,CTD-2335A18.1,fbg,grey,0.0432074301902694,0.125707617716504,0.002619,14.2342,1656,0.0120913435965335,TRUE,""
ENSG00000255717,SNHG1,t2d,null,0.0286196960485414,0.835502047467024,6.39e-05,19.1455,2749,0.00870407302967364,TRUE,""
ENSG00000255733,IFNG-AS1,cad,grey,0.011162328440247,0.149675682559884,6.913e-05,67.2358,5897,0.00473889449185396,TRUE,""
ENSG00000255893,RP11-685N10.1,t2d,grey,-0.0129832160584393,0.353557582221532,0.0008794,47.1446,3549,0.00407094071040389,TRUE,""
ENSG00000255968,RP11-513G19.1,cad,grey,-0.0555347238957617,0.332197561388374,0.0005807,11.1615,6408,0.00697492272624199,TRUE,""
ENSG00000255987,RP11-1094M14.4,t2d,grey,-0.124118058665945,0.0728302282396493,0.0004728,14.0428,2614,0.0294171410634214,TRUE,""
ENSG00000256039,RP11-291B21.2,fbg,null,-0.00646262874142772,0.676922239021379,0.003867,17.2164,1982,0.00467275710675772,TRUE,""
ENSG00000256043,CTSO,cad,grey,0.136341762285456,0.268812208488231,3.337e-23,28.9275,6608,4.41917589983165e-18,TRUE,""
ENSG00000256060,TRAPPC2P1,cad,grey,0.0257653028993924,0.426892451605502,3.601e-05,34.6024,5918,0.00441702929419347,TRUE,""
ENSG00000256060,TRAPPC2P1,fbg,grey,-0.0159922569720366,0.379917247034355,0.001451,34.6024,1642,0.00716399071580246,TRUE,""
ENSG00000256084,RP11-134N1.2,t2d,grey,0.15095116254961,0.119648655954028,1.105e-05,10.8657,4304,0.0138407217410762,TRUE,""
ENSG00000256087,ZNF432,t2d,grey,-0.222570391238193,0.450521762224724,0.0001214,6.6379,3317,0.0107869493362662,TRUE,""
ENSG00000256092,RP13-942N8.1,t2d,grey,-0.0513867221101624,0.483039820580507,6.805e-13,43.2671,2833,9.39154108799056e-09,TRUE,""
ENSG00000256128,RP11-173C20.2,t2d,null,0.0336884499703373,0.804760401488793,0.002712,19.1385,4349,0.00862415705705327,TRUE,""
ENSG00000256171,GCSHP4,fbg,grey,-0.0404911348653355,0.247862996149615,0.002978,8.1445,1409,0.0108567360760281,TRUE,""
ENSG00000256229,ZNF486,cad,grey,0.0347354718565777,0.197860431493894,3.179e-07,25.9383,6198,0.0013693889495709,TRUE,""
ENSG00000256234,RP11-283G6.4,cad,null,-0.0508491434528196,0.562624686915214,0.0003599,5.4707,6417,0.00323588027590054,TRUE,""
ENSG00000256249,RP11-324E6.6,t2d,null,0.0014605721291162,0.91042696974349,2.075e-09,43.4932,2695,1.07795331553878e-05,TRUE,""
ENSG00000256271,CACNA1C-AS2,t2d,null,-0.00293745732690194,0.959787565031603,1.056e-05,14.6782,3607,0.00373911458486683,TRUE,""
ENSG00000256294,ZNF225,t2d,null,0.241965847753303,0.588344159616097,0.0009212,7.6839,2565,0.0102827623202176,TRUE,""
ENSG00000256357,RP11-349I1.2,cad,grey,-0.0353102275578791,0.433431393700326,8.439e-10,8.2386,7012,2.29070581742751e-06,TRUE,""
ENSG00000256433,RP1-102E24.8,fbg,grey,-0.0149078096061152,0.215297197625348,0.0005969,28.3352,1772,0.0115370476663249,TRUE,""
ENSG00000256448,RP11-809N8.4,t2d,grey,-0.0631779854594239,0.214260366723103,8.635e-25,18.0807,2736,3.20037475735771e-20,TRUE,""
ENSG00000256518,RP11-807H22.5,cad,null,-0.00322333977952635,0.858274230547457,0.0004224,20.0097,5015,0.00249579875493213,TRUE,""
ENSG00000256525,POLG2,fbg,grey,-0.0236056078559811,0.429835204622545,0.0101,15.1326,1142,0.00629615533413384,TRUE,""
ENSG00000256574,OR13A1,cad,grey,0.0237778643264918,0.479773648872755,7.495e-11,36.3574,4467,2.79678623597113e-07,TRUE,""
ENSG00000256576,RP13-977J11.2,fbg,null,0.000552159625736847,0.955695871316436,1.324e-05,26.8674,1346,0.00279187603073621,TRUE,""
ENSG00000256581,NLRP9P,t2d,null,0.00864903758651162,0.649436283726755,0.0005066,42.6057,3943,0.00508960672398513,TRUE,""
ENSG00000256612,CYP2B7P1,cad,grey,-0.0771384294490487,0.0676756418768157,2.362e-17,33.8517,4885,7.67240209755201e-13,TRUE,""
ENSG00000256633,RP11-169D4.2,fbg,null,0.00218773179994819,0.771569465555293,2.919e-08,30.5119,987,5.79859798465694e-05,TRUE,""
ENSG00000256660,CLEC12B,t2d,grey,-0.0160602147633994,0.224945154267061,0.000372,123.2009,3832,0.00714304691856181,TRUE,""
ENSG00000256660,CLEC12B,fbg,grey,-0.00535340492113312,0.303681109722319,0.0037,123.2009,2086,0.00775154868211557,TRUE,""
ENSG00000256720,RP11-436I9.6,t2d,grey,0.0264792163155954,0.364419095392323,0.000372,26.7865,2314,0.00690660602558516,TRUE,""
ENSG00000256720,RP11-436I9.6,cad,null,-0.0112027453642904,0.588518882160993,0.0003748,26.7865,4857,0.00312144559382927,TRUE,""
ENSG00000256771,ZNF253,fbg,grey,-0.0529561777984127,0.179561867612366,0.0007539,15.5754,1055,0.0108774852276929,TRUE,""
ENSG00000256913,RP1-102E24.6,fbg,null,-0.00247881058522213,0.922905718287002,0.0005969,7.9721,1697,0.00974293077628496,TRUE,""
ENSG00000256937,RP11-436I9.5,t2d,grey,0.0121662940200196,0.439043439667615,0.000372,39.7266,2301,0.00482823350658389,TRUE,""
ENSG00000256948,RP11-598F7.3,cad,null,0.0318430758492396,0.620308730144087,0.0001996,12.1863,3184,0.00532719914007569,TRUE,""
ENSG00000256973,RP11-359J14.2,fbg,grey,0.096302767873519,0.25748608086621,0.003714,5.4558,1811,0.0157980066564008,TRUE,""
ENSG00000256973,RP11-359J14.2,t2d,null,-0.0537794677735236,0.803705088046636,0.0001584,5.4558,3101,0.00794532253508644,TRUE,""
ENSG00000256973,RP11-359J14.2,cad,null,0.0650356354470518,0.64244305767423,0.0004655,5.4558,4625,0.00670635781326739,TRUE,""
ENSG00000257020,RP11-87C12.4,t2d,grey,0.056063671956218,0.317310507862914,1.976e-14,7.9489,3080,1.06697718123089e-10,TRUE,""
ENSG00000257052,RP11-881M11.2,fbg,grey,-0.0149559408889309,0.398809120942746,2.59e-11,13.3897,1492,5.458465757858e-08,TRUE,""
ENSG00000257122,RRN3P3,t2d,null,-0.0773668443164297,0.619184828671618,0.001308,8.5912,1583,0.00901730534857626,TRUE,""
ENSG00000257156,RP11-13A1.3,fbg,grey,-0.0479532280901871,0.260589034273618,0.005169,7.4182,1474,0.00701695954432104,TRUE,""
ENSG00000257156,RP11-13A1.3,cad,null,0.0399610234084893,0.604987669676503,8.643e-15,7.4182,3663,5.30513704281835e-10,TRUE,""
ENSG00000257242,RP11-24B21.1,cad,null,0.0240191273431212,0.720984861901671,0.0008019,7.5268,5416,0.00271628257447729,TRUE,""
ENSG00000257267,ZNF271,fbg,grey,-0.0216158888486469,0.165412255542075,0.001589,35.3437,1724,0.0097793573671396,TRUE,""
ENSG00000257267,ZNF271,cad,null,0.00955120670056491,0.734394503436344,7.87e-05,35.3437,4704,0.00208985766109445,TRUE,""
ENSG00000257275,RP11-164H13.1,fbg,null,-0.00485199418762632,0.886403006367064,0.0002344,12.2301,2662,0.00644957202663721,TRUE,""
ENSG00000257285,RP11-298I3.1,cad,null,0.005001211451479,0.753304047285912,0.0001667,32.6293,6051,0.00298012608101275,TRUE,""
ENSG00000257285,RP11-298I3.1,fbg,null,-0.000227327793249045,0.979005461093967,0.001745,32.6293,2314,0.00443015608710175,TRUE,""
ENSG00000257335,MGAM,fbg,grey,-0.0146260817548669,0.448704997513635,0.0004369,30.4251,1598,0.00527474056994045,TRUE,""
ENSG00000257335,MGAM,t2d,null,0.0286671202395391,0.507867300814076,0.0004768,30.4251,2553,0.00431620984141975,TRUE,""
ENSG00000257354,RP11-631N16.2,t2d,null,0.0534910501940781,0.529869571302304,0.0001703,6.7886,4383,0.00424716004996312,TRUE,""
ENSG00000257511,RP11-278C7.1,t2d,null,-0.0628000611403908,0.62349074696239,1.291e-06,6.3764,5818,0.00190730314648564,TRUE,""
ENSG00000257594,GALNT4,t2d,null,0.00134872066926868,0.938684739206775,0.0003302,76.6137,2634,0.00495978422019549,TRUE,""
ENSG00000257594,GALNT4,fbg,null,-0.00202308100390301,0.791236045636806,0.0007364,76.6137,1588,0.00439820146830773,TRUE,""
ENSG00000257599,RP11-677C1.2,t2d,null,0.0152826004707521,0.809499756514064,0.006766,18.1697,5884,0.00537043239489386,TRUE,""
ENSG00000257605,RP11-680A11.5,cad,null,0.0330832503045976,0.528191424707151,9.28e-13,9.1867,5574,1.06414202722919e-08,TRUE,""
ENSG00000257696,RP11-175P13.2,t2d,grey,0.133769901195281,0.140914880043338,0.00405,11.8181,3480,0.0195424062821719,TRUE,""
ENSG00000257704,PRR24,fbg,null,-0.00120962292163733,0.966414784500238,0.005501,58.4596,1345,0.0111657719329141,TRUE,""
ENSG00000257727,CNPY2,fbg,grey,0.06454744747089,0.185974874255209,0.0007165,19.3186,956,0.0176873758057638,TRUE,""
ENSG00000257743,RP11-1220K2.2,cad,grey,-0.067434480161886,0.125407103635138,0.0007078,26.2442,4108,0.0114529747164054,TRUE,""
ENSG00000257824,RP11-1049A21.2,cad,null,0.0249764436354715,0.778518657215875,9.28e-13,5.0873,5137,0.0262563419050192,TRUE,""
ENSG00000257924,RP11-493L12.5,t2d,grey,-0.0164808207375476,0.491767700760523,4.223e-06,22.4612,4307,0.00359564696132002,TRUE,""
ENSG00000258102,RP11-809C9.2,fbg,grey,0.0548902818549432,0.275910431690185,0.003552,9.8612,1935,0.0142351822923066,TRUE,""
ENSG00000258130,RP11-347C12.3,cad,null,-0.0471972613522473,0.696824668304046,0.0001223,4.5677,1854,0.00674112345129009,TRUE,""
ENSG00000258136,RP11-864J10.4,t2d,null,-0.0399927689972678,0.731034305380085,0.0003175,5.8306,4047,0.00476516908874577,TRUE,""
ENSG00000258172,RP11-1105G2.4,fbg,grey,-0.0167666445436716,0.182422439451736,0.005033,21.4871,2108,0.0112427792640268,TRUE,""
ENSG00000258289,CHURC1,cad,null,0.02005476008659,0.655926269150078,0.001687,137.9041,5416,0.017116995982622,TRUE,""
ENSG00000258311,RP11-644F5.10,fbg,null,-0.00448502225677527,0.811004442719249,0.0007165,74.8921,1226,0.0079376057580029,TRUE,""
ENSG00000258315,C17orf49,fbg,null,0.0178368087760631,0.705595683272677,0.001279,18.56,1575,0.00577786494112066,TRUE,""
ENSG00000258352,RP11-23J18.1,t2d,null,-0.0037867013270277,0.869175486772197,4.223e-06,27.4163,4007,0.00310456777113463,TRUE,""
ENSG00000258376,RP4-647C14.2,t2d,null,0.00731187660678086,0.750752673639858,0.002454,27.3902,4214,0.00404665050822062,TRUE,""
ENSG00000258382,CTD-2313J17.2,fbg,grey,0.0459869244998219,0.453254704753736,0.0008213,5.156,2627,0.00599804558333867,TRUE,""
ENSG00000258398,RP11-218E20.6,fbg,null,0.00325135365321711,0.662911145572604,0.0005409,34.4413,2178,0.00508396884969965,TRUE,""
ENSG00000258439,RP11-173A8.2,t2d,grey,-0.13094459749935,0.201327791983001,0.001504,5.7422,3192,0.00905498856856369,TRUE,""
ENSG00000258441,LINC00641,cad,null,0.0264007724763272,0.544144693769952,0.0002985,10.3955,7201,0.00327183043438285,TRUE,""
ENSG00000258473,RP11-7F17.4,fbg,null,0.0033997307188902,0.808451451773901,0.0001049,14.5647,2152,0.0038293559078602,TRUE,""
ENSG00000258499,RP11-862G15.2,t2d,grey,0.0400231007033539,0.486978879232671,0.002596,9.1956,4165,0.00473343608837341,TRUE,""
ENSG00000258499,RP11-862G15.2,cad,grey,0.0315971847658057,0.44563525329039,1.668e-05,9.1956,6335,0.00177137372881052,TRUE,""
ENSG00000258531,BANF1P1,cad,null,-0.010058242646949,0.884583528000224,3.249e-05,5.5383,4995,0.00348454430759082,TRUE,""
ENSG00000258546,RP11-713N11.3,cad,grey,0.0755001130842438,0.126931238256761,7.452e-05,8.1424,6750,0.00843571971992553,TRUE,""
ENSG00000258551,RP11-661P17.1,cad,grey,-0.0163615053649796,0.436700030722758,9.86e-27,21.7063,6076,1.34912117365468e-22,TRUE,""
ENSG00000258572,RP11-1070N10.3,t2d,grey,-0.0290237991156633,0.132022809861922,0.009295,43.5275,4579,0.0118701001766676,TRUE,""
ENSG00000258623,CTD-2325P2.3,t2d,null,0.0107404148316216,0.945640900275557,9.92e-06,5.4105,3732,0.00336077205608655,TRUE,""
ENSG00000258634,RP4-773N10.4,fbg,grey,-0.0366349315804494,0.247862996149615,0.001876,14.5951,1694,0.00791629357666636,TRUE,""
ENSG00000258686,RP4-773N10.5,t2d,null,0.143729510487425,0.517593873457392,2.834e-06,6.7558,2953,0.00246785853786877,TRUE,""
ENSG00000258689,RP6-65G23.1,t2d,grey,0.0440915613849548,0.43354929020045,9.205e-05,10.2804,3924,0.00524836316948473,TRUE,""
ENSG00000258704,RP11-85K15.2,cad,null,-0.0165974680063273,0.589662040180909,4.115e-05,21.4516,5615,0.00324360496797444,TRUE,""
ENSG00000258754,CTD-3049M7.1,cad,grey,0.0976768427529469,0.200872488721984,3.604e-06,16.5722,7195,0.00498617621544198,TRUE,""
ENSG00000258760,CTD-2509G16.5,cad,null,0.0251567925508964,0.726338697648762,0.001687,5.9987,5601,0.00336813523554152,TRUE,""
ENSG00000258760,CTD-2509G16.5,fbg,null,-0.00359382750727091,0.925307750889347,0.0005605,5.9987,1668,0.00474826530403477,TRUE,""
ENSG00000258768,CTD-2292M16.8,t2d,null,0.00369802855471877,0.948374484112812,0.0004196,18.0523,2301,0.00664055974300813,TRUE,""
ENSG00000258824,CTD-2555O16.2,t2d,null,0.0346636123773749,0.525236609352112,0.0008055,11.1022,3861,0.00555852907204761,TRUE,""
ENSG00000258831,RP11-76E17.4,cad,grey,0.0217081031618358,0.179770040387914,3.604e-06,37.5796,7141,0.00520084749807986,TRUE,""
ENSG00000258839,MC1R,t2d,null,0.0424449389683458,0.502391459956463,5.251e-06,68.9649,1722,0.0495678511469708,TRUE,""
ENSG00000258900,HNRPCP,cad,grey,-0.034112893709756,0.19186399240393,4.262e-08,16.7247,6280,0.000713907551957827,TRUE,""
ENSG00000258922,CTD-2313J17.1,cad,grey,-0.0472044844815397,0.213431098000033,0.0009093,14.6358,7557,0.00819516783337028,TRUE,""
ENSG00000258929,RP11-58E21.3,t2d,null,0.015109355452866,0.65763422889303,0.0005449,19.1443,3398,0.00431525971793904,TRUE,""
ENSG00000258959,RP11-1017G21.4,cad,null,0.00231718996888115,0.984558037141126,1.667e-05,9.1483,5359,0.00470489918430604,TRUE,""
ENSG00000258976,CTD-2207P18.2,t2d,grey,-0.0854217126590467,0.355967119733731,0.001504,8.1733,3227,0.00607915588243777,TRUE,""
ENSG00000259005,RP3-449M8.6,cad,grey,0.0179051630487961,0.344553982573777,3.601e-10,24.8791,5155,7.07444352006062e-07,TRUE,""
ENSG00000259015,RP11-109N23.6,t2d,grey,0.039442017589403,0.143604244350832,0.002454,19.9653,4380,0.0102868165552435,TRUE,""
ENSG00000259015,RP11-109N23.6,fbg,null,0.00640511396750989,0.539940330191881,0.002651,19.9653,2211,0.00455104709590155,TRUE,""
ENSG00000259056,DUXAP1,t2d,null,-0.0307765315132637,0.711570338646517,0.0042,9.0668,3658,0.00576981620535375,TRUE,""
ENSG00000259056,DUXAP1,cad,null,0.0104919993795217,0.859924253238214,1.813e-23,9.0668,5161,3.45816286245161e-14,TRUE,""
ENSG00000259062,ACTN1-AS1,fbg,null,-0.00357310920388325,0.927564826606211,0.001389,19.1398,1905,0.0098136875051305,TRUE,""
ENSG00000259070,LINC00639,fbg,grey,0.00911627362917448,0.216721062179052,0.001796,34.1644,1839,0.00958200583774835,TRUE,""
ENSG00000259088,CTD-2017C7.2,cad,grey,0.0650230672410826,0.46045657725458,1.667e-05,6.852,5545,0.00338614711263636,TRUE,""
ENSG00000259143,CTD-2240H23.2,cad,null,0.0142694720257008,0.513541407422535,8.439e-10,22.6195,7848,3.15903021271747e-06,TRUE,""
ENSG00000259150,RP11-1084I9.3,fbg,null,-0.00843224295497306,0.849944540437619,0.002054,5.1382,2264,0.0048192320481403,TRUE,""
ENSG00000259153,RP6-65G23.3,fbg,null,0.0137447465042181,0.567709166197353,0.006614,9.7936,1754,0.00500735644148451,TRUE,""
ENSG00000259162,RP11-203M5.6,t2d,null,0.00492246636902052,0.93436605637943,0.0004196,10.219,2519,0.00404269698481243,TRUE,""
ENSG00000259182,RP11-424I19.2,cad,grey,-0.0465344548484732,0.352461927180254,4.379e-05,11.8011,6113,0.0779488126483189,TRUE,""
ENSG00000259235,RP11-605F22.2,fbg,grey,-0.0111836475235976,0.0544703900274774,0.00276,67.3103,1925,0.046195180866087,TRUE,""
ENSG00000259250,RP11-50C13.1,cad,null,-0.0213892840008295,0.668235141795249,7.243e-06,14.8661,6041,0.00403489017340283,TRUE,""
ENSG00000259287,RP11-3D4.2,t2d,grey,0.158101171390486,0.236911763475742,0.0001041,10.0787,4793,0.0217166607009237,TRUE,""
ENSG00000259291,RP11-617F23.1,cad,null,-0.0236646148165978,0.534803837189754,9.86e-27,11.1872,5255,9.96451362899881e-23,TRUE,""
ENSG00000259293,RP11-355N15.1,cad,null,-0.00937249623265657,0.726338697648762,7.243e-06,13.8682,6175,0.00224262582685774,TRUE,""
ENSG00000259315,RP11-752G15.9,t2d,grey,0.425237011225651,0.0757822232831072,0.0001225,5.782,1825,0.0223655362120138,TRUE,""
ENSG00000259319,RP11-293M10.6,fbg,null,0.0175516807238514,0.595245548732816,0.0001049,7.1844,1602,0.00413122257289435,TRUE,""
ENSG00000259384,GH1,t2d,grey,-0.20456374858386,0.147058519219297,3.949e-08,6.2108,1884,0.000743150391597762,TRUE,""
ENSG00000259387,RP13-98N21.2,t2d,null,0.00984835168638225,0.513210927875975,0.0001616,50.2962,1954,0.00496683052202729,TRUE,""
ENSG00000259387,RP13-98N21.2,fbg,null,-0.00154483948021682,0.796357116257739,0.008639,50.2962,934,0.00407094342015552,TRUE,""
ENSG00000259408,RP11-3D4.3,fbg,grey,-0.066880850630881,0.108260594348094,0.0009747,4.9049,2554,0.0105792289096099,TRUE,""
ENSG00000259421,CTA-150C2.20,cad,null,-0.00319504037528332,0.889875664640676,6.392e-05,18.9569,4465,0.00297804498213662,TRUE,""
ENSG00000259431,THTPA,cad,null,-0.0822046279545611,0.581619684639375,0.0001667,11.6217,5367,0.00472667914047112,TRUE,""
ENSG00000259483,RP11-930O11.2,cad,null,-0.00641113859139614,0.756298745303894,0.0001803,28.6294,6234,0.00267169940546249,TRUE,""
ENSG00000259488,RP11-154J22.1,t2d,null,-0.0130286270253513,0.845827892312863,0.002468,20.651,3019,0.00523751576204082,TRUE,""
ENSG00000259520,CTD-2651B20.3,fbg,null,0.00592880142430233,0.636768179585686,0.0006507,24.171,1190,0.00482555814012907,TRUE,""
ENSG00000259562,RP11-762H8.2,fbg,grey,0.0419102124086704,0.126162397742482,0.0001065,12.758,1712,0.012229978380708,TRUE,""
ENSG00000259577,RP11-430B1.2,fbg,null,-0.00372615322538896,0.744741090227158,0.000934,27.8694,1839,0.00547056567576355,TRUE,""
ENSG00000259606,YLPM1,cad,grey,-0.0739817881532808,0.420260061198275,3.601e-10,5.2452,4876,0.000324384452833836,TRUE,""
ENSG00000259641,RP11-279F6.3,t2d,null,0.0397568763194434,0.593278639087062,0.01221,8.4953,2810,0.00490884170497715,TRUE,""
ENSG00000259642,C15orf37,fbg,grey,-0.159604147986687,0.0812306530208798,0.0001816,7.5226,2281,0.050735059210585,TRUE,""
ENSG00000259642,C15orf37,t2d,null,-0.0328596775266708,0.885239971142453,3.94e-06,7.5226,4391,0.00150933335064972,TRUE,""
ENSG00000259658,RP11-89K11.1,t2d,grey,-0.0239876952871324,0.464920120624581,0.004395,21.6053,1406,0.00504660638441972,TRUE,""
ENSG00000259679,CTD-2184D3.2,cad,null,0.0091465172755854,0.586538057936862,0.0003237,20.9779,4987,0.0030701585948082,TRUE,""
ENSG00000259684,RP11-120K9.2,fbg,null,0.0024240895401888,0.846529514964004,0.002455,16.8892,1715,0.00585273711188162,TRUE,""
ENSG00000259719,RP11-930O11.1,cad,null,0.0575785841737411,0.586232434178078,0.0001803,7.738,6234,0.00434556142064994,TRUE,""
ENSG00000259755,RP11-505E24.2,t2d,null,-0.0164358859366573,0.843944614104874,0.004395,10.0194,3282,0.00619318565073799,TRUE,""
ENSG00000259755,RP11-505E24.2,cad,null,0.0138061441867922,0.815502576593791,4.379e-05,10.0194,6484,0.00395528323340695,TRUE,""
ENSG00000259758,CTA-204B4.6,fbg,grey,0.027084027062473,0.302423598900007,0.001645,8.6834,1872,0.00651998420061811,TRUE,""
ENSG00000259772,RP11-16E12.2,fbg,null,-0.0362633330691388,0.578514721507944,0.003991,8.2719,1204,0.00518645495634823,TRUE,""
ENSG00000259785,RP13-98N21.3,fbg,null,0.00157338921156274,0.796357116257739,0.008639,49.6751,1007,0.00402512917929666,TRUE,""
ENSG00000259799,RP11-554A11.9,cad,grey,-0.0123594297233197,0.282163596701161,7.483e-05,33.1413,5509,0.00387132722451591,TRUE,""
ENSG00000259799,RP11-554A11.9,fbg,null,-0.00281881730531852,0.684558919367902,0.001034,33.1413,1593,0.00419235193008377,TRUE,""
ENSG00000259812,RP11-5N23.3,fbg,grey,0.020075035317051,0.212800508179614,0.002801,54.6586,2749,0.0152264624041969,TRUE,""
ENSG00000259820,AC083843.1,t2d,null,0.018342548449969,0.52379920995388,0.001396,20.6239,4942,0.00437546241804649,TRUE,""
ENSG00000259820,AC083843.1,cad,null,-0.00575452500391183,0.782654008414754,0.00045,20.6239,6663,0.00270911549487408,TRUE,""
ENSG00000259834,RP11-284N8.3,cad,grey,0.0502581535788607,0.197233459347633,5.335e-06,14.4624,5676,0.00494690110732217,TRUE,""
ENSG00000259845,HERC2P10,t2d,null,-0.00123609246732779,0.929393771944136,4.944e-05,59.7669,2348,0.0129462802688754,TRUE,""
ENSG00000259865,RP11-488L18.10,cad,null,-0.0171654788043327,0.508426146432504,0.001028,17.5633,7168,0.00353469503683824,TRUE,""
ENSG00000259869,AL022344.7,cad,grey,-0.0277087349611025,0.351231423953114,6.402e-06,14.722,4922,0.00354895018731722,TRUE,""
ENSG00000259901,RP5-991G20.4,cad,null,-0.0172041263824946,0.858274230547456,2.92e-11,6.4643,5196,3.32101836667549e-06,TRUE,""
ENSG00000259901,RP5-991G20.4,fbg,null,0.0321143692473233,0.575479437698054,0.0003476,6.4643,1664,0.00728928024536222,TRUE,""
ENSG00000259922,RP11-322D14.1,cad,null,0.000918676415224508,0.972492190799539,1.194e-09,14.0567,6305,2.63626425589629e-06,TRUE,""
ENSG00000259940,CTD-3203P2.1,t2d,grey,-0.0173370821562749,0.494653079736033,0.0002882,23.9592,3723,0.00480626100626323,TRUE,""
ENSG00000259940,CTD-3203P2.1,fbg,grey,-0.0142411746283686,0.150575972824847,0.001369,23.9592,1922,0.0104706742471434,TRUE,""
ENSG00000259972,AC009120.6,cad,null,0.09251865632331,0.574814164356031,1.615e-15,5.1134,6035,0.000178748491473885,TRUE,""
ENSG00000259984,RP11-335G20.7,fbg,null,-0.00408445399478798,0.958462293013569,0.000818,8.353,1283,0.0102662966463857,TRUE,""
ENSG00000260006,RP11-469M7.1,t2d,null,0.0354679630254611,0.798229525623278,3.49e-05,7.1099,3295,0.00528869708702047,TRUE,""
ENSG00000260022,LA16c-306A4.1,cad,grey,0.06640603046283,0.297294155047631,1.83e-07,7.6038,5721,0.00051052262421808,TRUE,""
ENSG00000260022,LA16c-306A4.1,fbg,grey,-0.0439715607118739,0.243345009148762,0.0009201,7.6038,1139,0.00930889681700944,TRUE,""
ENSG00000260032,LINC00657,cad,null,-0.0548332170391136,0.821804066636759,6.84e-12,5.2255,3168,0.000323162043179653,TRUE,""
ENSG00000260051,LA16c-390E6.4,cad,null,-0.00680539466169297,0.813980460416918,1.83e-07,20.7683,5743,0.000344043640192987,TRUE,""
ENSG00000260059,RP11-231E19.1,fbg,null,-0.0269539943060155,0.608514456754163,0.0002489,5.5058,2106,0.00713404939228138,TRUE,""
ENSG00000260063,RP5-968P14.2,fbg,null,-0.0146288873404418,0.844274735076052,1.967e-05,11.2778,988,0.00704010194153754,TRUE,""
ENSG00000260065,CTA-445C9.15,t2d,null,0.00369054733835127,0.787752103714477,0.0002066,89.8577,4870,0.0152180423398901,TRUE,""
ENSG00000260114,CTD-2574D22.4,t2d,grey,-0.106858297115219,0.135220800573275,1.426e-06,8.3969,491,0.106674152931691,TRUE,""
ENSG00000260136,CTD-2270L9.4,t2d,null,0.00754566508862286,0.912409374915366,0.001308,9.8117,3089,0.00491727881092169,TRUE,""
ENSG00000260214,GS1-465N13.1,cad,grey,-0.14017770419935,0.26717615577756,1.253e-24,8.4396,6532,1.08224179507783e-13,TRUE,""
ENSG00000260273,RP11-425D10.10,fbg,grey,-0.0593250402961339,0.49813992156856,0.02071,5.1645,1699,0.00588473142102078,TRUE,""
ENSG00000260276,RP11-77H9.2,t2d,null,-0.0108513994651245,0.7325223685108,3.225e-07,46.1998,6283,0.00317968101194661,TRUE,""
ENSG00000260286,RP3-369A17.5,t2d,grey,0.0352760857990061,0.212487988247632,0.0001991,19.8251,5226,0.0082010960775792,TRUE,""
ENSG00000260286,RP3-369A17.5,cad,null,0.00404205149780278,0.846972707794471,3.212e-06,19.8251,7680,0.00110490131949977,TRUE,""
ENSG00000260296,RP11-395I6.3,fbg,grey,0.0137344058011837,0.423710797166793,0.00143,15.1151,1425,0.0062284418308805,TRUE,""
ENSG00000260296,RP11-395I6.3,cad,null,0.00981028985798836,0.765315881209824,0.0001586,15.1151,5676,0.00307886784583888,TRUE,""
ENSG00000260306,RP11-645C24.5,cad,null,0.00350458437359389,0.7924288824046,0.0004409,41.2236,2091,0.00366735570553453,TRUE,""
ENSG00000260329,RP11-412D9.4,fbg,grey,0.0214828917814789,0.419982497240339,0.004196,8.628,1842,0.00504896739005201,TRUE,""
ENSG00000260336,RP11-395B7.7,fbg,grey,-0.0310416419394088,0.32635536214679,0.0007455,12.6646,1050,0.0104495730741558,TRUE,""
ENSG00000260359,RP11-4F5.2,cad,grey,0.0333299492372793,0.350084072884968,3.604e-06,15.5513,6132,0.00187616882200753,TRUE,""
ENSG00000260359,RP11-4F5.2,t2d,null,-0.0263131178189047,0.592156028908923,8.847e-05,15.5513,3982,0.0042155348052406,TRUE,""
ENSG00000260361,CTD-2313J17.5,t2d,null,-0.00425648493611076,0.944054023280193,0.0003831,13.9361,4524,0.00525886307565135,TRUE,""
ENSG00000260388,LINC00562,t2d,null,0.0332398959076534,0.753729539113066,0.0004105,9.5121,4523,0.00792231401065279,TRUE,""
ENSG00000260391,RP11-71H17.7,cad,null,0.0130173775679056,0.632464543594736,1.449e-14,16.6988,5733,4.11206896547467e-11,TRUE,""
ENSG00000260539,RP11-252A24.7,fbg,null,0.0410503491584361,0.670044484259492,0.001167,17.708,1631,0.0274731502831756,TRUE,""
ENSG00000260563,RP13-516M14.1,cad,null,-0.00937214269512134,0.745980687313015,5.203e-05,16.1653,4809,0.0069567503610412,TRUE,""
ENSG00000260641,RP11-1299A16.3,t2d,grey,-0.0218462426886618,0.3877876816066,2.565e-06,25.8046,4555,0.000284898853813301,TRUE,""
ENSG00000260645,RP11-250B2.5,t2d,null,-0.112285282259189,0.649436283726755,0.0001565,5.2653,5646,0.00548707733036621,TRUE,""
ENSG00000260661,RP11-152L20.3,t2d,null,-0.00736659564106519,0.861933801629757,0.0003372,16.1092,4082,0.00424303196444686,TRUE,""
ENSG00000260698,RP11-439E19.9,cad,grey,0.0789718425642274,0.218106409137644,0.001028,10.9874,7514,0.0123476094260763,TRUE,""
ENSG00000260698,RP11-439E19.9,fbg,null,-0.000674973013369465,0.984946467502462,0.001642,10.9874,1939,0.0107876382444038,TRUE,""
ENSG00000260711,RP11-747H7.3,t2d,grey,0.0398946620228773,0.157557737413096,6.653e-07,19.7084,3819,0.00046673526377494,TRUE,""
ENSG00000260711,RP11-747H7.3,fbg,grey,0.0116673068180113,0.332669938984237,7.169e-05,19.7084,1841,0.00562655522997071,TRUE,""
ENSG00000260766,RP11-226L15.5,t2d,null,0.0125034253495194,0.843299805752649,0.001063,20.1702,3351,0.00832344967873032,TRUE,""
ENSG00000260792,RP11-982M15.8,cad,null,-0.00218557990792809,0.984201338224471,2.233e-05,9.556,4705,0.00378282579929689,TRUE,""
ENSG00000260793,RP5-882C2.2,t2d,grey,0.0920372910419048,0.13514487229351,0.0002575,10.2325,2546,0.0120452691644347,TRUE,""
ENSG00000260891,RP11-96D1.5,cad,grey,0.0644425381352488,0.421000034652457,0.0004551,10.6801,3352,0.00722866624110974,TRUE,""
ENSG00000260912,RP11-363E7.4,cad,null,0.0523490458075764,0.535884989067038,3.109e-05,7.2892,6615,0.0528446686828343,TRUE,""
ENSG00000260916,CCPG1,t2d,null,-0.0314304797314623,0.674665839676307,0.0008724,19.037,5548,0.00400221991435163,TRUE,""
ENSG00000260917,RP11-57H14.4,fbg,null,-0.010652484327882,0.558301743578421,7.503e-10,16.7117,2108,5.34198935424043e-06,TRUE,""
ENSG00000260929,RP11-327F22.1,t2d,grey,-0.0507988039610383,0.372228032319485,0.002687,23.6606,2906,0.00938864684187562,TRUE,""
ENSG00000260940,RP4-575N6.5,fbg,grey,0.0180070462949779,0.410206998692259,0.0009393,11.174,2147,0.00560654973705991,TRUE,""
ENSG00000260948,RP11-552M11.8,cad,grey,-0.0136341359107244,0.36162097055701,0.001536,28.2902,6085,0.00373065333134761,TRUE,""
ENSG00000260966,RP11-690D19.3,t2d,null,-0.117207824620756,0.773439524705324,0.001701,4.8624,5030,0.00877514638684349,TRUE,""
ENSG00000260966,RP11-690D19.3,cad,null,0.126461073932921,0.672528448646327,1.115e-28,4.8624,6748,0.000139966018086025,TRUE,""
ENSG00000260997,RP4-647J21.1,fbg,grey,0.00765824758269149,0.340342684915724,3.509e-53,47.7656,1440,1.38609047285734e-48,TRUE,""
ENSG00000261015,RP1-90J20.11,fbg,grey,-0.0109838862448913,0.0870606034173403,0.0009779,52.2436,2316,0.00836763218444472,TRUE,""
ENSG00000261055,RP11-195M16.3,t2d,null,-0.0194929125818083,0.899481958176398,2.834e-06,6.1874,2842,0.00205389715539099,TRUE,""
ENSG00000261056,RP11-454F8.2,t2d,null,0.00672089638382942,0.796077407140949,1.59e-47,21.1815,3807,4.09708188432655e-44,TRUE,""
ENSG00000261098,RP11-819C21.1,t2d,grey,-0.0353380026252792,0.179669884269661,0.0001049,22.2497,4320,0.00840138953015318,TRUE,""
ENSG00000261098,RP11-819C21.1,fbg,null,-0.00400052859908821,0.698684565645401,0.0119,22.2497,1980,0.0040667503763158,TRUE,""
ENSG00000261114,RP11-325K4.2,cad,grey,0.0967214309902274,0.147539915532314,1.194e-09,6.4355,6463,2.14798204138825e-05,TRUE,""
ENSG00000261115,TMEM178B,cad,null,0.0449199206767051,0.583426134426407,5.449e-06,9.9186,4513,0.00232770355165037,TRUE,""
ENSG00000261118,RP11-104N10.1,t2d,grey,0.106848699707708,0.186505480715473,5.251e-06,7.4267,1821,0.00676455479396709,TRUE,""
ENSG00000261118,RP11-104N10.1,fbg,grey,0.0459349550145287,0.150575972824847,0.007567,7.4267,1085,0.0106613529440543,TRUE,""
ENSG00000261139,CTD-2517M14.5,cad,grey,-0.0396755017305062,0.21129954733371,0.0002362,12.7804,2205,0.00527104827107587,TRUE,""
ENSG00000261172,RP11-356C4.5,cad,grey,0.00747403037451413,0.491122490572394,6.449e-05,44.3942,3225,0.00252310786960229,TRUE,""
ENSG00000261183,RP11-532F12.5,cad,grey,-0.13492095603806,0.109598583399116,4.326e-07,5.5392,4434,0.000892390860102564,TRUE,""
ENSG00000261186,RP11-341N2.1,cad,null,-0.000691040911531118,0.948559264755632,0.0001469,45.2196,2605,0.00283489769790579,TRUE,""
ENSG00000261188,CTA-445C9.14,fbg,grey,0.0814414021844408,0.264446949800334,2.787e-05,14.1804,3074,0.0123103439062511,TRUE,""
ENSG00000261221,ZNF865,t2d,grey,-0.588062480823172,0.0560413079423145,0.001376,5.5673,1881,0.0284141536717763,TRUE,""
ENSG00000261229,RP11-38G5.4,cad,grey,0.110232499963612,0.292926133201847,5.481e-36,5.5088,6372,9.37781410016265e-05,TRUE,""
ENSG00000261269,RP11-389C8.2,cad,grey,-0.128989224193708,0.317310507862914,0.001017,6.744,4772,0.00602458258344938,TRUE,""
ENSG00000261270,RP11-325K4.3,cad,grey,0.107562039976085,0.147539915532314,1.194e-09,5.7869,6461,0.000264168683551651,TRUE,""
ENSG00000261280,CTD-3105H18.13,cad,null,0.0577081333577295,0.536808016981021,4.091e-08,4.7941,4501,0.00221882513173374,TRUE,""
ENSG00000261305,RP4-584D14.7,t2d,null,-0.0282758309638932,0.504985075093846,6.489e-05,30.6209,2828,0.00457705173581092,TRUE,""
ENSG00000261366,MANEA-AS1,t2d,null,0.019545635383892,0.817494086363381,0.003028,9.5421,4164,0.00364426923058242,TRUE,""
ENSG00000261367,RP11-455F5.4,fbg,null,0.0126553318066906,0.764177155622095,0.007129,8.515,449,0.00621215043922694,TRUE,""
ENSG00000261408,TEN1-CDK3,fbg,grey,0.0408632356531283,0.0833256871946906,0.008484,27.4388,1290,0.0228684453865196,TRUE,""
ENSG00000261438,RP11-399O19.8,t2d,null,-0.00779758626633708,0.844405351239815,3.914e-05,19.9765,4085,0.00386166704433159,TRUE,""
ENSG00000261438,RP11-399O19.8,cad,null,0.00185656815865169,0.950164661941506,2.434e-21,19.9765,6066,2.19114060122848e-17,TRUE,""
ENSG00000261442,RP11-709D24.6,t2d,null,-0.0397890980051851,0.600411028614905,2.214e-05,9.1482,3047,0.016729057619845,TRUE,""
ENSG00000261448,CTD-2576D5.4,cad,null,0.0465033593649077,0.720594602249309,0.000495,7.5719,4428,0.00681348842745066,TRUE,""
ENSG00000261451,RP11-981G7.1,cad,grey,0.0568315650232409,0.309922523725974,4.62e-05,8.1002,7740,0.00338276752507138,TRUE,""
ENSG00000261468,RP11-1024P17.1,t2d,grey,0.0431022187294889,0.103842052898997,0.0003625,22.5075,4146,0.0137905960360157,TRUE,""
ENSG00000261468,RP11-1024P17.1,cad,grey,-0.0280962610977409,0.135823601433694,0.0003844,22.5075,6222,0.0076652060200176,TRUE,""
ENSG00000261533,RP11-15N24.4,t2d,grey,0.127000808910343,0.204358769913803,0.001789,5.1348,3621,0.00779228483291804,TRUE,""
ENSG00000261533,RP11-15N24.4,fbg,null,-0.0218082197118771,0.583426134426407,0.0001092,5.1348,1828,0.00484214285022655,TRUE,""
ENSG00000261556,RP11-296I10.6,t2d,grey,-0.0367630174164031,0.222169623353446,3.882e-09,33.2173,1560,1.81812809174506e-05,TRUE,""
ENSG00000261582,RP4-614O4.11,t2d,grey,-0.0656394697893612,0.289144599327819,0.0001777,11.6047,2551,0.00756962759523521,TRUE,""
ENSG00000261589,CTC-462L7.1,t2d,null,0.0124767904724527,0.524539436435313,0.001103,33.2894,4028,0.00456839258630681,TRUE,""
ENSG00000261589,CTC-462L7.1,cad,null,-0.00534719591676543,0.703238583398932,0.0004517,33.2894,5566,0.00307815253471855,TRUE,""
ENSG00000261609,MIR4720,cad,null,0.00967762507526477,0.892142865338207,9.363e-13,13.1367,8982,4.32719359276057e-09,TRUE,""
ENSG00000261613,RP11-20I23.13,t2d,null,0.00370284882401212,0.738882680363527,0.0001897,60.1154,1857,0.00477394689025374,TRUE,""
ENSG00000261644,RP11-327F22.2,t2d,grey,-0.0225595594606062,0.420707273733805,0.002687,20.3855,2898,0.00494205226079902,TRUE,""
ENSG00000261652,FLJ27352,t2d,null,-0.0270010473030908,0.547540787244958,0.0008724,22.9931,5528,0.00771193682724687,TRUE,""
ENSG00000261656,CTD-2258A20.5,t2d,grey,0.0827215865859452,0.377836423078147,0.0002947,19.1361,3088,0.0159096468231394,TRUE,""
ENSG00000261656,CTD-2258A20.5,cad,grey,0.0963854200845165,0.0758136822011994,0.0007039,19.1361,4527,0.0314032991665578,TRUE,""
ENSG00000261662,RP5-1042I8.7,cad,null,0.0530188175685604,0.644990187342201,0.001545,10.0249,2680,0.00990228455679083,TRUE,""
ENSG00000261707,RP11-264M12.2,t2d,null,-0.0270240219938543,0.575804286510009,4.286e-05,21.5295,7987,0.00649952811552987,TRUE,""
ENSG00000261731,CTD-2358C21.4,cad,null,0.00251720010833299,0.767931264799907,0.0001226,51.049,1751,0.00287699668378574,TRUE,""
ENSG00000261731,CTD-2358C21.4,fbg,null,-0.00251720010833299,0.585440934568927,0.01483,51.049,459,0.00489554084567272,TRUE,""
ENSG00000261783,RP11-252K23.2,fbg,null,0.00235055900731816,0.707660466654553,0.001168,33.6283,1632,0.00429615705488133,TRUE,""
ENSG00000261801,LOXL1-AS1,cad,grey,0.0231906898908129,0.120728244530823,7.557e-07,28.7682,4355,0.00189013361140609,TRUE,""
ENSG00000261864,RP11-67A1.2,t2d,grey,0.0561922212733389,0.413811684987041,0.0008627,10.9861,2212,0.00595324428412909,TRUE,""
ENSG00000261879,RP11-333E1.1,fbg,grey,0.0309240001224521,0.239406878796789,0.000921,19.3307,1903,0.00764880677890071,TRUE,""
ENSG00000261879,RP11-333E1.1,t2d,null,-0.00309240001224521,0.963328572698744,1.696e-10,19.3307,3249,6.76921334838869e-07,TRUE,""
ENSG00000261996,CTC-281F24.1,fbg,grey,-0.0331173913363109,0.143867728481615,0.001191,57.4746,1930,0.00580442032914621,TRUE,""
ENSG00000261997,RP11-212I21.4,t2d,grey,-0.058453704484194,0.459370145141326,9.445e-05,16.2427,4317,0.0108637831032242,TRUE,""
ENSG00000262061,RP11-1260E13.4,cad,grey,-0.0391228904104212,0.054777749468111,4.375e-05,20.8163,3569,0.0169933396626835,TRUE,""
ENSG00000262098,CTD-2561B21.10,cad,grey,-0.0357858202867881,0.17402778894999,0.0001367,15.0475,6296,0.00708698177843411,TRUE,""
ENSG00000262152,LINC00514,cad,grey,0.0362896807656748,0.362586419348596,2.21e-05,10.4027,4015,0.00463205850520365,TRUE,""
ENSG00000262194,CTD-3195I5.5,fbg,null,-0.00284682572365185,0.971510179466646,0.0002989,5.2111,1752,0.00626696481635179,TRUE,""
ENSG00000262227,RP5-1050D4.5,cad,null,0.00739424570591004,0.895317338291782,0.0002019,9.7185,6345,0.00367046231418664,TRUE,""
ENSG00000262319,CTC-457L16.2,fbg,null,0.000600771683094198,0.94021471189421,0.0008559,35.2852,820,0.00481481172955353,TRUE,""
ENSG00000262339,RP11-1197K16.2,cad,null,0.00135391877077784,0.976536189986223,5.203e-05,9.0411,3120,0.00316201578286049,TRUE,""
ENSG00000262410,RP11-388C12.8,fbg,grey,0.0293166071080851,0.235030456586428,0.0006282,8.0228,735,0.00917266853542269,TRUE,""
ENSG00000262410,RP11-388C12.8,t2d,null,-0.0324025657510415,0.599583190937392,0.00996,8.0228,839,0.00415801201969539,TRUE,""
ENSG00000262484,CTC-360G5.1,t2d,grey,-0.16813911007072,0.0540009106662555,0.0003942,15.4205,3509,0.0232087988738917,TRUE,""
ENSG00000262692,CTD-3195I5.3,cad,grey,-0.060898633102512,0.218881326542939,3.59e-05,8.4035,5988,0.00606875108323016,TRUE,""
ENSG00000262700,RP11-266L9.3,t2d,grey,0.246870379890109,0.148613996455212,6.877e-05,6.8391,3840,0.0113416134934161,TRUE,""
ENSG00000262745,CTD-2377D24.8,t2d,null,0.0509545417363329,0.686682419422255,1.517e-13,6.2805,3280,2.31638279888706e-06,TRUE,""
ENSG00000262766,RP11-196G11.4,t2d,grey,0.0517832837535989,0.463355149269597,1.523e-05,7.8776,1145,0.0295972403185613,TRUE,""
ENSG00000262820,RP11-615I2.7,fbg,null,-0.0108079682373708,0.685179538328076,5.479e-06,8.5902,920,0.00364355847099074,TRUE,""
ENSG00000263002,ZNF234,cad,grey,-0.0437815311921093,0.0786419564195394,2.135e-35,41.3891,5586,7.9009654666577e-31,TRUE,""
ENSG00000263004,RP11-166P13.3,t2d,grey,0.0729105444717319,0.136882803217508,0.0005747,21.4432,2891,0.0112418009193103,TRUE,""
ENSG00000263033,RP11-396B14.2,fbg,grey,-0.0425886091921233,0.233461530493144,0.0002398,8.487,1946,0.0113538450249065,TRUE,""
ENSG00000263120,RP5-1107A17.4,fbg,null,-0.00751603994599934,0.846529514964004,0.0004926,5.1544,1964,0.00493153647893602,TRUE,""
ENSG00000263235,RP11-461A8.4,cad,grey,0.0297355411280976,0.133614402537716,0.0004398,33.689,5255,0.00897672520624299,TRUE,""
ENSG00000263326,RP11-266L9.6,cad,null,0.0201685434358438,0.639248343034235,0.0001226,10.1497,6114,0.00294098085134764,TRUE,""
ENSG00000263327,TAPT1-AS1,t2d,null,-0.0133013702032121,0.662911145572604,0.001542,37.958,4070,0.0043156980487006,TRUE,""
ENSG00000263391,AL512428.1,fbg,grey,0.0098439241909313,0.163335906964226,4.732e-05,34.6554,2764,0.00847285865173503,TRUE,""
ENSG00000263412,RP5-890E16.2,t2d,grey,0.145236039185512,0.331069146588288,1.517e-13,9.2941,3519,4.42228367384288e-09,TRUE,""
ENSG00000263412,RP5-890E16.2,cad,grey,-0.106134028635567,0.323636271985197,1.459e-11,9.2941,4923,5.9340493893943e-08,TRUE,""
ENSG00000263568,MIR3916,t2d,null,-0.0201265012527514,0.699227377203947,0.005598,11.6428,4575,0.00451753846780168,TRUE,""
ENSG00000263787,RP11-456D7.1,cad,grey,-0.204295639380623,0.0777244126657601,1.459e-11,4.7566,4869,0.0014672399741441,TRUE,""
ENSG00000263818,CTD-2206N4.4,t2d,null,0.0264571339955169,0.662269737666591,3.807e-06,8.8899,2236,0.000546864818682535,TRUE,""
ENSG00000263823,RP11-326K13.4,t2d,grey,0.133992686759303,0.353353326605505,0.001922,7.8601,3648,0.0120659035449076,TRUE,""
ENSG00000263843,RP11-649A18.12,t2d,grey,0.0664106150371462,0.215980130951564,0.0005387,19.8786,2386,0.0117465829696771,TRUE,""
ENSG00000264043,RP11-423G4.9,cad,grey,0.149343568348271,0.0779848563822661,3.311e-06,6.9955,5975,0.233499170100732,TRUE,""
ENSG00000264109,MIR4712,cad,grey,-0.00788952505531466,0.448079492505683,0.0002666,54.4113,5527,0.00265122750012829,TRUE,""
ENSG00000264109,MIR4712,t2d,null,-0.00663437334196915,0.639531150082198,1.18e-05,54.4113,3993,0.00165457634091715,TRUE,""
ENSG00000264133,AC006953.1,fbg,grey,-0.0495013909226282,0.177015982874804,0.0003202,6.752,1436,0.0115323111714529,TRUE,""
ENSG00000264133,AC006953.1,t2d,null,0.0568349303185731,0.535257786937966,0.004003,6.752,2429,0.00587844780301352,TRUE,""
ENSG00000264364,RP11-159D12.9,t2d,grey,0.0605029139861939,0.377585975474249,2.464e-08,11.2675,2730,0.000116870099424195,TRUE,""
ENSG00000264442,Metazoa_SRP,t2d,null,-0.0918034764734923,0.708179885309606,2.877e-05,4.664,2779,0.00845669937688316,TRUE,""
ENSG00000264469,RP11-173M1.8,cad,grey,-0.0857458577914262,0.114001612943511,0.004584,23.7892,2786,0.0267645320774563,TRUE,""
ENSG00000264546,RP11-464D20.6,t2d,grey,-0.0253328766776013,0.299929136337537,1.335e-05,20.7678,1978,0.00424179418804201,TRUE,""
ENSG00000264553,MIR4257,cad,null,0.0287606440881479,0.8343772713561,1.856e-08,8.056,2947,7.26503999954742e-05,TRUE,""
ENSG00000264695,RP11-178F10.2,cad,grey,-0.202163068401566,0.0814080099163079,2.511e-07,6.4576,4973,0.000723593763525894,TRUE,""
ENSG00000264772,RP11-186B7.4,t2d,grey,-0.1649112756115,0.430176950358667,0.0007091,5.4705,2282,0.00726016562591669,TRUE,""
ENSG00000264809,AL513344.1,cad,grey,0.0292443570797138,0.43881634294658,1.294e-05,10.1591,5350,0.00220703066512589,TRUE,""
ENSG00000264868,CTB-167B5.2,fbg,grey,-0.00674654618569773,0.317310507862914,0.007847,45.3185,1819,0.00670170609280639,TRUE,""
ENSG00000264885,RP11-815I9.4,fbg,grey,0.0203144921186042,0.345753978677278,0.0008559,11.6735,757,0.00653455791965152,TRUE,""
ENSG00000264968,RP11-387H17.4,t2d,null,-0.0132417792425632,0.825264343778052,3.807e-06,8.7601,2608,0.000461809209160202,TRUE,""
ENSG00000265148,BZRAP1-AS1,t2d,grey,-0.0282456318651808,0.478136885574884,2.464e-08,19.2328,2546,0.000101476250215045,TRUE,""
ENSG00000265148,BZRAP1-AS1,cad,null,-0.0106499923426092,0.71066155832599,0.0001777,19.2328,4202,0.0030369228353282,TRUE,""
ENSG00000265298,RP13-104F24.3,fbg,grey,-0.0506655274352776,0.360566735097472,0.0101,5.5634,1263,0.00682187698161629,TRUE,""
ENSG00000265399,RP13-270P17.2,t2d,grey,-0.0351861688003935,0.200545135908884,0.001402,26.9835,3593,0.0106372998483645,TRUE,""
ENSG00000265399,RP13-270P17.2,cad,null,0.00329870332503689,0.861933801629757,1.512e-06,26.9835,6696,0.00207007070865099,TRUE,""
ENSG00000265399,RP13-270P17.2,fbg,null,-0.00137445971876537,0.909526060036958,0.002542,26.9835,2142,0.00511492259872673,TRUE,""
ENSG00000265452,MIR3682,t2d,grey,0.190353123734683,0.137026294519442,0.0003292,5.9174,5134,0.0144642382878756,TRUE,""
ENSG00000265458,RP13-20L14.6,fbg,grey,0.0208802435036792,0.159649901642811,0.0006282,15.983,875,0.01052111341329,TRUE,""
ENSG00000265488,AL359314.1,t2d,null,-0.00321702051088041,0.936867244508368,0.001312,15.3919,4699,0.0047533202152294,TRUE,""
ENSG00000265625,RP11-68I3.11,cad,grey,-0.0608518390312719,0.428555063350619,2.902e-10,6.9455,2985,3.53915879091886e-05,TRUE,""
ENSG00000265666,CTD-2267D19.2,fbg,grey,0.0156098320636216,0.410206998692259,0.0007864,12.89,1155,0.00552123761874473,TRUE,""
ENSG00000265666,CTD-2267D19.2,t2d,null,-0.0178398080727104,0.685430988789488,3.807e-06,12.89,2676,0.000712178244574919,TRUE,""
ENSG00000265666,CTD-2267D19.2,cad,null,-0.00334496401363321,0.917607199040523,1.242e-05,12.89,4668,0.00136808621542433,TRUE,""
ENSG00000265728,RP11-883A18.3,fbg,grey,-0.0353780325383316,0.342112252616964,0.0001615,19.2967,2433,0.0133091365202426,TRUE,""
ENSG00000265907,RP11-737O24.2,t2d,grey,0.0980381259028042,0.465899718527069,0.001402,4.883,3586,0.00486636475523952,TRUE,""
ENSG00000265992,ESRG,fbg,grey,-0.00768693438499969,0.113345509219526,0.00295,59.5263,2111,0.0149628242562295,TRUE,""
ENSG00000265996,MIR3671,t2d,grey,0.151689792414069,0.203513521294854,6.719e-07,5.2959,3947,0.00150325739515487,TRUE,""
ENSG00000266239,MIR3605,fbg,grey,-0.0656782149548783,0.0754403596268004,0.00205,6.6634,1634,0.0287877911711821,TRUE,""
ENSG00000266256,LINC00683,cad,grey,0.021014178023047,0.176734775189797,0.000289,25.0589,8055,0.00608150923868589,TRUE,""
ENSG00000266289,RP11-1C8.6,cad,grey,0.0515076886283843,0.149867399068654,0.001198,12.978,6371,0.00920057319037698,TRUE,""
ENSG00000266401,RP11-874J12.4,fbg,null,0.00385499327713216,0.775096962195985,6.707e-05,19.2414,2161,0.00420138035616735,TRUE,""
ENSG00000266405,CBX3P2,fbg,grey,-0.0187438007857002,0.467058901715173,0.0004118,9.4976,2233,0.00539845420083759,TRUE,""
ENSG00000266490,CTD-2349P21.9,fbg,null,-0.00506979029726505,0.830324257655795,0.006224,13.163,1057,0.0059981967946014,TRUE,""
ENSG00000266541,RP11-881L2.1,cad,null,0.025919480941708,0.518822668670191,0.0002073,9.5519,6915,0.0033219041746908,TRUE,""
ENSG00000266631,AC006116.1,t2d,null,-0.0160960706204613,0.829619285835578,0.0006306,6.5371,2669,0.00387481767179044,TRUE,""
ENSG00000266677,RP11-258F1.1,fbg,grey,0.0727033870785861,0.326706554868585,0.0004783,4.7963,980,0.00736029057990627,TRUE,""
ENSG00000266718,RP11-466A19.1,t2d,null,0.00824589157546024,0.889755289255431,0.0007579,12.5879,3063,0.0047002404345257,TRUE,""
ENSG00000266865,RP11-848P1.9,fbg,grey,0.125432056445047,0.455264795481192,0.006224,5.5294,1085,0.0115371668940481,TRUE,""
ENSG00000266896,RP1-266L20.9,cad,null,-0.0104578541115795,0.827903407296463,0.0005413,10.6392,6117,0.0039825517585588,TRUE,""
ENSG00000266913,CTC-548K16.2,cad,null,-0.00466088816272691,0.921324515448123,0.0003252,12.7223,5626,0.00367404534689501,TRUE,""
ENSG00000266934,RP11-332H18.3,fbg,null,0.060513131412294,0.521008864971642,0.01148,4.8487,835,0.00964766551039506,TRUE,""
ENSG00000266993,RP4-657D16.3,fbg,null,0.00601013666916167,0.777904188455671,0.001522,13.5759,794,0.00490516807324494,TRUE,""
ENSG00000266999,AC015849.16,fbg,grey,0.0224605804638006,0.470952440870632,0.001691,9.0915,1243,0.00719648957442686,TRUE,""
ENSG00000267009,RP11-120M18.2,fbg,grey,-0.0968106990490146,0.176582909707466,0.003843,4.5995,1532,0.00810762467103723,TRUE,""
ENSG00000267058,RP11-15A1.3,cad,grey,-0.0209891689170327,0.486160475240443,1.318e-22,13.7813,5926,7.4916590120098e-19,TRUE,""
ENSG00000267078,RP11-666A8.9,cad,null,-0.0182030420149118,0.611830211094122,3.002e-06,13.0694,6079,0.00105230297252431,TRUE,""
ENSG00000267102,RP11-686D22.7,cad,grey,0.0353619352681716,0.45484120188411,0.000797,14.8876,4841,0.00606043076636862,TRUE,""
ENSG00000267117,AC010525.4,cad,grey,-0.0736454948222832,0.35344495638198,4.205e-06,9.0304,6384,0.00565096950246408,TRUE,""
ENSG00000267127,RP11-795F19.5,t2d,grey,0.0354951846268757,0.25991913524701,1.653e-06,16.5164,2180,0.00300533350442623,TRUE,""
ENSG00000267149,CTC-550B14.6,cad,grey,0.0140268717110652,0.266520525805011,1.291e-05,39.0405,6557,0.00398410906501901,TRUE,""
ENSG00000267169,CTB-55O6.12,cad,grey,-0.0367379996357961,0.162833658051066,0.0003252,25.6418,5918,0.00982699755495989,TRUE,""
ENSG00000267169,CTB-55O6.12,fbg,null,-0.00491768499061838,0.743726066434849,0.0004275,25.6418,1233,0.00828878222285749,TRUE,""
ENSG00000267194,RP1-193H18.2,cad,grey,0.117896426736624,0.0955807045456294,9.509e-07,5.977,4759,0.0057920869818322,TRUE,""
ENSG00000267216,AC010642.1,fbg,grey,0.027702328854322,0.467645201991877,0.001716,22.1818,898,0.0130939648619565,TRUE,""
ENSG00000267221,CTD-2132N18.2,cad,grey,-0.0995966483898199,0.257811495146286,7.357e-09,5.6872,3778,0.000798940492600086,TRUE,""
ENSG00000267248,CTD-2319I12.4,t2d,null,-0.120709308245976,0.638571533177075,2.804e-06,5.5365,1472,0.00815301326863875,TRUE,""
ENSG00000267249,RP11-973H7.3,cad,null,-0.0177761064505874,0.666443297771752,0.000212,10.1064,5895,0.00360542350741267,TRUE,""
ENSG00000267260,CTD-2162K18.4,fbg,grey,0.0415065455339742,0.203114836343132,0.007285,13.1635,994,0.00942560718149418,TRUE,""
ENSG00000267278,MAP3K14-AS1,fbg,null,0.0320189987355589,0.702199590874297,0.002502,5.7699,632,0.00449860608082551,TRUE,""
ENSG00000267283,AC005306.3,cad,null,-0.00864939777681885,0.720984861901671,6.73e-06,23.4499,5505,0.00250202272554369,TRUE,""
ENSG00000267288,RP13-890H12.2,fbg,grey,0.0275364974598881,0.21614570699231,0.002502,12.6501,663,0.0100324612534487,TRUE,""
ENSG00000267336,RP11-773H22.2,cad,null,-0.0119585926283895,0.75831647352629,0.0003551,12.0183,5989,0.00288873678632037,TRUE,""
ENSG00000267342,RP11-552F3.10,fbg,grey,0.0210544596921337,0.237277851868278,0.008484,13.0836,1199,0.00782892455214972,TRUE,""
ENSG00000267383,CTC-260E6.6,cad,null,-0.00810091911547348,0.938090635756536,3.179e-07,6.1124,6195,0.00147690730829254,TRUE,""
ENSG00000267390,RP11-635N19.1,cad,grey,-0.0562932535422068,0.141219635629635,2.434e-06,16.3398,5575,0.00893829040509674,TRUE,""
ENSG00000267397,RP11-873E20.1,t2d,null,-0.0430403173723734,0.657738267426799,0.01384,7.9564,3409,0.00472257672753674,TRUE,""
ENSG00000267397,RP11-873E20.1,fbg,null,0.00122972335349638,0.974266251454282,0.002015,7.9564,1887,0.00381890351540739,TRUE,""
ENSG00000267414,RP11-456K23.1,t2d,grey,0.327797086166521,0.0850292707808799,0.001696,5.6088,3644,0.0306290341277306,TRUE,""
ENSG00000267416,CTD-2319I12.2,fbg,grey,0.0845200568096366,0.184221436110931,0.01847,6.8299,633,0.0101727556245326,TRUE,""
ENSG00000267440,CTC-501O10.1,t2d,null,-0.0197960837777088,0.78331623830721,9.072e-08,7.0471,2157,0.000185203993548211,TRUE,""
ENSG00000267452,RP11-1018N14.5,t2d,grey,-0.0133671823514434,0.361441716755435,8.068e-06,55.7585,3136,0.00402917576046757,TRUE,""
ENSG00000267470,CTD-3064H18.6,t2d,null,-0.00939118617383231,0.849721578471507,0.001544,13.6597,3166,0.00461223275985542,TRUE,""
ENSG00000267472,LOC440461,t2d,null,0.00420947731823726,0.958748503692605,3.831e-07,17.1323,2768,0.000347249036083979,TRUE,""
ENSG00000267480,RP11-703I16.1,t2d,null,-0.00401071577387147,0.86605252103331,0.002286,24.6678,3969,0.00392365300543199,TRUE,""
ENSG00000267480,RP11-703I16.1,cad,null,-0.00830791124587661,0.623054874994852,0.000212,24.6678,6078,0.00293800320784781,TRUE,""
ENSG00000267491,CTD-2373H9.5,t2d,grey,0.111120035769192,0.197920069602177,2.341e-05,5.9828,1699,0.00727888979086576,TRUE,""
ENSG00000267520,RP11-373L24.1,t2d,null,-0.0128051840358011,0.779477504888406,2.29e-15,10.8026,3259,1.85566695836313e-11,TRUE,""
ENSG00000267543,RP11-666A8.7,t2d,null,0.00050652530618043,0.991601370249079,0.0008636,12.7472,2185,0.00457615878444876,TRUE,""
ENSG00000267546,RP11-666A8.8,fbg,grey,0.0130415670677317,0.453254704753736,0.000889,13.6416,1577,0.00493450978911446,TRUE,""
ENSG00000267546,RP11-666A8.8,cad,null,-0.0195623506015975,0.534803837189754,3.002e-06,13.6416,6091,0.000970835238828986,TRUE,""
ENSG00000267547,RP11-686D22.4,cad,grey,0.0167592835858883,0.45484120188411,0.000797,31.4127,4859,0.00587738398910366,TRUE,""
ENSG00000267657,CTB-186H2.2,t2d,grey,0.196837185117707,0.233584314508803,0.0002127,5.2195,2580,0.00958241441890676,TRUE,""
ENSG00000267702,RP11-53B2.2,t2d,grey,0.0166766767923994,0.249362688464467,0.00468,42.9726,3442,0.0123957342691842,TRUE,""
ENSG00000267702,RP11-53B2.2,cad,null,0.00458150461329655,0.666443297771752,0.0004757,42.9726,5622,0.00312089545183031,TRUE,""
ENSG00000267744,RP11-799D4.1,fbg,grey,-0.0164398045695515,0.458126425559177,0.001691,9.4163,1950,0.0055980435891254,TRUE,""
ENSG00000267744,RP11-799D4.1,cad,null,0.00714774111719628,0.858274230547457,0.000797,9.4163,5571,0.00271144028262573,TRUE,""
ENSG00000267758,RP11-358B23.5,t2d,grey,-0.0765364394213942,0.258724172217753,2.278e-09,7.7615,2131,1.27128547951331e-06,TRUE,""
ENSG00000267855,NDUFA7,cad,null,0.00848191096178628,0.823003032839829,3.573e-10,28.2509,6262,1.38614149037614e-06,TRUE,""
ENSG00000267861,AC018755.15,fbg,grey,0.0300678243622037,0.317310507862914,0.001116,9.6393,2103,0.0082632596040816,TRUE,""
ENSG00000267861,AC018755.15,t2d,null,0.034167982229777,0.633938683881346,0.0001214,9.6393,3265,0.00533228122526784,TRUE,""
ENSG00000267892,CTD-2540F13.2,fbg,grey,0.0185875401385825,0.276491247419954,0.003209,14.7612,1283,0.00736335793471988,TRUE,""
ENSG00000267895,SIGLEC19P,fbg,grey,-0.0502378938566194,0.217740662761456,0.001116,6.9884,1909,0.0104806321796631,TRUE,""
ENSG00000267938,AC007292.1,cad,grey,-0.0656615551570786,0.341695924523077,5.626e-06,5.4673,5475,0.00318010121160132,TRUE,""
ENSG00000267940,RP11-290F24.6,t2d,grey,-0.095935921252466,0.251081168760486,0.001326,10.9079,5707,0.00787069068911817,TRUE,""
ENSG00000267959,MIR3188,cad,grey,0.107877826711665,0.354771848484809,1.438e-13,5.6232,5563,2.44991532561427e-05,TRUE,""
ENSG00000267980,AC007292.6,cad,null,-0.021601327468962,0.654325552504765,5.626e-06,18.2452,5567,0.00232000514482846,TRUE,""
ENSG00000267986,AC130469.2,cad,grey,0.0424490100887196,0.358719278473672,3.573e-10,8.2272,5996,2.06775425060934e-06,TRUE,""
ENSG00000268049,CTD-2619J13.9,cad,grey,0.0965472044197722,0.210533121542801,0.0005571,11.4474,3128,0.0108062575785708,TRUE,""
ENSG00000268049,CTD-2619J13.9,fbg,null,0.0006479678148978,0.990149823544462,0.001716,11.4474,817,0.0103158369857147,TRUE,""
ENSG00000268069,AC004466.1,fbg,grey,0.0510373296798816,0.350647889704459,0.0001674,6.1041,1936,0.00833172174722326,TRUE,""
ENSG00000268119,CTD-2561J22.5,cad,grey,-0.0168517866217722,0.137985870280455,3.973e-05,39.6004,6813,0.00579449371817428,TRUE,""
ENSG00000268164,CTD-2337J16.1,cad,grey,0.0176049202668814,0.443279727088509,1.291e-05,16.1726,6813,0.00360473448638601,TRUE,""
ENSG00000268225,CTD-2331H12.5,fbg,grey,-0.0217442153798301,0.251357310325028,0.001442,12.514,1949,0.00731118129397511,TRUE,""
ENSG00000268262,CTC-246B18.8,cad,grey,0.267246067721571,0.416504786576218,0.0002554,5.0515,5575,0.0115521708699406,TRUE,""
ENSG00000268328,AC019206.1,t2d,grey,-0.104287845597123,0.332197561388374,0.0004902,5.8372,3580,0.00675591023664171,TRUE,""
ENSG00000268336,SIGLEC20P,cad,grey,-0.272239688841235,0.317310507862914,0.0008115,4.8833,6717,0.0109340503897342,TRUE,""
ENSG00000268339,AC008537.1,fbg,grey,0.0178301742354429,0.363302140886898,0.0004863,10.4141,1171,0.00589026173081136,TRUE,""
ENSG00000268362,CTD-2017D11.1,t2d,null,-0.0107608253012004,0.514604147356256,0.009144,70.6962,2391,0.0074366104382277,TRUE,""
ENSG00000268402,AL031320.1,fbg,grey,-0.0390885579923258,0.276491247419954,0.002826,6.4589,1930,0.00747166434822047,TRUE,""
ENSG00000268404,AL138781.1,cad,grey,0.0998085765403458,0.425523631521579,1.09e-05,5.5537,5843,0.0031330888613476,TRUE,""
ENSG00000268510,IFNL3P1,t2d,null,0.0147269817572753,0.68370878740079,0.0003942,16.1025,3439,0.00406311393875227,TRUE,""
ENSG00000268516,CTD-3138B18.5,cad,grey,0.0185329053664984,0.342543034520399,0.0005571,22.4051,3509,0.00440700987651942,TRUE,""
ENSG00000268535,RP11-420K14.3,t2d,grey,-0.0194084547277077,0.157175791714437,0.001229,42.9319,5224,0.00483310184873104,TRUE,""
ENSG00000268555,RP11-678G14.3,fbg,grey,0.00751500268545012,0.259233298673899,0.001598,70.6212,1473,0.0075014524719505,TRUE,""
ENSG00000268555,RP11-678G14.3,cad,null,-0.00307431928041141,0.781839172455913,3.973e-05,70.6212,6829,0.00579825428650013,TRUE,""
ENSG00000268573,RP11-158H5.7,cad,grey,0.137833668496643,0.183552240580893,7.87e-05,14.0371,4682,0.00870602257875448,TRUE,""
ENSG00000268583,CTC-453G23.8,t2d,grey,0.0766141342303232,0.396381576737308,0.001052,5.4128,2326,0.00555140298276009,TRUE,""
ENSG00000268583,CTC-453G23.8,cad,null,0.0308743526002795,0.635725114509718,7.469e-05,5.4128,5932,0.00253894889693799,TRUE,""
ENSG00000268593,CTD-2611O12.6,t2d,grey,-0.05959976948037,0.223654644270267,0.001376,10.9419,1936,0.0081484251771254,TRUE,""
ENSG00000268613,CTD-2620I22.7,fbg,null,0.0261771991636122,0.742817152223402,0.001442,5.3485,1805,0.00575116088057933,TRUE,""
ENSG00000268688,AC007382.1,cad,grey,-0.130333955901218,0.0514905811821035,1.83e-05,6.1201,6860,0.00781636556907547,TRUE,""
ENSG00000268707,RP11-247A12.7,cad,null,-0.0219206040124422,0.590258451314772,0.0001269,36.5238,5043,0.00504821800553505,TRUE,""
ENSG00000268751,SCGB1B2P,t2d,null,-0.0802813481598159,0.807157641249991,9.975e-05,5.6839,3082,0.00600257718248973,TRUE,""
ENSG00000268751,SCGB1B2P,cad,null,-0.124306603602296,0.593802857207703,0.0004252,5.6839,6023,0.00509625264540232,TRUE,""
ENSG00000268849,SIGLEC22P,cad,null,0.0137789701857001,0.570940671802888,0.0008115,17.7319,6725,0.00326388163775352,TRUE,""
ENSG00000268895,A1BG-AS1,t2d,null,-0.0677836767739289,0.582137935003883,0.006525,20.067,2010,0.0104601039898275,TRUE,""
ENSG00000268913,AC026806.2,t2d,grey,0.0962552388881668,0.332197561388374,0.0003942,7.3378,3307,0.00685001570194496,TRUE,""
ENSG00000268970,CTD-3099C6.11,fbg,grey,-0.0254658408785108,0.206532441214479,0.002248,13.3201,2085,0.00954933658403416,TRUE,""
ENSG00000268995,VN1R82P,t2d,grey,0.121638614606172,0.243345009148763,0.001229,5.9728,4901,0.00850751637499296,TRUE,""
ENSG00000268995,VN1R82P,fbg,grey,0.0459247830655956,0.247578913503389,0.001598,5.9728,1362,0.00817099152425265,TRUE,""
ENSG00000269054,CTD-2619J13.3,cad,grey,0.119103900862597,0.131141593410698,0.0005571,8.1578,3092,0.0159583893477871,TRUE,""
ENSG00000269069,CTC-471F3.5,cad,grey,0.525338404239696,0.232976200947823,0.002406,4.9667,5433,0.0307857773623756,TRUE,""
ENSG00000269086,CTC-523E23.5,fbg,grey,0.0386002669029979,0.41325337549364,0.008024,10.2923,1483,0.00921838269033758,TRUE,""
ENSG00000269271,CTB-83J4.2,cad,grey,-0.0236257976630098,0.21548019506137,1.291e-05,34.2216,6199,0.00714440512552072,TRUE,""
ENSG00000269271,CTB-83J4.2,t2d,null,0.000650251311825959,0.981446217528624,0.002629,34.2216,706,0.00631325269182807,TRUE,""
ENSG00000269271,CTB-83J4.2,fbg,null,-0.00021675043727532,0.984657011841237,0.001442,34.2216,1341,0.00565966904377205,TRUE,""
ENSG00000269343,ZNF587B,cad,null,0.00233405460777657,0.876685395448225,0.0005571,35.0616,4870,0.00272458096758412,TRUE,""
ENSG00000269399,CTD-3222D19.7,cad,null,0.0122189005870106,0.892142865338207,1.093e-07,4.856,6750,0.0123172650467414,TRUE,""
ENSG00000269399,CTD-3222D19.7,fbg,null,0.00610945029350532,0.900523550339774,0.002338,4.856,1575,0.00405194362136925,TRUE,""
ENSG00000269473,CTD-2619J13.19,t2d,null,-0.0191425299137517,0.657738267426799,0.006525,12.0438,1897,0.00423594446551532,TRUE,""
ENSG00000269514,DKFZP779L1853,cad,null,-0.00995582068434137,0.876685395448225,4.614e-05,13.5584,5703,0.0013126059436363,TRUE,""
ENSG00000269553,U62631.5,fbg,grey,-0.092805632473704,0.114813225892495,0.007285,6.5539,1313,0.0206979842617615,TRUE,""
ENSG00000269560,CTD-2192J16.21,cad,null,-0.00564253076960564,0.605388868880522,3.849e-05,36.1895,4763,0.0029801212740958,TRUE,""
ENSG00000269680,CTD-3128G10.6,fbg,grey,0.0594955821043688,0.206983058311127,0.0002912,6.2045,1348,0.0102285447226065,TRUE,""
ENSG00000269693,CTD-2192J16.20,t2d,null,0.071473102530771,0.567709166197353,5.394e-06,10.6479,2419,0.0015619659202507,TRUE,""
ENSG00000269696,AC007228.11,t2d,null,0.00055535439981903,0.982071518823186,0.0006306,26.7007,2996,0.00422171110651106,TRUE,""
ENSG00000269728,RP11-145M9.4,t2d,null,-0.0623829642143163,0.617075077451974,0.0006439,6.8141,3501,0.00580419116918443,TRUE,""
ENSG00000269772,RP11-178G16.5,fbg,null,0.00328558945971876,0.897332123936804,0.00196,9.0304,1054,0.00383552277825525,TRUE,""
ENSG00000269825,CTD-3099C6.9,fbg,null,-0.00181145382089605,0.945640900275557,0.001643,11.9011,2106,0.00725665960857413,TRUE,""
ENSG00000269834,CTD-3018O17.3,fbg,null,0.0014442022927362,0.890829316006346,0.002248,35.9526,2113,0.0059016363793629,TRUE,""
ENSG00000269837,RP11-15H20.5,t2d,null,-0.00403120644504096,0.854085592695337,0.002602,29.4298,4235,0.00417309316023417,TRUE,""
ENSG00000269867,CTD-2583A14.8,cad,null,-0.00474949412632134,0.668235141795249,0.0005571,36.7012,4815,0.00315700166053176,TRUE,""
ENSG00000269892,RP4-761J14.10,cad,grey,-0.0125624348586408,0.448079492505683,6.152e-10,25.98,5047,9.0291972801743e-07,TRUE,""
ENSG00000269896,RP4-740C4.6,fbg,null,0.00525369490414699,0.754660563059686,0.002196,21.8272,993,0.00391320541898209,TRUE,""
ENSG00000269903,RP11-571M6.18,t2d,null,-0.0267214591770928,0.533037056014238,0.001463,12.6942,2818,0.00567232676742296,TRUE,""
ENSG00000269925,RP3-467L1.6,t2d,null,-0.0145205945339688,0.829619285835578,0.001256,8.6841,3142,0.00384298864055369,TRUE,""
ENSG00000269940,RP11-73M18.7,t2d,grey,-0.0376074210232648,0.295072448864971,2.019e-06,17.3986,2934,0.00142952718620184,TRUE,""
ENSG00000269947,RP11-849F2.9,t2d,grey,0.136687639349165,0.0543654840103769,8.727e-05,8.5298,2734,0.00893253943964068,TRUE,""
ENSG00000269949,RP11-738E22.3,t2d,null,0.000574620847405637,0.972804657767472,0.002023,34.3902,4325,0.00411130400435231,TRUE,""
ENSG00000269954,RP11-148O21.6,t2d,grey,-0.102874792059168,0.143641053198329,6.288e-10,8.1825,4001,1.44559977433165e-05,TRUE,""
ENSG00000269982,RP11-1020A11.2,fbg,null,0.00534803345952276,0.870683232746339,0.0008667,9.2423,1929,0.00583691060078218,TRUE,""
ENSG00000270015,RP11-540B6.6,cad,grey,0.0267769107180196,0.349900343997403,0.0005087,23.8231,3539,0.0067959616874241,TRUE,""
ENSG00000270055,CTD-3092A11.2,cad,null,-0.00361697185418528,0.924947982305198,0.0005087,26.6599,3638,0.00638962339995459,TRUE,""
ENSG00000270062,RP11-248J18.3,t2d,null,-0.00292027100741769,0.95137863349785,2.446e-05,12.7001,3945,0.00323565198617749,TRUE,""
ENSG00000270067,CTC-487M23.5,cad,null,-0.0364934125315066,0.812877916072776,4.839e-07,9.9596,7502,0.00129617030083324,TRUE,""
ENSG00000270091,RP11-78O7.2,fbg,grey,-0.0233423560600516,0.0699089739364695,0.01472,18.4291,778,0.0200335692194254,TRUE,""
ENSG00000270107,CTD-2306M10.1,fbg,null,0.00688899848628127,0.606447146740021,0.003158,18.3043,2197,0.00453349810488021,TRUE,""
ENSG00000270108,RP11-73M18.6,t2d,grey,-0.0620827877654532,0.328831316099677,2.019e-06,9.9167,2943,0.00134156368691568,TRUE,""
ENSG00000270120,RP11-327F22.6,cad,null,0.00128399577666078,0.897332123936804,0.0002697,45.4127,4861,0.00284698417021555,TRUE,""
ENSG00000270124,RP11-118F19.1,cad,null,-0.023514635745423,0.617075077451974,1.67e-05,8.1598,8294,0.00201158007267428,TRUE,""
ENSG00000270157,RP5-894A10.6,t2d,null,0.0118283176513847,0.852408287000742,2.611e-05,10.0327,2287,0.00318909902896829,TRUE,""
ENSG00000270164,AC006129.4,t2d,grey,0.0795001726223234,0.183427605484926,0.0003116,27.0552,1749,0.0242826668906695,TRUE,""
ENSG00000270167,AL606534.1,cad,null,0.0451855580685077,0.581440340551453,0.0003007,6.2685,4645,0.00414961929464453,TRUE,""
