snp_a,snp_b,r2,r2_ge08,r2_ge06
rs10402507,rs10418015,0.0269,0,0
rs10402507,rs1050362,0.0032,0,0
rs10402507,rs1061810,0.0171,0,0
rs10402507,rs10787287,0.0,0,0
rs10402507,rs10888385,0.0,0,0
rs10402507,rs11000760,0.002,0,0
rs10402507,rs11079508,0.0226,0,0
rs10402507,rs11098676,0.0,0,0
rs10402507,rs1111875,0.0029,0,0
rs10402507,rs11189523,0.002,0,0
rs10402507,rs11191472,nan,0,0
rs10402507,rs11204675,0.0,0,0
rs10402507,rs11257655,0.017,0,0
rs10402507,rs1133773,0.0022,0,0
rs10402507,rs114192718,nan,0,0
rs10402507,rs114661372,nan,0,0
rs10402507,rs11591741,0.0197,0,0
rs10402507,rs11704049,0.0,0,0
rs10402507,rs11887718,0.0125,0,0
rs10402507,rs1194104,0.0022,0,0
rs10402507,rs12260962,0.0167,0,0
rs10402507,rs12442901,0.0035,0,0
rs10402507,rs12449964,0.0014,0,0
rs10402507,rs12676438,0.0059,0,0
rs10402507,rs12981654,0.0143,0,0
rs10402507,rs13235365,0.0093,0,0
rs10402507,rs1377586,0.0024,0,0
rs10402507,rs1412444,0.0012,0,0
rs10402507,rs1425486,0.0023,0,0
rs10402507,rs143001834,nan,0,0
rs10402507,rs1521185,0.0,0,0
rs10402507,rs16875368,0.0007,0,0
rs10402507,rs17361686,nan,0,0
rs10402507,rs173651,0.0027,0,0
rs10402507,rs175057,0.001,0,0
rs10402507,rs175065,0.0007,0,0
rs10402507,rs1758632,0.0096,0,0
rs10402507,rs17775391,0.0094,0,0
rs10402507,rs17882802,0.0216,0,0
rs10402507,rs1788799,0.0018,0,0
rs10402507,rs2147063,0.0006,0,0
rs10402507,rs223490,0.0001,0,0
rs10402507,rs2239540,nan,0,0
rs10402507,rs2246012,0.0113,0,0
rs10402507,rs2280018,0.0086,0,0
rs10402507,rs2336725,0.0027,0,0
rs10402507,rs2392376,0.0063,0,0
rs10402507,rs2657291,0.0,0,0
rs10402507,rs2823165,0.0585,0,0
rs10402507,rs2952152,0.0005,0,0
rs10402507,rs34053053,0.0145,0,0
rs10402507,rs34119992,0.0127,0,0
rs10402507,rs35717293,0.0004,0,0
rs10402507,rs36062557,0.0026,0,0
rs10402507,rs3753693,0.0099,0,0
rs10402507,rs3760128,0.0,0,0
rs10402507,rs3800461,nan,0,0
rs10402507,rs3824535,0.0022,0,0
rs10402507,rs4389656,0.05,0,0
rs10402507,rs4614,0.0217,0,0
rs10402507,rs4637890,0.0041,0,0
rs10402507,rs4687701,0.0027,0,0
rs10402507,rs4757405,0.0003,0,0
rs10402507,rs4760,0.0231,0,0
rs10402507,rs4938809,0.0074,0,0
rs10402507,rs506597,0.0055,0,0
rs10402507,rs567859,0.0184,0,0
rs10402507,rs579526,0.0067,0,0
rs10402507,rs58477734,0.0075,0,0
rs10402507,rs6026565,nan,0,0
rs10402507,rs6129773,0.0435,0,0
rs10402507,rs61776719,0.0055,0,0
rs10402507,rs62113105,0.0048,0,0
rs10402507,rs62266124,0.0103,0,0
rs10402507,rs62644541,0.0091,0,0
rs10402507,rs6591424,nan,0,0
rs10402507,rs6905468,nan,0,0
rs10402507,rs7043386,0.0339,0,0
rs10402507,rs7223412,0.0226,0,0
rs10402507,rs726816,0.0001,0,0
rs10402507,rs72706320,nan,0,0
rs10402507,rs7551751,0.0024,0,0
rs10402507,rs757110,0.0009,0,0
rs10402507,rs7667864,0.006,0,0
rs10402507,rs7781557,0.0011,0,0
rs10402507,rs7837587,0.0026,0,0
rs10402507,rs7908825,0.002,0,0
rs10402507,rs794249,0.0114,0,0
rs10402507,rs7969177,nan,0,0
rs10402507,rs8181326,0.0086,0,0
rs10402507,rs8192675,0.0003,0,0
rs10402507,rs85220,0.0002,0,0
rs10402507,rs860735,0.0023,0,0
rs10402507,rs894606,0.0002,0,0
rs10402507,rs927204,0.0027,0,0
rs10402507,rs9376092,0.0007,0,0
rs10402507,rs9991574,0.0024,0,0
rs10418015,rs1050362,0.002,0,0
rs10418015,rs1061810,0.0,0,0
rs10418015,rs10787287,0.0045,0,0
rs10418015,rs10888385,0.0,0,0
rs10418015,rs11000760,0.0091,0,0
rs10418015,rs11079508,0.0008,0,0
rs10418015,rs11098676,0.0005,0,0
rs10418015,rs1111875,0.0,0,0
rs10418015,rs11189523,0.0005,0,0
rs10418015,rs11191472,0.0308,0,0
rs10418015,rs11204675,0.0,0,0
rs10418015,rs11257655,0.0025,0,0
rs10418015,rs1133773,0.003,0,0
rs10418015,rs114192718,nan,0,0
rs10418015,rs114661372,0.0066,0,0
rs10418015,rs11591741,0.0,0,0
rs10418015,rs11704049,0.0015,0,0
rs10418015,rs11887718,0.0005,0,0
rs10418015,rs1194104,0.0005,0,0
rs10418015,rs12260962,0.0002,0,0
rs10418015,rs12442901,0.0048,0,0
rs10418015,rs12449964,0.0131,0,0
rs10418015,rs12676438,0.0002,0,0
rs10418015,rs12981654,0.3635,0,0
rs10418015,rs13235365,0.0,0,0
rs10418015,rs1377586,0.0018,0,0
rs10418015,rs1412444,0.0003,0,0
rs10418015,rs1425486,0.0033,0,0
rs10418015,rs143001834,nan,0,0
rs10418015,rs1521185,0.0009,0,0
rs10418015,rs16875368,0.0165,0,0
rs10418015,rs17361686,0.0022,0,0
rs10418015,rs173651,0.0183,0,0
rs10418015,rs175057,0.0001,0,0
rs10418015,rs175065,0.0002,0,0
rs10418015,rs1758632,0.0176,0,0
rs10418015,rs17775391,0.0045,0,0
rs10418015,rs17882802,0.0,0,0
rs10418015,rs1788799,0.005,0,0
rs10418015,rs2147063,0.0005,0,0
rs10418015,rs223490,0.0051,0,0
rs10418015,rs2239540,0.0786,0,0
rs10418015,rs2246012,0.0009,0,0
rs10418015,rs2280018,0.0003,0,0
rs10418015,rs2336725,0.0,0,0
rs10418015,rs2392376,0.017,0,0
rs10418015,rs2657291,0.0013,0,0
rs10418015,rs2823165,0.0,0,0
rs10418015,rs2952152,0.0045,0,0
rs10418015,rs34053053,0.0,0,0
rs10418015,rs34119992,0.0033,0,0
rs10418015,rs35717293,0.0039,0,0
rs10418015,rs36062557,0.0084,0,0
rs10418015,rs3753693,0.0006,0,0
rs10418015,rs3760128,0.0005,0,0
rs10418015,rs3800461,0.0003,0,0
rs10418015,rs3824535,0.1147,0,0
rs10418015,rs4389656,0.0033,0,0
rs10418015,rs4614,0.0003,0,0
rs10418015,rs4637890,0.0014,0,0
rs10418015,rs4687701,0.0,0,0
rs10418015,rs4757405,0.0,0,0
rs10418015,rs4760,0.0003,0,0
rs10418015,rs4938809,0.0002,0,0
rs10418015,rs506597,0.0027,0,0
rs10418015,rs567859,0.0122,0,0
rs10418015,rs579526,0.0001,0,0
rs10418015,rs58477734,0.0031,0,0
rs10418015,rs6026565,0.0187,0,0
rs10418015,rs6129773,0.0002,0,0
rs10418015,rs61776719,0.0026,0,0
rs10418015,rs62113105,0.0084,0,0
rs10418015,rs62266124,0.0029,0,0
rs10418015,rs62644541,0.0296,0,0
rs10418015,rs6591424,nan,0,0
rs10418015,rs6905468,0.0217,0,0
rs10418015,rs7043386,0.0001,0,0
rs10418015,rs7223412,0.0008,0,0
rs10418015,rs726816,0.0023,0,0
rs10418015,rs72706320,0.0179,0,0
rs10418015,rs7551751,0.0002,0,0
rs10418015,rs757110,0.0,0,0
rs10418015,rs7667864,0.0045,0,0
rs10418015,rs7781557,0.0115,0,0
rs10418015,rs7837587,0.0004,0,0
rs10418015,rs7908825,0.0102,0,0
rs10418015,rs794249,0.0012,0,0
rs10418015,rs7969177,0.0458,0,0
rs10418015,rs8181326,0.0034,0,0
rs10418015,rs8192675,0.0132,0,0
rs10418015,rs85220,0.0039,0,0
rs10418015,rs860735,0.0002,0,0
rs10418015,rs894606,0.0156,0,0
rs10418015,rs927204,0.0034,0,0
rs10418015,rs9376092,0.0002,0,0
rs10418015,rs9991574,0.0033,0,0
rs1050362,rs1061810,0.009,0,0
rs1050362,rs10787287,0.0093,0,0
rs1050362,rs10888385,0.002,0,0
rs1050362,rs11000760,0.0032,0,0
rs1050362,rs11079508,0.0195,0,0
rs1050362,rs11098676,0.0032,0,0
rs1050362,rs1111875,0.007,0,0
rs1050362,rs11189523,0.0002,0,0
rs1050362,rs11191472,0.0077,0,0
rs1050362,rs11204675,0.002,0,0
rs1050362,rs11257655,0.0151,0,0
rs1050362,rs1133773,0.0144,0,0
rs1050362,rs114192718,nan,0,0
rs1050362,rs114661372,0.0199,0,0
rs1050362,rs11591741,0.0015,0,0
rs1050362,rs11704049,0.0017,0,0
rs1050362,rs11887718,0.008,0,0
rs1050362,rs1194104,0.0029,0,0
rs1050362,rs12260962,0.0007,0,0
rs1050362,rs12442901,0.0057,0,0
rs1050362,rs12449964,0.0009,0,0
rs1050362,rs12676438,0.0025,0,0
rs1050362,rs12981654,0.0008,0,0
rs1050362,rs13235365,0.0112,0,0
rs1050362,rs1377586,0.0028,0,0
rs1050362,rs1412444,0.0013,0,0
rs1050362,rs1425486,0.0002,0,0
rs1050362,rs143001834,nan,0,0
rs1050362,rs1521185,0.0004,0,0
rs1050362,rs16875368,0.0054,0,0
rs1050362,rs17361686,0.0013,0,0
rs1050362,rs173651,0.0015,0,0
rs1050362,rs175057,0.0016,0,0
rs1050362,rs175065,0.003,0,0
rs1050362,rs1758632,0.0034,0,0
rs1050362,rs17775391,0.0008,0,0
rs1050362,rs17882802,0.0015,0,0
rs1050362,rs1788799,0.0009,0,0
rs1050362,rs2147063,0.0062,0,0
rs1050362,rs223490,0.0015,0,0
rs1050362,rs2239540,0.0065,0,0
rs1050362,rs2246012,0.0007,0,0
rs1050362,rs2280018,0.0003,0,0
rs1050362,rs2336725,0.0028,0,0
rs1050362,rs2392376,0.0001,0,0
rs1050362,rs2657291,0.0165,0,0
rs1050362,rs2823165,0.0003,0,0
rs1050362,rs2952152,0.0009,0,0
rs1050362,rs34053053,0.0007,0,0
rs1050362,rs34119992,0.0052,0,0
rs1050362,rs35717293,0.0041,0,0
rs1050362,rs36062557,0.0003,0,0
rs1050362,rs3753693,0.0004,0,0
rs1050362,rs3760128,0.0082,0,0
rs1050362,rs3800461,nan,0,0
rs1050362,rs3824535,0.0122,0,0
rs1050362,rs4389656,0.0155,0,0
rs1050362,rs4614,0.0034,0,0
rs1050362,rs4637890,0.0082,0,0
rs1050362,rs4687701,0.0028,0,0
rs1050362,rs4757405,0.0002,0,0
rs1050362,rs4760,0.0053,0,0
rs1050362,rs4938809,0.0005,0,0
rs1050362,rs506597,0.0032,0,0
rs1050362,rs567859,0.0068,0,0
rs1050362,rs579526,0.0001,0,0
rs1050362,rs58477734,0.0018,0,0
rs1050362,rs6026565,0.0201,0,0
rs1050362,rs6129773,0.0021,0,0
rs1050362,rs61776719,0.001,0,0
rs1050362,rs62113105,0.0141,0,0
rs1050362,rs62266124,0.0007,0,0
rs1050362,rs62644541,0.0001,0,0
rs1050362,rs6591424,nan,0,0
rs1050362,rs6905468,0.0098,0,0
rs1050362,rs7043386,0.0045,0,0
rs1050362,rs7223412,0.0195,0,0
rs1050362,rs726816,0.0076,0,0
rs1050362,rs72706320,0.0049,0,0
rs1050362,rs7551751,0.0002,0,0
rs1050362,rs757110,0.0243,0,0
rs1050362,rs7667864,0.0009,0,0
rs1050362,rs7781557,0.0033,0,0
rs1050362,rs7837587,0.0,0,0
rs1050362,rs7908825,0.0035,0,0
rs1050362,rs794249,0.0002,0,0
rs1050362,rs7969177,0.0018,0,0
rs1050362,rs8181326,0.0,0,0
rs1050362,rs8192675,0.0093,0,0
rs1050362,rs85220,0.0003,0,0
rs1050362,rs860735,0.0013,0,0
rs1050362,rs894606,0.0031,0,0
rs1050362,rs927204,0.0105,0,0
rs1050362,rs9376092,0.0255,0,0
rs1050362,rs9991574,0.0014,0,0
rs1061810,rs10787287,0.0003,0,0
rs1061810,rs10888385,0.0008,0,0
rs1061810,rs11000760,0.0016,0,0
rs1061810,rs11079508,0.0078,0,0
rs1061810,rs11098676,0.0071,0,0
rs1061810,rs1111875,0.0006,0,0
rs1061810,rs11189523,0.0379,0,0
rs1061810,rs11191472,nan,0,0
rs1061810,rs11204675,0.0008,0,0
rs1061810,rs11257655,0.0316,0,0
rs1061810,rs1133773,0.0002,0,0
rs1061810,rs114192718,nan,0,0
rs1061810,rs114661372,0.0833,0,0
rs1061810,rs11591741,0.0006,0,0
rs1061810,rs11704049,0.0004,0,0
rs1061810,rs11887718,0.0,0,0
rs1061810,rs1194104,0.001,0,0
rs1061810,rs12260962,0.0046,0,0
rs1061810,rs12442901,0.0076,0,0
rs1061810,rs12449964,0.0023,0,0
rs1061810,rs12676438,0.0,0,0
rs1061810,rs12981654,0.0025,0,0
rs1061810,rs13235365,0.0116,0,0
rs1061810,rs1377586,0.0006,0,0
rs1061810,rs1412444,0.0045,0,0
rs1061810,rs1425486,0.0259,0,0
rs1061810,rs143001834,nan,0,0
rs1061810,rs1521185,0.016,0,0
rs1061810,rs16875368,0.0319,0,0
rs1061810,rs17361686,nan,0,0
rs1061810,rs173651,0.0002,0,0
rs1061810,rs175057,0.0823,0,0
rs1061810,rs175065,0.0975,0,0
rs1061810,rs1758632,0.0048,0,0
rs1061810,rs17775391,0.0049,0,0
rs1061810,rs17882802,0.001,0,0
rs1061810,rs1788799,0.0017,0,0
rs1061810,rs2147063,0.0026,0,0
rs1061810,rs223490,0.0081,0,0
rs1061810,rs2239540,0.006,0,0
rs1061810,rs2246012,0.009,0,0
rs1061810,rs2280018,0.0018,0,0
rs1061810,rs2336725,0.0043,0,0
rs1061810,rs2392376,0.0034,0,0
rs1061810,rs2657291,0.0069,0,0
rs1061810,rs2823165,0.0054,0,0
rs1061810,rs2952152,0.0,0,0
rs1061810,rs34053053,0.0059,0,0
rs1061810,rs34119992,0.0138,0,0
rs1061810,rs35717293,0.0096,0,0
rs1061810,rs36062557,0.0005,0,0
rs1061810,rs3753693,0.0001,0,0
rs1061810,rs3760128,0.0035,0,0
rs1061810,rs3800461,nan,0,0
rs1061810,rs3824535,0.0105,0,0
rs1061810,rs4389656,0.0131,0,0
rs1061810,rs4614,0.0058,0,0
rs1061810,rs4637890,0.0001,0,0
rs1061810,rs4687701,0.0043,0,0
rs1061810,rs4757405,0.0098,0,0
rs1061810,rs4760,0.0012,0,0
rs1061810,rs4938809,0.0446,0,0
rs1061810,rs506597,0.0012,0,0
rs1061810,rs567859,0.0071,0,0
rs1061810,rs579526,0.0128,0,0
rs1061810,rs58477734,0.028,0,0
rs1061810,rs6026565,nan,0,0
rs1061810,rs6129773,0.002,0,0
rs1061810,rs61776719,0.0158,0,0
rs1061810,rs62113105,0.0014,0,0
rs1061810,rs62266124,0.0049,0,0
rs1061810,rs62644541,0.0004,0,0
rs1061810,rs6591424,nan,0,0
rs1061810,rs6905468,nan,0,0
rs1061810,rs7043386,0.0145,0,0
rs1061810,rs7223412,0.0078,0,0
rs1061810,rs726816,0.0001,0,0
rs1061810,rs72706320,nan,0,0
rs1061810,rs7551751,0.017,0,0
rs1061810,rs757110,0.0034,0,0
rs1061810,rs7667864,0.0069,0,0
rs1061810,rs7781557,0.0092,0,0
rs1061810,rs7837587,0.0073,0,0
rs1061810,rs7908825,0.0016,0,0
rs1061810,rs794249,0.0078,0,0
rs1061810,rs7969177,0.0695,0,0
rs1061810,rs8181326,0.0005,0,0
rs1061810,rs8192675,0.001,0,0
rs1061810,rs85220,0.0039,0,0
rs1061810,rs860735,0.0026,0,0
rs1061810,rs894606,0.003,0,0
rs1061810,rs927204,0.0144,0,0
rs1061810,rs9376092,0.0001,0,0
rs1061810,rs9991574,0.0023,0,0
rs10787287,rs10888385,0.0005,0,0
rs10787287,rs11000760,0.0023,0,0
rs10787287,rs11079508,0.0,0,0
rs10787287,rs11098676,0.0,0,0
rs10787287,rs1111875,0.0,0,0
rs10787287,rs11189523,0.0029,0,0
rs10787287,rs11191472,0.0042,0,0
rs10787287,rs11204675,0.0005,0,0
rs10787287,rs11257655,0.005,0,0
rs10787287,rs1133773,0.0016,0,0
rs10787287,rs114192718,0.0027,0,0
rs10787287,rs114661372,0.0002,0,0
rs10787287,rs11591741,0.0069,0,0
rs10787287,rs11704049,0.0002,0,0
rs10787287,rs11887718,0.001,0,0
rs10787287,rs1194104,0.0017,0,0
rs10787287,rs12260962,0.0018,0,0
rs10787287,rs12442901,0.0003,0,0
rs10787287,rs12449964,0.0028,0,0
rs10787287,rs12676438,0.0001,0,0
rs10787287,rs12981654,0.0006,0,0
rs10787287,rs13235365,0.0109,0,0
rs10787287,rs1377586,0.0011,0,0
rs10787287,rs1412444,0.008,0,0
rs10787287,rs1425486,0.0022,0,0
rs10787287,rs143001834,0.0008,0,0
rs10787287,rs1521185,0.0007,0,0
rs10787287,rs16875368,0.0002,0,0
rs10787287,rs17361686,0.0033,0,0
rs10787287,rs173651,0.0001,0,0
rs10787287,rs175057,0.0105,0,0
rs10787287,rs175065,0.0091,0,0
rs10787287,rs1758632,0.0033,0,0
rs10787287,rs17775391,0.0001,0,0
rs10787287,rs17882802,0.0061,0,0
rs10787287,rs1788799,0.0026,0,0
rs10787287,rs2147063,0.0002,0,0
rs10787287,rs223490,0.0184,0,0
rs10787287,rs2239540,0.0052,0,0
rs10787287,rs2246012,0.0003,0,0
rs10787287,rs2280018,0.0003,0,0
rs10787287,rs2336725,0.0008,0,0
rs10787287,rs2392376,0.0041,0,0
rs10787287,rs2657291,0.0,0,0
rs10787287,rs2823165,0.0029,0,0
rs10787287,rs2952152,0.0003,0,0
rs10787287,rs34053053,0.0027,0,0
rs10787287,rs34119992,0.0281,0,0
rs10787287,rs35717293,0.0003,0,0
rs10787287,rs36062557,0.0007,0,0
rs10787287,rs3753693,0.012,0,0
rs10787287,rs3760128,0.0006,0,0
rs10787287,rs3800461,0.0424,0,0
rs10787287,rs3824535,0.0,0,0
rs10787287,rs4389656,0.0027,0,0
rs10787287,rs4614,0.0,0,0
rs10787287,rs4637890,0.0082,0,0
rs10787287,rs4687701,0.0008,0,0
rs10787287,rs4757405,0.0005,0,0
rs10787287,rs4760,0.0007,0,0
rs10787287,rs4938809,0.0,0,0
rs10787287,rs506597,0.0,0,0
rs10787287,rs567859,0.0007,0,0
rs10787287,rs579526,0.001,0,0
rs10787287,rs58477734,0.003,0,0
rs10787287,rs6026565,0.0097,0,0
rs10787287,rs6129773,0.0012,0,0
rs10787287,rs61776719,0.0011,0,0
rs10787287,rs62113105,0.0056,0,0
rs10787287,rs62266124,0.0,0,0
rs10787287,rs62644541,0.0003,0,0
rs10787287,rs6591424,nan,0,0
rs10787287,rs6905468,0.0063,0,0
rs10787287,rs7043386,0.0005,0,0
rs10787287,rs7223412,0.0,0,0
rs10787287,rs726816,0.0012,0,0
rs10787287,rs72706320,0.0087,0,0
rs10787287,rs7551751,0.0002,0,0
rs10787287,rs757110,0.0061,0,0
rs10787287,rs7667864,0.0002,0,0
rs10787287,rs7781557,0.0143,0,0
rs10787287,rs7837587,0.0034,0,0
rs10787287,rs7908825,0.0022,0,0
rs10787287,rs794249,0.0045,0,0
rs10787287,rs7969177,0.0187,0,0
rs10787287,rs8181326,0.0008,0,0
rs10787287,rs8192675,0.007,0,0
rs10787287,rs85220,0.0112,0,0
rs10787287,rs860735,0.0163,0,0
rs10787287,rs894606,0.0028,0,0
rs10787287,rs927204,0.0038,0,0
rs10787287,rs9376092,0.001,0,0
rs10787287,rs9991574,0.0004,0,0
rs10888385,rs11000760,0.0097,0,0
rs10888385,rs11079508,0.0022,0,0
rs10888385,rs11098676,0.0004,0,0
rs10888385,rs1111875,0.0,0,0
rs10888385,rs11189523,0.0,0,0
rs10888385,rs11191472,0.0283,0,0
rs10888385,rs11204675,1.0,1,1
rs10888385,rs11257655,0.0,0,0
rs10888385,rs1133773,0.0016,0,0
rs10888385,rs114192718,nan,0,0
rs10888385,rs114661372,0.0005,0,0
rs10888385,rs11591741,0.0001,0,0
rs10888385,rs11704049,0.0279,0,0
rs10888385,rs11887718,0.0123,0,0
rs10888385,rs1194104,0.0001,0,0
rs10888385,rs12260962,0.02,0,0
rs10888385,rs12442901,0.0014,0,0
rs10888385,rs12449964,0.0033,0,0
rs10888385,rs12676438,0.0007,0,0
rs10888385,rs12981654,0.002,0,0
rs10888385,rs13235365,0.0003,0,0
rs10888385,rs1377586,0.0026,0,0
rs10888385,rs1412444,0.0055,0,0
rs10888385,rs1425486,0.0099,0,0
rs10888385,rs143001834,nan,0,0
rs10888385,rs1521185,0.0003,0,0
rs10888385,rs16875368,0.0165,0,0
rs10888385,rs17361686,0.0003,0,0
rs10888385,rs173651,0.0,0,0
rs10888385,rs175057,0.0103,0,0
rs10888385,rs175065,0.014,0,0
rs10888385,rs1758632,0.0001,0,0
rs10888385,rs17775391,0.002,0,0
rs10888385,rs17882802,0.0,0,0
rs10888385,rs1788799,0.0137,0,0
rs10888385,rs2147063,0.0001,0,0
rs10888385,rs223490,0.0,0,0
rs10888385,rs2239540,0.0,0,0
rs10888385,rs2246012,0.0,0,0
rs10888385,rs2280018,0.0005,0,0
rs10888385,rs2336725,0.0,0,0
rs10888385,rs2392376,0.0005,0,0
rs10888385,rs2657291,0.0004,0,0
rs10888385,rs2823165,0.003,0,0
rs10888385,rs2952152,0.0002,0,0
rs10888385,rs34053053,0.0052,0,0
rs10888385,rs34119992,0.0,0,0
rs10888385,rs35717293,0.0016,0,0
rs10888385,rs36062557,0.0002,0,0
rs10888385,rs3753693,0.0101,0,0
rs10888385,rs3760128,0.0001,0,0
rs10888385,rs3800461,0.0139,0,0
rs10888385,rs3824535,0.0065,0,0
rs10888385,rs4389656,0.0103,0,0
rs10888385,rs4614,0.0029,0,0
rs10888385,rs4637890,0.0007,0,0
rs10888385,rs4687701,0.0,0,0
rs10888385,rs4757405,0.0017,0,0
rs10888385,rs4760,0.0,0,0
rs10888385,rs4938809,0.014,0,0
rs10888385,rs506597,0.0006,0,0
rs10888385,rs567859,0.0,0,0
rs10888385,rs579526,0.0124,0,0
rs10888385,rs58477734,0.0002,0,0
rs10888385,rs6026565,0.0485,0,0
rs10888385,rs6129773,0.0013,0,0
rs10888385,rs61776719,0.0,0,0
rs10888385,rs62113105,0.0022,0,0
rs10888385,rs62266124,0.0013,0,0
rs10888385,rs62644541,0.0003,0,0
rs10888385,rs6591424,nan,0,0
rs10888385,rs6905468,0.004,0,0
rs10888385,rs7043386,0.0003,0,0
rs10888385,rs7223412,0.0022,0,0
rs10888385,rs726816,0.001,0,0
rs10888385,rs72706320,0.002,0,0
rs10888385,rs7551751,0.0025,0,0
rs10888385,rs757110,0.0005,0,0
rs10888385,rs7667864,0.007,0,0
rs10888385,rs7781557,0.0014,0,0
rs10888385,rs7837587,0.0006,0,0
rs10888385,rs7908825,0.0097,0,0
rs10888385,rs794249,0.0108,0,0
rs10888385,rs7969177,0.0003,0,0
rs10888385,rs8181326,0.0016,0,0
rs10888385,rs8192675,0.0013,0,0
rs10888385,rs85220,0.0098,0,0
rs10888385,rs860735,0.0004,0,0
rs10888385,rs894606,0.018,0,0
rs10888385,rs927204,0.0024,0,0
rs10888385,rs9376092,0.0041,0,0
rs10888385,rs9991574,0.0012,0,0
rs11000760,rs11079508,0.005,0,0
rs11000760,rs11098676,0.0025,0,0
rs11000760,rs1111875,0.0035,0,0
rs11000760,rs11189523,0.0,0,0
rs11000760,rs11191472,0.0214,0,0
rs11000760,rs11204675,0.0097,0,0
rs11000760,rs11257655,0.0004,0,0
rs11000760,rs1133773,0.0003,0,0
rs11000760,rs114192718,0.022,0,0
rs11000760,rs114661372,0.0019,0,0
rs11000760,rs11591741,0.0005,0,0
rs11000760,rs11704049,0.0118,0,0
rs11000760,rs11887718,0.0052,0,0
rs11000760,rs1194104,0.0014,0,0
rs11000760,rs12260962,0.0002,0,0
rs11000760,rs12442901,0.0005,0,0
rs11000760,rs12449964,0.0039,0,0
rs11000760,rs12676438,0.0052,0,0
rs11000760,rs12981654,0.0039,0,0
rs11000760,rs13235365,0.0196,0,0
rs11000760,rs1377586,0.0002,0,0
rs11000760,rs1412444,0.0006,0,0
rs11000760,rs1425486,0.0037,0,0
rs11000760,rs143001834,0.0301,0,0
rs11000760,rs1521185,0.0001,0,0
rs11000760,rs16875368,0.0056,0,0
rs11000760,rs17361686,0.0063,0,0
rs11000760,rs173651,0.0007,0,0
rs11000760,rs175057,0.0013,0,0
rs11000760,rs175065,0.0017,0,0
rs11000760,rs1758632,0.0001,0,0
rs11000760,rs17775391,0.0022,0,0
rs11000760,rs17882802,0.0002,0,0
rs11000760,rs1788799,0.0168,0,0
rs11000760,rs2147063,0.0005,0,0
rs11000760,rs223490,0.0112,0,0
rs11000760,rs2239540,0.0017,0,0
rs11000760,rs2246012,0.0002,0,0
rs11000760,rs2280018,0.0038,0,0
rs11000760,rs2336725,0.0002,0,0
rs11000760,rs2392376,0.0003,0,0
rs11000760,rs2657291,0.0003,0,0
rs11000760,rs2823165,0.0005,0,0
rs11000760,rs2952152,0.0085,0,0
rs11000760,rs34053053,0.01,0,0
rs11000760,rs34119992,0.001,0,0
rs11000760,rs35717293,0.0001,0,0
rs11000760,rs36062557,0.0139,0,0
rs11000760,rs3753693,0.0056,0,0
rs11000760,rs3760128,0.0006,0,0
rs11000760,rs3800461,0.0071,0,0
rs11000760,rs3824535,0.0019,0,0
rs11000760,rs4389656,0.0,0,0
rs11000760,rs4614,0.0042,0,0
rs11000760,rs4637890,0.0,0,0
rs11000760,rs4687701,0.0002,0,0
rs11000760,rs4757405,0.0039,0,0
rs11000760,rs4760,0.0016,0,0
rs11000760,rs4938809,0.0067,0,0
rs11000760,rs506597,0.0005,0,0
rs11000760,rs567859,0.0007,0,0
rs11000760,rs579526,0.0044,0,0
rs11000760,rs58477734,0.0061,0,0
rs11000760,rs6026565,0.0053,0,0
rs11000760,rs6129773,0.0003,0,0
rs11000760,rs61776719,0.0004,0,0
rs11000760,rs62113105,0.0,0,0
rs11000760,rs62266124,0.0021,0,0
rs11000760,rs62644541,0.0001,0,0
rs11000760,rs6591424,nan,0,0
rs11000760,rs6905468,0.0087,0,0
rs11000760,rs7043386,0.0008,0,0
rs11000760,rs7223412,0.005,0,0
rs11000760,rs726816,0.0114,0,0
rs11000760,rs72706320,0.0285,0,0
rs11000760,rs7551751,0.0004,0,0
rs11000760,rs757110,0.0,0,0
rs11000760,rs7667864,0.0002,0,0
rs11000760,rs7781557,0.0204,0,0
rs11000760,rs7837587,0.0078,0,0
rs11000760,rs7908825,0.9908,1,1
rs11000760,rs794249,0.0018,0,0
rs11000760,rs7969177,0.0473,0,0
rs11000760,rs8181326,0.0028,0,0
rs11000760,rs8192675,0.0001,0,0
rs11000760,rs85220,0.0088,0,0
rs11000760,rs860735,0.0003,0,0
rs11000760,rs894606,0.0033,0,0
rs11000760,rs927204,0.0185,0,0
rs11000760,rs9376092,0.0001,0,0
rs11000760,rs9991574,0.0094,0,0
rs11079508,rs11098676,0.0156,0,0
rs11079508,rs1111875,0.0005,0,0
rs11079508,rs11189523,0.0028,0,0
rs11079508,rs11191472,nan,0,0
rs11079508,rs11204675,0.0022,0,0
rs11079508,rs11257655,0.0009,0,0
rs11079508,rs1133773,0.0205,0,0
rs11079508,rs114192718,nan,0,0
rs11079508,rs114661372,nan,0,0
rs11079508,rs11591741,0.0,0,0
rs11079508,rs11704049,0.0107,0,0
rs11079508,rs11887718,0.0014,0,0
rs11079508,rs1194104,0.0026,0,0
rs11079508,rs12260962,0.0048,0,0
rs11079508,rs12442901,0.0489,0,0
rs11079508,rs12449964,0.0039,0,0
rs11079508,rs12676438,0.0117,0,0
rs11079508,rs12981654,0.0121,0,0
rs11079508,rs13235365,0.0002,0,0
rs11079508,rs1377586,0.0015,0,0
rs11079508,rs1412444,0.0033,0,0
rs11079508,rs1425486,0.0006,0,0
rs11079508,rs143001834,nan,0,0
rs11079508,rs1521185,0.0,0,0
rs11079508,rs16875368,0.0009,0,0
rs11079508,rs17361686,nan,0,0
rs11079508,rs173651,0.0075,0,0
rs11079508,rs175057,0.0034,0,0
rs11079508,rs175065,0.0019,0,0
rs11079508,rs1758632,0.0,0,0
rs11079508,rs17775391,0.0639,0,0
rs11079508,rs17882802,0.0,0,0
rs11079508,rs1788799,0.0007,0,0
rs11079508,rs2147063,0.0052,0,0
rs11079508,rs223490,0.0198,0,0
rs11079508,rs2239540,0.0098,0,0
rs11079508,rs2246012,0.0116,0,0
rs11079508,rs2280018,0.0127,0,0
rs11079508,rs2336725,0.0016,0,0
rs11079508,rs2392376,0.0042,0,0
rs11079508,rs2657291,0.0018,0,0
rs11079508,rs2823165,0.0086,0,0
rs11079508,rs2952152,0.0192,0,0
rs11079508,rs34053053,0.0016,0,0
rs11079508,rs34119992,0.0186,0,0
rs11079508,rs35717293,0.0018,0,0
rs11079508,rs36062557,0.0001,0,0
rs11079508,rs3753693,0.0173,0,0
rs11079508,rs3760128,0.0002,0,0
rs11079508,rs3800461,nan,0,0
rs11079508,rs3824535,0.0097,0,0
rs11079508,rs4389656,0.001,0,0
rs11079508,rs4614,0.0006,0,0
rs11079508,rs4637890,0.0025,0,0
rs11079508,rs4687701,0.0016,0,0
rs11079508,rs4757405,0.0018,0,0
rs11079508,rs4760,0.0251,0,0
rs11079508,rs4938809,0.0137,0,0
rs11079508,rs506597,0.0002,0,0
rs11079508,rs567859,0.0012,0,0
rs11079508,rs579526,0.0008,0,0
rs11079508,rs58477734,0.0296,0,0
rs11079508,rs6026565,nan,0,0
rs11079508,rs6129773,0.0008,0,0
rs11079508,rs61776719,0.0003,0,0
rs11079508,rs62113105,0.0101,0,0
rs11079508,rs62266124,0.0026,0,0
rs11079508,rs62644541,0.0,0,0
rs11079508,rs6591424,nan,0,0
rs11079508,rs6905468,nan,0,0
rs11079508,rs7043386,0.0297,0,0
rs11079508,rs7223412,1.0,1,1
rs11079508,rs726816,0.0112,0,0
rs11079508,rs72706320,nan,0,0
rs11079508,rs7551751,0.0054,0,0
rs11079508,rs757110,0.0007,0,0
rs11079508,rs7667864,0.007,0,0
rs11079508,rs7781557,0.0191,0,0
rs11079508,rs7837587,0.0086,0,0
rs11079508,rs7908825,0.005,0,0
rs11079508,rs794249,0.0003,0,0
rs11079508,rs7969177,0.0227,0,0
rs11079508,rs8181326,0.0012,0,0
rs11079508,rs8192675,0.0014,0,0
rs11079508,rs85220,0.0021,0,0
rs11079508,rs860735,0.0,0,0
rs11079508,rs894606,0.0,0,0
rs11079508,rs927204,0.0,0,0
rs11079508,rs9376092,0.0127,0,0
rs11079508,rs9991574,0.0009,0,0
rs11098676,rs1111875,0.0017,0,0
rs11098676,rs11189523,0.0033,0,0
rs11098676,rs11191472,0.0001,0,0
rs11098676,rs11204675,0.0004,0,0
rs11098676,rs11257655,0.0069,0,0
rs11098676,rs1133773,0.0005,0,0
rs11098676,rs114192718,0.0046,0,0
rs11098676,rs114661372,0.0433,0,0
rs11098676,rs11591741,0.0016,0,0
rs11098676,rs11704049,0.0002,0,0
rs11098676,rs11887718,0.0037,0,0
rs11098676,rs1194104,0.0009,0,0
rs11098676,rs12260962,0.0009,0,0
rs11098676,rs12442901,0.0008,0,0
rs11098676,rs12449964,0.0,0,0
rs11098676,rs12676438,0.0024,0,0
rs11098676,rs12981654,0.0,0,0
rs11098676,rs13235365,0.0096,0,0
rs11098676,rs1377586,0.0034,0,0
rs11098676,rs1412444,0.0006,0,0
rs11098676,rs1425486,0.0,0,0
rs11098676,rs143001834,0.0098,0,0
rs11098676,rs1521185,0.001,0,0
rs11098676,rs16875368,0.0436,0,0
rs11098676,rs17361686,0.0131,0,0
rs11098676,rs173651,0.0,0,0
rs11098676,rs175057,0.0014,0,0
rs11098676,rs175065,0.0019,0,0
rs11098676,rs1758632,0.0005,0,0
rs11098676,rs17775391,0.0003,0,0
rs11098676,rs17882802,0.0012,0,0
rs11098676,rs1788799,0.0,0,0
rs11098676,rs2147063,0.0013,0,0
rs11098676,rs223490,0.0007,0,0
rs11098676,rs2239540,0.0085,0,0
rs11098676,rs2246012,0.0044,0,0
rs11098676,rs2280018,0.0002,0,0
rs11098676,rs2336725,0.0024,0,0
rs11098676,rs2392376,0.0007,0,0
rs11098676,rs2657291,0.0011,0,0
rs11098676,rs2823165,0.0,0,0
rs11098676,rs2952152,0.0006,0,0
rs11098676,rs34053053,0.0009,0,0
rs11098676,rs34119992,0.0044,0,0
rs11098676,rs35717293,0.0009,0,0
rs11098676,rs36062557,0.001,0,0
rs11098676,rs3753693,0.0032,0,0
rs11098676,rs3760128,0.0006,0,0
rs11098676,rs3800461,0.021,0,0
rs11098676,rs3824535,0.0003,0,0
rs11098676,rs4389656,0.0007,0,0
rs11098676,rs4614,0.0071,0,0
rs11098676,rs4637890,0.0025,0,0
rs11098676,rs4687701,0.0024,0,0
rs11098676,rs4757405,0.0004,0,0
rs11098676,rs4760,0.0,0,0
rs11098676,rs4938809,0.0018,0,0
rs11098676,rs506597,0.0054,0,0
rs11098676,rs567859,0.0046,0,0
rs11098676,rs579526,0.002,0,0
rs11098676,rs58477734,0.0086,0,0
rs11098676,rs6026565,0.0032,0,0
rs11098676,rs6129773,0.0034,0,0
rs11098676,rs61776719,0.0014,0,0
rs11098676,rs62113105,0.0033,0,0
rs11098676,rs62266124,0.0,0,0
rs11098676,rs62644541,0.0005,0,0
rs11098676,rs6591424,nan,0,0
rs11098676,rs6905468,0.0158,0,0
rs11098676,rs7043386,0.0012,0,0
rs11098676,rs7223412,0.0156,0,0
rs11098676,rs726816,0.0001,0,0
rs11098676,rs72706320,0.0035,0,0
rs11098676,rs7551751,0.0021,0,0
rs11098676,rs757110,0.0035,0,0
rs11098676,rs7667864,0.0005,0,0
rs11098676,rs7781557,0.0221,0,0
rs11098676,rs7837587,0.0034,0,0
rs11098676,rs7908825,0.0029,0,0
rs11098676,rs794249,0.0001,0,0
rs11098676,rs7969177,0.0229,0,0
rs11098676,rs8181326,0.0015,0,0
rs11098676,rs8192675,0.0001,0,0
rs11098676,rs85220,0.0001,0,0
rs11098676,rs860735,0.001,0,0
rs11098676,rs894606,0.0103,0,0
rs11098676,rs927204,0.0042,0,0
rs11098676,rs9376092,0.0041,0,0
rs11098676,rs9991574,0.0017,0,0
rs1111875,rs11189523,0.0028,0,0
rs1111875,rs11191472,0.0287,0,0
rs1111875,rs11204675,0.0,0,0
rs1111875,rs11257655,0.0002,0,0
rs1111875,rs1133773,0.0177,0,0
rs1111875,rs114192718,nan,0,0
rs1111875,rs114661372,0.0009,0,0
rs1111875,rs11591741,0.002,0,0
rs1111875,rs11704049,0.0062,0,0
rs1111875,rs11887718,0.0173,0,0
rs1111875,rs1194104,0.002,0,0
rs1111875,rs12260962,0.0001,0,0
rs1111875,rs12442901,0.0079,0,0
rs1111875,rs12449964,0.0,0,0
rs1111875,rs12676438,0.0011,0,0
rs1111875,rs12981654,0.0,0,0
rs1111875,rs13235365,0.0143,0,0
rs1111875,rs1377586,0.0012,0,0
rs1111875,rs1412444,0.0078,0,0
rs1111875,rs1425486,0.0093,0,0
rs1111875,rs143001834,nan,0,0
rs1111875,rs1521185,0.0351,0,0
rs1111875,rs16875368,0.0149,0,0
rs1111875,rs17361686,0.0363,0,0
rs1111875,rs173651,0.0,0,0
rs1111875,rs175057,0.0001,0,0
rs1111875,rs175065,0.0002,0,0
rs1111875,rs1758632,0.0012,0,0
rs1111875,rs17775391,0.0056,0,0
rs1111875,rs17882802,0.0015,0,0
rs1111875,rs1788799,0.0008,0,0
rs1111875,rs2147063,0.0053,0,0
rs1111875,rs223490,0.0064,0,0
rs1111875,rs2239540,0.0039,0,0
rs1111875,rs2246012,0.0007,0,0
rs1111875,rs2280018,0.0048,0,0
rs1111875,rs2336725,0.0036,0,0
rs1111875,rs2392376,0.008,0,0
rs1111875,rs2657291,0.0036,0,0
rs1111875,rs2823165,0.0017,0,0
rs1111875,rs2952152,0.0068,0,0
rs1111875,rs34053053,0.0024,0,0
rs1111875,rs34119992,0.0,0,0
rs1111875,rs35717293,0.0003,0,0
rs1111875,rs36062557,0.0021,0,0
rs1111875,rs3753693,0.002,0,0
rs1111875,rs3760128,0.0012,0,0
rs1111875,rs3800461,0.0146,0,0
rs1111875,rs3824535,0.004,0,0
rs1111875,rs4389656,0.0005,0,0
rs1111875,rs4614,0.0,0,0
rs1111875,rs4637890,0.0024,0,0
rs1111875,rs4687701,0.0036,0,0
rs1111875,rs4757405,0.0035,0,0
rs1111875,rs4760,0.0008,0,0
rs1111875,rs4938809,0.0001,0,0
rs1111875,rs506597,0.0031,0,0
rs1111875,rs567859,0.0047,0,0
rs1111875,rs579526,0.007,0,0
rs1111875,rs58477734,0.0004,0,0
rs1111875,rs6026565,0.0016,0,0
rs1111875,rs6129773,0.0012,0,0
rs1111875,rs61776719,0.001,0,0
rs1111875,rs62113105,0.0127,0,0
rs1111875,rs62266124,0.0031,0,0
rs1111875,rs62644541,0.0023,0,0
rs1111875,rs6591424,nan,0,0
rs1111875,rs6905468,0.0225,0,0
rs1111875,rs7043386,0.0041,0,0
rs1111875,rs7223412,0.0005,0,0
rs1111875,rs726816,0.0172,0,0
rs1111875,rs72706320,0.0209,0,0
rs1111875,rs7551751,0.0066,0,0
rs1111875,rs757110,0.0011,0,0
rs1111875,rs7667864,0.001,0,0
rs1111875,rs7781557,0.0214,0,0
rs1111875,rs7837587,0.0026,0,0
rs1111875,rs7908825,0.0049,0,0
rs1111875,rs794249,0.0006,0,0
rs1111875,rs7969177,0.0017,0,0
rs1111875,rs8181326,0.0007,0,0
rs1111875,rs8192675,0.0203,0,0
rs1111875,rs85220,0.001,0,0
rs1111875,rs860735,0.0002,0,0
rs1111875,rs894606,0.0027,0,0
rs1111875,rs927204,0.027,0,0
rs1111875,rs9376092,0.0048,0,0
rs1111875,rs9991574,0.04,0,0
rs11189523,rs11191472,0.0011,0,0
rs11189523,rs11204675,0.0,0,0
rs11189523,rs11257655,0.0006,0,0
rs11189523,rs1133773,0.0083,0,0
rs11189523,rs114192718,nan,0,0
rs11189523,rs114661372,0.0004,0,0
rs11189523,rs11591741,0.0076,0,0
rs11189523,rs11704049,0.0014,0,0
rs11189523,rs11887718,0.0003,0,0
rs11189523,rs1194104,0.0018,0,0
rs11189523,rs12260962,0.0025,0,0
rs11189523,rs12442901,0.0006,0,0
rs11189523,rs12449964,0.0002,0,0
rs11189523,rs12676438,0.0004,0,0
rs11189523,rs12981654,0.0014,0,0
rs11189523,rs13235365,0.0062,0,0
rs11189523,rs1377586,0.0001,0,0
rs11189523,rs1412444,0.0113,0,0
rs11189523,rs1425486,0.0359,0,0
rs11189523,rs143001834,nan,0,0
rs11189523,rs1521185,0.001,0,0
rs11189523,rs16875368,0.0042,0,0
rs11189523,rs17361686,0.0016,0,0
rs11189523,rs173651,0.012,0,0
rs11189523,rs175057,0.0062,0,0
rs11189523,rs175065,0.0097,0,0
rs11189523,rs1758632,0.009,0,0
rs11189523,rs17775391,0.008,0,0
rs11189523,rs17882802,0.0066,0,0
rs11189523,rs1788799,0.001,0,0
rs11189523,rs2147063,0.0012,0,0
rs11189523,rs223490,0.0082,0,0
rs11189523,rs2239540,0.0004,0,0
rs11189523,rs2246012,0.0005,0,0
rs11189523,rs2280018,0.0009,0,0
rs11189523,rs2336725,0.0011,0,0
rs11189523,rs2392376,0.0005,0,0
rs11189523,rs2657291,0.0007,0,0
rs11189523,rs2823165,0.0005,0,0
rs11189523,rs2952152,0.0001,0,0
rs11189523,rs34053053,0.0081,0,0
rs11189523,rs34119992,0.0004,0,0
rs11189523,rs35717293,0.0024,0,0
rs11189523,rs36062557,0.0001,0,0
rs11189523,rs3753693,0.0006,0,0
rs11189523,rs3760128,0.0002,0,0
rs11189523,rs3800461,0.0162,0,0
rs11189523,rs3824535,0.0018,0,0
rs11189523,rs4389656,0.0036,0,0
rs11189523,rs4614,0.0056,0,0
rs11189523,rs4637890,0.0,0,0
rs11189523,rs4687701,0.0011,0,0
rs11189523,rs4757405,0.0,0,0
rs11189523,rs4760,0.0394,0,0
rs11189523,rs4938809,0.0051,0,0
rs11189523,rs506597,0.0088,0,0
rs11189523,rs567859,0.0001,0,0
rs11189523,rs579526,0.0005,0,0
rs11189523,rs58477734,0.0016,0,0
rs11189523,rs6026565,0.0,0,0
rs11189523,rs6129773,0.0,0,0
rs11189523,rs61776719,0.0001,0,0
rs11189523,rs62113105,0.0234,0,0
rs11189523,rs62266124,0.0028,0,0
rs11189523,rs62644541,0.0076,0,0
rs11189523,rs6591424,nan,0,0
rs11189523,rs6905468,0.0066,0,0
rs11189523,rs7043386,0.0004,0,0
rs11189523,rs7223412,0.0028,0,0
rs11189523,rs726816,0.0,0,0
rs11189523,rs72706320,0.0276,0,0
rs11189523,rs7551751,0.0042,0,0
rs11189523,rs757110,0.0011,0,0
rs11189523,rs7667864,0.0004,0,0
rs11189523,rs7781557,0.016,0,0
rs11189523,rs7837587,0.0008,0,0
rs11189523,rs7908825,0.0,0,0
rs11189523,rs794249,0.0024,0,0
rs11189523,rs7969177,0.0053,0,0
rs11189523,rs8181326,0.016,0,0
rs11189523,rs8192675,0.0026,0,0
rs11189523,rs85220,0.0045,0,0
rs11189523,rs860735,0.003,0,0
rs11189523,rs894606,0.0186,0,0
rs11189523,rs927204,0.0035,0,0
rs11189523,rs9376092,0.0033,0,0
rs11189523,rs9991574,0.0,0,0
rs11191472,rs11204675,0.0283,0,0
rs11191472,rs11257655,nan,0,0
rs11191472,rs1133773,nan,0,0
rs11191472,rs114192718,nan,0,0
rs11191472,rs114661372,nan,0,0
rs11191472,rs11591741,0.017,0,0
rs11191472,rs11704049,nan,0,0
rs11191472,rs11887718,nan,0,0
rs11191472,rs1194104,nan,0,0
rs11191472,rs12260962,nan,0,0
rs11191472,rs12442901,0.0214,0,0
rs11191472,rs12449964,0.0174,0,0
rs11191472,rs12676438,0.0011,0,0
rs11191472,rs12981654,0.0646,0,0
rs11191472,rs13235365,nan,0,0
rs11191472,rs1377586,0.0481,0,0
rs11191472,rs1412444,nan,0,0
rs11191472,rs1425486,0.0054,0,0
rs11191472,rs143001834,nan,0,0
rs11191472,rs1521185,0.0007,0,0
rs11191472,rs16875368,nan,0,0
rs11191472,rs17361686,nan,0,0
rs11191472,rs173651,0.0154,0,0
rs11191472,rs175057,0.0078,0,0
rs11191472,rs175065,0.0072,0,0
rs11191472,rs1758632,0.0252,0,0
rs11191472,rs17775391,nan,0,0
rs11191472,rs17882802,0.017,0,0
rs11191472,rs1788799,0.007,0,0
rs11191472,rs2147063,0.0062,0,0
rs11191472,rs223490,0.0116,0,0
rs11191472,rs2239540,nan,0,0
rs11191472,rs2246012,nan,0,0
rs11191472,rs2280018,0.0699,0,0
rs11191472,rs2336725,0.0237,0,0
rs11191472,rs2392376,0.0233,0,0
rs11191472,rs2657291,0.0154,0,0
rs11191472,rs2823165,0.0,0,0
rs11191472,rs2952152,0.0092,0,0
rs11191472,rs34053053,nan,0,0
rs11191472,rs34119992,nan,0,0
rs11191472,rs35717293,0.0364,0,0
rs11191472,rs36062557,0.0141,0,0
rs11191472,rs3753693,0.0062,0,0
rs11191472,rs3760128,nan,0,0
rs11191472,rs3800461,nan,0,0
rs11191472,rs3824535,nan,0,0
rs11191472,rs4389656,0.0933,0,0
rs11191472,rs4614,0.0073,0,0
rs11191472,rs4637890,0.0269,0,0
rs11191472,rs4687701,0.0237,0,0
rs11191472,rs4757405,0.0,0,0
rs11191472,rs4760,nan,0,0
rs11191472,rs4938809,nan,0,0
rs11191472,rs506597,0.0072,0,0
rs11191472,rs567859,0.0015,0,0
rs11191472,rs579526,nan,0,0
rs11191472,rs58477734,0.016,0,0
rs11191472,rs6026565,nan,0,0
rs11191472,rs6129773,nan,0,0
rs11191472,rs61776719,0.0153,0,0
rs11191472,rs62113105,nan,0,0
rs11191472,rs62266124,0.0006,0,0
rs11191472,rs62644541,nan,0,0
rs11191472,rs6591424,nan,0,0
rs11191472,rs6905468,nan,0,0
rs11191472,rs7043386,0.0104,0,0
rs11191472,rs7223412,nan,0,0
rs11191472,rs726816,0.0028,0,0
rs11191472,rs72706320,nan,0,0
rs11191472,rs7551751,0.0136,0,0
rs11191472,rs757110,0.061,0,0
rs11191472,rs7667864,0.0343,0,0
rs11191472,rs7781557,nan,0,0
rs11191472,rs7837587,0.0063,0,0
rs11191472,rs7908825,0.0235,0,0
rs11191472,rs794249,0.0953,0,0
rs11191472,rs7969177,nan,0,0
rs11191472,rs8181326,0.0553,0,0
rs11191472,rs8192675,nan,0,0
rs11191472,rs85220,nan,0,0
rs11191472,rs860735,0.0009,0,0
rs11191472,rs894606,0.0162,0,0
rs11191472,rs927204,nan,0,0
rs11191472,rs9376092,nan,0,0
rs11191472,rs9991574,nan,0,0
rs11204675,rs11257655,0.0,0,0
rs11204675,rs1133773,0.0016,0,0
rs11204675,rs114192718,nan,0,0
rs11204675,rs114661372,0.0005,0,0
rs11204675,rs11591741,0.0001,0,0
rs11204675,rs11704049,0.0279,0,0
rs11204675,rs11887718,0.0123,0,0
rs11204675,rs1194104,0.0001,0,0
rs11204675,rs12260962,0.02,0,0
rs11204675,rs12442901,0.0014,0,0
rs11204675,rs12449964,0.0033,0,0
rs11204675,rs12676438,0.0007,0,0
rs11204675,rs12981654,0.002,0,0
rs11204675,rs13235365,0.0003,0,0
rs11204675,rs1377586,0.0026,0,0
rs11204675,rs1412444,0.0055,0,0
rs11204675,rs1425486,0.0099,0,0
rs11204675,rs143001834,nan,0,0
rs11204675,rs1521185,0.0003,0,0
rs11204675,rs16875368,0.0165,0,0
rs11204675,rs17361686,0.0003,0,0
rs11204675,rs173651,0.0,0,0
rs11204675,rs175057,0.0103,0,0
rs11204675,rs175065,0.014,0,0
rs11204675,rs1758632,0.0001,0,0
rs11204675,rs17775391,0.002,0,0
rs11204675,rs17882802,0.0,0,0
rs11204675,rs1788799,0.0137,0,0
rs11204675,rs2147063,0.0001,0,0
rs11204675,rs223490,0.0,0,0
rs11204675,rs2239540,0.0,0,0
rs11204675,rs2246012,0.0,0,0
rs11204675,rs2280018,0.0005,0,0
rs11204675,rs2336725,0.0,0,0
rs11204675,rs2392376,0.0005,0,0
rs11204675,rs2657291,0.0004,0,0
rs11204675,rs2823165,0.003,0,0
rs11204675,rs2952152,0.0002,0,0
rs11204675,rs34053053,0.0052,0,0
rs11204675,rs34119992,0.0,0,0
rs11204675,rs35717293,0.0016,0,0
rs11204675,rs36062557,0.0002,0,0
rs11204675,rs3753693,0.0101,0,0
rs11204675,rs3760128,0.0001,0,0
rs11204675,rs3800461,0.0139,0,0
rs11204675,rs3824535,0.0065,0,0
rs11204675,rs4389656,0.0103,0,0
rs11204675,rs4614,0.0029,0,0
rs11204675,rs4637890,0.0007,0,0
rs11204675,rs4687701,0.0,0,0
rs11204675,rs4757405,0.0017,0,0
rs11204675,rs4760,0.0,0,0
rs11204675,rs4938809,0.014,0,0
rs11204675,rs506597,0.0006,0,0
rs11204675,rs567859,0.0,0,0
rs11204675,rs579526,0.0124,0,0
rs11204675,rs58477734,0.0002,0,0
rs11204675,rs6026565,0.0485,0,0
rs11204675,rs6129773,0.0013,0,0
rs11204675,rs61776719,0.0,0,0
rs11204675,rs62113105,0.0022,0,0
rs11204675,rs62266124,0.0013,0,0
rs11204675,rs62644541,0.0003,0,0
rs11204675,rs6591424,nan,0,0
rs11204675,rs6905468,0.004,0,0
rs11204675,rs7043386,0.0003,0,0
rs11204675,rs7223412,0.0022,0,0
rs11204675,rs726816,0.001,0,0
rs11204675,rs72706320,0.002,0,0
rs11204675,rs7551751,0.0025,0,0
rs11204675,rs757110,0.0005,0,0
rs11204675,rs7667864,0.007,0,0
rs11204675,rs7781557,0.0014,0,0
rs11204675,rs7837587,0.0006,0,0
rs11204675,rs7908825,0.0097,0,0
rs11204675,rs794249,0.0108,0,0
rs11204675,rs7969177,0.0003,0,0
rs11204675,rs8181326,0.0016,0,0
rs11204675,rs8192675,0.0013,0,0
rs11204675,rs85220,0.0098,0,0
rs11204675,rs860735,0.0004,0,0
rs11204675,rs894606,0.018,0,0
rs11204675,rs927204,0.0024,0,0
rs11204675,rs9376092,0.0041,0,0
rs11204675,rs9991574,0.0012,0,0
rs11257655,rs1133773,0.0058,0,0
rs11257655,rs114192718,nan,0,0
rs11257655,rs114661372,nan,0,0
rs11257655,rs11591741,0.0016,0,0
rs11257655,rs11704049,0.0197,0,0
rs11257655,rs11887718,0.0017,0,0
rs11257655,rs1194104,0.0001,0,0
rs11257655,rs12260962,0.0015,0,0
rs11257655,rs12442901,0.0003,0,0
rs11257655,rs12449964,0.0131,0,0
rs11257655,rs12676438,0.0101,0,0
rs11257655,rs12981654,0.0015,0,0
rs11257655,rs13235365,0.0045,0,0
rs11257655,rs1377586,0.0018,0,0
rs11257655,rs1412444,0.0012,0,0
rs11257655,rs1425486,0.0073,0,0
rs11257655,rs143001834,nan,0,0
rs11257655,rs1521185,0.0022,0,0
rs11257655,rs16875368,0.0015,0,0
rs11257655,rs17361686,nan,0,0
rs11257655,rs173651,0.0004,0,0
rs11257655,rs175057,0.0005,0,0
rs11257655,rs175065,0.0002,0,0
rs11257655,rs1758632,0.0061,0,0
rs11257655,rs17775391,0.0002,0,0
rs11257655,rs17882802,0.0016,0,0
rs11257655,rs1788799,0.0021,0,0
rs11257655,rs2147063,0.0001,0,0
rs11257655,rs223490,0.0019,0,0
rs11257655,rs2239540,nan,0,0
rs11257655,rs2246012,0.004,0,0
rs11257655,rs2280018,0.0045,0,0
rs11257655,rs2336725,0.0085,0,0
rs11257655,rs2392376,0.0021,0,0
rs11257655,rs2657291,0.0,0,0
rs11257655,rs2823165,0.0,0,0
rs11257655,rs2952152,0.0001,0,0
rs11257655,rs34053053,0.0208,0,0
rs11257655,rs34119992,0.0407,0,0
rs11257655,rs35717293,0.0124,0,0
rs11257655,rs36062557,nan,0,0
rs11257655,rs3753693,0.0022,0,0
rs11257655,rs3760128,0.0055,0,0
rs11257655,rs3800461,nan,0,0
rs11257655,rs3824535,0.0234,0,0
rs11257655,rs4389656,0.0008,0,0
rs11257655,rs4614,0.0051,0,0
rs11257655,rs4637890,0.0199,0,0
rs11257655,rs4687701,0.0085,0,0
rs11257655,rs4757405,0.0125,0,0
rs11257655,rs4760,0.0,0,0
rs11257655,rs4938809,0.0018,0,0
rs11257655,rs506597,0.0001,0,0
rs11257655,rs567859,0.0114,0,0
rs11257655,rs579526,0.0354,0,0
rs11257655,rs58477734,0.0015,0,0
rs11257655,rs6026565,nan,0,0
rs11257655,rs6129773,0.0011,0,0
rs11257655,rs61776719,0.0012,0,0
rs11257655,rs62113105,0.0353,0,0
rs11257655,rs62266124,0.0007,0,0
rs11257655,rs62644541,0.0049,0,0
rs11257655,rs6591424,nan,0,0
rs11257655,rs6905468,nan,0,0
rs11257655,rs7043386,0.0001,0,0
rs11257655,rs7223412,0.0009,0,0
rs11257655,rs726816,0.0189,0,0
rs11257655,rs72706320,nan,0,0
rs11257655,rs7551751,0.0041,0,0
rs11257655,rs757110,0.0001,0,0
rs11257655,rs7667864,0.0004,0,0
rs11257655,rs7781557,0.0057,0,0
rs11257655,rs7837587,0.0004,0,0
rs11257655,rs7908825,0.0003,0,0
rs11257655,rs794249,0.0001,0,0
rs11257655,rs7969177,nan,0,0
rs11257655,rs8181326,0.0102,0,0
rs11257655,rs8192675,0.0017,0,0
rs11257655,rs85220,0.0116,0,0
rs11257655,rs860735,0.0061,0,0
rs11257655,rs894606,0.032,0,0
rs11257655,rs927204,nan,0,0
rs11257655,rs9376092,0.0003,0,0
rs11257655,rs9991574,0.0481,0,0
rs1133773,rs114192718,nan,0,0
rs1133773,rs114661372,nan,0,0
rs1133773,rs11591741,0.014,0,0
rs1133773,rs11704049,0.0081,0,0
rs1133773,rs11887718,0.006,0,0
rs1133773,rs1194104,0.0049,0,0
rs1133773,rs12260962,0.0011,0,0
rs1133773,rs12442901,0.0061,0,0
rs1133773,rs12449964,0.0014,0,0
rs1133773,rs12676438,0.008,0,0
rs1133773,rs12981654,0.0005,0,0
rs1133773,rs13235365,0.0003,0,0
rs1133773,rs1377586,0.0127,0,0
rs1133773,rs1412444,0.0034,0,0
rs1133773,rs1425486,0.0155,0,0
rs1133773,rs143001834,nan,0,0
rs1133773,rs1521185,0.0085,0,0
rs1133773,rs16875368,0.026,0,0
rs1133773,rs17361686,nan,0,0
rs1133773,rs173651,0.0011,0,0
rs1133773,rs175057,0.0025,0,0
rs1133773,rs175065,0.0022,0,0
rs1133773,rs1758632,0.0087,0,0
rs1133773,rs17775391,0.0075,0,0
rs1133773,rs17882802,0.0126,0,0
rs1133773,rs1788799,0.002,0,0
rs1133773,rs2147063,0.0,0,0
rs1133773,rs223490,0.0,0,0
rs1133773,rs2239540,nan,0,0
rs1133773,rs2246012,0.0012,0,0
rs1133773,rs2280018,0.0135,0,0
rs1133773,rs2336725,0.0019,0,0
rs1133773,rs2392376,0.0095,0,0
rs1133773,rs2657291,0.0002,0,0
rs1133773,rs2823165,0.0068,0,0
rs1133773,rs2952152,0.0143,0,0
rs1133773,rs34053053,nan,0,0
rs1133773,rs34119992,0.0285,0,0
rs1133773,rs35717293,0.0026,0,0
rs1133773,rs36062557,0.0023,0,0
rs1133773,rs3753693,0.0068,0,0
rs1133773,rs3760128,0.005,0,0
rs1133773,rs3800461,nan,0,0
rs1133773,rs3824535,nan,0,0
rs1133773,rs4389656,0.0025,0,0
rs1133773,rs4614,0.0162,0,0
rs1133773,rs4637890,0.003,0,0
rs1133773,rs4687701,0.0019,0,0
rs1133773,rs4757405,0.002,0,0
rs1133773,rs4760,0.0083,0,0
rs1133773,rs4938809,0.0022,0,0
rs1133773,rs506597,0.0081,0,0
rs1133773,rs567859,0.0008,0,0
rs1133773,rs579526,0.0154,0,0
rs1133773,rs58477734,0.0166,0,0
rs1133773,rs6026565,nan,0,0
rs1133773,rs6129773,0.0009,0,0
rs1133773,rs61776719,0.0,0,0
rs1133773,rs62113105,0.0207,0,0
rs1133773,rs62266124,0.0104,0,0
rs1133773,rs62644541,0.0028,0,0
rs1133773,rs6591424,nan,0,0
rs1133773,rs6905468,nan,0,0
rs1133773,rs7043386,0.0002,0,0
rs1133773,rs7223412,0.0205,0,0
rs1133773,rs726816,0.0031,0,0
rs1133773,rs72706320,nan,0,0
rs1133773,rs7551751,0.002,0,0
rs1133773,rs757110,0.0071,0,0
rs1133773,rs7667864,0.0014,0,0
rs1133773,rs7781557,0.0003,0,0
rs1133773,rs7837587,0.0011,0,0
rs1133773,rs7908825,0.0002,0,0
rs1133773,rs794249,0.0016,0,0
rs1133773,rs7969177,0.0113,0,0
rs1133773,rs8181326,0.0002,0,0
rs1133773,rs8192675,0.0116,0,0
rs1133773,rs85220,0.0698,0,0
rs1133773,rs860735,0.0394,0,0
rs1133773,rs894606,0.0067,0,0
rs1133773,rs927204,nan,0,0
rs1133773,rs9376092,0.0075,0,0
rs1133773,rs9991574,0.004,0,0
rs114192718,rs114661372,nan,0,0
rs114192718,rs11591741,nan,0,0
rs114192718,rs11704049,nan,0,0
rs114192718,rs11887718,nan,0,0
rs114192718,rs1194104,nan,0,0
rs114192718,rs12260962,nan,0,0
rs114192718,rs12442901,0.0009,0,0
rs114192718,rs12449964,nan,0,0
rs114192718,rs12676438,nan,0,0
rs114192718,rs12981654,nan,0,0
rs114192718,rs13235365,nan,0,0
rs114192718,rs1377586,nan,0,0
rs114192718,rs1412444,nan,0,0
rs114192718,rs1425486,nan,0,0
rs114192718,rs143001834,nan,0,0
rs114192718,rs1521185,0.0282,0,0
rs114192718,rs16875368,nan,0,0
rs114192718,rs17361686,nan,0,0
rs114192718,rs173651,nan,0,0
rs114192718,rs175057,nan,0,0
rs114192718,rs175065,nan,0,0
rs114192718,rs1758632,0.0168,0,0
rs114192718,rs17775391,nan,0,0
rs114192718,rs17882802,nan,0,0
rs114192718,rs1788799,0.0004,0,0
rs114192718,rs2147063,0.0166,0,0
rs114192718,rs223490,nan,0,0
rs114192718,rs2239540,nan,0,0
rs114192718,rs2246012,nan,0,0
rs114192718,rs2280018,0.0003,0,0
rs114192718,rs2336725,0.0012,0,0
rs114192718,rs2392376,nan,0,0
rs114192718,rs2657291,nan,0,0
rs114192718,rs2823165,nan,0,0
rs114192718,rs2952152,0.0156,0,0
rs114192718,rs34053053,nan,0,0
rs114192718,rs34119992,nan,0,0
rs114192718,rs35717293,nan,0,0
rs114192718,rs36062557,nan,0,0
rs114192718,rs3753693,nan,0,0
rs114192718,rs3760128,nan,0,0
rs114192718,rs3800461,nan,0,0
rs114192718,rs3824535,nan,0,0
rs114192718,rs4389656,nan,0,0
rs114192718,rs4614,nan,0,0
rs114192718,rs4637890,nan,0,0
rs114192718,rs4687701,0.0012,0,0
rs114192718,rs4757405,0.0154,0,0
rs114192718,rs4760,nan,0,0
rs114192718,rs4938809,nan,0,0
rs114192718,rs506597,0.0344,0,0
rs114192718,rs567859,0.0029,0,0
rs114192718,rs579526,nan,0,0
rs114192718,rs58477734,nan,0,0
rs114192718,rs6026565,nan,0,0
rs114192718,rs6129773,nan,0,0
rs114192718,rs61776719,nan,0,0
rs114192718,rs62113105,nan,0,0
rs114192718,rs62266124,nan,0,0
rs114192718,rs62644541,nan,0,0
rs114192718,rs6591424,nan,0,0
rs114192718,rs6905468,nan,0,0
rs114192718,rs7043386,0.0001,0,0
rs114192718,rs7223412,nan,0,0
rs114192718,rs726816,nan,0,0
rs114192718,rs72706320,nan,0,0
rs114192718,rs7551751,0.0074,0,0
rs114192718,rs757110,0.0044,0,0
rs114192718,rs7667864,0.0042,0,0
rs114192718,rs7781557,nan,0,0
rs114192718,rs7837587,nan,0,0
rs114192718,rs7908825,0.022,0,0
rs114192718,rs794249,nan,0,0
rs114192718,rs7969177,nan,0,0
rs114192718,rs8181326,0.0066,0,0
rs114192718,rs8192675,nan,0,0
rs114192718,rs85220,nan,0,0
rs114192718,rs860735,0.0176,0,0
rs114192718,rs894606,nan,0,0
rs114192718,rs927204,nan,0,0
rs114192718,rs9376092,nan,0,0
rs114192718,rs9991574,nan,0,0
rs114661372,rs11591741,0.0004,0,0
rs114661372,rs11704049,nan,0,0
rs114661372,rs11887718,nan,0,0
rs114661372,rs1194104,0.0007,0,0
rs114661372,rs12260962,0.0028,0,0
rs114661372,rs12442901,0.0064,0,0
rs114661372,rs12449964,0.0,0,0
rs114661372,rs12676438,0.0017,0,0
rs114661372,rs12981654,0.0038,0,0
rs114661372,rs13235365,nan,0,0
rs114661372,rs1377586,0.0003,0,0
rs114661372,rs1412444,0.0189,0,0
rs114661372,rs1425486,0.0113,0,0
rs114661372,rs143001834,nan,0,0
rs114661372,rs1521185,0.0294,0,0
rs114661372,rs16875368,nan,0,0
rs114661372,rs17361686,nan,0,0
rs114661372,rs173651,0.0054,0,0
rs114661372,rs175057,0.0485,0,0
rs114661372,rs175065,0.0508,0,0
rs114661372,rs1758632,0.0058,0,0
rs114661372,rs17775391,nan,0,0
rs114661372,rs17882802,0.0004,0,0
rs114661372,rs1788799,0.0053,0,0
rs114661372,rs2147063,0.0011,0,0
rs114661372,rs223490,0.0007,0,0
rs114661372,rs2239540,nan,0,0
rs114661372,rs2246012,nan,0,0
rs114661372,rs2280018,0.0022,0,0
rs114661372,rs2336725,0.0274,0,0
rs114661372,rs2392376,0.004,0,0
rs114661372,rs2657291,0.0075,0,0
rs114661372,rs2823165,0.0006,0,0
rs114661372,rs2952152,0.0039,0,0
rs114661372,rs34053053,nan,0,0
rs114661372,rs34119992,nan,0,0
rs114661372,rs35717293,0.0165,0,0
rs114661372,rs36062557,0.0229,0,0
rs114661372,rs3753693,0.0309,0,0
rs114661372,rs3760128,0.0434,0,0
rs114661372,rs3800461,nan,0,0
rs114661372,rs3824535,nan,0,0
rs114661372,rs4389656,0.0033,0,0
rs114661372,rs4614,0.0038,0,0
rs114661372,rs4637890,0.044,0,0
rs114661372,rs4687701,0.0274,0,0
rs114661372,rs4757405,0.0195,0,0
rs114661372,rs4760,nan,0,0
rs114661372,rs4938809,0.0081,0,0
rs114661372,rs506597,0.0004,0,0
rs114661372,rs567859,0.0,0,0
rs114661372,rs579526,nan,0,0
rs114661372,rs58477734,0.0008,0,0
rs114661372,rs6026565,nan,0,0
rs114661372,rs6129773,0.0067,0,0
rs114661372,rs61776719,0.0001,0,0
rs114661372,rs62113105,0.0146,0,0
rs114661372,rs62266124,0.0118,0,0
rs114661372,rs62644541,0.0227,0,0
rs114661372,rs6591424,nan,0,0
rs114661372,rs6905468,nan,0,0
rs114661372,rs7043386,0.0016,0,0
rs114661372,rs7223412,nan,0,0
rs114661372,rs726816,0.0259,0,0
rs114661372,rs72706320,nan,0,0
rs114661372,rs7551751,0.0013,0,0
rs114661372,rs757110,0.0354,0,0
rs114661372,rs7667864,0.0088,0,0
rs114661372,rs7781557,nan,0,0
rs114661372,rs7837587,0.0656,0,0
rs114661372,rs7908825,0.0023,0,0
rs114661372,rs794249,0.0017,0,0
rs114661372,rs7969177,nan,0,0
rs114661372,rs8181326,0.0153,0,0
rs114661372,rs8192675,0.0138,0,0
rs114661372,rs85220,0.0039,0,0
rs114661372,rs860735,0.0281,0,0
rs114661372,rs894606,0.0078,0,0
rs114661372,rs927204,nan,0,0
rs114661372,rs9376092,0.0108,0,0
rs114661372,rs9991574,0.0087,0,0
rs11591741,rs11704049,0.0027,0,0
rs11591741,rs11887718,0.0328,0,0
rs11591741,rs1194104,0.0041,0,0
rs11591741,rs12260962,0.0073,0,0
rs11591741,rs12442901,0.0001,0,0
rs11591741,rs12449964,0.001,0,0
rs11591741,rs12676438,0.0023,0,0
rs11591741,rs12981654,0.0042,0,0
rs11591741,rs13235365,0.0012,0,0
rs11591741,rs1377586,0.0,0,0
rs11591741,rs1412444,0.0062,0,0
rs11591741,rs1425486,0.0004,0,0
rs11591741,rs143001834,nan,0,0
rs11591741,rs1521185,0.003,0,0
rs11591741,rs16875368,0.0052,0,0
rs11591741,rs17361686,0.0006,0,0
rs11591741,rs173651,0.0163,0,0
rs11591741,rs175057,0.0074,0,0
rs11591741,rs175065,0.0095,0,0
rs11591741,rs1758632,0.0001,0,0
rs11591741,rs17775391,0.0004,0,0
rs11591741,rs17882802,0.9853,1,1
rs11591741,rs1788799,0.002,0,0
rs11591741,rs2147063,0.0263,0,0
rs11591741,rs223490,0.0004,0,0
rs11591741,rs2239540,0.0122,0,0
rs11591741,rs2246012,0.0159,0,0
rs11591741,rs2280018,0.0009,0,0
rs11591741,rs2336725,0.018,0,0
rs11591741,rs2392376,0.0015,0,0
rs11591741,rs2657291,0.0011,0,0
rs11591741,rs2823165,0.0001,0,0
rs11591741,rs2952152,0.0085,0,0
rs11591741,rs34053053,0.0137,0,0
rs11591741,rs34119992,0.0001,0,0
rs11591741,rs35717293,0.0044,0,0
rs11591741,rs36062557,0.0062,0,0
rs11591741,rs3753693,0.0035,0,0
rs11591741,rs3760128,0.0035,0,0
rs11591741,rs3800461,0.018,0,0
rs11591741,rs3824535,0.0169,0,0
rs11591741,rs4389656,0.003,0,0
rs11591741,rs4614,0.0,0,0
rs11591741,rs4637890,0.0036,0,0
rs11591741,rs4687701,0.018,0,0
rs11591741,rs4757405,0.0107,0,0
rs11591741,rs4760,0.0048,0,0
rs11591741,rs4938809,0.0025,0,0
rs11591741,rs506597,0.0047,0,0
rs11591741,rs567859,0.0,0,0
rs11591741,rs579526,0.0,0,0
rs11591741,rs58477734,0.0035,0,0
rs11591741,rs6026565,0.001,0,0
rs11591741,rs6129773,0.0156,0,0
rs11591741,rs61776719,0.0047,0,0
rs11591741,rs62113105,0.0088,0,0
rs11591741,rs62266124,0.02,0,0
rs11591741,rs62644541,0.0,0,0
rs11591741,rs6591424,nan,0,0
rs11591741,rs6905468,0.0004,0,0
rs11591741,rs7043386,0.004,0,0
rs11591741,rs7223412,0.0,0,0
rs11591741,rs726816,0.0008,0,0
rs11591741,rs72706320,0.0424,0,0
rs11591741,rs7551751,0.0003,0,0
rs11591741,rs757110,0.0019,0,0
rs11591741,rs7667864,0.0028,0,0
rs11591741,rs7781557,0.0015,0,0
rs11591741,rs7837587,0.0029,0,0
rs11591741,rs7908825,0.0006,0,0
rs11591741,rs794249,0.0002,0,0
rs11591741,rs7969177,0.0064,0,0
rs11591741,rs8181326,0.0,0,0
rs11591741,rs8192675,0.0036,0,0
rs11591741,rs85220,0.0001,0,0
rs11591741,rs860735,0.0117,0,0
rs11591741,rs894606,0.0026,0,0
rs11591741,rs927204,0.0005,0,0
rs11591741,rs9376092,0.0021,0,0
rs11591741,rs9991574,0.0098,0,0
rs11704049,rs11887718,0.0039,0,0
rs11704049,rs1194104,0.0001,0,0
rs11704049,rs12260962,0.0143,0,0
rs11704049,rs12442901,0.0069,0,0
rs11704049,rs12449964,0.0021,0,0
rs11704049,rs12676438,0.0016,0,0
rs11704049,rs12981654,0.0062,0,0
rs11704049,rs13235365,0.0003,0,0
rs11704049,rs1377586,0.0008,0,0
rs11704049,rs1412444,0.0045,0,0
rs11704049,rs1425486,0.0272,0,0
rs11704049,rs143001834,nan,0,0
rs11704049,rs1521185,0.001,0,0
rs11704049,rs16875368,0.0066,0,0
rs11704049,rs17361686,0.0042,0,0
rs11704049,rs173651,0.0129,0,0
rs11704049,rs175057,0.0122,0,0
rs11704049,rs175065,0.014,0,0
rs11704049,rs1758632,0.0,0,0
rs11704049,rs17775391,0.0001,0,0
rs11704049,rs17882802,0.0034,0,0
rs11704049,rs1788799,0.0,0,0
rs11704049,rs2147063,0.0005,0,0
rs11704049,rs223490,0.0003,0,0
rs11704049,rs2239540,0.0062,0,0
rs11704049,rs2246012,0.0106,0,0
rs11704049,rs2280018,0.0011,0,0
rs11704049,rs2336725,0.0061,0,0
rs11704049,rs2392376,0.0001,0,0
rs11704049,rs2657291,0.0152,0,0
rs11704049,rs2823165,0.0059,0,0
rs11704049,rs2952152,0.0001,0,0
rs11704049,rs34053053,0.0031,0,0
rs11704049,rs34119992,0.0024,0,0
rs11704049,rs35717293,0.0058,0,0
rs11704049,rs36062557,0.0002,0,0
rs11704049,rs3753693,0.0001,0,0
rs11704049,rs3760128,0.0046,0,0
rs11704049,rs3800461,nan,0,0
rs11704049,rs3824535,0.0081,0,0
rs11704049,rs4389656,0.0044,0,0
rs11704049,rs4614,0.0,0,0
rs11704049,rs4637890,0.0129,0,0
rs11704049,rs4687701,0.0061,0,0
rs11704049,rs4757405,0.0013,0,0
rs11704049,rs4760,0.0222,0,0
rs11704049,rs4938809,0.0042,0,0
rs11704049,rs506597,0.0001,0,0
rs11704049,rs567859,0.0044,0,0
rs11704049,rs579526,0.0009,0,0
rs11704049,rs58477734,0.0046,0,0
rs11704049,rs6026565,nan,0,0
rs11704049,rs6129773,0.001,0,0
rs11704049,rs61776719,0.0222,0,0
rs11704049,rs62113105,0.0049,0,0
rs11704049,rs62266124,0.0121,0,0
rs11704049,rs62644541,0.0497,0,0
rs11704049,rs6591424,nan,0,0
rs11704049,rs6905468,nan,0,0
rs11704049,rs7043386,0.0001,0,0
rs11704049,rs7223412,0.0107,0,0
rs11704049,rs726816,0.001,0,0
rs11704049,rs72706320,nan,0,0
rs11704049,rs7551751,0.0128,0,0
rs11704049,rs757110,0.0042,0,0
rs11704049,rs7667864,0.002,0,0
rs11704049,rs7781557,0.0,0,0
rs11704049,rs7837587,0.0088,0,0
rs11704049,rs7908825,0.0118,0,0
rs11704049,rs794249,0.0112,0,0
rs11704049,rs7969177,nan,0,0
rs11704049,rs8181326,0.0078,0,0
rs11704049,rs8192675,0.0002,0,0
rs11704049,rs85220,0.0298,0,0
rs11704049,rs860735,0.0005,0,0
rs11704049,rs894606,0.0002,0,0
rs11704049,rs927204,nan,0,0
rs11704049,rs9376092,0.0361,0,0
rs11704049,rs9991574,0.0206,0,0
rs11887718,rs1194104,0.0281,0,0
rs11887718,rs12260962,0.0182,0,0
rs11887718,rs12442901,0.002,0,0
rs11887718,rs12449964,0.0629,0,0
rs11887718,rs12676438,0.0027,0,0
rs11887718,rs12981654,0.0,0,0
rs11887718,rs13235365,0.0001,0,0
rs11887718,rs1377586,0.0026,0,0
rs11887718,rs1412444,0.0038,0,0
rs11887718,rs1425486,0.0008,0,0
rs11887718,rs143001834,nan,0,0
rs11887718,rs1521185,0.0318,0,0
rs11887718,rs16875368,0.0316,0,0
rs11887718,rs17361686,nan,0,0
rs11887718,rs173651,0.0639,0,0
rs11887718,rs175057,0.0022,0,0
rs11887718,rs175065,0.0025,0,0
rs11887718,rs1758632,0.0012,0,0
rs11887718,rs17775391,0.0056,0,0
rs11887718,rs17882802,0.0328,0,0
rs11887718,rs1788799,0.0035,0,0
rs11887718,rs2147063,0.0013,0,0
rs11887718,rs223490,0.0035,0,0
rs11887718,rs2239540,nan,0,0
rs11887718,rs2246012,nan,0,0
rs11887718,rs2280018,0.0054,0,0
rs11887718,rs2336725,0.0,0,0
rs11887718,rs2392376,0.0231,0,0
rs11887718,rs2657291,0.0046,0,0
rs11887718,rs2823165,0.0032,0,0
rs11887718,rs2952152,0.0018,0,0
rs11887718,rs34053053,nan,0,0
rs11887718,rs34119992,0.0037,0,0
rs11887718,rs35717293,0.0012,0,0
rs11887718,rs36062557,0.0343,0,0
rs11887718,rs3753693,0.0014,0,0
rs11887718,rs3760128,0.0012,0,0
rs11887718,rs3800461,nan,0,0
rs11887718,rs3824535,nan,0,0
rs11887718,rs4389656,0.0193,0,0
rs11887718,rs4614,0.0231,0,0
rs11887718,rs4637890,0.0003,0,0
rs11887718,rs4687701,0.0,0,0
rs11887718,rs4757405,0.002,0,0
rs11887718,rs4760,nan,0,0
rs11887718,rs4938809,0.0088,0,0
rs11887718,rs506597,0.0003,0,0
rs11887718,rs567859,0.0137,0,0
rs11887718,rs579526,0.0057,0,0
rs11887718,rs58477734,0.0058,0,0
rs11887718,rs6026565,nan,0,0
rs11887718,rs6129773,0.0229,0,0
rs11887718,rs61776719,0.0227,0,0
rs11887718,rs62113105,0.0001,0,0
rs11887718,rs62266124,0.0108,0,0
rs11887718,rs62644541,0.0081,0,0
rs11887718,rs6591424,nan,0,0
rs11887718,rs6905468,nan,0,0
rs11887718,rs7043386,0.0232,0,0
rs11887718,rs7223412,0.0014,0,0
rs11887718,rs726816,0.0015,0,0
rs11887718,rs72706320,nan,0,0
rs11887718,rs7551751,0.02,0,0
rs11887718,rs757110,0.0282,0,0
rs11887718,rs7667864,0.0114,0,0
rs11887718,rs7781557,0.0041,0,0
rs11887718,rs7837587,0.0003,0,0
rs11887718,rs7908825,0.0052,0,0
rs11887718,rs794249,0.0018,0,0
rs11887718,rs7969177,nan,0,0
rs11887718,rs8181326,0.0074,0,0
rs11887718,rs8192675,0.0206,0,0
rs11887718,rs85220,0.0004,0,0
rs11887718,rs860735,0.0,0,0
rs11887718,rs894606,0.0126,0,0
rs11887718,rs927204,nan,0,0
rs11887718,rs9376092,0.006,0,0
rs11887718,rs9991574,0.014,0,0
rs1194104,rs12260962,0.0047,0,0
rs1194104,rs12442901,0.0029,0,0
rs1194104,rs12449964,0.0034,0,0
rs1194104,rs12676438,0.0259,0,0
rs1194104,rs12981654,0.0319,0,0
rs1194104,rs13235365,0.0008,0,0
rs1194104,rs1377586,0.0002,0,0
rs1194104,rs1412444,0.0,0,0
rs1194104,rs1425486,0.0014,0,0
rs1194104,rs143001834,nan,0,0
rs1194104,rs1521185,0.0006,0,0
rs1194104,rs16875368,0.0063,0,0
rs1194104,rs17361686,nan,0,0
rs1194104,rs173651,0.0028,0,0
rs1194104,rs175057,0.0057,0,0
rs1194104,rs175065,0.0045,0,0
rs1194104,rs1758632,0.0011,0,0
rs1194104,rs17775391,0.0058,0,0
rs1194104,rs17882802,0.0041,0,0
rs1194104,rs1788799,0.0003,0,0
rs1194104,rs2147063,0.0069,0,0
rs1194104,rs223490,0.0192,0,0
rs1194104,rs2239540,nan,0,0
rs1194104,rs2246012,0.0,0,0
rs1194104,rs2280018,0.0025,0,0
rs1194104,rs2336725,0.0002,0,0
rs1194104,rs2392376,0.006,0,0
rs1194104,rs2657291,0.0027,0,0
rs1194104,rs2823165,0.0001,0,0
rs1194104,rs2952152,0.0017,0,0
rs1194104,rs34053053,0.0,0,0
rs1194104,rs34119992,0.0404,0,0
rs1194104,rs35717293,0.0093,0,0
rs1194104,rs36062557,0.0041,0,0
rs1194104,rs3753693,0.0077,0,0
rs1194104,rs3760128,0.0,0,0
rs1194104,rs3800461,nan,0,0
rs1194104,rs3824535,0.014,0,0
rs1194104,rs4389656,0.0312,0,0
rs1194104,rs4614,0.0003,0,0
rs1194104,rs4637890,0.0011,0,0
rs1194104,rs4687701,0.0002,0,0
rs1194104,rs4757405,0.0003,0,0
rs1194104,rs4760,0.001,0,0
rs1194104,rs4938809,0.0177,0,0
rs1194104,rs506597,0.0072,0,0
rs1194104,rs567859,0.0012,0,0
rs1194104,rs579526,0.0449,0,0
rs1194104,rs58477734,0.0054,0,0
rs1194104,rs6026565,0.0261,0,0
rs1194104,rs6129773,0.0002,0,0
rs1194104,rs61776719,0.0002,0,0
rs1194104,rs62113105,0.0005,0,0
rs1194104,rs62266124,0.0553,0,0
rs1194104,rs62644541,0.0151,0,0
rs1194104,rs6591424,nan,0,0
rs1194104,rs6905468,nan,0,0
rs1194104,rs7043386,0.0,0,0
rs1194104,rs7223412,0.0026,0,0
rs1194104,rs726816,0.0236,0,0
rs1194104,rs72706320,nan,0,0
rs1194104,rs7551751,0.0166,0,0
rs1194104,rs757110,0.0003,0,0
rs1194104,rs7667864,0.0031,0,0
rs1194104,rs7781557,0.0068,0,0
rs1194104,rs7837587,0.0,0,0
rs1194104,rs7908825,0.0012,0,0
rs1194104,rs794249,0.0005,0,0
rs1194104,rs7969177,nan,0,0
rs1194104,rs8181326,0.0007,0,0
rs1194104,rs8192675,0.0049,0,0
rs1194104,rs85220,0.0032,0,0
rs1194104,rs860735,0.0131,0,0
rs1194104,rs894606,0.0038,0,0
rs1194104,rs927204,0.1,0,0
rs1194104,rs9376092,0.0002,0,0
rs1194104,rs9991574,0.0,0,0
rs12260962,rs12442901,0.0064,0,0
rs12260962,rs12449964,0.003,0,0
rs12260962,rs12676438,0.0075,0,0
rs12260962,rs12981654,0.0343,0,0
rs12260962,rs13235365,0.0001,0,0
rs12260962,rs1377586,0.0301,0,0
rs12260962,rs1412444,0.0079,0,0
rs12260962,rs1425486,0.0002,0,0
rs12260962,rs143001834,nan,0,0
rs12260962,rs1521185,0.0014,0,0
rs12260962,rs16875368,0.0032,0,0
rs12260962,rs17361686,0.004,0,0
rs12260962,rs173651,0.0002,0,0
rs12260962,rs175057,0.0025,0,0
rs12260962,rs175065,0.0014,0,0
rs12260962,rs1758632,0.003,0,0
rs12260962,rs17775391,0.0011,0,0
rs12260962,rs17882802,0.0073,0,0
rs12260962,rs1788799,0.0004,0,0
rs12260962,rs2147063,0.0005,0,0
rs12260962,rs223490,0.0233,0,0
rs12260962,rs2239540,0.003,0,0
rs12260962,rs2246012,0.0032,0,0
rs12260962,rs2280018,0.0095,0,0
rs12260962,rs2336725,0.008,0,0
rs12260962,rs2392376,0.012,0,0
rs12260962,rs2657291,0.0009,0,0
rs12260962,rs2823165,0.0029,0,0
rs12260962,rs2952152,0.0181,0,0
rs12260962,rs34053053,0.0012,0,0
rs12260962,rs34119992,0.0325,0,0
rs12260962,rs35717293,0.01,0,0
rs12260962,rs36062557,0.0,0,0
rs12260962,rs3753693,0.0001,0,0
rs12260962,rs3760128,0.0047,0,0
rs12260962,rs3800461,0.0248,0,0
rs12260962,rs3824535,0.0008,0,0
rs12260962,rs4389656,0.0009,0,0
rs12260962,rs4614,0.0,0,0
rs12260962,rs4637890,0.0035,0,0
rs12260962,rs4687701,0.008,0,0
rs12260962,rs4757405,0.0014,0,0
rs12260962,rs4760,0.003,0,0
rs12260962,rs4938809,0.0068,0,0
rs12260962,rs506597,0.0121,0,0
rs12260962,rs567859,0.0121,0,0
rs12260962,rs579526,0.0,0,0
rs12260962,rs58477734,0.0001,0,0
rs12260962,rs6026565,0.0193,0,0
rs12260962,rs6129773,0.0063,0,0
rs12260962,rs61776719,0.0061,0,0
rs12260962,rs62113105,0.0038,0,0
rs12260962,rs62266124,0.0041,0,0
rs12260962,rs62644541,0.0007,0,0
rs12260962,rs6591424,nan,0,0
rs12260962,rs6905468,0.016,0,0
rs12260962,rs7043386,0.0004,0,0
rs12260962,rs7223412,0.0048,0,0
rs12260962,rs726816,0.0073,0,0
rs12260962,rs72706320,nan,0,0
rs12260962,rs7551751,0.0045,0,0
rs12260962,rs757110,0.0001,0,0
rs12260962,rs7667864,0.004,0,0
rs12260962,rs7781557,0.0022,0,0
rs12260962,rs7837587,0.0037,0,0
rs12260962,rs7908825,0.0001,0,0
rs12260962,rs794249,0.0019,0,0
rs12260962,rs7969177,0.0027,0,0
rs12260962,rs8181326,0.0017,0,0
rs12260962,rs8192675,0.0034,0,0
rs12260962,rs85220,0.01,0,0
rs12260962,rs860735,0.007,0,0
rs12260962,rs894606,0.0026,0,0
rs12260962,rs927204,0.0264,0,0
rs12260962,rs9376092,0.0146,0,0
rs12260962,rs9991574,0.0003,0,0
rs12442901,rs12449964,0.0078,0,0
rs12442901,rs12676438,0.0019,0,0
rs12442901,rs12981654,0.0057,0,0
rs12442901,rs13235365,0.0042,0,0
rs12442901,rs1377586,0.0002,0,0
rs12442901,rs1412444,0.0017,0,0
rs12442901,rs1425486,0.0097,0,0
rs12442901,rs143001834,0.0225,0,0
rs12442901,rs1521185,0.0028,0,0
rs12442901,rs16875368,0.0009,0,0
rs12442901,rs17361686,0.0056,0,0
rs12442901,rs173651,0.0002,0,0
rs12442901,rs175057,0.01,0,0
rs12442901,rs175065,0.009,0,0
rs12442901,rs1758632,0.0151,0,0
rs12442901,rs17775391,0.0093,0,0
rs12442901,rs17882802,0.0,0,0
rs12442901,rs1788799,0.0043,0,0
rs12442901,rs2147063,0.0001,0,0
rs12442901,rs223490,0.0012,0,0
rs12442901,rs2239540,0.0031,0,0
rs12442901,rs2246012,0.04,0,0
rs12442901,rs2280018,0.0134,0,0
rs12442901,rs2336725,0.0026,0,0
rs12442901,rs2392376,0.0051,0,0
rs12442901,rs2657291,0.0,0,0
rs12442901,rs2823165,0.0039,0,0
rs12442901,rs2952152,0.0001,0,0
rs12442901,rs34053053,0.0187,0,0
rs12442901,rs34119992,0.0027,0,0
rs12442901,rs35717293,0.0001,0,0
rs12442901,rs36062557,0.0002,0,0
rs12442901,rs3753693,0.0021,0,0
rs12442901,rs3760128,0.001,0,0
rs12442901,rs3800461,0.0006,0,0
rs12442901,rs3824535,0.0024,0,0
rs12442901,rs4389656,0.004,0,0
rs12442901,rs4614,0.0037,0,0
rs12442901,rs4637890,0.0043,0,0
rs12442901,rs4687701,0.0026,0,0
rs12442901,rs4757405,0.0055,0,0
rs12442901,rs4760,0.0018,0,0
rs12442901,rs4938809,0.0154,0,0
rs12442901,rs506597,0.0004,0,0
rs12442901,rs567859,0.006,0,0
rs12442901,rs579526,0.0293,0,0
rs12442901,rs58477734,0.0043,0,0
rs12442901,rs6026565,0.0188,0,0
rs12442901,rs6129773,0.0009,0,0
rs12442901,rs61776719,0.0013,0,0
rs12442901,rs62113105,0.0002,0,0
rs12442901,rs62266124,0.0032,0,0
rs12442901,rs62644541,0.0047,0,0
rs12442901,rs6591424,nan,0,0
rs12442901,rs6905468,0.0037,0,0
rs12442901,rs7043386,0.0136,0,0
rs12442901,rs7223412,0.0489,0,0
rs12442901,rs726816,0.0,0,0
rs12442901,rs72706320,0.007,0,0
rs12442901,rs7551751,0.0002,0,0
rs12442901,rs757110,0.0,0,0
rs12442901,rs7667864,0.0018,0,0
rs12442901,rs7781557,0.0002,0,0
rs12442901,rs7837587,0.0015,0,0
rs12442901,rs7908825,0.0003,0,0
rs12442901,rs794249,0.001,0,0
rs12442901,rs7969177,0.0158,0,0
rs12442901,rs8181326,0.0031,0,0
rs12442901,rs8192675,0.0006,0,0
rs12442901,rs85220,0.0001,0,0
rs12442901,rs860735,0.0007,0,0
rs12442901,rs894606,0.0034,0,0
rs12442901,rs927204,0.0052,0,0
rs12442901,rs9376092,0.0061,0,0
rs12442901,rs9991574,0.0,0,0
rs12449964,rs12676438,0.0002,0,0
rs12449964,rs12981654,0.0387,0,0
rs12449964,rs13235365,0.0,0,0
rs12449964,rs1377586,0.0013,0,0
rs12449964,rs1412444,0.0046,0,0
rs12449964,rs1425486,0.0033,0,0
rs12449964,rs143001834,nan,0,0
rs12449964,rs1521185,0.0045,0,0
rs12449964,rs16875368,0.0131,0,0
rs12449964,rs17361686,0.0074,0,0
rs12449964,rs173651,0.0011,0,0
rs12449964,rs175057,0.0024,0,0
rs12449964,rs175065,0.0032,0,0
rs12449964,rs1758632,0.0018,0,0
rs12449964,rs17775391,0.0075,0,0
rs12449964,rs17882802,0.0006,0,0
rs12449964,rs1788799,0.0066,0,0
rs12449964,rs2147063,0.0021,0,0
rs12449964,rs223490,0.0012,0,0
rs12449964,rs2239540,0.0269,0,0
rs12449964,rs2246012,0.0028,0,0
rs12449964,rs2280018,0.0053,0,0
rs12449964,rs2336725,0.0002,0,0
rs12449964,rs2392376,0.0108,0,0
rs12449964,rs2657291,0.0099,0,0
rs12449964,rs2823165,0.0117,0,0
rs12449964,rs2952152,0.0012,0,0
rs12449964,rs34053053,0.0014,0,0
rs12449964,rs34119992,0.0219,0,0
rs12449964,rs35717293,0.0005,0,0
rs12449964,rs36062557,0.0134,0,0
rs12449964,rs3753693,0.0137,0,0
rs12449964,rs3760128,0.001,0,0
rs12449964,rs3800461,0.0003,0,0
rs12449964,rs3824535,0.0533,0,0
rs12449964,rs4389656,0.0029,0,0
rs12449964,rs4614,0.0023,0,0
rs12449964,rs4637890,0.0004,0,0
rs12449964,rs4687701,0.0002,0,0
rs12449964,rs4757405,0.0041,0,0
rs12449964,rs4760,0.0005,0,0
rs12449964,rs4938809,0.0012,0,0
rs12449964,rs506597,0.0008,0,0
rs12449964,rs567859,0.002,0,0
rs12449964,rs579526,0.008,0,0
rs12449964,rs58477734,0.0024,0,0
rs12449964,rs6026565,0.0028,0,0
rs12449964,rs6129773,0.0168,0,0
rs12449964,rs61776719,0.0022,0,0
rs12449964,rs62113105,0.0004,0,0
rs12449964,rs62266124,0.0013,0,0
rs12449964,rs62644541,0.0032,0,0
rs12449964,rs6591424,nan,0,0
rs12449964,rs6905468,0.0289,0,0
rs12449964,rs7043386,0.0004,0,0
rs12449964,rs7223412,0.0039,0,0
rs12449964,rs726816,0.0024,0,0
rs12449964,rs72706320,0.0001,0,0
rs12449964,rs7551751,0.0003,0,0
rs12449964,rs757110,0.0038,0,0
rs12449964,rs7667864,0.0013,0,0
rs12449964,rs7781557,0.0102,0,0
rs12449964,rs7837587,0.0,0,0
rs12449964,rs7908825,0.0037,0,0
rs12449964,rs794249,0.0088,0,0
rs12449964,rs7969177,0.0197,0,0
rs12449964,rs8181326,0.007,0,0
rs12449964,rs8192675,0.0127,0,0
rs12449964,rs85220,0.0014,0,0
rs12449964,rs860735,0.0,0,0
rs12449964,rs894606,0.0006,0,0
rs12449964,rs927204,0.048,0,0
rs12449964,rs9376092,0.026,0,0
rs12449964,rs9991574,0.0014,0,0
rs12676438,rs12981654,0.0185,0,0
rs12676438,rs13235365,0.0035,0,0
rs12676438,rs1377586,0.0003,0,0
rs12676438,rs1412444,0.0003,0,0
rs12676438,rs1425486,0.0081,0,0
rs12676438,rs143001834,nan,0,0
rs12676438,rs1521185,0.0018,0,0
rs12676438,rs16875368,0.002,0,0
rs12676438,rs17361686,0.0062,0,0
rs12676438,rs173651,0.0007,0,0
rs12676438,rs175057,0.0018,0,0
rs12676438,rs175065,0.0024,0,0
rs12676438,rs1758632,0.003,0,0
rs12676438,rs17775391,0.0009,0,0
rs12676438,rs17882802,0.0033,0,0
rs12676438,rs1788799,0.0004,0,0
rs12676438,rs2147063,0.0,0,0
rs12676438,rs223490,0.0042,0,0
rs12676438,rs2239540,0.0001,0,0
rs12676438,rs2246012,0.028,0,0
rs12676438,rs2280018,0.0001,0,0
rs12676438,rs2336725,0.0004,0,0
rs12676438,rs2392376,0.0,0,0
rs12676438,rs2657291,0.0004,0,0
rs12676438,rs2823165,0.0077,0,0
rs12676438,rs2952152,0.0041,0,0
rs12676438,rs34053053,0.0084,0,0
rs12676438,rs34119992,0.0012,0,0
rs12676438,rs35717293,0.0035,0,0
rs12676438,rs36062557,0.0057,0,0
rs12676438,rs3753693,0.0022,0,0
rs12676438,rs3760128,0.0067,0,0
rs12676438,rs3800461,0.0028,0,0
rs12676438,rs3824535,0.003,0,0
rs12676438,rs4389656,0.0034,0,0
rs12676438,rs4614,0.0034,0,0
rs12676438,rs4637890,0.0032,0,0
rs12676438,rs4687701,0.0004,0,0
rs12676438,rs4757405,0.0,0,0
rs12676438,rs4760,0.0237,0,0
rs12676438,rs4938809,0.0067,0,0
rs12676438,rs506597,0.0008,0,0
rs12676438,rs567859,0.0133,0,0
rs12676438,rs579526,0.0002,0,0
rs12676438,rs58477734,0.0001,0,0
rs12676438,rs6026565,0.012,0,0
rs12676438,rs6129773,0.0244,0,0
rs12676438,rs61776719,0.0008,0,0
rs12676438,rs62113105,0.0001,0,0
rs12676438,rs62266124,0.0067,0,0
rs12676438,rs62644541,0.0011,0,0
rs12676438,rs6591424,nan,0,0
rs12676438,rs6905468,0.0063,0,0
rs12676438,rs7043386,0.0016,0,0
rs12676438,rs7223412,0.0117,0,0
rs12676438,rs726816,0.0017,0,0
rs12676438,rs72706320,0.0014,0,0
rs12676438,rs7551751,0.0029,0,0
rs12676438,rs757110,0.0036,0,0
rs12676438,rs7667864,0.0027,0,0
rs12676438,rs7781557,0.0094,0,0
rs12676438,rs7837587,0.0001,0,0
rs12676438,rs7908825,0.0042,0,0
rs12676438,rs794249,0.0013,0,0
rs12676438,rs7969177,0.016,0,0
rs12676438,rs8181326,0.0002,0,0
rs12676438,rs8192675,0.0106,0,0
rs12676438,rs85220,0.0,0,0
rs12676438,rs860735,0.0018,0,0
rs12676438,rs894606,0.0,0,0
rs12676438,rs927204,0.0001,0,0
rs12676438,rs9376092,0.0012,0,0
rs12676438,rs9991574,0.0,0,0
rs12981654,rs13235365,0.0127,0,0
rs12981654,rs1377586,0.0002,0,0
rs12981654,rs1412444,0.0,0,0
rs12981654,rs1425486,0.002,0,0
rs12981654,rs143001834,nan,0,0
rs12981654,rs1521185,0.0011,0,0
rs12981654,rs16875368,0.006,0,0
rs12981654,rs17361686,0.0028,0,0
rs12981654,rs173651,0.0151,0,0
rs12981654,rs175057,0.0001,0,0
rs12981654,rs175065,0.001,0,0
rs12981654,rs1758632,0.0146,0,0
rs12981654,rs17775391,0.0041,0,0
rs12981654,rs17882802,0.0042,0,0
rs12981654,rs1788799,0.0191,0,0
rs12981654,rs2147063,0.0054,0,0
rs12981654,rs223490,0.0022,0,0
rs12981654,rs2239540,0.0852,0,0
rs12981654,rs2246012,0.0005,0,0
rs12981654,rs2280018,0.0049,0,0
rs12981654,rs2336725,0.0018,0,0
rs12981654,rs2392376,0.0006,0,0
rs12981654,rs2657291,0.0051,0,0
rs12981654,rs2823165,0.0005,0,0
rs12981654,rs2952152,0.0048,0,0
rs12981654,rs34053053,0.0,0,0
rs12981654,rs34119992,0.0186,0,0
rs12981654,rs35717293,0.0078,0,0
rs12981654,rs36062557,0.0014,0,0
rs12981654,rs3753693,0.0197,0,0
rs12981654,rs3760128,0.001,0,0
rs12981654,rs3800461,0.0108,0,0
rs12981654,rs3824535,0.0083,0,0
rs12981654,rs4389656,0.0066,0,0
rs12981654,rs4614,0.0037,0,0
rs12981654,rs4637890,0.0027,0,0
rs12981654,rs4687701,0.0018,0,0
rs12981654,rs4757405,0.0027,0,0
rs12981654,rs4760,0.0001,0,0
rs12981654,rs4938809,0.011,0,0
rs12981654,rs506597,0.0005,0,0
rs12981654,rs567859,0.001,0,0
rs12981654,rs579526,0.0002,0,0
rs12981654,rs58477734,0.0005,0,0
rs12981654,rs6026565,0.0253,0,0
rs12981654,rs6129773,0.0114,0,0
rs12981654,rs61776719,0.0001,0,0
rs12981654,rs62113105,0.0008,0,0
rs12981654,rs62266124,0.0001,0,0
rs12981654,rs62644541,0.0456,0,0
rs12981654,rs6591424,nan,0,0
rs12981654,rs6905468,0.0116,0,0
rs12981654,rs7043386,0.0,0,0
rs12981654,rs7223412,0.0121,0,0
rs12981654,rs726816,0.0,0,0
rs12981654,rs72706320,nan,0,0
rs12981654,rs7551751,0.0102,0,0
rs12981654,rs757110,0.0,0,0
rs12981654,rs7667864,0.0021,0,0
rs12981654,rs7781557,0.0095,0,0
rs12981654,rs7837587,0.0174,0,0
rs12981654,rs7908825,0.0066,0,0
rs12981654,rs794249,0.0034,0,0
rs12981654,rs7969177,0.1901,0,0
rs12981654,rs8181326,0.0079,0,0
rs12981654,rs8192675,0.0111,0,0
rs12981654,rs85220,0.0281,0,0
rs12981654,rs860735,0.0043,0,0
rs12981654,rs894606,0.0002,0,0
rs12981654,rs927204,0.0044,0,0
rs12981654,rs9376092,0.0029,0,0
rs12981654,rs9991574,0.0,0,0
rs13235365,rs1377586,0.0292,0,0
rs13235365,rs1412444,0.0031,0,0
rs13235365,rs1425486,0.0038,0,0
rs13235365,rs143001834,nan,0,0
rs13235365,rs1521185,0.0017,0,0
rs13235365,rs16875368,0.0069,0,0
rs13235365,rs17361686,nan,0,0
rs13235365,rs173651,0.0059,0,0
rs13235365,rs175057,0.0054,0,0
rs13235365,rs175065,0.0042,0,0
rs13235365,rs1758632,0.0014,0,0
rs13235365,rs17775391,0.0032,0,0
rs13235365,rs17882802,0.0018,0,0
rs13235365,rs1788799,0.0005,0,0
rs13235365,rs2147063,0.0062,0,0
rs13235365,rs223490,0.0002,0,0
rs13235365,rs2239540,nan,0,0
rs13235365,rs2246012,0.0164,0,0
rs13235365,rs2280018,0.0218,0,0
rs13235365,rs2336725,0.0246,0,0
rs13235365,rs2392376,0.0029,0,0
rs13235365,rs2657291,0.0014,0,0
rs13235365,rs2823165,0.0393,0,0
rs13235365,rs2952152,0.0002,0,0
rs13235365,rs34053053,nan,0,0
rs13235365,rs34119992,0.002,0,0
rs13235365,rs35717293,0.0014,0,0
rs13235365,rs36062557,0.0089,0,0
rs13235365,rs3753693,0.0043,0,0
rs13235365,rs3760128,0.0041,0,0
rs13235365,rs3800461,nan,0,0
rs13235365,rs3824535,0.0257,0,0
rs13235365,rs4389656,0.0183,0,0
rs13235365,rs4614,0.0108,0,0
rs13235365,rs4637890,0.0026,0,0
rs13235365,rs4687701,0.0246,0,0
rs13235365,rs4757405,0.0028,0,0
rs13235365,rs4760,0.033,0,0
rs13235365,rs4938809,0.0725,0,0
rs13235365,rs506597,0.0065,0,0
rs13235365,rs567859,0.0002,0,0
rs13235365,rs579526,0.001,0,0
rs13235365,rs58477734,0.0117,0,0
rs13235365,rs6026565,nan,0,0
rs13235365,rs6129773,0.0016,0,0
rs13235365,rs61776719,0.0092,0,0
rs13235365,rs62113105,0.0002,0,0
rs13235365,rs62266124,0.0009,0,0
rs13235365,rs62644541,0.0075,0,0
rs13235365,rs6591424,nan,0,0
rs13235365,rs6905468,nan,0,0
rs13235365,rs7043386,0.0,0,0
rs13235365,rs7223412,0.0002,0,0
rs13235365,rs726816,0.0199,0,0
rs13235365,rs72706320,nan,0,0
rs13235365,rs7551751,0.0247,0,0
rs13235365,rs757110,0.0061,0,0
rs13235365,rs7667864,0.0257,0,0
rs13235365,rs7781557,0.0056,0,0
rs13235365,rs7837587,0.0156,0,0
rs13235365,rs7908825,0.0272,0,0
rs13235365,rs794249,0.0001,0,0
rs13235365,rs7969177,nan,0,0
rs13235365,rs8181326,0.0014,0,0
rs13235365,rs8192675,0.002,0,0
rs13235365,rs85220,0.009,0,0
rs13235365,rs860735,0.0,0,0
rs13235365,rs894606,0.0108,0,0
rs13235365,rs927204,nan,0,0
rs13235365,rs9376092,0.003,0,0
rs13235365,rs9991574,0.0032,0,0
rs1377586,rs1412444,0.0186,0,0
rs1377586,rs1425486,0.0004,0,0
rs1377586,rs143001834,nan,0,0
rs1377586,rs1521185,0.0068,0,0
rs1377586,rs16875368,0.0536,0,0
rs1377586,rs17361686,0.0,0,0
rs1377586,rs173651,0.0005,0,0
rs1377586,rs175057,0.0004,0,0
rs1377586,rs175065,0.001,0,0
rs1377586,rs1758632,0.0063,0,0
rs1377586,rs17775391,0.0002,0,0
rs1377586,rs17882802,0.0,0,0
rs1377586,rs1788799,0.0072,0,0
rs1377586,rs2147063,0.0015,0,0
rs1377586,rs223490,0.0019,0,0
rs1377586,rs2239540,0.0004,0,0
rs1377586,rs2246012,0.0003,0,0
rs1377586,rs2280018,0.0011,0,0
rs1377586,rs2336725,0.0,0,0
rs1377586,rs2392376,0.0028,0,0
rs1377586,rs2657291,0.0034,0,0
rs1377586,rs2823165,0.0058,0,0
rs1377586,rs2952152,0.0085,0,0
rs1377586,rs34053053,0.0106,0,0
rs1377586,rs34119992,0.0024,0,0
rs1377586,rs35717293,0.0008,0,0
rs1377586,rs36062557,0.0015,0,0
rs1377586,rs3753693,0.0044,0,0
rs1377586,rs3760128,0.0103,0,0
rs1377586,rs3800461,0.0186,0,0
rs1377586,rs3824535,0.0009,0,0
rs1377586,rs4389656,0.0104,0,0
rs1377586,rs4614,0.0146,0,0
rs1377586,rs4637890,0.0002,0,0
rs1377586,rs4687701,0.0,0,0
rs1377586,rs4757405,0.0003,0,0
rs1377586,rs4760,0.0116,0,0
rs1377586,rs4938809,0.0005,0,0
rs1377586,rs506597,0.001,0,0
rs1377586,rs567859,0.0078,0,0
rs1377586,rs579526,0.0001,0,0
rs1377586,rs58477734,0.0027,0,0
rs1377586,rs6026565,0.0048,0,0
rs1377586,rs6129773,0.0001,0,0
rs1377586,rs61776719,0.005,0,0
rs1377586,rs62113105,0.0021,0,0
rs1377586,rs62266124,0.0019,0,0
rs1377586,rs62644541,0.0012,0,0
rs1377586,rs6591424,nan,0,0
rs1377586,rs6905468,0.0002,0,0
rs1377586,rs7043386,0.0001,0,0
rs1377586,rs7223412,0.0015,0,0
rs1377586,rs726816,0.0,0,0
rs1377586,rs72706320,0.0062,0,0
rs1377586,rs7551751,0.0135,0,0
rs1377586,rs757110,0.0008,0,0
rs1377586,rs7667864,0.0005,0,0
rs1377586,rs7781557,0.0176,0,0
rs1377586,rs7837587,0.0099,0,0
rs1377586,rs7908825,0.0002,0,0
rs1377586,rs794249,0.0065,0,0
rs1377586,rs7969177,0.0041,0,0
rs1377586,rs8181326,0.0,0,0
rs1377586,rs8192675,0.0046,0,0
rs1377586,rs85220,0.0003,0,0
rs1377586,rs860735,0.0001,0,0
rs1377586,rs894606,0.0002,0,0
rs1377586,rs927204,0.0048,0,0
rs1377586,rs9376092,0.0122,0,0
rs1377586,rs9991574,0.0006,0,0
rs1412444,rs1425486,0.0001,0,0
rs1412444,rs143001834,nan,0,0
rs1412444,rs1521185,0.0025,0,0
rs1412444,rs16875368,0.0063,0,0
rs1412444,rs17361686,0.0001,0,0
rs1412444,rs173651,0.004,0,0
rs1412444,rs175057,0.0005,0,0
rs1412444,rs175065,0.0009,0,0
rs1412444,rs1758632,0.0001,0,0
rs1412444,rs17775391,0.0049,0,0
rs1412444,rs17882802,0.0062,0,0
rs1412444,rs1788799,0.0091,0,0
rs1412444,rs2147063,0.001,0,0
rs1412444,rs223490,0.0005,0,0
rs1412444,rs2239540,0.0043,0,0
rs1412444,rs2246012,0.0005,0,0
rs1412444,rs2280018,0.0014,0,0
rs1412444,rs2336725,0.0012,0,0
rs1412444,rs2392376,0.0004,0,0
rs1412444,rs2657291,0.0032,0,0
rs1412444,rs2823165,0.0005,0,0
rs1412444,rs2952152,0.0024,0,0
rs1412444,rs34053053,0.0,0,0
rs1412444,rs34119992,0.0004,0,0
rs1412444,rs35717293,0.0037,0,0
rs1412444,rs36062557,0.0016,0,0
rs1412444,rs3753693,0.0002,0,0
rs1412444,rs3760128,0.006,0,0
rs1412444,rs3800461,0.0034,0,0
rs1412444,rs3824535,0.0016,0,0
rs1412444,rs4389656,0.0014,0,0
rs1412444,rs4614,0.0156,0,0
rs1412444,rs4637890,0.0044,0,0
rs1412444,rs4687701,0.0012,0,0
rs1412444,rs4757405,0.008,0,0
rs1412444,rs4760,0.0018,0,0
rs1412444,rs4938809,0.0017,0,0
rs1412444,rs506597,0.005,0,0
rs1412444,rs567859,0.0023,0,0
rs1412444,rs579526,0.0064,0,0
rs1412444,rs58477734,0.0005,0,0
rs1412444,rs6026565,0.0273,0,0
rs1412444,rs6129773,0.0005,0,0
rs1412444,rs61776719,0.0011,0,0
rs1412444,rs62113105,0.007,0,0
rs1412444,rs62266124,0.0046,0,0
rs1412444,rs62644541,0.0189,0,0
rs1412444,rs6591424,nan,0,0
rs1412444,rs6905468,0.0146,0,0
rs1412444,rs7043386,0.0056,0,0
rs1412444,rs7223412,0.0033,0,0
rs1412444,rs726816,0.0,0,0
rs1412444,rs72706320,0.0021,0,0
rs1412444,rs7551751,0.0044,0,0
rs1412444,rs757110,0.0021,0,0
rs1412444,rs7667864,0.0022,0,0
rs1412444,rs7781557,0.0019,0,0
rs1412444,rs7837587,0.0062,0,0
rs1412444,rs7908825,0.0007,0,0
rs1412444,rs794249,0.0056,0,0
rs1412444,rs7969177,0.0253,0,0
rs1412444,rs8181326,0.0011,0,0
rs1412444,rs8192675,0.0003,0,0
rs1412444,rs85220,0.0005,0,0
rs1412444,rs860735,0.0012,0,0
rs1412444,rs894606,0.0152,0,0
rs1412444,rs927204,0.0071,0,0
rs1412444,rs9376092,0.0043,0,0
rs1412444,rs9991574,0.0038,0,0
rs1425486,rs143001834,0.0045,0,0
rs1425486,rs1521185,0.0051,0,0
rs1425486,rs16875368,0.0035,0,0
rs1425486,rs17361686,0.0131,0,0
rs1425486,rs173651,0.0004,0,0
rs1425486,rs175057,0.0028,0,0
rs1425486,rs175065,0.0033,0,0
rs1425486,rs1758632,0.0062,0,0
rs1425486,rs17775391,0.0004,0,0
rs1425486,rs17882802,0.0002,0,0
rs1425486,rs1788799,0.0,0,0
rs1425486,rs2147063,0.0041,0,0
rs1425486,rs223490,0.0145,0,0
rs1425486,rs2239540,0.0087,0,0
rs1425486,rs2246012,0.0,0,0
rs1425486,rs2280018,0.0,0,0
rs1425486,rs2336725,0.0015,0,0
rs1425486,rs2392376,0.0004,0,0
rs1425486,rs2657291,0.0097,0,0
rs1425486,rs2823165,0.0052,0,0
rs1425486,rs2952152,0.0474,0,0
rs1425486,rs34053053,0.0016,0,0
rs1425486,rs34119992,0.0029,0,0
rs1425486,rs35717293,0.0151,0,0
rs1425486,rs36062557,0.0004,0,0
rs1425486,rs3753693,0.0058,0,0
rs1425486,rs3760128,0.0076,0,0
rs1425486,rs3800461,0.0122,0,0
rs1425486,rs3824535,0.0,0,0
rs1425486,rs4389656,0.005,0,0
rs1425486,rs4614,0.0,0,0
rs1425486,rs4637890,0.0003,0,0
rs1425486,rs4687701,0.0015,0,0
rs1425486,rs4757405,0.0007,0,0
rs1425486,rs4760,0.0143,0,0
rs1425486,rs4938809,0.0037,0,0
rs1425486,rs506597,0.0008,0,0
rs1425486,rs567859,0.0008,0,0
rs1425486,rs579526,0.0121,0,0
rs1425486,rs58477734,0.0023,0,0
rs1425486,rs6026565,0.033,0,0
rs1425486,rs6129773,0.0007,0,0
rs1425486,rs61776719,0.0088,0,0
rs1425486,rs62113105,0.002,0,0
rs1425486,rs62266124,0.0003,0,0
rs1425486,rs62644541,0.0235,0,0
rs1425486,rs6591424,nan,0,0
rs1425486,rs6905468,0.0014,0,0
rs1425486,rs7043386,0.0013,0,0
rs1425486,rs7223412,0.0006,0,0
rs1425486,rs726816,0.002,0,0
rs1425486,rs72706320,0.0278,0,0
rs1425486,rs7551751,0.0336,0,0
rs1425486,rs757110,0.0001,0,0
rs1425486,rs7667864,0.0065,0,0
rs1425486,rs7781557,0.0019,0,0
rs1425486,rs7837587,0.0012,0,0
rs1425486,rs7908825,0.0037,0,0
rs1425486,rs794249,0.0393,0,0
rs1425486,rs7969177,0.0194,0,0
rs1425486,rs8181326,0.0057,0,0
rs1425486,rs8192675,0.0191,0,0
rs1425486,rs85220,0.0055,0,0
rs1425486,rs860735,0.0007,0,0
rs1425486,rs894606,0.0,0,0
rs1425486,rs927204,0.016,0,0
rs1425486,rs9376092,0.0004,0,0
rs1425486,rs9991574,0.0135,0,0
rs143001834,rs1521185,0.014,0,0
rs143001834,rs16875368,nan,0,0
rs143001834,rs17361686,nan,0,0
rs143001834,rs173651,nan,0,0
rs143001834,rs175057,nan,0,0
rs143001834,rs175065,nan,0,0
rs143001834,rs1758632,0.0189,0,0
rs143001834,rs17775391,nan,0,0
rs143001834,rs17882802,nan,0,0
rs143001834,rs1788799,0.0001,0,0
rs143001834,rs2147063,0.0004,0,0
rs143001834,rs223490,nan,0,0
rs143001834,rs2239540,nan,0,0
rs143001834,rs2246012,nan,0,0
rs143001834,rs2280018,nan,0,0
rs143001834,rs2336725,0.0385,0,0
rs143001834,rs2392376,nan,0,0
rs143001834,rs2657291,nan,0,0
rs143001834,rs2823165,nan,0,0
rs143001834,rs2952152,nan,0,0
rs143001834,rs34053053,nan,0,0
rs143001834,rs34119992,nan,0,0
rs143001834,rs35717293,nan,0,0
rs143001834,rs36062557,0.003,0,0
rs143001834,rs3753693,nan,0,0
rs143001834,rs3760128,nan,0,0
rs143001834,rs3800461,nan,0,0
rs143001834,rs3824535,nan,0,0
rs143001834,rs4389656,nan,0,0
rs143001834,rs4614,nan,0,0
rs143001834,rs4637890,0.0333,0,0
rs143001834,rs4687701,0.0385,0,0
rs143001834,rs4757405,0.0088,0,0
rs143001834,rs4760,nan,0,0
rs143001834,rs4938809,nan,0,0
rs143001834,rs506597,0.0083,0,0
rs143001834,rs567859,0.0506,0,0
rs143001834,rs579526,nan,0,0
rs143001834,rs58477734,nan,0,0
rs143001834,rs6026565,nan,0,0
rs143001834,rs6129773,nan,0,0
rs143001834,rs61776719,0.0566,0,0
rs143001834,rs62113105,nan,0,0
rs143001834,rs62266124,nan,0,0
rs143001834,rs62644541,nan,0,0
rs143001834,rs6591424,nan,0,0
rs143001834,rs6905468,nan,0,0
rs143001834,rs7043386,0.0222,0,0
rs143001834,rs7223412,nan,0,0
rs143001834,rs726816,0.0363,0,0
rs143001834,rs72706320,nan,0,0
rs143001834,rs7551751,0.0196,0,0
rs143001834,rs757110,0.0398,0,0
rs143001834,rs7667864,nan,0,0
rs143001834,rs7781557,nan,0,0
rs143001834,rs7837587,nan,0,0
rs143001834,rs7908825,0.0301,0,0
rs143001834,rs794249,nan,0,0
rs143001834,rs7969177,nan,0,0
rs143001834,rs8181326,0.0398,0,0
rs143001834,rs8192675,nan,0,0
rs143001834,rs85220,nan,0,0
rs143001834,rs860735,0.002,0,0
rs143001834,rs894606,nan,0,0
rs143001834,rs927204,nan,0,0
rs143001834,rs9376092,nan,0,0
rs143001834,rs9991574,nan,0,0
rs1521185,rs16875368,0.0011,0,0
rs1521185,rs17361686,0.0167,0,0
rs1521185,rs173651,0.0001,0,0
rs1521185,rs175057,0.002,0,0
rs1521185,rs175065,0.0013,0,0
rs1521185,rs1758632,0.0016,0,0
rs1521185,rs17775391,0.0037,0,0
rs1521185,rs17882802,0.0026,0,0
rs1521185,rs1788799,0.004,0,0
rs1521185,rs2147063,0.0,0,0
rs1521185,rs223490,0.004,0,0
rs1521185,rs2239540,0.0036,0,0
rs1521185,rs2246012,0.0091,0,0
rs1521185,rs2280018,0.0,0,0
rs1521185,rs2336725,0.0003,0,0
rs1521185,rs2392376,0.0,0,0
rs1521185,rs2657291,0.0001,0,0
rs1521185,rs2823165,0.0042,0,0
rs1521185,rs2952152,0.0013,0,0
rs1521185,rs34053053,0.0031,0,0
rs1521185,rs34119992,0.0003,0,0
rs1521185,rs35717293,0.0015,0,0
rs1521185,rs36062557,0.0009,0,0
rs1521185,rs3753693,0.0043,0,0
rs1521185,rs3760128,0.0011,0,0
rs1521185,rs3800461,0.0005,0,0
rs1521185,rs3824535,0.0081,0,0
rs1521185,rs4389656,0.0101,0,0
rs1521185,rs4614,0.0183,0,0
rs1521185,rs4637890,0.0062,0,0
rs1521185,rs4687701,0.0003,0,0
rs1521185,rs4757405,0.0026,0,0
rs1521185,rs4760,0.0154,0,0
rs1521185,rs4938809,0.0036,0,0
rs1521185,rs506597,0.0002,0,0
rs1521185,rs567859,0.001,0,0
rs1521185,rs579526,0.0019,0,0
rs1521185,rs58477734,0.0003,0,0
rs1521185,rs6026565,0.0239,0,0
rs1521185,rs6129773,0.0005,0,0
rs1521185,rs61776719,0.0036,0,0
rs1521185,rs62113105,0.0103,0,0
rs1521185,rs62266124,0.0005,0,0
rs1521185,rs62644541,0.0035,0,0
rs1521185,rs6591424,nan,0,0
rs1521185,rs6905468,0.0001,0,0
rs1521185,rs7043386,0.0009,0,0
rs1521185,rs7223412,0.0,0,0
rs1521185,rs726816,0.0005,0,0
rs1521185,rs72706320,0.001,0,0
rs1521185,rs7551751,0.0012,0,0
rs1521185,rs757110,0.0009,0,0
rs1521185,rs7667864,0.0005,0,0
rs1521185,rs7781557,0.008,0,0
rs1521185,rs7837587,0.0006,0,0
rs1521185,rs7908825,0.0001,0,0
rs1521185,rs794249,0.0063,0,0
rs1521185,rs7969177,0.0039,0,0
rs1521185,rs8181326,0.0,0,0
rs1521185,rs8192675,0.0022,0,0
rs1521185,rs85220,0.0,0,0
rs1521185,rs860735,0.0003,0,0
rs1521185,rs894606,0.0001,0,0
rs1521185,rs927204,0.0096,0,0
rs1521185,rs9376092,0.0005,0,0
rs1521185,rs9991574,0.0141,0,0
rs16875368,rs17361686,nan,0,0
rs16875368,rs173651,0.0002,0,0
rs16875368,rs175057,0.0046,0,0
rs16875368,rs175065,0.0067,0,0
rs16875368,rs1758632,0.0,0,0
rs16875368,rs17775391,0.0013,0,0
rs16875368,rs17882802,0.0043,0,0
rs16875368,rs1788799,0.0015,0,0
rs16875368,rs2147063,0.0295,0,0
rs16875368,rs223490,0.0057,0,0
rs16875368,rs2239540,0.0109,0,0
rs16875368,rs2246012,0.0,0,0
rs16875368,rs2280018,0.0003,0,0
rs16875368,rs2336725,0.0012,0,0
rs16875368,rs2392376,0.0055,0,0
rs16875368,rs2657291,0.0023,0,0
rs16875368,rs2823165,0.0001,0,0
rs16875368,rs2952152,0.0249,0,0
rs16875368,rs34053053,0.0,0,0
rs16875368,rs34119992,0.0064,0,0
rs16875368,rs35717293,0.001,0,0
rs16875368,rs36062557,0.0006,0,0
rs16875368,rs3753693,0.0326,0,0
rs16875368,rs3760128,0.0014,0,0
rs16875368,rs3800461,nan,0,0
rs16875368,rs3824535,0.0204,0,0
rs16875368,rs4389656,0.0045,0,0
rs16875368,rs4614,0.0017,0,0
rs16875368,rs4637890,0.0148,0,0
rs16875368,rs4687701,0.0012,0,0
rs16875368,rs4757405,0.0094,0,0
rs16875368,rs4760,0.0198,0,0
rs16875368,rs4938809,0.0,0,0
rs16875368,rs506597,0.0008,0,0
rs16875368,rs567859,0.0001,0,0
rs16875368,rs579526,0.0163,0,0
rs16875368,rs58477734,0.0026,0,0
rs16875368,rs6026565,0.0189,0,0
rs16875368,rs6129773,0.0,0,0
rs16875368,rs61776719,0.0004,0,0
rs16875368,rs62113105,0.0035,0,0
rs16875368,rs62266124,0.0046,0,0
rs16875368,rs62644541,0.0,0,0
rs16875368,rs6591424,nan,0,0
rs16875368,rs6905468,0.0646,0,0
rs16875368,rs7043386,0.0054,0,0
rs16875368,rs7223412,0.0009,0,0
rs16875368,rs726816,0.003,0,0
rs16875368,rs72706320,nan,0,0
rs16875368,rs7551751,0.0012,0,0
rs16875368,rs757110,0.0046,0,0
rs16875368,rs7667864,0.0014,0,0
rs16875368,rs7781557,0.0222,0,0
rs16875368,rs7837587,0.0076,0,0
rs16875368,rs7908825,0.0064,0,0
rs16875368,rs794249,0.0052,0,0
rs16875368,rs7969177,0.0062,0,0
rs16875368,rs8181326,0.0019,0,0
rs16875368,rs8192675,0.0256,0,0
rs16875368,rs85220,0.0005,0,0
rs16875368,rs860735,0.0372,0,0
rs16875368,rs894606,0.0049,0,0
rs16875368,rs927204,nan,0,0
rs16875368,rs9376092,0.0001,0,0
rs16875368,rs9991574,0.0253,0,0
rs17361686,rs173651,0.001,0,0
rs17361686,rs175057,0.0549,0,0
rs17361686,rs175065,0.057,0,0
rs17361686,rs1758632,0.0035,0,0
rs17361686,rs17775391,0.0071,0,0
rs17361686,rs17882802,0.0006,0,0
rs17361686,rs1788799,0.0006,0,0
rs17361686,rs2147063,0.0,0,0
rs17361686,rs223490,0.0,0,0
rs17361686,rs2239540,nan,0,0
rs17361686,rs2246012,nan,0,0
rs17361686,rs2280018,0.0057,0,0
rs17361686,rs2336725,0.0003,0,0
rs17361686,rs2392376,0.0003,0,0
rs17361686,rs2657291,0.0074,0,0
rs17361686,rs2823165,0.0,0,0
rs17361686,rs2952152,0.0358,0,0
rs17361686,rs34053053,nan,0,0
rs17361686,rs34119992,0.0111,0,0
rs17361686,rs35717293,0.0219,0,0
rs17361686,rs36062557,0.0032,0,0
rs17361686,rs3753693,0.0143,0,0
rs17361686,rs3760128,0.013,0,0
rs17361686,rs3800461,nan,0,0
rs17361686,rs3824535,nan,0,0
rs17361686,rs4389656,0.0019,0,0
rs17361686,rs4614,0.0002,0,0
rs17361686,rs4637890,0.0219,0,0
rs17361686,rs4687701,0.0003,0,0
rs17361686,rs4757405,0.0005,0,0
rs17361686,rs4760,nan,0,0
rs17361686,rs4938809,0.0059,0,0
rs17361686,rs506597,0.0177,0,0
rs17361686,rs567859,0.0008,0,0
rs17361686,rs579526,nan,0,0
rs17361686,rs58477734,0.0031,0,0
rs17361686,rs6026565,nan,0,0
rs17361686,rs6129773,nan,0,0
rs17361686,rs61776719,0.0345,0,0
rs17361686,rs62113105,0.037,0,0
rs17361686,rs62266124,0.0005,0,0
rs17361686,rs62644541,0.028,0,0
rs17361686,rs6591424,nan,0,0
rs17361686,rs6905468,nan,0,0
rs17361686,rs7043386,0.001,0,0
rs17361686,rs7223412,nan,0,0
rs17361686,rs726816,0.0538,0,0
rs17361686,rs72706320,nan,0,0
rs17361686,rs7551751,0.0058,0,0
rs17361686,rs757110,0.0052,0,0
rs17361686,rs7667864,0.0061,0,0
rs17361686,rs7781557,nan,0,0
rs17361686,rs7837587,0.0074,0,0
rs17361686,rs7908825,0.0063,0,0
rs17361686,rs794249,0.01,0,0
rs17361686,rs7969177,nan,0,0
rs17361686,rs8181326,0.0004,0,0
rs17361686,rs8192675,nan,0,0
rs17361686,rs85220,0.0274,0,0
rs17361686,rs860735,0.009,0,0
rs17361686,rs894606,0.0069,0,0
rs17361686,rs927204,nan,0,0
rs17361686,rs9376092,0.0114,0,0
rs17361686,rs9991574,0.0087,0,0
rs173651,rs175057,0.0014,0,0
rs173651,rs175065,0.0019,0,0
rs173651,rs1758632,0.0107,0,0
rs173651,rs17775391,0.054,0,0
rs173651,rs17882802,0.0179,0,0
rs173651,rs1788799,0.0001,0,0
rs173651,rs2147063,0.0,0,0
rs173651,rs223490,0.0041,0,0
rs173651,rs2239540,0.0,0,0
rs173651,rs2246012,0.0006,0,0
rs173651,rs2280018,0.0,0,0
rs173651,rs2336725,0.0005,0,0
rs173651,rs2392376,0.0039,0,0
rs173651,rs2657291,0.0085,0,0
rs173651,rs2823165,0.0071,0,0
rs173651,rs2952152,0.0046,0,0
rs173651,rs34053053,0.0255,0,0
rs173651,rs34119992,0.0012,0,0
rs173651,rs35717293,0.0014,0,0
rs173651,rs36062557,0.0034,0,0
rs173651,rs3753693,0.0023,0,0
rs173651,rs3760128,0.0003,0,0
rs173651,rs3800461,0.0008,0,0
rs173651,rs3824535,0.0031,0,0
rs173651,rs4389656,0.0061,0,0
rs173651,rs4614,0.0007,0,0
rs173651,rs4637890,0.0006,0,0
rs173651,rs4687701,0.0005,0,0
rs173651,rs4757405,0.0081,0,0
rs173651,rs4760,0.015,0,0
rs173651,rs4938809,0.0031,0,0
rs173651,rs506597,0.0002,0,0
rs173651,rs567859,0.0038,0,0
rs173651,rs579526,0.0072,0,0
rs173651,rs58477734,0.0002,0,0
rs173651,rs6026565,0.0021,0,0
rs173651,rs6129773,0.0023,0,0
rs173651,rs61776719,0.002,0,0
rs173651,rs62113105,0.0002,0,0
rs173651,rs62266124,0.0024,0,0
rs173651,rs62644541,0.0039,0,0
rs173651,rs6591424,nan,0,0
rs173651,rs6905468,0.0229,0,0
rs173651,rs7043386,0.0005,0,0
rs173651,rs7223412,0.0075,0,0
rs173651,rs726816,0.0007,0,0
rs173651,rs72706320,0.0011,0,0
rs173651,rs7551751,0.0002,0,0
rs173651,rs757110,0.0059,0,0
rs173651,rs7667864,0.0016,0,0
rs173651,rs7781557,0.0116,0,0
rs173651,rs7837587,0.0079,0,0
rs173651,rs7908825,0.0014,0,0
rs173651,rs794249,0.0003,0,0
rs173651,rs7969177,0.0039,0,0
rs173651,rs8181326,0.0117,0,0
rs173651,rs8192675,0.0022,0,0
rs173651,rs85220,0.0002,0,0
rs173651,rs860735,0.0058,0,0
rs173651,rs894606,0.0099,0,0
rs173651,rs927204,0.0,0,0
rs173651,rs9376092,0.0024,0,0
rs173651,rs9991574,0.0039,0,0
rs175057,rs175065,0.9605,1,1
rs175057,rs1758632,0.0,0,0
rs175057,rs17775391,0.0009,0,0
rs175057,rs17882802,0.0063,0,0
rs175057,rs1788799,0.0006,0,0
rs175057,rs2147063,0.0031,0,0
rs175057,rs223490,0.0002,0,0
rs175057,rs2239540,0.0164,0,0
rs175057,rs2246012,0.0025,0,0
rs175057,rs2280018,0.0004,0,0
rs175057,rs2336725,0.0002,0,0
rs175057,rs2392376,0.0006,0,0
rs175057,rs2657291,0.0028,0,0
rs175057,rs2823165,0.005,0,0
rs175057,rs2952152,0.0011,0,0
rs175057,rs34053053,0.0036,0,0
rs175057,rs34119992,0.0042,0,0
rs175057,rs35717293,0.0016,0,0
rs175057,rs36062557,0.0001,0,0
rs175057,rs3753693,0.0062,0,0
rs175057,rs3760128,0.0014,0,0
rs175057,rs3800461,0.0001,0,0
rs175057,rs3824535,0.0149,0,0
rs175057,rs4389656,0.0127,0,0
rs175057,rs4614,0.0014,0,0
rs175057,rs4637890,0.0001,0,0
rs175057,rs4687701,0.0002,0,0
rs175057,rs4757405,0.0105,0,0
rs175057,rs4760,0.0427,0,0
rs175057,rs4938809,0.0009,0,0
rs175057,rs506597,0.0,0,0
rs175057,rs567859,0.0034,0,0
rs175057,rs579526,0.0,0,0
rs175057,rs58477734,0.0,0,0
rs175057,rs6026565,0.1062,0,0
rs175057,rs6129773,0.0109,0,0
rs175057,rs61776719,0.0049,0,0
rs175057,rs62113105,0.0002,0,0
rs175057,rs62266124,0.0,0,0
rs175057,rs62644541,0.0021,0,0
rs175057,rs6591424,nan,0,0
rs175057,rs6905468,0.0013,0,0
rs175057,rs7043386,0.0083,0,0
rs175057,rs7223412,0.0034,0,0
rs175057,rs726816,0.0037,0,0
rs175057,rs72706320,0.0029,0,0
rs175057,rs7551751,0.0014,0,0
rs175057,rs757110,0.0003,0,0
rs175057,rs7667864,0.0002,0,0
rs175057,rs7781557,0.0184,0,0
rs175057,rs7837587,0.0,0,0
rs175057,rs7908825,0.0012,0,0
rs175057,rs794249,0.001,0,0
rs175057,rs7969177,0.0187,0,0
rs175057,rs8181326,0.0003,0,0
rs175057,rs8192675,0.0016,0,0
rs175057,rs85220,0.0034,0,0
rs175057,rs860735,0.0156,0,0
rs175057,rs894606,0.0006,0,0
rs175057,rs927204,0.0037,0,0
rs175057,rs9376092,0.0165,0,0
rs175057,rs9991574,0.004,0,0
rs175065,rs1758632,0.0,0,0
rs175065,rs17775391,0.0033,0,0
rs175065,rs17882802,0.0083,0,0
rs175065,rs1788799,0.0015,0,0
rs175065,rs2147063,0.0056,0,0
rs175065,rs223490,0.0011,0,0
rs175065,rs2239540,0.0155,0,0
rs175065,rs2246012,0.003,0,0
rs175065,rs2280018,0.0001,0,0
rs175065,rs2336725,0.0004,0,0
rs175065,rs2392376,0.0001,0,0
rs175065,rs2657291,0.0068,0,0
rs175065,rs2823165,0.0059,0,0
rs175065,rs2952152,0.0023,0,0
rs175065,rs34053053,0.0028,0,0
rs175065,rs34119992,0.0062,0,0
rs175065,rs35717293,0.001,0,0
rs175065,rs36062557,0.0,0,0
rs175065,rs3753693,0.0065,0,0
rs175065,rs3760128,0.0001,0,0
rs175065,rs3800461,0.0002,0,0
rs175065,rs3824535,0.0142,0,0
rs175065,rs4389656,0.0098,0,0
rs175065,rs4614,0.0004,0,0
rs175065,rs4637890,0.0004,0,0
rs175065,rs4687701,0.0004,0,0
rs175065,rs4757405,0.007,0,0
rs175065,rs4760,0.038,0,0
rs175065,rs4938809,0.0012,0,0
rs175065,rs506597,0.0,0,0
rs175065,rs567859,0.0035,0,0
rs175065,rs579526,0.0,0,0
rs175065,rs58477734,0.0002,0,0
rs175065,rs6026565,0.1062,0,0
rs175065,rs6129773,0.0086,0,0
rs175065,rs61776719,0.005,0,0
rs175065,rs62113105,0.0,0,0
rs175065,rs62266124,0.0003,0,0
rs175065,rs62644541,0.0017,0,0
rs175065,rs6591424,nan,0,0
rs175065,rs6905468,0.0014,0,0
rs175065,rs7043386,0.0097,0,0
rs175065,rs7223412,0.0019,0,0
rs175065,rs726816,0.0055,0,0
rs175065,rs72706320,0.0111,0,0
rs175065,rs7551751,0.0007,0,0
rs175065,rs757110,0.0001,0,0
rs175065,rs7667864,0.0002,0,0
rs175065,rs7781557,0.0159,0,0
rs175065,rs7837587,0.0,0,0
rs175065,rs7908825,0.0016,0,0
rs175065,rs794249,0.0007,0,0
rs175065,rs7969177,0.0213,0,0
rs175065,rs8181326,0.0,0,0
rs175065,rs8192675,0.0003,0,0
rs175065,rs85220,0.0029,0,0
rs175065,rs860735,0.012,0,0
rs175065,rs894606,0.0,0,0
rs175065,rs927204,0.0044,0,0
rs175065,rs9376092,0.0164,0,0
rs175065,rs9991574,0.0024,0,0
rs1758632,rs17775391,0.0011,0,0
rs1758632,rs17882802,0.0002,0,0
rs1758632,rs1788799,0.0002,0,0
rs1758632,rs2147063,0.0002,0,0
rs1758632,rs223490,0.0024,0,0
rs1758632,rs2239540,0.0,0,0
rs1758632,rs2246012,0.0011,0,0
rs1758632,rs2280018,0.0,0,0
rs1758632,rs2336725,0.0014,0,0
rs1758632,rs2392376,0.0001,0,0
rs1758632,rs2657291,0.0003,0,0
rs1758632,rs2823165,0.0019,0,0
rs1758632,rs2952152,0.0,0,0
rs1758632,rs34053053,0.0029,0,0
rs1758632,rs34119992,0.002,0,0
rs1758632,rs35717293,0.0008,0,0
rs1758632,rs36062557,0.0002,0,0
rs1758632,rs3753693,0.0007,0,0
rs1758632,rs3760128,0.0002,0,0
rs1758632,rs3800461,0.0068,0,0
rs1758632,rs3824535,0.0032,0,0
rs1758632,rs4389656,0.007,0,0
rs1758632,rs4614,0.0032,0,0
rs1758632,rs4637890,0.0001,0,0
rs1758632,rs4687701,0.0014,0,0
rs1758632,rs4757405,0.0013,0,0
rs1758632,rs4760,0.0006,0,0
rs1758632,rs4938809,0.0003,0,0
rs1758632,rs506597,0.0004,0,0
rs1758632,rs567859,0.0,0,0
rs1758632,rs579526,0.0,0,0
rs1758632,rs58477734,0.0004,0,0
rs1758632,rs6026565,0.0004,0,0
rs1758632,rs6129773,0.0048,0,0
rs1758632,rs61776719,0.0042,0,0
rs1758632,rs62113105,0.0001,0,0
rs1758632,rs62266124,0.0,0,0
rs1758632,rs62644541,0.0032,0,0
rs1758632,rs6591424,nan,0,0
rs1758632,rs6905468,0.0052,0,0
rs1758632,rs7043386,0.0,0,0
rs1758632,rs7223412,0.0,0,0
rs1758632,rs726816,0.007,0,0
rs1758632,rs72706320,0.0294,0,0
rs1758632,rs7551751,0.0019,0,0
rs1758632,rs757110,0.0065,0,0
rs1758632,rs7667864,0.0002,0,0
rs1758632,rs7781557,0.0006,0,0
rs1758632,rs7837587,0.0135,0,0
rs1758632,rs7908825,0.0001,0,0
rs1758632,rs794249,0.0,0,0
rs1758632,rs7969177,0.0002,0,0
rs1758632,rs8181326,0.0023,0,0
rs1758632,rs8192675,0.001,0,0
rs1758632,rs85220,0.0037,0,0
rs1758632,rs860735,0.0001,0,0
rs1758632,rs894606,0.0002,0,0
rs1758632,rs927204,0.001,0,0
rs1758632,rs9376092,0.0005,0,0
rs1758632,rs9991574,0.0,0,0
rs17775391,rs17882802,0.0006,0,0
rs17775391,rs1788799,0.0081,0,0
rs17775391,rs2147063,0.0068,0,0
rs17775391,rs223490,0.0015,0,0
rs17775391,rs2239540,0.0044,0,0
rs17775391,rs2246012,0.0018,0,0
rs17775391,rs2280018,0.0026,0,0
rs17775391,rs2336725,0.0017,0,0
rs17775391,rs2392376,0.002,0,0
rs17775391,rs2657291,0.0082,0,0
rs17775391,rs2823165,0.0012,0,0
rs17775391,rs2952152,0.0034,0,0
rs17775391,rs34053053,0.0212,0,0
rs17775391,rs34119992,0.024,0,0
rs17775391,rs35717293,0.0074,0,0
rs17775391,rs36062557,0.0,0,0
rs17775391,rs3753693,0.0109,0,0
rs17775391,rs3760128,0.0137,0,0
rs17775391,rs3800461,0.0084,0,0
rs17775391,rs3824535,0.0125,0,0
rs17775391,rs4389656,0.0019,0,0
rs17775391,rs4614,0.0359,0,0
rs17775391,rs4637890,0.0009,0,0
rs17775391,rs4687701,0.0017,0,0
rs17775391,rs4757405,0.0046,0,0
rs17775391,rs4760,0.0048,0,0
rs17775391,rs4938809,0.0114,0,0
rs17775391,rs506597,0.0001,0,0
rs17775391,rs567859,0.0003,0,0
rs17775391,rs579526,0.0268,0,0
rs17775391,rs58477734,0.0025,0,0
rs17775391,rs6026565,nan,0,0
rs17775391,rs6129773,0.0083,0,0
rs17775391,rs61776719,0.0024,0,0
rs17775391,rs62113105,0.0,0,0
rs17775391,rs62266124,0.0012,0,0
rs17775391,rs62644541,0.0,0,0
rs17775391,rs6591424,nan,0,0
rs17775391,rs6905468,0.0087,0,0
rs17775391,rs7043386,0.0007,0,0
rs17775391,rs7223412,0.0639,0,0
rs17775391,rs726816,0.0004,0,0
rs17775391,rs72706320,nan,0,0
rs17775391,rs7551751,0.0006,0,0
rs17775391,rs757110,0.0195,0,0
rs17775391,rs7667864,0.0105,0,0
rs17775391,rs7781557,0.0001,0,0
rs17775391,rs7837587,0.0027,0,0
rs17775391,rs7908825,0.0022,0,0
rs17775391,rs794249,0.0011,0,0
rs17775391,rs7969177,0.0053,0,0
rs17775391,rs8181326,0.0004,0,0
rs17775391,rs8192675,0.0085,0,0
rs17775391,rs85220,0.0028,0,0
rs17775391,rs860735,0.0032,0,0
rs17775391,rs894606,0.0405,0,0
rs17775391,rs927204,0.0071,0,0
rs17775391,rs9376092,0.0066,0,0
rs17775391,rs9991574,0.0007,0,0
rs17882802,rs1788799,0.0027,0,0
rs17882802,rs2147063,0.029,0,0
rs17882802,rs223490,0.0007,0,0
rs17882802,rs2239540,0.0122,0,0
rs17882802,rs2246012,0.0159,0,0
rs17882802,rs2280018,0.0006,0,0
rs17882802,rs2336725,0.0165,0,0
rs17882802,rs2392376,0.0021,0,0
rs17882802,rs2657291,0.0007,0,0
rs17882802,rs2823165,0.0005,0,0
rs17882802,rs2952152,0.0099,0,0
rs17882802,rs34053053,0.0137,0,0
rs17882802,rs34119992,0.0002,0,0
rs17882802,rs35717293,0.0044,0,0
rs17882802,rs36062557,0.0062,0,0
rs17882802,rs3753693,0.003,0,0
rs17882802,rs3760128,0.0035,0,0
rs17882802,rs3800461,0.018,0,0
rs17882802,rs3824535,0.0169,0,0
rs17882802,rs4389656,0.0024,0,0
rs17882802,rs4614,0.0,0,0
rs17882802,rs4637890,0.0045,0,0
rs17882802,rs4687701,0.0165,0,0
rs17882802,rs4757405,0.0116,0,0
rs17882802,rs4760,0.0048,0,0
rs17882802,rs4938809,0.0007,0,0
rs17882802,rs506597,0.0042,0,0
rs17882802,rs567859,0.0001,0,0
rs17882802,rs579526,0.0,0,0
rs17882802,rs58477734,0.0043,0,0
rs17882802,rs6026565,0.001,0,0
rs17882802,rs6129773,0.0156,0,0
rs17882802,rs61776719,0.0058,0,0
rs17882802,rs62113105,0.0078,0,0
rs17882802,rs62266124,0.02,0,0
rs17882802,rs62644541,0.0,0,0
rs17882802,rs6591424,nan,0,0
rs17882802,rs6905468,0.0004,0,0
rs17882802,rs7043386,0.0032,0,0
rs17882802,rs7223412,0.0,0,0
rs17882802,rs726816,0.0012,0,0
rs17882802,rs72706320,0.0424,0,0
rs17882802,rs7551751,0.0005,0,0
rs17882802,rs757110,0.0019,0,0
rs17882802,rs7667864,0.0038,0,0
rs17882802,rs7781557,0.0021,0,0
rs17882802,rs7837587,0.0029,0,0
rs17882802,rs7908825,0.0003,0,0
rs17882802,rs794249,0.0001,0,0
rs17882802,rs7969177,0.0064,0,0
rs17882802,rs8181326,0.0,0,0
rs17882802,rs8192675,0.0036,0,0
rs17882802,rs85220,0.0,0,0
rs17882802,rs860735,0.0117,0,0
rs17882802,rs894606,0.0022,0,0
rs17882802,rs927204,0.0005,0,0
rs17882802,rs9376092,0.0021,0,0
rs17882802,rs9991574,0.0098,0,0
rs1788799,rs2147063,0.0067,0,0
rs1788799,rs223490,0.0024,0,0
rs1788799,rs2239540,0.0043,0,0
rs1788799,rs2246012,0.0001,0,0
rs1788799,rs2280018,0.0001,0,0
rs1788799,rs2336725,0.0101,0,0
rs1788799,rs2392376,0.0,0,0
rs1788799,rs2657291,0.0125,0,0
rs1788799,rs2823165,0.0012,0,0
rs1788799,rs2952152,0.0003,0,0
rs1788799,rs34053053,0.0115,0,0
rs1788799,rs34119992,0.0006,0,0
rs1788799,rs35717293,0.0005,0,0
rs1788799,rs36062557,0.0045,0,0
rs1788799,rs3753693,0.0002,0,0
rs1788799,rs3760128,0.0165,0,0
rs1788799,rs3800461,0.0021,0,0
rs1788799,rs3824535,0.0005,0,0
rs1788799,rs4389656,0.0198,0,0
rs1788799,rs4614,0.01,0,0
rs1788799,rs4637890,0.001,0,0
rs1788799,rs4687701,0.0101,0,0
rs1788799,rs4757405,0.0007,0,0
rs1788799,rs4760,0.0039,0,0
rs1788799,rs4938809,0.0029,0,0
rs1788799,rs506597,0.0,0,0
rs1788799,rs567859,0.0027,0,0
rs1788799,rs579526,0.0001,0,0
rs1788799,rs58477734,0.0169,0,0
rs1788799,rs6026565,0.0064,0,0
rs1788799,rs6129773,0.0002,0,0
rs1788799,rs61776719,0.0012,0,0
rs1788799,rs62113105,0.0213,0,0
rs1788799,rs62266124,0.0019,0,0
rs1788799,rs62644541,0.0093,0,0
rs1788799,rs6591424,nan,0,0
rs1788799,rs6905468,0.0033,0,0
rs1788799,rs7043386,0.0031,0,0
rs1788799,rs7223412,0.0007,0,0
rs1788799,rs726816,0.0054,0,0
rs1788799,rs72706320,0.0001,0,0
rs1788799,rs7551751,0.0024,0,0
rs1788799,rs757110,0.002,0,0
rs1788799,rs7667864,0.0114,0,0
rs1788799,rs7781557,0.0357,0,0
rs1788799,rs7837587,0.0,0,0
rs1788799,rs7908825,0.0149,0,0
rs1788799,rs794249,0.0088,0,0
rs1788799,rs7969177,0.0011,0,0
rs1788799,rs8181326,0.0025,0,0
rs1788799,rs8192675,0.0044,0,0
rs1788799,rs85220,0.0,0,0
rs1788799,rs860735,0.0004,0,0
rs1788799,rs894606,0.0032,0,0
rs1788799,rs927204,0.0022,0,0
rs1788799,rs9376092,0.0,0,0
rs1788799,rs9991574,0.0001,0,0
rs2147063,rs223490,0.0001,0,0
rs2147063,rs2239540,0.0,0,0
rs2147063,rs2246012,0.0003,0,0
rs2147063,rs2280018,0.0003,0,0
rs2147063,rs2336725,0.0007,0,0
rs2147063,rs2392376,0.0001,0,0
rs2147063,rs2657291,0.0,0,0
rs2147063,rs2823165,0.0012,0,0
rs2147063,rs2952152,0.001,0,0
rs2147063,rs34053053,0.0127,0,0
rs2147063,rs34119992,0.0,0,0
rs2147063,rs35717293,0.0017,0,0
rs2147063,rs36062557,0.0039,0,0
rs2147063,rs3753693,0.0172,0,0
rs2147063,rs3760128,0.0002,0,0
rs2147063,rs3800461,0.0405,0,0
rs2147063,rs3824535,0.0001,0,0
rs2147063,rs4389656,0.0013,0,0
rs2147063,rs4614,0.0001,0,0
rs2147063,rs4637890,0.0011,0,0
rs2147063,rs4687701,0.0007,0,0
rs2147063,rs4757405,0.0037,0,0
rs2147063,rs4760,0.0007,0,0
rs2147063,rs4938809,0.0101,0,0
rs2147063,rs506597,0.0001,0,0
rs2147063,rs567859,0.0007,0,0
rs2147063,rs579526,0.0011,0,0
rs2147063,rs58477734,0.0051,0,0
rs2147063,rs6026565,0.0094,0,0
rs2147063,rs6129773,0.0079,0,0
rs2147063,rs61776719,0.0047,0,0
rs2147063,rs62113105,0.0034,0,0
rs2147063,rs62266124,0.0015,0,0
rs2147063,rs62644541,0.0004,0,0
rs2147063,rs6591424,nan,0,0
rs2147063,rs6905468,0.0043,0,0
rs2147063,rs7043386,0.0002,0,0
rs2147063,rs7223412,0.0052,0,0
rs2147063,rs726816,0.0006,0,0
rs2147063,rs72706320,0.037,0,0
rs2147063,rs7551751,0.0025,0,0
rs2147063,rs757110,0.0,0,0
rs2147063,rs7667864,0.0003,0,0
rs2147063,rs7781557,0.0164,0,0
rs2147063,rs7837587,0.0005,0,0
rs2147063,rs7908825,0.0002,0,0
rs2147063,rs794249,0.0,0,0
rs2147063,rs7969177,0.0008,0,0
rs2147063,rs8181326,0.0093,0,0
rs2147063,rs8192675,0.0095,0,0
rs2147063,rs85220,0.0001,0,0
rs2147063,rs860735,0.0,0,0
rs2147063,rs894606,0.0002,0,0
rs2147063,rs927204,0.0251,0,0
rs2147063,rs9376092,0.0013,0,0
rs2147063,rs9991574,0.0001,0,0
rs223490,rs2239540,0.0263,0,0
rs223490,rs2246012,0.0009,0,0
rs223490,rs2280018,0.0001,0,0
rs223490,rs2336725,0.0039,0,0
rs223490,rs2392376,0.0014,0,0
rs223490,rs2657291,0.0027,0,0
rs223490,rs2823165,0.0001,0,0
rs223490,rs2952152,0.0051,0,0
rs223490,rs34053053,0.0006,0,0
rs223490,rs34119992,0.0029,0,0
rs223490,rs35717293,0.0007,0,0
rs223490,rs36062557,0.0028,0,0
rs223490,rs3753693,0.0037,0,0
rs223490,rs3760128,0.0,0,0
rs223490,rs3800461,0.0048,0,0
rs223490,rs3824535,0.0087,0,0
rs223490,rs4389656,0.0001,0,0
rs223490,rs4614,0.0009,0,0
rs223490,rs4637890,0.0134,0,0
rs223490,rs4687701,0.0039,0,0
rs223490,rs4757405,0.0031,0,0
rs223490,rs4760,0.0015,0,0
rs223490,rs4938809,0.0072,0,0
rs223490,rs506597,0.0071,0,0
rs223490,rs567859,0.0011,0,0
rs223490,rs579526,0.0003,0,0
rs223490,rs58477734,0.0001,0,0
rs223490,rs6026565,0.0017,0,0
rs223490,rs6129773,0.0032,0,0
rs223490,rs61776719,0.0074,0,0
rs223490,rs62113105,0.0,0,0
rs223490,rs62266124,0.0063,0,0
rs223490,rs62644541,0.0012,0,0
rs223490,rs6591424,nan,0,0
rs223490,rs6905468,0.0089,0,0
rs223490,rs7043386,0.0043,0,0
rs223490,rs7223412,0.0198,0,0
rs223490,rs726816,0.0004,0,0
rs223490,rs72706320,0.0031,0,0
rs223490,rs7551751,0.0183,0,0
rs223490,rs757110,0.0012,0,0
rs223490,rs7667864,0.0,0,0
rs223490,rs7781557,0.0076,0,0
rs223490,rs7837587,0.0025,0,0
rs223490,rs7908825,0.0145,0,0
rs223490,rs794249,0.0089,0,0
rs223490,rs7969177,0.0177,0,0
rs223490,rs8181326,0.0,0,0
rs223490,rs8192675,0.0004,0,0
rs223490,rs85220,0.0002,0,0
rs223490,rs860735,0.0038,0,0
rs223490,rs894606,0.0103,0,0
rs223490,rs927204,0.0001,0,0
rs223490,rs9376092,0.0006,0,0
rs223490,rs9991574,0.0189,0,0
rs2239540,rs2246012,nan,0,0
rs2239540,rs2280018,0.0047,0,0
rs2239540,rs2336725,0.0004,0,0
rs2239540,rs2392376,0.004,0,0
rs2239540,rs2657291,0.0042,0,0
rs2239540,rs2823165,0.0121,0,0
rs2239540,rs2952152,0.0006,0,0
rs2239540,rs34053053,nan,0,0
rs2239540,rs34119992,0.1301,0,0
rs2239540,rs35717293,0.001,0,0
rs2239540,rs36062557,0.0256,0,0
rs2239540,rs3753693,0.0122,0,0
rs2239540,rs3760128,0.001,0,0
rs2239540,rs3800461,nan,0,0
rs2239540,rs3824535,0.7366,0,1
rs2239540,rs4389656,0.0,0,0
rs2239540,rs4614,0.0583,0,0
rs2239540,rs4637890,0.0043,0,0
rs2239540,rs4687701,0.0004,0,0
rs2239540,rs4757405,0.0002,0,0
rs2239540,rs4760,nan,0,0
rs2239540,rs4938809,0.0001,0,0
rs2239540,rs506597,0.0031,0,0
rs2239540,rs567859,0.0201,0,0
rs2239540,rs579526,nan,0,0
rs2239540,rs58477734,0.0167,0,0
rs2239540,rs6026565,nan,0,0
rs2239540,rs6129773,0.0298,0,0
rs2239540,rs61776719,0.0012,0,0
rs2239540,rs62113105,0.0147,0,0
rs2239540,rs62266124,0.023,0,0
rs2239540,rs62644541,0.0018,0,0
rs2239540,rs6591424,nan,0,0
rs2239540,rs6905468,nan,0,0
rs2239540,rs7043386,0.0034,0,0
rs2239540,rs7223412,0.0098,0,0
rs2239540,rs726816,0.0015,0,0
rs2239540,rs72706320,nan,0,0
rs2239540,rs7551751,0.0069,0,0
rs2239540,rs757110,0.0018,0,0
rs2239540,rs7667864,0.0102,0,0
rs2239540,rs7781557,nan,0,0
rs2239540,rs7837587,0.0212,0,0
rs2239540,rs7908825,0.002,0,0
rs2239540,rs794249,0.0164,0,0
rs2239540,rs7969177,nan,0,0
rs2239540,rs8181326,0.0109,0,0
rs2239540,rs8192675,0.014,0,0
rs2239540,rs85220,0.0214,0,0
rs2239540,rs860735,0.0316,0,0
rs2239540,rs894606,0.0089,0,0
rs2239540,rs927204,nan,0,0
rs2239540,rs9376092,0.0099,0,0
rs2239540,rs9991574,0.019,0,0
rs2246012,rs2280018,0.0204,0,0
rs2246012,rs2336725,0.008,0,0
rs2246012,rs2392376,0.0066,0,0
rs2246012,rs2657291,0.0177,0,0
rs2246012,rs2823165,0.0035,0,0
rs2246012,rs2952152,0.0,0,0
rs2246012,rs34053053,nan,0,0
rs2246012,rs34119992,0.0095,0,0
rs2246012,rs35717293,0.0027,0,0
rs2246012,rs36062557,0.009,0,0
rs2246012,rs3753693,0.0063,0,0
rs2246012,rs3760128,0.0226,0,0
rs2246012,rs3800461,nan,0,0
rs2246012,rs3824535,nan,0,0
rs2246012,rs4389656,0.0004,0,0
rs2246012,rs4614,0.0024,0,0
rs2246012,rs4637890,0.0067,0,0
rs2246012,rs4687701,0.008,0,0
rs2246012,rs4757405,0.0102,0,0
rs2246012,rs4760,nan,0,0
rs2246012,rs4938809,0.0197,0,0
rs2246012,rs506597,0.0138,0,0
rs2246012,rs567859,0.0005,0,0
rs2246012,rs579526,0.0021,0,0
rs2246012,rs58477734,0.0051,0,0
rs2246012,rs6026565,nan,0,0
rs2246012,rs6129773,0.0028,0,0
rs2246012,rs61776719,0.0078,0,0
rs2246012,rs62113105,0.0015,0,0
rs2246012,rs62266124,0.0251,0,0
rs2246012,rs62644541,0.0005,0,0
rs2246012,rs6591424,nan,0,0
rs2246012,rs6905468,nan,0,0
rs2246012,rs7043386,0.0,0,0
rs2246012,rs7223412,0.0116,0,0
rs2246012,rs726816,0.0137,0,0
rs2246012,rs72706320,nan,0,0
rs2246012,rs7551751,0.0365,0,0
rs2246012,rs757110,0.0047,0,0
rs2246012,rs7667864,0.0,0,0
rs2246012,rs7781557,0.0195,0,0
rs2246012,rs7837587,0.011,0,0
rs2246012,rs7908825,0.0002,0,0
rs2246012,rs794249,0.0052,0,0
rs2246012,rs7969177,nan,0,0
rs2246012,rs8181326,0.0016,0,0
rs2246012,rs8192675,0.0941,0,0
rs2246012,rs85220,0.0,0,0
rs2246012,rs860735,0.0021,0,0
rs2246012,rs894606,0.0118,0,0
rs2246012,rs927204,nan,0,0
rs2246012,rs9376092,0.0295,0,0
rs2246012,rs9991574,0.0029,0,0
rs2280018,rs2336725,0.0024,0,0
rs2280018,rs2392376,0.0147,0,0
rs2280018,rs2657291,0.0029,0,0
rs2280018,rs2823165,0.0008,0,0
rs2280018,rs2952152,0.0001,0,0
rs2280018,rs34053053,0.0041,0,0
rs2280018,rs34119992,0.0001,0,0
rs2280018,rs35717293,0.0,0,0
rs2280018,rs36062557,0.0017,0,0
rs2280018,rs3753693,0.0081,0,0
rs2280018,rs3760128,0.008,0,0
rs2280018,rs3800461,0.0718,0,0
rs2280018,rs3824535,0.0005,0,0
rs2280018,rs4389656,0.0009,0,0
rs2280018,rs4614,0.0069,0,0
rs2280018,rs4637890,0.003,0,0
rs2280018,rs4687701,0.0024,0,0
rs2280018,rs4757405,0.0063,0,0
rs2280018,rs4760,0.0003,0,0
rs2280018,rs4938809,0.001,0,0
rs2280018,rs506597,0.0011,0,0
rs2280018,rs567859,0.0004,0,0
rs2280018,rs579526,0.0298,0,0
rs2280018,rs58477734,0.0062,0,0
rs2280018,rs6026565,0.0054,0,0
rs2280018,rs6129773,0.0,0,0
rs2280018,rs61776719,0.0034,0,0
rs2280018,rs62113105,0.0025,0,0
rs2280018,rs62266124,0.0002,0,0
rs2280018,rs62644541,0.0,0,0
rs2280018,rs6591424,nan,0,0
rs2280018,rs6905468,0.0003,0,0
rs2280018,rs7043386,0.0018,0,0
rs2280018,rs7223412,0.0127,0,0
rs2280018,rs726816,0.0106,0,0
rs2280018,rs72706320,0.0003,0,0
rs2280018,rs7551751,0.003,0,0
rs2280018,rs757110,0.0006,0,0
rs2280018,rs7667864,0.0054,0,0
rs2280018,rs7781557,0.0241,0,0
rs2280018,rs7837587,0.0018,0,0
rs2280018,rs7908825,0.0049,0,0
rs2280018,rs794249,0.0008,0,0
rs2280018,rs7969177,0.0016,0,0
rs2280018,rs8181326,0.0,0,0
rs2280018,rs8192675,0.0177,0,0
rs2280018,rs85220,0.0008,0,0
rs2280018,rs860735,0.0034,0,0
rs2280018,rs894606,0.0003,0,0
rs2280018,rs927204,0.002,0,0
rs2280018,rs9376092,0.0029,0,0
rs2280018,rs9991574,0.0132,0,0
rs2336725,rs2392376,0.0019,0,0
rs2336725,rs2657291,0.0003,0,0
rs2336725,rs2823165,0.0001,0,0
rs2336725,rs2952152,0.0009,0,0
rs2336725,rs34053053,0.0359,0,0
rs2336725,rs34119992,0.0001,0,0
rs2336725,rs35717293,0.005,0,0
rs2336725,rs36062557,0.0065,0,0
rs2336725,rs3753693,0.0004,0,0
rs2336725,rs3760128,0.0,0,0
rs2336725,rs3800461,0.0513,0,0
rs2336725,rs3824535,0.01,0,0
rs2336725,rs4389656,0.0105,0,0
rs2336725,rs4614,0.0015,0,0
rs2336725,rs4637890,0.0001,0,0
rs2336725,rs4687701,1.0,1,1
rs2336725,rs4757405,0.0148,0,0
rs2336725,rs4760,0.0,0,0
rs2336725,rs4938809,0.0001,0,0
rs2336725,rs506597,0.0055,0,0
rs2336725,rs567859,0.0007,0,0
rs2336725,rs579526,0.0001,0,0
rs2336725,rs58477734,0.004,0,0
rs2336725,rs6026565,0.0013,0,0
rs2336725,rs6129773,0.0032,0,0
rs2336725,rs61776719,0.0098,0,0
rs2336725,rs62113105,0.0027,0,0
rs2336725,rs62266124,0.002,0,0
rs2336725,rs62644541,0.0003,0,0
rs2336725,rs6591424,nan,0,0
rs2336725,rs6905468,0.0313,0,0
rs2336725,rs7043386,0.0002,0,0
rs2336725,rs7223412,0.0016,0,0
rs2336725,rs726816,0.0012,0,0
rs2336725,rs72706320,0.0167,0,0
rs2336725,rs7551751,0.0001,0,0
rs2336725,rs757110,0.0003,0,0
rs2336725,rs7667864,0.0108,0,0
rs2336725,rs7781557,0.0,0,0
rs2336725,rs7837587,0.0002,0,0
rs2336725,rs7908825,0.0005,0,0
rs2336725,rs794249,0.0002,0,0
rs2336725,rs7969177,0.0038,0,0
rs2336725,rs8181326,0.0068,0,0
rs2336725,rs8192675,0.0123,0,0
rs2336725,rs85220,0.0105,0,0
rs2336725,rs860735,0.0011,0,0
rs2336725,rs894606,0.0032,0,0
rs2336725,rs927204,0.0256,0,0
rs2336725,rs9376092,0.0024,0,0
rs2336725,rs9991574,0.001,0,0
rs2392376,rs2657291,0.0002,0,0
rs2392376,rs2823165,0.0045,0,0
rs2392376,rs2952152,0.0001,0,0
rs2392376,rs34053053,0.0209,0,0
rs2392376,rs34119992,0.001,0,0
rs2392376,rs35717293,0.0017,0,0
rs2392376,rs36062557,0.0008,0,0
rs2392376,rs3753693,0.0,0,0
rs2392376,rs3760128,0.0049,0,0
rs2392376,rs3800461,0.0002,0,0
rs2392376,rs3824535,0.0049,0,0
rs2392376,rs4389656,0.0005,0,0
rs2392376,rs4614,0.002,0,0
rs2392376,rs4637890,0.0069,0,0
rs2392376,rs4687701,0.0019,0,0
rs2392376,rs4757405,0.0015,0,0
rs2392376,rs4760,0.002,0,0
rs2392376,rs4938809,0.0001,0,0
rs2392376,rs506597,0.0114,0,0
rs2392376,rs567859,0.0006,0,0
rs2392376,rs579526,0.0105,0,0
rs2392376,rs58477734,0.0015,0,0
rs2392376,rs6026565,0.0001,0,0
rs2392376,rs6129773,0.0006,0,0
rs2392376,rs61776719,0.0024,0,0
rs2392376,rs62113105,0.0009,0,0
rs2392376,rs62266124,0.0001,0,0
rs2392376,rs62644541,0.0055,0,0
rs2392376,rs6591424,nan,0,0
rs2392376,rs6905468,0.0814,0,0
rs2392376,rs7043386,0.0016,0,0
rs2392376,rs7223412,0.0042,0,0
rs2392376,rs726816,0.0049,0,0
rs2392376,rs72706320,0.0165,0,0
rs2392376,rs7551751,0.0062,0,0
rs2392376,rs757110,0.0019,0,0
rs2392376,rs7667864,0.0105,0,0
rs2392376,rs7781557,0.0314,0,0
rs2392376,rs7837587,0.0001,0,0
rs2392376,rs7908825,0.0002,0,0
rs2392376,rs794249,0.004,0,0
rs2392376,rs7969177,0.0301,0,0
rs2392376,rs8181326,0.0,0,0
rs2392376,rs8192675,0.0023,0,0
rs2392376,rs85220,0.0045,0,0
rs2392376,rs860735,0.0049,0,0
rs2392376,rs894606,0.0015,0,0
rs2392376,rs927204,0.0233,0,0
rs2392376,rs9376092,0.0319,0,0
rs2392376,rs9991574,0.0097,0,0
rs2657291,rs2823165,0.006,0,0
rs2657291,rs2952152,0.0,0,0
rs2657291,rs34053053,0.0,0,0
rs2657291,rs34119992,0.0011,0,0
rs2657291,rs35717293,0.0001,0,0
rs2657291,rs36062557,0.0004,0,0
rs2657291,rs3753693,0.0068,0,0
rs2657291,rs3760128,0.0005,0,0
rs2657291,rs3800461,0.0008,0,0
rs2657291,rs3824535,0.0015,0,0
rs2657291,rs4389656,0.0034,0,0
rs2657291,rs4614,0.0,0,0
rs2657291,rs4637890,0.001,0,0
rs2657291,rs4687701,0.0003,0,0
rs2657291,rs4757405,0.0017,0,0
rs2657291,rs4760,0.0413,0,0
rs2657291,rs4938809,0.022,0,0
rs2657291,rs506597,0.0061,0,0
rs2657291,rs567859,0.0006,0,0
rs2657291,rs579526,0.0141,0,0
rs2657291,rs58477734,0.052,0,0
rs2657291,rs6026565,0.0209,0,0
rs2657291,rs6129773,0.0,0,0
rs2657291,rs61776719,0.0011,0,0
rs2657291,rs62113105,0.002,0,0
rs2657291,rs62266124,0.0,0,0
rs2657291,rs62644541,0.0033,0,0
rs2657291,rs6591424,nan,0,0
rs2657291,rs6905468,0.0132,0,0
rs2657291,rs7043386,0.0019,0,0
rs2657291,rs7223412,0.0018,0,0
rs2657291,rs726816,0.0014,0,0
rs2657291,rs72706320,0.064,0,0
rs2657291,rs7551751,0.0009,0,0
rs2657291,rs757110,0.0022,0,0
rs2657291,rs7667864,0.0002,0,0
rs2657291,rs7781557,0.0001,0,0
rs2657291,rs7837587,0.0017,0,0
rs2657291,rs7908825,0.0003,0,0
rs2657291,rs794249,0.0012,0,0
rs2657291,rs7969177,0.0004,0,0
rs2657291,rs8181326,0.0011,0,0
rs2657291,rs8192675,0.0,0,0
rs2657291,rs85220,0.0,0,0
rs2657291,rs860735,0.003,0,0
rs2657291,rs894606,0.0028,0,0
rs2657291,rs927204,0.0083,0,0
rs2657291,rs9376092,0.0246,0,0
rs2657291,rs9991574,0.0277,0,0
rs2823165,rs2952152,0.0003,0,0
rs2823165,rs34053053,0.0048,0,0
rs2823165,rs34119992,0.0001,0,0
rs2823165,rs35717293,0.0013,0,0
rs2823165,rs36062557,0.0,0,0
rs2823165,rs3753693,0.0001,0,0
rs2823165,rs3760128,0.0,0,0
rs2823165,rs3800461,0.0021,0,0
rs2823165,rs3824535,0.003,0,0
rs2823165,rs4389656,0.001,0,0
rs2823165,rs4614,0.0022,0,0
rs2823165,rs4637890,0.0007,0,0
rs2823165,rs4687701,0.0001,0,0
rs2823165,rs4757405,0.0014,0,0
rs2823165,rs4760,0.0005,0,0
rs2823165,rs4938809,0.0071,0,0
rs2823165,rs506597,0.0007,0,0
rs2823165,rs567859,0.0001,0,0
rs2823165,rs579526,0.0055,0,0
rs2823165,rs58477734,0.0001,0,0
rs2823165,rs6026565,0.0193,0,0
rs2823165,rs6129773,0.0023,0,0
rs2823165,rs61776719,0.0065,0,0
rs2823165,rs62113105,0.027,0,0
rs2823165,rs62266124,0.0039,0,0
rs2823165,rs62644541,0.0069,0,0
rs2823165,rs6591424,nan,0,0
rs2823165,rs6905468,0.0001,0,0
rs2823165,rs7043386,0.0002,0,0
rs2823165,rs7223412,0.0086,0,0
rs2823165,rs726816,0.0105,0,0
rs2823165,rs72706320,0.0001,0,0
rs2823165,rs7551751,0.0004,0,0
rs2823165,rs757110,0.0011,0,0
rs2823165,rs7667864,0.0003,0,0
rs2823165,rs7781557,0.0,0,0
rs2823165,rs7837587,0.0018,0,0
rs2823165,rs7908825,0.0009,0,0
rs2823165,rs794249,0.0,0,0
rs2823165,rs7969177,0.0034,0,0
rs2823165,rs8181326,0.0038,0,0
rs2823165,rs8192675,0.0207,0,0
rs2823165,rs85220,0.0115,0,0
rs2823165,rs860735,0.0034,0,0
rs2823165,rs894606,0.0008,0,0
rs2823165,rs927204,0.0357,0,0
rs2823165,rs9376092,0.0081,0,0
rs2823165,rs9991574,0.0025,0,0
rs2952152,rs34053053,0.0017,0,0
rs2952152,rs34119992,0.0032,0,0
rs2952152,rs35717293,0.0006,0,0
rs2952152,rs36062557,0.0,0,0
rs2952152,rs3753693,0.0006,0,0
rs2952152,rs3760128,0.0003,0,0
rs2952152,rs3800461,0.0123,0,0
rs2952152,rs3824535,0.0027,0,0
rs2952152,rs4389656,0.0067,0,0
rs2952152,rs4614,0.0088,0,0
rs2952152,rs4637890,0.0009,0,0
rs2952152,rs4687701,0.0009,0,0
rs2952152,rs4757405,0.0001,0,0
rs2952152,rs4760,0.0048,0,0
rs2952152,rs4938809,0.0,0,0
rs2952152,rs506597,0.0001,0,0
rs2952152,rs567859,0.0052,0,0
rs2952152,rs579526,0.001,0,0
rs2952152,rs58477734,0.0,0,0
rs2952152,rs6026565,0.0267,0,0
rs2952152,rs6129773,0.0031,0,0
rs2952152,rs61776719,0.0032,0,0
rs2952152,rs62113105,0.0006,0,0
rs2952152,rs62266124,0.0195,0,0
rs2952152,rs62644541,0.0025,0,0
rs2952152,rs6591424,nan,0,0
rs2952152,rs6905468,0.0001,0,0
rs2952152,rs7043386,0.001,0,0
rs2952152,rs7223412,0.0192,0,0
rs2952152,rs726816,0.0016,0,0
rs2952152,rs72706320,0.0169,0,0
rs2952152,rs7551751,0.002,0,0
rs2952152,rs757110,0.0002,0,0
rs2952152,rs7667864,0.0,0,0
rs2952152,rs7781557,0.0337,0,0
rs2952152,rs7837587,0.0001,0,0
rs2952152,rs7908825,0.0075,0,0
rs2952152,rs794249,0.0013,0,0
rs2952152,rs7969177,0.0149,0,0
rs2952152,rs8181326,0.0091,0,0
rs2952152,rs8192675,0.0,0,0
rs2952152,rs85220,0.011,0,0
rs2952152,rs860735,0.0001,0,0
rs2952152,rs894606,0.0014,0,0
rs2952152,rs927204,0.0032,0,0
rs2952152,rs9376092,0.0001,0,0
rs2952152,rs9991574,0.0029,0,0
rs34053053,rs34119992,0.0104,0,0
rs34053053,rs35717293,0.0144,0,0
rs34053053,rs36062557,0.0376,0,0
rs34053053,rs3753693,0.0013,0,0
rs34053053,rs3760128,0.0001,0,0
rs34053053,rs3800461,nan,0,0
rs34053053,rs3824535,nan,0,0
rs34053053,rs4389656,0.019,0,0
rs34053053,rs4614,0.004,0,0
rs34053053,rs4637890,0.0017,0,0
rs34053053,rs4687701,0.0359,0,0
rs34053053,rs4757405,0.0046,0,0
rs34053053,rs4760,nan,0,0
rs34053053,rs4938809,0.002,0,0
rs34053053,rs506597,0.0009,0,0
rs34053053,rs567859,0.0148,0,0
rs34053053,rs579526,nan,0,0
rs34053053,rs58477734,0.0083,0,0
rs34053053,rs6026565,nan,0,0
rs34053053,rs6129773,0.0141,0,0
rs34053053,rs61776719,0.0115,0,0
rs34053053,rs62113105,0.0324,0,0
rs34053053,rs62266124,0.0011,0,0
rs34053053,rs62644541,0.0006,0,0
rs34053053,rs6591424,nan,0,0
rs34053053,rs6905468,nan,0,0
rs34053053,rs7043386,0.0308,0,0
rs34053053,rs7223412,0.0016,0,0
rs34053053,rs726816,0.0006,0,0
rs34053053,rs72706320,nan,0,0
rs34053053,rs7551751,0.0054,0,0
rs34053053,rs757110,0.0012,0,0
rs34053053,rs7667864,0.0373,0,0
rs34053053,rs7781557,nan,0,0
rs34053053,rs7837587,0.0033,0,0
rs34053053,rs7908825,0.0067,0,0
rs34053053,rs794249,0.0014,0,0
rs34053053,rs7969177,nan,0,0
rs34053053,rs8181326,0.0035,0,0
rs34053053,rs8192675,0.0013,0,0
rs34053053,rs85220,0.007,0,0
rs34053053,rs860735,0.0006,0,0
rs34053053,rs894606,0.0002,0,0
rs34053053,rs927204,nan,0,0
rs34053053,rs9376092,0.0171,0,0
rs34053053,rs9991574,0.0024,0,0
rs34119992,rs35717293,0.0142,0,0
rs34119992,rs36062557,0.0052,0,0
rs34119992,rs3753693,0.0034,0,0
rs34119992,rs3760128,0.0015,0,0
rs34119992,rs3800461,nan,0,0
rs34119992,rs3824535,0.0959,0,0
rs34119992,rs4389656,0.0306,0,0
rs34119992,rs4614,0.0008,0,0
rs34119992,rs4637890,0.0072,0,0
rs34119992,rs4687701,0.0001,0,0
rs34119992,rs4757405,0.0029,0,0
rs34119992,rs4760,0.0095,0,0
rs34119992,rs4938809,0.0016,0,0
rs34119992,rs506597,0.0,0,0
rs34119992,rs567859,0.0,0,0
rs34119992,rs579526,0.0019,0,0
rs34119992,rs58477734,0.0013,0,0
rs34119992,rs6026565,nan,0,0
rs34119992,rs6129773,0.0116,0,0
rs34119992,rs61776719,0.0003,0,0
rs34119992,rs62113105,0.0002,0,0
rs34119992,rs62266124,0.0,0,0
rs34119992,rs62644541,0.0087,0,0
rs34119992,rs6591424,nan,0,0
rs34119992,rs6905468,0.1096,0,0
rs34119992,rs7043386,0.0005,0,0
rs34119992,rs7223412,0.0186,0,0
rs34119992,rs726816,0.0081,0,0
rs34119992,rs72706320,nan,0,0
rs34119992,rs7551751,0.0092,0,0
rs34119992,rs757110,0.0005,0,0
rs34119992,rs7667864,0.0045,0,0
rs34119992,rs7781557,0.0072,0,0
rs34119992,rs7837587,0.0024,0,0
rs34119992,rs7908825,0.001,0,0
rs34119992,rs794249,0.0008,0,0
rs34119992,rs7969177,0.0342,0,0
rs34119992,rs8181326,0.0017,0,0
rs34119992,rs8192675,0.04,0,0
rs34119992,rs85220,0.0,0,0
rs34119992,rs860735,0.0006,0,0
rs34119992,rs894606,0.0002,0,0
rs34119992,rs927204,0.0036,0,0
rs34119992,rs9376092,0.0024,0,0
rs34119992,rs9991574,0.0096,0,0
rs35717293,rs36062557,0.0008,0,0
rs35717293,rs3753693,0.0108,0,0
rs35717293,rs3760128,0.0043,0,0
rs35717293,rs3800461,0.0111,0,0
rs35717293,rs3824535,0.0012,0,0
rs35717293,rs4389656,0.0007,0,0
rs35717293,rs4614,0.001,0,0
rs35717293,rs4637890,0.0005,0,0
rs35717293,rs4687701,0.005,0,0
rs35717293,rs4757405,0.0069,0,0
rs35717293,rs4760,0.0003,0,0
rs35717293,rs4938809,0.0074,0,0
rs35717293,rs506597,0.0192,0,0
rs35717293,rs567859,0.0006,0,0
rs35717293,rs579526,0.0043,0,0
rs35717293,rs58477734,0.001,0,0
rs35717293,rs6026565,0.0019,0,0
rs35717293,rs6129773,0.0006,0,0
rs35717293,rs61776719,0.0002,0,0
rs35717293,rs62113105,0.0013,0,0
rs35717293,rs62266124,0.0161,0,0
rs35717293,rs62644541,0.0097,0,0
rs35717293,rs6591424,nan,0,0
rs35717293,rs6905468,0.0031,0,0
rs35717293,rs7043386,0.003,0,0
rs35717293,rs7223412,0.0018,0,0
rs35717293,rs726816,0.0057,0,0
rs35717293,rs72706320,0.0476,0,0
rs35717293,rs7551751,0.0007,0,0
rs35717293,rs757110,0.0033,0,0
rs35717293,rs7667864,0.0001,0,0
rs35717293,rs7781557,0.0001,0,0
rs35717293,rs7837587,0.0006,0,0
rs35717293,rs7908825,0.0003,0,0
rs35717293,rs794249,0.0001,0,0
rs35717293,rs7969177,0.0008,0,0
rs35717293,rs8181326,0.0,0,0
rs35717293,rs8192675,0.0057,0,0
rs35717293,rs85220,0.0015,0,0
rs35717293,rs860735,0.0075,0,0
rs35717293,rs894606,0.0003,0,0
rs35717293,rs927204,0.0015,0,0
rs35717293,rs9376092,0.0026,0,0
rs35717293,rs9991574,0.0024,0,0
rs36062557,rs3753693,0.0,0,0
rs36062557,rs3760128,0.002,0,0
rs36062557,rs3800461,0.0336,0,0
rs36062557,rs3824535,0.0105,0,0
rs36062557,rs4389656,0.0078,0,0
rs36062557,rs4614,0.0161,0,0
rs36062557,rs4637890,0.0121,0,0
rs36062557,rs4687701,0.0065,0,0
rs36062557,rs4757405,0.0,0,0
rs36062557,rs4760,0.0001,0,0
rs36062557,rs4938809,0.0045,0,0
rs36062557,rs506597,0.0011,0,0
rs36062557,rs567859,0.0001,0,0
rs36062557,rs579526,0.0044,0,0
rs36062557,rs58477734,0.0036,0,0
rs36062557,rs6026565,0.0001,0,0
rs36062557,rs6129773,0.0005,0,0
rs36062557,rs61776719,0.0002,0,0
rs36062557,rs62113105,0.0014,0,0
rs36062557,rs62266124,0.002,0,0
rs36062557,rs62644541,0.0072,0,0
rs36062557,rs6591424,nan,0,0
rs36062557,rs6905468,0.0006,0,0
rs36062557,rs7043386,0.001,0,0
rs36062557,rs7223412,0.0001,0,0
rs36062557,rs726816,0.0009,0,0
rs36062557,rs72706320,0.0055,0,0
rs36062557,rs7551751,0.0031,0,0
rs36062557,rs757110,0.0006,0,0
rs36062557,rs7667864,0.0004,0,0
rs36062557,rs7781557,0.0004,0,0
rs36062557,rs7837587,0.0028,0,0
rs36062557,rs7908825,0.0129,0,0
rs36062557,rs794249,0.0014,0,0
rs36062557,rs7969177,0.0803,0,0
rs36062557,rs8181326,0.0028,0,0
rs36062557,rs8192675,0.0026,0,0
rs36062557,rs85220,0.0038,0,0
rs36062557,rs860735,0.0013,0,0
rs36062557,rs894606,0.0002,0,0
rs36062557,rs927204,0.0077,0,0
rs36062557,rs9376092,0.0001,0,0
rs36062557,rs9991574,0.0043,0,0
rs3753693,rs3760128,0.0206,0,0
rs3753693,rs3800461,0.0035,0,0
rs3753693,rs3824535,0.0123,0,0
rs3753693,rs4389656,0.0011,0,0
rs3753693,rs4614,0.0,0,0
rs3753693,rs4637890,0.0047,0,0
rs3753693,rs4687701,0.0004,0,0
rs3753693,rs4757405,0.0003,0,0
rs3753693,rs4760,0.0045,0,0
rs3753693,rs4938809,0.0214,0,0
rs3753693,rs506597,0.0134,0,0
rs3753693,rs567859,0.0052,0,0
rs3753693,rs579526,0.0001,0,0
rs3753693,rs58477734,0.0056,0,0
rs3753693,rs6026565,0.001,0,0
rs3753693,rs6129773,0.0002,0,0
rs3753693,rs61776719,0.0058,0,0
rs3753693,rs62113105,0.0058,0,0
rs3753693,rs62266124,0.0025,0,0
rs3753693,rs62644541,0.0053,0,0
rs3753693,rs6591424,nan,0,0
rs3753693,rs6905468,0.0131,0,0
rs3753693,rs7043386,0.0011,0,0
rs3753693,rs7223412,0.0173,0,0
rs3753693,rs726816,0.0009,0,0
rs3753693,rs72706320,0.0005,0,0
rs3753693,rs7551751,0.0037,0,0
rs3753693,rs757110,0.0,0,0
rs3753693,rs7667864,0.0004,0,0
rs3753693,rs7781557,0.0003,0,0
rs3753693,rs7837587,0.0001,0,0
rs3753693,rs7908825,0.0056,0,0
rs3753693,rs794249,0.0009,0,0
rs3753693,rs7969177,0.0043,0,0
rs3753693,rs8181326,0.0006,0,0
rs3753693,rs8192675,0.0035,0,0
rs3753693,rs85220,0.0,0,0
rs3753693,rs860735,0.0025,0,0
rs3753693,rs894606,0.0006,0,0
rs3753693,rs927204,0.0088,0,0
rs3753693,rs9376092,0.0023,0,0
rs3753693,rs9991574,0.0155,0,0
rs3760128,rs3800461,0.0144,0,0
rs3760128,rs3824535,0.0,0,0
rs3760128,rs4389656,0.0,0,0
rs3760128,rs4614,0.0,0,0
rs3760128,rs4637890,0.0028,0,0
rs3760128,rs4687701,0.0,0,0
rs3760128,rs4757405,0.0,0,0
rs3760128,rs4760,0.0263,0,0
rs3760128,rs4938809,0.0026,0,0
rs3760128,rs506597,0.0014,0,0
rs3760128,rs567859,0.0046,0,0
rs3760128,rs579526,0.0249,0,0
rs3760128,rs58477734,0.0007,0,0
rs3760128,rs6026565,0.0334,0,0
rs3760128,rs6129773,0.0087,0,0
rs3760128,rs61776719,0.0022,0,0
rs3760128,rs62113105,0.0001,0,0
rs3760128,rs62266124,0.0001,0,0
rs3760128,rs62644541,0.0003,0,0
rs3760128,rs6591424,nan,0,0
rs3760128,rs6905468,0.0174,0,0
rs3760128,rs7043386,0.0001,0,0
rs3760128,rs7223412,0.0002,0,0
rs3760128,rs726816,0.0003,0,0
rs3760128,rs72706320,0.0022,0,0
rs3760128,rs7551751,0.0017,0,0
rs3760128,rs757110,0.0088,0,0
rs3760128,rs7667864,0.0006,0,0
rs3760128,rs7781557,0.0076,0,0
rs3760128,rs7837587,0.0046,0,0
rs3760128,rs7908825,0.0008,0,0
rs3760128,rs794249,0.0013,0,0
rs3760128,rs7969177,0.0406,0,0
rs3760128,rs8181326,0.0005,0,0
rs3760128,rs8192675,0.0028,0,0
rs3760128,rs85220,0.0025,0,0
rs3760128,rs860735,0.0032,0,0
rs3760128,rs894606,0.0069,0,0
rs3760128,rs927204,0.0309,0,0
rs3760128,rs9376092,0.0012,0,0
rs3760128,rs9991574,0.0032,0,0
rs3800461,rs3824535,nan,0,0
rs3800461,rs4389656,0.0154,0,0
rs3800461,rs4614,0.0458,0,0
rs3800461,rs4637890,0.0008,0,0
rs3800461,rs4687701,0.0513,0,0
rs3800461,rs4757405,0.0264,0,0
rs3800461,rs4760,nan,0,0
rs3800461,rs4938809,nan,0,0
rs3800461,rs506597,0.0139,0,0
rs3800461,rs567859,0.0363,0,0
rs3800461,rs579526,nan,0,0
rs3800461,rs58477734,0.0262,0,0
rs3800461,rs6026565,nan,0,0
rs3800461,rs6129773,nan,0,0
rs3800461,rs61776719,0.0288,0,0
rs3800461,rs62113105,0.0031,0,0
rs3800461,rs62266124,0.0001,0,0
rs3800461,rs62644541,nan,0,0
rs3800461,rs6591424,nan,0,0
rs3800461,rs6905468,nan,0,0
rs3800461,rs7043386,0.0498,0,0
rs3800461,rs7223412,nan,0,0
rs3800461,rs726816,0.0142,0,0
rs3800461,rs72706320,nan,0,0
rs3800461,rs7551751,0.0042,0,0
rs3800461,rs757110,0.0186,0,0
rs3800461,rs7667864,0.0093,0,0
rs3800461,rs7781557,nan,0,0
rs3800461,rs7837587,0.0079,0,0
rs3800461,rs7908825,0.0071,0,0
rs3800461,rs794249,0.0139,0,0
rs3800461,rs7969177,nan,0,0
rs3800461,rs8181326,0.0466,0,0
rs3800461,rs8192675,nan,0,0
rs3800461,rs85220,0.0331,0,0
rs3800461,rs860735,0.041,0,0
rs3800461,rs894606,0.0173,0,0
rs3800461,rs927204,nan,0,0
rs3800461,rs9376092,nan,0,0
rs3800461,rs9991574,0.0165,0,0
rs3824535,rs4389656,0.0007,0,0
rs3824535,rs4614,0.0701,0,0
rs3824535,rs4637890,0.0087,0,0
rs3824535,rs4687701,0.01,0,0
rs3824535,rs4757405,0.0011,0,0
rs3824535,rs4760,nan,0,0
rs3824535,rs4938809,0.0001,0,0
rs3824535,rs506597,0.0003,0,0
rs3824535,rs567859,0.0031,0,0
rs3824535,rs579526,nan,0,0
rs3824535,rs58477734,0.0208,0,0
rs3824535,rs6026565,nan,0,0
rs3824535,rs6129773,0.0168,0,0
rs3824535,rs61776719,0.0068,0,0
rs3824535,rs62113105,0.0005,0,0
rs3824535,rs62266124,0.0046,0,0
rs3824535,rs62644541,0.0593,0,0
rs3824535,rs6591424,nan,0,0
rs3824535,rs6905468,nan,0,0
rs3824535,rs7043386,0.0029,0,0
rs3824535,rs7223412,0.0097,0,0
rs3824535,rs726816,0.0095,0,0
rs3824535,rs72706320,nan,0,0
rs3824535,rs7551751,0.0146,0,0
rs3824535,rs757110,0.0003,0,0
rs3824535,rs7667864,0.0001,0,0
rs3824535,rs7781557,nan,0,0
rs3824535,rs7837587,0.0206,0,0
rs3824535,rs7908825,0.0015,0,0
rs3824535,rs794249,0.0029,0,0
rs3824535,rs7969177,nan,0,0
rs3824535,rs8181326,0.0234,0,0
rs3824535,rs8192675,0.0125,0,0
rs3824535,rs85220,0.0562,0,0
rs3824535,rs860735,0.0071,0,0
rs3824535,rs894606,0.0049,0,0
rs3824535,rs927204,nan,0,0
rs3824535,rs9376092,0.0029,0,0
rs3824535,rs9991574,0.0203,0,0
rs4389656,rs4614,0.0085,0,0
rs4389656,rs4637890,0.0002,0,0
rs4389656,rs4687701,0.0105,0,0
rs4389656,rs4757405,0.0053,0,0
rs4389656,rs4760,0.0001,0,0
rs4389656,rs4938809,0.0,0,0
rs4389656,rs506597,0.0,0,0
rs4389656,rs567859,0.0131,0,0
rs4389656,rs579526,0.0003,0,0
rs4389656,rs58477734,0.002,0,0
rs4389656,rs6026565,0.0265,0,0
rs4389656,rs6129773,0.0002,0,0
rs4389656,rs61776719,0.0074,0,0
rs4389656,rs62113105,0.0013,0,0
rs4389656,rs62266124,0.0008,0,0
rs4389656,rs62644541,0.0068,0,0
rs4389656,rs6591424,nan,0,0
rs4389656,rs6905468,0.0033,0,0
rs4389656,rs7043386,0.0004,0,0
rs4389656,rs7223412,0.001,0,0
rs4389656,rs726816,0.0048,0,0
rs4389656,rs72706320,nan,0,0
rs4389656,rs7551751,0.0004,0,0
rs4389656,rs757110,0.0016,0,0
rs4389656,rs7667864,0.0096,0,0
rs4389656,rs7781557,0.004,0,0
rs4389656,rs7837587,0.0195,0,0
rs4389656,rs7908825,0.0006,0,0
rs4389656,rs794249,0.0052,0,0
rs4389656,rs7969177,0.0148,0,0
rs4389656,rs8181326,0.0024,0,0
rs4389656,rs8192675,0.0027,0,0
rs4389656,rs85220,0.0006,0,0
rs4389656,rs860735,0.0003,0,0
rs4389656,rs894606,0.002,0,0
rs4389656,rs927204,0.0009,0,0
rs4389656,rs9376092,0.0023,0,0
rs4389656,rs9991574,0.001,0,0
rs4614,rs4637890,0.0021,0,0
rs4614,rs4687701,0.0015,0,0
rs4614,rs4757405,0.0008,0,0
rs4614,rs4760,0.0003,0,0
rs4614,rs4938809,0.0056,0,0
rs4614,rs506597,0.0138,0,0
rs4614,rs567859,0.0151,0,0
rs4614,rs579526,0.0003,0,0
rs4614,rs58477734,0.0119,0,0
rs4614,rs6026565,0.0286,0,0
rs4614,rs6129773,0.001,0,0
rs4614,rs61776719,0.0023,0,0
rs4614,rs62113105,0.0005,0,0
rs4614,rs62266124,0.0003,0,0
rs4614,rs62644541,0.0295,0,0
rs4614,rs6591424,nan,0,0
rs4614,rs6905468,0.017,0,0
rs4614,rs7043386,0.0117,0,0
rs4614,rs7223412,0.0006,0,0
rs4614,rs726816,0.0114,0,0
rs4614,rs72706320,0.0342,0,0
rs4614,rs7551751,0.0057,0,0
rs4614,rs757110,0.0007,0,0
rs4614,rs7667864,0.005,0,0
rs4614,rs7781557,0.0003,0,0
rs4614,rs7837587,0.0008,0,0
rs4614,rs7908825,0.004,0,0
rs4614,rs794249,0.0175,0,0
rs4614,rs7969177,0.0068,0,0
rs4614,rs8181326,0.0002,0,0
rs4614,rs8192675,0.0017,0,0
rs4614,rs85220,0.0011,0,0
rs4614,rs860735,0.0005,0,0
rs4614,rs894606,0.0006,0,0
rs4614,rs927204,0.0294,0,0
rs4614,rs9376092,0.001,0,0
rs4614,rs9991574,0.0109,0,0
rs4637890,rs4687701,0.0001,0,0
rs4637890,rs4757405,0.0007,0,0
rs4637890,rs4760,0.0413,0,0
rs4637890,rs4938809,0.0005,0,0
rs4637890,rs506597,0.0001,0,0
rs4637890,rs567859,0.0009,0,0
rs4637890,rs579526,0.0024,0,0
rs4637890,rs58477734,0.0176,0,0
rs4637890,rs6026565,0.0001,0,0
rs4637890,rs6129773,0.0015,0,0
rs4637890,rs61776719,0.0121,0,0
rs4637890,rs62113105,0.0161,0,0
rs4637890,rs62266124,0.0019,0,0
rs4637890,rs62644541,0.0027,0,0
rs4637890,rs6591424,nan,0,0
rs4637890,rs6905468,0.0132,0,0
rs4637890,rs7043386,0.0182,0,0
rs4637890,rs7223412,0.0025,0,0
rs4637890,rs726816,0.001,0,0
rs4637890,rs72706320,0.0232,0,0
rs4637890,rs7551751,0.0001,0,0
rs4637890,rs757110,0.0071,0,0
rs4637890,rs7667864,0.0001,0,0
rs4637890,rs7781557,0.0041,0,0
rs4637890,rs7837587,0.0044,0,0
rs4637890,rs7908825,0.0,0,0
rs4637890,rs794249,0.0015,0,0
rs4637890,rs7969177,0.0008,0,0
rs4637890,rs8181326,0.0001,0,0
rs4637890,rs8192675,0.0002,0,0
rs4637890,rs85220,0.0029,0,0
rs4637890,rs860735,0.0005,0,0
rs4637890,rs894606,0.0168,0,0
rs4637890,rs927204,0.0052,0,0
rs4637890,rs9376092,0.0009,0,0
rs4637890,rs9991574,0.0475,0,0
rs4687701,rs4757405,0.0148,0,0
rs4687701,rs4760,0.0,0,0
rs4687701,rs4938809,0.0001,0,0
rs4687701,rs506597,0.0055,0,0
rs4687701,rs567859,0.0007,0,0
rs4687701,rs579526,0.0001,0,0
rs4687701,rs58477734,0.004,0,0
rs4687701,rs6026565,0.0013,0,0
rs4687701,rs6129773,0.0032,0,0
rs4687701,rs61776719,0.0098,0,0
rs4687701,rs62113105,0.0027,0,0
rs4687701,rs62266124,0.002,0,0
rs4687701,rs62644541,0.0003,0,0
rs4687701,rs6591424,nan,0,0
rs4687701,rs6905468,0.0313,0,0
rs4687701,rs7043386,0.0002,0,0
rs4687701,rs7223412,0.0016,0,0
rs4687701,rs726816,0.0012,0,0
rs4687701,rs72706320,0.0167,0,0
rs4687701,rs7551751,0.0001,0,0
rs4687701,rs757110,0.0003,0,0
rs4687701,rs7667864,0.0108,0,0
rs4687701,rs7781557,0.0,0,0
rs4687701,rs7837587,0.0002,0,0
rs4687701,rs7908825,0.0005,0,0
rs4687701,rs794249,0.0002,0,0
rs4687701,rs7969177,0.0038,0,0
rs4687701,rs8181326,0.0068,0,0
rs4687701,rs8192675,0.0123,0,0
rs4687701,rs85220,0.0105,0,0
rs4687701,rs860735,0.0011,0,0
rs4687701,rs894606,0.0032,0,0
rs4687701,rs927204,0.0256,0,0
rs4687701,rs9376092,0.0024,0,0
rs4687701,rs9991574,0.001,0,0
rs4757405,rs4760,0.0007,0,0
rs4757405,rs4938809,0.0,0,0
rs4757405,rs506597,0.0005,0,0
rs4757405,rs567859,0.0003,0,0
rs4757405,rs579526,0.0001,0,0
rs4757405,rs58477734,0.0007,0,0
rs4757405,rs6026565,0.0053,0,0
rs4757405,rs6129773,0.0061,0,0
rs4757405,rs61776719,0.0001,0,0
rs4757405,rs62113105,0.0049,0,0
rs4757405,rs62266124,0.0089,0,0
rs4757405,rs62644541,0.0015,0,0
rs4757405,rs6591424,nan,0,0
rs4757405,rs6905468,0.0544,0,0
rs4757405,rs7043386,0.0015,0,0
rs4757405,rs7223412,0.0018,0,0
rs4757405,rs726816,0.0119,0,0
rs4757405,rs72706320,0.0464,0,0
rs4757405,rs7551751,0.0032,0,0
rs4757405,rs757110,0.0033,0,0
rs4757405,rs7667864,0.0,0,0
rs4757405,rs7781557,0.0052,0,0
rs4757405,rs7837587,0.0045,0,0
rs4757405,rs7908825,0.0048,0,0
rs4757405,rs794249,0.0065,0,0
rs4757405,rs7969177,0.0209,0,0
rs4757405,rs8181326,0.0,0,0
rs4757405,rs8192675,0.0006,0,0
rs4757405,rs85220,0.0059,0,0
rs4757405,rs860735,0.0005,0,0
rs4757405,rs894606,0.01,0,0
rs4757405,rs927204,0.0051,0,0
rs4757405,rs9376092,0.004,0,0
rs4757405,rs9991574,0.0003,0,0
rs4760,rs4938809,0.0134,0,0
rs4760,rs506597,0.0056,0,0
rs4760,rs567859,0.0118,0,0
rs4760,rs579526,nan,0,0
rs4760,rs58477734,0.0009,0,0
rs4760,rs6026565,nan,0,0
rs4760,rs6129773,0.0158,0,0
rs4760,rs61776719,0.0099,0,0
rs4760,rs62113105,0.018,0,0
rs4760,rs62266124,0.0019,0,0
rs4760,rs62644541,0.0865,0,0
rs4760,rs6591424,nan,0,0
rs4760,rs6905468,nan,0,0
rs4760,rs7043386,0.0028,0,0
rs4760,rs7223412,0.0251,0,0
rs4760,rs726816,0.0627,0,0
rs4760,rs72706320,nan,0,0
rs4760,rs7551751,0.0057,0,0
rs4760,rs757110,0.0016,0,0
rs4760,rs7667864,0.0038,0,0
rs4760,rs7781557,nan,0,0
rs4760,rs7837587,0.0015,0,0
rs4760,rs7908825,0.0013,0,0
rs4760,rs794249,0.0043,0,0
rs4760,rs7969177,nan,0,0
rs4760,rs8181326,0.0287,0,0
rs4760,rs8192675,0.0135,0,0
rs4760,rs85220,0.0007,0,0
rs4760,rs860735,0.0012,0,0
rs4760,rs894606,0.0649,0,0
rs4760,rs927204,nan,0,0
rs4760,rs9376092,0.0068,0,0
rs4760,rs9991574,0.0037,0,0
rs4938809,rs506597,0.0035,0,0
rs4938809,rs567859,0.0001,0,0
rs4938809,rs579526,0.0162,0,0
rs4938809,rs58477734,0.0,0,0
rs4938809,rs6026565,0.0013,0,0
rs4938809,rs6129773,0.0037,0,0
rs4938809,rs61776719,0.0,0,0
rs4938809,rs62113105,0.0088,0,0
rs4938809,rs62266124,0.0117,0,0
rs4938809,rs62644541,0.0188,0,0
rs4938809,rs6591424,nan,0,0
rs4938809,rs6905468,0.0356,0,0
rs4938809,rs7043386,0.014,0,0
rs4938809,rs7223412,0.0137,0,0
rs4938809,rs726816,0.0032,0,0
rs4938809,rs72706320,nan,0,0
rs4938809,rs7551751,0.0034,0,0
rs4938809,rs757110,0.0053,0,0
rs4938809,rs7667864,0.0123,0,0
rs4938809,rs7781557,0.0005,0,0
rs4938809,rs7837587,0.0022,0,0
rs4938809,rs7908825,0.0064,0,0
rs4938809,rs794249,0.005,0,0
rs4938809,rs7969177,0.0023,0,0
rs4938809,rs8181326,0.0049,0,0
rs4938809,rs8192675,0.0199,0,0
rs4938809,rs85220,0.0,0,0
rs4938809,rs860735,0.0036,0,0
rs4938809,rs894606,0.0006,0,0
rs4938809,rs927204,0.0013,0,0
rs4938809,rs9376092,0.0001,0,0
rs4938809,rs9991574,0.0109,0,0
rs506597,rs567859,0.0013,0,0
rs506597,rs579526,0.0001,0,0
rs506597,rs58477734,0.0002,0,0
rs506597,rs6026565,0.0036,0,0
rs506597,rs6129773,0.004,0,0
rs506597,rs61776719,0.0001,0,0
rs506597,rs62113105,0.0009,0,0
rs506597,rs62266124,0.0002,0,0
rs506597,rs62644541,0.0006,0,0
rs506597,rs6591424,nan,0,0
rs506597,rs6905468,0.0,0,0
rs506597,rs7043386,0.0025,0,0
rs506597,rs7223412,0.0002,0,0
rs506597,rs726816,0.0015,0,0
rs506597,rs72706320,0.0049,0,0
rs506597,rs7551751,0.0021,0,0
rs506597,rs757110,0.0037,0,0
rs506597,rs7667864,0.0089,0,0
rs506597,rs7781557,0.0,0,0
rs506597,rs7837587,0.0001,0,0
rs506597,rs7908825,0.0008,0,0
rs506597,rs794249,0.0001,0,0
rs506597,rs7969177,0.0038,0,0
rs506597,rs8181326,0.0018,0,0
rs506597,rs8192675,0.003,0,0
rs506597,rs85220,0.0082,0,0
rs506597,rs860735,0.0012,0,0
rs506597,rs894606,0.0004,0,0
rs506597,rs927204,0.0046,0,0
rs506597,rs9376092,0.0119,0,0
rs506597,rs9991574,0.0007,0,0
rs567859,rs579526,0.0032,0,0
rs567859,rs58477734,0.0008,0,0
rs567859,rs6026565,0.032,0,0
rs567859,rs6129773,0.0015,0,0
rs567859,rs61776719,0.0051,0,0
rs567859,rs62113105,0.0,0,0
rs567859,rs62266124,0.0001,0,0
rs567859,rs62644541,0.0022,0,0
rs567859,rs6591424,nan,0,0
rs567859,rs6905468,0.0039,0,0
rs567859,rs7043386,0.0008,0,0
rs567859,rs7223412,0.0012,0,0
rs567859,rs726816,0.0005,0,0
rs567859,rs72706320,0.0029,0,0
rs567859,rs7551751,0.0066,0,0
rs567859,rs757110,0.0016,0,0
rs567859,rs7667864,0.0003,0,0
rs567859,rs7781557,0.0092,0,0
rs567859,rs7837587,0.0117,0,0
rs567859,rs7908825,0.0008,0,0
rs567859,rs794249,0.0038,0,0
rs567859,rs7969177,0.0346,0,0
rs567859,rs8181326,0.0006,0,0
rs567859,rs8192675,0.0025,0,0
rs567859,rs85220,0.0004,0,0
rs567859,rs860735,0.0075,0,0
rs567859,rs894606,0.0004,0,0
rs567859,rs927204,0.0192,0,0
rs567859,rs9376092,0.0101,0,0
rs567859,rs9991574,0.0154,0,0
rs579526,rs58477734,0.0204,0,0
rs579526,rs6026565,nan,0,0
rs579526,rs6129773,0.018,0,0
rs579526,rs61776719,0.0206,0,0
rs579526,rs62113105,0.0089,0,0
rs579526,rs62266124,0.0236,0,0
rs579526,rs62644541,0.0178,0,0
rs579526,rs6591424,nan,0,0
rs579526,rs6905468,nan,0,0
rs579526,rs7043386,0.0026,0,0
rs579526,rs7223412,0.0008,0,0
rs579526,rs726816,0.0,0,0
rs579526,rs72706320,nan,0,0
rs579526,rs7551751,0.0,0,0
rs579526,rs757110,0.0001,0,0
rs579526,rs7667864,0.0071,0,0
rs579526,rs7781557,0.0079,0,0
rs579526,rs7837587,0.0007,0,0
rs579526,rs7908825,0.0044,0,0
rs579526,rs794249,0.052,0,0
rs579526,rs7969177,nan,0,0
rs579526,rs8181326,0.0012,0,0
rs579526,rs8192675,0.025,0,0
rs579526,rs85220,0.0008,0,0
rs579526,rs860735,0.0024,0,0
rs579526,rs894606,0.0001,0,0
rs579526,rs927204,nan,0,0
rs579526,rs9376092,0.018,0,0
rs579526,rs9991574,0.0071,0,0
rs58477734,rs6026565,0.0136,0,0
rs58477734,rs6129773,0.0019,0,0
rs58477734,rs61776719,0.0262,0,0
rs58477734,rs62113105,0.0,0,0
rs58477734,rs62266124,0.008,0,0
rs58477734,rs62644541,0.011,0,0
rs58477734,rs6591424,nan,0,0
rs58477734,rs6905468,0.0096,0,0
rs58477734,rs7043386,0.0002,0,0
rs58477734,rs7223412,0.0296,0,0
rs58477734,rs726816,0.0131,0,0
rs58477734,rs72706320,0.1583,0,0
rs58477734,rs7551751,0.0011,0,0
rs58477734,rs757110,0.0049,0,0
rs58477734,rs7667864,0.017,0,0
rs58477734,rs7781557,0.0005,0,0
rs58477734,rs7837587,0.0091,0,0
rs58477734,rs7908825,0.0055,0,0
rs58477734,rs794249,0.0001,0,0
rs58477734,rs7969177,0.0496,0,0
rs58477734,rs8181326,0.0005,0,0
rs58477734,rs8192675,0.0001,0,0
rs58477734,rs85220,0.0095,0,0
rs58477734,rs860735,0.0004,0,0
rs58477734,rs894606,0.0293,0,0
rs58477734,rs927204,0.0173,0,0
rs58477734,rs9376092,0.0201,0,0
rs58477734,rs9991574,0.027,0,0
rs6026565,rs6129773,nan,0,0
rs6026565,rs61776719,0.0195,0,0
rs6026565,rs62113105,0.0,0,0
rs6026565,rs62266124,0.0001,0,0
rs6026565,rs62644541,nan,0,0
rs6026565,rs6591424,nan,0,0
rs6026565,rs6905468,nan,0,0
rs6026565,rs7043386,0.0055,0,0
rs6026565,rs7223412,nan,0,0
rs6026565,rs726816,0.0285,0,0
rs6026565,rs72706320,nan,0,0
rs6026565,rs7551751,0.0094,0,0
rs6026565,rs757110,0.0004,0,0
rs6026565,rs7667864,0.0011,0,0
rs6026565,rs7781557,nan,0,0
rs6026565,rs7837587,0.0226,0,0
rs6026565,rs7908825,0.0042,0,0
rs6026565,rs794249,0.0092,0,0
rs6026565,rs7969177,nan,0,0
rs6026565,rs8181326,0.021,0,0
rs6026565,rs8192675,0.0385,0,0
rs6026565,rs85220,0.0196,0,0
rs6026565,rs860735,0.0015,0,0
rs6026565,rs894606,0.0002,0,0
rs6026565,rs927204,nan,0,0
rs6026565,rs9376092,0.0128,0,0
rs6026565,rs9991574,0.0019,0,0
rs6129773,rs61776719,0.0021,0,0
rs6129773,rs62113105,0.001,0,0
rs6129773,rs62266124,0.0,0,0
rs6129773,rs62644541,0.0133,0,0
rs6129773,rs6591424,nan,0,0
rs6129773,rs6905468,0.0077,0,0
rs6129773,rs7043386,0.0045,0,0
rs6129773,rs7223412,0.0008,0,0
rs6129773,rs726816,0.008,0,0
rs6129773,rs72706320,0.0027,0,0
rs6129773,rs7551751,0.0023,0,0
rs6129773,rs757110,0.006,0,0
rs6129773,rs7667864,0.0023,0,0
rs6129773,rs7781557,0.0003,0,0
rs6129773,rs7837587,0.0006,0,0
rs6129773,rs7908825,0.0003,0,0
rs6129773,rs794249,0.0172,0,0
rs6129773,rs7969177,0.0078,0,0
rs6129773,rs8181326,0.0019,0,0
rs6129773,rs8192675,0.0093,0,0
rs6129773,rs85220,0.0016,0,0
rs6129773,rs860735,0.0171,0,0
rs6129773,rs894606,0.0034,0,0
rs6129773,rs927204,0.0157,0,0
rs6129773,rs9376092,0.0375,0,0
rs6129773,rs9991574,0.0021,0,0
rs61776719,rs62113105,0.0153,0,0
rs61776719,rs62266124,0.0036,0,0
rs61776719,rs62644541,0.0,0,0
rs61776719,rs6591424,nan,0,0
rs61776719,rs6905468,0.0022,0,0
rs61776719,rs7043386,0.0038,0,0
rs61776719,rs7223412,0.0003,0,0
rs61776719,rs726816,0.0084,0,0
rs61776719,rs72706320,0.0043,0,0
rs61776719,rs7551751,0.0042,0,0
rs61776719,rs757110,0.0018,0,0
rs61776719,rs7667864,0.0054,0,0
rs61776719,rs7781557,0.0011,0,0
rs61776719,rs7837587,0.0001,0,0
rs61776719,rs7908825,0.0009,0,0
rs61776719,rs794249,0.0059,0,0
rs61776719,rs7969177,0.0067,0,0
rs61776719,rs8181326,0.0001,0,0
rs61776719,rs8192675,0.0001,0,0
rs61776719,rs85220,0.0171,0,0
rs61776719,rs860735,0.0007,0,0
rs61776719,rs894606,0.0025,0,0
rs61776719,rs927204,0.0051,0,0
rs61776719,rs9376092,0.0021,0,0
rs61776719,rs9991574,0.0167,0,0
rs62113105,rs62266124,0.0035,0,0
rs62113105,rs62644541,0.0023,0,0
rs62113105,rs6591424,nan,0,0
rs62113105,rs6905468,0.0154,0,0
rs62113105,rs7043386,0.0182,0,0
rs62113105,rs7223412,0.0101,0,0
rs62113105,rs726816,0.0,0,0
rs62113105,rs72706320,0.0753,0,0
rs62113105,rs7551751,0.0001,0,0
rs62113105,rs757110,0.0005,0,0
rs62113105,rs7667864,0.0001,0,0
rs62113105,rs7781557,0.0182,0,0
rs62113105,rs7837587,0.001,0,0
rs62113105,rs7908825,0.0003,0,0
rs62113105,rs794249,0.0046,0,0
rs62113105,rs7969177,0.0004,0,0
rs62113105,rs8181326,0.0,0,0
rs62113105,rs8192675,0.0082,0,0
rs62113105,rs85220,0.0027,0,0
rs62113105,rs860735,0.0024,0,0
rs62113105,rs894606,0.0033,0,0
rs62113105,rs927204,0.0265,0,0
rs62113105,rs9376092,0.0038,0,0
rs62113105,rs9991574,0.0025,0,0
rs62266124,rs62644541,0.0128,0,0
rs62266124,rs6591424,nan,0,0
rs62266124,rs6905468,0.0105,0,0
rs62266124,rs7043386,0.0003,0,0
rs62266124,rs7223412,0.0026,0,0
rs62266124,rs726816,0.0002,0,0
rs62266124,rs72706320,0.0018,0,0
rs62266124,rs7551751,0.0028,0,0
rs62266124,rs757110,0.0011,0,0
rs62266124,rs7667864,0.0026,0,0
rs62266124,rs7781557,0.0037,0,0
rs62266124,rs7837587,0.0072,0,0
rs62266124,rs7908825,0.0023,0,0
rs62266124,rs794249,0.0001,0,0
rs62266124,rs7969177,0.0002,0,0
rs62266124,rs8181326,0.0001,0,0
rs62266124,rs8192675,0.0107,0,0
rs62266124,rs85220,0.0009,0,0
rs62266124,rs860735,0.0018,0,0
rs62266124,rs894606,0.0038,0,0
rs62266124,rs927204,0.0014,0,0
rs62266124,rs9376092,0.0012,0,0
rs62266124,rs9991574,0.0054,0,0
rs62644541,rs6591424,nan,0,0
rs62644541,rs6905468,nan,0,0
rs62644541,rs7043386,0.0001,0,0
rs62644541,rs7223412,0.0,0,0
rs62644541,rs726816,0.0004,0,0
rs62644541,rs72706320,nan,0,0
rs62644541,rs7551751,0.0168,0,0
rs62644541,rs757110,0.0,0,0
rs62644541,rs7667864,0.0002,0,0
rs62644541,rs7781557,0.0007,0,0
rs62644541,rs7837587,0.0139,0,0
rs62644541,rs7908825,0.0,0,0
rs62644541,rs794249,0.0058,0,0
rs62644541,rs7969177,nan,0,0
rs62644541,rs8181326,0.0032,0,0
rs62644541,rs8192675,0.0026,0,0
rs62644541,rs85220,0.0117,0,0
rs62644541,rs860735,0.0002,0,0
rs62644541,rs894606,0.0085,0,0
rs62644541,rs927204,0.0085,0,0
rs62644541,rs9376092,0.0044,0,0
rs62644541,rs9991574,0.0002,0,0
rs6591424,rs6905468,nan,0,0
rs6591424,rs7043386,nan,0,0
rs6591424,rs7223412,nan,0,0
rs6591424,rs726816,nan,0,0
rs6591424,rs72706320,nan,0,0
rs6591424,rs7551751,nan,0,0
rs6591424,rs757110,nan,0,0
rs6591424,rs7667864,nan,0,0
rs6591424,rs7781557,nan,0,0
rs6591424,rs7837587,nan,0,0
rs6591424,rs7908825,nan,0,0
rs6591424,rs794249,nan,0,0
rs6591424,rs7969177,nan,0,0
rs6591424,rs8181326,nan,0,0
rs6591424,rs8192675,nan,0,0
rs6591424,rs85220,nan,0,0
rs6591424,rs860735,nan,0,0
rs6591424,rs894606,nan,0,0
rs6591424,rs927204,nan,0,0
rs6591424,rs9376092,nan,0,0
rs6591424,rs9991574,nan,0,0
rs6905468,rs7043386,0.0064,0,0
rs6905468,rs7223412,nan,0,0
rs6905468,rs726816,0.0005,0,0
rs6905468,rs72706320,nan,0,0
rs6905468,rs7551751,0.0169,0,0
rs6905468,rs757110,0.0085,0,0
rs6905468,rs7667864,0.0076,0,0
rs6905468,rs7781557,nan,0,0
rs6905468,rs7837587,0.0036,0,0
rs6905468,rs7908825,0.0087,0,0
rs6905468,rs794249,0.0404,0,0
rs6905468,rs7969177,nan,0,0
rs6905468,rs8181326,0.0017,0,0
rs6905468,rs8192675,0.0068,0,0
rs6905468,rs85220,0.001,0,0
rs6905468,rs860735,0.0093,0,0
rs6905468,rs894606,0.0147,0,0
rs6905468,rs927204,nan,0,0
rs6905468,rs9376092,nan,0,0
rs6905468,rs9991574,0.0164,0,0
rs7043386,rs7223412,0.0297,0,0
rs7043386,rs726816,0.0003,0,0
rs7043386,rs72706320,0.0533,0,0
rs7043386,rs7551751,0.0031,0,0
rs7043386,rs757110,0.0006,0,0
rs7043386,rs7667864,0.0029,0,0
rs7043386,rs7781557,0.0139,0,0
rs7043386,rs7837587,0.0004,0,0
rs7043386,rs7908825,0.0004,0,0
rs7043386,rs794249,0.0018,0,0
rs7043386,rs7969177,0.0016,0,0
rs7043386,rs8181326,0.0001,0,0
rs7043386,rs8192675,0.0008,0,0
rs7043386,rs85220,0.0059,0,0
rs7043386,rs860735,0.0036,0,0
rs7043386,rs894606,0.0014,0,0
rs7043386,rs927204,0.0025,0,0
rs7043386,rs9376092,0.0149,0,0
rs7043386,rs9991574,0.0044,0,0
rs7223412,rs726816,0.0112,0,0
rs7223412,rs72706320,nan,0,0
rs7223412,rs7551751,0.0054,0,0
rs7223412,rs757110,0.0007,0,0
rs7223412,rs7667864,0.007,0,0
rs7223412,rs7781557,0.0191,0,0
rs7223412,rs7837587,0.0086,0,0
rs7223412,rs7908825,0.005,0,0
rs7223412,rs794249,0.0003,0,0
rs7223412,rs7969177,0.0227,0,0
rs7223412,rs8181326,0.0012,0,0
rs7223412,rs8192675,0.0014,0,0
rs7223412,rs85220,0.0021,0,0
rs7223412,rs860735,0.0,0,0
rs7223412,rs894606,0.0,0,0
rs7223412,rs927204,0.0,0,0
rs7223412,rs9376092,0.0127,0,0
rs7223412,rs9991574,0.0009,0,0
rs726816,rs72706320,0.0177,0,0
rs726816,rs7551751,0.0009,0,0
rs726816,rs757110,0.0,0,0
rs726816,rs7667864,0.0001,0,0
rs726816,rs7781557,0.0016,0,0
rs726816,rs7837587,0.0042,0,0
rs726816,rs7908825,0.0106,0,0
rs726816,rs794249,0.0025,0,0
rs726816,rs7969177,0.0018,0,0
rs726816,rs8181326,0.0038,0,0
rs726816,rs8192675,0.0117,0,0
rs726816,rs85220,0.0026,0,0
rs726816,rs860735,0.0061,0,0
rs726816,rs894606,0.0063,0,0
rs726816,rs927204,0.0237,0,0
rs726816,rs9376092,0.0033,0,0
rs726816,rs9991574,0.0005,0,0
rs72706320,rs7551751,0.001,0,0
rs72706320,rs757110,0.021,0,0
rs72706320,rs7667864,0.0171,0,0
rs72706320,rs7781557,nan,0,0
rs72706320,rs7837587,0.0387,0,0
rs72706320,rs7908825,0.0285,0,0
rs72706320,rs794249,0.0075,0,0
rs72706320,rs7969177,nan,0,0
rs72706320,rs8181326,0.0001,0,0
rs72706320,rs8192675,nan,0,0
rs72706320,rs85220,nan,0,0
rs72706320,rs860735,0.0021,0,0
rs72706320,rs894606,0.0198,0,0
rs72706320,rs927204,nan,0,0
rs72706320,rs9376092,nan,0,0
rs72706320,rs9991574,nan,0,0
rs7551751,rs757110,0.0093,0,0
rs7551751,rs7667864,0.0026,0,0
rs7551751,rs7781557,0.0087,0,0
rs7551751,rs7837587,0.0074,0,0
rs7551751,rs7908825,0.0007,0,0
rs7551751,rs794249,0.0013,0,0
rs7551751,rs7969177,0.0011,0,0
rs7551751,rs8181326,0.003,0,0
rs7551751,rs8192675,0.0031,0,0
rs7551751,rs85220,0.01,0,0
rs7551751,rs860735,0.0015,0,0
rs7551751,rs894606,0.0005,0,0
rs7551751,rs927204,0.0114,0,0
rs7551751,rs9376092,0.0034,0,0
rs7551751,rs9991574,0.053,0,0
rs757110,rs7667864,0.0034,0,0
rs757110,rs7781557,0.0005,0,0
rs757110,rs7837587,0.0084,0,0
rs757110,rs7908825,0.0,0,0
rs757110,rs794249,0.0003,0,0
rs757110,rs7969177,0.0001,0,0
rs757110,rs8181326,0.0022,0,0
rs757110,rs8192675,0.0086,0,0
rs757110,rs85220,0.0048,0,0
rs757110,rs860735,0.0046,0,0
rs757110,rs894606,0.0035,0,0
rs757110,rs927204,0.0004,0,0
rs757110,rs9376092,0.0034,0,0
rs757110,rs9991574,0.0019,0,0
rs7667864,rs7781557,0.0011,0,0
rs7667864,rs7837587,0.0105,0,0
rs7667864,rs7908825,0.0002,0,0
rs7667864,rs794249,0.0018,0,0
rs7667864,rs7969177,0.0,0,0
rs7667864,rs8181326,0.0024,0,0
rs7667864,rs8192675,0.0,0,0
rs7667864,rs85220,0.0031,0,0
rs7667864,rs860735,0.0,0,0
rs7667864,rs894606,0.0038,0,0
rs7667864,rs927204,0.017,0,0
rs7667864,rs9376092,0.0058,0,0
rs7667864,rs9991574,0.0002,0,0
rs7781557,rs7837587,0.038,0,0
rs7781557,rs7908825,0.0204,0,0
rs7781557,rs794249,0.0049,0,0
rs7781557,rs7969177,nan,0,0
rs7781557,rs8181326,0.0006,0,0
rs7781557,rs8192675,0.0009,0,0
rs7781557,rs85220,0.0007,0,0
rs7781557,rs860735,0.0151,0,0
rs7781557,rs894606,0.0374,0,0
rs7781557,rs927204,nan,0,0
rs7781557,rs9376092,0.0016,0,0
rs7781557,rs9991574,0.0137,0,0
rs7837587,rs7908825,0.01,0,0
rs7837587,rs794249,0.0023,0,0
rs7837587,rs7969177,0.001,0,0
rs7837587,rs8181326,0.0022,0,0
rs7837587,rs8192675,0.0088,0,0
rs7837587,rs85220,0.0002,0,0
rs7837587,rs860735,0.0019,0,0
rs7837587,rs894606,0.0005,0,0
rs7837587,rs927204,0.0105,0,0
rs7837587,rs9376092,0.0087,0,0
rs7837587,rs9991574,0.0034,0,0
rs7908825,rs794249,0.002,0,0
rs7908825,rs7969177,0.0473,0,0
rs7908825,rs8181326,0.0021,0,0
rs7908825,rs8192675,0.0002,0,0
rs7908825,rs85220,0.008,0,0
rs7908825,rs860735,0.0007,0,0
rs7908825,rs894606,0.0024,0,0
rs7908825,rs927204,0.018,0,0
rs7908825,rs9376092,0.0002,0,0
rs7908825,rs9991574,0.0086,0,0
rs794249,rs7969177,0.0175,0,0
rs794249,rs8181326,0.0008,0,0
rs794249,rs8192675,0.0057,0,0
rs794249,rs85220,0.0002,0,0
rs794249,rs860735,0.0045,0,0
rs794249,rs894606,0.0,0,0
rs794249,rs927204,0.0016,0,0
rs794249,rs9376092,0.0035,0,0
rs794249,rs9991574,0.012,0,0
rs7969177,rs8181326,0.0222,0,0
rs7969177,rs8192675,0.0002,0,0
rs7969177,rs85220,0.0297,0,0
rs7969177,rs860735,0.0111,0,0
rs7969177,rs894606,0.0034,0,0
rs7969177,rs927204,nan,0,0
rs7969177,rs9376092,0.001,0,0
rs7969177,rs9991574,0.0001,0,0
rs8181326,rs8192675,0.0013,0,0
rs8181326,rs85220,0.0016,0,0
rs8181326,rs860735,0.0,0,0
rs8181326,rs894606,0.0018,0,0
rs8181326,rs927204,0.0087,0,0
rs8181326,rs9376092,0.0028,0,0
rs8181326,rs9991574,0.0006,0,0
rs8192675,rs85220,0.0011,0,0
rs8192675,rs860735,0.015,0,0
rs8192675,rs894606,0.0001,0,0
rs8192675,rs927204,0.0034,0,0
rs8192675,rs9376092,0.0015,0,0
rs8192675,rs9991574,0.0006,0,0
rs85220,rs860735,0.0001,0,0
rs85220,rs894606,0.0026,0,0
rs85220,rs927204,0.0247,0,0
rs85220,rs9376092,0.0256,0,0
rs85220,rs9991574,0.0059,0,0
rs860735,rs894606,0.0018,0,0
rs860735,rs927204,0.0,0,0
rs860735,rs9376092,0.003,0,0
rs860735,rs9991574,0.0094,0,0
rs894606,rs927204,0.0047,0,0
rs894606,rs9376092,0.0004,0,0
rs894606,rs9991574,0.0002,0,0
rs927204,rs9376092,0.0102,0,0
rs927204,rs9991574,0.0122,0,0
rs9376092,rs9991574,0.0056,0,0
