set,source,term_id,term_name,p_value_gSCS,query_size,term_size,n_intersect,genes
coding56,GO:BP,GO:0019219,regulation of nucleobase-containing compound metabolic process,0.35137921026194263,48,3954,20,EIF2B2;FAM184A;GIT1;HSD17B12;KDM5A;LIPA;LRRC41;MLH3;NRBF2;NTAN1;PGAP3;RC3H2;SAP130;SNX16;SPDYE2;THAP8;YTHDF2;ZBTB6;ZNF268;ZNF34
coding56,GO:MF,GO:0003713,transcription coactivator activity,0.3598158967201277,50,282,5,EIF2B2;FAM184A;HSD17B12;PGAP3;RC3H2
coding56,GO:BP,GO:0006639,acylglycerol metabolic process,0.36880948099746347,48,131,4,CDC123;DGKQ;EIF2B2;SAP130
coding56,GO:BP,GO:0006638,neutral lipid metabolic process,0.3796989399218752,48,132,4,CDC123;DGKQ;EIF2B2;SAP130
coding56,GO:BP,GO:0051252,regulation of RNA metabolic process,0.3845966419105674,48,3654,19,EIF2B2;FAM184A;GIT1;HSD17B12;KDM5A;LIPA;LRRC41;MLH3;NRBF2;PGAP3;RC3H2;SAP130;SNX16;SPDYE2;THAP8;YTHDF2;ZBTB6;ZNF268;ZNF34
coding56,GO:BP,GO:0050852,T cell receptor signaling pathway,0.515277441855515,48,143,4,CDC123;SIK2;TMEM136;ZBTB6
coding56,GO:BP,GO:0080090,regulation of primary metabolic process,0.7280918071641563,48,5215,23,DGKQ;EIF2B2;FAM184A;GIT1;HERPUD2;HSD17B12;KDM5A;LIPA;LRRC41;MLH3;NRBF2;NTAN1;PGAP3;RC3H2;SAP130;SIK2;SNX16;SPDYE2;THAP8;YTHDF2;ZBTB6;ZNF268;ZNF34
coding56,KEGG,KEGG:00561,Glycerolipid metabolism,0.8095568953659356,23,64,2,EIF2B2;SAP130
coding56,REAC,REAC:R-HSA-114508,Effects of PIP2 hydrolysis,0.9261693972920363,32,27,2,DGKQ;SAP130
coding56,GO:BP,GO:0051254,positive regulation of RNA metabolic process,0.9516781309279005,48,1804,12,EIF2B2;FAM184A;HSD17B12;KDM5A;LIPA;LRRC41;NRBF2;PGAP3;RC3H2;SNX16;YTHDF2;ZBTB6
coding56,GO:MF,GO:0003712,transcription coregulator activity,0.9627259098567488,50,521,6,EIF2B2;FAM184A;HSD17B12;KDM5A;PGAP3;RC3H2
coding56,GO:MF,GO:0005515,protein binding,0.9761085229148216,50,15082,46,ARG1;ARL13B;BLOC1S2;BMPR1A;C18orf8;C6orf106;CHD4;DAGLB;DCAF16;DGKQ;DUSP13;FAM184A;FCHO1;GIT1;HERPUD2;HMBS;HSD17B12;KCNJ11;KDM5A;LIPA;LOXL4;LRIG1;LRRC41;MED23;MED27;MLH3;NRBF2;NTAN1;PARVA;PDGFC;PGAP3;PTPRN;RC3H2;SAP130;SH3BGRL3;SIK2;SNX16;SPATA5;SPDYE2;TMEM136;TSPAN14;WDR17;YTHDF2;ZNF236;ZNF34;ZNF430
coding56,REAC,REAC:R-HSA-381340,Transcriptional regulation of white adipocyte differentiation,1.0,32,83,2,FAM184A;RC3H2
coding56,REAC,REAC:R-HSA-9844594,Transcriptional regulation of brown and beige adipocyte differentiation by EBF2,1.0,32,30,1,KDM5A
coding56,REAC,REAC:R-HSA-9843743,Transcriptional regulation of brown and beige adipocyte differentiation,1.0,32,30,1,KDM5A
coding56,REAC,REAC:R-HSA-3700989,Transcriptional Regulation by TP53,1.0,32,356,1,KDM5A
coding56,REAC,REAC:R-HSA-75876,Synthesis of very long-chain fatty acyl-CoAs,1.0,32,24,1,KCNJ11
coding56,REAC,REAC:R-HSA-1483213,Synthesis of PE,1.0,32,13,1,EIF2B2
coding56,REAC,REAC:R-HSA-1483191,Synthesis of PC,1.0,32,28,1,EIF2B2
coding56,REAC,REAC:R-HSA-9006936,Signaling by TGFB family members,1.0,32,156,1,SNX16
coding56,REAC,REAC:R-HSA-9716542,"Signaling by Rho GTPases, Miro GTPases and RHOBTB3",1.0,32,716,3,ARL13B;NTAN1;ZNF236
coding56,REAC,REAC:R-HSA-194315,Signaling by Rho GTPases,1.0,32,701,2,ARL13B;NTAN1
coding56,REAC,REAC:R-HSA-9006934,Signaling by Receptor Tyrosine Kinases,1.0,32,516,2,KDM5A;LRIG1
coding56,REAC,REAC:R-HSA-9006931,Signaling by Nuclear Receptors,1.0,32,289,1,PGAP3
coding56,REAC,REAC:R-HSA-166520,Signaling by NTRKs,1.0,32,130,1,KDM5A
coding56,REAC,REAC:R-HSA-187037,Signaling by NTRK1 (TRKA),1.0,32,111,1,KDM5A
coding56,REAC,REAC:R-HSA-6806834,Signaling by MET,1.0,32,76,1,LRIG1
coding56,REAC,REAC:R-HSA-372790,Signaling by GPCR,1.0,32,695,2,DGKQ;SAP130
coding56,GO:MF,GO:0003677,DNA binding,1.0,50,2540,11,C18orf8;GIT1;HSD17B12;KDM5A;LIPA;LOXL4;PGAP3;SPDYE2;ZBTB6;ZNF268;ZNF34
coding56,GO:MF,GO:0003676,nucleic acid binding,1.0,50,5437,14,C18orf8;FCHO1;GIT1;HSD17B12;KDM5A;LIPA;LOXL4;MLH3;PGAP3;SPDYE2;YTHDF2;ZBTB6;ZNF268;ZNF34
coding56,GO:MF,GO:0003674,molecular_function,1.0,50,20208,50,ARG1;ARL13B;BLOC1S2;BMPR1A;C18orf8;C6orf106;CDC123;CHD4;DAGLB;DCAF16;DGKQ;DUSP13;EIF2B2;FAM184A;FCHO1;GIT1;HERPUD2;HMBS;HSD17B12;KCNJ11;KDM5A;LIPA;LOXL4;LRIG1;LRRC41;MED23;MED27;MLH3;NRBF2;NTAN1;PARVA;PDGFC;PGAP3;PTPRN;RC3H2;SAP130;SH3BGRL3;SIK2;SNX16;SPATA5;SPDYE2;TMEM136;TSPAN14;WDR17;YTHDF2;ZBTB6;ZNF236;ZNF268;ZNF34;ZNF430
coding56,GO:MF,GO:0001968,fibronectin binding,1.0,50,30,1,KCNJ11
coding56,GO:MF,GO:0001727,lipid kinase activity,1.0,50,41,1,SAP130
coding56,GO:MF,GO:0001227,"DNA-binding transcription repressor activity, RNA polymerase II-specific",1.0,50,267,1,ZNF34
coding56,GO:MF,GO:0001221,transcription coregulator binding,1.0,50,115,1,KDM5A
coding56,GO:MF,GO:0001217,DNA-binding transcription repressor activity,1.0,50,278,1,ZNF34
coding56,GO:MF,GO:0001067,transcription regulatory region nucleic acid binding,1.0,50,1414,6,GIT1;HSD17B12;PGAP3;SPDYE2;ZNF268;ZNF34
coding56,GO:MF,GO:0000987,cis-regulatory region sequence-specific DNA binding,1.0,50,1131,5,GIT1;PGAP3;SPDYE2;ZNF268;ZNF34
coding56,GO:MF,GO:0000981,"DNA-binding transcription factor activity, RNA polymerase II-specific",1.0,50,1309,4,GIT1;SPDYE2;ZNF268;ZNF34
coding56,GO:MF,GO:0000978,RNA polymerase II cis-regulatory region sequence-specific DNA binding,1.0,50,1105,5,GIT1;PGAP3;SPDYE2;ZNF268;ZNF34
coding56,GO:MF,GO:0000977,RNA polymerase II transcription regulatory region sequence-specific DNA binding,1.0,50,1310,5,GIT1;PGAP3;SPDYE2;ZNF268;ZNF34
coding56,GO:MF,GO:0000976,transcription cis-regulatory region binding,1.0,50,1413,6,GIT1;HSD17B12;PGAP3;SPDYE2;ZNF268;ZNF34
coding56,GO:MF,GO:0000287,magnesium ion binding,1.0,50,233,2,C6orf106;TSPAN14
coding56,REAC,REAC:R-HSA-72766,Translation,1.0,32,292,1,SIK2
coding56,GO:MF,GO:0004725,protein tyrosine phosphatase activity,1.0,50,100,1,LRRC41
coding56,GO:MF,GO:0004721,phosphoprotein phosphatase activity,1.0,50,181,1,LRRC41
coding56,GO:MF,GO:0004720,protein-lysine 6-oxidase activity,1.0,50,5,1,DUSP13
coding56,GO:MF,GO:0004711,ribosomal protein S6 kinase activity,1.0,50,244,1,TSPAN14
coding56,GO:MF,GO:0004697,diacylglycerol-dependent serine/threonine kinase activity,1.0,50,17,1,SAP130
coding56,GO:MF,GO:0004694,eukaryotic translation initiation factor 2alpha kinase activity,1.0,50,244,1,TSPAN14
coding56,GO:MF,GO:0004679,AMP-activated protein kinase activity,1.0,50,247,1,TSPAN14
coding56,GO:MF,GO:0004677,DNA-dependent protein kinase activity,1.0,50,245,1,TSPAN14
coding56,GO:MF,GO:0004676,3-phosphoinositide-dependent protein kinase activity,1.0,50,244,1,TSPAN14
coding56,GO:MF,GO:0004675,transmembrane receptor protein serine/threonine kinase activity,1.0,50,18,1,SNX16
coding56,GO:MF,GO:0004674,protein serine/threonine kinase activity,1.0,50,440,3,SAP130;SNX16;TSPAN14
coding56,GO:MF,GO:0004672,protein kinase activity,1.0,50,589,3,SAP130;SNX16;TSPAN14
coding56,GO:MF,GO:0004418,hydroxymethylbilane synthase activity,1.0,50,1,1,BMPR1A
coding56,GO:MF,GO:0004386,helicase activity,1.0,50,162,1,KDM5A
coding56,GO:MF,GO:0004303,estradiol 17-beta-dehydrogenase [NAD(P)+] activity,1.0,50,20,1,KCNJ11
coding56,GO:MF,GO:0004143,ATP-dependent diacylglycerol kinase activity,1.0,50,11,1,SAP130
coding56,GO:MF,GO:0005242,inward rectifier potassium channel activity,1.0,50,28,1,PARVA
coding56,GO:MF,GO:0005216,monoatomic ion channel activity,1.0,50,449,1,PARVA
coding56,GO:MF,GO:0005215,transporter activity,1.0,50,1256,1,PARVA
coding56,GO:MF,GO:0005161,platelet-derived growth factor receptor binding,1.0,50,14,1,SPATA5
coding56,GO:MF,GO:0005102,signaling receptor binding,1.0,50,1346,3,PGAP3;SAP130;SPATA5
coding56,GO:MF,GO:0005096,GTPase activator activity,1.0,50,275,1,NTAN1
coding56,GO:MF,GO:0005085,guanyl-nucleotide exchange factor activity,1.0,50,238,1,SIK2
coding56,GO:MF,GO:0005026,"transforming growth factor beta receptor activity, type II",1.0,50,12,1,SNX16
coding56,GO:MF,GO:0005025,"transforming growth factor beta receptor activity, type I",1.0,50,12,1,SNX16
coding56,GO:MF,GO:0005024,transforming growth factor beta receptor activity,1.0,50,16,1,SNX16
coding56,GO:MF,GO:0004888,transmembrane signaling receptor activity,1.0,50,1283,1,SNX16
coding56,GO:MF,GO:0004860,protein kinase inhibitor activity,1.0,50,87,1,BLOC1S2
coding56,GO:MF,GO:0004857,enzyme inhibitor activity,1.0,50,428,2,BLOC1S2;HSD17B12
coding56,GO:MF,GO:0004842,ubiquitin-protein transferase activity,1.0,50,448,1,ZBTB6
coding56,GO:MF,GO:0004806,triacylglycerol lipase activity,1.0,50,24,1,DGKQ
coding56,GO:MF,GO:0004771,sterol ester esterase activity,1.0,50,8,1,CDC123
coding56,GO:MF,GO:0008094,"ATP-dependent activity, acting on DNA",1.0,50,120,2,KDM5A;LOXL4
coding56,GO:MF,GO:0008092,cytoskeletal protein binding,1.0,50,996,5,BLOC1S2;LRRC41;NRBF2;NTAN1;PARVA
coding56,GO:MF,GO:0008083,growth factor activity,1.0,50,162,1,SPATA5
coding56,GO:MF,GO:0008047,enzyme activator activity,1.0,50,632,2,NTAN1;SAP130
coding56,GO:MF,GO:0005543,phospholipid binding,1.0,50,489,1,WDR17
coding56,GO:MF,GO:0005539,glycosaminoglycan binding,1.0,50,243,1,KCNJ11
coding56,GO:MF,GO:0005525,GTP binding,1.0,50,388,2,ARL13B;SIK2
coding56,GO:MF,GO:0005524,ATP binding,1.0,50,1504,8,C6orf106;KDM5A;LOXL4;PARVA;SAP130;SIK2;SNX16;TSPAN14
coding56,GO:MF,GO:0005518,collagen binding,1.0,50,72,1,KCNJ11
coding56,GO:MF,GO:0005507,copper ion binding,1.0,50,60,1,DUSP13
coding56,GO:MF,GO:0005488,binding,1.0,50,18447,48,ARG1;ARL13B;BLOC1S2;BMPR1A;C18orf8;C6orf106;CHD4;DAGLB;DCAF16;DGKQ;DUSP13;FAM184A;FCHO1;GIT1;HERPUD2;HMBS;HSD17B12;KCNJ11;KDM5A;LIPA;LOXL4;LRIG1;LRRC41;MED23;MED27;MLH3;NRBF2;NTAN1;PARVA;PDGFC;PGAP3;PTPRN;RC3H2;SAP130;SH3BGRL3;SIK2;SNX16;SPATA5;SPDYE2;TMEM136;TSPAN14;WDR17;YTHDF2;ZBTB6;ZNF236;ZNF268;ZNF34;ZNF430
coding56,GO:MF,GO:0005267,potassium channel activity,1.0,50,126,1,PARVA
coding56,GO:MF,GO:0005261,monoatomic cation channel activity,1.0,50,343,1,PARVA
coding56,GO:MF,GO:0005249,voltage-gated potassium channel activity,1.0,50,99,1,PARVA
coding56,GO:MF,GO:0005244,voltage-gated monoatomic ion channel activity,1.0,50,173,1,PARVA
coding56,GO:MF,GO:0016229,steroid dehydrogenase activity,1.0,50,37,1,KCNJ11
coding56,GO:MF,GO:0015631,tubulin binding,1.0,50,389,2,NRBF2;NTAN1
coding56,GO:MF,GO:0015399,primary active transmembrane transporter activity,1.0,50,166,1,PARVA
coding56,GO:MF,GO:0015276,ligand-gated monoatomic ion channel activity,1.0,50,187,1,PARVA
coding56,GO:MF,GO:0015272,ATP-activated inward rectifier potassium channel activity,1.0,50,6,1,PARVA
coding56,GO:MF,GO:0015267,channel activity,1.0,50,512,1,PARVA
coding56,GO:MF,GO:0015079,potassium ion transmembrane transporter activity,1.0,50,163,1,PARVA
coding56,GO:MF,GO:0015075,monoatomic ion transmembrane transporter activity,1.0,50,770,1,PARVA
coding56,GO:MF,GO:0009378,four-way junction helicase activity,1.0,50,52,1,KDM5A
coding56,GO:MF,GO:0008418,protein-N-terminal asparagine amidohydrolase activity,1.0,50,2,1,CHD4
coding56,GO:MF,GO:0008324,monoatomic cation transmembrane transporter activity,1.0,50,656,1,PARVA
coding56,GO:MF,GO:0008289,lipid binding,1.0,50,854,1,WDR17
coding56,GO:MF,GO:0008270,zinc ion binding,1.0,50,2168,11,C18orf8;GIT1;HSD17B12;KDM5A;LIPA;NTAN1;SAP130;SPDYE2;ZBTB6;ZNF268;ZNF34
coding56,GO:MF,GO:0008201,heparin binding,1.0,50,171,1,KCNJ11
coding56,GO:MF,GO:0008195,phosphatidate phosphatase activity,1.0,50,14,1,EIF2B2
coding56,GO:MF,GO:0008134,transcription factor binding,1.0,50,597,4,KDM5A;LRRC41;PGAP3;SAP130
coding56,GO:MF,GO:0016765,"transferase activity, transferring alkyl or aryl (other than methyl) groups",1.0,50,62,1,BMPR1A
coding56,GO:MF,GO:0016755,aminoacyltransferase activity,1.0,50,496,1,ZBTB6
coding56,GO:MF,GO:0016746,acyltransferase activity,1.0,50,731,1,ZBTB6
coding56,GO:MF,GO:0016740,transferase activity,1.0,50,2331,5,BMPR1A;SAP130;SNX16;TSPAN14;ZBTB6
coding56,GO:MF,GO:0016706,2-oxoglutarate-dependent dioxygenase activity,1.0,50,60,1,HSD17B12
coding56,GO:MF,GO:0016705,"oxidoreductase activity, acting on paired donors, with incorporation or reduction of molecular oxygen",1.0,50,178,1,HSD17B12
coding56,GO:MF,GO:0016641,"oxidoreductase activity, acting on the CH-NH2 group of donors, oxygen as acceptor",1.0,50,16,1,DUSP13
coding56,GO:MF,GO:0016638,"oxidoreductase activity, acting on the CH-NH2 group of donors",1.0,50,20,1,DUSP13
coding56,GO:MF,GO:0016616,"oxidoreductase activity, acting on the CH-OH group of donors, NAD or NADP as acceptor",1.0,50,120,1,KCNJ11
coding56,GO:MF,GO:0016614,"oxidoreductase activity, acting on CH-OH group of donors",1.0,50,130,1,KCNJ11
coding56,GO:MF,GO:0016491,oxidoreductase activity,1.0,50,695,3,DUSP13;HSD17B12;KCNJ11
coding56,GO:MF,GO:0016462,pyrophosphatase activity,1.0,50,803,3,ARL13B;KDM5A;LOXL4
coding56,GO:MF,GO:0016362,"activin receptor activity, type II",1.0,50,12,1,SNX16
coding56,GO:MF,GO:0016361,"activin receptor activity, type I",1.0,50,12,1,SNX16
coding56,GO:MF,GO:0016301,kinase activity,1.0,50,781,3,SAP130;SNX16;TSPAN14
coding56,GO:MF,GO:0016298,lipase activity,1.0,50,133,2,CDC123;DGKQ
coding56,GO:MF,GO:0017111,ribonucleoside triphosphate phosphatase activity,1.0,50,742,3,ARL13B;KDM5A;LOXL4
coding56,GO:MF,GO:0017076,purine nucleotide binding,1.0,50,1997,9,ARL13B;C6orf106;KDM5A;LOXL4;PARVA;SAP130;SIK2;SNX16;TSPAN14
coding56,GO:MF,GO:0017002,activin receptor activity,1.0,50,12,1,SNX16
coding56,GO:MF,GO:0016922,nuclear receptor binding,1.0,50,136,1,PGAP3
coding56,GO:MF,GO:0016887,ATP hydrolysis activity,1.0,50,412,2,KDM5A;LOXL4
coding56,GO:MF,GO:0016853,isomerase activity,1.0,50,459,1,KDM5A
coding56,GO:MF,GO:0016818,"hydrolase activity, acting on acid anhydrides, in phosphorus-containing anhydrides",1.0,50,804,3,ARL13B;KDM5A;LOXL4
coding56,GO:MF,GO:0016817,"hydrolase activity, acting on acid anhydrides",1.0,50,804,3,ARL13B;KDM5A;LOXL4
coding56,GO:MF,GO:0016813,"hydrolase activity, acting on carbon-nitrogen (but not peptide) bonds, in linear amidines",1.0,50,11,1,MED23
coding56,GO:MF,GO:0016811,"hydrolase activity, acting on carbon-nitrogen (but not peptide) bonds, in linear amides",1.0,50,68,1,CHD4
coding56,GO:MF,GO:0016810,"hydrolase activity, acting on carbon-nitrogen (but not peptide) bonds",1.0,50,132,2,CHD4;MED23
coding56,GO:MF,GO:0016791,phosphatase activity,1.0,50,281,2,EIF2B2;LRRC41
coding56,GO:MF,GO:0016788,"hydrolase activity, acting on ester bonds",1.0,50,720,5,CDC123;DGKQ;EIF2B2;HMBS;LRRC41
coding56,GO:MF,GO:0016787,hydrolase activity,1.0,50,2442,10,ARL13B;CDC123;CHD4;DGKQ;EIF2B2;HMBS;KDM5A;LOXL4;LRRC41;MED23
coding56,GO:MF,GO:0016773,"phosphotransferase activity, alcohol group as acceptor",1.0,50,700,3,SAP130;SNX16;TSPAN14
coding56,GO:MF,GO:0016772,"transferase activity, transferring phosphorus-containing groups",1.0,50,948,3,SAP130;SNX16;TSPAN14
coding56,GO:MF,GO:0022803,passive transmembrane transporter activity,1.0,50,512,1,PARVA
coding56,GO:MF,GO:0019955,cytokine binding,1.0,50,148,1,SNX16
coding56,GO:MF,GO:0019901,protein kinase binding,1.0,50,680,2,HERPUD2;SAP130
coding56,GO:MF,GO:0019900,kinase binding,1.0,50,759,2,HERPUD2;SAP130
coding56,GO:MF,GO:0019899,enzyme binding,1.0,50,2060,7,DAGLB;HERPUD2;KDM5A;LRRC41;NTAN1;PGAP3;SAP130
coding56,GO:MF,GO:0019887,protein kinase regulator activity,1.0,50,262,2,BLOC1S2;SAP130
coding56,GO:MF,GO:0019843,rRNA binding,1.0,50,68,1,MLH3
coding56,GO:MF,GO:0019829,ATPase-coupled monoatomic cation transmembrane transporter activity,1.0,50,56,1,PARVA
coding56,GO:MF,GO:0019787,ubiquitin-like protein transferase activity,1.0,50,478,1,ZBTB6
coding56,GO:MF,GO:0019237,centromeric DNA binding,1.0,50,6,1,LOXL4
coding56,GO:MF,GO:0019210,kinase inhibitor activity,1.0,50,93,1,BLOC1S2
coding56,GO:MF,GO:0019209,kinase activator activity,1.0,50,151,1,SAP130
coding56,GO:MF,GO:0019207,kinase regulator activity,1.0,50,295,2,BLOC1S2;SAP130
coding56,GO:MF,GO:0019199,transmembrane receptor protein kinase activity,1.0,50,81,1,SNX16
coding56,GO:MF,GO:0019001,guanyl nucleotide binding,1.0,50,410,2,ARL13B;SIK2
coding56,GO:MF,GO:0017116,single-stranded DNA helicase activity,1.0,50,62,1,KDM5A
coding56,GO:MF,GO:0030545,signaling receptor regulator activity,1.0,50,594,2,SAP130;SPATA5
coding56,GO:MF,GO:0030507,spectrin binding,1.0,50,26,1,LRRC41
coding56,GO:MF,GO:0030506,ankyrin binding,1.0,50,19,1,PARVA
coding56,GO:MF,GO:0030331,nuclear estrogen receptor binding,1.0,50,40,1,PGAP3
coding56,GO:MF,GO:0030297,transmembrane receptor protein tyrosine kinase activator activity,1.0,50,18,1,SAP130
coding56,GO:MF,GO:0030296,protein tyrosine kinase activator activity,1.0,50,34,1,SAP130
coding56,GO:MF,GO:0030295,protein kinase activator activity,1.0,50,141,1,SAP130
coding56,GO:MF,GO:0030234,enzyme regulator activity,1.0,50,1372,5,BLOC1S2;HSD17B12;NTAN1;SAP130;SIK2
coding56,GO:MF,GO:0030145,manganese ion binding,1.0,50,67,1,MED23
coding56,GO:MF,GO:0022857,transmembrane transporter activity,1.0,50,1140,1,PARVA
coding56,GO:MF,GO:0022853,active monoatomic ion transmembrane transporter activity,1.0,50,117,1,PARVA
coding56,GO:MF,GO:0022843,voltage-gated monoatomic cation channel activity,1.0,50,145,1,PARVA
coding56,GO:MF,GO:0022836,gated channel activity,1.0,50,321,1,PARVA
coding56,GO:MF,GO:0022834,ligand-gated channel activity,1.0,50,189,1,PARVA
coding56,GO:MF,GO:0022832,voltage-gated channel activity,1.0,50,177,1,PARVA
coding56,GO:MF,GO:0022804,active transmembrane transporter activity,1.0,50,445,1,PARVA
coding56,GO:MF,GO:0032553,ribonucleotide binding,1.0,50,1919,9,ARL13B;C6orf106;KDM5A;LOXL4;PARVA;SAP130;SIK2;SNX16;TSPAN14
coding56,GO:MF,GO:0032453,histone H3K4 demethylase activity,1.0,50,8,1,HSD17B12
coding56,GO:MF,GO:0032452,histone demethylase activity,1.0,50,30,1,HSD17B12
coding56,GO:MF,GO:0032451,demethylase activity,1.0,50,40,1,HSD17B12
coding56,GO:MF,GO:0031492,nucleosomal DNA binding,1.0,50,41,1,KDM5A
coding56,GO:MF,GO:0031491,nucleosome binding,1.0,50,73,1,KDM5A
coding56,GO:MF,GO:0031490,chromatin DNA binding,1.0,50,123,2,HSD17B12;KDM5A
coding56,GO:MF,GO:0031420,alkali metal ion binding,1.0,50,19,1,PARVA
coding56,GO:MF,GO:0031267,small GTPase binding,1.0,50,282,1,NTAN1
coding56,GO:MF,GO:0030983,mismatched DNA binding,1.0,50,15,1,LOXL4
coding56,GO:MF,GO:0030971,receptor tyrosine kinase binding,1.0,50,79,1,SAP130
coding56,GO:MF,GO:0030955,potassium ion binding,1.0,50,13,1,PARVA
coding56,GO:MF,GO:0030695,GTPase regulator activity,1.0,50,501,2,NTAN1;SIK2
coding56,GO:MF,GO:0030674,protein-macromolecule adaptor activity,1.0,50,1157,7,EIF2B2;FAM184A;HSD17B12;KDM5A;PGAP3;RC3H2;YTHDF2
coding56,GO:MF,GO:0030554,adenyl nucleotide binding,1.0,50,1640,8,C6orf106;KDM5A;LOXL4;PARVA;SAP130;SIK2;SNX16;TSPAN14
coding56,GO:MF,GO:0030546,signaling receptor activator activity,1.0,50,556,2,SAP130;SPATA5
coding56,GO:MF,GO:0036094,small molecule binding,1.0,50,6446,22,ARL13B;C18orf8;C6orf106;DGKQ;DUSP13;GIT1;HSD17B12;KDM5A;LIPA;LOXL4;MED23;NTAN1;PARVA;SAP130;SIK2;SNX16;SPDYE2;TSPAN14;ZBTB6;ZNF268;ZNF34;ZNF430
coding56,GO:MF,GO:0035979,histone H2AXS139 kinase activity,1.0,50,244,1,TSPAN14
coding56,GO:MF,GO:0035639,purine ribonucleoside triphosphate binding,1.0,50,1854,9,ARL13B;C6orf106;KDM5A;LOXL4;PARVA;SAP130;SIK2;SNX16;TSPAN14
coding56,GO:MF,GO:0035613,RNA stem-loop binding,1.0,50,16,1,ZBTB6
coding56,GO:MF,GO:0035612,AP-2 adaptor complex binding,1.0,50,8,1,TMEM136
coding56,GO:MF,GO:0035403,histone H3T6 kinase activity,1.0,50,246,1,TSPAN14
coding56,GO:MF,GO:0035402,histone H3T11 kinase activity,1.0,50,246,1,TSPAN14
coding56,GO:MF,GO:0035259,nuclear glucocorticoid receptor binding,1.0,50,12,1,PGAP3
coding56,GO:MF,GO:0035175,histone H3S10 kinase activity,1.0,50,244,1,TSPAN14
coding56,GO:MF,GO:0035173,histone kinase activity,1.0,50,255,1,TSPAN14
coding56,GO:MF,GO:0035091,phosphatidylinositol binding,1.0,50,279,1,WDR17
coding56,GO:MF,GO:0034647,histone H3K4me/H3K4me2/H3K4me3 demethylase activity,1.0,50,5,1,HSD17B12
coding56,GO:MF,GO:0033764,"steroid dehydrogenase activity, acting on the CH-OH group of donors, NAD or NADP as acceptor",1.0,50,32,1,KCNJ11
coding56,GO:MF,GO:0032561,guanyl ribonucleotide binding,1.0,50,410,2,ARL13B;SIK2
coding56,GO:MF,GO:0032559,adenyl ribonucleotide binding,1.0,50,1546,8,C6orf106;KDM5A;LOXL4;PARVA;SAP130;SIK2;SNX16;TSPAN14
coding56,GO:MF,GO:0032555,purine ribonucleotide binding,1.0,50,1902,9,ARL13B;C6orf106;KDM5A;LOXL4;PARVA;SAP130;SIK2;SNX16;TSPAN14
coding56,GO:MF,GO:0043169,cation binding,1.0,50,4548,19,C18orf8;C6orf106;DGKQ;DUSP13;GIT1;HSD17B12;KDM5A;LIPA;MED23;NTAN1;PARVA;SAP130;SNX16;SPDYE2;TSPAN14;ZBTB6;ZNF268;ZNF34;ZNF430
coding56,GO:MF,GO:0043168,anion binding,1.0,50,2496,9,ARL13B;C6orf106;KDM5A;LOXL4;PARVA;SAP130;SIK2;SNX16;TSPAN14
coding56,GO:MF,GO:0043167,ion binding,1.0,50,6253,22,ARL13B;C18orf8;C6orf106;DGKQ;DUSP13;GIT1;HSD17B12;KDM5A;LIPA;LOXL4;MED23;NTAN1;PARVA;SAP130;SIK2;SNX16;SPDYE2;TSPAN14;ZBTB6;ZNF268;ZNF34;ZNF430
coding56,GO:MF,GO:0043138,3'-5' DNA helicase activity,1.0,50,53,1,KDM5A
coding56,GO:MF,GO:0043015,gamma-tubulin binding,1.0,50,33,2,NRBF2;NTAN1
coding56,GO:MF,GO:0042974,nuclear retinoic acid receptor binding,1.0,50,24,1,PGAP3
coding56,GO:MF,GO:0042826,histone deacetylase binding,1.0,50,125,2,KDM5A;PGAP3
coding56,GO:MF,GO:0042803,protein homodimerization activity,1.0,50,717,2,SNX16;SPATA5
coding56,GO:MF,GO:0042802,identical protein binding,1.0,50,2179,4,SNX16;SPATA5;WDR17;ZNF236
coding56,GO:MF,GO:0042626,ATPase-coupled transmembrane transporter activity,1.0,50,101,1,PARVA
coding56,GO:MF,GO:0042578,phosphoric ester hydrolase activity,1.0,50,374,2,EIF2B2;LRRC41
coding56,GO:MF,GO:0042577,lipid phosphatase activity,1.0,50,19,1,EIF2B2
coding56,GO:MF,GO:0042393,histone binding,1.0,50,172,2,HSD17B12;KDM5A
coding56,GO:MF,GO:0038023,signaling receptor activity,1.0,50,1513,1,SNX16
coding56,GO:MF,GO:0036122,BMP binding,1.0,50,20,1,SNX16
coding56,GO:MF,GO:0036121,double-stranded DNA helicase activity,1.0,50,52,1,KDM5A
coding56,GO:MF,GO:0046965,nuclear retinoid X receptor binding,1.0,50,16,1,PGAP3
coding56,GO:MF,GO:0046914,transition metal ion binding,1.0,50,2445,13,C18orf8;DUSP13;GIT1;HSD17B12;KDM5A;LIPA;MED23;NTAN1;SAP130;SPDYE2;ZBTB6;ZNF268;ZNF34
coding56,GO:MF,GO:0046873,metal ion transmembrane transporter activity,1.0,50,454,1,PARVA
coding56,GO:MF,GO:0046872,metal ion binding,1.0,50,4450,19,C18orf8;C6orf106;DGKQ;DUSP13;GIT1;HSD17B12;KDM5A;LIPA;MED23;NTAN1;PARVA;SAP130;SNX16;SPDYE2;TSPAN14;ZBTB6;ZNF268;ZNF34;ZNF430
coding56,GO:MF,GO:0046332,SMAD binding,1.0,50,79,1,SNX16
coding56,GO:MF,GO:0045296,cadherin binding,1.0,50,335,1,BLOC1S2
coding56,GO:MF,GO:0044877,protein-containing complex binding,1.0,50,1252,5,KCNJ11;KDM5A;LRRC41;NTAN1;TMEM136
coding56,GO:MF,GO:0044389,ubiquitin-like protein ligase binding,1.0,50,317,1,LRRC41
coding56,GO:MF,GO:0044325,transmembrane transporter binding,1.0,50,139,1,PARVA
coding56,GO:MF,GO:0044183,protein folding chaperone,1.0,50,69,1,C6orf106
coding56,GO:MF,GO:0044025,histone H2BS14 kinase activity,1.0,50,244,1,TSPAN14
coding56,GO:MF,GO:0044024,histone H2AS1 kinase activity,1.0,50,244,1,TSPAN14
coding56,GO:MF,GO:0044023,histone H4S1 kinase activity,1.0,50,244,1,TSPAN14
coding56,GO:MF,GO:0044022,histone H3S28 kinase activity,1.0,50,244,1,TSPAN14
coding56,GO:MF,GO:0043565,sequence-specific DNA binding,1.0,50,1605,7,GIT1;HSD17B12;LOXL4;PGAP3;SPDYE2;ZNF268;ZNF34
coding56,GO:MF,GO:0043274,phospholipase binding,1.0,50,22,1,SAP130
coding56,GO:MF,GO:0061629,RNA polymerase II-specific DNA-binding transcription factor binding,1.0,50,346,2,KDM5A;PGAP3
coding56,GO:MF,GO:0060589,nucleoside-triphosphatase regulator activity,1.0,50,502,2,NTAN1;SIK2
coding56,GO:MF,GO:0060090,molecular adaptor activity,1.0,50,1334,7,EIF2B2;FAM184A;HSD17B12;KDM5A;PGAP3;RC3H2;YTHDF2
coding56,GO:MF,GO:0060089,molecular transducer activity,1.0,50,1513,1,SNX16
coding56,GO:MF,GO:0052689,carboxylic ester hydrolase activity,1.0,50,161,2,CDC123;DGKQ
coding56,GO:MF,GO:0052597,diamine oxidase activity,1.0,50,6,1,DUSP13
coding56,GO:MF,GO:0051540,metal cluster binding,1.0,50,79,1,ZNF430
coding56,GO:MF,GO:0051537,"2 iron, 2 sulfur cluster binding",1.0,50,30,1,ZNF430
coding56,GO:MF,GO:0051536,iron-sulfur cluster binding,1.0,50,78,1,ZNF430
coding56,GO:MF,GO:0051213,dioxygenase activity,1.0,50,92,1,HSD17B12
coding56,GO:MF,GO:0051020,GTPase binding,1.0,50,314,1,NTAN1
coding56,GO:MF,GO:0050839,cell adhesion molecule binding,1.0,50,563,1,BLOC1S2
coding56,GO:MF,GO:0048018,receptor ligand activity,1.0,50,548,1,SPATA5
coding56,GO:MF,GO:0047649,alkylglycerol kinase activity,1.0,50,3,1,SAP130
coding56,GO:MF,GO:0047372,monoacylglycerol lipase activity,1.0,50,14,1,DGKQ
coding56,GO:MF,GO:0046983,protein dimerization activity,1.0,50,1122,2,SNX16;SPATA5
coding56,GO:MF,GO:0120543,macromolecular conformation isomerase activity,1.0,50,295,1,KDM5A
coding56,GO:MF,GO:0106310,protein serine kinase activity,1.0,50,360,1,TSPAN14
coding56,GO:MF,GO:0099508,voltage-gated monoatomic ion channel activity involved in regulation of presynaptic membrane potential,1.0,50,10,1,PARVA
coding56,GO:MF,GO:0099094,ligand-gated monoatomic cation channel activity,1.0,50,139,1,PARVA
coding56,GO:MF,GO:0098821,BMP receptor activity,1.0,50,14,1,SNX16
coding56,GO:MF,GO:0098772,molecular function regulator activity,1.0,50,2266,7,BLOC1S2;HSD17B12;LOXL4;NTAN1;SAP130;SIK2;SPATA5
coding56,GO:MF,GO:0097367,carbohydrate derivative binding,1.0,50,2284,10,ARL13B;C6orf106;KCNJ11;KDM5A;LOXL4;PARVA;SAP130;SIK2;SNX16;TSPAN14
coding56,GO:MF,GO:0072518,Rho-dependent protein serine/threonine kinase activity,1.0,50,244,1,TSPAN14
coding56,GO:MF,GO:0072371,histone H2AS121 kinase activity,1.0,50,244,1,TSPAN14
coding56,GO:MF,GO:0072354,histone H3T3 kinase activity,1.0,50,244,1,TSPAN14
coding56,GO:MF,GO:0070851,growth factor receptor binding,1.0,50,139,1,SPATA5
coding56,GO:MF,GO:0070123,"transforming growth factor beta receptor activity, type III",1.0,50,13,1,SNX16
coding56,GO:MF,GO:0062153,C5-methylcytidine-containing RNA reader activity,1.0,50,3,1,YTHDF2
coding56,GO:MF,GO:0061749,forked DNA-dependent helicase activity,1.0,50,51,1,KDM5A
coding56,GO:MF,GO:0061659,ubiquitin-like protein ligase activity,1.0,50,369,1,ZBTB6
coding56,GO:MF,GO:0061630,ubiquitin protein ligase activity,1.0,50,349,1,ZBTB6
coding56,GO:MF,GO:0140823,histone H2BS36 kinase activity,1.0,50,244,1,TSPAN14
coding56,GO:MF,GO:0140678,molecular function inhibitor activity,1.0,50,559,2,BLOC1S2;HSD17B12
coding56,GO:MF,GO:0140677,molecular function activator activity,1.0,50,1209,3,NTAN1;SAP130;SPATA5
coding56,GO:MF,GO:0140664,ATP-dependent DNA damage sensor activity,1.0,50,18,1,LOXL4
coding56,GO:MF,GO:0140658,ATP-dependent chromatin remodeler activity,1.0,50,20,1,KDM5A
coding56,GO:MF,GO:0140657,ATP-dependent activity,1.0,50,584,3,KDM5A;LOXL4;PARVA
coding56,GO:MF,GO:0140640,"catalytic activity, acting on a nucleic acid",1.0,50,670,2,KDM5A;LOXL4
coding56,GO:MF,GO:0140612,DNA damage sensor activity,1.0,50,22,1,LOXL4
coding56,GO:MF,GO:0140517,protein-RNA adaptor activity,1.0,50,21,1,YTHDF2
coding56,GO:MF,GO:0140457,protein demethylase activity,1.0,50,31,1,HSD17B12
coding56,GO:MF,GO:0140299,molecular sensor activity,1.0,50,71,1,LOXL4
coding56,GO:MF,GO:0140297,DNA-binding transcription factor binding,1.0,50,485,3,KDM5A;PGAP3;SAP130
coding56,GO:MF,GO:0140110,transcription regulator activity,1.0,50,1907,11,EIF2B2;FAM184A;GIT1;HSD17B12;KDM5A;LIPA;PGAP3;RC3H2;SPDYE2;ZNF268;ZNF34
coding56,GO:MF,GO:0140097,"catalytic activity, acting on DNA",1.0,50,248,2,KDM5A;LOXL4
coding56,GO:MF,GO:0140096,"catalytic activity, acting on a protein",1.0,50,2365,8,CHD4;DUSP13;HSD17B12;LRRC41;SAP130;SNX16;TSPAN14;ZBTB6
coding56,GO:MF,GO:0120545,nucleic acid conformation isomerase activity,1.0,50,174,1,KDM5A
coding56,GO:MF,GO:1990244,histone H2AT120 kinase activity,1.0,50,244,1,TSPAN14
coding56,GO:MF,GO:1901681,sulfur compound binding,1.0,50,263,1,KCNJ11
coding56,GO:MF,GO:1901363,heterocyclic compound binding,1.0,50,2310,9,ARL13B;C6orf106;KDM5A;LOXL4;PARVA;SAP130;SIK2;SNX16;TSPAN14
coding56,GO:MF,GO:1901265,nucleoside phosphate binding,1.0,50,2180,9,ARL13B;C6orf106;KDM5A;LOXL4;PARVA;SAP130;SIK2;SNX16;TSPAN14
coding56,GO:MF,GO:0180051,translation factor activity,1.0,50,90,1,SIK2
coding56,GO:MF,GO:0160260,protein asparagine deamidase activity,1.0,50,2,1,CHD4
coding56,GO:MF,GO:0141052,histone H3 demethylase activity,1.0,50,28,1,HSD17B12
coding56,GO:MF,GO:0141040,very-long-chain 3-oxoacyl-CoA reductase activity,1.0,50,1,1,KCNJ11
coding56,GO:MF,GO:0141003,histone H2AX kinase activity,1.0,50,245,1,TSPAN14
coding56,GO:MF,GO:0140998,histone H2B kinase activity,1.0,50,244,1,TSPAN14
coding56,GO:MF,GO:0140997,histone H4 kinase activity,1.0,50,244,1,TSPAN14
coding56,GO:MF,GO:0140996,histone H3 kinase activity,1.0,50,250,1,TSPAN14
coding56,GO:MF,GO:0140995,histone H2A kinase activity,1.0,50,244,1,TSPAN14
coding56,GO:MF,GO:0140993,histone modifying activity,1.0,50,580,2,HSD17B12;TSPAN14
coding56,GO:MF,GO:0140857,histone H3T45 kinase activity,1.0,50,245,1,TSPAN14
coding56,GO:MF,GO:0140855,histone H3S57 kinase activity,1.0,50,244,1,TSPAN14
coding56,GO:BP,GO:0000725,recombinational repair,1.0,48,192,1,KDM5A
coding56,GO:BP,GO:0000724,double-strand break repair via homologous recombination,1.0,48,187,1,KDM5A
coding56,GO:BP,GO:0000302,response to reactive oxygen species,1.0,48,178,1,LRRC41
coding56,GO:BP,GO:0000288,"nuclear-transcribed mRNA catabolic process, deadenylation-dependent decay",1.0,48,58,1,ZBTB6
coding56,GO:BP,GO:0000280,nuclear division,1.0,48,450,1,LOXL4
coding56,GO:BP,GO:0000278,mitotic cell cycle,1.0,48,893,2,CDC123;LIPA
coding56,GO:BP,GO:0000226,microtubule cytoskeleton organization,1.0,48,681,2,NRBF2;NTAN1
coding56,GO:BP,GO:0000209,protein polyubiquitination,1.0,48,266,1,ZBTB6
coding56,GO:BP,GO:0000165,MAPK cascade,1.0,48,749,1,SPATA5
coding56,GO:BP,GO:0000122,negative regulation of transcription by RNA polymerase II,1.0,48,933,6,HSD17B12;KDM5A;LIPA;PGAP3;THAP8;ZNF34
coding56,GO:BP,GO:0000079,regulation of cyclin-dependent protein serine/threonine kinase activity,1.0,48,70,1,HERPUD2
coding56,GO:BP,GO:0000050,urea cycle,1.0,48,13,1,MED23
coding56,GO:MF,GO:1990837,sequence-specific double-stranded DNA binding,1.0,50,1487,7,GIT1;HSD17B12;LOXL4;PGAP3;SPDYE2;ZNF268;ZNF34
coding56,GO:MF,GO:1990782,protein tyrosine kinase binding,1.0,50,113,1,SAP130
coding56,GO:MF,GO:1990518,single-stranded 3'-5' DNA helicase activity,1.0,50,52,1,KDM5A
coding56,GO:MF,GO:1990247,N6-methyladenosine-containing RNA reader activity,1.0,50,12,1,YTHDF2
coding56,GO:BP,GO:0001553,luteinization,1.0,48,12,1,LRRC41
coding56,GO:BP,GO:0001543,ovarian follicle rupture,1.0,48,1,1,PGAP3
coding56,GO:BP,GO:0001542,ovulation from ovarian follicle,1.0,48,10,1,PGAP3
coding56,GO:BP,GO:0001541,ovarian follicle development,1.0,48,60,1,SIK2
coding56,GO:BP,GO:0001525,angiogenesis,1.0,48,546,2,BLOC1S2;SNX16
coding56,GO:BP,GO:0001523,retinoid metabolic process,1.0,48,86,1,CDC123
coding56,GO:BP,GO:0001516,prostaglandin biosynthetic process,1.0,48,28,1,DGKQ
coding56,GO:BP,GO:0001508,action potential,1.0,48,170,1,PARVA
coding56,GO:BP,GO:0001503,ossification,1.0,48,424,2,NTAN1;SNX16
coding56,GO:BP,GO:0001501,skeletal system development,1.0,48,538,3,CDC123;SNX16;SPATA5
coding56,GO:BP,GO:0001101,response to acid chemical,1.0,48,129,1,SPATA5
coding56,GO:BP,GO:0000963,mitochondrial RNA processing,1.0,48,23,1,MLH3
coding56,GO:BP,GO:0000959,mitochondrial RNA metabolic process,1.0,48,66,1,MLH3
coding56,GO:BP,GO:0000956,nuclear-transcribed mRNA catabolic process,1.0,48,126,1,ZBTB6
coding56,GO:BP,GO:0000910,cytokinesis,1.0,48,194,1,NTAN1
coding56,GO:BP,GO:0000902,cell morphogenesis,1.0,48,998,4,ARL13B;BLOC1S2;CDC123;YTHDF2
coding56,GO:BP,GO:0001776,leukocyte homeostasis,1.0,48,112,2,CDC123;ZBTB6
coding56,GO:BP,GO:0001775,cell activation,1.0,48,1123,5,CDC123;MED23;SAP130;TMEM136;ZBTB6
coding56,GO:BP,GO:0001756,somitogenesis,1.0,48,67,1,SNX16
coding56,GO:BP,GO:0001710,mesodermal cell fate commitment,1.0,48,18,1,SNX16
coding56,GO:BP,GO:0001708,cell fate specification,1.0,48,114,2,KDM5A;SNX16
coding56,GO:BP,GO:0001707,mesoderm formation,1.0,48,73,1,SNX16
coding56,GO:BP,GO:0001704,formation of primary germ layer,1.0,48,128,1,SNX16
coding56,GO:BP,GO:0001701,in utero embryonic development,1.0,48,405,1,SNX16
coding56,GO:BP,GO:0001678,intracellular glucose homeostasis,1.0,48,160,2,GIT1;LRRC41
coding56,GO:BP,GO:0001676,long-chain fatty acid metabolic process,1.0,48,104,1,DGKQ
coding56,GO:BP,GO:0001666,response to hypoxia,1.0,48,278,1,PARVA
coding56,GO:BP,GO:0001659,temperature homeostasis,1.0,48,197,2,CDC123;SPATA5
coding56,GO:BP,GO:0001649,osteoblast differentiation,1.0,48,236,1,SNX16
coding56,GO:BP,GO:0001568,blood vessel development,1.0,48,727,3,BLOC1S2;CDC123;SNX16
coding56,GO:BP,GO:0001562,response to protozoan,1.0,48,30,1,MED23
coding56,GO:BP,GO:0001556,oocyte maturation,1.0,48,32,1,YTHDF2
coding56,GO:BP,GO:0001935,endothelial cell proliferation,1.0,48,154,1,CDC123
coding56,GO:BP,GO:0001934,positive regulation of protein phosphorylation,1.0,48,309,1,HERPUD2
coding56,GO:BP,GO:0001932,regulation of protein phosphorylation,1.0,48,504,1,HERPUD2
coding56,GO:BP,GO:0001912,positive regulation of leukocyte mediated cytotoxicity,1.0,48,65,1,MED23
coding56,GO:BP,GO:0001910,regulation of leukocyte mediated cytotoxicity,1.0,48,94,1,MED23
coding56,GO:BP,GO:0001909,leukocyte mediated cytotoxicity,1.0,48,145,1,MED23
coding56,GO:BP,GO:0001906,cell killing,1.0,48,217,1,MED23
coding56,GO:BP,GO:0001894,tissue homeostasis,1.0,48,271,1,CDC123
coding56,GO:BP,GO:0001889,liver development,1.0,48,120,1,CDC123
coding56,GO:BP,GO:0001881,receptor recycling,1.0,48,49,1,WDR17
coding56,GO:BP,GO:0001880,Mullerian duct regression,1.0,48,4,1,SNX16
coding56,GO:BP,GO:0001819,positive regulation of cytokine production,1.0,48,492,1,SNX16
coding56,GO:BP,GO:0001818,negative regulation of cytokine production,1.0,48,295,2,MED23;NTAN1
coding56,GO:BP,GO:0001817,regulation of cytokine production,1.0,48,780,4,MED23;NTAN1;SNX16;ZNF34
coding56,GO:BP,GO:0001816,cytokine production,1.0,48,786,4,MED23;NTAN1;SNX16;ZNF34
coding56,GO:BP,GO:0001782,B cell homeostasis,1.0,48,35,1,ZBTB6
coding56,GO:BP,GO:0002250,adaptive immune response,1.0,48,761,2,MED23;ZBTB6
coding56,GO:BP,GO:0002244,hematopoietic progenitor cell differentiation,1.0,48,139,2,CDC123;YTHDF2
coding56,GO:BP,GO:0002237,response to molecule of bacterial origin,1.0,48,345,1,NTAN1
coding56,GO:BP,GO:0002190,cap-independent translational initiation,1.0,48,4,1,YTHDF2
coding56,GO:BP,GO:0002183,cytoplasmic translational initiation,1.0,48,47,2,SIK2;YTHDF2
coding56,GO:BP,GO:0002181,cytoplasmic translation,1.0,48,200,2,SIK2;YTHDF2
coding56,GO:BP,GO:0002062,chondrocyte differentiation,1.0,48,121,1,SNX16
coding56,GO:BP,GO:0002053,positive regulation of mesenchymal cell proliferation,1.0,48,27,1,SNX16
coding56,GO:BP,GO:0002040,sprouting angiogenesis,1.0,48,136,1,BLOC1S2
coding56,GO:BP,GO:0002021,response to dietary excess,1.0,48,36,1,CDC123
coding56,GO:BP,GO:0002009,morphogenesis of an epithelium,1.0,48,501,1,ARL13B
coding56,GO:BP,GO:0001960,negative regulation of cytokine-mediated signaling pathway,1.0,48,84,2,MED23;YTHDF2
coding56,GO:BP,GO:0001959,regulation of cytokine-mediated signaling pathway,1.0,48,168,2,MED23;YTHDF2
coding56,GO:BP,GO:0001957,intramembranous ossification,1.0,48,6,1,NTAN1
coding56,GO:BP,GO:0001947,heart looping,1.0,48,65,1,ARL13B
coding56,GO:BP,GO:0001944,vasculature development,1.0,48,758,3,BLOC1S2;CDC123;SNX16
coding56,GO:BP,GO:0002443,leukocyte mediated immunity,1.0,48,475,1,MED23
coding56,GO:BP,GO:0002440,production of molecular mediator of immune response,1.0,48,229,1,MED23
coding56,GO:BP,GO:0002429,immune response-activating cell surface receptor signaling pathway,1.0,48,313,4,CDC123;SIK2;TMEM136;ZBTB6
coding56,GO:BP,GO:0002376,immune system process,1.0,48,2913,9,CDC123;FAM184A;MED23;SIK2;SNX16;TMEM136;YTHDF2;ZBTB6;ZNF34
coding56,GO:BP,GO:0002369,T cell cytokine production,1.0,48,40,1,MED23
coding56,GO:BP,GO:0002367,cytokine production involved in immune response,1.0,48,123,1,MED23
coding56,GO:BP,GO:0002366,leukocyte activation involved in immune response,1.0,48,304,1,ZBTB6
coding56,GO:BP,GO:0002292,T cell differentiation involved in immune response,1.0,48,82,1,ZBTB6
coding56,GO:BP,GO:0002287,alpha-beta T cell activation involved in immune response,1.0,48,72,1,ZBTB6
coding56,GO:BP,GO:0002286,T cell activation involved in immune response,1.0,48,124,1,ZBTB6
coding56,GO:BP,GO:0002285,lymphocyte activation involved in immune response,1.0,48,214,1,ZBTB6
coding56,GO:BP,GO:0002263,cell activation involved in immune response,1.0,48,308,1,ZBTB6
coding56,GO:BP,GO:0002262,myeloid cell homeostasis,1.0,48,181,1,CDC123
coding56,GO:BP,GO:0002260,lymphocyte homeostasis,1.0,48,79,1,ZBTB6
coding56,GO:BP,GO:0002253,activation of immune response,1.0,48,581,4,CDC123;SIK2;TMEM136;ZBTB6
coding56,GO:BP,GO:0002252,immune effector process,1.0,48,710,3,CDC123;MED23;ZBTB6
coding56,GO:BP,GO:0002685,regulation of leukocyte migration,1.0,48,226,1,FAM184A
coding56,GO:BP,GO:0002684,positive regulation of immune system process,1.0,48,1111,6,CDC123;FAM184A;MED23;SIK2;TMEM136;ZBTB6
coding56,GO:BP,GO:0002683,negative regulation of immune system process,1.0,48,522,3,MED23;YTHDF2;ZBTB6
coding56,GO:BP,GO:0002682,regulation of immune system process,1.0,48,1594,8,CDC123;FAM184A;MED23;SIK2;TMEM136;YTHDF2;ZBTB6;ZNF34
coding56,GO:BP,GO:0002679,respiratory burst involved in defense response,1.0,48,17,1,CDC123
coding56,GO:BP,GO:0002573,myeloid leukocyte differentiation,1.0,48,244,1,FCHO1
coding56,GO:BP,GO:0002536,respiratory burst involved in inflammatory response,1.0,48,10,1,CDC123
coding56,GO:BP,GO:0002532,production of molecular mediator involved in inflammatory response,1.0,48,97,1,CDC123
coding56,GO:BP,GO:0002526,acute inflammatory response,1.0,48,104,1,CDC123
coding56,GO:BP,GO:0002521,leukocyte differentiation,1.0,48,628,3,CDC123;FCHO1;ZBTB6
coding56,GO:BP,GO:0002520,immune system development,1.0,48,205,2,CDC123;ZBTB6
coding56,GO:BP,GO:0002460,adaptive immune response based on somatic recombination of immune receptors built from immunoglobulin superfamily domains,1.0,48,389,2,MED23;ZBTB6
coding56,GO:BP,GO:0002456,T cell mediated immunity,1.0,48,131,1,MED23
coding56,GO:BP,GO:0002449,lymphocyte mediated immunity,1.0,48,377,1,MED23
coding56,GO:BP,GO:0002446,neutrophil mediated immunity,1.0,48,39,1,MED23
coding56,GO:BP,GO:0002444,myeloid leukocyte mediated immunity,1.0,48,115,1,MED23
coding56,GO:BP,GO:0002707,negative regulation of lymphocyte mediated immunity,1.0,48,61,1,MED23
coding56,GO:BP,GO:0002706,regulation of lymphocyte mediated immunity,1.0,48,193,1,MED23
coding56,GO:BP,GO:0002705,positive regulation of leukocyte mediated immunity,1.0,48,149,1,MED23
coding56,GO:BP,GO:0002704,negative regulation of leukocyte mediated immunity,1.0,48,72,1,MED23
coding56,GO:BP,GO:0002703,regulation of leukocyte mediated immunity,1.0,48,252,1,MED23
coding56,GO:BP,GO:0002701,negative regulation of production of molecular mediator of immune response,1.0,48,43,1,MED23
coding56,GO:BP,GO:0002700,regulation of production of molecular mediator of immune response,1.0,48,196,1,MED23
coding56,GO:BP,GO:0002699,positive regulation of immune effector process,1.0,48,256,1,MED23
coding56,GO:BP,GO:0002698,negative regulation of immune effector process,1.0,48,125,2,MED23;ZBTB6
coding56,GO:BP,GO:0002697,regulation of immune effector process,1.0,48,395,2,MED23;ZBTB6
coding56,GO:BP,GO:0002696,positive regulation of leukocyte activation,1.0,48,363,1,TMEM136
coding56,GO:BP,GO:0002695,negative regulation of leukocyte activation,1.0,48,191,2,MED23;ZBTB6
coding56,GO:BP,GO:0002694,regulation of leukocyte activation,1.0,48,572,3,MED23;TMEM136;ZBTB6
coding56,GO:BP,GO:0002693,positive regulation of cellular extravasation,1.0,48,19,1,FAM184A
coding56,GO:BP,GO:0002691,regulation of cellular extravasation,1.0,48,40,1,FAM184A
coding56,GO:BP,GO:0002687,positive regulation of leukocyte migration,1.0,48,151,1,FAM184A
coding56,GO:BP,GO:0002823,negative regulation of adaptive immune response based on somatic recombination of immune receptors built from immunoglobulin superfamily domains,1.0,48,61,2,MED23;ZBTB6
coding56,GO:BP,GO:0002822,regulation of adaptive immune response based on somatic recombination of immune receptors built from immunoglobulin superfamily domains,1.0,48,200,2,MED23;ZBTB6
coding56,GO:BP,GO:0002820,negative regulation of adaptive immune response,1.0,48,66,2,MED23;ZBTB6
coding56,GO:BP,GO:0002819,regulation of adaptive immune response,1.0,48,215,2,MED23;ZBTB6
coding56,GO:BP,GO:0002792,negative regulation of peptide secretion,1.0,48,50,1,PARVA
coding56,GO:BP,GO:0002791,regulation of peptide secretion,1.0,48,207,1,PARVA
coding56,GO:BP,GO:0002790,peptide secretion,1.0,48,256,2,LRRC41;PARVA
coding56,GO:BP,GO:0002768,immune response-regulating cell surface receptor signaling pathway,1.0,48,343,4,CDC123;SIK2;TMEM136;ZBTB6
coding56,GO:BP,GO:0002764,immune response-regulating signaling pathway,1.0,48,562,4,CDC123;SIK2;TMEM136;ZBTB6
coding56,GO:BP,GO:0002757,immune response-activating signaling pathway,1.0,48,516,4,CDC123;SIK2;TMEM136;ZBTB6
coding56,GO:BP,GO:0002725,negative regulation of T cell cytokine production,1.0,48,11,1,MED23
coding56,GO:BP,GO:0002724,regulation of T cell cytokine production,1.0,48,40,1,MED23
coding56,GO:BP,GO:0002719,negative regulation of cytokine production involved in immune response,1.0,48,32,1,MED23
coding56,GO:BP,GO:0002718,regulation of cytokine production involved in immune response,1.0,48,123,1,MED23
coding56,GO:BP,GO:0002710,negative regulation of T cell mediated immunity,1.0,48,30,1,MED23
coding56,GO:BP,GO:0002709,regulation of T cell mediated immunity,1.0,48,102,1,MED23
coding56,GO:BP,GO:0003161,cardiac conduction system development,1.0,48,37,1,SNX16
coding56,GO:BP,GO:0003158,endothelium development,1.0,48,134,1,CDC123
coding56,GO:BP,GO:0003151,outflow tract morphogenesis,1.0,48,79,2,BLOC1S2;SNX16
coding56,GO:BP,GO:0003148,outflow tract septum morphogenesis,1.0,48,26,2,BLOC1S2;SNX16
coding56,GO:BP,GO:0003143,embryonic heart tube morphogenesis,1.0,48,71,1,ARL13B
coding56,GO:BP,GO:0003008,system process,1.0,48,2290,5,CDC123;CHD4;LRIG1;NTAN1;PARVA
coding56,GO:BP,GO:0003007,heart morphogenesis,1.0,48,263,3,ARL13B;BLOC1S2;SNX16
coding56,GO:BP,GO:0003006,developmental process involved in reproduction,1.0,48,1024,6,ARG1;LRRC41;PGAP3;SIK2;SNX16;YTHDF2
coding56,GO:BP,GO:0003002,regionalization,1.0,48,422,2,ARL13B;SNX16
coding56,GO:BP,GO:0002931,response to ischemia,1.0,48,56,1,PARVA
coding56,GO:BP,GO:0002888,positive regulation of myeloid leukocyte mediated immunity,1.0,48,19,1,MED23
coding56,GO:BP,GO:0002886,regulation of myeloid leukocyte mediated immunity,1.0,48,56,1,MED23
coding56,GO:BP,GO:0002832,negative regulation of response to biotic stimulus,1.0,48,128,2,MED23;YTHDF2
coding56,GO:BP,GO:0002831,regulation of response to biotic stimulus,1.0,48,559,2,MED23;YTHDF2
coding56,GO:BP,GO:0002829,negative regulation of type 2 immune response,1.0,48,15,1,MED23
coding56,GO:BP,GO:0002828,regulation of type 2 immune response,1.0,48,34,1,MED23
coding56,GO:BP,GO:0003222,ventricular trabecula myocardium morphogenesis,1.0,48,14,1,SNX16
coding56,GO:BP,GO:0003215,cardiac right ventricle morphogenesis,1.0,48,19,1,SNX16
coding56,GO:BP,GO:0003208,cardiac ventricle morphogenesis,1.0,48,71,1,SNX16
coding56,GO:BP,GO:0003206,cardiac chamber morphogenesis,1.0,48,127,2,BLOC1S2;SNX16
coding56,GO:BP,GO:0003205,cardiac chamber development,1.0,48,171,2,BLOC1S2;SNX16
coding56,GO:BP,GO:0003203,endocardial cushion morphogenesis,1.0,48,41,1,SNX16
coding56,GO:BP,GO:0003197,endocardial cushion development,1.0,48,52,1,SNX16
coding56,GO:BP,GO:0003186,tricuspid valve morphogenesis,1.0,48,5,1,SNX16
coding56,GO:BP,GO:0003183,mitral valve morphogenesis,1.0,48,12,1,SNX16
coding56,GO:BP,GO:0003181,atrioventricular valve morphogenesis,1.0,48,26,1,SNX16
coding56,GO:BP,GO:0003179,heart valve morphogenesis,1.0,48,63,1,SNX16
coding56,GO:BP,GO:0003175,tricuspid valve development,1.0,48,6,1,SNX16
coding56,GO:BP,GO:0003174,mitral valve development,1.0,48,13,1,SNX16
coding56,GO:BP,GO:0003171,atrioventricular valve development,1.0,48,29,1,SNX16
coding56,GO:BP,GO:0003170,heart valve development,1.0,48,77,1,SNX16
coding56,GO:BP,GO:0003162,atrioventricular node development,1.0,48,9,1,SNX16
coding56,GO:BP,GO:0006096,glycolytic process,1.0,48,98,2,CDC123;NTAN1
coding56,GO:BP,GO:0006094,gluconeogenesis,1.0,48,84,1,SAP130
coding56,GO:BP,GO:0006091,generation of precursor metabolites and energy,1.0,48,483,2,CDC123;NTAN1
coding56,GO:BP,GO:0006090,pyruvate metabolic process,1.0,48,128,2,CDC123;NTAN1
coding56,GO:BP,GO:0006082,organic acid metabolic process,1.0,48,892,6,CDC123;DGKQ;EIF2B2;KCNJ11;MED23;NTAN1
coding56,GO:BP,GO:0006066,alcohol metabolic process,1.0,48,352,2,CDC123;SAP130
coding56,GO:BP,GO:0006006,glucose metabolic process,1.0,48,182,3,CDC123;PARVA;SAP130
coding56,GO:BP,GO:0005996,monosaccharide metabolic process,1.0,48,252,3,CDC123;PARVA;SAP130
coding56,GO:BP,GO:0005975,carbohydrate metabolic process,1.0,48,557,4,CDC123;NTAN1;PARVA;SAP130
coding56,GO:BP,GO:0003292,cardiac septum cell differentiation,1.0,48,5,1,SNX16
coding56,GO:BP,GO:0003281,ventricular septum development,1.0,48,73,1,SNX16
coding56,GO:BP,GO:0003279,cardiac septum development,1.0,48,110,2,BLOC1S2;SNX16
coding56,GO:BP,GO:0003272,endocardial cushion formation,1.0,48,28,1,SNX16
coding56,GO:BP,GO:0003231,cardiac ventricle development,1.0,48,128,1,SNX16
coding56,GO:BP,GO:0003229,ventricular cardiac muscle tissue development,1.0,48,61,2,PARVA;SNX16
coding56,GO:BP,GO:0003223,ventricular compact myocardium morphogenesis,1.0,48,8,1,SNX16
coding56,GO:BP,GO:0006351,DNA-templated transcription,1.0,48,3523,16,EIF2B2;FAM184A;GIT1;HSD17B12;KDM5A;LIPA;LRRC41;NRBF2;PGAP3;RC3H2;SAP130;SNX16;SPDYE2;THAP8;ZNF268;ZNF34
coding56,GO:BP,GO:0006338,chromatin remodeling,1.0,48,1057,3,HSD17B12;KDM5A;TSPAN14
coding56,GO:BP,GO:0006325,chromatin organization,1.0,48,1216,3,HSD17B12;KDM5A;TSPAN14
coding56,GO:BP,GO:0006310,DNA recombination,1.0,48,348,2,KDM5A;LOXL4
coding56,GO:BP,GO:0006302,double-strand break repair,1.0,48,322,1,KDM5A
coding56,GO:BP,GO:0006298,mismatch repair,1.0,48,32,1,LOXL4
coding56,GO:BP,GO:0006281,DNA repair,1.0,48,622,2,KDM5A;LOXL4
coding56,GO:BP,GO:0006259,DNA metabolic process,1.0,48,998,2,KDM5A;LOXL4
coding56,GO:BP,GO:0006195,purine nucleotide catabolic process,1.0,48,140,2,CDC123;NTAN1
coding56,GO:BP,GO:0006164,purine nucleotide biosynthetic process,1.0,48,191,1,CDC123
coding56,GO:BP,GO:0006163,purine nucleotide metabolic process,1.0,48,433,2,CDC123;NTAN1
coding56,GO:BP,GO:0006140,regulation of nucleotide metabolic process,1.0,48,86,1,NTAN1
coding56,GO:BP,GO:0006139,nucleobase-containing compound metabolic process,1.0,48,7964,24,CDC123;EIF2B2;FAM184A;FCHO1;GIT1;HSD17B12;KCNJ11;KDM5A;LIPA;LOXL4;LRRC41;MLH3;NRBF2;NTAN1;PGAP3;RC3H2;SAP130;SNX16;SPDYE2;THAP8;YTHDF2;ZBTB6;ZNF268;ZNF34
coding56,GO:BP,GO:0006111,regulation of gluconeogenesis,1.0,48,50,1,SAP130
coding56,GO:BP,GO:0006110,regulation of glycolytic process,1.0,48,55,1,NTAN1
coding56,GO:BP,GO:0006109,regulation of carbohydrate metabolic process,1.0,48,170,2,NTAN1;SAP130
coding56,GO:BP,GO:0006412,translation,1.0,48,712,2,SIK2;YTHDF2
coding56,GO:BP,GO:0006406,mRNA export from nucleus,1.0,48,71,1,FCHO1
coding56,GO:BP,GO:0006405,RNA export from nucleus,1.0,48,91,1,FCHO1
coding56,GO:BP,GO:0006403,RNA localization,1.0,48,201,1,FCHO1
coding56,GO:BP,GO:0006402,mRNA catabolic process,1.0,48,259,3,MLH3;YTHDF2;ZBTB6
coding56,GO:BP,GO:0006401,RNA catabolic process,1.0,48,317,3,MLH3;YTHDF2;ZBTB6
coding56,GO:BP,GO:0006397,mRNA processing,1.0,48,1890,2,FCHO1;MLH3
coding56,GO:BP,GO:0006396,RNA processing,1.0,48,3319,3,FCHO1;MLH3;YTHDF2
coding56,GO:BP,GO:0006368,transcription elongation by RNA polymerase II,1.0,48,118,2,FAM184A;RC3H2
coding56,GO:BP,GO:0006367,transcription initiation at RNA polymerase II promoter,1.0,48,173,2,FAM184A;RC3H2
coding56,GO:BP,GO:0006366,transcription by RNA polymerase II,1.0,48,2827,15,EIF2B2;FAM184A;GIT1;HSD17B12;KDM5A;LIPA;LRRC41;PGAP3;RC3H2;SAP130;SNX16;SPDYE2;THAP8;ZNF268;ZNF34
coding56,GO:BP,GO:0006364,rRNA processing,1.0,48,222,1,YTHDF2
coding56,GO:BP,GO:0006357,regulation of transcription by RNA polymerase II,1.0,48,2688,15,EIF2B2;FAM184A;GIT1;HSD17B12;KDM5A;LIPA;LRRC41;PGAP3;RC3H2;SAP130;SNX16;SPDYE2;THAP8;ZNF268;ZNF34
coding56,GO:BP,GO:0006355,regulation of DNA-templated transcription,1.0,48,3385,16,EIF2B2;FAM184A;GIT1;HSD17B12;KDM5A;LIPA;LRRC41;NRBF2;PGAP3;RC3H2;SAP130;SNX16;SPDYE2;THAP8;ZNF268;ZNF34
coding56,GO:BP,GO:0006354,DNA-templated transcription elongation,1.0,48,134,2,FAM184A;RC3H2
coding56,GO:BP,GO:0006352,DNA-templated transcription initiation,1.0,48,212,2,FAM184A;RC3H2
coding56,GO:BP,GO:0006629,lipid metabolic process,1.0,48,1369,6,CDC123;DGKQ;EIF2B2;HMBS;KCNJ11;SAP130
coding56,GO:BP,GO:0006623,protein targeting to vacuole,1.0,48,45,1,WDR17
coding56,GO:BP,GO:0006622,protein targeting to lysosome,1.0,48,30,1,WDR17
coding56,GO:BP,GO:0006605,protein targeting,1.0,48,436,1,WDR17
coding56,GO:BP,GO:0006527,L-arginine catabolic process,1.0,48,7,1,MED23
coding56,GO:BP,GO:0006525,arginine metabolic process,1.0,48,21,1,MED23
coding56,GO:BP,GO:0006520,amino acid metabolic process,1.0,48,270,1,MED23
coding56,GO:BP,GO:0006511,ubiquitin-dependent protein catabolic process,1.0,48,680,2,CHD4;ZBTB6
coding56,GO:BP,GO:0006506,GPI anchor biosynthetic process,1.0,48,32,1,HMBS
coding56,GO:BP,GO:0006505,GPI anchor metabolic process,1.0,48,32,1,HMBS
coding56,GO:BP,GO:0006470,protein dephosphorylation,1.0,48,140,1,LRRC41
coding56,GO:BP,GO:0006468,protein phosphorylation,1.0,48,982,3,HERPUD2;SNX16;TSPAN14
coding56,GO:BP,GO:0006457,protein folding,1.0,48,196,1,C6orf106
coding56,GO:BP,GO:0006446,regulation of translational initiation,1.0,48,82,2,SIK2;YTHDF2
coding56,GO:BP,GO:0006417,regulation of translation,1.0,48,367,2,SIK2;YTHDF2
coding56,GO:BP,GO:0006413,translational initiation,1.0,48,125,2,SIK2;YTHDF2
coding56,GO:BP,GO:0006693,prostaglandin metabolic process,1.0,48,47,1,DGKQ
coding56,GO:BP,GO:0006692,prostanoid metabolic process,1.0,48,49,1,DGKQ
coding56,GO:BP,GO:0006690,icosanoid metabolic process,1.0,48,119,1,DGKQ
coding56,GO:BP,GO:0006664,glycolipid metabolic process,1.0,48,105,1,HMBS
coding56,GO:BP,GO:0006661,phosphatidylinositol biosynthetic process,1.0,48,118,1,HMBS
coding56,GO:BP,GO:0006654,phosphatidic acid biosynthetic process,1.0,48,33,1,SAP130
coding56,GO:BP,GO:0006650,glycerophospholipid metabolic process,1.0,48,298,2,HMBS;SAP130
coding56,GO:BP,GO:0006644,phospholipid metabolic process,1.0,48,383,2,HMBS;SAP130
coding56,GO:BP,GO:0006641,triglyceride metabolic process,1.0,48,104,3,CDC123;DGKQ;EIF2B2
coding56,GO:BP,GO:0006640,monoacylglycerol biosynthetic process,1.0,48,9,1,DGKQ
coding56,GO:BP,GO:0006637,acyl-CoA metabolic process,1.0,48,98,1,KCNJ11
coding56,GO:BP,GO:0006636,unsaturated fatty acid biosynthetic process,1.0,48,49,1,DGKQ
coding56,GO:BP,GO:0006633,fatty acid biosynthetic process,1.0,48,161,2,DGKQ;KCNJ11
coding56,GO:BP,GO:0006631,fatty acid metabolic process,1.0,48,396,4,CDC123;DGKQ;EIF2B2;KCNJ11
coding56,GO:BP,GO:0006784,heme A biosynthetic process,1.0,48,11,1,BMPR1A
coding56,GO:BP,GO:0006783,heme biosynthetic process,1.0,48,31,1,BMPR1A
coding56,GO:BP,GO:0006782,protoporphyrinogen IX biosynthetic process,1.0,48,10,1,BMPR1A
coding56,GO:BP,GO:0006779,porphyrin-containing compound biosynthetic process,1.0,48,35,1,BMPR1A
coding56,GO:BP,GO:0006778,porphyrin-containing compound metabolic process,1.0,48,54,1,BMPR1A
coding56,GO:BP,GO:0006776,vitamin A metabolic process,1.0,48,8,1,CDC123
coding56,GO:BP,GO:0006754,ATP biosynthetic process,1.0,48,101,1,CDC123
coding56,GO:BP,GO:0006753,nucleoside phosphate metabolic process,1.0,48,646,3,CDC123;KCNJ11;NTAN1
coding56,GO:BP,GO:0006721,terpenoid metabolic process,1.0,48,104,1,CDC123
coding56,GO:BP,GO:0006720,isoprenoid metabolic process,1.0,48,120,1,CDC123
coding56,GO:BP,GO:0006704,glucocorticoid biosynthetic process,1.0,48,18,1,SAP130
coding56,GO:BP,GO:0006703,estrogen biosynthetic process,1.0,48,11,1,KCNJ11
coding56,GO:BP,GO:0006701,progesterone biosynthetic process,1.0,48,7,1,SAP130
coding56,GO:BP,GO:0006700,C21-steroid hormone biosynthetic process,1.0,48,21,1,SAP130
coding56,GO:BP,GO:0006695,cholesterol biosynthetic process,1.0,48,61,1,CDC123
coding56,GO:BP,GO:0006694,steroid biosynthetic process,1.0,48,167,3,CDC123;KCNJ11;SAP130
coding56,GO:BP,GO:0006914,autophagy,1.0,48,599,1,MED27
coding56,GO:BP,GO:0006913,nucleocytoplasmic transport,1.0,48,332,1,FCHO1
coding56,GO:BP,GO:0006898,receptor-mediated endocytosis,1.0,48,264,1,TMEM136
coding56,GO:BP,GO:0006897,endocytosis,1.0,48,694,3,CDC123;SAP130;TMEM136
coding56,GO:BP,GO:0006887,exocytosis,1.0,48,352,1,NTAN1
coding56,GO:BP,GO:0006886,intracellular protein transport,1.0,48,653,1,WDR17
coding56,GO:BP,GO:0006869,lipid transport,1.0,48,433,1,CDC123
coding56,GO:BP,GO:0006836,neurotransmitter transport,1.0,48,211,1,NTAN1
coding56,GO:BP,GO:0006813,potassium ion transport,1.0,48,234,1,PARVA
coding56,GO:BP,GO:0006812,monoatomic cation transport,1.0,48,1052,1,PARVA
coding56,GO:BP,GO:0006811,monoatomic ion transport,1.0,48,1260,1,PARVA
coding56,GO:BP,GO:0006810,transport,1.0,48,4370,9,CDC123;FCHO1;LRRC41;NRBF2;NTAN1;PARVA;SAP130;TMEM136;WDR17
coding56,GO:BP,GO:0006796,phosphate-containing compound metabolic process,1.0,48,2196,9,CDC123;HERPUD2;HMBS;KCNJ11;LRRC41;NTAN1;SAP130;SNX16;TSPAN14
coding56,GO:BP,GO:0006793,phosphorus metabolic process,1.0,48,2199,9,CDC123;HERPUD2;HMBS;KCNJ11;LRRC41;NTAN1;SAP130;SNX16;TSPAN14
coding56,GO:BP,GO:0006790,sulfur compound metabolic process,1.0,48,259,1,KCNJ11
coding56,GO:BP,GO:0006785,heme B biosynthetic process,1.0,48,8,1,BMPR1A
coding56,GO:BP,GO:0007020,microtubule nucleation,1.0,48,48,2,NRBF2;NTAN1
coding56,GO:BP,GO:0007018,microtubule-based movement,1.0,48,481,1,NRBF2
coding56,GO:BP,GO:0007017,microtubule-based process,1.0,48,1015,2,NRBF2;NTAN1
coding56,GO:BP,GO:0007010,cytoskeleton organization,1.0,48,1534,4,BLOC1S2;NRBF2;NTAN1;SH3BGRL3
coding56,GO:BP,GO:0007005,mitochondrion organization,1.0,48,401,2,CDC123;NRBF2
coding56,GO:BP,GO:0006996,organelle organization,1.0,48,3573,9,ARL13B;BLOC1S2;CDC123;LOXL4;LRRC41;NRBF2;NTAN1;SH3BGRL3;YTHDF2
coding56,GO:BP,GO:0006986,response to unfolded protein,1.0,48,145,1,ARG1
coding56,GO:BP,GO:0006979,response to oxidative stress,1.0,48,374,1,LRRC41
coding56,GO:BP,GO:0006974,DNA damage response,1.0,48,929,2,KDM5A;LOXL4
coding56,GO:BP,GO:0006959,humoral immune response,1.0,48,271,1,YTHDF2
coding56,GO:BP,GO:0006955,immune response,1.0,48,2118,7,CDC123;MED23;SIK2;SNX16;TMEM136;YTHDF2;ZBTB6
coding56,GO:BP,GO:0006954,inflammatory response,1.0,48,873,3,CDC123;DGKQ;NTAN1
coding56,GO:BP,GO:0006952,defense response,1.0,48,1883,5,CDC123;DGKQ;MED23;NTAN1;YTHDF2
coding56,GO:BP,GO:0006950,response to stress,1.0,48,3984,14,ARG1;CDC123;DGKQ;KDM5A;LOXL4;LRRC41;MED23;MED27;NTAN1;PARVA;SAP130;SIK2;SNX16;YTHDF2
coding56,GO:BP,GO:0006935,chemotaxis,1.0,48,456,1,BLOC1S2
coding56,GO:BP,GO:0006915,apoptotic process,1.0,48,1898,4,CDC123;LIPA;NRBF2;PARVA
coding56,GO:BP,GO:0007159,leukocyte cell-cell adhesion,1.0,48,413,3,MED23;TMEM136;ZBTB6
coding56,GO:BP,GO:0007155,cell adhesion,1.0,48,1512,6,BLOC1S2;KCNJ11;MED23;TMEM136;YTHDF2;ZBTB6
coding56,GO:BP,GO:0007154,cell communication,1.0,48,6598,18,ARG1;ARL13B;CDC123;DAGLB;LRRC41;MED23;NRBF2;NTAN1;PARVA;SAP130;SIK2;SNX16;SPATA5;THAP8;TMEM136;TSPAN14;YTHDF2;ZBTB6
coding56,GO:BP,GO:0007144,female meiosis I,1.0,48,13,1,LOXL4
coding56,GO:BP,GO:0007143,female meiotic nuclear division,1.0,48,41,1,LOXL4
coding56,GO:BP,GO:0007140,male meiotic nuclear division,1.0,48,56,1,LOXL4
coding56,GO:BP,GO:0007131,reciprocal meiotic recombination,1.0,48,59,1,LOXL4
coding56,GO:BP,GO:0007130,synaptonemal complex assembly,1.0,48,25,1,LOXL4
coding56,GO:BP,GO:0007129,homologous chromosome pairing at meiosis,1.0,48,54,1,LOXL4
coding56,GO:BP,GO:0007127,meiosis I,1.0,48,132,1,LOXL4
coding56,GO:BP,GO:0007059,chromosome segregation,1.0,48,432,1,LOXL4
coding56,GO:BP,GO:0007049,cell cycle,1.0,48,1668,6,CDC123;HERPUD2;LIPA;LOXL4;NTAN1;YTHDF2
coding56,GO:BP,GO:0007041,lysosomal transport,1.0,48,129,2,CDC123;WDR17
coding56,GO:BP,GO:0007040,lysosome organization,1.0,48,111,1,CDC123
coding56,GO:BP,GO:0007034,vacuolar transport,1.0,48,167,2,CDC123;WDR17
coding56,GO:BP,GO:0007033,vacuole organization,1.0,48,238,1,CDC123
coding56,GO:BP,GO:0007264,small GTPase-mediated signal transduction,1.0,48,493,2,CDC123;NTAN1
coding56,GO:BP,GO:0007224,smoothened signaling pathway,1.0,48,149,1,ARL13B
coding56,GO:BP,GO:0007219,Notch signaling pathway,1.0,48,187,2,DAGLB;YTHDF2
coding56,GO:BP,GO:0007200,phospholipase C-activating G protein-coupled receptor signaling pathway,1.0,48,140,1,SAP130
coding56,GO:BP,GO:0007189,adenylate cyclase-activating G protein-coupled receptor signaling pathway,1.0,48,183,1,SAP130
coding56,GO:BP,GO:0007188,adenylate cyclase-modulating G protein-coupled receptor signaling pathway,1.0,48,270,1,SAP130
coding56,GO:BP,GO:0007186,G protein-coupled receptor signaling pathway,1.0,48,1299,2,NTAN1;SAP130
coding56,GO:BP,GO:0007179,transforming growth factor beta receptor signaling pathway,1.0,48,207,2,SNX16;THAP8
coding56,GO:BP,GO:0007178,cell surface receptor protein serine/threonine kinase signaling pathway,1.0,48,368,2,SNX16;THAP8
coding56,GO:BP,GO:0007173,epidermal growth factor receptor signaling pathway,1.0,48,161,1,SAP130
coding56,GO:BP,GO:0007169,cell surface receptor protein tyrosine kinase signaling pathway,1.0,48,641,4,NTAN1;SAP130;SPATA5;TSPAN14
coding56,GO:BP,GO:0007167,enzyme-linked receptor protein signaling pathway,1.0,48,988,6,NTAN1;SAP130;SNX16;SPATA5;THAP8;TSPAN14
coding56,GO:BP,GO:0007166,cell surface receptor signaling pathway,1.0,48,2834,15,ARL13B;CDC123;DAGLB;MED23;NRBF2;NTAN1;SAP130;SIK2;SNX16;SPATA5;THAP8;TMEM136;TSPAN14;YTHDF2;ZBTB6
coding56,GO:BP,GO:0007165,signal transduction,1.0,48,6063,17,ARG1;ARL13B;CDC123;DAGLB;MED23;NRBF2;NTAN1;PARVA;SAP130;SIK2;SNX16;SPATA5;THAP8;TMEM136;TSPAN14;YTHDF2;ZBTB6
coding56,GO:BP,GO:0007163,establishment or maintenance of cell polarity,1.0,48,226,1,BLOC1S2
coding56,GO:BP,GO:0007162,negative regulation of cell adhesion,1.0,48,287,3,MED23;YTHDF2;ZBTB6
coding56,GO:BP,GO:0007399,nervous system development,1.0,48,2597,11,ARL13B;DGKQ;KDM5A;LRIG1;NRBF2;NTAN1;SIK2;SNX16;SPATA5;YTHDF2;ZNF268
coding56,GO:BP,GO:0007398,ectoderm development,1.0,48,20,1,SNX16
coding56,GO:BP,GO:0007389,pattern specification process,1.0,48,468,2,ARL13B;SNX16
coding56,GO:BP,GO:0007369,gastrulation,1.0,48,195,1,SNX16
coding56,GO:BP,GO:0007368,determination of left/right symmetry,1.0,48,137,1,ARL13B
coding56,GO:BP,GO:0007346,regulation of mitotic cell cycle,1.0,48,489,1,LIPA
coding56,GO:BP,GO:0007292,female gamete generation,1.0,48,168,3,LOXL4;PGAP3;YTHDF2
coding56,GO:BP,GO:0007284,spermatogonial cell division,1.0,48,3,1,YTHDF2
coding56,GO:BP,GO:0007283,spermatogenesis,1.0,48,653,2,ARG1;YTHDF2
coding56,GO:BP,GO:0007281,germ cell development,1.0,48,387,1,YTHDF2
coding56,GO:BP,GO:0007276,gamete generation,1.0,48,839,4,ARG1;LOXL4;PGAP3;YTHDF2
coding56,GO:BP,GO:0007275,multicellular organism development,1.0,48,4690,18,ARL13B;BLOC1S2;CDC123;DGKQ;FCHO1;KDM5A;LRIG1;LRRC41;NRBF2;NTAN1;PARVA;PGAP3;SIK2;SNX16;SPATA5;YTHDF2;ZBTB6;ZNF268
coding56,GO:BP,GO:0007272,ensheathment of neurons,1.0,48,154,1,SIK2
coding56,GO:BP,GO:0007269,neurotransmitter secretion,1.0,48,149,1,NTAN1
coding56,GO:BP,GO:0007268,chemical synaptic transmission,1.0,48,765,1,NTAN1
coding56,GO:BP,GO:0007267,cell-cell signaling,1.0,48,1316,3,LRRC41;NTAN1;PARVA
coding56,GO:BP,GO:0007599,hemostasis,1.0,48,248,1,SAP130
coding56,GO:BP,GO:0007596,blood coagulation,1.0,48,241,1,SAP130
coding56,GO:BP,GO:0007588,excretion,1.0,48,30,1,CDC123
coding56,GO:BP,GO:0007586,digestion,1.0,48,141,1,CDC123
coding56,GO:BP,GO:0007584,response to nutrient,1.0,48,146,1,CDC123
coding56,GO:BP,GO:0007548,sex differentiation,1.0,48,288,4,LRRC41;PGAP3;SIK2;SNX16
coding56,GO:BP,GO:0007517,muscle organ development,1.0,48,362,1,SNX16
coding56,GO:BP,GO:0007507,heart development,1.0,48,591,4,ARL13B;BLOC1S2;PARVA;SNX16
coding56,GO:BP,GO:0007501,mesodermal cell fate specification,1.0,48,13,1,SNX16
coding56,GO:BP,GO:0007498,mesoderm development,1.0,48,136,1,SNX16
coding56,GO:BP,GO:0007492,endoderm development,1.0,48,88,1,SNX16
coding56,GO:BP,GO:0007423,sensory organ development,1.0,48,625,1,LRIG1
coding56,GO:BP,GO:0007420,brain development,1.0,48,736,4,ARL13B;NTAN1;SNX16;ZNF268
coding56,GO:BP,GO:0007417,central nervous system development,1.0,48,1035,6,ARL13B;NTAN1;SIK2;SNX16;SPATA5;ZNF268
coding56,GO:BP,GO:0007416,synapse assembly,1.0,48,266,1,KDM5A
coding56,GO:BP,GO:0007405,neuroblast proliferation,1.0,48,73,1,DGKQ
coding56,GO:BP,GO:0008207,C21-steroid hormone metabolic process,1.0,48,38,1,SAP130
coding56,GO:BP,GO:0008203,cholesterol metabolic process,1.0,48,143,2,CDC123;SAP130
coding56,GO:BP,GO:0008202,steroid metabolic process,1.0,48,323,3,CDC123;KCNJ11;SAP130
coding56,GO:BP,GO:0008152,metabolic process,1.0,48,14035,39,BMPR1A;C6orf106;CDC123;CHD4;DAGLB;DCAF16;DGKQ;EIF2B2;FAM184A;FCHO1;GIT1;HERPUD2;HMBS;HSD17B12;KCNJ11;KDM5A;LIPA;LOXL4;LRRC41;MED23;MED27;MLH3;NRBF2;NTAN1;PARVA;PGAP3;RC3H2;SAP130;SIK2;SNX16;SPDYE2;THAP8;TSPAN14;WDR17;YTHDF2;ZBTB6;ZNF236;ZNF268;ZNF34
coding56,GO:BP,GO:0008150,biological_process,1.0,48,20972,48,ARG1;ARL13B;BLOC1S2;BMPR1A;C6orf106;CDC123;CHD4;DAGLB;DCAF16;DGKQ;DUSP13;EIF2B2;FAM184A;FCHO1;GIT1;HERPUD2;HMBS;HSD17B12;KCNJ11;KDM5A;LIPA;LOXL4;LRIG1;LRRC41;MED23;MED27;MLH3;NRBF2;NTAN1;PARVA;PGAP3;RC3H2;SAP130;SH3BGRL3;SIK2;SNX16;SPATA5;SPDYE2;THAP8;TMEM136;TSPAN14;WDR17;YTHDF2;ZBTB6;ZNF236;ZNF268;ZNF34;ZNF430
coding56,GO:BP,GO:0008104,intracellular protein localization,1.0,48,2401,6,ARL13B;DAGLB;LOXL4;LRRC41;PARVA;WDR17
coding56,GO:BP,GO:0008089,anterograde axonal transport,1.0,48,47,1,NRBF2
coding56,GO:BP,GO:0008088,axo-dendritic transport,1.0,48,80,1,NRBF2
coding56,GO:BP,GO:0007626,locomotory behavior,1.0,48,216,2,CHD4;NTAN1
coding56,GO:BP,GO:0007623,circadian rhythm,1.0,48,201,2,HSD17B12;PGAP3
coding56,GO:BP,GO:0007613,memory,1.0,48,121,1,CHD4
coding56,GO:BP,GO:0007612,learning,1.0,48,155,1,NTAN1
coding56,GO:BP,GO:0007611,learning or memory,1.0,48,268,2,CHD4;NTAN1
coding56,GO:BP,GO:0007610,behavior,1.0,48,665,2,CHD4;NTAN1
coding56,GO:BP,GO:0007605,sensory perception of sound,1.0,48,170,1,LRIG1
coding56,GO:BP,GO:0007600,sensory perception,1.0,48,970,1,LRIG1
coding56,GO:BP,GO:0008585,female gonad development,1.0,48,105,3,LRRC41;PGAP3;SIK2
coding56,GO:BP,GO:0008406,gonad development,1.0,48,227,3,LRRC41;PGAP3;SIK2
coding56,GO:BP,GO:0008380,RNA splicing,1.0,48,1839,1,FCHO1
coding56,GO:BP,GO:0008366,axon ensheathment,1.0,48,154,1,SIK2
coding56,GO:BP,GO:0008360,regulation of cell shape,1.0,48,137,1,BLOC1S2
coding56,GO:BP,GO:0008344,adult locomotory behavior,1.0,48,88,1,CHD4
coding56,GO:BP,GO:0008340,determination of adult lifespan,1.0,48,36,2,CDC123;PARVA
coding56,GO:BP,GO:0008333,endosome to lysosome transport,1.0,48,65,2,CDC123;WDR17
coding56,GO:BP,GO:0008286,insulin receptor signaling pathway,1.0,48,174,1,TSPAN14
coding56,GO:BP,GO:0008285,negative regulation of cell population proliferation,1.0,48,686,2,LIPA;MED23
coding56,GO:BP,GO:0008284,positive regulation of cell population proliferation,1.0,48,923,5,LIPA;LRRC41;NRBF2;SNX16;SPATA5
coding56,GO:BP,GO:0008283,cell population proliferation,1.0,48,1961,10,CDC123;DGKQ;LIPA;LRRC41;MED23;NRBF2;SNX16;SPATA5;YTHDF2;ZBTB6
coding56,GO:BP,GO:0008277,regulation of G protein-coupled receptor signaling pathway,1.0,48,154,1,NTAN1
coding56,GO:BP,GO:0008219,cell death,1.0,48,1962,5,CDC123;LIPA;MED23;NRBF2;PARVA
coding56,GO:BP,GO:0008211,glucocorticoid metabolic process,1.0,48,26,1,SAP130
coding56,GO:BP,GO:0008210,estrogen metabolic process,1.0,48,40,1,KCNJ11
coding56,GO:BP,GO:0009135,purine nucleoside diphosphate metabolic process,1.0,48,119,2,CDC123;NTAN1
coding56,GO:BP,GO:0009134,nucleoside diphosphate catabolic process,1.0,48,109,2,CDC123;NTAN1
coding56,GO:BP,GO:0009132,nucleoside diphosphate metabolic process,1.0,48,136,2,CDC123;NTAN1
coding56,GO:BP,GO:0009117,nucleotide metabolic process,1.0,48,495,2,CDC123;NTAN1
coding56,GO:BP,GO:0009063,amino acid catabolic process,1.0,48,102,1,MED23
coding56,GO:BP,GO:0009062,fatty acid catabolic process,1.0,48,104,1,EIF2B2
coding56,GO:BP,GO:0009060,aerobic respiration,1.0,48,292,2,CDC123;NTAN1
coding56,GO:BP,GO:0009059,macromolecule biosynthetic process,1.0,48,9605,27,C6orf106;CDC123;DAGLB;EIF2B2;FAM184A;FCHO1;GIT1;HMBS;HSD17B12;KDM5A;LIPA;LRRC41;MED23;MLH3;NRBF2;NTAN1;PGAP3;RC3H2;SAP130;SIK2;SNX16;SPDYE2;THAP8;YTHDF2;ZBTB6;ZNF268;ZNF34
coding56,GO:BP,GO:0009058,biosynthetic process,1.0,48,10639,30,BMPR1A;C6orf106;CDC123;DAGLB;DGKQ;EIF2B2;FAM184A;FCHO1;GIT1;HMBS;HSD17B12;KCNJ11;KDM5A;LIPA;LRRC41;MED23;MLH3;NRBF2;NTAN1;PGAP3;RC3H2;SAP130;SIK2;SNX16;SPDYE2;THAP8;YTHDF2;ZBTB6;ZNF268;ZNF34
coding56,GO:BP,GO:0009057,macromolecule catabolic process,1.0,48,1444,5,CDC123;CHD4;MLH3;YTHDF2;ZBTB6
coding56,GO:BP,GO:0009056,catabolic process,1.0,48,2641,10,CDC123;CHD4;DGKQ;EIF2B2;MED23;MED27;MLH3;NTAN1;YTHDF2;ZBTB6
coding56,GO:BP,GO:0008654,phospholipid biosynthetic process,1.0,48,244,2,HMBS;SAP130
coding56,GO:BP,GO:0008637,apoptotic mitochondrial changes,1.0,48,103,1,NRBF2
coding56,GO:BP,GO:0008625,extrinsic apoptotic signaling pathway via death domain receptors,1.0,48,84,1,NRBF2
coding56,GO:BP,GO:0008610,lipid biosynthetic process,1.0,48,717,6,CDC123;DGKQ;EIF2B2;HMBS;KCNJ11;SAP130
coding56,GO:BP,GO:0008593,regulation of Notch signaling pathway,1.0,48,101,2,DAGLB;YTHDF2
coding56,GO:BP,GO:0009205,purine ribonucleoside triphosphate metabolic process,1.0,48,257,2,CDC123;NTAN1
coding56,GO:BP,GO:0009201,ribonucleoside triphosphate biosynthetic process,1.0,48,118,1,CDC123
coding56,GO:BP,GO:0009191,ribonucleoside diphosphate catabolic process,1.0,48,106,2,CDC123;NTAN1
coding56,GO:BP,GO:0009185,ribonucleoside diphosphate metabolic process,1.0,48,130,2,CDC123;NTAN1
coding56,GO:BP,GO:0009181,purine ribonucleoside diphosphate catabolic process,1.0,48,103,2,CDC123;NTAN1
coding56,GO:BP,GO:0009179,purine ribonucleoside diphosphate metabolic process,1.0,48,119,2,CDC123;NTAN1
coding56,GO:BP,GO:0009166,nucleotide catabolic process,1.0,48,164,2,CDC123;NTAN1
coding56,GO:BP,GO:0009165,nucleotide biosynthetic process,1.0,48,227,1,CDC123
coding56,GO:BP,GO:0009154,purine ribonucleotide catabolic process,1.0,48,131,2,CDC123;NTAN1
coding56,GO:BP,GO:0009152,purine ribonucleotide biosynthetic process,1.0,48,158,1,CDC123
coding56,GO:BP,GO:0009150,purine ribonucleotide metabolic process,1.0,48,352,2,CDC123;NTAN1
coding56,GO:BP,GO:0009145,purine nucleoside triphosphate biosynthetic process,1.0,48,113,1,CDC123
coding56,GO:BP,GO:0009144,purine nucleoside triphosphate metabolic process,1.0,48,263,2,CDC123;NTAN1
coding56,GO:BP,GO:0009142,nucleoside triphosphate biosynthetic process,1.0,48,127,1,CDC123
coding56,GO:BP,GO:0009141,nucleoside triphosphate metabolic process,1.0,48,279,2,CDC123;NTAN1
coding56,GO:BP,GO:0009137,purine nucleoside diphosphate catabolic process,1.0,48,103,2,CDC123;NTAN1
coding56,GO:BP,GO:0009624,response to nematode,1.0,48,9,1,MED23
coding56,GO:BP,GO:0009620,response to fungus,1.0,48,69,1,MED23
coding56,GO:BP,GO:0009617,response to bacterium,1.0,48,719,1,NTAN1
coding56,GO:BP,GO:0009611,response to wounding,1.0,48,570,2,NTAN1;SAP130
coding56,GO:BP,GO:0009607,response to biotic stimulus,1.0,48,1652,3,MED23;NTAN1;YTHDF2
coding56,GO:BP,GO:0009605,response to external stimulus,1.0,48,2427,5,BLOC1S2;DGKQ;MED23;NTAN1;YTHDF2
coding56,GO:BP,GO:0009410,response to xenobiotic stimulus,1.0,48,396,2,CDC123;PARVA
coding56,GO:BP,GO:0009409,response to cold,1.0,48,44,1,CDC123
coding56,GO:BP,GO:0009408,response to heat,1.0,48,97,1,SIK2
coding56,GO:BP,GO:0009306,protein secretion,1.0,48,364,2,LRRC41;PARVA
coding56,GO:BP,GO:0009266,response to temperature stimulus,1.0,48,167,2,CDC123;SIK2
coding56,GO:BP,GO:0009261,ribonucleotide catabolic process,1.0,48,138,2,CDC123;NTAN1
coding56,GO:BP,GO:0009260,ribonucleotide biosynthetic process,1.0,48,174,1,CDC123
coding56,GO:BP,GO:0009259,ribonucleotide metabolic process,1.0,48,374,2,CDC123;NTAN1
coding56,GO:BP,GO:0009247,glycolipid biosynthetic process,1.0,48,76,1,HMBS
coding56,GO:BP,GO:0009206,purine ribonucleoside triphosphate biosynthetic process,1.0,48,112,1,CDC123
coding56,GO:BP,GO:0009889,regulation of biosynthetic process,1.0,48,5821,22,EIF2B2;FAM184A;GIT1;HSD17B12;KDM5A;LIPA;LRRC41;MED23;MLH3;NRBF2;NTAN1;PGAP3;RC3H2;SAP130;SIK2;SNX16;SPDYE2;THAP8;YTHDF2;ZBTB6;ZNF268;ZNF34
coding56,GO:BP,GO:0009888,tissue development,1.0,48,2014,4,ARL13B;CDC123;PARVA;SNX16
coding56,GO:BP,GO:0009887,animal organ morphogenesis,1.0,48,1000,6,ARL13B;BLOC1S2;CDC123;LRIG1;SNX16;SPATA5
coding56,GO:BP,GO:0009855,determination of bilateral symmetry,1.0,48,146,1,ARL13B
coding56,GO:BP,GO:0009799,specification of symmetry,1.0,48,146,1,ARL13B
coding56,GO:BP,GO:0009798,axis specification,1.0,48,99,2,ARL13B;SNX16
coding56,GO:BP,GO:0009792,embryo development ending in birth or egg hatching,1.0,48,687,2,ARL13B;SNX16
coding56,GO:BP,GO:0009791,post-embryonic development,1.0,48,93,1,ZBTB6
coding56,GO:BP,GO:0009790,embryo development,1.0,48,1126,5,ARL13B;FCHO1;LRIG1;SNX16;YTHDF2
coding56,GO:BP,GO:0009749,response to glucose,1.0,48,192,3,GIT1;LRRC41;SIK2
coding56,GO:BP,GO:0009746,response to hexose,1.0,48,196,3,GIT1;LRRC41;SIK2
coding56,GO:BP,GO:0009743,response to carbohydrate,1.0,48,222,3,GIT1;LRRC41;SIK2
coding56,GO:BP,GO:0009725,response to hormone,1.0,48,904,3,EIF2B2;SIK2;TSPAN14
coding56,GO:BP,GO:0009719,response to endogenous stimulus,1.0,48,1467,5,EIF2B2;SIK2;SNX16;THAP8;TSPAN14
coding56,GO:BP,GO:0009653,anatomical structure morphogenesis,1.0,48,2699,7,ARL13B;BLOC1S2;CDC123;LRIG1;SNX16;SPATA5;YTHDF2
coding56,GO:BP,GO:0009628,response to abiotic stimulus,1.0,48,1108,3,CDC123;PARVA;SIK2
coding56,GO:BP,GO:0009994,oocyte differentiation,1.0,48,63,1,YTHDF2
coding56,GO:BP,GO:0009987,cellular process,1.0,48,20233,47,ARG1;ARL13B;BLOC1S2;BMPR1A;C6orf106;CDC123;CHD4;DAGLB;DCAF16;DGKQ;DUSP13;EIF2B2;FAM184A;FCHO1;GIT1;HERPUD2;HMBS;HSD17B12;KCNJ11;KDM5A;LIPA;LOXL4;LRRC41;MED23;MED27;MLH3;NRBF2;NTAN1;PARVA;PGAP3;RC3H2;SAP130;SH3BGRL3;SIK2;SNX16;SPATA5;SPDYE2;THAP8;TMEM136;TSPAN14;WDR17;YTHDF2;ZBTB6;ZNF236;ZNF268;ZNF34;ZNF430
coding56,GO:BP,GO:0009968,negative regulation of signal transduction,1.0,48,1341,3,MED23;THAP8;YTHDF2
coding56,GO:BP,GO:0009967,positive regulation of signal transduction,1.0,48,1569,6,CDC123;DAGLB;SAP130;SNX16;SPATA5;ZBTB6
coding56,GO:BP,GO:0009966,regulation of signal transduction,1.0,48,3031,11,CDC123;DAGLB;MED23;NTAN1;SAP130;SNX16;SPATA5;THAP8;TSPAN14;YTHDF2;ZBTB6
coding56,GO:BP,GO:0009953,dorsal/ventral pattern formation,1.0,48,88,2,ARL13B;SNX16
coding56,GO:BP,GO:0009952,anterior/posterior pattern specification,1.0,48,211,1,SNX16
coding56,GO:BP,GO:0009950,dorsal/ventral axis specification,1.0,48,13,1,SNX16
coding56,GO:BP,GO:0009914,hormone transport,1.0,48,330,2,LRRC41;PARVA
coding56,GO:BP,GO:0009896,positive regulation of catabolic process,1.0,48,536,3,DGKQ;YTHDF2;ZBTB6
coding56,GO:BP,GO:0009895,negative regulation of catabolic process,1.0,48,363,1,NTAN1
coding56,GO:BP,GO:0009894,regulation of catabolic process,1.0,48,1024,5,DGKQ;MLH3;NTAN1;YTHDF2;ZBTB6
coding56,GO:BP,GO:0009893,positive regulation of metabolic process,1.0,48,3410,15,DGKQ;EIF2B2;FAM184A;HERPUD2;HSD17B12;KDM5A;LIPA;LRRC41;NRBF2;PGAP3;RC3H2;SAP130;SNX16;YTHDF2;ZBTB6
coding56,GO:BP,GO:0009892,negative regulation of metabolic process,1.0,48,3276,13,HSD17B12;KDM5A;LIPA;MED23;MLH3;NTAN1;PGAP3;SAP130;SNX16;THAP8;YTHDF2;ZBTB6;ZNF34
coding56,GO:BP,GO:0009891,positive regulation of biosynthetic process,1.0,48,2645,12,EIF2B2;FAM184A;HSD17B12;KDM5A;LIPA;LRRC41;NRBF2;PGAP3;RC3H2;SAP130;SNX16;YTHDF2
coding56,GO:BP,GO:0009890,negative regulation of biosynthetic process,1.0,48,2802,13,HSD17B12;KDM5A;LIPA;MED23;MLH3;NTAN1;PGAP3;SAP130;SNX16;THAP8;YTHDF2;ZBTB6;ZNF34
coding56,GO:BP,GO:0010586,miRNA metabolic process,1.0,48,106,2,SNX16;ZBTB6
coding56,GO:BP,GO:0010566,regulation of ketone biosynthetic process,1.0,48,21,1,SAP130
coding56,GO:BP,GO:0010565,regulation of ketone metabolic process,1.0,48,127,1,SAP130
coding56,GO:BP,GO:0010564,regulation of cell cycle process,1.0,48,728,2,NTAN1;YTHDF2
coding56,GO:BP,GO:0010563,negative regulation of phosphorus metabolic process,1.0,48,210,1,NTAN1
coding56,GO:BP,GO:0010562,positive regulation of phosphorus metabolic process,1.0,48,395,1,HERPUD2
coding56,GO:BP,GO:0010558,negative regulation of macromolecule biosynthetic process,1.0,48,2733,13,HSD17B12;KDM5A;LIPA;MED23;MLH3;NTAN1;PGAP3;SAP130;SNX16;THAP8;YTHDF2;ZBTB6;ZNF34
coding56,GO:BP,GO:0010557,positive regulation of macromolecule biosynthetic process,1.0,48,2538,12,EIF2B2;FAM184A;HSD17B12;KDM5A;LIPA;LRRC41;NRBF2;PGAP3;RC3H2;SAP130;SNX16;YTHDF2
coding56,GO:BP,GO:0010556,regulation of macromolecule biosynthetic process,1.0,48,5647,22,EIF2B2;FAM184A;GIT1;HSD17B12;KDM5A;LIPA;LRRC41;MED23;MLH3;NRBF2;NTAN1;PGAP3;RC3H2;SAP130;SIK2;SNX16;SPDYE2;THAP8;YTHDF2;ZBTB6;ZNF268;ZNF34
coding56,GO:BP,GO:0010468,regulation of gene expression,1.0,48,5549,22,EIF2B2;FAM184A;GIT1;HSD17B12;KDM5A;LIPA;LRRC41;MED23;MLH3;NRBF2;NTAN1;PGAP3;RC3H2;SAP130;SIK2;SNX16;SPDYE2;THAP8;YTHDF2;ZBTB6;ZNF268;ZNF34
coding56,GO:BP,GO:0010467,gene expression,1.0,48,9232,27,C6orf106;CDC123;DAGLB;EIF2B2;FAM184A;FCHO1;GIT1;HMBS;HSD17B12;KDM5A;LIPA;LRRC41;MED23;MLH3;NRBF2;NTAN1;PGAP3;RC3H2;SAP130;SIK2;SNX16;SPDYE2;THAP8;YTHDF2;ZBTB6;ZNF268;ZNF34
coding56,GO:BP,GO:0010464,regulation of mesenchymal cell proliferation,1.0,48,34,1,SNX16
coding56,GO:BP,GO:0010463,mesenchymal cell proliferation,1.0,48,47,1,SNX16
coding56,GO:BP,GO:0010453,regulation of cell fate commitment,1.0,48,45,2,KDM5A;SNX16
coding56,GO:BP,GO:0010256,endomembrane system organization,1.0,48,627,2,LRRC41;NRBF2
coding56,GO:BP,GO:0010001,glial cell differentiation,1.0,48,249,1,SIK2
coding56,GO:BP,GO:0010896,regulation of triglyceride catabolic process,1.0,48,12,1,DGKQ
coding56,GO:BP,GO:0010878,cholesterol storage,1.0,48,23,1,CDC123
coding56,GO:BP,GO:0010876,lipid localization,1.0,48,451,1,CDC123
coding56,GO:BP,GO:0010817,regulation of hormone levels,1.0,48,547,4,KCNJ11;LRRC41;PARVA;SAP130
coding56,GO:BP,GO:0010811,positive regulation of cell-substrate adhesion,1.0,48,122,1,KCNJ11
coding56,GO:BP,GO:0010810,regulation of cell-substrate adhesion,1.0,48,212,1,KCNJ11
coding56,GO:BP,GO:0010721,negative regulation of cell development,1.0,48,260,2,SNX16;ZBTB6
coding56,GO:BP,GO:0010648,negative regulation of cell communication,1.0,48,1449,4,MED23;PARVA;THAP8;YTHDF2
coding56,GO:BP,GO:0010647,positive regulation of cell communication,1.0,48,1778,6,CDC123;DAGLB;SAP130;SNX16;SPATA5;ZBTB6
coding56,GO:BP,GO:0010646,regulation of cell communication,1.0,48,3480,12,CDC123;DAGLB;MED23;NTAN1;PARVA;SAP130;SNX16;SPATA5;THAP8;TSPAN14;YTHDF2;ZBTB6
coding56,GO:BP,GO:0010638,positive regulation of organelle organization,1.0,48,499,1,NTAN1
coding56,GO:BP,GO:0010629,negative regulation of gene expression,1.0,48,1678,9,HSD17B12;KDM5A;MED23;MLH3;NTAN1;SAP130;SNX16;YTHDF2;ZBTB6
coding56,GO:BP,GO:0010628,positive regulation of gene expression,1.0,48,1184,4,FAM184A;SAP130;SNX16;YTHDF2
coding56,GO:BP,GO:0010608,post-transcriptional regulation of gene expression,1.0,48,1070,4,MLH3;SIK2;YTHDF2;ZBTB6
coding56,GO:BP,GO:0010605,negative regulation of macromolecule metabolic process,1.0,48,3080,13,HSD17B12;KDM5A;LIPA;MED23;MLH3;NTAN1;PGAP3;SAP130;SNX16;THAP8;YTHDF2;ZBTB6;ZNF34
coding56,GO:BP,GO:0010604,positive regulation of macromolecule metabolic process,1.0,48,3152,14,EIF2B2;FAM184A;HERPUD2;HSD17B12;KDM5A;LIPA;LRRC41;NRBF2;PGAP3;RC3H2;SAP130;SNX16;YTHDF2;ZBTB6
coding56,GO:BP,GO:0014910,regulation of smooth muscle cell migration,1.0,48,59,1,SNX16
coding56,GO:BP,GO:0014909,smooth muscle cell migration,1.0,48,66,2,BLOC1S2;SNX16
coding56,GO:BP,GO:0014855,striated muscle cell proliferation,1.0,48,70,1,SNX16
coding56,GO:BP,GO:0014812,muscle cell migration,1.0,48,80,2,BLOC1S2;SNX16
coding56,GO:BP,GO:0014706,striated muscle tissue development,1.0,48,399,2,PARVA;SNX16
coding56,GO:BP,GO:0014074,response to purine-containing compound,1.0,48,137,2,PARVA;SAP130
coding56,GO:BP,GO:0014033,neural crest cell differentiation,1.0,48,93,1,SNX16
coding56,GO:BP,GO:0014032,neural crest cell development,1.0,48,80,1,SNX16
coding56,GO:BP,GO:0014003,oligodendrocyte development,1.0,48,44,1,SIK2
coding56,GO:BP,GO:0012501,programmed cell death,1.0,48,1958,5,CDC123;LIPA;MED23;NRBF2;PARVA
coding56,GO:BP,GO:0010976,positive regulation of neuron projection development,1.0,48,148,1,SNX16
coding56,GO:BP,GO:0010975,regulation of neuron projection development,1.0,48,426,1,SNX16
coding56,GO:BP,GO:0010970,transport along microtubule,1.0,48,177,1,NRBF2
coding56,GO:BP,GO:0010968,regulation of microtubule nucleation,1.0,48,19,1,NTAN1
coding56,GO:BP,GO:0010906,regulation of glucose metabolic process,1.0,48,94,1,SAP130
coding56,GO:BP,GO:0010898,positive regulation of triglyceride catabolic process,1.0,48,7,1,DGKQ
coding56,GO:BP,GO:0016071,mRNA metabolic process,1.0,48,2139,4,FCHO1;MLH3;YTHDF2;ZBTB6
coding56,GO:BP,GO:0016070,RNA metabolic process,1.0,48,6834,20,EIF2B2;FAM184A;FCHO1;GIT1;HSD17B12;KDM5A;LIPA;LRRC41;MLH3;NRBF2;PGAP3;RC3H2;SAP130;SNX16;SPDYE2;THAP8;YTHDF2;ZBTB6;ZNF268;ZNF34
coding56,GO:BP,GO:0016054,organic acid catabolic process,1.0,48,233,2,EIF2B2;MED23
coding56,GO:BP,GO:0016053,organic acid biosynthetic process,1.0,48,313,2,DGKQ;KCNJ11
coding56,GO:BP,GO:0016052,carbohydrate catabolic process,1.0,48,178,2,CDC123;NTAN1
coding56,GO:BP,GO:0016051,carbohydrate biosynthetic process,1.0,48,188,1,SAP130
coding56,GO:BP,GO:0016050,vesicle organization,1.0,48,392,2,LRRC41;NRBF2
coding56,GO:BP,GO:0016043,cellular component organization,1.0,48,8325,21,ARL13B;BLOC1S2;C6orf106;CDC123;DUSP13;FAM184A;HSD17B12;KCNJ11;KDM5A;LOXL4;LRRC41;NRBF2;NTAN1;RC3H2;SAP130;SH3BGRL3;SNX16;TMEM136;TSPAN14;YTHDF2;ZNF430
coding56,GO:BP,GO:0016042,lipid catabolic process,1.0,48,352,3,CDC123;DGKQ;EIF2B2
coding56,GO:BP,GO:0015980,energy derivation by oxidation of organic compounds,1.0,48,425,2,CDC123;NTAN1
coding56,GO:BP,GO:0015931,nucleobase-containing compound transport,1.0,48,237,1,FCHO1
coding56,GO:BP,GO:0015918,sterol transport,1.0,48,112,1,CDC123
coding56,GO:BP,GO:0015850,organic hydroxy compound transport,1.0,48,266,1,CDC123
coding56,GO:BP,GO:0015833,peptide transport,1.0,48,282,2,LRRC41;PARVA
coding56,GO:BP,GO:0015031,protein transport,1.0,48,1422,3,LRRC41;PARVA;WDR17
coding56,GO:BP,GO:0014912,negative regulation of smooth muscle cell migration,1.0,48,23,1,SNX16
coding56,GO:BP,GO:0018160,peptidyl-pyrromethane cofactor linkage,1.0,48,1,1,BMPR1A
coding56,GO:BP,GO:0017157,regulation of exocytosis,1.0,48,185,1,NTAN1
coding56,GO:BP,GO:0017015,regulation of transforming growth factor beta receptor signaling pathway,1.0,48,139,1,THAP8
coding56,GO:BP,GO:0016567,protein ubiquitination,1.0,48,726,3,DCAF16;ZBTB6;ZNF236
coding56,GO:BP,GO:0016477,cell migration,1.0,48,1532,7,ARL13B;BLOC1S2;FAM184A;LIPA;SNX16;SPATA5;THAP8
coding56,GO:BP,GO:0016358,dendrite development,1.0,48,234,1,SNX16
coding56,GO:BP,GO:0016311,dephosphorylation,1.0,48,212,1,LRRC41
coding56,GO:BP,GO:0016310,phosphorylation,1.0,48,1077,4,HERPUD2;SAP130;SNX16;TSPAN14
coding56,GO:BP,GO:0016226,iron-sulfur cluster assembly,1.0,48,29,1,ZNF430
coding56,GO:BP,GO:0016197,endosomal transport,1.0,48,288,2,NRBF2;WDR17
coding56,GO:BP,GO:0016192,vesicle-mediated transport,1.0,48,1572,6,CDC123;NRBF2;NTAN1;SAP130;TMEM136;WDR17
coding56,GO:BP,GO:0016126,sterol biosynthetic process,1.0,48,69,1,CDC123
coding56,GO:BP,GO:0016125,sterol metabolic process,1.0,48,155,2,CDC123;SAP130
coding56,GO:BP,GO:0016101,diterpenoid metabolic process,1.0,48,90,1,CDC123
coding56,GO:BP,GO:0016079,synaptic vesicle exocytosis,1.0,48,101,1,NTAN1
coding56,GO:BP,GO:0016072,rRNA metabolic process,1.0,48,261,1,YTHDF2
coding56,GO:BP,GO:0019627,urea metabolic process,1.0,48,14,1,MED23
coding56,GO:BP,GO:0019538,protein metabolic process,1.0,48,4467,15,BMPR1A;C6orf106;CDC123;CHD4;DAGLB;DCAF16;HERPUD2;HMBS;LRRC41;SIK2;SNX16;TSPAN14;YTHDF2;ZBTB6;ZNF236
coding56,GO:BP,GO:0019433,triglyceride catabolic process,1.0,48,29,1,DGKQ
coding56,GO:BP,GO:0019432,triglyceride biosynthetic process,1.0,48,39,1,EIF2B2
coding56,GO:BP,GO:0019369,arachidonate metabolic process,1.0,48,52,1,DGKQ
coding56,GO:BP,GO:0019367,"fatty acid elongation, saturated fatty acid",1.0,48,8,1,KCNJ11
coding56,GO:BP,GO:0019364,pyridine nucleotide catabolic process,1.0,48,102,2,CDC123;NTAN1
coding56,GO:BP,GO:0019319,hexose biosynthetic process,1.0,48,87,1,SAP130
coding56,GO:BP,GO:0019318,hexose metabolic process,1.0,48,229,3,CDC123;PARVA;SAP130
coding56,GO:BP,GO:0019222,regulation of metabolic process,1.0,48,6900,24,DGKQ;EIF2B2;FAM184A;GIT1;HERPUD2;HSD17B12;KDM5A;LIPA;LRRC41;MED23;MLH3;NRBF2;NTAN1;PGAP3;RC3H2;SAP130;SIK2;SNX16;SPDYE2;THAP8;YTHDF2;ZBTB6;ZNF268;ZNF34
coding56,GO:BP,GO:0019221,cytokine-mediated signaling pathway,1.0,48,564,2,MED23;YTHDF2
coding56,GO:BP,GO:0019218,regulation of steroid metabolic process,1.0,48,98,1,SAP130
coding56,GO:BP,GO:0019216,regulation of lipid metabolic process,1.0,48,314,2,DGKQ;SAP130
coding56,GO:BP,GO:0018198,peptidyl-cysteine modification,1.0,48,24,1,BMPR1A
coding56,GO:BP,GO:0018193,peptidyl-amino acid modification,1.0,48,495,1,BMPR1A
coding56,GO:BP,GO:0021762,substantia nigra development,1.0,48,47,1,ZNF268
coding56,GO:BP,GO:0021700,developmental maturation,1.0,48,346,2,LRRC41;YTHDF2
coding56,GO:BP,GO:0021675,nerve development,1.0,48,93,1,LRIG1
coding56,GO:BP,GO:0021537,telencephalon development,1.0,48,272,1,ARL13B
coding56,GO:BP,GO:0021536,diencephalon development,1.0,48,80,1,SNX16
coding56,GO:BP,GO:0021535,cell migration in hindbrain,1.0,48,18,1,ARL13B
coding56,GO:BP,GO:0021532,neural tube patterning,1.0,48,33,1,ARL13B
coding56,GO:BP,GO:0019953,sexual reproduction,1.0,48,1128,4,ARG1;LOXL4;PGAP3;YTHDF2
coding56,GO:BP,GO:0019941,modification-dependent protein catabolic process,1.0,48,691,2,CHD4;ZBTB6
coding56,GO:BP,GO:0019915,lipid storage,1.0,48,90,2,CDC123;PGAP3
coding56,GO:BP,GO:0019827,stem cell population maintenance,1.0,48,180,3,RC3H2;SNX16;THAP8
coding56,GO:BP,GO:0019752,carboxylic acid metabolic process,1.0,48,863,6,CDC123;DGKQ;EIF2B2;KCNJ11;MED23;NTAN1
coding56,GO:BP,GO:0019725,cellular homeostasis,1.0,48,738,3,GIT1;LRRC41;NTAN1
coding56,GO:BP,GO:0019722,calcium-mediated signaling,1.0,48,234,1,PARVA
coding56,GO:BP,GO:0019693,ribose phosphate metabolic process,1.0,48,381,2,CDC123;NTAN1
coding56,GO:BP,GO:0019637,organophosphate metabolic process,1.0,48,1066,5,CDC123;HMBS;KCNJ11;NTAN1;SAP130
coding56,GO:BP,GO:0022405,hair cycle process,1.0,48,102,1,LRIG1
coding56,GO:BP,GO:0022404,molting cycle process,1.0,48,102,1,LRIG1
coding56,GO:BP,GO:0022402,cell cycle process,1.0,48,1290,3,LOXL4;NTAN1;YTHDF2
coding56,GO:BP,GO:0022029,telencephalon cell migration,1.0,48,63,1,ARL13B
coding56,GO:BP,GO:0022008,neurogenesis,1.0,48,1769,6,DGKQ;NRBF2;NTAN1;SIK2;SNX16;YTHDF2
coding56,GO:BP,GO:0021998,neural plate mediolateral regionalization,1.0,48,1,1,SNX16
coding56,GO:BP,GO:0021983,pituitary gland development,1.0,48,42,1,SNX16
coding56,GO:BP,GO:0021953,central nervous system neuron differentiation,1.0,48,218,1,SNX16
coding56,GO:BP,GO:0021943,formation of radial glial scaffolds,1.0,48,4,1,ARL13B
coding56,GO:BP,GO:0021932,hindbrain radial glia guided cell migration,1.0,48,10,1,ARL13B
coding56,GO:BP,GO:0021915,neural tube development,1.0,48,159,1,ARL13B
coding56,GO:BP,GO:0021885,forebrain cell migration,1.0,48,66,1,ARL13B
coding56,GO:BP,GO:0021843,substrate-independent telencephalic tangential interneuron migration,1.0,48,8,1,ARL13B
coding56,GO:BP,GO:0021830,interneuron migration from the subpallium to the cortex,1.0,48,8,1,ARL13B
coding56,GO:BP,GO:0021826,substrate-independent telencephalic tangential migration,1.0,48,8,1,ARL13B
coding56,GO:BP,GO:0021782,glial cell development,1.0,48,127,1,SIK2
coding56,GO:BP,GO:0023057,negative regulation of signaling,1.0,48,1449,4,MED23;PARVA;THAP8;YTHDF2
coding56,GO:BP,GO:0023056,positive regulation of signaling,1.0,48,1779,6,CDC123;DAGLB;SAP130;SNX16;SPATA5;ZBTB6
coding56,GO:BP,GO:0023052,signaling,1.0,48,6558,18,ARG1;ARL13B;CDC123;DAGLB;LRRC41;MED23;NRBF2;NTAN1;PARVA;SAP130;SIK2;SNX16;SPATA5;THAP8;TMEM136;TSPAN14;YTHDF2;ZBTB6
coding56,GO:BP,GO:0023051,regulation of signaling,1.0,48,3473,12,CDC123;DAGLB;MED23;NTAN1;PARVA;SAP130;SNX16;SPATA5;THAP8;TSPAN14;YTHDF2;ZBTB6
coding56,GO:BP,GO:0022613,ribonucleoprotein complex biogenesis,1.0,48,1841,1,YTHDF2
coding56,GO:BP,GO:0022612,gland morphogenesis,1.0,48,107,1,CDC123
coding56,GO:BP,GO:0022607,cellular component assembly,1.0,48,4830,13,ARL13B;BLOC1S2;C6orf106;FAM184A;HSD17B12;KDM5A;LOXL4;NRBF2;NTAN1;RC3H2;TMEM136;YTHDF2;ZNF430
coding56,GO:BP,GO:0022604,regulation of cell morphogenesis,1.0,48,241,1,BLOC1S2
coding56,GO:BP,GO:0022603,regulation of anatomical structure morphogenesis,1.0,48,822,2,BLOC1S2;SNX16
coding56,GO:BP,GO:0022602,ovulation cycle process,1.0,48,50,2,LRRC41;PGAP3
coding56,GO:BP,GO:0022600,digestive system process,1.0,48,110,1,CDC123
coding56,GO:BP,GO:0022414,reproductive process,1.0,48,1592,7,ARG1;LOXL4;LRRC41;PGAP3;SIK2;SNX16;YTHDF2
coding56,GO:BP,GO:0022412,cellular process involved in reproduction in multicellular organism,1.0,48,424,1,YTHDF2
coding56,GO:BP,GO:0022409,positive regulation of cell-cell adhesion,1.0,48,328,1,TMEM136
coding56,GO:BP,GO:0022408,negative regulation of cell-cell adhesion,1.0,48,197,3,MED23;YTHDF2;ZBTB6
coding56,GO:BP,GO:0022407,regulation of cell-cell adhesion,1.0,48,493,4,MED23;TMEM136;YTHDF2;ZBTB6
coding56,GO:BP,GO:0030163,protein catabolic process,1.0,48,1057,3,CDC123;CHD4;ZBTB6
coding56,GO:BP,GO:0030155,regulation of cell adhesion,1.0,48,780,5,KCNJ11;MED23;TMEM136;YTHDF2;ZBTB6
coding56,GO:BP,GO:0030154,cell differentiation,1.0,48,4443,11,CDC123;DGKQ;FCHO1;KDM5A;LIPA;NRBF2;NTAN1;SIK2;SNX16;YTHDF2;ZBTB6
coding56,GO:BP,GO:0030100,regulation of endocytosis,1.0,48,292,1,SAP130
coding56,GO:BP,GO:0030099,myeloid cell differentiation,1.0,48,449,2,CDC123;FCHO1
coding56,GO:BP,GO:0030098,lymphocyte differentiation,1.0,48,427,2,CDC123;ZBTB6
coding56,GO:BP,GO:0030097,hemopoiesis,1.0,48,971,4,CDC123;FCHO1;YTHDF2;ZBTB6
coding56,GO:BP,GO:0030073,insulin secretion,1.0,48,209,2,LRRC41;PARVA
coding56,GO:BP,GO:0030072,peptide hormone secretion,1.0,48,249,2,LRRC41;PARVA
coding56,GO:BP,GO:0030048,actin filament-based movement,1.0,48,137,1,BLOC1S2
coding56,GO:BP,GO:0030036,actin cytoskeleton organization,1.0,48,716,1,BLOC1S2
coding56,GO:BP,GO:0030031,cell projection assembly,1.0,48,615,2,ARL13B;BLOC1S2
coding56,GO:BP,GO:0030030,cell projection organization,1.0,48,1628,4,ARL13B;BLOC1S2;NRBF2;SNX16
coding56,GO:BP,GO:0030029,actin filament-based process,1.0,48,816,1,BLOC1S2
coding56,GO:BP,GO:0030001,metal ion transport,1.0,48,860,1,PARVA
coding56,GO:BP,GO:0023061,signal release,1.0,48,490,3,LRRC41;NTAN1;PARVA
coding56,GO:BP,GO:0030336,negative regulation of cell migration,1.0,48,293,2,SNX16;THAP8
coding56,GO:BP,GO:0030335,positive regulation of cell migration,1.0,48,544,3,FAM184A;LIPA;SPATA5
coding56,GO:BP,GO:0030334,regulation of cell migration,1.0,48,944,5,FAM184A;LIPA;SNX16;SPATA5;THAP8
coding56,GO:BP,GO:0030326,embryonic limb morphogenesis,1.0,48,125,1,SNX16
coding56,GO:BP,GO:0030324,lung development,1.0,48,194,3,CDC123;SNX16;ZBTB6
coding56,GO:BP,GO:0030323,respiratory tube development,1.0,48,198,3,CDC123;SNX16;ZBTB6
coding56,GO:BP,GO:0030301,cholesterol transport,1.0,48,103,1,CDC123
coding56,GO:BP,GO:0030282,bone mineralization,1.0,48,125,1,SNX16
coding56,GO:BP,GO:0030278,regulation of ossification,1.0,48,121,1,SNX16
coding56,GO:BP,GO:0030258,lipid modification,1.0,48,180,1,SAP130
coding56,GO:BP,GO:0030224,monocyte differentiation,1.0,48,35,1,FCHO1
coding56,GO:BP,GO:0030217,T cell differentiation,1.0,48,321,2,CDC123;ZBTB6
coding56,GO:BP,GO:0030199,collagen fibril organization,1.0,48,69,1,DUSP13
coding56,GO:BP,GO:0030198,extracellular matrix organization,1.0,48,307,2,DUSP13;KCNJ11
coding56,GO:BP,GO:0030182,neuron differentiation,1.0,48,1444,3,NRBF2;NTAN1;SNX16
coding56,GO:BP,GO:0030168,platelet activation,1.0,48,138,1,SAP130
coding56,GO:BP,GO:0030968,endoplasmic reticulum unfolded protein response,1.0,48,87,1,ARG1
coding56,GO:BP,GO:0030902,hindbrain development,1.0,48,157,1,ARL13B
coding56,GO:BP,GO:0030901,midbrain development,1.0,48,93,1,ZNF268
coding56,GO:BP,GO:0030900,forebrain development,1.0,48,403,2,ARL13B;SNX16
coding56,GO:BP,GO:0030855,epithelial cell differentiation,1.0,48,745,1,CDC123
coding56,GO:BP,GO:0030812,negative regulation of nucleotide catabolic process,1.0,48,19,1,NTAN1
coding56,GO:BP,GO:0030811,regulation of nucleotide catabolic process,1.0,48,55,1,NTAN1
coding56,GO:BP,GO:0030728,ovulation,1.0,48,17,1,PGAP3
coding56,GO:BP,GO:0030705,cytoskeleton-dependent intracellular transport,1.0,48,203,1,NRBF2
coding56,GO:BP,GO:0030534,adult behavior,1.0,48,155,1,CHD4
coding56,GO:BP,GO:0030512,negative regulation of transforming growth factor beta receptor signaling pathway,1.0,48,93,1,THAP8
coding56,GO:BP,GO:0030509,BMP signaling pathway,1.0,48,159,1,SNX16
coding56,GO:BP,GO:0030501,positive regulation of bone mineralization,1.0,48,44,1,SNX16
coding56,GO:BP,GO:0030500,regulation of bone mineralization,1.0,48,79,1,SNX16
coding56,GO:BP,GO:0030497,fatty acid elongation,1.0,48,14,1,KCNJ11
coding56,GO:BP,GO:0030421,defecation,1.0,48,3,1,CDC123
coding56,GO:BP,GO:0031399,regulation of protein modification process,1.0,48,748,1,HERPUD2
coding56,GO:BP,GO:0031348,negative regulation of defense response,1.0,48,263,3,MED23;NTAN1;YTHDF2
coding56,GO:BP,GO:0031347,regulation of defense response,1.0,48,831,4,DGKQ;MED23;NTAN1;YTHDF2
coding56,GO:BP,GO:0031346,positive regulation of cell projection organization,1.0,48,342,1,SNX16
coding56,GO:BP,GO:0031344,regulation of cell projection organization,1.0,48,639,1,SNX16
coding56,GO:BP,GO:0031343,positive regulation of cell killing,1.0,48,68,1,MED23
coding56,GO:BP,GO:0031341,regulation of cell killing,1.0,48,104,1,MED23
coding56,GO:BP,GO:0031334,positive regulation of protein-containing complex assembly,1.0,48,204,1,NTAN1
coding56,GO:BP,GO:0031214,biomineral tissue development,1.0,48,178,1,SNX16
coding56,GO:BP,GO:0031175,neuron projection development,1.0,48,1010,2,NRBF2;SNX16
coding56,GO:BP,GO:0031163,metallo-sulfur cluster assembly,1.0,48,29,1,ZNF430
coding56,GO:BP,GO:0031116,positive regulation of microtubule polymerization,1.0,48,33,1,NTAN1
coding56,GO:BP,GO:0031113,regulation of microtubule polymerization,1.0,48,65,1,NTAN1
coding56,GO:BP,GO:0031112,positive regulation of microtubule polymerization or depolymerization,1.0,48,38,1,NTAN1
coding56,GO:BP,GO:0031110,regulation of microtubule polymerization or depolymerization,1.0,48,101,1,NTAN1
coding56,GO:BP,GO:0031109,microtubule polymerization or depolymerization,1.0,48,143,2,NRBF2;NTAN1
coding56,GO:BP,GO:0032271,regulation of protein polymerization,1.0,48,199,1,NTAN1
coding56,GO:BP,GO:0032102,negative regulation of response to external stimulus,1.0,48,393,3,MED23;NTAN1;YTHDF2
coding56,GO:BP,GO:0032101,regulation of response to external stimulus,1.0,48,1092,4,DGKQ;MED23;NTAN1;YTHDF2
coding56,GO:BP,GO:0032012,regulation of ARF protein signal transduction,1.0,48,22,1,NTAN1
coding56,GO:BP,GO:0032011,ARF protein signal transduction,1.0,48,22,1,NTAN1
coding56,GO:BP,GO:0032006,regulation of TOR signaling,1.0,48,152,1,SAP130
coding56,GO:BP,GO:0031946,regulation of glucocorticoid biosynthetic process,1.0,48,10,1,SAP130
coding56,GO:BP,GO:0031943,regulation of glucocorticoid metabolic process,1.0,48,12,1,SAP130
coding56,GO:BP,GO:0031929,TOR signaling,1.0,48,179,2,CDC123;SAP130
coding56,GO:BP,GO:0031669,cellular response to nutrient levels,1.0,48,250,1,PARVA
coding56,GO:BP,GO:0031667,response to nutrient levels,1.0,48,475,2,CDC123;PARVA
coding56,GO:BP,GO:0031647,regulation of protein stability,1.0,48,385,1,BLOC1S2
coding56,GO:BP,GO:0031640,killing of cells of another organism,1.0,48,79,1,MED23
coding56,GO:BP,GO:0031589,cell-substrate adhesion,1.0,48,349,2,BLOC1S2;KCNJ11
coding56,GO:BP,GO:0031507,heterochromatin formation,1.0,48,162,1,HSD17B12
coding56,GO:BP,GO:0031401,positive regulation of protein modification process,1.0,48,450,1,HERPUD2
coding56,GO:BP,GO:0032652,regulation of interleukin-1 production,1.0,48,110,1,NTAN1
coding56,GO:BP,GO:0032651,regulation of interleukin-1 beta production,1.0,48,93,1,NTAN1
coding56,GO:BP,GO:0032612,interleukin-1 production,1.0,48,110,1,NTAN1
coding56,GO:BP,GO:0032611,interleukin-1 beta production,1.0,48,93,1,NTAN1
coding56,GO:BP,GO:0032535,regulation of cellular component size,1.0,48,353,1,NRBF2
coding56,GO:BP,GO:0032502,developmental process,1.0,48,6535,22,ARG1;ARL13B;BLOC1S2;CDC123;DGKQ;FCHO1;KDM5A;LIPA;LRIG1;LRRC41;NRBF2;NTAN1;PARVA;PGAP3;RC3H2;SIK2;SNX16;SPATA5;THAP8;YTHDF2;ZBTB6;ZNF268
coding56,GO:BP,GO:0032501,multicellular organismal process,1.0,48,7337,25,ARL13B;BLOC1S2;CDC123;CHD4;DGKQ;FCHO1;KDM5A;LRIG1;LRRC41;MED23;NRBF2;NTAN1;PARVA;PGAP3;RC3H2;SAP130;SIK2;SNX16;SPATA5;THAP8;TMEM136;YTHDF2;ZBTB6;ZNF268;ZNF34
coding56,GO:BP,GO:0032496,response to lipopolysaccharide,1.0,48,326,1,NTAN1
coding56,GO:BP,GO:0032474,otolith morphogenesis,1.0,48,5,1,LRIG1
coding56,GO:BP,GO:0032465,regulation of cytokinesis,1.0,48,93,1,NTAN1
coding56,GO:BP,GO:0032446,protein modification by small protein conjugation,1.0,48,810,3,DCAF16;ZBTB6;ZNF236
coding56,GO:BP,GO:0032438,melanosome organization,1.0,48,39,1,NRBF2
coding56,GO:BP,GO:0032418,lysosome localization,1.0,48,87,1,NRBF2
coding56,GO:BP,GO:0032355,response to estradiol,1.0,48,100,1,PGAP3
coding56,GO:BP,GO:0032350,regulation of hormone metabolic process,1.0,48,35,1,SAP130
coding56,GO:BP,GO:0032273,positive regulation of protein polymerization,1.0,48,91,1,NTAN1
coding56,GO:BP,GO:0032922,circadian regulation of gene expression,1.0,48,67,2,HSD17B12;PGAP3
coding56,GO:BP,GO:0032915,positive regulation of transforming growth factor beta2 production,1.0,48,3,1,SNX16
coding56,GO:BP,GO:0032909,regulation of transforming growth factor beta2 production,1.0,48,8,1,SNX16
coding56,GO:BP,GO:0032906,transforming growth factor beta2 production,1.0,48,8,1,SNX16
coding56,GO:BP,GO:0032886,regulation of microtubule-based process,1.0,48,272,1,NTAN1
coding56,GO:BP,GO:0032880,regulation of protein localization,1.0,48,859,1,PARVA
coding56,GO:BP,GO:0032879,regulation of localization,1.0,48,1914,4,LRRC41;NTAN1;PARVA;SAP130
coding56,GO:BP,GO:0032870,cellular response to hormone stimulus,1.0,48,677,2,EIF2B2;TSPAN14
coding56,GO:BP,GO:0032869,cellular response to insulin stimulus,1.0,48,252,2,EIF2B2;TSPAN14
coding56,GO:BP,GO:0032868,response to insulin,1.0,48,308,2,EIF2B2;TSPAN14
coding56,GO:BP,GO:0032787,monocarboxylic acid metabolic process,1.0,48,604,5,CDC123;DGKQ;EIF2B2;KCNJ11;NTAN1
coding56,GO:BP,GO:0032786,"positive regulation of DNA-templated transcription, elongation",1.0,48,58,2,FAM184A;RC3H2
coding56,GO:BP,GO:0032784,regulation of DNA-templated transcription elongation,1.0,48,99,2,FAM184A;RC3H2
coding56,GO:BP,GO:0032774,RNA biosynthetic process,1.0,48,6627,19,EIF2B2;FAM184A;FCHO1;GIT1;HSD17B12;KDM5A;LIPA;LRRC41;MLH3;NRBF2;PGAP3;RC3H2;SAP130;SNX16;SPDYE2;THAP8;YTHDF2;ZNF268;ZNF34
coding56,GO:BP,GO:0032692,negative regulation of interleukin-1 production,1.0,48,34,1,NTAN1
coding56,GO:BP,GO:0032691,negative regulation of interleukin-1 beta production,1.0,48,28,1,NTAN1
coding56,GO:BP,GO:0033189,response to vitamin A,1.0,48,16,1,CDC123
coding56,GO:BP,GO:0033122,negative regulation of purine nucleotide catabolic process,1.0,48,19,1,NTAN1
coding56,GO:BP,GO:0033121,regulation of purine nucleotide catabolic process,1.0,48,55,1,NTAN1
coding56,GO:BP,GO:0033059,cellular pigmentation,1.0,48,64,1,NRBF2
coding56,GO:BP,GO:0033043,regulation of organelle organization,1.0,48,1167,1,NTAN1
coding56,GO:BP,GO:0033036,macromolecule localization,1.0,48,2876,8,ARL13B;CDC123;DAGLB;FCHO1;LOXL4;LRRC41;PARVA;WDR17
coding56,GO:BP,GO:0033028,myeloid cell apoptotic process,1.0,48,38,1,CDC123
coding56,GO:BP,GO:0033014,tetrapyrrole biosynthetic process,1.0,48,35,1,BMPR1A
coding56,GO:BP,GO:0033013,tetrapyrrole metabolic process,1.0,48,64,1,BMPR1A
coding56,GO:BP,GO:0033002,muscle cell proliferation,1.0,48,190,1,SNX16
coding56,GO:BP,GO:0032968,positive regulation of transcription elongation by RNA polymerase II,1.0,48,50,2,FAM184A;RC3H2
coding56,GO:BP,GO:0032945,negative regulation of mononuclear cell proliferation,1.0,48,91,1,MED23
coding56,GO:BP,GO:0032944,regulation of mononuclear cell proliferation,1.0,48,243,1,MED23
coding56,GO:BP,GO:0032943,mononuclear cell proliferation,1.0,48,302,3,CDC123;MED23;ZBTB6
coding56,GO:BP,GO:0032940,secretion by cell,1.0,48,835,3,LRRC41;NTAN1;PARVA
coding56,GO:BP,GO:0032924,activin receptor signaling pathway,1.0,48,54,1,SNX16
coding56,GO:BP,GO:0034284,response to monosaccharide,1.0,48,202,3,GIT1;LRRC41;SIK2
coding56,GO:BP,GO:0034243,regulation of transcription elongation by RNA polymerase II,1.0,48,87,2,FAM184A;RC3H2
coding56,GO:BP,GO:0034220,monoatomic ion transmembrane transport,1.0,48,1025,1,PARVA
coding56,GO:BP,GO:0034113,heterotypic cell-cell adhesion,1.0,48,61,1,BLOC1S2
coding56,GO:BP,GO:0034097,response to cytokine,1.0,48,979,2,MED23;YTHDF2
coding56,GO:BP,GO:0034063,stress granule assembly,1.0,48,34,1,YTHDF2
coding56,GO:BP,GO:0033993,response to lipid,1.0,48,880,4,CDC123;NTAN1;PGAP3;SAP130
coding56,GO:BP,GO:0033674,positive regulation of kinase activity,1.0,48,204,1,HERPUD2
coding56,GO:BP,GO:0033559,unsaturated fatty acid metabolic process,1.0,48,111,1,DGKQ
coding56,GO:BP,GO:0033554,cellular response to stress,1.0,48,1856,5,ARG1;KDM5A;LOXL4;MED27;SNX16
coding56,GO:BP,GO:0033500,carbohydrate homeostasis,1.0,48,258,2,GIT1;LRRC41
coding56,GO:BP,GO:0033365,protein localization to organelle,1.0,48,887,2,ARL13B;WDR17
coding56,GO:BP,GO:0033363,secretory granule organization,1.0,48,74,2,LRRC41;NRBF2
coding56,GO:BP,GO:0033344,cholesterol efflux,1.0,48,57,1,CDC123
coding56,GO:BP,GO:0033273,response to vitamin,1.0,48,81,1,CDC123
coding56,GO:BP,GO:0033198,response to ATP,1.0,48,32,1,PARVA
coding56,GO:BP,GO:0034765,regulation of monoatomic ion transmembrane transport,1.0,48,292,1,PARVA
coding56,GO:BP,GO:0034762,regulation of transmembrane transport,1.0,48,410,1,PARVA
coding56,GO:BP,GO:0034655,nucleobase-containing compound catabolic process,1.0,48,526,5,CDC123;MLH3;NTAN1;YTHDF2;ZBTB6
coding56,GO:BP,GO:0034654,nucleobase-containing compound biosynthetic process,1.0,48,7035,21,CDC123;EIF2B2;FAM184A;FCHO1;GIT1;HSD17B12;KCNJ11;KDM5A;LIPA;LRRC41;MLH3;NRBF2;PGAP3;RC3H2;SAP130;SNX16;SPDYE2;THAP8;YTHDF2;ZNF268;ZNF34
coding56,GO:BP,GO:0034651,cortisol biosynthetic process,1.0,48,10,1,SAP130
coding56,GO:BP,GO:0034650,cortisol metabolic process,1.0,48,12,1,SAP130
coding56,GO:BP,GO:0034620,cellular response to unfolded protein,1.0,48,100,1,ARG1
coding56,GO:BP,GO:0034446,substrate adhesion-dependent cell spreading,1.0,48,100,1,BLOC1S2
coding56,GO:BP,GO:0034383,low-density lipoprotein particle clearance,1.0,48,27,1,CDC123
coding56,GO:BP,GO:0034381,plasma lipoprotein particle clearance,1.0,48,40,1,CDC123
coding56,GO:BP,GO:0034341,response to type II interferon,1.0,48,124,1,MED23
coding56,GO:BP,GO:0034340,response to type I interferon,1.0,48,92,1,YTHDF2
coding56,GO:BP,GO:0034330,cell junction organization,1.0,48,829,1,KDM5A
coding56,GO:BP,GO:0034329,cell junction assembly,1.0,48,509,1,KDM5A
coding56,GO:BP,GO:0034309,primary alcohol biosynthetic process,1.0,48,14,1,SAP130
coding56,GO:BP,GO:0034308,primary alcohol metabolic process,1.0,48,103,1,SAP130
coding56,GO:BP,GO:0035336,long-chain fatty-acyl-CoA metabolic process,1.0,48,25,1,KCNJ11
coding56,GO:BP,GO:0035295,tube development,1.0,48,1094,6,ARL13B;BLOC1S2;CDC123;SNX16;SPATA5;ZBTB6
coding56,GO:BP,GO:0035282,segmentation,1.0,48,104,1,SNX16
coding56,GO:BP,GO:0035270,endocrine system development,1.0,48,136,1,SNX16
coding56,GO:BP,GO:0035265,organ growth,1.0,48,160,1,SNX16
coding56,GO:BP,GO:0035264,multicellular organism growth,1.0,48,170,1,ZBTB6
coding56,GO:BP,GO:0035239,tube morphogenesis,1.0,48,877,3,ARL13B;BLOC1S2;SNX16
coding56,GO:BP,GO:0035162,embryonic hemopoiesis,1.0,48,24,1,FCHO1
coding56,GO:BP,GO:0035137,hindlimb morphogenesis,1.0,48,35,1,SNX16
coding56,GO:BP,GO:0035113,embryonic appendage morphogenesis,1.0,48,125,1,SNX16
coding56,GO:BP,GO:0035108,limb morphogenesis,1.0,48,153,1,SNX16
coding56,GO:BP,GO:0035107,appendage morphogenesis,1.0,48,153,1,SNX16
coding56,GO:BP,GO:0035051,cardiocyte differentiation,1.0,48,147,1,SNX16
coding56,GO:BP,GO:0035050,embryonic heart tube development,1.0,48,85,1,ARL13B
coding56,GO:BP,GO:0035019,somatic stem cell population maintenance,1.0,48,66,2,RC3H2;SNX16
coding56,GO:BP,GO:0034976,response to endoplasmic reticulum stress,1.0,48,274,2,ARG1;MED27
coding56,GO:BP,GO:0035909,aorta morphogenesis,1.0,48,34,1,SNX16
coding56,GO:BP,GO:0035907,dorsal aorta development,1.0,48,10,1,SNX16
coding56,GO:BP,GO:0035904,aorta development,1.0,48,64,1,SNX16
coding56,GO:BP,GO:0035825,homologous recombination,1.0,48,67,1,LOXL4
coding56,GO:BP,GO:0035821,modulation of process of another organism,1.0,48,118,1,MED23
coding56,GO:BP,GO:0035794,positive regulation of mitochondrial membrane permeability,1.0,48,42,1,NRBF2
coding56,GO:BP,GO:0035773,insulin secretion involved in cellular response to glucose stimulus,1.0,48,71,1,LRRC41
coding56,GO:BP,GO:0035745,T-helper 2 cell cytokine production,1.0,48,13,1,MED23
coding56,GO:BP,GO:0035743,"CD4-positive, alpha-beta T cell cytokine production",1.0,48,19,1,MED23
coding56,GO:BP,GO:0035726,common myeloid progenitor cell proliferation,1.0,48,9,1,CDC123
coding56,GO:BP,GO:0035710,"CD4-positive, alpha-beta T cell activation",1.0,48,131,1,ZBTB6
coding56,GO:BP,GO:0035634,response to stilbenoid,1.0,48,7,1,PARVA
coding56,GO:BP,GO:0035592,establishment of protein localization to extracellular region,1.0,48,367,2,LRRC41;PARVA
coding56,GO:BP,GO:0035556,intracellular signal transduction,1.0,48,2963,9,ARG1;CDC123;NTAN1;PARVA;SAP130;SNX16;SPATA5;TSPAN14;ZBTB6
coding56,GO:BP,GO:0035338,long-chain fatty-acyl-CoA biosynthetic process,1.0,48,19,1,KCNJ11
coding56,GO:BP,GO:0035337,fatty-acyl-CoA metabolic process,1.0,48,41,1,KCNJ11
coding56,GO:BP,GO:0040017,positive regulation of locomotion,1.0,48,586,3,FAM184A;LIPA;SPATA5
coding56,GO:BP,GO:0040013,negative regulation of locomotion,1.0,48,325,2,SNX16;THAP8
coding56,GO:BP,GO:0040012,regulation of locomotion,1.0,48,1046,5,FAM184A;LIPA;SNX16;SPATA5;THAP8
coding56,GO:BP,GO:0040011,locomotion,1.0,48,1236,6,BLOC1S2;FAM184A;LIPA;SNX16;SPATA5;THAP8
coding56,GO:BP,GO:0040008,regulation of growth,1.0,48,590,1,SNX16
coding56,GO:BP,GO:0040007,growth,1.0,48,920,2,SNX16;ZBTB6
coding56,GO:BP,GO:0038202,TORC1 signaling,1.0,48,113,1,SAP130
coding56,GO:BP,GO:0038127,ERBB signaling pathway,1.0,48,179,1,SAP130
coding56,GO:BP,GO:0038061,non-canonical NF-kappaB signal transduction,1.0,48,121,1,ZBTB6
coding56,GO:BP,GO:0036465,synaptic vesicle recycling,1.0,48,82,2,NTAN1;SAP130
coding56,GO:BP,GO:0036293,response to decreased oxygen levels,1.0,48,290,1,PARVA
coding56,GO:BP,GO:0036211,protein modification process,1.0,48,2360,8,BMPR1A;DCAF16;HERPUD2;LRRC41;SNX16;TSPAN14;ZBTB6;ZNF236
coding56,GO:BP,GO:0036072,direct ossification,1.0,48,6,1,NTAN1
coding56,GO:BP,GO:0035967,cellular response to topologically incorrect protein,1.0,48,115,1,ARG1
coding56,GO:BP,GO:0035966,response to topologically incorrect protein,1.0,48,162,1,ARG1
coding56,GO:BP,GO:0035912,dorsal aorta morphogenesis,1.0,48,8,1,SNX16
coding56,GO:BP,GO:0042221,response to chemical,1.0,48,3863,14,BLOC1S2;CDC123;EIF2B2;GIT1;LRRC41;MED23;NTAN1;PARVA;PGAP3;SAP130;SIK2;SPATA5;TSPAN14;YTHDF2
coding56,GO:BP,GO:0042181,ketone biosynthetic process,1.0,48,50,1,SAP130
coding56,GO:BP,GO:0042180,ketone metabolic process,1.0,48,205,1,SAP130
coding56,GO:BP,GO:0042168,heme metabolic process,1.0,48,47,1,BMPR1A
coding56,GO:BP,GO:0042159,lipoprotein catabolic process,1.0,48,15,1,CDC123
coding56,GO:BP,GO:0042157,lipoprotein metabolic process,1.0,48,87,1,CDC123
coding56,GO:BP,GO:0042130,negative regulation of T cell proliferation,1.0,48,74,1,MED23
coding56,GO:BP,GO:0042129,regulation of T cell proliferation,1.0,48,182,1,MED23
coding56,GO:BP,GO:0042127,regulation of cell population proliferation,1.0,48,1639,6,LIPA;LRRC41;MED23;NRBF2;SNX16;SPATA5
coding56,GO:BP,GO:0042110,T cell activation,1.0,48,581,4,CDC123;MED23;TMEM136;ZBTB6
coding56,GO:BP,GO:0042098,T cell proliferation,1.0,48,214,3,CDC123;MED23;ZBTB6
coding56,GO:BP,GO:0042093,T-helper cell differentiation,1.0,48,85,1,ZBTB6
coding56,GO:BP,GO:0042092,type 2 immune response,1.0,48,44,1,MED23
coding56,GO:BP,GO:0042063,gliogenesis,1.0,48,331,1,SIK2
coding56,GO:BP,GO:0042060,wound healing,1.0,48,439,1,SAP130
coding56,GO:BP,GO:0040029,epigenetic regulation of gene expression,1.0,48,297,1,HSD17B12
coding56,GO:BP,GO:0042592,homeostatic process,1.0,48,1677,6,CDC123;GIT1;LRRC41;NTAN1;SPATA5;ZBTB6
coding56,GO:BP,GO:0042552,myelination,1.0,48,152,1,SIK2
coding56,GO:BP,GO:0042476,odontogenesis,1.0,48,130,1,SNX16
coding56,GO:BP,GO:0042475,odontogenesis of dentin-containing tooth,1.0,48,89,1,SNX16
coding56,GO:BP,GO:0042472,inner ear morphogenesis,1.0,48,113,1,LRIG1
coding56,GO:BP,GO:0042471,ear morphogenesis,1.0,48,134,1,LRIG1
coding56,GO:BP,GO:0042448,progesterone metabolic process,1.0,48,17,1,SAP130
coding56,GO:BP,GO:0042446,hormone biosynthetic process,1.0,48,65,2,KCNJ11;SAP130
coding56,GO:BP,GO:0042445,hormone metabolic process,1.0,48,241,2,KCNJ11;SAP130
coding56,GO:BP,GO:0042440,pigment metabolic process,1.0,48,81,1,BMPR1A
coding56,GO:BP,GO:0042391,regulation of membrane potential,1.0,48,443,2,CDC123;PARVA
coding56,GO:BP,GO:0042330,taxis,1.0,48,458,1,BLOC1S2
coding56,GO:BP,GO:0042327,positive regulation of phosphorylation,1.0,48,335,1,HERPUD2
coding56,GO:BP,GO:0042325,regulation of phosphorylation,1.0,48,560,1,HERPUD2
coding56,GO:BP,GO:0042303,molting cycle,1.0,48,123,1,LRIG1
coding56,GO:BP,GO:0042254,ribosome biogenesis,1.0,48,316,1,YTHDF2
coding56,GO:BP,GO:0043068,positive regulation of programmed cell death,1.0,48,527,2,LIPA;MED23
coding56,GO:BP,GO:0043067,regulation of programmed cell death,1.0,48,1467,2,LIPA;MED23
coding56,GO:BP,GO:0043066,negative regulation of apoptotic process,1.0,48,856,1,LIPA
coding56,GO:BP,GO:0043065,positive regulation of apoptotic process,1.0,48,512,1,LIPA
coding56,GO:BP,GO:0043062,extracellular structure organization,1.0,48,308,2,DUSP13;KCNJ11
coding56,GO:BP,GO:0043029,T cell homeostasis,1.0,48,48,1,ZBTB6
coding56,GO:BP,GO:0043009,chordate embryonic development,1.0,48,669,2,ARL13B;SNX16
coding56,GO:BP,GO:0042981,regulation of apoptotic process,1.0,48,1426,1,LIPA
coding56,GO:BP,GO:0042832,defense response to protozoan,1.0,48,27,1,MED23
coding56,GO:BP,GO:0042733,embryonic digit morphogenesis,1.0,48,62,1,SNX16
coding56,GO:BP,GO:0042698,ovulation cycle,1.0,48,66,2,LRRC41;PGAP3
coding56,GO:BP,GO:0042692,muscle cell differentiation,1.0,48,388,1,SNX16
coding56,GO:BP,GO:0042661,regulation of mesodermal cell fate specification,1.0,48,6,1,SNX16
coding56,GO:BP,GO:0042659,regulation of cell fate specification,1.0,48,23,2,KDM5A;SNX16
coding56,GO:BP,GO:0042633,hair cycle,1.0,48,123,1,LRIG1
coding56,GO:BP,GO:0042593,glucose homeostasis,1.0,48,254,2,GIT1;LRRC41
coding56,GO:BP,GO:0043434,response to peptide hormone,1.0,48,457,3,EIF2B2;SIK2;TSPAN14
coding56,GO:BP,GO:0043412,macromolecule modification,1.0,48,2547,8,BMPR1A;DCAF16;HERPUD2;LRRC41;SNX16;TSPAN14;ZBTB6;ZNF236
coding56,GO:BP,GO:0043410,positive regulation of MAPK cascade,1.0,48,450,1,SPATA5
coding56,GO:BP,GO:0043408,regulation of MAPK cascade,1.0,48,638,1,SPATA5
coding56,GO:BP,GO:0043371,"negative regulation of CD4-positive, alpha-beta T cell differentiation",1.0,48,25,1,ZBTB6
coding56,GO:BP,GO:0043370,"regulation of CD4-positive, alpha-beta T cell differentiation",1.0,48,60,1,ZBTB6
coding56,GO:BP,GO:0043367,"CD4-positive, alpha-beta T cell differentiation",1.0,48,105,1,ZBTB6
coding56,GO:BP,GO:0043269,regulation of monoatomic ion transport,1.0,48,421,1,PARVA
coding56,GO:BP,GO:0043255,regulation of carbohydrate biosynthetic process,1.0,48,95,1,SAP130
coding56,GO:BP,GO:0043254,regulation of protein-containing complex assembly,1.0,48,422,1,NTAN1
coding56,GO:BP,GO:0043207,response to external biotic stimulus,1.0,48,1613,3,MED23;NTAN1;YTHDF2
coding56,GO:BP,GO:0043200,response to amino acid,1.0,48,116,1,SPATA5
coding56,GO:BP,GO:0043170,macromolecule metabolic process,1.0,48,11942,35,BMPR1A;C6orf106;CDC123;CHD4;DAGLB;DCAF16;EIF2B2;FAM184A;FCHO1;GIT1;HERPUD2;HMBS;HSD17B12;KDM5A;LIPA;LOXL4;LRRC41;MED23;MLH3;NRBF2;NTAN1;PGAP3;RC3H2;SAP130;SIK2;SNX16;SPDYE2;THAP8;TSPAN14;WDR17;YTHDF2;ZBTB6;ZNF236;ZNF268;ZNF34
coding56,GO:BP,GO:0043112,receptor metabolic process,1.0,48,75,1,WDR17
coding56,GO:BP,GO:0043085,positive regulation of catalytic activity,1.0,48,452,1,HERPUD2
coding56,GO:BP,GO:0043069,negative regulation of programmed cell death,1.0,48,887,1,LIPA
coding56,GO:BP,GO:0044089,positive regulation of cellular component biogenesis,1.0,48,497,1,NTAN1
coding56,GO:BP,GO:0044087,regulation of cellular component biogenesis,1.0,48,1006,2,KDM5A;NTAN1
coding56,GO:BP,GO:0044085,cellular component biogenesis,1.0,48,5090,13,ARL13B;BLOC1S2;C6orf106;FAM184A;HSD17B12;KDM5A;LOXL4;NRBF2;NTAN1;RC3H2;TMEM136;YTHDF2;ZNF430
coding56,GO:BP,GO:0043933,protein-containing complex organization,1.0,48,3412,6,C6orf106;FAM184A;NRBF2;NTAN1;RC3H2;TMEM136
coding56,GO:BP,GO:0043903,regulation of biological process involved in symbiotic interaction,1.0,48,38,1,MED23
coding56,GO:BP,GO:0043687,post-translational protein modification,1.0,48,977,3,DCAF16;ZBTB6;ZNF236
coding56,GO:BP,GO:0043632,modification-dependent macromolecule catabolic process,1.0,48,696,2,CHD4;ZBTB6
coding56,GO:BP,GO:0043583,ear development,1.0,48,236,1,LRIG1
coding56,GO:BP,GO:0043549,regulation of kinase activity,1.0,48,353,1,HERPUD2
coding56,GO:BP,GO:0043491,phosphatidylinositol 3-kinase/protein kinase B signal transduction,1.0,48,306,1,SPATA5
coding56,GO:BP,GO:0043488,regulation of mRNA stability,1.0,48,176,3,MLH3;YTHDF2;ZBTB6
coding56,GO:BP,GO:0043487,regulation of RNA stability,1.0,48,189,3,MLH3;YTHDF2;ZBTB6
coding56,GO:BP,GO:0043473,pigmentation,1.0,48,114,1,NRBF2
coding56,GO:BP,GO:0043470,regulation of carbohydrate catabolic process,1.0,48,64,1,NTAN1
coding56,GO:BP,GO:0043467,regulation of generation of precursor metabolites and energy,1.0,48,134,1,NTAN1
coding56,GO:BP,GO:0043436,oxoacid metabolic process,1.0,48,885,6,CDC123;DGKQ;EIF2B2;KCNJ11;MED23;NTAN1
coding56,GO:BP,GO:0045088,regulation of innate immune response,1.0,48,470,2,MED23;YTHDF2
coding56,GO:BP,GO:0045087,innate immune response,1.0,48,1018,2,MED23;YTHDF2
coding56,GO:BP,GO:0045055,regulated exocytosis,1.0,48,227,1,NTAN1
coding56,GO:BP,GO:0045022,early endosome to late endosome transport,1.0,48,40,1,WDR17
coding56,GO:BP,GO:0045017,glycerolipid biosynthetic process,1.0,48,236,4,DGKQ;EIF2B2;HMBS;SAP130
coding56,GO:BP,GO:0044782,cilium organization,1.0,48,437,2,ARL13B;BLOC1S2
coding56,GO:BP,GO:0044528,regulation of mitochondrial mRNA stability,1.0,48,7,1,MLH3
coding56,GO:BP,GO:0044419,biological process involved in interspecies interaction between organisms,1.0,48,1777,3,MED23;NTAN1;YTHDF2
coding56,GO:BP,GO:0044403,biological process involved in symbiotic interaction,1.0,48,190,1,MED23
coding56,GO:BP,GO:0044342,type B pancreatic cell proliferation,1.0,48,29,1,LRRC41
coding56,GO:BP,GO:0044283,small molecule biosynthetic process,1.0,48,580,4,CDC123;DGKQ;KCNJ11;SAP130
coding56,GO:BP,GO:0044282,small molecule catabolic process,1.0,48,350,2,EIF2B2;MED23
coding56,GO:BP,GO:0044281,small molecule metabolic process,1.0,48,1694,8,CDC123;DGKQ;EIF2B2;KCNJ11;MED23;NTAN1;PARVA;SAP130
coding56,GO:BP,GO:0044272,sulfur compound biosynthetic process,1.0,48,108,1,KCNJ11
coding56,GO:BP,GO:0044238,primary metabolic process,1.0,48,12170,37,BMPR1A;C6orf106;CDC123;CHD4;DAGLB;DCAF16;DGKQ;EIF2B2;FAM184A;FCHO1;GIT1;HERPUD2;HMBS;HSD17B12;KCNJ11;KDM5A;LIPA;LOXL4;LRRC41;MED23;MLH3;NRBF2;NTAN1;PARVA;PGAP3;RC3H2;SAP130;SIK2;SNX16;SPDYE2;THAP8;TSPAN14;YTHDF2;ZBTB6;ZNF236;ZNF268;ZNF34
coding56,GO:BP,GO:0044093,positive regulation of molecular function,1.0,48,590,1,HERPUD2
coding56,GO:BP,GO:0045596,negative regulation of cell differentiation,1.0,48,665,3,SNX16;YTHDF2;ZBTB6
coding56,GO:BP,GO:0045595,regulation of cell differentiation,1.0,48,1549,5,KDM5A;LIPA;SNX16;YTHDF2;ZBTB6
coding56,GO:BP,GO:0045581,negative regulation of T cell differentiation,1.0,48,52,1,ZBTB6
coding56,GO:BP,GO:0045580,regulation of T cell differentiation,1.0,48,188,1,ZBTB6
coding56,GO:BP,GO:0045472,response to ether,1.0,48,17,1,CDC123
coding56,GO:BP,GO:0045454,cell redox homeostasis,1.0,48,41,1,NTAN1
coding56,GO:BP,GO:0045446,endothelial cell differentiation,1.0,48,112,1,CDC123
coding56,GO:BP,GO:0045333,cellular respiration,1.0,48,332,2,CDC123;NTAN1
coding56,GO:BP,GO:0045321,leukocyte activation,1.0,48,975,4,CDC123;MED23;TMEM136;ZBTB6
coding56,GO:BP,GO:0045229,external encapsulating structure organization,1.0,48,309,2,DUSP13;KCNJ11
coding56,GO:BP,GO:0045184,establishment of protein localization,1.0,48,1869,3,LRRC41;PARVA;WDR17
coding56,GO:BP,GO:0045165,cell fate commitment,1.0,48,297,2,KDM5A;SNX16
coding56,GO:BP,GO:0045143,homologous chromosome segregation,1.0,48,67,1,LOXL4
coding56,GO:BP,GO:0045137,development of primary sexual characteristics,1.0,48,232,3,LRRC41;PGAP3;SIK2
coding56,GO:BP,GO:0045132,meiotic chromosome segregation,1.0,48,96,1,LOXL4
coding56,GO:BP,GO:0045123,cellular extravasation,1.0,48,74,1,FAM184A
coding56,GO:BP,GO:0045814,"negative regulation of gene expression, epigenetic",1.0,48,195,1,HSD17B12
coding56,GO:BP,GO:0045787,positive regulation of cell cycle,1.0,48,349,1,HERPUD2
coding56,GO:BP,GO:0045785,positive regulation of cell adhesion,1.0,48,483,2,KCNJ11;TMEM136
coding56,GO:BP,GO:0045778,positive regulation of ossification,1.0,48,54,1,SNX16
coding56,GO:BP,GO:0045747,positive regulation of Notch signaling pathway,1.0,48,48,1,DAGLB
coding56,GO:BP,GO:0045746,negative regulation of Notch signaling pathway,1.0,48,40,1,YTHDF2
coding56,GO:BP,GO:0045737,positive regulation of cyclin-dependent protein serine/threonine kinase activity,1.0,48,28,1,HERPUD2
coding56,GO:BP,GO:0045730,respiratory burst,1.0,48,38,1,CDC123
coding56,GO:BP,GO:0045727,positive regulation of translation,1.0,48,134,1,YTHDF2
coding56,GO:BP,GO:0045669,positive regulation of osteoblast differentiation,1.0,48,72,1,SNX16
coding56,GO:BP,GO:0045667,regulation of osteoblast differentiation,1.0,48,134,1,SNX16
coding56,GO:BP,GO:0045623,negative regulation of T-helper cell differentiation,1.0,48,21,1,ZBTB6
coding56,GO:BP,GO:0045622,regulation of T-helper cell differentiation,1.0,48,48,1,ZBTB6
coding56,GO:BP,GO:0045620,negative regulation of lymphocyte differentiation,1.0,48,59,1,ZBTB6
coding56,GO:BP,GO:0045619,regulation of lymphocyte differentiation,1.0,48,218,1,ZBTB6
coding56,GO:BP,GO:0045597,positive regulation of cell differentiation,1.0,48,852,2,LIPA;SNX16
coding56,GO:BP,GO:0046006,regulation of activated T cell proliferation,1.0,48,42,1,MED23
coding56,GO:BP,GO:0045980,negative regulation of nucleotide metabolic process,1.0,48,28,1,NTAN1
coding56,GO:BP,GO:0045948,positive regulation of translational initiation,1.0,48,30,1,YTHDF2
coding56,GO:BP,GO:0045944,positive regulation of transcription by RNA polymerase II,1.0,48,1237,7,EIF2B2;FAM184A;LIPA;LRRC41;PGAP3;RC3H2;SNX16
coding56,GO:BP,GO:0045937,positive regulation of phosphate metabolic process,1.0,48,395,1,HERPUD2
coding56,GO:BP,GO:0045936,negative regulation of phosphate metabolic process,1.0,48,210,1,NTAN1
coding56,GO:BP,GO:0045934,negative regulation of nucleobase-containing compound metabolic process,1.0,48,1510,7,HSD17B12;KDM5A;LIPA;NTAN1;PGAP3;THAP8;ZNF34
coding56,GO:BP,GO:0045927,positive regulation of growth,1.0,48,242,1,SNX16
coding56,GO:BP,GO:0045912,negative regulation of carbohydrate metabolic process,1.0,48,52,1,NTAN1
coding56,GO:BP,GO:0045893,positive regulation of DNA-templated transcription,1.0,48,1672,10,EIF2B2;FAM184A;HSD17B12;KDM5A;LIPA;LRRC41;NRBF2;PGAP3;RC3H2;SNX16
coding56,GO:BP,GO:0045892,negative regulation of DNA-templated transcription,1.0,48,1275,6,HSD17B12;KDM5A;LIPA;PGAP3;THAP8;ZNF34
coding56,GO:BP,GO:0045860,positive regulation of protein kinase activity,1.0,48,194,1,HERPUD2
coding56,GO:BP,GO:0045859,regulation of protein kinase activity,1.0,48,330,1,HERPUD2
coding56,GO:BP,GO:0045834,positive regulation of lipid metabolic process,1.0,48,127,1,DGKQ
coding56,GO:BP,GO:0045824,negative regulation of innate immune response,1.0,48,94,2,MED23;YTHDF2
coding56,GO:BP,GO:0045820,negative regulation of glycolytic process,1.0,48,19,1,NTAN1
coding56,GO:BP,GO:0046460,neutral lipid biosynthetic process,1.0,48,48,2,DGKQ;EIF2B2
coding56,GO:BP,GO:0046457,prostanoid biosynthetic process,1.0,48,30,1,DGKQ
coding56,GO:BP,GO:0046456,icosanoid biosynthetic process,1.0,48,57,1,DGKQ
coding56,GO:BP,GO:0046434,organophosphate catabolic process,1.0,48,246,2,CDC123;NTAN1
coding56,GO:BP,GO:0046395,carboxylic acid catabolic process,1.0,48,233,2,EIF2B2;MED23
coding56,GO:BP,GO:0046394,carboxylic acid biosynthetic process,1.0,48,310,2,DGKQ;KCNJ11
coding56,GO:BP,GO:0046390,ribose phosphate biosynthetic process,1.0,48,180,1,CDC123
coding56,GO:BP,GO:0046364,monosaccharide biosynthetic process,1.0,48,89,1,SAP130
coding56,GO:BP,GO:0046340,diacylglycerol catabolic process,1.0,48,6,1,DGKQ
coding56,GO:BP,GO:0046339,diacylglycerol metabolic process,1.0,48,26,2,DGKQ;SAP130
coding56,GO:BP,GO:0046165,alcohol biosynthetic process,1.0,48,139,2,CDC123;SAP130
coding56,GO:BP,GO:0046148,pigment biosynthetic process,1.0,48,57,1,BMPR1A
coding56,GO:BP,GO:0046034,ATP metabolic process,1.0,48,233,2,CDC123;NTAN1
coding56,GO:BP,GO:0046032,ADP catabolic process,1.0,48,100,2,CDC123;NTAN1
coding56,GO:BP,GO:0046031,ADP metabolic process,1.0,48,107,2,CDC123;NTAN1
coding56,GO:BP,GO:0046007,negative regulation of activated T cell proliferation,1.0,48,15,1,MED23
coding56,GO:BP,GO:0046631,alpha-beta T cell activation,1.0,48,196,1,ZBTB6
coding56,GO:BP,GO:0046626,regulation of insulin receptor signaling pathway,1.0,48,69,1,TSPAN14
coding56,GO:BP,GO:0046622,positive regulation of organ growth,1.0,48,44,1,SNX16
coding56,GO:BP,GO:0046620,regulation of organ growth,1.0,48,87,1,SNX16
coding56,GO:BP,GO:0046545,development of primary female sexual characteristics,1.0,48,109,3,LRRC41;PGAP3;SIK2
coding56,GO:BP,GO:0046503,glycerolipid catabolic process,1.0,48,67,1,DGKQ
coding56,GO:BP,GO:0046501,protoporphyrinogen IX metabolic process,1.0,48,12,1,BMPR1A
coding56,GO:BP,GO:0046496,nicotinamide nucleotide metabolic process,1.0,48,165,2,CDC123;NTAN1
coding56,GO:BP,GO:0046488,phosphatidylinositol metabolic process,1.0,48,151,1,HMBS
coding56,GO:BP,GO:0046486,glycerolipid metabolic process,1.0,48,386,5,CDC123;DGKQ;EIF2B2;HMBS;SAP130
coding56,GO:BP,GO:0046474,glycerophospholipid biosynthetic process,1.0,48,196,2,HMBS;SAP130
coding56,GO:BP,GO:0046473,phosphatidic acid metabolic process,1.0,48,38,1,SAP130
coding56,GO:BP,GO:0046464,acylglycerol catabolic process,1.0,48,40,1,DGKQ
coding56,GO:BP,GO:0046463,acylglycerol biosynthetic process,1.0,48,48,2,DGKQ;EIF2B2
coding56,GO:BP,GO:0046462,monoacylglycerol metabolic process,1.0,48,16,1,DGKQ
coding56,GO:BP,GO:0046461,neutral lipid catabolic process,1.0,48,40,1,DGKQ
coding56,GO:BP,GO:0046883,regulation of hormone secretion,1.0,48,262,1,PARVA
coding56,GO:BP,GO:0046879,hormone secretion,1.0,48,319,2,LRRC41;PARVA
coding56,GO:BP,GO:0046834,lipid phosphorylation,1.0,48,10,1,SAP130
coding56,GO:BP,GO:0046785,microtubule polymerization,1.0,48,101,2,NRBF2;NTAN1
coding56,GO:BP,GO:0046777,protein autophosphorylation,1.0,48,157,1,TSPAN14
coding56,GO:BP,GO:0046683,response to organophosphorus,1.0,48,118,2,PARVA;SAP130
coding56,GO:BP,GO:0046676,negative regulation of insulin secretion,1.0,48,43,1,PARVA
coding56,GO:BP,GO:0046661,male sex differentiation,1.0,48,164,1,SNX16
coding56,GO:BP,GO:0046660,female sex differentiation,1.0,48,129,3,LRRC41;PGAP3;SIK2
coding56,GO:BP,GO:0046651,lymphocyte proliferation,1.0,48,295,3,CDC123;MED23;ZBTB6
coding56,GO:BP,GO:0046649,lymphocyte activation,1.0,48,811,4,CDC123;MED23;TMEM136;ZBTB6
coding56,GO:BP,GO:0046639,negative regulation of alpha-beta T cell differentiation,1.0,48,30,1,ZBTB6
coding56,GO:BP,GO:0046637,regulation of alpha-beta T cell differentiation,1.0,48,78,1,ZBTB6
coding56,GO:BP,GO:0046636,negative regulation of alpha-beta T cell activation,1.0,48,49,1,ZBTB6
coding56,GO:BP,GO:0046634,regulation of alpha-beta T cell activation,1.0,48,120,1,ZBTB6
coding56,GO:BP,GO:0046632,alpha-beta T cell differentiation,1.0,48,137,1,ZBTB6
coding56,GO:BP,GO:0048232,male gamete generation,1.0,48,670,3,ARG1;LOXL4;YTHDF2
coding56,GO:BP,GO:0048146,positive regulation of fibroblast proliferation,1.0,48,52,1,SPATA5
coding56,GO:BP,GO:0048145,regulation of fibroblast proliferation,1.0,48,88,1,SPATA5
coding56,GO:BP,GO:0048144,fibroblast proliferation,1.0,48,107,1,SPATA5
coding56,GO:BP,GO:0048034,heme O biosynthetic process,1.0,48,9,1,BMPR1A
coding56,GO:BP,GO:0048013,ephrin receptor signaling pathway,1.0,48,87,1,NTAN1
coding56,GO:BP,GO:0048008,platelet-derived growth factor receptor signaling pathway,1.0,48,107,1,SPATA5
coding56,GO:BP,GO:0047496,vesicle transport along microtubule,1.0,48,47,1,NRBF2
coding56,GO:BP,GO:0046949,fatty-acyl-CoA biosynthetic process,1.0,48,28,1,KCNJ11
coding56,GO:BP,GO:0046928,regulation of neurotransmitter secretion,1.0,48,86,1,NTAN1
coding56,GO:BP,GO:0046907,intracellular transport,1.0,48,1375,4,CDC123;FCHO1;NRBF2;WDR17
coding56,GO:BP,GO:0046903,secretion,1.0,48,971,3,LRRC41;NTAN1;PARVA
coding56,GO:BP,GO:0046902,regulation of mitochondrial membrane permeability,1.0,48,53,1,NRBF2
coding56,GO:BP,GO:0046890,regulation of lipid biosynthetic process,1.0,48,181,1,SAP130
coding56,GO:BP,GO:0046888,negative regulation of hormone secretion,1.0,48,72,1,PARVA
coding56,GO:BP,GO:0046885,regulation of hormone biosynthetic process,1.0,48,21,1,SAP130
coding56,GO:BP,GO:0048378,regulation of lateral mesodermal cell fate specification,1.0,48,2,1,SNX16
coding56,GO:BP,GO:0048377,lateral mesodermal cell fate specification,1.0,48,2,1,SNX16
coding56,GO:BP,GO:0048372,lateral mesodermal cell fate commitment,1.0,48,2,1,SNX16
coding56,GO:BP,GO:0048371,lateral mesodermal cell differentiation,1.0,48,4,1,SNX16
coding56,GO:BP,GO:0048370,lateral mesoderm formation,1.0,48,5,1,SNX16
coding56,GO:BP,GO:0048369,lateral mesoderm morphogenesis,1.0,48,5,1,SNX16
coding56,GO:BP,GO:0048368,lateral mesoderm development,1.0,48,17,1,SNX16
coding56,GO:BP,GO:0048352,paraxial mesoderm structural organization,1.0,48,1,1,SNX16
coding56,GO:BP,GO:0048340,paraxial mesoderm morphogenesis,1.0,48,10,1,SNX16
coding56,GO:BP,GO:0048339,paraxial mesoderm development,1.0,48,19,1,SNX16
coding56,GO:BP,GO:0048338,mesoderm structural organization,1.0,48,1,1,SNX16
coding56,GO:BP,GO:0048333,mesodermal cell differentiation,1.0,48,33,1,SNX16
coding56,GO:BP,GO:0048332,mesoderm morphogenesis,1.0,48,74,1,SNX16
coding56,GO:BP,GO:0048286,lung alveolus development,1.0,48,52,1,ZBTB6
coding56,GO:BP,GO:0048285,organelle fission,1.0,48,497,1,LOXL4
coding56,GO:BP,GO:0048268,clathrin coat assembly,1.0,48,19,1,TMEM136
coding56,GO:BP,GO:0048534,hematopoietic or lymphoid organ development,1.0,48,104,2,CDC123;ZBTB6
coding56,GO:BP,GO:0048532,anatomical structure arrangement,1.0,48,17,1,SNX16
coding56,GO:BP,GO:0048523,negative regulation of cellular process,1.0,48,5510,14,HSD17B12;KDM5A;LIPA;MED23;MLH3;NTAN1;PARVA;PGAP3;SAP130;SNX16;THAP8;YTHDF2;ZBTB6;ZNF34
coding56,GO:BP,GO:0048522,positive regulation of cellular process,1.0,48,5739,22,CDC123;DAGLB;DGKQ;EIF2B2;FAM184A;HERPUD2;HSD17B12;KCNJ11;KDM5A;LIPA;LRRC41;MED23;NRBF2;NTAN1;PGAP3;RC3H2;SAP130;SNX16;SPATA5;TMEM136;YTHDF2;ZBTB6
coding56,GO:BP,GO:0048519,negative regulation of biological process,1.0,48,5753,14,HSD17B12;KDM5A;LIPA;MED23;MLH3;NTAN1;PARVA;PGAP3;SAP130;SNX16;THAP8;YTHDF2;ZBTB6;ZNF34
coding56,GO:BP,GO:0048518,positive regulation of biological process,1.0,48,6150,24,CDC123;DAGLB;DGKQ;EIF2B2;FAM184A;HERPUD2;HSD17B12;KCNJ11;KDM5A;LIPA;LRRC41;MED23;NRBF2;NTAN1;PGAP3;RC3H2;SAP130;SIK2;SNX16;SPATA5;THAP8;TMEM136;YTHDF2;ZBTB6
coding56,GO:BP,GO:0048514,blood vessel morphogenesis,1.0,48,632,2,BLOC1S2;SNX16
coding56,GO:BP,GO:0048513,animal organ development,1.0,48,3018,14,ARL13B;BLOC1S2;CDC123;FCHO1;LRIG1;LRRC41;NTAN1;PARVA;PGAP3;SIK2;SNX16;SPATA5;ZBTB6;ZNF268
coding56,GO:BP,GO:0048511,rhythmic process,1.0,48,291,3,HSD17B12;LRRC41;PGAP3
coding56,GO:BP,GO:0048490,anterograde synaptic vesicle transport,1.0,48,19,1,NRBF2
coding56,GO:BP,GO:0048489,synaptic vesicle transport,1.0,48,47,1,NRBF2
coding56,GO:BP,GO:0048488,synaptic vesicle endocytosis,1.0,48,71,1,SAP130
coding56,GO:BP,GO:0048477,oogenesis,1.0,48,109,1,YTHDF2
coding56,GO:BP,GO:0048469,cell maturation,1.0,48,207,1,YTHDF2
coding56,GO:BP,GO:0048468,cell development,1.0,48,2842,8,CDC123;FCHO1;NRBF2;NTAN1;SIK2;SNX16;YTHDF2;ZBTB6
coding56,GO:BP,GO:0048382,mesendoderm development,1.0,48,10,1,SNX16
coding56,GO:BP,GO:0048639,positive regulation of developmental growth,1.0,48,156,1,SNX16
coding56,GO:BP,GO:0048638,regulation of developmental growth,1.0,48,306,1,SNX16
coding56,GO:BP,GO:0048609,multicellular organismal reproductive process,1.0,48,988,5,ARG1;LOXL4;LRRC41;PGAP3;YTHDF2
coding56,GO:BP,GO:0048608,reproductive structure development,1.0,48,302,3,LRRC41;PGAP3;SIK2
coding56,GO:BP,GO:0048599,oocyte development,1.0,48,59,1,YTHDF2
coding56,GO:BP,GO:0048598,embryonic morphogenesis,1.0,48,623,4,ARL13B;LRIG1;SNX16;YTHDF2
coding56,GO:BP,GO:0048589,developmental growth,1.0,48,661,2,SNX16;ZBTB6
coding56,GO:BP,GO:0048585,negative regulation of response to stimulus,1.0,48,1693,5,MED23;NTAN1;THAP8;YTHDF2;ZBTB6
coding56,GO:BP,GO:0048584,positive regulation of response to stimulus,1.0,48,2320,8,CDC123;DAGLB;SAP130;SIK2;SNX16;SPATA5;TMEM136;ZBTB6
coding56,GO:BP,GO:0048583,regulation of response to stimulus,1.0,48,3993,14,CDC123;DAGLB;DGKQ;MED23;NTAN1;SAP130;SIK2;SNX16;SPATA5;THAP8;TMEM136;TSPAN14;YTHDF2;ZBTB6
coding56,GO:BP,GO:0048568,embryonic organ development,1.0,48,457,4,ARL13B;FCHO1;LRIG1;SNX16
coding56,GO:BP,GO:0048565,digestive tract development,1.0,48,134,1,SPATA5
coding56,GO:BP,GO:0048562,embryonic organ morphogenesis,1.0,48,305,2,ARL13B;LRIG1
coding56,GO:BP,GO:0048539,bone marrow development,1.0,48,9,1,CDC123
coding56,GO:BP,GO:0048536,spleen development,1.0,48,41,2,CDC123;ZBTB6
coding56,GO:BP,GO:0048535,lymph node development,1.0,48,21,1,ZBTB6
coding56,GO:BP,GO:0048762,mesenchymal cell differentiation,1.0,48,252,1,SNX16
coding56,GO:BP,GO:0048753,pigment granule organization,1.0,48,40,1,NRBF2
coding56,GO:BP,GO:0048738,cardiac muscle tissue development,1.0,48,225,2,PARVA;SNX16
coding56,GO:BP,GO:0048736,appendage development,1.0,48,192,2,SNX16;ZBTB6
coding56,GO:BP,GO:0048732,gland development,1.0,48,425,2,CDC123;SNX16
coding56,GO:BP,GO:0048731,system development,1.0,48,4023,17,ARL13B;BLOC1S2;CDC123;DGKQ;KDM5A;LRIG1;LRRC41;NRBF2;NTAN1;PARVA;PGAP3;SIK2;SNX16;SPATA5;YTHDF2;ZBTB6;ZNF268
coding56,GO:BP,GO:0048729,tissue morphogenesis,1.0,48,612,2,ARL13B;SNX16
coding56,GO:BP,GO:0048709,oligodendrocyte differentiation,1.0,48,104,1,SIK2
coding56,GO:BP,GO:0048699,generation of neurons,1.0,48,1523,4,DGKQ;NRBF2;NTAN1;SNX16
coding56,GO:BP,GO:0048666,neuron development,1.0,48,1167,3,NRBF2;NTAN1;SNX16
coding56,GO:BP,GO:0048661,positive regulation of smooth muscle cell proliferation,1.0,48,76,1,SNX16
coding56,GO:BP,GO:0048660,regulation of smooth muscle cell proliferation,1.0,48,125,1,SNX16
coding56,GO:BP,GO:0048659,smooth muscle cell proliferation,1.0,48,128,1,SNX16
coding56,GO:BP,GO:0048646,anatomical structure formation involved in morphogenesis,1.0,48,1190,2,BLOC1S2;SNX16
coding56,GO:BP,GO:0048645,animal organ formation,1.0,48,69,1,SNX16
coding56,GO:BP,GO:0048644,muscle organ morphogenesis,1.0,48,78,1,SNX16
coding56,GO:BP,GO:0050658,RNA transport,1.0,48,160,1,FCHO1
coding56,GO:BP,GO:0050657,nucleic acid transport,1.0,48,160,1,FCHO1
coding56,GO:BP,GO:0048878,chemical homeostasis,1.0,48,951,3,CDC123;GIT1;LRRC41
coding56,GO:BP,GO:0048873,homeostasis of number of cells within a tissue,1.0,48,41,1,CDC123
coding56,GO:BP,GO:0048872,homeostasis of number of cells,1.0,48,338,2,CDC123;ZBTB6
coding56,GO:BP,GO:0048871,multicellular organismal-level homeostasis,1.0,48,839,3,CDC123;SPATA5;ZBTB6
coding56,GO:BP,GO:0048870,cell motility,1.0,48,1794,7,ARL13B;BLOC1S2;FAM184A;LIPA;SNX16;SPATA5;THAP8
coding56,GO:BP,GO:0048869,cellular developmental process,1.0,48,4444,11,CDC123;DGKQ;FCHO1;KDM5A;LIPA;NRBF2;NTAN1;SIK2;SNX16;YTHDF2;ZBTB6
coding56,GO:BP,GO:0048864,stem cell development,1.0,48,85,1,SNX16
coding56,GO:BP,GO:0048863,stem cell differentiation,1.0,48,253,3,KDM5A;SNX16;YTHDF2
coding56,GO:BP,GO:0048857,neural nucleus development,1.0,48,69,1,ZNF268
coding56,GO:BP,GO:0048856,anatomical structure development,1.0,48,5948,18,ARL13B;BLOC1S2;CDC123;DGKQ;FCHO1;KDM5A;LRIG1;LRRC41;NRBF2;NTAN1;PARVA;PGAP3;SIK2;SNX16;SPATA5;YTHDF2;ZBTB6;ZNF268
coding56,GO:BP,GO:0048844,artery morphogenesis,1.0,48,73,1,SNX16
coding56,GO:BP,GO:0048840,otolith development,1.0,48,10,1,LRIG1
coding56,GO:BP,GO:0048839,inner ear development,1.0,48,209,1,LRIG1
coding56,GO:BP,GO:0048771,tissue remodeling,1.0,48,178,1,CDC123
coding56,GO:BP,GO:0050779,RNA destabilization,1.0,48,101,2,YTHDF2;ZBTB6
coding56,GO:BP,GO:0050778,positive regulation of immune response,1.0,48,775,4,CDC123;SIK2;TMEM136;ZBTB6
coding56,GO:BP,GO:0050777,negative regulation of immune response,1.0,48,199,3,MED23;YTHDF2;ZBTB6
coding56,GO:BP,GO:0050776,regulation of immune response,1.0,48,970,6,CDC123;MED23;SIK2;TMEM136;YTHDF2;ZBTB6
coding56,GO:BP,GO:0050773,regulation of dendrite development,1.0,48,97,1,SNX16
coding56,GO:BP,GO:0050768,negative regulation of neurogenesis,1.0,48,129,1,SNX16
coding56,GO:BP,GO:0050767,regulation of neurogenesis,1.0,48,350,2,SNX16;YTHDF2
coding56,GO:BP,GO:0050728,negative regulation of inflammatory response,1.0,48,169,1,NTAN1
coding56,GO:BP,GO:0050727,regulation of inflammatory response,1.0,48,395,2,DGKQ;NTAN1
coding56,GO:BP,GO:0050709,negative regulation of protein secretion,1.0,48,69,1,PARVA
coding56,GO:BP,GO:0050708,regulation of protein secretion,1.0,48,265,1,PARVA
coding56,GO:BP,GO:0050679,positive regulation of epithelial cell proliferation,1.0,48,200,2,LRRC41;SNX16
coding56,GO:BP,GO:0050678,regulation of epithelial cell proliferation,1.0,48,356,2,LRRC41;SNX16
coding56,GO:BP,GO:0050673,epithelial cell proliferation,1.0,48,435,3,CDC123;LRRC41;SNX16
coding56,GO:BP,GO:0050672,negative regulation of lymphocyte proliferation,1.0,48,89,1,MED23
coding56,GO:BP,GO:0050670,regulation of lymphocyte proliferation,1.0,48,239,1,MED23
coding56,GO:BP,GO:0050851,antigen receptor-mediated signaling pathway,1.0,48,196,4,CDC123;SIK2;TMEM136;ZBTB6
coding56,GO:BP,GO:0050832,defense response to fungus,1.0,48,58,1,MED23
coding56,GO:BP,GO:0050821,protein stabilization,1.0,48,230,1,BLOC1S2
coding56,GO:BP,GO:0050817,coagulation,1.0,48,246,1,SAP130
coding56,GO:BP,GO:0050810,regulation of steroid biosynthetic process,1.0,48,77,1,SAP130
coding56,GO:BP,GO:0050808,synapse organization,1.0,48,561,1,KDM5A
coding56,GO:BP,GO:0050807,regulation of synapse organization,1.0,48,298,1,KDM5A
coding56,GO:BP,GO:0050804,modulation of chemical synaptic transmission,1.0,48,503,1,NTAN1
coding56,GO:BP,GO:0050803,regulation of synapse structure or activity,1.0,48,305,1,KDM5A
coding56,GO:BP,GO:0050798,activated T cell proliferation,1.0,48,46,1,MED23
coding56,GO:BP,GO:0050796,regulation of insulin secretion,1.0,48,176,1,PARVA
coding56,GO:BP,GO:0050794,regulation of cellular process,1.0,48,11962,33,ARG1;ARL13B;CDC123;DAGLB;DGKQ;EIF2B2;FAM184A;GIT1;HERPUD2;HSD17B12;KCNJ11;KDM5A;LIPA;LRRC41;MED23;MLH3;NRBF2;NTAN1;PARVA;PGAP3;RC3H2;SAP130;SIK2;SNX16;SPATA5;SPDYE2;THAP8;TMEM136;TSPAN14;YTHDF2;ZBTB6;ZNF268;ZNF34
coding56,GO:BP,GO:0050793,regulation of developmental process,1.0,48,2431,7,BLOC1S2;KDM5A;LIPA;SNX16;THAP8;YTHDF2;ZBTB6
coding56,GO:BP,GO:0050790,regulation of catalytic activity,1.0,48,774,1,HERPUD2
coding56,GO:BP,GO:0050789,regulation of biological process,1.0,48,12397,34,ARG1;ARL13B;BLOC1S2;CDC123;DAGLB;DGKQ;EIF2B2;FAM184A;GIT1;HERPUD2;HSD17B12;KCNJ11;KDM5A;LIPA;LRRC41;MED23;MLH3;NRBF2;NTAN1;PARVA;PGAP3;RC3H2;SAP130;SIK2;SNX16;SPATA5;SPDYE2;THAP8;TMEM136;TSPAN14;YTHDF2;ZBTB6;ZNF268;ZNF34
coding56,GO:BP,GO:0050954,sensory perception of mechanical stimulus,1.0,48,196,1,LRIG1
coding56,GO:BP,GO:0050900,leukocyte migration,1.0,48,386,1,FAM184A
coding56,GO:BP,GO:0050896,response to stimulus,1.0,48,9051,26,ARG1;ARL13B;BLOC1S2;CDC123;DAGLB;DGKQ;EIF2B2;GIT1;KDM5A;LOXL4;LRRC41;MED23;MED27;NRBF2;NTAN1;PARVA;PGAP3;SAP130;SIK2;SNX16;SPATA5;THAP8;TMEM136;TSPAN14;YTHDF2;ZBTB6
coding56,GO:BP,GO:0050890,cognition,1.0,48,315,2,CHD4;NTAN1
coding56,GO:BP,GO:0050878,regulation of body fluid levels,1.0,48,374,1,SAP130
coding56,GO:BP,GO:0050877,nervous system process,1.0,48,1503,4,CHD4;LRIG1;NTAN1;PARVA
coding56,GO:BP,GO:0050870,positive regulation of T cell activation,1.0,48,255,1,TMEM136
coding56,GO:BP,GO:0050868,negative regulation of T cell activation,1.0,48,132,2,MED23;ZBTB6
coding56,GO:BP,GO:0050867,positive regulation of cell activation,1.0,48,380,1,TMEM136
coding56,GO:BP,GO:0050866,negative regulation of cell activation,1.0,48,213,2,MED23;ZBTB6
coding56,GO:BP,GO:0050865,regulation of cell activation,1.0,48,627,3,MED23;TMEM136;ZBTB6
coding56,GO:BP,GO:0050863,regulation of T cell activation,1.0,48,386,3,MED23;TMEM136;ZBTB6
coding56,GO:BP,GO:0050862,positive regulation of T cell receptor signaling pathway,1.0,48,19,1,CDC123
coding56,GO:BP,GO:0050857,positive regulation of antigen receptor-mediated signaling pathway,1.0,48,26,1,CDC123
coding56,GO:BP,GO:0050856,regulation of T cell receptor signaling pathway,1.0,48,52,1,CDC123
coding56,GO:BP,GO:0050854,regulation of antigen receptor-mediated signaling pathway,1.0,48,70,1,CDC123
coding56,GO:BP,GO:0051147,regulation of muscle cell differentiation,1.0,48,137,1,SNX16
coding56,GO:BP,GO:0051146,striated muscle cell differentiation,1.0,48,287,1,SNX16
coding56,GO:BP,GO:0051130,positive regulation of cellular component organization,1.0,48,1091,2,NTAN1;SNX16
coding56,GO:BP,GO:0051128,regulation of cellular component organization,1.0,48,2427,4,KDM5A;NTAN1;SAP130;SNX16
coding56,GO:BP,GO:0051123,RNA polymerase II preinitiation complex assembly,1.0,48,69,2,FAM184A;RC3H2
coding56,GO:BP,GO:0051094,positive regulation of developmental process,1.0,48,1305,3,LIPA;SNX16;THAP8
coding56,GO:BP,GO:0051093,negative regulation of developmental process,1.0,48,916,4,SNX16;THAP8;YTHDF2;ZBTB6
coding56,GO:BP,GO:0051056,regulation of small GTPase mediated signal transduction,1.0,48,302,1,NTAN1
coding56,GO:BP,GO:0051051,negative regulation of transport,1.0,48,404,1,PARVA
coding56,GO:BP,GO:0051049,regulation of transport,1.0,48,1566,4,LRRC41;NTAN1;PARVA;SAP130
coding56,GO:BP,GO:0051048,negative regulation of secretion,1.0,48,166,1,PARVA
coding56,GO:BP,GO:0051046,regulation of secretion,1.0,48,608,3,LRRC41;NTAN1;PARVA
coding56,GO:BP,GO:0051036,regulation of endosome size,1.0,48,11,1,NRBF2
coding56,GO:BP,GO:0051028,mRNA transport,1.0,48,131,1,FCHO1
coding56,GO:BP,GO:0050996,positive regulation of lipid catabolic process,1.0,48,26,1,DGKQ
coding56,GO:BP,GO:0050994,regulation of lipid catabolic process,1.0,48,61,1,DGKQ
coding56,GO:BP,GO:0051249,regulation of lymphocyte activation,1.0,48,506,3,MED23;TMEM136;ZBTB6
coding56,GO:BP,GO:0051247,positive regulation of protein metabolic process,1.0,48,863,2,HERPUD2;YTHDF2
coding56,GO:BP,GO:0051246,regulation of protein metabolic process,1.0,48,1574,3,HERPUD2;SIK2;YTHDF2
coding56,GO:BP,GO:0051241,negative regulation of multicellular organismal process,1.0,48,1091,5,MED23;NTAN1;SNX16;THAP8;ZBTB6
coding56,GO:BP,GO:0051240,positive regulation of multicellular organismal process,1.0,48,1639,4,SNX16;SPATA5;THAP8;TMEM136
coding56,GO:BP,GO:0051239,regulation of multicellular organismal process,1.0,48,2923,9,MED23;NTAN1;SNX16;SPATA5;THAP8;TMEM136;YTHDF2;ZBTB6;ZNF34
coding56,GO:BP,GO:0051236,establishment of RNA localization,1.0,48,163,1,FCHO1
coding56,GO:BP,GO:0051234,establishment of localization,1.0,48,4804,9,CDC123;FCHO1;LRRC41;NRBF2;NTAN1;PARVA;SAP130;TMEM136;WDR17
coding56,GO:BP,GO:0051224,negative regulation of protein transport,1.0,48,116,1,PARVA
coding56,GO:BP,GO:0051223,regulation of protein transport,1.0,48,433,1,PARVA
coding56,GO:BP,GO:0051216,cartilage development,1.0,48,213,1,SNX16
coding56,GO:BP,GO:0051179,localization,1.0,48,5493,12,ARL13B;CDC123;DAGLB;FCHO1;LOXL4;LRRC41;NRBF2;NTAN1;PARVA;SAP130;TMEM136;WDR17
coding56,GO:BP,GO:0051174,regulation of phosphorus metabolic process,1.0,48,702,2,HERPUD2;NTAN1
coding56,GO:BP,GO:0051169,nuclear transport,1.0,48,332,1,FCHO1
coding56,GO:BP,GO:0051168,nuclear export,1.0,48,166,1,FCHO1
coding56,GO:BP,GO:0051148,negative regulation of muscle cell differentiation,1.0,48,59,1,SNX16
coding56,GO:BP,GO:0051604,protein maturation,1.0,48,530,3,C6orf106;DAGLB;HMBS
coding56,GO:BP,GO:0051591,response to cAMP,1.0,48,80,1,SAP130
coding56,GO:BP,GO:0051588,regulation of neurotransmitter transport,1.0,48,103,1,NTAN1
coding56,GO:BP,GO:0051495,positive regulation of cytoskeleton organization,1.0,48,186,1,NTAN1
coding56,GO:BP,GO:0051493,regulation of cytoskeleton organization,1.0,48,531,1,NTAN1
coding56,GO:BP,GO:0051338,regulation of transferase activity,1.0,48,408,1,HERPUD2
coding56,GO:BP,GO:0051321,meiotic cell cycle,1.0,48,295,2,LOXL4;YTHDF2
coding56,GO:BP,GO:0051302,regulation of cell division,1.0,48,186,2,NTAN1;SPATA5
coding56,GO:BP,GO:0051301,cell division,1.0,48,656,3,NTAN1;SPATA5;YTHDF2
coding56,GO:BP,GO:0051276,chromosome organization,1.0,48,575,1,LOXL4
coding56,GO:BP,GO:0051258,protein polymerization,1.0,48,281,2,NRBF2;NTAN1
coding56,GO:BP,GO:0051253,negative regulation of RNA metabolic process,1.0,48,1389,6,HSD17B12;KDM5A;LIPA;PGAP3;THAP8;ZNF34
coding56,GO:BP,GO:0051251,positive regulation of lymphocyte activation,1.0,48,331,1,TMEM136
coding56,GO:BP,GO:0051250,negative regulation of lymphocyte activation,1.0,48,164,2,MED23;ZBTB6
coding56,GO:BP,GO:0051897,positive regulation of phosphatidylinositol 3-kinase/protein kinase B signal transduction,1.0,48,192,1,SPATA5
coding56,GO:BP,GO:0051896,regulation of phosphatidylinositol 3-kinase/protein kinase B signal transduction,1.0,48,268,1,SPATA5
coding56,GO:BP,GO:0051881,regulation of mitochondrial membrane potential,1.0,48,70,1,CDC123
coding56,GO:BP,GO:0051781,positive regulation of cell division,1.0,48,96,1,SPATA5
coding56,GO:BP,GO:0051726,regulation of cell cycle,1.0,48,1088,4,HERPUD2;LIPA;NTAN1;YTHDF2
coding56,GO:BP,GO:0051716,cellular response to stimulus,1.0,48,7425,25,ARG1;ARL13B;BLOC1S2;CDC123;DAGLB;EIF2B2;GIT1;KDM5A;LOXL4;LRRC41;MED23;MED27;NRBF2;NTAN1;PARVA;PGAP3;SAP130;SIK2;SNX16;SPATA5;THAP8;TMEM136;TSPAN14;YTHDF2;ZBTB6
coding56,GO:BP,GO:0051712,positive regulation of killing of cells of another organism,1.0,48,3,1,MED23
coding56,GO:BP,GO:0051709,regulation of killing of cells of another organism,1.0,48,4,1,MED23
coding56,GO:BP,GO:0051707,response to other organism,1.0,48,1610,3,MED23;NTAN1;YTHDF2
coding56,GO:BP,GO:0051668,localization within membrane,1.0,48,921,2,ARL13B;DAGLB
coding56,GO:BP,GO:0051656,establishment of organelle localization,1.0,48,394,1,NRBF2
coding56,GO:BP,GO:0051650,establishment of vesicle localization,1.0,48,200,1,NRBF2
coding56,GO:BP,GO:0051649,establishment of localization in cell,1.0,48,1938,7,CDC123;FCHO1;LRRC41;NRBF2;NTAN1;SAP130;WDR17
coding56,GO:BP,GO:0051648,vesicle localization,1.0,48,220,1,NRBF2
coding56,GO:BP,GO:0051641,cellular localization,1.0,48,2584,9,ARL13B;CDC123;DAGLB;FCHO1;LRRC41;NRBF2;NTAN1;SAP130;WDR17
coding56,GO:BP,GO:0051640,organelle localization,1.0,48,614,1,NRBF2
coding56,GO:BP,GO:0055086,nucleobase-containing small molecule metabolic process,1.0,48,668,3,CDC123;KCNJ11;NTAN1
coding56,GO:BP,GO:0055085,transmembrane transport,1.0,48,1555,1,PARVA
coding56,GO:BP,GO:0055082,intracellular chemical homeostasis,1.0,48,626,2,GIT1;LRRC41
coding56,GO:BP,GO:0055023,positive regulation of cardiac muscle tissue growth,1.0,48,28,1,SNX16
coding56,GO:BP,GO:0055021,regulation of cardiac muscle tissue growth,1.0,48,52,1,SNX16
coding56,GO:BP,GO:0055017,cardiac muscle tissue growth,1.0,48,71,1,SNX16
coding56,GO:BP,GO:0055013,cardiac muscle cell development,1.0,48,77,1,SNX16
coding56,GO:BP,GO:0055010,ventricular cardiac muscle tissue morphogenesis,1.0,48,47,1,SNX16
coding56,GO:BP,GO:0055008,cardiac muscle tissue morphogenesis,1.0,48,59,1,SNX16
coding56,GO:BP,GO:0055007,cardiac muscle cell differentiation,1.0,48,113,1,SNX16
coding56,GO:BP,GO:0055006,cardiac cell development,1.0,48,83,1,SNX16
coding56,GO:BP,GO:0055002,striated muscle cell development,1.0,48,162,1,SNX16
coding56,GO:BP,GO:0055001,muscle cell development,1.0,48,190,1,SNX16
coding56,GO:BP,GO:0051963,regulation of synapse assembly,1.0,48,163,1,KDM5A
coding56,GO:BP,GO:0051961,negative regulation of nervous system development,1.0,48,136,1,SNX16
coding56,GO:BP,GO:0051960,regulation of nervous system development,1.0,48,430,2,SNX16;YTHDF2
coding56,GO:BP,GO:0060260,regulation of transcription initiation by RNA polymerase II,1.0,48,73,2,FAM184A;RC3H2
coding56,GO:BP,GO:0060255,regulation of macromolecule metabolic process,1.0,48,6392,23,EIF2B2;FAM184A;GIT1;HERPUD2;HSD17B12;KDM5A;LIPA;LRRC41;MED23;MLH3;NRBF2;NTAN1;PGAP3;RC3H2;SAP130;SIK2;SNX16;SPDYE2;THAP8;YTHDF2;ZBTB6;ZNF268;ZNF34
coding56,GO:BP,GO:0060249,anatomical structure homeostasis,1.0,48,271,1,CDC123
coding56,GO:BP,GO:0060232,delamination,1.0,48,7,1,YTHDF2
coding56,GO:BP,GO:0060218,hematopoietic stem cell differentiation,1.0,48,36,1,YTHDF2
coding56,GO:BP,GO:0060215,primitive hemopoiesis,1.0,48,9,1,FCHO1
coding56,GO:BP,GO:0060173,limb development,1.0,48,192,2,SNX16;ZBTB6
coding56,GO:BP,GO:0060155,platelet dense granule organization,1.0,48,25,1,NRBF2
coding56,GO:BP,GO:0060045,positive regulation of cardiac muscle cell proliferation,1.0,48,24,1,SNX16
coding56,GO:BP,GO:0060043,regulation of cardiac muscle cell proliferation,1.0,48,36,1,SNX16
coding56,GO:BP,GO:0060038,cardiac muscle cell proliferation,1.0,48,48,1,SNX16
coding56,GO:BP,GO:0060037,pharyngeal system development,1.0,48,31,1,SNX16
coding56,GO:BP,GO:0060033,anatomical structure regression,1.0,48,16,1,SNX16
coding56,GO:BP,GO:0060021,roof of mouth development,1.0,48,93,1,SNX16
coding56,GO:BP,GO:0055123,digestive system development,1.0,48,147,1,SPATA5
coding56,GO:BP,GO:0055088,lipid homeostasis,1.0,48,170,1,CDC123
coding56,GO:BP,GO:0060390,regulation of SMAD protein signal transduction,1.0,48,67,1,SNX16
coding56,GO:BP,GO:0060384,innervation,1.0,48,28,1,LRIG1
coding56,GO:BP,GO:0060348,bone development,1.0,48,215,2,CDC123;SPATA5
coding56,GO:BP,GO:0060339,negative regulation of type I interferon-mediated signaling pathway,1.0,48,23,1,YTHDF2
coding56,GO:BP,GO:0060338,regulation of type I interferon-mediated signaling pathway,1.0,48,44,1,YTHDF2
coding56,GO:BP,GO:0060337,type I interferon-mediated signaling pathway,1.0,48,85,1,YTHDF2
coding56,GO:BP,GO:0060336,negative regulation of type II interferon-mediated signaling pathway,1.0,48,8,1,MED23
coding56,GO:BP,GO:0060334,regulation of type II interferon-mediated signaling pathway,1.0,48,15,1,MED23
coding56,GO:BP,GO:0060333,type II interferon-mediated signaling pathway,1.0,48,27,1,MED23
coding56,GO:BP,GO:0060331,negative regulation of response to type II interferon,1.0,48,8,1,MED23
coding56,GO:BP,GO:0060330,regulation of response to type II interferon,1.0,48,15,1,MED23
coding56,GO:BP,GO:0060326,cell chemotaxis,1.0,48,315,1,BLOC1S2
coding56,GO:BP,GO:0060322,head development,1.0,48,787,4,ARL13B;NTAN1;SNX16;ZNF268
coding56,GO:BP,GO:0060284,regulation of cell development,1.0,48,816,3,SNX16;YTHDF2;ZBTB6
coding56,GO:BP,GO:0060271,cilium assembly,1.0,48,407,2,ARL13B;BLOC1S2
coding56,GO:BP,GO:0060261,positive regulation of transcription initiation by RNA polymerase II,1.0,48,62,2,FAM184A;RC3H2
coding56,GO:BP,GO:0060759,regulation of response to cytokine stimulus,1.0,48,179,2,MED23;YTHDF2
coding56,GO:BP,GO:0060627,regulation of vesicle-mediated transport,1.0,48,529,2,NTAN1;SAP130
coding56,GO:BP,GO:0060612,adipose tissue development,1.0,48,59,1,CDC123
coding56,GO:BP,GO:0060562,epithelial tube morphogenesis,1.0,48,333,1,ARL13B
coding56,GO:BP,GO:0060541,respiratory system development,1.0,48,221,3,CDC123;SNX16;ZBTB6
coding56,GO:BP,GO:0060537,muscle tissue development,1.0,48,421,2,PARVA;SNX16
coding56,GO:BP,GO:0060485,mesenchyme development,1.0,48,319,1,SNX16
coding56,GO:BP,GO:0060429,epithelium development,1.0,48,1234,3,ARL13B;CDC123;SNX16
coding56,GO:BP,GO:0060421,positive regulation of heart growth,1.0,48,32,1,SNX16
coding56,GO:BP,GO:0060420,regulation of heart growth,1.0,48,58,1,SNX16
coding56,GO:BP,GO:0060419,heart growth,1.0,48,79,1,SNX16
coding56,GO:BP,GO:0060415,muscle tissue morphogenesis,1.0,48,70,1,SNX16
coding56,GO:BP,GO:0060412,ventricular septum morphogenesis,1.0,48,40,1,SNX16
coding56,GO:BP,GO:0060411,cardiac septum morphogenesis,1.0,48,71,2,BLOC1S2;SNX16
coding56,GO:BP,GO:0060395,SMAD protein signal transduction,1.0,48,83,1,SNX16
coding56,GO:BP,GO:0060391,positive regulation of SMAD protein signal transduction,1.0,48,42,1,SNX16
coding56,GO:BP,GO:0061053,somite development,1.0,48,85,1,SNX16
coding56,GO:BP,GO:0061014,positive regulation of mRNA catabolic process,1.0,48,102,2,YTHDF2;ZBTB6
coding56,GO:BP,GO:0061013,regulation of mRNA catabolic process,1.0,48,192,3,MLH3;YTHDF2;ZBTB6
coding56,GO:BP,GO:0061008,hepaticobiliary system development,1.0,48,123,1,CDC123
coding56,GO:BP,GO:0060972,left/right pattern formation,1.0,48,144,1,ARL13B
coding56,GO:BP,GO:0060928,atrioventricular node cell development,1.0,48,4,1,SNX16
coding56,GO:BP,GO:0060926,cardiac pacemaker cell development,1.0,48,9,1,SNX16
coding56,GO:BP,GO:0060922,atrioventricular node cell differentiation,1.0,48,5,1,SNX16
coding56,GO:BP,GO:0060920,cardiac pacemaker cell differentiation,1.0,48,11,1,SNX16
coding56,GO:BP,GO:0060914,heart formation,1.0,48,33,1,SNX16
coding56,GO:BP,GO:0060897,neural plate regionalization,1.0,48,5,1,SNX16
coding56,GO:BP,GO:0060896,neural plate pattern specification,1.0,48,7,1,SNX16
coding56,GO:BP,GO:0060840,artery development,1.0,48,107,1,SNX16
coding56,GO:BP,GO:0060837,blood vessel endothelial cell differentiation,1.0,48,12,1,CDC123
coding56,GO:BP,GO:0060795,cell fate commitment involved in formation of primary germ layer,1.0,48,33,1,SNX16
coding56,GO:BP,GO:0060761,negative regulation of response to cytokine stimulus,1.0,48,88,2,MED23;YTHDF2
coding56,GO:BP,GO:0061743,motor learning,1.0,48,7,1,NTAN1
coding56,GO:BP,GO:0061626,pharyngeal arch artery morphogenesis,1.0,48,10,1,SNX16
coding56,GO:BP,GO:0061614,miRNA transcription,1.0,48,76,1,SNX16
coding56,GO:BP,GO:0061519,macrophage homeostasis,1.0,48,3,1,CDC123
coding56,GO:BP,GO:0061512,protein localization to cilium,1.0,48,76,1,ARL13B
coding56,GO:BP,GO:0061470,T follicular helper cell differentiation,1.0,48,11,1,ZBTB6
coding56,GO:BP,GO:0061469,regulation of type B pancreatic cell proliferation,1.0,48,15,1,LRRC41
coding56,GO:BP,GO:0061462,protein localization to lysosome,1.0,48,51,1,WDR17
coding56,GO:BP,GO:0061458,reproductive system development,1.0,48,306,3,LRRC41;PGAP3;SIK2
coding56,GO:BP,GO:0061448,connective tissue development,1.0,48,291,2,CDC123;SNX16
coding56,GO:BP,GO:0061384,heart trabecula morphogenesis,1.0,48,33,1,SNX16
coding56,GO:BP,GO:0061383,trabecula morphogenesis,1.0,48,48,1,SNX16
coding56,GO:BP,GO:0061371,determination of heart left/right asymmetry,1.0,48,71,1,ARL13B
coding56,GO:BP,GO:0061351,neural precursor cell proliferation,1.0,48,164,1,DGKQ
coding56,GO:BP,GO:0061157,mRNA destabilization,1.0,48,97,2,YTHDF2;ZBTB6
coding56,GO:BP,GO:0061061,muscle structure development,1.0,48,673,1,SNX16
coding56,GO:BP,GO:0070193,synaptonemal complex organization,1.0,48,28,1,LOXL4
coding56,GO:BP,GO:0070192,chromosome organization involved in meiotic cell cycle,1.0,48,66,1,LOXL4
coding56,GO:BP,GO:0070169,positive regulation of biomineral tissue development,1.0,48,54,1,SNX16
coding56,GO:BP,GO:0070167,regulation of biomineral tissue development,1.0,48,100,1,SNX16
coding56,GO:BP,GO:0065009,regulation of molecular function,1.0,48,1070,1,HERPUD2
coding56,GO:BP,GO:0065008,regulation of biological quality,1.0,48,2963,11,BLOC1S2;CDC123;KCNJ11;KDM5A;LRRC41;MLH3;NRBF2;PARVA;SAP130;YTHDF2;ZBTB6
coding56,GO:BP,GO:0065007,biological regulation,1.0,48,12804,34,ARG1;ARL13B;BLOC1S2;CDC123;DAGLB;DGKQ;EIF2B2;FAM184A;GIT1;HERPUD2;HSD17B12;KCNJ11;KDM5A;LIPA;LRRC41;MED23;MLH3;NRBF2;NTAN1;PARVA;PGAP3;RC3H2;SAP130;SIK2;SNX16;SPATA5;SPDYE2;THAP8;TMEM136;TSPAN14;YTHDF2;ZBTB6;ZNF268;ZNF34
coding56,GO:BP,GO:0065004,protein-DNA complex assembly,1.0,48,213,2,FAM184A;RC3H2
coding56,GO:BP,GO:0065003,protein-containing complex assembly,1.0,48,3214,6,C6orf106;FAM184A;NRBF2;NTAN1;RC3H2;TMEM136
coding56,GO:BP,GO:0062196,regulation of lysosome size,1.0,48,9,1,NRBF2
coding56,GO:BP,GO:0062014,negative regulation of small molecule metabolic process,1.0,48,107,1,NTAN1
coding56,GO:BP,GO:0062012,regulation of small molecule metabolic process,1.0,48,313,2,NTAN1;SAP130
coding56,GO:BP,GO:0061982,meiosis I cell cycle process,1.0,48,142,1,LOXL4
coding56,GO:BP,GO:0061919,process utilizing autophagic mechanism,1.0,48,599,1,MED27
coding56,GO:BP,GO:0061792,secretory granule maturation,1.0,48,3,1,LRRC41
coding56,GO:BP,GO:0061762,CAMKK-AMPK signaling cascade,1.0,48,11,1,PARVA
coding56,GO:BP,GO:0070664,negative regulation of leukocyte proliferation,1.0,48,99,1,MED23
coding56,GO:BP,GO:0070663,regulation of leukocyte proliferation,1.0,48,269,1,MED23
coding56,GO:BP,GO:0070661,leukocyte proliferation,1.0,48,339,3,CDC123;MED23;ZBTB6
coding56,GO:BP,GO:0070647,protein modification by small protein conjugation or removal,1.0,48,927,3,DCAF16;ZBTB6;ZNF236
coding56,GO:BP,GO:0070528,protein kinase C signaling,1.0,48,6,1,SAP130
coding56,GO:BP,GO:0070507,regulation of microtubule cytoskeleton organization,1.0,48,169,1,NTAN1
coding56,GO:BP,GO:0070493,thrombin-activated receptor signaling pathway,1.0,48,14,1,SAP130
coding56,GO:BP,GO:0070482,response to oxygen levels,1.0,48,317,1,PARVA
coding56,GO:BP,GO:0070374,positive regulation of ERK1 and ERK2 cascade,1.0,48,189,1,SPATA5
coding56,GO:BP,GO:0070372,regulation of ERK1 and ERK2 cascade,1.0,48,276,1,SPATA5
coding56,GO:BP,GO:0070371,ERK1 and ERK2 cascade,1.0,48,300,1,SPATA5
coding56,GO:BP,GO:0070341,fat cell proliferation,1.0,48,15,1,CDC123
coding56,GO:BP,GO:0070252,actin-mediated cell contraction,1.0,48,115,1,BLOC1S2
coding56,GO:BP,GO:0070231,T cell apoptotic process,1.0,48,60,1,CDC123
coding56,GO:BP,GO:0070227,lymphocyte apoptotic process,1.0,48,83,1,CDC123
coding56,GO:BP,GO:0070201,regulation of establishment of protein localization,1.0,48,481,1,PARVA
coding56,GO:BP,GO:0071216,cellular response to biotic stimulus,1.0,48,252,1,NTAN1
coding56,GO:BP,GO:0070986,left/right axis specification,1.0,48,15,1,ARL13B
coding56,GO:BP,GO:0070965,positive regulation of neutrophil mediated killing of fungus,1.0,48,1,1,MED23
coding56,GO:BP,GO:0070961,positive regulation of neutrophil mediated killing of symbiont cell,1.0,48,2,1,MED23
coding56,GO:BP,GO:0070960,positive regulation of neutrophil mediated cytotoxicity,1.0,48,2,1,MED23
coding56,GO:BP,GO:0070953,regulation of neutrophil mediated killing of fungus,1.0,48,1,1,MED23
coding56,GO:BP,GO:0070949,regulation of neutrophil mediated killing of symbiont cell,1.0,48,3,1,MED23
coding56,GO:BP,GO:0070948,regulation of neutrophil mediated cytotoxicity,1.0,48,5,1,MED23
coding56,GO:BP,GO:0070947,neutrophil-mediated killing of fungus,1.0,48,2,1,MED23
coding56,GO:BP,GO:0070943,neutrophil-mediated killing of symbiont cell,1.0,48,14,1,MED23
coding56,GO:BP,GO:0070942,neutrophil mediated cytotoxicity,1.0,48,16,1,MED23
coding56,GO:BP,GO:0070925,organelle assembly,1.0,48,1057,3,ARL13B;BLOC1S2;YTHDF2
coding56,GO:BP,GO:0070897,transcription preinitiation complex assembly,1.0,48,82,2,FAM184A;RC3H2
coding56,GO:BP,GO:0070887,cellular response to chemical stimulus,1.0,48,2199,9,BLOC1S2;EIF2B2;GIT1;LRRC41;NTAN1;PGAP3;SAP130;SPATA5;TSPAN14
coding56,GO:BP,GO:0070848,response to growth factor,1.0,48,734,2,SNX16;THAP8
coding56,GO:BP,GO:0070828,heterochromatin organization,1.0,48,172,1,HSD17B12
coding56,GO:BP,GO:0071425,hematopoietic stem cell proliferation,1.0,48,35,1,YTHDF2
coding56,GO:BP,GO:0071396,cellular response to lipid,1.0,48,600,3,NTAN1;PGAP3;SAP130
coding56,GO:BP,GO:0071392,cellular response to estradiol stimulus,1.0,48,33,1,PGAP3
coding56,GO:BP,GO:0071375,cellular response to peptide hormone stimulus,1.0,48,351,2,EIF2B2;TSPAN14
coding56,GO:BP,GO:0071363,cellular response to growth factor stimulus,1.0,48,706,2,SNX16;THAP8
coding56,GO:BP,GO:0071357,cellular response to type I interferon,1.0,48,86,1,YTHDF2
coding56,GO:BP,GO:0071346,cellular response to type II interferon,1.0,48,101,1,MED23
coding56,GO:BP,GO:0071345,cellular response to cytokine stimulus,1.0,48,891,2,MED23;YTHDF2
coding56,GO:BP,GO:0071333,cellular response to glucose stimulus,1.0,48,139,2,GIT1;LRRC41
coding56,GO:BP,GO:0071331,cellular response to hexose stimulus,1.0,48,142,2,GIT1;LRRC41
coding56,GO:BP,GO:0071326,cellular response to monosaccharide stimulus,1.0,48,144,2,GIT1;LRRC41
coding56,GO:BP,GO:0071322,cellular response to carbohydrate stimulus,1.0,48,151,2,GIT1;LRRC41
coding56,GO:BP,GO:0071230,cellular response to amino acid stimulus,1.0,48,87,1,SPATA5
coding56,GO:BP,GO:0071229,cellular response to acid chemical,1.0,48,95,1,SPATA5
coding56,GO:BP,GO:0071222,cellular response to lipopolysaccharide,1.0,48,214,1,NTAN1
coding56,GO:BP,GO:0071219,cellular response to molecule of bacterial origin,1.0,48,225,1,NTAN1
coding56,GO:BP,GO:0071773,cellular response to BMP stimulus,1.0,48,171,1,SNX16
coding56,GO:BP,GO:0071772,response to BMP,1.0,48,171,1,SNX16
coding56,GO:BP,GO:0071705,nitrogen compound transport,1.0,48,798,3,FCHO1;LRRC41;PARVA
coding56,GO:BP,GO:0071695,anatomical structure maturation,1.0,48,272,2,LRRC41;YTHDF2
coding56,GO:BP,GO:0071692,protein localization to extracellular region,1.0,48,366,2,LRRC41;PARVA
coding56,GO:BP,GO:0071677,positive regulation of mononuclear cell migration,1.0,48,96,1,FAM184A
coding56,GO:BP,GO:0071675,regulation of mononuclear cell migration,1.0,48,142,1,FAM184A
coding56,GO:BP,GO:0071674,mononuclear cell migration,1.0,48,223,1,FAM184A
coding56,GO:BP,GO:0071670,smooth muscle cell chemotaxis,1.0,48,8,1,BLOC1S2
coding56,GO:BP,GO:0071636,positive regulation of transforming growth factor beta production,1.0,48,17,1,SNX16
coding56,GO:BP,GO:0071634,regulation of transforming growth factor beta production,1.0,48,30,1,SNX16
coding56,GO:BP,GO:0071616,acyl-CoA biosynthetic process,1.0,48,51,1,KCNJ11
coding56,GO:BP,GO:0071604,transforming growth factor beta production,1.0,48,33,1,SNX16
coding56,GO:BP,GO:0071560,cellular response to transforming growth factor beta stimulus,1.0,48,257,2,SNX16;THAP8
coding56,GO:BP,GO:0071559,response to transforming growth factor beta,1.0,48,264,2,SNX16;THAP8
coding56,GO:BP,GO:0071495,cellular response to endogenous stimulus,1.0,48,1238,4,EIF2B2;SNX16;THAP8;TSPAN14
coding56,GO:BP,GO:0072384,organelle transport along microtubule,1.0,48,90,1,NRBF2
coding56,GO:BP,GO:0072359,circulatory system development,1.0,48,1135,5,ARL13B;BLOC1S2;CDC123;PARVA;SNX16
coding56,GO:BP,GO:0072330,monocarboxylic acid biosynthetic process,1.0,48,215,2,DGKQ;KCNJ11
coding56,GO:BP,GO:0072329,monocarboxylic acid catabolic process,1.0,48,124,1,EIF2B2
coding56,GO:BP,GO:0072132,mesenchyme morphogenesis,1.0,48,58,1,SNX16
coding56,GO:BP,GO:0072089,stem cell proliferation,1.0,48,125,1,YTHDF2
coding56,GO:BP,GO:0071963,establishment or maintenance of cell polarity regulating cell shape,1.0,48,4,1,BLOC1S2
coding56,GO:BP,GO:0071941,nitrogen cycle metabolic process,1.0,48,17,1,MED23
coding56,GO:BP,GO:0071902,positive regulation of protein serine/threonine kinase activity,1.0,48,110,1,HERPUD2
coding56,GO:BP,GO:0071900,regulation of protein serine/threonine kinase activity,1.0,48,193,1,HERPUD2
coding56,GO:BP,GO:0071887,leukocyte apoptotic process,1.0,48,117,1,CDC123
coding56,GO:BP,GO:0071840,cellular component organization or biogenesis,1.0,48,8538,21,ARL13B;BLOC1S2;C6orf106;CDC123;DUSP13;FAM184A;HSD17B12;KCNJ11;KDM5A;LOXL4;LRRC41;NRBF2;NTAN1;RC3H2;SAP130;SH3BGRL3;SNX16;TMEM136;TSPAN14;YTHDF2;ZNF430
coding56,GO:BP,GO:0071838,cell proliferation in bone marrow,1.0,48,8,1,CDC123
coding56,GO:BP,GO:0071830,triglyceride-rich lipoprotein particle clearance,1.0,48,7,1,CDC123
coding56,GO:BP,GO:0071824,protein-DNA complex organization,1.0,48,233,2,FAM184A;RC3H2
coding56,GO:BP,GO:0071805,potassium ion transmembrane transport,1.0,48,199,1,PARVA
coding56,GO:BP,GO:0072666,establishment of protein localization to vacuole,1.0,48,57,1,WDR17
coding56,GO:BP,GO:0072665,protein localization to vacuole,1.0,48,79,1,WDR17
coding56,GO:BP,GO:0072659,protein localization to plasma membrane,1.0,48,286,1,DAGLB
coding56,GO:BP,GO:0072657,protein localization to membrane,1.0,48,445,2,ARL13B;DAGLB
coding56,GO:BP,GO:0072594,establishment of protein localization to organelle,1.0,48,587,1,WDR17
coding56,GO:BP,GO:0072593,reactive oxygen species metabolic process,1.0,48,228,1,CDC123
coding56,GO:BP,GO:0072583,clathrin-dependent endocytosis,1.0,48,49,1,TMEM136
coding56,GO:BP,GO:0072576,liver morphogenesis,1.0,48,3,1,CDC123
coding56,GO:BP,GO:0072553,terminal button organization,1.0,48,6,1,KDM5A
coding56,GO:BP,GO:0072539,T-helper 17 cell differentiation,1.0,48,41,1,ZBTB6
coding56,GO:BP,GO:0072538,T-helper 17 type immune response,1.0,48,55,1,ZBTB6
coding56,GO:BP,GO:0072526,pyridine-containing compound catabolic process,1.0,48,105,2,CDC123;NTAN1
coding56,GO:BP,GO:0072524,pyridine-containing compound metabolic process,1.0,48,173,2,CDC123;NTAN1
coding56,GO:BP,GO:0072523,purine-containing compound catabolic process,1.0,48,157,2,CDC123;NTAN1
coding56,GO:BP,GO:0072522,purine-containing compound biosynthetic process,1.0,48,258,2,CDC123;KCNJ11
coding56,GO:BP,GO:0072521,purine-containing compound metabolic process,1.0,48,567,3,CDC123;KCNJ11;NTAN1
coding56,GO:BP,GO:0090181,regulation of cholesterol metabolic process,1.0,48,42,1,SAP130
coding56,GO:BP,GO:0090101,negative regulation of transmembrane receptor protein serine/threonine kinase signaling pathway,1.0,48,149,1,THAP8
coding56,GO:BP,GO:0090100,positive regulation of transmembrane receptor protein serine/threonine kinase signaling pathway,1.0,48,106,1,SNX16
coding56,GO:BP,GO:0090092,regulation of transmembrane receptor protein serine/threonine kinase signaling pathway,1.0,48,270,2,SNX16;THAP8
coding56,GO:BP,GO:0090087,regulation of peptide transport,1.0,48,209,1,PARVA
coding56,GO:BP,GO:0090066,regulation of anatomical structure size,1.0,48,498,1,NRBF2
coding56,GO:BP,GO:0090063,positive regulation of microtubule nucleation,1.0,48,8,1,NTAN1
coding56,GO:BP,GO:0090037,positive regulation of protein kinase C signaling,1.0,48,3,1,SAP130
coding56,GO:BP,GO:0090036,regulation of protein kinase C signaling,1.0,48,4,1,SAP130
coding56,GO:BP,GO:0090030,regulation of steroid hormone biosynthetic process,1.0,48,15,1,SAP130
coding56,GO:BP,GO:0080171,lytic vacuole organization,1.0,48,111,1,CDC123
coding56,GO:BP,GO:0080134,regulation of response to stress,1.0,48,1410,4,DGKQ;MED23;NTAN1;YTHDF2
coding56,GO:BP,GO:0072683,T cell extravasation,1.0,48,15,1,FAM184A
coding56,GO:BP,GO:0072678,T cell migration,1.0,48,78,1,FAM184A
coding56,GO:BP,GO:0072676,lymphocyte migration,1.0,48,112,1,FAM184A
coding56,GO:BP,GO:0097305,response to alcohol,1.0,48,238,1,CDC123
coding56,GO:BP,GO:0097191,extrinsic apoptotic signaling pathway,1.0,48,233,1,NRBF2
coding56,GO:BP,GO:0097190,apoptotic signaling pathway,1.0,48,612,1,NRBF2
coding56,GO:BP,GO:0097009,energy homeostasis,1.0,48,84,1,CDC123
coding56,GO:BP,GO:0097006,regulation of plasma lipoprotein particle levels,1.0,48,78,1,CDC123
coding56,GO:BP,GO:0090596,sensory organ morphogenesis,1.0,48,294,1,LRIG1
coding56,GO:BP,GO:0090594,inflammatory response to wounding,1.0,48,29,1,NTAN1
coding56,GO:BP,GO:0090559,regulation of membrane permeability,1.0,48,67,1,NRBF2
coding56,GO:BP,GO:0090407,organophosphate biosynthetic process,1.0,48,603,4,CDC123;HMBS;KCNJ11;SAP130
coding56,GO:BP,GO:0090398,cellular senescence,1.0,48,98,1,SNX16
coding56,GO:BP,GO:0090304,nucleic acid metabolic process,1.0,48,7401,21,EIF2B2;FAM184A;FCHO1;GIT1;HSD17B12;KDM5A;LIPA;LOXL4;LRRC41;MLH3;NRBF2;PGAP3;RC3H2;SAP130;SNX16;SPDYE2;THAP8;YTHDF2;ZBTB6;ZNF268;ZNF34
coding56,GO:BP,GO:0090287,regulation of cellular response to growth factor stimulus,1.0,48,318,1,THAP8
coding56,GO:BP,GO:0090278,negative regulation of peptide hormone secretion,1.0,48,49,1,PARVA
coding56,GO:BP,GO:0090276,regulation of peptide hormone secretion,1.0,48,204,1,PARVA
coding56,GO:BP,GO:0090208,positive regulation of triglyceride metabolic process,1.0,48,19,1,DGKQ
coding56,GO:BP,GO:0090207,regulation of triglyceride metabolic process,1.0,48,38,1,DGKQ
coding56,GO:BP,GO:0098916,anterograde trans-synaptic signaling,1.0,48,765,1,NTAN1
coding56,GO:BP,GO:0098813,nuclear chromosome segregation,1.0,48,324,1,LOXL4
coding56,GO:BP,GO:0098739,import across plasma membrane,1.0,48,257,1,PARVA
coding56,GO:BP,GO:0098727,maintenance of cell number,1.0,48,185,3,RC3H2;SNX16;THAP8
coding56,GO:BP,GO:0098659,inorganic cation import across plasma membrane,1.0,48,125,1,PARVA
coding56,GO:BP,GO:0098657,import into cell,1.0,48,958,4,CDC123;PARVA;SAP130;TMEM136
coding56,GO:BP,GO:0098655,monoatomic cation transmembrane transport,1.0,48,859,1,PARVA
coding56,GO:BP,GO:0098609,cell-cell adhesion,1.0,48,965,5,BLOC1S2;MED23;TMEM136;YTHDF2;ZBTB6
coding56,GO:BP,GO:0098542,defense response to other organism,1.0,48,1121,2,MED23;YTHDF2
coding56,GO:BP,GO:0098508,endothelial to hematopoietic transition,1.0,48,3,1,YTHDF2
coding56,GO:BP,GO:0097500,receptor localization to non-motile cilium,1.0,48,5,1,ARL13B
coding56,GO:BP,GO:0097499,protein localization to non-motile cilium,1.0,48,13,1,ARL13B
coding56,GO:BP,GO:0097494,regulation of vesicle size,1.0,48,18,1,NRBF2
coding56,GO:BP,GO:0097479,synaptic vesicle localization,1.0,48,62,1,NRBF2
coding56,GO:BP,GO:0097435,supramolecular fiber organization,1.0,48,798,2,NRBF2;NTAN1
coding56,GO:BP,GO:0097345,mitochondrial outer membrane permeabilization,1.0,48,34,1,NRBF2
coding56,GO:BP,GO:0099643,signal release from synapse,1.0,48,149,1,NTAN1
coding56,GO:BP,GO:0099587,inorganic ion import across plasma membrane,1.0,48,125,1,PARVA
coding56,GO:BP,GO:0099537,trans-synaptic signaling,1.0,48,772,1,NTAN1
coding56,GO:BP,GO:0099536,synaptic signaling,1.0,48,803,1,NTAN1
coding56,GO:BP,GO:0099518,vesicle cytoskeletal trafficking,1.0,48,59,1,NRBF2
coding56,GO:BP,GO:0099517,synaptic vesicle transport along microtubule,1.0,48,19,1,NRBF2
coding56,GO:BP,GO:0099514,synaptic vesicle cytoskeletal transport,1.0,48,19,1,NRBF2
coding56,GO:BP,GO:0099505,regulation of presynaptic membrane potential,1.0,48,31,1,PARVA
coding56,GO:BP,GO:0099504,synaptic vesicle cycle,1.0,48,211,2,NTAN1;SAP130
coding56,GO:BP,GO:0099177,regulation of trans-synaptic signaling,1.0,48,504,1,NTAN1
coding56,GO:BP,GO:0099172,presynapse organization,1.0,48,54,1,KDM5A
coding56,GO:BP,GO:0099171,presynaptic modulation of chemical synaptic transmission,1.0,48,38,1,NTAN1
coding56,GO:BP,GO:0099111,microtubule-based transport,1.0,48,222,1,NRBF2
coding56,GO:BP,GO:0099003,vesicle-mediated transport in synapse,1.0,48,246,2,NTAN1;SAP130
coding56,GO:BP,GO:0098930,axonal transport,1.0,48,66,1,NRBF2
coding56,GO:BP,GO:0098927,vesicle-mediated transport between endosomal compartments,1.0,48,46,1,WDR17
coding56,GO:BP,GO:0140354,lipid import into cell,1.0,48,21,1,CDC123
coding56,GO:BP,GO:0140352,export from cell,1.0,48,914,3,LRRC41;NTAN1;PARVA
coding56,GO:BP,GO:0140238,presynaptic endocytosis,1.0,48,75,1,SAP130
coding56,GO:BP,GO:0140053,mitochondrial gene expression,1.0,48,175,1,MLH3
coding56,GO:BP,GO:0140013,meiotic nuclear division,1.0,48,199,1,LOXL4
coding56,GO:BP,GO:0120255,olefinic compound biosynthetic process,1.0,48,30,1,SAP130
coding56,GO:BP,GO:0120254,olefinic compound metabolic process,1.0,48,158,2,DGKQ;SAP130
coding56,GO:BP,GO:0120178,steroid hormone biosynthetic process,1.0,48,47,2,KCNJ11;SAP130
coding56,GO:BP,GO:0120162,positive regulation of cold-induced thermogenesis,1.0,48,101,1,SPATA5
coding56,GO:BP,GO:0120161,regulation of cold-induced thermogenesis,1.0,48,150,1,SPATA5
coding56,GO:BP,GO:0120036,plasma membrane bounded cell projection organization,1.0,48,1582,4,ARL13B;BLOC1S2;NRBF2;SNX16
coding56,GO:BP,GO:0120035,regulation of plasma membrane bounded cell projection organization,1.0,48,623,1,SNX16
coding56,GO:BP,GO:0120031,plasma membrane bounded cell projection assembly,1.0,48,602,2,ARL13B;BLOC1S2
coding56,GO:BP,GO:0106106,cold-induced thermogenesis,1.0,48,151,1,SPATA5
coding56,GO:BP,GO:0106015,negative regulation of inflammatory response to wounding,1.0,48,10,1,NTAN1
coding56,GO:BP,GO:0106014,regulation of inflammatory response to wounding,1.0,48,12,1,NTAN1
coding56,GO:BP,GO:0170039,proteinogenic amino acid metabolic process,1.0,48,142,1,MED23
coding56,GO:BP,GO:0170035,L-amino acid catabolic process,1.0,48,81,1,MED23
coding56,GO:BP,GO:0170033,L-amino acid metabolic process,1.0,48,143,1,MED23
coding56,GO:BP,GO:0160307,protein biosynthetic process,1.0,48,712,2,SIK2;YTHDF2
coding56,GO:BP,GO:0141188,nucleic acid catabolic process,1.0,48,341,3,MLH3;YTHDF2;ZBTB6
coding56,GO:BP,GO:0141187,nucleic acid biosynthetic process,1.0,48,6735,19,EIF2B2;FAM184A;FCHO1;GIT1;HSD17B12;KDM5A;LIPA;LRRC41;MLH3;NRBF2;PGAP3;RC3H2;SAP130;SNX16;SPDYE2;THAP8;YTHDF2;ZNF268;ZNF34
coding56,GO:BP,GO:0141124,intracellular signaling cassette,1.0,48,1866,6,CDC123;NTAN1;PARVA;SNX16;SPATA5;ZBTB6
coding56,GO:BP,GO:0141091,transforming growth factor beta receptor superfamily signaling pathway,1.0,48,345,2,SNX16;THAP8
coding56,GO:BP,GO:0141061,disruption of cell in another organism,1.0,48,79,1,MED23
coding56,GO:BP,GO:0141060,disruption of anatomical structure in another organism,1.0,48,83,1,MED23
coding56,GO:BP,GO:0140962,multicellular organismal-level chemical homeostasis,1.0,48,79,1,CDC123
coding56,GO:BP,GO:0140888,interferon-mediated signaling pathway,1.0,48,111,2,MED23;YTHDF2
coding56,GO:BP,GO:0140718,facultative heterochromatin formation,1.0,48,14,1,HSD17B12
coding56,GO:BP,GO:0140694,membraneless organelle assembly,1.0,48,436,1,YTHDF2
coding56,GO:BP,GO:0140546,defense response to symbiont,1.0,48,1100,2,MED23;YTHDF2
coding56,GO:BP,GO:0140527,reciprocal homologous recombination,1.0,48,59,1,LOXL4
coding56,GO:BP,GO:1901355,response to rapamycin,1.0,48,6,1,CDC123
coding56,GO:BP,GO:1901293,nucleoside phosphate biosynthetic process,1.0,48,317,2,CDC123;KCNJ11
coding56,GO:BP,GO:1901292,nucleoside phosphate catabolic process,1.0,48,184,2,CDC123;NTAN1
coding56,GO:BP,GO:1901224,positive regulation of non-canonical NF-kappaB signal transduction,1.0,48,63,1,ZBTB6
coding56,GO:BP,GO:1901222,regulation of non-canonical NF-kappaB signal transduction,1.0,48,94,1,ZBTB6
coding56,GO:BP,GO:1901137,carbohydrate derivative biosynthetic process,1.0,48,556,2,CDC123;HMBS
coding56,GO:BP,GO:1901136,carbohydrate derivative catabolic process,1.0,48,248,2,CDC123;NTAN1
coding56,GO:BP,GO:1901135,carbohydrate derivative metabolic process,1.0,48,943,3,CDC123;HMBS;NTAN1
coding56,GO:BP,GO:1900543,negative regulation of purine nucleotide metabolic process,1.0,48,27,1,NTAN1
coding56,GO:BP,GO:1900542,regulation of purine nucleotide metabolic process,1.0,48,85,1,NTAN1
coding56,GO:BP,GO:1900242,regulation of synaptic vesicle endocytosis,1.0,48,20,1,SAP130
coding56,GO:BP,GO:1900150,regulation of defense response to fungus,1.0,48,6,1,MED23
coding56,GO:BP,GO:1900006,positive regulation of dendrite development,1.0,48,15,1,SNX16
coding56,GO:BP,GO:0180046,GPI anchored protein biosynthesis,1.0,48,32,1,HMBS
coding56,GO:BP,GO:0170062,nutrient storage,1.0,48,90,2,CDC123;PGAP3
coding56,GO:BP,GO:0170040,proteinogenic amino acid catabolic process,1.0,48,79,1,MED23
coding56,GO:BP,GO:1902106,negative regulation of leukocyte differentiation,1.0,48,111,1,ZBTB6
coding56,GO:BP,GO:1902105,regulation of leukocyte differentiation,1.0,48,329,1,ZBTB6
coding56,GO:BP,GO:1902036,regulation of hematopoietic stem cell differentiation,1.0,48,16,1,YTHDF2
coding56,GO:BP,GO:1901888,regulation of cell junction assembly,1.0,48,258,1,KDM5A
coding56,GO:BP,GO:1901701,cellular response to oxygen-containing compound,1.0,48,1194,7,EIF2B2;GIT1;LRRC41;NTAN1;PGAP3;SAP130;TSPAN14
coding56,GO:BP,GO:1901700,response to oxygen-containing compound,1.0,48,1632,10,CDC123;EIF2B2;GIT1;LRRC41;NTAN1;PARVA;PGAP3;SAP130;SIK2;TSPAN14
coding56,GO:BP,GO:1901699,cellular response to nitrogen compound,1.0,48,676,2,EIF2B2;TSPAN14
coding56,GO:BP,GO:1901698,response to nitrogen compound,1.0,48,941,6,CDC123;EIF2B2;PARVA;SAP130;SIK2;TSPAN14
coding56,GO:BP,GO:1901696,cannabinoid biosynthetic process,1.0,48,3,1,DGKQ
coding56,GO:BP,GO:1901654,response to ketone,1.0,48,205,1,CDC123
coding56,GO:BP,GO:1901652,response to peptide,1.0,48,993,2,MED23;YTHDF2
coding56,GO:BP,GO:1901606,alpha-amino acid catabolic process,1.0,48,89,1,MED23
coding56,GO:BP,GO:1901605,alpha-amino acid metabolic process,1.0,48,186,1,MED23
coding56,GO:BP,GO:1901570,fatty acid derivative biosynthetic process,1.0,48,51,1,KCNJ11
coding56,GO:BP,GO:1901568,fatty acid derivative metabolic process,1.0,48,77,1,KCNJ11
coding56,GO:BP,GO:1901532,regulation of hematopoietic progenitor cell differentiation,1.0,48,40,1,YTHDF2
coding56,GO:BP,GO:1902903,regulation of supramolecular fiber organization,1.0,48,377,1,NTAN1
coding56,GO:BP,GO:1902895,positive regulation of miRNA transcription,1.0,48,57,1,SNX16
coding56,GO:BP,GO:1902893,regulation of miRNA transcription,1.0,48,75,1,SNX16
coding56,GO:BP,GO:1902686,mitochondrial outer membrane permeabilization involved in programmed cell death,1.0,48,40,1,NRBF2
coding56,GO:BP,GO:1902680,positive regulation of RNA biosynthetic process,1.0,48,1674,10,EIF2B2;FAM184A;HSD17B12;KDM5A;LIPA;LRRC41;NRBF2;PGAP3;RC3H2;SNX16
coding56,GO:BP,GO:1902679,negative regulation of RNA biosynthetic process,1.0,48,1284,6,HSD17B12;KDM5A;LIPA;PGAP3;THAP8;ZNF34
coding56,GO:BP,GO:1902653,secondary alcohol biosynthetic process,1.0,48,61,1,CDC123
coding56,GO:BP,GO:1902652,secondary alcohol metabolic process,1.0,48,154,2,CDC123;SAP130
coding56,GO:BP,GO:1902645,tertiary alcohol biosynthetic process,1.0,48,10,1,SAP130
coding56,GO:BP,GO:1902644,tertiary alcohol metabolic process,1.0,48,22,1,SAP130
coding56,GO:BP,GO:1902533,positive regulation of intracellular signal transduction,1.0,48,1108,4,SAP130;SNX16;SPATA5;ZBTB6
coding56,GO:BP,GO:1902531,regulation of intracellular signal transduction,1.0,48,1945,5,NTAN1;SAP130;SNX16;SPATA5;ZBTB6
coding56,GO:BP,GO:1902459,positive regulation of stem cell population maintenance,1.0,48,49,1,THAP8
coding56,GO:BP,GO:1902455,negative regulation of stem cell population maintenance,1.0,48,22,1,THAP8
coding56,GO:BP,GO:1902110,positive regulation of mitochondrial membrane permeability involved in apoptotic process,1.0,48,38,1,NRBF2
coding56,GO:BP,GO:1902108,regulation of mitochondrial membrane permeability involved in apoptotic process,1.0,48,44,1,NRBF2
coding56,GO:BP,GO:1903421,regulation of synaptic vesicle recycling,1.0,48,25,1,SAP130
coding56,GO:BP,GO:1903413,cellular response to bile acid,1.0,48,4,1,SAP130
coding56,GO:BP,GO:1903412,response to bile acid,1.0,48,6,1,SAP130
coding56,GO:BP,GO:1903409,reactive oxygen species biosynthetic process,1.0,48,56,1,CDC123
coding56,GO:BP,GO:1903313,positive regulation of mRNA metabolic process,1.0,48,136,2,YTHDF2;ZBTB6
coding56,GO:BP,GO:1903311,regulation of mRNA metabolic process,1.0,48,304,3,MLH3;YTHDF2;ZBTB6
coding56,GO:BP,GO:1903305,regulation of regulated secretory pathway,1.0,48,126,1,NTAN1
coding56,GO:BP,GO:1903131,mononuclear cell differentiation,1.0,48,523,3,CDC123;FCHO1;ZBTB6
coding56,GO:BP,GO:1903046,meiotic cell cycle process,1.0,48,222,2,LOXL4;YTHDF2
coding56,GO:BP,GO:1903039,positive regulation of leukocyte cell-cell adhesion,1.0,48,276,1,TMEM136
coding56,GO:BP,GO:1903038,negative regulation of leukocyte cell-cell adhesion,1.0,48,143,2,MED23;ZBTB6
coding56,GO:BP,GO:1903037,regulation of leukocyte cell-cell adhesion,1.0,48,375,3,MED23;TMEM136;ZBTB6
coding56,GO:BP,GO:1903035,negative regulation of response to wounding,1.0,48,94,1,NTAN1
coding56,GO:BP,GO:1903034,regulation of response to wounding,1.0,48,163,1,NTAN1
coding56,GO:BP,GO:1902930,regulation of alcohol biosynthetic process,1.0,48,49,1,SAP130
coding56,GO:BP,GO:1902905,positive regulation of supramolecular fiber organization,1.0,48,171,1,NTAN1
coding56,GO:BP,GO:1904031,positive regulation of cyclin-dependent protein kinase activity,1.0,48,29,1,HERPUD2
coding56,GO:BP,GO:1903844,regulation of cellular response to transforming growth factor beta stimulus,1.0,48,142,1,THAP8
coding56,GO:BP,GO:1903828,negative regulation of protein localization,1.0,48,202,1,PARVA
coding56,GO:BP,GO:1903707,negative regulation of hemopoiesis,1.0,48,116,1,ZBTB6
coding56,GO:BP,GO:1903706,regulation of hemopoiesis,1.0,48,425,1,ZBTB6
coding56,GO:BP,GO:1903679,positive regulation of cap-independent translational initiation,1.0,48,3,1,YTHDF2
coding56,GO:BP,GO:1903677,regulation of cap-independent translational initiation,1.0,48,3,1,YTHDF2
coding56,GO:BP,GO:1903579,negative regulation of ATP metabolic process,1.0,48,24,1,NTAN1
coding56,GO:BP,GO:1903578,regulation of ATP metabolic process,1.0,48,75,1,NTAN1
coding56,GO:BP,GO:1903538,regulation of meiotic cell cycle process involved in oocyte maturation,1.0,48,2,1,YTHDF2
coding56,GO:BP,GO:1903537,meiotic cell cycle process involved in oocyte maturation,1.0,48,7,1,YTHDF2
coding56,GO:BP,GO:1903531,negative regulation of secretion by cell,1.0,48,146,1,PARVA
coding56,GO:BP,GO:1903530,regulation of secretion by cell,1.0,48,556,2,NTAN1;PARVA
coding56,GO:BP,GO:1903509,liposaccharide metabolic process,1.0,48,106,1,HMBS
coding56,GO:BP,GO:1903441,protein localization to ciliary membrane,1.0,48,12,1,ARL13B
coding56,GO:BP,GO:1903432,regulation of TORC1 signaling,1.0,48,99,1,SAP130
coding56,GO:BP,GO:1990573,potassium ion import across plasma membrane,1.0,48,47,1,PARVA
coding56,GO:BP,GO:1990502,dense core granule maturation,1.0,48,3,1,LRRC41
coding56,GO:BP,GO:1905770,regulation of mesodermal cell differentiation,1.0,48,8,1,SNX16
coding56,GO:BP,GO:1905710,positive regulation of membrane permeability,1.0,48,46,1,NRBF2
coding56,GO:BP,GO:1905515,non-motile cilium assembly,1.0,48,67,1,ARL13B
coding56,GO:BP,GO:1905285,fibrous ring of heart morphogenesis,1.0,48,1,1,SNX16
coding56,GO:BP,GO:1905143,eukaryotic translation initiation factor 2 complex assembly,1.0,48,1,1,C6orf106
coding56,GO:BP,GO:1904950,negative regulation of establishment of protein localization,1.0,48,124,1,PARVA
coding56,GO:BP,GO:1904707,positive regulation of vascular associated smooth muscle cell proliferation,1.0,48,35,1,SNX16
coding56,GO:BP,GO:1904705,regulation of vascular associated smooth muscle cell proliferation,1.0,48,57,1,SNX16
coding56,GO:BP,GO:1904692,positive regulation of type B pancreatic cell proliferation,1.0,48,5,1,LRRC41
coding56,GO:BP,GO:1904690,positive regulation of cytoplasmic translational initiation,1.0,48,7,1,YTHDF2
coding56,GO:BP,GO:1904688,regulation of cytoplasmic translational initiation,1.0,48,9,1,YTHDF2
coding56,GO:BP,GO:1904638,response to resveratrol,1.0,48,2,1,PARVA
coding56,GO:BP,GO:1904414,positive regulation of cardiac ventricle development,1.0,48,1,1,SNX16
coding56,GO:BP,GO:1904412,regulation of cardiac ventricle development,1.0,48,1,1,SNX16
coding56,GO:BP,GO:2000241,regulation of reproductive process,1.0,48,196,1,YTHDF2
coding56,GO:BP,GO:2000232,regulation of rRNA processing,1.0,48,15,1,YTHDF2
coding56,GO:BP,GO:2000182,regulation of progesterone biosynthetic process,1.0,48,3,1,SAP130
coding56,GO:BP,GO:2000147,positive regulation of cell motility,1.0,48,571,3,FAM184A;LIPA;SPATA5
coding56,GO:BP,GO:2000146,negative regulation of cell motility,1.0,48,308,2,SNX16;THAP8
coding56,GO:BP,GO:2000145,regulation of cell motility,1.0,48,1005,5,FAM184A;LIPA;SNX16;SPATA5;THAP8
coding56,GO:BP,GO:2000144,positive regulation of DNA-templated transcription initiation,1.0,48,68,2,FAM184A;RC3H2
coding56,GO:BP,GO:2000142,regulation of DNA-templated transcription initiation,1.0,48,81,2,FAM184A;RC3H2
coding56,GO:BP,GO:2000064,regulation of cortisol biosynthetic process,1.0,48,7,1,SAP130
coding56,GO:BP,GO:2000036,regulation of stem cell population maintenance,1.0,48,70,1,THAP8
coding56,GO:BP,GO:2000027,regulation of animal organ morphogenesis,1.0,48,82,1,SNX16
coding56,GO:BP,GO:2000026,regulation of multicellular organismal development,1.0,48,1392,3,SNX16;YTHDF2;ZBTB6
coding56,GO:BP,GO:1990874,vascular associated smooth muscle cell proliferation,1.0,48,58,1,SNX16
coding56,GO:BP,GO:1990849,vacuolar localization,1.0,48,88,1,NRBF2
coding56,GO:BP,GO:1990845,adaptive thermogenesis,1.0,48,167,2,CDC123;SPATA5
coding56,GO:BP,GO:1990778,protein localization to cell periphery,1.0,48,355,2,ARL13B;DAGLB
coding56,GO:BP,GO:2000628,regulation of miRNA metabolic process,1.0,48,90,2,SNX16;ZBTB6
coding56,GO:BP,GO:2000552,negative regulation of T-helper 2 cell cytokine production,1.0,48,4,1,MED23
coding56,GO:BP,GO:2000551,regulation of T-helper 2 cell cytokine production,1.0,48,13,1,MED23
coding56,GO:BP,GO:2000515,"negative regulation of CD4-positive, alpha-beta T cell activation",1.0,48,37,1,ZBTB6
coding56,GO:BP,GO:2000514,"regulation of CD4-positive, alpha-beta T cell activation",1.0,48,82,1,ZBTB6
coding56,GO:BP,GO:2000409,positive regulation of T cell extravasation,1.0,48,4,1,FAM184A
coding56,GO:BP,GO:2000407,regulation of T cell extravasation,1.0,48,6,1,FAM184A
coding56,GO:BP,GO:2000406,positive regulation of T cell migration,1.0,48,37,1,FAM184A
coding56,GO:BP,GO:2000404,regulation of T cell migration,1.0,48,52,1,FAM184A
coding56,GO:BP,GO:2000403,positive regulation of lymphocyte migration,1.0,48,45,1,FAM184A
coding56,GO:BP,GO:2000401,regulation of lymphocyte migration,1.0,48,72,1,FAM184A
coding56,GO:BP,GO:2000320,negative regulation of T-helper 17 cell differentiation,1.0,48,15,1,ZBTB6
coding56,GO:BP,GO:2000319,regulation of T-helper 17 cell differentiation,1.0,48,29,1,ZBTB6
coding56,GO:BP,GO:2000317,negative regulation of T-helper 17 type immune response,1.0,48,16,1,ZBTB6
coding56,GO:BP,GO:2000316,regulation of T-helper 17 type immune response,1.0,48,39,1,ZBTB6
coding56,GO:BP,GO:2000300,regulation of synaptic vesicle exocytosis,1.0,48,48,1,NTAN1
coding56,KEGG,KEGG:00860,Porphyrin metabolism,1.0,23,46,1,BMPR1A
coding56,KEGG,KEGG:00564,Glycerophospholipid metabolism,1.0,23,102,2,EIF2B2;SAP130
coding56,KEGG,KEGG:00563,Glycosylphosphatidylinositol (GPI)-anchor biosynthesis,1.0,23,30,1,HMBS
coding56,KEGG,KEGG:00330,Arginine and proline metabolism,1.0,23,48,1,MED23
coding56,KEGG,KEGG:00220,Arginine biosynthesis,1.0,23,23,1,MED23
coding56,KEGG,KEGG:00140,Steroid hormone biosynthesis,1.0,23,66,1,KCNJ11
coding56,KEGG,KEGG:00100,Steroid biosynthesis,1.0,23,20,1,CDC123
coding56,KEGG,KEGG:00062,Fatty acid elongation,1.0,23,28,1,KCNJ11
coding56,KEGG,KEGG:00000,KEGG root term,1.0,23,8716,23,BLOC1S2;BMPR1A;CDC123;DGKQ;EIF2B2;FCHO1;HERPUD2;HMBS;KCNJ11;KDM5A;LOXL4;LRRC41;MED23;MED27;NRBF2;NTAN1;PARVA;RC3H2;SAP130;SIK2;SNX16;SPATA5;TSPAN14
coding56,GO:BP,GO:2001141,regulation of RNA biosynthetic process,1.0,48,3397,16,EIF2B2;FAM184A;GIT1;HSD17B12;KDM5A;LIPA;LRRC41;NRBF2;PGAP3;RC3H2;SAP130;SNX16;SPDYE2;THAP8;ZNF268;ZNF34
coding56,GO:BP,GO:2000772,regulation of cellular senescence,1.0,48,44,1,SNX16
coding56,GO:BP,GO:2000765,regulation of cytoplasmic translation,1.0,48,36,1,YTHDF2
coding56,GO:BP,GO:2000737,negative regulation of stem cell differentiation,1.0,48,25,1,YTHDF2
coding56,GO:BP,GO:2000736,regulation of stem cell differentiation,1.0,48,81,2,KDM5A;YTHDF2
coding56,GO:BP,GO:2000630,positive regulation of miRNA metabolic process,1.0,48,66,1,SNX16
coding56,KEGG,KEGG:04070,Phosphatidylinositol signaling system,1.0,23,98,1,SAP130
coding56,KEGG,KEGG:04060,Cytokine-cytokine receptor interaction,1.0,23,291,1,SNX16
coding56,KEGG,KEGG:04020,Calcium signaling pathway,1.0,23,251,1,SPATA5
coding56,KEGG,KEGG:04015,Rap1 signaling pathway,1.0,23,212,1,SPATA5
coding56,KEGG,KEGG:04014,Ras signaling pathway,1.0,23,237,1,SPATA5
coding56,KEGG,KEGG:04010,MAPK signaling pathway,1.0,23,300,1,SPATA5
coding56,KEGG,KEGG:03430,Mismatch repair,1.0,23,23,1,LOXL4
coding56,KEGG,KEGG:03082,ATP-dependent chromatin remodeling,1.0,23,117,1,KDM5A
coding56,KEGG,KEGG:03040,Spliceosome,1.0,23,199,1,FCHO1
coding56,KEGG,KEGG:03013,Nucleocytoplasmic transport,1.0,23,108,1,FCHO1
coding56,KEGG,KEGG:01521,EGFR tyrosine kinase inhibitor resistance,1.0,23,80,1,SPATA5
coding56,KEGG,KEGG:01240,Biosynthesis of cofactors,1.0,23,154,1,BMPR1A
coding56,KEGG,KEGG:01230,Biosynthesis of amino acids,1.0,23,74,1,MED23
coding56,KEGG,KEGG:01212,Fatty acid metabolism,1.0,23,57,1,KCNJ11
coding56,KEGG,KEGG:01100,Metabolic pathways,1.0,23,1564,6,BMPR1A;EIF2B2;HMBS;KCNJ11;MED23;SAP130
coding56,KEGG,KEGG:01040,Biosynthesis of unsaturated fatty acids,1.0,23,27,1,KCNJ11
coding56,KEGG,KEGG:04550,Signaling pathways regulating pluripotency of stem cells,1.0,23,144,1,SNX16
coding56,KEGG,KEGG:04540,Gap junction,1.0,23,89,1,SPATA5
coding56,KEGG,KEGG:04518,Integrin signaling,1.0,23,154,2,BLOC1S2;SPATA5
coding56,KEGG,KEGG:04517,IgSF CAM signaling,1.0,23,297,1,NTAN1
coding56,KEGG,KEGG:04510,Focal adhesion,1.0,23,202,2,BLOC1S2;SPATA5
coding56,KEGG,KEGG:04390,Hippo signaling pathway,1.0,23,157,1,SNX16
coding56,KEGG,KEGG:04350,TGF-beta signaling pathway,1.0,23,109,1,SNX16
coding56,KEGG,KEGG:04151,PI3K-Akt signaling pathway,1.0,23,358,1,SPATA5
coding56,KEGG,KEGG:04150,mTOR signaling pathway,1.0,23,156,1,EIF2B2
coding56,KEGG,KEGG:04148,Efferocytosis,1.0,23,157,2,CDC123;MED23
coding56,KEGG,KEGG:04144,Endocytosis,1.0,23,248,1,NTAN1
coding56,KEGG,KEGG:04142,Lysosome biogenesis,1.0,23,246,2,CDC123;NRBF2
coding56,KEGG,KEGG:04140,Autophagy - animal,1.0,23,168,1,MED27
coding56,KEGG,KEGG:04114,Oocyte meiosis,1.0,23,137,1,HERPUD2
coding56,KEGG,KEGG:04081,Hormone signaling,1.0,23,217,1,SNX16
coding56,KEGG,KEGG:04072,Phospholipase D signaling pathway,1.0,23,148,2,SAP130;SPATA5
coding56,KEGG,KEGG:05017,Spinocerebellar ataxia,1.0,23,143,1,MED27
coding56,KEGG,KEGG:05016,Huntington disease,1.0,23,307,1,MED27
coding56,KEGG,KEGG:05014,Amyotrophic lateral sclerosis,1.0,23,366,1,MED27
coding56,KEGG,KEGG:05010,Alzheimer disease,1.0,23,386,1,MED27
coding56,KEGG,KEGG:04979,Cholesterol metabolism,1.0,23,52,1,CDC123
coding56,KEGG,KEGG:04940,Type I diabetes mellitus,1.0,23,41,1,LRRC41
coding56,KEGG,KEGG:04936,Alcoholic liver disease,1.0,23,142,1,EIF2B2
coding56,KEGG,KEGG:04930,Type II diabetes mellitus,1.0,23,47,1,PARVA
coding56,KEGG,KEGG:04929,GnRH secretion,1.0,23,65,1,PARVA
coding56,KEGG,KEGG:04925,Aldosterone synthesis and secretion,1.0,23,97,1,DGKQ
coding56,KEGG,KEGG:04922,Glucagon signaling pathway,1.0,23,107,1,TSPAN14
coding56,KEGG,KEGG:04919,Thyroid hormone signaling pathway,1.0,23,122,1,RC3H2
coding56,KEGG,KEGG:04914,Progesterone-mediated oocyte maturation,1.0,23,109,1,HERPUD2
coding56,KEGG,KEGG:04911,Insulin secretion,1.0,23,85,1,PARVA
coding56,KEGG,KEGG:04810,Regulation of actin cytoskeleton,1.0,23,229,2,NTAN1;SPATA5
coding56,KEGG,KEGG:04723,Retrograde endocannabinoid signaling,1.0,23,149,1,DGKQ
coding56,REAC,REAC:R-HSA-9619229,Activation of RAC1 downstream of NMDARs,1.0,32,6,1,NTAN1
coding56,REAC,REAC:R-HSA-442755,Activation of NMDA receptors and postsynaptic events,1.0,32,88,1,NTAN1
coding56,REAC,REAC:R-HSA-1296025,ATP sensitive Potassium channels,1.0,32,4,1,PARVA
coding56,REAC,REAC:R-HSA-5624958,ARL13B-mediated ciliary trafficking of INPP5E,1.0,32,3,1,ARL13B
coding56,REAC,REAC:R-HSA-382556,ABC-family proteins mediated transport,1.0,32,103,1,PARVA
coding56,REAC,REAC:R-HSA-5619084,ABC transporter disorders,1.0,32,78,1,PARVA
coding56,KEGG,KEGG:05418,Fluid shear stress and atherosclerosis,1.0,23,141,1,SNX16
coding56,KEGG,KEGG:05231,Choline metabolism in cancer,1.0,23,99,2,SAP130;SPATA5
coding56,KEGG,KEGG:05218,Melanoma,1.0,23,73,1,SPATA5
coding56,KEGG,KEGG:05215,Prostate cancer,1.0,23,106,1,SPATA5
coding56,KEGG,KEGG:05203,Viral carcinogenesis,1.0,23,202,1,KDM5A
coding56,KEGG,KEGG:05168,Herpes simplex virus 1 infection,1.0,23,177,1,SIK2
coding56,KEGG,KEGG:05165,Human papillomavirus infection,1.0,23,331,1,KDM5A
coding56,KEGG,KEGG:05146,Amoebiasis,1.0,23,102,1,MED23
coding56,KEGG,KEGG:05120,Epithelial cell signaling in Helicobacter pylori infection,1.0,23,70,1,NTAN1
coding56,KEGG,KEGG:05022,Pathways of neurodegeneration - multiple diseases,1.0,23,477,1,MED27
coding56,REAC,REAC:R-HSA-5620920,Cargo trafficking to the periciliary membrane,1.0,32,51,1,ARL13B
coding56,REAC,REAC:R-HSA-8856825,Cargo recognition for clathrin-mediated endocytosis,1.0,32,105,1,TMEM136
coding56,REAC,REAC:R-HSA-5576891,Cardiac conduction,1.0,32,130,1,PARVA
coding56,REAC,REAC:R-HSA-72737,Cap-dependent Translation Initiation,1.0,32,120,1,SIK2
coding56,REAC,REAC:R-HSA-9013148,CDC42 GTPase cycle,1.0,32,155,1,NTAN1
coding56,REAC,REAC:R-HSA-422475,Axon guidance,1.0,32,543,1,NTAN1
coding56,REAC,REAC:R-HSA-9612973,Autophagy,1.0,32,156,1,ARL13B
coding56,REAC,REAC:R-HSA-2022090,Assembly of collagen fibrils and other multimeric structures,1.0,32,60,1,DUSP13
coding56,REAC,REAC:R-HSA-426048,Arachidonate production from DAG,1.0,32,5,1,DGKQ
coding56,REAC,REAC:R-HSA-983168,Antigen processing: Ubiquitination & Proteasome degradation,1.0,32,308,1,ZNF236
coding56,REAC,REAC:R-HSA-193048,Androgen biosynthesis,1.0,32,11,1,KCNJ11
coding56,REAC,REAC:R-HSA-977225,Amyloid fiber formation,1.0,32,110,1,DAGLB
coding56,REAC,REAC:R-HSA-9646399,Aggrephagy,1.0,32,44,1,ARL13B
coding56,REAC,REAC:R-HSA-1428517,Aerobic respiration and respiratory electron transport,1.0,32,253,1,ZNF430
coding56,REAC,REAC:R-HSA-9843745,Adipogenesis,1.0,32,108,3,FAM184A;KDM5A;RC3H2
coding56,REAC,REAC:R-HSA-1280218,Adaptive Immune System,1.0,32,810,1,ZNF236
coding56,REAC,REAC:R-HSA-1474290,Collagen formation,1.0,32,89,1,DUSP13
coding56,REAC,REAC:R-HSA-8856828,Clathrin-mediated endocytosis,1.0,32,145,1,TMEM136
coding56,REAC,REAC:R-HSA-983169,Class I MHC mediated antigen processing & presentation,1.0,32,380,1,ZNF236
coding56,REAC,REAC:R-HSA-71403,Citric acid cycle (TCA cycle),1.0,32,32,1,ZNF430
coding56,REAC,REAC:R-HSA-5617833,Cilium Assembly,1.0,32,200,1,ARL13B
coding56,REAC,REAC:R-HSA-4839726,Chromatin organization,1.0,32,271,3,HSD17B12;KDM5A;THAP8
coding56,REAC,REAC:R-HSA-3247509,Chromatin modifying enzymes,1.0,32,271,3,HSD17B12;KDM5A;THAP8
coding56,REAC,REAC:R-HSA-9821002,Chromatin modifications during the maternal to zygotic transition (MZT),1.0,32,70,1,HSD17B12
coding56,REAC,REAC:R-HSA-9613829,Chaperone Mediated Autophagy,1.0,32,22,1,ARL13B
coding56,REAC,REAC:R-HSA-2262752,Cellular responses to stress,1.0,32,792,1,PGAP3
coding56,REAC,REAC:R-HSA-8953897,Cellular responses to stimuli,1.0,32,806,1,PGAP3
coding56,REAC,REAC:R-HSA-446353,Cell-extracellular matrix interactions,1.0,32,18,1,BLOC1S2
coding56,REAC,REAC:R-HSA-1500931,Cell-Cell communication,1.0,32,150,1,BLOC1S2
coding56,REAC,REAC:R-HSA-446728,Cell junction organization,1.0,32,114,1,BLOC1S2
coding56,REAC,REAC:R-HSA-69278,"Cell Cycle, Mitotic",1.0,32,549,1,EIF2B2
coding56,REAC,REAC:R-HSA-1640170,Cell Cycle,1.0,32,680,2,EIF2B2;LOXL4
coding56,REAC,REAC:R-HSA-1566948,Elastic fibre formation,1.0,32,44,1,DUSP13
coding56,REAC,REAC:R-HSA-8939211,ESR-mediated signaling,1.0,32,215,1,PGAP3
coding56,REAC,REAC:R-HSA-427389,ERCC6 (CSB) and EHMT2 (G9a) positively regulate rRNA expression,1.0,32,75,1,KDM5A
coding56,REAC,REAC:R-HSA-2682334,EPH-Ephrin signaling,1.0,32,90,1,NTAN1
coding56,REAC,REAC:R-HSA-5619115,Disorders of transmembrane transporters,1.0,32,173,1,PARVA
coding56,REAC,REAC:R-HSA-1643685,Disease,1.0,32,1848,4,FAM184A;KDM5A;PARVA;RC3H2
coding56,REAC,REAC:R-HSA-9725554,Differentiation of Keratinocytes in Interfollicular Epidermis in Mammalian Skin,1.0,32,40,1,LRIG1
coding56,REAC,REAC:R-HSA-9734779,Developmental Cell Lineages of the Integumentary System,1.0,32,40,1,LRIG1
coding56,REAC,REAC:R-HSA-9734767,Developmental Cell Lineages,1.0,32,40,1,LRIG1
coding56,REAC,REAC:R-HSA-1266738,Developmental Biology,1.0,32,1394,6,FAM184A;HSD17B12;KDM5A;LRIG1;NTAN1;RC3H2
coding56,REAC,REAC:R-HSA-4419969,Depolymerization of the Nuclear Lamina,1.0,32,13,1,EIF2B2
coding56,REAC,REAC:R-HSA-5678420,"Defective ABCC9 causes CMD10, ATFB12 and Cantu syndrome",1.0,32,2,1,PARVA
coding56,REAC,REAC:R-HSA-5683177,Defective ABCC8 can cause hypo- and hyper-glycemias,1.0,32,2,1,PARVA
coding56,REAC,REAC:R-HSA-1280215,Cytokine Signaling in Immune system,1.0,32,780,1,FCHO1
coding56,REAC,REAC:R-HSA-2243919,Crosslinking of collagen fibrils,1.0,32,18,1,DUSP13
coding56,REAC,REAC:R-HSA-3214842,HDMs demethylate histones,1.0,32,50,1,HSD17B12
coding56,REAC,REAC:R-HSA-3214815,HDACs deacetylate histones,1.0,32,94,1,KDM5A
coding56,REAC,REAC:R-HSA-3214847,HATs acetylate histones,1.0,32,141,1,THAP8
coding56,REAC,REAC:R-HSA-1483206,Glycerophospholipid biosynthesis,1.0,32,128,1,EIF2B2
coding56,REAC,REAC:R-HSA-212436,Generic Transcription Pathway,1.0,32,1231,6,FAM184A;KDM5A;LIPA;RC3H2;SPDYE2;ZNF268
coding56,REAC,REAC:R-HSA-74160,Gene expression (Transcription),1.0,32,1539,8,FAM184A;FCHO1;KDM5A;LIPA;RC3H2;SPDYE2;THAP8;ZNF268
coding56,REAC,REAC:R-HSA-388396,GPCR downstream signalling,1.0,32,622,2,DGKQ;SAP130
coding56,REAC,REAC:R-HSA-416476,G alpha (q) signalling events,1.0,32,212,2,DGKQ;SAP130
coding56,REAC,REAC:R-HSA-75105,Fatty acyl-CoA biosynthesis,1.0,32,37,1,KCNJ11
coding56,REAC,REAC:R-HSA-8978868,Fatty acid metabolism,1.0,32,172,1,KCNJ11
coding56,REAC,REAC:R-HSA-9837092,FASTK family proteins regulate processing and stability of mitochondrial RNAs,1.0,32,3,1,MLH3
coding56,REAC,REAC:R-HSA-1474244,Extracellular matrix organization,1.0,32,298,1,DUSP13
coding56,REAC,REAC:R-HSA-72613,Eukaryotic Translation Initiation,1.0,32,120,1,SIK2
coding56,REAC,REAC:R-HSA-9018519,Estrogen-dependent gene expression,1.0,32,147,1,PGAP3
coding56,REAC,REAC:R-HSA-212165,Epigenetic regulation of gene expression,1.0,32,252,2,KDM5A;THAP8
coding56,REAC,REAC:R-HSA-3928664,Ephrin signaling,1.0,32,17,1,NTAN1
coding56,REAC,REAC:R-HSA-9816359,Maternal to zygotic transition (MZT),1.0,32,119,1,HSD17B12
coding56,REAC,REAC:R-HSA-1632852,Macroautophagy,1.0,32,141,1,ARL13B
coding56,REAC,REAC:R-HSA-68886,M Phase,1.0,32,407,1,EIF2B2
coding56,REAC,REAC:R-HSA-446343,Localization of the PINCH-ILK-PARVIN complex to focal adhesions,1.0,32,4,1,BLOC1S2
coding56,REAC,REAC:R-HSA-9615710,Late endosomal microautophagy,1.0,32,34,1,ARL13B
coding56,REAC,REAC:R-HSA-8964038,LDL clearance,1.0,32,19,1,CDC123
coding56,REAC,REAC:R-HSA-5578775,Ion homeostasis,1.0,32,54,1,PARVA
coding56,REAC,REAC:R-HSA-1296065,Inwardly rectifying K+ channels,1.0,32,35,1,PARVA
coding56,REAC,REAC:R-HSA-9006925,Intracellular signaling by second messengers,1.0,32,297,1,KDM5A
coding56,REAC,REAC:R-HSA-163685,Integration of energy metabolism,1.0,32,107,1,PARVA
coding56,REAC,REAC:R-HSA-168249,Innate Immune System,1.0,32,1102,2,DAGLB;MED23
coding56,REAC,REAC:R-HSA-5663205,Infectious disease,1.0,32,1062,3,FAM184A;KDM5A;RC3H2
coding56,REAC,REAC:R-HSA-168256,Immune System,1.0,32,2086,4,DAGLB;FCHO1;MED23;ZNF236
coding56,REAC,REAC:R-HSA-109582,Hemostasis,1.0,32,675,2,DGKQ;SAP130
coding56,REAC,REAC:R-HSA-9707616,Heme signaling,1.0,32,47,1,PGAP3
coding56,REAC,REAC:R-HSA-189451,Heme biosynthesis,1.0,32,13,1,BMPR1A
coding56,REAC,REAC:R-HSA-397014,Muscle contraction,1.0,32,203,1,PARVA
coding56,REAC,REAC:R-HSA-68875,Mitotic Prophase,1.0,32,134,1,EIF2B2
coding56,REAC,REAC:R-HSA-1362409,Mitochondrial iron-sulfur cluster biogenesis,1.0,32,11,1,ZNF430
coding56,REAC,REAC:R-HSA-9836573,Mitochondrial RNA degradation,1.0,32,9,1,MLH3
coding56,REAC,REAC:R-HSA-8957322,Metabolism of steroids,1.0,32,151,1,KCNJ11
coding56,REAC,REAC:R-HSA-196071,Metabolism of steroid hormones,1.0,32,35,1,KCNJ11
coding56,REAC,REAC:R-HSA-392499,Metabolism of proteins,1.0,32,2066,5,DAGLB;DCAF16;PGAP3;SIK2;ZNF236
coding56,REAC,REAC:R-HSA-189445,Metabolism of porphyrins,1.0,32,25,1,BMPR1A
coding56,REAC,REAC:R-HSA-556833,Metabolism of lipids,1.0,32,747,4,EIF2B2;FAM184A;KCNJ11;RC3H2
coding56,REAC,REAC:R-HSA-71291,Metabolism of amino acids and derivatives,1.0,32,363,1,MED23
coding56,REAC,REAC:R-HSA-8953854,Metabolism of RNA,1.0,32,710,2,FCHO1;MLH3
coding56,REAC,REAC:R-HSA-1430728,Metabolism,1.0,32,2143,8,BMPR1A;EIF2B2;FAM184A;KCNJ11;MED23;PARVA;RC3H2;ZNF430
coding56,REAC,REAC:R-HSA-199991,Membrane Trafficking,1.0,32,626,1,TMEM136
coding56,REAC,REAC:R-HSA-912446,Meiotic recombination,1.0,32,88,1,LOXL4
coding56,REAC,REAC:R-HSA-1500620,Meiosis,1.0,32,118,1,LOXL4
coding56,REAC,REAC:R-HSA-9854311,Maturation of TCA enzymes and regulation of TCA cycle,1.0,32,18,1,ZNF430
coding56,REAC,REAC:R-HSA-1257604,PIP3 activates AKT signaling,1.0,32,257,1,KDM5A
coding56,REAC,REAC:R-HSA-1852241,Organelle biogenesis and maintenance,1.0,32,293,1,ARL13B
coding56,REAC,REAC:R-HSA-198725,Nuclear Events (kinase and transcription factor activation),1.0,32,60,1,KDM5A
coding56,REAC,REAC:R-HSA-2980766,Nuclear Envelope Breakdown,1.0,32,47,1,EIF2B2
coding56,REAC,REAC:R-HSA-427413,NoRC negatively regulates rRNA expression,1.0,32,105,1,THAP8
coding56,REAC,REAC:R-HSA-6798695,Neutrophil degranulation,1.0,32,476,2,DAGLB;MED23
coding56,REAC,REAC:R-HSA-112314,Neurotransmitter receptors and postsynaptic signal transmission,1.0,32,195,1,NTAN1
coding56,REAC,REAC:R-HSA-112316,Neuronal System,1.0,32,399,2,NTAN1;PARVA
coding56,REAC,REAC:R-HSA-9675108,Nervous system development,1.0,32,568,1,NTAN1
coding56,REAC,REAC:R-HSA-6807004,Negative regulation of MET activity,1.0,32,20,1,LRIG1
coding56,REAC,REAC:R-HSA-5250941,Negative epigenetic regulation of rRNA expression,1.0,32,108,1,THAP8
coding56,REAC,REAC:R-HSA-8951664,Neddylation,1.0,32,244,2,DCAF16;ZNF236
coding56,REAC,REAC:R-HSA-9024446,NR1H2 and NR1H3-mediated signaling,1.0,32,45,1,PGAP3
coding56,REAC,REAC:R-HSA-9029558,NR1H2 & NR1H3 regulate gene expression linked to lipogenesis,1.0,32,8,1,PGAP3
coding56,REAC,REAC:R-HSA-9632974,NR1H2 & NR1H3 regulate gene expression linked to gluconeogenesis ,1.0,32,5,1,PGAP3
coding56,REAC,REAC:R-HSA-9031628,NGF-stimulated transcription,1.0,32,38,1,KDM5A
coding56,REAC,REAC:R-HSA-9012999,RHO GTPase cycle,1.0,32,449,2,ARL13B;NTAN1
coding56,REAC,REAC:R-HSA-9013423,RAC3 GTPase cycle,1.0,32,94,1,NTAN1
coding56,REAC,REAC:R-HSA-9013404,RAC2 GTPase cycle,1.0,32,88,1,NTAN1
coding56,REAC,REAC:R-HSA-9013149,RAC1 GTPase cycle,1.0,32,184,1,NTAN1
coding56,REAC,REAC:R-HSA-72203,Processing of Capped Intron-Containing Pre-mRNA,1.0,32,276,1,FCHO1
coding56,REAC,REAC:R-HSA-9679191,Potential therapeutics for SARS,1.0,32,150,1,KDM5A
coding56,REAC,REAC:R-HSA-1296071,Potassium Channels,1.0,32,103,1,PARVA
coding56,REAC,REAC:R-HSA-597592,Post-translational protein modification,1.0,32,1453,3,DCAF16;PGAP3;ZNF236
coding56,REAC,REAC:R-HSA-438064,Post NMDA receptor activation events,1.0,32,75,1,NTAN1
coding56,REAC,REAC:R-HSA-5250913,Positive epigenetic regulation of rRNA expression,1.0,32,104,1,KDM5A
coding56,REAC,REAC:R-HSA-76002,"Platelet activation, signaling and aggregation",1.0,32,259,2,DGKQ;SAP130
coding56,REAC,REAC:R-HSA-8964043,Plasma lipoprotein clearance,1.0,32,36,1,CDC123
coding56,REAC,REAC:R-HSA-174824,"Plasma lipoprotein assembly, remodeling, and clearance",1.0,32,71,1,CDC123
coding56,REAC,REAC:R-HSA-1483257,Phospholipid metabolism,1.0,32,211,1,EIF2B2
coding56,REAC,REAC:R-HSA-6807070,PTEN Regulation,1.0,32,138,1,KDM5A
coding56,REAC,REAC:R-HSA-1989781,PPARA activates gene expression,1.0,32,113,2,FAM184A;RC3H2
coding56,REAC,REAC:R-HSA-446388,Regulation of cytoskeletal remodeling and cell spreading by IPP complex components,1.0,32,8,1,BLOC1S2
coding56,REAC,REAC:R-HSA-6804758,Regulation of TP53 Activity through Acetylation,1.0,32,30,1,KDM5A
coding56,REAC,REAC:R-HSA-5633007,Regulation of TP53 Activity,1.0,32,160,1,KDM5A
coding56,REAC,REAC:R-HSA-8943724,Regulation of PTEN gene transcription,1.0,32,59,1,KDM5A
coding56,REAC,REAC:R-HSA-72731,Recycling of eIF2:GDP,1.0,32,8,1,SIK2
coding56,REAC,REAC:R-HSA-9833110,RSV-host interactions,1.0,32,97,2,FAM184A;RC3H2
coding56,REAC,REAC:R-HSA-73856,RNA Polymerase II Transcription Termination,1.0,32,65,1,FCHO1
coding56,REAC,REAC:R-HSA-73857,RNA Polymerase II Transcription,1.0,32,1352,7,FAM184A;FCHO1;KDM5A;LIPA;RC3H2;SPDYE2;ZNF268
coding56,REAC,REAC:R-HSA-73762,RNA Polymerase I Transcription Initiation,1.0,32,47,1,KDM5A
coding56,REAC,REAC:R-HSA-73864,RNA Polymerase I Transcription,1.0,32,110,1,KDM5A
coding56,REAC,REAC:R-HSA-73854,RNA Polymerase I Promoter Clearance,1.0,32,109,1,KDM5A
coding56,REAC,REAC:R-HSA-9013424,RHOV GTPase cycle,1.0,32,37,1,NTAN1
coding56,REAC,REAC:R-HSA-9013420,RHOU GTPase cycle,1.0,32,39,1,NTAN1
coding56,REAC,REAC:R-HSA-9013406,RHOQ GTPase cycle,1.0,32,59,2,ARL13B;NTAN1
coding56,REAC,REAC:R-HSA-9013409,RHOJ GTPase cycle,1.0,32,55,2,ARL13B;NTAN1
coding56,REAC,REAC:R-HSA-9706019,RHOBTB3 ATPase cycle,1.0,32,9,1,ZNF236
coding56,REAC,REAC:R-HSA-177929,Signaling by EGFR,1.0,32,51,1,LRIG1
coding56,REAC,REAC:R-HSA-9680350,Signaling by CSF1 (M-CSF) in myeloid cells,1.0,32,30,1,FCHO1
coding56,REAC,REAC:R-HSA-201451,Signaling by BMP,1.0,32,31,1,SNX16
coding56,REAC,REAC:R-HSA-162582,Signal Transduction,1.0,32,2570,9,ARL13B;DGKQ;KDM5A;LRIG1;NTAN1;PGAP3;SAP130;SNX16;ZNF236
coding56,REAC,REAC:R-HSA-9663891,Selective autophagy,1.0,32,88,1,ARL13B
coding56,REAC,REAC:R-HSA-3899300,SUMOylation of transcription cofactors,1.0,32,41,1,PGAP3
coding56,REAC,REAC:R-HSA-2990846,SUMOylation,1.0,32,178,1,PGAP3
coding56,REAC,REAC:R-HSA-3108232,SUMO E3 ligases SUMOylate target proteins,1.0,32,172,1,PGAP3
coding56,REAC,REAC:R-HSA-9679506,SARS-CoV Infections,1.0,32,459,1,KDM5A
coding56,REAC,REAC:R-HSA-9820952,Respiratory Syncytial Virus Infection Pathway,1.0,32,119,2,FAM184A;RC3H2
coding56,REAC,REAC:R-HSA-1474165,Reproduction,1.0,32,156,1,LOXL4
coding56,REAC,REAC:R-HSA-400206,Regulation of lipid metabolism by PPARalpha,1.0,32,114,2,FAM184A;RC3H2
coding56,REAC,REAC:R-HSA-422356,Regulation of insulin secretion,1.0,32,78,1,PARVA
coding56,REAC,REAC:R-HSA-9845323,Regulation of endogenous retroelements by Piwi-interacting RNAs (piRNAs),1.0,32,97,1,KDM5A
coding56,REAC,REAC:R-HSA-9843940,Regulation of endogenous retroelements by KRAB-ZFP proteins,1.0,32,107,1,KDM5A
coding56,REAC,REAC:R-HSA-9842860,Regulation of endogenous retroelements,1.0,32,142,1,KDM5A
coding56,GO:MF,GO:0004053,arginase activity,1.0,50,3,1,MED23
coding56,GO:MF,GO:0003924,GTPase activity,1.0,50,336,1,ARL13B
coding56,GO:MF,GO:0003824,catalytic activity,1.0,50,5753,18,ARL13B;BMPR1A;CDC123;CHD4;DGKQ;DUSP13;EIF2B2;HMBS;HSD17B12;KCNJ11;KDM5A;LOXL4;LRRC41;MED23;SAP130;SNX16;TSPAN14;ZBTB6
coding56,GO:MF,GO:0003779,actin binding,1.0,50,447,1,BLOC1S2
coding56,GO:MF,GO:0003743,translation initiation factor activity,1.0,50,53,1,SIK2
coding56,GO:MF,GO:0003729,mRNA binding,1.0,50,384,3,FCHO1;YTHDF2;ZBTB6
coding56,GO:MF,GO:0003725,double-stranded RNA binding,1.0,50,76,1,ZBTB6
coding56,GO:MF,GO:0003723,RNA binding,1.0,50,3099,4,FCHO1;MLH3;YTHDF2;ZBTB6
coding56,GO:MF,GO:0003714,transcription corepressor activity,1.0,50,203,2,KDM5A;PGAP3
coding56,GO:MF,GO:0003700,DNA-binding transcription factor activity,1.0,50,1395,5,GIT1;LIPA;SPDYE2;ZNF268;ZNF34
coding56,GO:MF,GO:0003696,satellite DNA binding,1.0,50,4,1,LOXL4
coding56,GO:MF,GO:0003690,double-stranded DNA binding,1.0,50,1584,7,GIT1;HSD17B12;LOXL4;PGAP3;SPDYE2;ZNF268;ZNF34
coding56,GO:MF,GO:0003682,chromatin binding,1.0,50,603,3,HSD17B12;KDM5A;LOXL4
coding56,GO:MF,GO:0003678,DNA helicase activity,1.0,50,76,1,KDM5A
coding56,REAC,REAC:R-HSA-112315,Transmission across Chemical Synapses,1.0,32,258,1,NTAN1
coding56,REAC,REAC:R-HSA-72202,Transport of Mature Transcript to Cytoplasm,1.0,32,80,1,FCHO1
coding56,REAC,REAC:R-HSA-159236,Transport of Mature mRNA derived from an Intron-Containing Transcript,1.0,32,71,1,FCHO1
coding56,REAC,REAC:R-HSA-382551,Transport of small molecules,1.0,32,729,2,CDC123;PARVA
coding56,REAC,REAC:R-HSA-75109,Triglyceride biosynthesis,1.0,32,14,1,EIF2B2
coding56,REAC,REAC:R-HSA-8979227,Triglyceride metabolism,1.0,32,38,1,EIF2B2
coding56,REAC,REAC:R-HSA-70635,Urea cycle,1.0,32,10,1,MED23
coding56,REAC,REAC:R-HSA-5653656,Vesicle-mediated transport,1.0,32,720,1,TMEM136
coding56,REAC,REAC:R-HSA-9824446,Viral Infection Pathways,1.0,32,873,3,FAM184A;KDM5A;RC3H2
coding56,REAC,REAC:R-HSA-72187,mRNA 3'-end processing,1.0,32,56,1,FCHO1
coding56,REAC,REAC:0000000,REACTOME root term,1.0,32,11056,32,ARL13B;BLOC1S2;BMPR1A;CDC123;DAGLB;DCAF16;DGKQ;DUSP13;EIF2B2;FAM184A;FCHO1;HSD17B12;KCNJ11;KDM5A;LIPA;LOXL4;LRIG1;MED23;MLH3;NTAN1;PARVA;PGAP3;RC3H2;SAP130;SIK2;SNX16;SPDYE2;THAP8;TMEM136;ZNF236;ZNF268;ZNF430
coding56,GO:MF,GO:0000166,nucleotide binding,1.0,50,2161,9,ARL13B;C6orf106;KDM5A;LOXL4;PARVA;SAP130;SIK2;SNX16;TSPAN14
all76,GO:BP,GO:0019219,regulation of nucleobase-containing compound metabolic process,0.35137921026194263,48,3954,20,BLOC1S2;CDC123;CHD4;DAGLB;DUSP13;GIT1;HERPUD2;HSD17B12;KCNJ11;MAST4-AS1;MED27;NTAN1;PHBP9;RP1-159A19.4;SAP130;SNX16;SPDYE2;YTHDF2;ZBTB6;ZNF34
all76,GO:MF,GO:0003713,transcription coactivator activity,0.3598158967201277,50,282,5,BLOC1S2;CDC123;DUSP13;MAST4-AS1;ZBTB6
all76,GO:BP,GO:0006639,acylglycerol metabolic process,0.36880948099746347,48,131,4,CDC123;GIT1;U6;ZNF236
all76,GO:BP,GO:0006638,neutral lipid metabolic process,0.3796989399218752,48,132,4,CDC123;GIT1;U6;ZNF236
all76,GO:BP,GO:0051252,regulation of RNA metabolic process,0.3845966419105674,48,3654,19,BLOC1S2;CDC123;CHD4;DAGLB;DUSP13;GIT1;HERPUD2;HSD17B12;MAST4-AS1;MED27;NTAN1;PHBP9;RP1-159A19.4;SAP130;SNX16;SPDYE2;YTHDF2;ZBTB6;ZNF34
all76,GO:BP,GO:0050852,T cell receptor signaling pathway,0.515277441855515,48,143,4,C6orf106;DGKQ;U6;ZNF34
all76,GO:BP,GO:0080090,regulation of primary metabolic process,0.7280918071641563,48,5215,23,ARG1;BLOC1S2;CDC123;CHD4;DAGLB;DGKQ;DUSP13;GIT1;HERPUD2;HSD17B12;KCNJ11;MAST4-AS1;MED27;NTAN1;PHBP9;RP1-159A19.4;SAP130;SNX16;SPDYE2;YTHDF2;ZBTB6;ZNF236;ZNF34
all76,KEGG,KEGG:00561,Glycerolipid metabolism,0.8095568953659356,23,64,2,CDC123;GIT1
all76,REAC,REAC:R-HSA-114508,Effects of PIP2 hydrolysis,0.9261693972920363,32,27,2,GIT1;ZNF236
all76,GO:BP,GO:0051254,positive regulation of RNA metabolic process,0.9516781309279005,48,1804,12,BLOC1S2;CDC123;DUSP13;MAST4-AS1;MED27;NTAN1;PHBP9;RP1-159A19.4;SAP130;YTHDF2;ZBTB6;ZNF34
all76,GO:MF,GO:0003712,transcription coregulator activity,0.9627259098567488,50,521,6,BLOC1S2;CDC123;DUSP13;MAST4-AS1;PHBP9;ZBTB6
all76,GO:MF,GO:0005515,protein binding,0.9761085229148216,50,15082,46,AC002116.7;ARG1;ARL13B;BLOC1S2;BMPR1A;C18orf8;C6orf106;CTD-2037K23.2;DCAF16;DGKQ;DUSP13;FAM184A;GIT1;HERPUD2;HSD17B12;KCNJ11;KDM5A;KRT8P46;LRIG1;LRRC41;MAST4-AS1;MED23;MED27;Metazoa_SRP;NRBF2;NTAN1;PARVA;PDGFC;PHBP9;PTPRN;RC3H2;RP1-159A19.4;RP11-464F9.1;RP11-464F9.9;RP11-856B14.1;RP11-98D18.9;RP4-756G23.5;SAP130;SH3BGRL3;SNX16;SPDYE2;THAP8;TSPAN14;YTHDF2;ZBTB6;ZNF236
all76,REAC,REAC:R-HSA-381340,Transcriptional regulation of white adipocyte differentiation,1.0,32,83,2,MAST4-AS1;ZBTB6
all76,REAC,REAC:R-HSA-9844594,Transcriptional regulation of brown and beige adipocyte differentiation by EBF2,1.0,32,30,1,PHBP9
all76,REAC,REAC:R-HSA-9843743,Transcriptional regulation of brown and beige adipocyte differentiation,1.0,32,30,1,PHBP9
all76,REAC,REAC:R-HSA-3700989,Transcriptional Regulation by TP53,1.0,32,356,1,PHBP9
all76,REAC,REAC:R-HSA-75876,Synthesis of very long-chain fatty acyl-CoAs,1.0,32,24,1,RP11-464F9.9
all76,REAC,REAC:R-HSA-1483213,Synthesis of PE,1.0,32,13,1,CDC123
all76,REAC,REAC:R-HSA-1483191,Synthesis of PC,1.0,32,28,1,CDC123
all76,REAC,REAC:R-HSA-9006936,Signaling by TGFB family members,1.0,32,156,1,RP1-159A19.4
all76,REAC,REAC:R-HSA-9716542,"Signaling by Rho GTPases, Miro GTPases and RHOBTB3",1.0,32,716,3,ARL13B;KCNJ11;KDM5A
all76,REAC,REAC:R-HSA-194315,Signaling by Rho GTPases,1.0,32,701,2,ARL13B;KCNJ11
all76,REAC,REAC:R-HSA-9006934,Signaling by Receptor Tyrosine Kinases,1.0,32,516,2,LRIG1;PHBP9
all76,REAC,REAC:R-HSA-9006931,Signaling by Nuclear Receptors,1.0,32,289,1,DUSP13
all76,REAC,REAC:R-HSA-166520,Signaling by NTRKs,1.0,32,130,1,PHBP9
all76,REAC,REAC:R-HSA-187037,Signaling by NTRK1 (TRKA),1.0,32,111,1,PHBP9
all76,REAC,REAC:R-HSA-6806834,Signaling by MET,1.0,32,76,1,LRIG1
all76,REAC,REAC:R-HSA-372790,Signaling by GPCR,1.0,32,695,2,GIT1;ZNF236
all76,GO:MF,GO:0003677,DNA binding,1.0,50,2540,11,BLOC1S2;DAGLB;DUSP13;HERPUD2;HSD17B12;PHBP9;PTPRN;RP11-856B14.1;SAP130;SPDYE2;ZNF34
all76,GO:MF,GO:0003676,nucleic acid binding,1.0,50,5437,14,BLOC1S2;DAGLB;DUSP13;HERPUD2;HSD17B12;PHBP9;PTPRN;RP11-856B14.1;SAP130;SNX16;SPDYE2;TSPAN14;YTHDF2;ZNF34
all76,GO:MF,GO:0003674,molecular_function,1.0,50,20208,50,AC002116.7;ARG1;ARL13B;BLOC1S2;BMPR1A;C18orf8;C6orf106;CDC123;CTD-2037K23.2;DAGLB;DCAF16;DGKQ;DUSP13;FAM184A;GIT1;HERPUD2;HSD17B12;KCNJ11;KDM5A;KRT8P46;LRIG1;LRRC41;MAST4-AS1;MED23;MED27;Metazoa_SRP;NRBF2;NTAN1;PARVA;PDGFC;PHBP9;PTPRN;RC3H2;RP1-159A19.4;RP11-464F9.1;RP11-464F9.9;RP11-856B14.1;RP11-98D18.9;RP4-756G23.5;SAP130;SH3BGRL3;SNX16;SPDYE2;THAP8;TSPAN14;U6;YTHDF2;ZBTB6;ZNF236;ZNF34
all76,GO:MF,GO:0001968,fibronectin binding,1.0,50,30,1,RP11-464F9.9
all76,GO:MF,GO:0001727,lipid kinase activity,1.0,50,41,1,GIT1
all76,GO:MF,GO:0001227,"DNA-binding transcription repressor activity, RNA polymerase II-specific",1.0,50,267,1,SPDYE2
all76,GO:MF,GO:0001221,transcription coregulator binding,1.0,50,115,1,PHBP9
all76,GO:MF,GO:0001217,DNA-binding transcription repressor activity,1.0,50,278,1,SPDYE2
all76,GO:MF,GO:0001067,transcription regulatory region nucleic acid binding,1.0,50,1414,6,BLOC1S2;DAGLB;DUSP13;HERPUD2;HSD17B12;SPDYE2
all76,GO:MF,GO:0000987,cis-regulatory region sequence-specific DNA binding,1.0,50,1131,5,DAGLB;DUSP13;HERPUD2;HSD17B12;SPDYE2
all76,GO:MF,GO:0000981,"DNA-binding transcription factor activity, RNA polymerase II-specific",1.0,50,1309,4,DAGLB;HERPUD2;HSD17B12;SPDYE2
all76,GO:MF,GO:0000978,RNA polymerase II cis-regulatory region sequence-specific DNA binding,1.0,50,1105,5,DAGLB;DUSP13;HERPUD2;HSD17B12;SPDYE2
all76,GO:MF,GO:0000977,RNA polymerase II transcription regulatory region sequence-specific DNA binding,1.0,50,1310,5,DAGLB;DUSP13;HERPUD2;HSD17B12;SPDYE2
all76,GO:MF,GO:0000976,transcription cis-regulatory region binding,1.0,50,1413,6,BLOC1S2;DAGLB;DUSP13;HERPUD2;HSD17B12;SPDYE2
all76,GO:MF,GO:0000287,magnesium ion binding,1.0,50,233,2,Metazoa_SRP;THAP8
all76,REAC,REAC:R-HSA-72766,Translation,1.0,32,292,1,DGKQ
all76,GO:MF,GO:0004725,protein tyrosine phosphatase activity,1.0,50,100,1,NTAN1
all76,GO:MF,GO:0004721,phosphoprotein phosphatase activity,1.0,50,181,1,NTAN1
all76,GO:MF,GO:0004720,protein-lysine 6-oxidase activity,1.0,50,5,1,LRRC41
all76,GO:MF,GO:0004711,ribosomal protein S6 kinase activity,1.0,50,244,1,Metazoa_SRP
all76,GO:MF,GO:0004697,diacylglycerol-dependent serine/threonine kinase activity,1.0,50,17,1,GIT1
all76,GO:MF,GO:0004694,eukaryotic translation initiation factor 2alpha kinase activity,1.0,50,244,1,Metazoa_SRP
all76,GO:MF,GO:0004679,AMP-activated protein kinase activity,1.0,50,247,1,Metazoa_SRP
all76,GO:MF,GO:0004677,DNA-dependent protein kinase activity,1.0,50,245,1,Metazoa_SRP
all76,GO:MF,GO:0004676,3-phosphoinositide-dependent protein kinase activity,1.0,50,244,1,Metazoa_SRP
all76,GO:MF,GO:0004675,transmembrane receptor protein serine/threonine kinase activity,1.0,50,18,1,RP1-159A19.4
all76,GO:MF,GO:0004674,protein serine/threonine kinase activity,1.0,50,440,3,GIT1;Metazoa_SRP;RP1-159A19.4
all76,GO:MF,GO:0004672,protein kinase activity,1.0,50,589,3,GIT1;Metazoa_SRP;RP1-159A19.4
all76,GO:MF,GO:0004418,hydroxymethylbilane synthase activity,1.0,50,1,1,RP11-98D18.9
all76,GO:MF,GO:0004386,helicase activity,1.0,50,162,1,PHBP9
all76,GO:MF,GO:0004303,estradiol 17-beta-dehydrogenase [NAD(P)+] activity,1.0,50,20,1,RP11-464F9.9
all76,GO:MF,GO:0004143,ATP-dependent diacylglycerol kinase activity,1.0,50,11,1,GIT1
all76,GO:MF,GO:0005242,inward rectifier potassium channel activity,1.0,50,28,1,RP11-464F9.1
all76,GO:MF,GO:0005216,monoatomic ion channel activity,1.0,50,449,1,RP11-464F9.1
all76,GO:MF,GO:0005215,transporter activity,1.0,50,1256,1,RP11-464F9.1
all76,GO:MF,GO:0005161,platelet-derived growth factor receptor binding,1.0,50,14,1,KRT8P46
all76,GO:MF,GO:0005102,signaling receptor binding,1.0,50,1346,3,DUSP13;GIT1;KRT8P46
all76,GO:MF,GO:0005096,GTPase activator activity,1.0,50,275,1,KCNJ11
all76,GO:MF,GO:0005085,guanyl-nucleotide exchange factor activity,1.0,50,238,1,DGKQ
all76,GO:MF,GO:0005026,"transforming growth factor beta receptor activity, type II",1.0,50,12,1,RP1-159A19.4
all76,GO:MF,GO:0005025,"transforming growth factor beta receptor activity, type I",1.0,50,12,1,RP1-159A19.4
all76,GO:MF,GO:0005024,transforming growth factor beta receptor activity,1.0,50,16,1,RP1-159A19.4
all76,GO:MF,GO:0004888,transmembrane signaling receptor activity,1.0,50,1283,1,RP1-159A19.4
all76,GO:MF,GO:0004860,protein kinase inhibitor activity,1.0,50,87,1,NRBF2
all76,GO:MF,GO:0004857,enzyme inhibitor activity,1.0,50,428,2,BLOC1S2;NRBF2
all76,GO:MF,GO:0004842,ubiquitin-protein transferase activity,1.0,50,448,1,ZNF34
all76,GO:MF,GO:0004806,triacylglycerol lipase activity,1.0,50,24,1,ZNF236
all76,GO:MF,GO:0004771,sterol ester esterase activity,1.0,50,8,1,U6
all76,GO:MF,GO:0008094,"ATP-dependent activity, acting on DNA",1.0,50,120,2,PHBP9;PTPRN
all76,GO:MF,GO:0008092,cytoskeletal protein binding,1.0,50,996,5,KCNJ11;MED27;NRBF2;NTAN1;RP11-464F9.1
all76,GO:MF,GO:0008083,growth factor activity,1.0,50,162,1,KRT8P46
all76,GO:MF,GO:0008047,enzyme activator activity,1.0,50,632,2,GIT1;KCNJ11
all76,GO:MF,GO:0005543,phospholipid binding,1.0,50,489,1,AC002116.7
all76,GO:MF,GO:0005539,glycosaminoglycan binding,1.0,50,243,1,RP11-464F9.9
all76,GO:MF,GO:0005525,GTP binding,1.0,50,388,2,ARL13B;DGKQ
all76,GO:MF,GO:0005524,ATP binding,1.0,50,1504,8,DGKQ;GIT1;Metazoa_SRP;PHBP9;PTPRN;RP1-159A19.4;RP11-464F9.1;THAP8
all76,GO:MF,GO:0005518,collagen binding,1.0,50,72,1,RP11-464F9.9
all76,GO:MF,GO:0005507,copper ion binding,1.0,50,60,1,LRRC41
all76,GO:MF,GO:0005488,binding,1.0,50,18447,48,AC002116.7;ARG1;ARL13B;BLOC1S2;BMPR1A;C18orf8;C6orf106;CTD-2037K23.2;DAGLB;DCAF16;DGKQ;DUSP13;FAM184A;GIT1;HERPUD2;HSD17B12;KCNJ11;KDM5A;KRT8P46;LRIG1;LRRC41;MAST4-AS1;MED23;MED27;Metazoa_SRP;NRBF2;NTAN1;PARVA;PDGFC;PHBP9;PTPRN;RC3H2;RP1-159A19.4;RP11-464F9.1;RP11-464F9.9;RP11-856B14.1;RP11-98D18.9;RP4-756G23.5;SAP130;SH3BGRL3;SNX16;SPDYE2;THAP8;TSPAN14;YTHDF2;ZBTB6;ZNF236;ZNF34
all76,GO:MF,GO:0005267,potassium channel activity,1.0,50,126,1,RP11-464F9.1
all76,GO:MF,GO:0005261,monoatomic cation channel activity,1.0,50,343,1,RP11-464F9.1
all76,GO:MF,GO:0005249,voltage-gated potassium channel activity,1.0,50,99,1,RP11-464F9.1
all76,GO:MF,GO:0005244,voltage-gated monoatomic ion channel activity,1.0,50,173,1,RP11-464F9.1
all76,GO:MF,GO:0016229,steroid dehydrogenase activity,1.0,50,37,1,RP11-464F9.9
all76,GO:MF,GO:0015631,tubulin binding,1.0,50,389,2,KCNJ11;MED27
all76,GO:MF,GO:0015399,primary active transmembrane transporter activity,1.0,50,166,1,RP11-464F9.1
all76,GO:MF,GO:0015276,ligand-gated monoatomic ion channel activity,1.0,50,187,1,RP11-464F9.1
all76,GO:MF,GO:0015272,ATP-activated inward rectifier potassium channel activity,1.0,50,6,1,RP11-464F9.1
all76,GO:MF,GO:0015267,channel activity,1.0,50,512,1,RP11-464F9.1
all76,GO:MF,GO:0015079,potassium ion transmembrane transporter activity,1.0,50,163,1,RP11-464F9.1
all76,GO:MF,GO:0015075,monoatomic ion transmembrane transporter activity,1.0,50,770,1,RP11-464F9.1
all76,GO:MF,GO:0009378,four-way junction helicase activity,1.0,50,52,1,PHBP9
all76,GO:MF,GO:0008418,protein-N-terminal asparagine amidohydrolase activity,1.0,50,2,1,PARVA
all76,GO:MF,GO:0008324,monoatomic cation transmembrane transporter activity,1.0,50,656,1,RP11-464F9.1
all76,GO:MF,GO:0008289,lipid binding,1.0,50,854,1,AC002116.7
all76,GO:MF,GO:0008270,zinc ion binding,1.0,50,2168,11,BLOC1S2;DAGLB;GIT1;HERPUD2;HSD17B12;KCNJ11;PHBP9;RP11-856B14.1;SAP130;SPDYE2;ZNF34
all76,GO:MF,GO:0008201,heparin binding,1.0,50,171,1,RP11-464F9.9
all76,GO:MF,GO:0008195,phosphatidate phosphatase activity,1.0,50,14,1,CDC123
all76,GO:MF,GO:0008134,transcription factor binding,1.0,50,597,4,DUSP13;GIT1;NTAN1;PHBP9
all76,GO:MF,GO:0016765,"transferase activity, transferring alkyl or aryl (other than methyl) groups",1.0,50,62,1,RP11-98D18.9
all76,GO:MF,GO:0016755,aminoacyltransferase activity,1.0,50,496,1,ZNF34
all76,GO:MF,GO:0016746,acyltransferase activity,1.0,50,731,1,ZNF34
all76,GO:MF,GO:0016740,transferase activity,1.0,50,2331,5,GIT1;Metazoa_SRP;RP1-159A19.4;RP11-98D18.9;ZNF34
all76,GO:MF,GO:0016706,2-oxoglutarate-dependent dioxygenase activity,1.0,50,60,1,BLOC1S2
all76,GO:MF,GO:0016705,"oxidoreductase activity, acting on paired donors, with incorporation or reduction of molecular oxygen",1.0,50,178,1,BLOC1S2
all76,GO:MF,GO:0016641,"oxidoreductase activity, acting on the CH-NH2 group of donors, oxygen as acceptor",1.0,50,16,1,LRRC41
all76,GO:MF,GO:0016638,"oxidoreductase activity, acting on the CH-NH2 group of donors",1.0,50,20,1,LRRC41
all76,GO:MF,GO:0016616,"oxidoreductase activity, acting on the CH-OH group of donors, NAD or NADP as acceptor",1.0,50,120,1,RP11-464F9.9
all76,GO:MF,GO:0016614,"oxidoreductase activity, acting on CH-OH group of donors",1.0,50,130,1,RP11-464F9.9
all76,GO:MF,GO:0016491,oxidoreductase activity,1.0,50,695,3,BLOC1S2;LRRC41;RP11-464F9.9
all76,GO:MF,GO:0016462,pyrophosphatase activity,1.0,50,803,3,ARL13B;PHBP9;PTPRN
all76,GO:MF,GO:0016362,"activin receptor activity, type II",1.0,50,12,1,RP1-159A19.4
all76,GO:MF,GO:0016361,"activin receptor activity, type I",1.0,50,12,1,RP1-159A19.4
all76,GO:MF,GO:0016301,kinase activity,1.0,50,781,3,GIT1;Metazoa_SRP;RP1-159A19.4
all76,GO:MF,GO:0016298,lipase activity,1.0,50,133,2,U6;ZNF236
all76,GO:MF,GO:0017111,ribonucleoside triphosphate phosphatase activity,1.0,50,742,3,ARL13B;PHBP9;PTPRN
all76,GO:MF,GO:0017076,purine nucleotide binding,1.0,50,1997,9,ARL13B;DGKQ;GIT1;Metazoa_SRP;PHBP9;PTPRN;RP1-159A19.4;RP11-464F9.1;THAP8
all76,GO:MF,GO:0017002,activin receptor activity,1.0,50,12,1,RP1-159A19.4
all76,GO:MF,GO:0016922,nuclear receptor binding,1.0,50,136,1,DUSP13
all76,GO:MF,GO:0016887,ATP hydrolysis activity,1.0,50,412,2,PHBP9;PTPRN
all76,GO:MF,GO:0016853,isomerase activity,1.0,50,459,1,PHBP9
all76,GO:MF,GO:0016818,"hydrolase activity, acting on acid anhydrides, in phosphorus-containing anhydrides",1.0,50,804,3,ARL13B;PHBP9;PTPRN
all76,GO:MF,GO:0016817,"hydrolase activity, acting on acid anhydrides",1.0,50,804,3,ARL13B;PHBP9;PTPRN
all76,GO:MF,GO:0016813,"hydrolase activity, acting on carbon-nitrogen (but not peptide) bonds, in linear amidines",1.0,50,11,1,FAM184A
all76,GO:MF,GO:0016811,"hydrolase activity, acting on carbon-nitrogen (but not peptide) bonds, in linear amides",1.0,50,68,1,PARVA
all76,GO:MF,GO:0016810,"hydrolase activity, acting on carbon-nitrogen (but not peptide) bonds",1.0,50,132,2,FAM184A;PARVA
all76,GO:MF,GO:0016791,phosphatase activity,1.0,50,281,2,CDC123;NTAN1
all76,GO:MF,GO:0016788,"hydrolase activity, acting on ester bonds",1.0,50,720,5,CDC123;CTD-2037K23.2;NTAN1;U6;ZNF236
all76,GO:MF,GO:0016787,hydrolase activity,1.0,50,2442,10,ARL13B;CDC123;CTD-2037K23.2;FAM184A;NTAN1;PARVA;PHBP9;PTPRN;U6;ZNF236
all76,GO:MF,GO:0016773,"phosphotransferase activity, alcohol group as acceptor",1.0,50,700,3,GIT1;Metazoa_SRP;RP1-159A19.4
all76,GO:MF,GO:0016772,"transferase activity, transferring phosphorus-containing groups",1.0,50,948,3,GIT1;Metazoa_SRP;RP1-159A19.4
all76,GO:MF,GO:0022803,passive transmembrane transporter activity,1.0,50,512,1,RP11-464F9.1
all76,GO:MF,GO:0019955,cytokine binding,1.0,50,148,1,RP1-159A19.4
all76,GO:MF,GO:0019901,protein kinase binding,1.0,50,680,2,ARG1;GIT1
all76,GO:MF,GO:0019900,kinase binding,1.0,50,759,2,ARG1;GIT1
all76,GO:MF,GO:0019899,enzyme binding,1.0,50,2060,7,ARG1;DUSP13;GIT1;KCNJ11;NTAN1;PHBP9;RP4-756G23.5
all76,GO:MF,GO:0019887,protein kinase regulator activity,1.0,50,262,2,GIT1;NRBF2
all76,GO:MF,GO:0019843,rRNA binding,1.0,50,68,1,SNX16
all76,GO:MF,GO:0019829,ATPase-coupled monoatomic cation transmembrane transporter activity,1.0,50,56,1,RP11-464F9.1
all76,GO:MF,GO:0019787,ubiquitin-like protein transferase activity,1.0,50,478,1,ZNF34
all76,GO:MF,GO:0019237,centromeric DNA binding,1.0,50,6,1,PTPRN
all76,GO:MF,GO:0019210,kinase inhibitor activity,1.0,50,93,1,NRBF2
all76,GO:MF,GO:0019209,kinase activator activity,1.0,50,151,1,GIT1
all76,GO:MF,GO:0019207,kinase regulator activity,1.0,50,295,2,GIT1;NRBF2
all76,GO:MF,GO:0019199,transmembrane receptor protein kinase activity,1.0,50,81,1,RP1-159A19.4
all76,GO:MF,GO:0019001,guanyl nucleotide binding,1.0,50,410,2,ARL13B;DGKQ
all76,GO:MF,GO:0017116,single-stranded DNA helicase activity,1.0,50,62,1,PHBP9
all76,GO:MF,GO:0030545,signaling receptor regulator activity,1.0,50,594,2,GIT1;KRT8P46
all76,GO:MF,GO:0030507,spectrin binding,1.0,50,26,1,NTAN1
all76,GO:MF,GO:0030506,ankyrin binding,1.0,50,19,1,RP11-464F9.1
all76,GO:MF,GO:0030331,nuclear estrogen receptor binding,1.0,50,40,1,DUSP13
all76,GO:MF,GO:0030297,transmembrane receptor protein tyrosine kinase activator activity,1.0,50,18,1,GIT1
all76,GO:MF,GO:0030296,protein tyrosine kinase activator activity,1.0,50,34,1,GIT1
all76,GO:MF,GO:0030295,protein kinase activator activity,1.0,50,141,1,GIT1
all76,GO:MF,GO:0030234,enzyme regulator activity,1.0,50,1372,5,BLOC1S2;DGKQ;GIT1;KCNJ11;NRBF2
all76,GO:MF,GO:0030145,manganese ion binding,1.0,50,67,1,FAM184A
all76,GO:MF,GO:0022857,transmembrane transporter activity,1.0,50,1140,1,RP11-464F9.1
all76,GO:MF,GO:0022853,active monoatomic ion transmembrane transporter activity,1.0,50,117,1,RP11-464F9.1
all76,GO:MF,GO:0022843,voltage-gated monoatomic cation channel activity,1.0,50,145,1,RP11-464F9.1
all76,GO:MF,GO:0022836,gated channel activity,1.0,50,321,1,RP11-464F9.1
all76,GO:MF,GO:0022834,ligand-gated channel activity,1.0,50,189,1,RP11-464F9.1
all76,GO:MF,GO:0022832,voltage-gated channel activity,1.0,50,177,1,RP11-464F9.1
all76,GO:MF,GO:0022804,active transmembrane transporter activity,1.0,50,445,1,RP11-464F9.1
all76,GO:MF,GO:0032553,ribonucleotide binding,1.0,50,1919,9,ARL13B;DGKQ;GIT1;Metazoa_SRP;PHBP9;PTPRN;RP1-159A19.4;RP11-464F9.1;THAP8
all76,GO:MF,GO:0032453,histone H3K4 demethylase activity,1.0,50,8,1,BLOC1S2
all76,GO:MF,GO:0032452,histone demethylase activity,1.0,50,30,1,BLOC1S2
all76,GO:MF,GO:0032451,demethylase activity,1.0,50,40,1,BLOC1S2
all76,GO:MF,GO:0031492,nucleosomal DNA binding,1.0,50,41,1,PHBP9
all76,GO:MF,GO:0031491,nucleosome binding,1.0,50,73,1,PHBP9
all76,GO:MF,GO:0031490,chromatin DNA binding,1.0,50,123,2,BLOC1S2;PHBP9
all76,GO:MF,GO:0031420,alkali metal ion binding,1.0,50,19,1,RP11-464F9.1
all76,GO:MF,GO:0031267,small GTPase binding,1.0,50,282,1,KCNJ11
all76,GO:MF,GO:0030983,mismatched DNA binding,1.0,50,15,1,PTPRN
all76,GO:MF,GO:0030971,receptor tyrosine kinase binding,1.0,50,79,1,GIT1
all76,GO:MF,GO:0030955,potassium ion binding,1.0,50,13,1,RP11-464F9.1
all76,GO:MF,GO:0030695,GTPase regulator activity,1.0,50,501,2,DGKQ;KCNJ11
all76,GO:MF,GO:0030674,protein-macromolecule adaptor activity,1.0,50,1157,7,BLOC1S2;CDC123;DUSP13;MAST4-AS1;PHBP9;YTHDF2;ZBTB6
all76,GO:MF,GO:0030554,adenyl nucleotide binding,1.0,50,1640,8,DGKQ;GIT1;Metazoa_SRP;PHBP9;PTPRN;RP1-159A19.4;RP11-464F9.1;THAP8
all76,GO:MF,GO:0030546,signaling receptor activator activity,1.0,50,556,2,GIT1;KRT8P46
all76,GO:MF,GO:0036094,small molecule binding,1.0,50,6446,22,ARL13B;BLOC1S2;BMPR1A;DAGLB;DGKQ;FAM184A;GIT1;HERPUD2;HSD17B12;KCNJ11;LRRC41;Metazoa_SRP;PHBP9;PTPRN;RP1-159A19.4;RP11-464F9.1;RP11-856B14.1;SAP130;SPDYE2;THAP8;ZNF236;ZNF34
all76,GO:MF,GO:0035979,histone H2AXS139 kinase activity,1.0,50,244,1,Metazoa_SRP
all76,GO:MF,GO:0035639,purine ribonucleoside triphosphate binding,1.0,50,1854,9,ARL13B;DGKQ;GIT1;Metazoa_SRP;PHBP9;PTPRN;RP1-159A19.4;RP11-464F9.1;THAP8
all76,GO:MF,GO:0035613,RNA stem-loop binding,1.0,50,16,1,ZNF34
all76,GO:MF,GO:0035612,AP-2 adaptor complex binding,1.0,50,8,1,C6orf106
all76,GO:MF,GO:0035403,histone H3T6 kinase activity,1.0,50,246,1,Metazoa_SRP
all76,GO:MF,GO:0035402,histone H3T11 kinase activity,1.0,50,246,1,Metazoa_SRP
all76,GO:MF,GO:0035259,nuclear glucocorticoid receptor binding,1.0,50,12,1,DUSP13
all76,GO:MF,GO:0035175,histone H3S10 kinase activity,1.0,50,244,1,Metazoa_SRP
all76,GO:MF,GO:0035173,histone kinase activity,1.0,50,255,1,Metazoa_SRP
all76,GO:MF,GO:0035091,phosphatidylinositol binding,1.0,50,279,1,AC002116.7
all76,GO:MF,GO:0034647,histone H3K4me/H3K4me2/H3K4me3 demethylase activity,1.0,50,5,1,BLOC1S2
all76,GO:MF,GO:0033764,"steroid dehydrogenase activity, acting on the CH-OH group of donors, NAD or NADP as acceptor",1.0,50,32,1,RP11-464F9.9
all76,GO:MF,GO:0032561,guanyl ribonucleotide binding,1.0,50,410,2,ARL13B;DGKQ
all76,GO:MF,GO:0032559,adenyl ribonucleotide binding,1.0,50,1546,8,DGKQ;GIT1;Metazoa_SRP;PHBP9;PTPRN;RP1-159A19.4;RP11-464F9.1;THAP8
all76,GO:MF,GO:0032555,purine ribonucleotide binding,1.0,50,1902,9,ARL13B;DGKQ;GIT1;Metazoa_SRP;PHBP9;PTPRN;RP1-159A19.4;RP11-464F9.1;THAP8
all76,GO:MF,GO:0043169,cation binding,1.0,50,4548,19,BLOC1S2;BMPR1A;DAGLB;FAM184A;GIT1;HERPUD2;HSD17B12;KCNJ11;LRRC41;Metazoa_SRP;PHBP9;RP1-159A19.4;RP11-464F9.1;RP11-856B14.1;SAP130;SPDYE2;THAP8;ZNF236;ZNF34
all76,GO:MF,GO:0043168,anion binding,1.0,50,2496,9,ARL13B;DGKQ;GIT1;Metazoa_SRP;PHBP9;PTPRN;RP1-159A19.4;RP11-464F9.1;THAP8
all76,GO:MF,GO:0043167,ion binding,1.0,50,6253,22,ARL13B;BLOC1S2;BMPR1A;DAGLB;DGKQ;FAM184A;GIT1;HERPUD2;HSD17B12;KCNJ11;LRRC41;Metazoa_SRP;PHBP9;PTPRN;RP1-159A19.4;RP11-464F9.1;RP11-856B14.1;SAP130;SPDYE2;THAP8;ZNF236;ZNF34
all76,GO:MF,GO:0043138,3'-5' DNA helicase activity,1.0,50,53,1,PHBP9
all76,GO:MF,GO:0043015,gamma-tubulin binding,1.0,50,33,2,KCNJ11;MED27
all76,GO:MF,GO:0042974,nuclear retinoic acid receptor binding,1.0,50,24,1,DUSP13
all76,GO:MF,GO:0042826,histone deacetylase binding,1.0,50,125,2,DUSP13;PHBP9
all76,GO:MF,GO:0042803,protein homodimerization activity,1.0,50,717,2,KRT8P46;RP1-159A19.4
all76,GO:MF,GO:0042802,identical protein binding,1.0,50,2179,4,AC002116.7;KDM5A;KRT8P46;RP1-159A19.4
all76,GO:MF,GO:0042626,ATPase-coupled transmembrane transporter activity,1.0,50,101,1,RP11-464F9.1
all76,GO:MF,GO:0042578,phosphoric ester hydrolase activity,1.0,50,374,2,CDC123;NTAN1
all76,GO:MF,GO:0042577,lipid phosphatase activity,1.0,50,19,1,CDC123
all76,GO:MF,GO:0042393,histone binding,1.0,50,172,2,BLOC1S2;PHBP9
all76,GO:MF,GO:0038023,signaling receptor activity,1.0,50,1513,1,RP1-159A19.4
all76,GO:MF,GO:0036122,BMP binding,1.0,50,20,1,RP1-159A19.4
all76,GO:MF,GO:0036121,double-stranded DNA helicase activity,1.0,50,52,1,PHBP9
all76,GO:MF,GO:0046965,nuclear retinoid X receptor binding,1.0,50,16,1,DUSP13
all76,GO:MF,GO:0046914,transition metal ion binding,1.0,50,2445,13,BLOC1S2;DAGLB;FAM184A;GIT1;HERPUD2;HSD17B12;KCNJ11;LRRC41;PHBP9;RP11-856B14.1;SAP130;SPDYE2;ZNF34
all76,GO:MF,GO:0046873,metal ion transmembrane transporter activity,1.0,50,454,1,RP11-464F9.1
all76,GO:MF,GO:0046872,metal ion binding,1.0,50,4450,19,BLOC1S2;BMPR1A;DAGLB;FAM184A;GIT1;HERPUD2;HSD17B12;KCNJ11;LRRC41;Metazoa_SRP;PHBP9;RP1-159A19.4;RP11-464F9.1;RP11-856B14.1;SAP130;SPDYE2;THAP8;ZNF236;ZNF34
all76,GO:MF,GO:0046332,SMAD binding,1.0,50,79,1,RP1-159A19.4
all76,GO:MF,GO:0045296,cadherin binding,1.0,50,335,1,NRBF2
all76,GO:MF,GO:0044877,protein-containing complex binding,1.0,50,1252,5,C6orf106;KCNJ11;NTAN1;PHBP9;RP11-464F9.9
all76,GO:MF,GO:0044389,ubiquitin-like protein ligase binding,1.0,50,317,1,NTAN1
all76,GO:MF,GO:0044325,transmembrane transporter binding,1.0,50,139,1,RP11-464F9.1
all76,GO:MF,GO:0044183,protein folding chaperone,1.0,50,69,1,THAP8
all76,GO:MF,GO:0044025,histone H2BS14 kinase activity,1.0,50,244,1,Metazoa_SRP
all76,GO:MF,GO:0044024,histone H2AS1 kinase activity,1.0,50,244,1,Metazoa_SRP
all76,GO:MF,GO:0044023,histone H4S1 kinase activity,1.0,50,244,1,Metazoa_SRP
all76,GO:MF,GO:0044022,histone H3S28 kinase activity,1.0,50,244,1,Metazoa_SRP
all76,GO:MF,GO:0043565,sequence-specific DNA binding,1.0,50,1605,7,BLOC1S2;DAGLB;DUSP13;HERPUD2;HSD17B12;PTPRN;SPDYE2
all76,GO:MF,GO:0043274,phospholipase binding,1.0,50,22,1,GIT1
all76,GO:MF,GO:0061629,RNA polymerase II-specific DNA-binding transcription factor binding,1.0,50,346,2,DUSP13;PHBP9
all76,GO:MF,GO:0060589,nucleoside-triphosphatase regulator activity,1.0,50,502,2,DGKQ;KCNJ11
all76,GO:MF,GO:0060090,molecular adaptor activity,1.0,50,1334,7,BLOC1S2;CDC123;DUSP13;MAST4-AS1;PHBP9;YTHDF2;ZBTB6
all76,GO:MF,GO:0060089,molecular transducer activity,1.0,50,1513,1,RP1-159A19.4
all76,GO:MF,GO:0052689,carboxylic ester hydrolase activity,1.0,50,161,2,U6;ZNF236
all76,GO:MF,GO:0052597,diamine oxidase activity,1.0,50,6,1,LRRC41
all76,GO:MF,GO:0051540,metal cluster binding,1.0,50,79,1,BMPR1A
all76,GO:MF,GO:0051537,"2 iron, 2 sulfur cluster binding",1.0,50,30,1,BMPR1A
all76,GO:MF,GO:0051536,iron-sulfur cluster binding,1.0,50,78,1,BMPR1A
all76,GO:MF,GO:0051213,dioxygenase activity,1.0,50,92,1,BLOC1S2
all76,GO:MF,GO:0051020,GTPase binding,1.0,50,314,1,KCNJ11
all76,GO:MF,GO:0050839,cell adhesion molecule binding,1.0,50,563,1,NRBF2
all76,GO:MF,GO:0048018,receptor ligand activity,1.0,50,548,1,KRT8P46
all76,GO:MF,GO:0047649,alkylglycerol kinase activity,1.0,50,3,1,GIT1
all76,GO:MF,GO:0047372,monoacylglycerol lipase activity,1.0,50,14,1,ZNF236
all76,GO:MF,GO:0046983,protein dimerization activity,1.0,50,1122,2,KRT8P46;RP1-159A19.4
all76,GO:MF,GO:0120543,macromolecular conformation isomerase activity,1.0,50,295,1,PHBP9
all76,GO:MF,GO:0106310,protein serine kinase activity,1.0,50,360,1,Metazoa_SRP
all76,GO:MF,GO:0099508,voltage-gated monoatomic ion channel activity involved in regulation of presynaptic membrane potential,1.0,50,10,1,RP11-464F9.1
all76,GO:MF,GO:0099094,ligand-gated monoatomic cation channel activity,1.0,50,139,1,RP11-464F9.1
all76,GO:MF,GO:0098821,BMP receptor activity,1.0,50,14,1,RP1-159A19.4
all76,GO:MF,GO:0098772,molecular function regulator activity,1.0,50,2266,7,BLOC1S2;DGKQ;GIT1;KCNJ11;KRT8P46;NRBF2;PTPRN
all76,GO:MF,GO:0097367,carbohydrate derivative binding,1.0,50,2284,10,ARL13B;DGKQ;GIT1;Metazoa_SRP;PHBP9;PTPRN;RP1-159A19.4;RP11-464F9.1;RP11-464F9.9;THAP8
all76,GO:MF,GO:0072518,Rho-dependent protein serine/threonine kinase activity,1.0,50,244,1,Metazoa_SRP
all76,GO:MF,GO:0072371,histone H2AS121 kinase activity,1.0,50,244,1,Metazoa_SRP
all76,GO:MF,GO:0072354,histone H3T3 kinase activity,1.0,50,244,1,Metazoa_SRP
all76,GO:MF,GO:0070851,growth factor receptor binding,1.0,50,139,1,KRT8P46
all76,GO:MF,GO:0070123,"transforming growth factor beta receptor activity, type III",1.0,50,13,1,RP1-159A19.4
all76,GO:MF,GO:0062153,C5-methylcytidine-containing RNA reader activity,1.0,50,3,1,YTHDF2
all76,GO:MF,GO:0061749,forked DNA-dependent helicase activity,1.0,50,51,1,PHBP9
all76,GO:MF,GO:0061659,ubiquitin-like protein ligase activity,1.0,50,369,1,ZNF34
all76,GO:MF,GO:0061630,ubiquitin protein ligase activity,1.0,50,349,1,ZNF34
all76,GO:MF,GO:0140823,histone H2BS36 kinase activity,1.0,50,244,1,Metazoa_SRP
all76,GO:MF,GO:0140678,molecular function inhibitor activity,1.0,50,559,2,BLOC1S2;NRBF2
all76,GO:MF,GO:0140677,molecular function activator activity,1.0,50,1209,3,GIT1;KCNJ11;KRT8P46
all76,GO:MF,GO:0140664,ATP-dependent DNA damage sensor activity,1.0,50,18,1,PTPRN
all76,GO:MF,GO:0140658,ATP-dependent chromatin remodeler activity,1.0,50,20,1,PHBP9
all76,GO:MF,GO:0140657,ATP-dependent activity,1.0,50,584,3,PHBP9;PTPRN;RP11-464F9.1
all76,GO:MF,GO:0140640,"catalytic activity, acting on a nucleic acid",1.0,50,670,2,PHBP9;PTPRN
all76,GO:MF,GO:0140612,DNA damage sensor activity,1.0,50,22,1,PTPRN
all76,GO:MF,GO:0140517,protein-RNA adaptor activity,1.0,50,21,1,YTHDF2
all76,GO:MF,GO:0140457,protein demethylase activity,1.0,50,31,1,BLOC1S2
all76,GO:MF,GO:0140299,molecular sensor activity,1.0,50,71,1,PTPRN
all76,GO:MF,GO:0140297,DNA-binding transcription factor binding,1.0,50,485,3,DUSP13;GIT1;PHBP9
all76,GO:MF,GO:0140110,transcription regulator activity,1.0,50,1907,11,BLOC1S2;CDC123;DAGLB;DUSP13;HERPUD2;HSD17B12;MAST4-AS1;PHBP9;SAP130;SPDYE2;ZBTB6
all76,GO:MF,GO:0140097,"catalytic activity, acting on DNA",1.0,50,248,2,PHBP9;PTPRN
all76,GO:MF,GO:0140096,"catalytic activity, acting on a protein",1.0,50,2365,8,BLOC1S2;GIT1;LRRC41;Metazoa_SRP;NTAN1;PARVA;RP1-159A19.4;ZNF34
all76,GO:MF,GO:0120545,nucleic acid conformation isomerase activity,1.0,50,174,1,PHBP9
all76,GO:MF,GO:1990244,histone H2AT120 kinase activity,1.0,50,244,1,Metazoa_SRP
all76,GO:MF,GO:1901681,sulfur compound binding,1.0,50,263,1,RP11-464F9.9
all76,GO:MF,GO:1901363,heterocyclic compound binding,1.0,50,2310,9,ARL13B;DGKQ;GIT1;Metazoa_SRP;PHBP9;PTPRN;RP1-159A19.4;RP11-464F9.1;THAP8
all76,GO:MF,GO:1901265,nucleoside phosphate binding,1.0,50,2180,9,ARL13B;DGKQ;GIT1;Metazoa_SRP;PHBP9;PTPRN;RP1-159A19.4;RP11-464F9.1;THAP8
all76,GO:MF,GO:0180051,translation factor activity,1.0,50,90,1,DGKQ
all76,GO:MF,GO:0160260,protein asparagine deamidase activity,1.0,50,2,1,PARVA
all76,GO:MF,GO:0141052,histone H3 demethylase activity,1.0,50,28,1,BLOC1S2
all76,GO:MF,GO:0141040,very-long-chain 3-oxoacyl-CoA reductase activity,1.0,50,1,1,RP11-464F9.9
all76,GO:MF,GO:0141003,histone H2AX kinase activity,1.0,50,245,1,Metazoa_SRP
all76,GO:MF,GO:0140998,histone H2B kinase activity,1.0,50,244,1,Metazoa_SRP
all76,GO:MF,GO:0140997,histone H4 kinase activity,1.0,50,244,1,Metazoa_SRP
all76,GO:MF,GO:0140996,histone H3 kinase activity,1.0,50,250,1,Metazoa_SRP
all76,GO:MF,GO:0140995,histone H2A kinase activity,1.0,50,244,1,Metazoa_SRP
all76,GO:MF,GO:0140993,histone modifying activity,1.0,50,580,2,BLOC1S2;Metazoa_SRP
all76,GO:MF,GO:0140857,histone H3T45 kinase activity,1.0,50,245,1,Metazoa_SRP
all76,GO:MF,GO:0140855,histone H3S57 kinase activity,1.0,50,244,1,Metazoa_SRP
all76,GO:BP,GO:0000725,recombinational repair,1.0,48,192,1,PHBP9
all76,GO:BP,GO:0000724,double-strand break repair via homologous recombination,1.0,48,187,1,PHBP9
all76,GO:BP,GO:0000302,response to reactive oxygen species,1.0,48,178,1,NTAN1
all76,GO:BP,GO:0000288,"nuclear-transcribed mRNA catabolic process, deadenylation-dependent decay",1.0,48,58,1,ZNF34
all76,GO:BP,GO:0000280,nuclear division,1.0,48,450,1,PTPRN
all76,GO:BP,GO:0000278,mitotic cell cycle,1.0,48,893,2,SAP130;U6
all76,GO:BP,GO:0000226,microtubule cytoskeleton organization,1.0,48,681,2,KCNJ11;MED27
all76,GO:BP,GO:0000209,protein polyubiquitination,1.0,48,266,1,ZNF34
all76,GO:BP,GO:0000165,MAPK cascade,1.0,48,749,1,KRT8P46
all76,GO:BP,GO:0000122,negative regulation of transcription by RNA polymerase II,1.0,48,933,6,BLOC1S2;CHD4;DUSP13;PHBP9;SAP130;SPDYE2
all76,GO:BP,GO:0000079,regulation of cyclin-dependent protein serine/threonine kinase activity,1.0,48,70,1,ARG1
all76,GO:BP,GO:0000050,urea cycle,1.0,48,13,1,FAM184A
all76,GO:MF,GO:1990837,sequence-specific double-stranded DNA binding,1.0,50,1487,7,BLOC1S2;DAGLB;DUSP13;HERPUD2;HSD17B12;PTPRN;SPDYE2
all76,GO:MF,GO:1990782,protein tyrosine kinase binding,1.0,50,113,1,GIT1
all76,GO:MF,GO:1990518,single-stranded 3'-5' DNA helicase activity,1.0,50,52,1,PHBP9
all76,GO:MF,GO:1990247,N6-methyladenosine-containing RNA reader activity,1.0,50,12,1,YTHDF2
all76,GO:BP,GO:0001553,luteinization,1.0,48,12,1,NTAN1
all76,GO:BP,GO:0001543,ovarian follicle rupture,1.0,48,1,1,DUSP13
all76,GO:BP,GO:0001542,ovulation from ovarian follicle,1.0,48,10,1,DUSP13
all76,GO:BP,GO:0001541,ovarian follicle development,1.0,48,60,1,DGKQ
all76,GO:BP,GO:0001525,angiogenesis,1.0,48,546,2,NRBF2;RP1-159A19.4
all76,GO:BP,GO:0001523,retinoid metabolic process,1.0,48,86,1,U6
all76,GO:BP,GO:0001516,prostaglandin biosynthetic process,1.0,48,28,1,ZNF236
all76,GO:BP,GO:0001508,action potential,1.0,48,170,1,RP11-464F9.1
all76,GO:BP,GO:0001503,ossification,1.0,48,424,2,KCNJ11;RP1-159A19.4
all76,GO:BP,GO:0001501,skeletal system development,1.0,48,538,3,KRT8P46;RP1-159A19.4;U6
all76,GO:BP,GO:0001101,response to acid chemical,1.0,48,129,1,KRT8P46
all76,GO:BP,GO:0000963,mitochondrial RNA processing,1.0,48,23,1,SNX16
all76,GO:BP,GO:0000959,mitochondrial RNA metabolic process,1.0,48,66,1,SNX16
all76,GO:BP,GO:0000956,nuclear-transcribed mRNA catabolic process,1.0,48,126,1,ZNF34
all76,GO:BP,GO:0000910,cytokinesis,1.0,48,194,1,KCNJ11
all76,GO:BP,GO:0000902,cell morphogenesis,1.0,48,998,4,ARL13B;NRBF2;U6;YTHDF2
all76,GO:BP,GO:0001776,leukocyte homeostasis,1.0,48,112,2,U6;ZNF34
all76,GO:BP,GO:0001775,cell activation,1.0,48,1123,5,C6orf106;FAM184A;GIT1;U6;ZNF34
all76,GO:BP,GO:0001756,somitogenesis,1.0,48,67,1,RP1-159A19.4
all76,GO:BP,GO:0001710,mesodermal cell fate commitment,1.0,48,18,1,RP1-159A19.4
all76,GO:BP,GO:0001708,cell fate specification,1.0,48,114,2,PHBP9;RP1-159A19.4
all76,GO:BP,GO:0001707,mesoderm formation,1.0,48,73,1,RP1-159A19.4
all76,GO:BP,GO:0001704,formation of primary germ layer,1.0,48,128,1,RP1-159A19.4
all76,GO:BP,GO:0001701,in utero embryonic development,1.0,48,405,1,RP1-159A19.4
all76,GO:BP,GO:0001678,intracellular glucose homeostasis,1.0,48,160,2,HSD17B12;NTAN1
all76,GO:BP,GO:0001676,long-chain fatty acid metabolic process,1.0,48,104,1,ZNF236
all76,GO:BP,GO:0001666,response to hypoxia,1.0,48,278,1,RP11-464F9.1
all76,GO:BP,GO:0001659,temperature homeostasis,1.0,48,197,2,KRT8P46;U6
all76,GO:BP,GO:0001649,osteoblast differentiation,1.0,48,236,1,RP1-159A19.4
all76,GO:BP,GO:0001568,blood vessel development,1.0,48,727,3,NRBF2;RP1-159A19.4;U6
all76,GO:BP,GO:0001562,response to protozoan,1.0,48,30,1,FAM184A
all76,GO:BP,GO:0001556,oocyte maturation,1.0,48,32,1,YTHDF2
all76,GO:BP,GO:0001935,endothelial cell proliferation,1.0,48,154,1,U6
all76,GO:BP,GO:0001934,positive regulation of protein phosphorylation,1.0,48,309,1,ARG1
all76,GO:BP,GO:0001932,regulation of protein phosphorylation,1.0,48,504,1,ARG1
all76,GO:BP,GO:0001912,positive regulation of leukocyte mediated cytotoxicity,1.0,48,65,1,FAM184A
all76,GO:BP,GO:0001910,regulation of leukocyte mediated cytotoxicity,1.0,48,94,1,FAM184A
all76,GO:BP,GO:0001909,leukocyte mediated cytotoxicity,1.0,48,145,1,FAM184A
all76,GO:BP,GO:0001906,cell killing,1.0,48,217,1,FAM184A
all76,GO:BP,GO:0001894,tissue homeostasis,1.0,48,271,1,U6
all76,GO:BP,GO:0001889,liver development,1.0,48,120,1,U6
all76,GO:BP,GO:0001881,receptor recycling,1.0,48,49,1,AC002116.7
all76,GO:BP,GO:0001880,Mullerian duct regression,1.0,48,4,1,RP1-159A19.4
all76,GO:BP,GO:0001819,positive regulation of cytokine production,1.0,48,492,1,RP1-159A19.4
all76,GO:BP,GO:0001818,negative regulation of cytokine production,1.0,48,295,2,FAM184A;KCNJ11
all76,GO:BP,GO:0001817,regulation of cytokine production,1.0,48,780,4,FAM184A;KCNJ11;RP1-159A19.4;SPDYE2
all76,GO:BP,GO:0001816,cytokine production,1.0,48,786,4,FAM184A;KCNJ11;RP1-159A19.4;SPDYE2
all76,GO:BP,GO:0001782,B cell homeostasis,1.0,48,35,1,ZNF34
all76,GO:BP,GO:0002250,adaptive immune response,1.0,48,761,2,FAM184A;ZNF34
all76,GO:BP,GO:0002244,hematopoietic progenitor cell differentiation,1.0,48,139,2,U6;YTHDF2
all76,GO:BP,GO:0002237,response to molecule of bacterial origin,1.0,48,345,1,KCNJ11
all76,GO:BP,GO:0002190,cap-independent translational initiation,1.0,48,4,1,YTHDF2
all76,GO:BP,GO:0002183,cytoplasmic translational initiation,1.0,48,47,2,DGKQ;YTHDF2
all76,GO:BP,GO:0002181,cytoplasmic translation,1.0,48,200,2,DGKQ;YTHDF2
all76,GO:BP,GO:0002062,chondrocyte differentiation,1.0,48,121,1,RP1-159A19.4
all76,GO:BP,GO:0002053,positive regulation of mesenchymal cell proliferation,1.0,48,27,1,RP1-159A19.4
all76,GO:BP,GO:0002040,sprouting angiogenesis,1.0,48,136,1,NRBF2
all76,GO:BP,GO:0002021,response to dietary excess,1.0,48,36,1,U6
all76,GO:BP,GO:0002009,morphogenesis of an epithelium,1.0,48,501,1,ARL13B
all76,GO:BP,GO:0001960,negative regulation of cytokine-mediated signaling pathway,1.0,48,84,2,FAM184A;YTHDF2
all76,GO:BP,GO:0001959,regulation of cytokine-mediated signaling pathway,1.0,48,168,2,FAM184A;YTHDF2
all76,GO:BP,GO:0001957,intramembranous ossification,1.0,48,6,1,KCNJ11
all76,GO:BP,GO:0001947,heart looping,1.0,48,65,1,ARL13B
all76,GO:BP,GO:0001944,vasculature development,1.0,48,758,3,NRBF2;RP1-159A19.4;U6
all76,GO:BP,GO:0002443,leukocyte mediated immunity,1.0,48,475,1,FAM184A
all76,GO:BP,GO:0002440,production of molecular mediator of immune response,1.0,48,229,1,FAM184A
all76,GO:BP,GO:0002429,immune response-activating cell surface receptor signaling pathway,1.0,48,313,4,C6orf106;DGKQ;U6;ZNF34
all76,GO:BP,GO:0002376,immune system process,1.0,48,2913,9,C6orf106;DGKQ;FAM184A;MAST4-AS1;RP1-159A19.4;SPDYE2;U6;YTHDF2;ZNF34
all76,GO:BP,GO:0002369,T cell cytokine production,1.0,48,40,1,FAM184A
all76,GO:BP,GO:0002367,cytokine production involved in immune response,1.0,48,123,1,FAM184A
all76,GO:BP,GO:0002366,leukocyte activation involved in immune response,1.0,48,304,1,ZNF34
all76,GO:BP,GO:0002292,T cell differentiation involved in immune response,1.0,48,82,1,ZNF34
all76,GO:BP,GO:0002287,alpha-beta T cell activation involved in immune response,1.0,48,72,1,ZNF34
all76,GO:BP,GO:0002286,T cell activation involved in immune response,1.0,48,124,1,ZNF34
all76,GO:BP,GO:0002285,lymphocyte activation involved in immune response,1.0,48,214,1,ZNF34
all76,GO:BP,GO:0002263,cell activation involved in immune response,1.0,48,308,1,ZNF34
all76,GO:BP,GO:0002262,myeloid cell homeostasis,1.0,48,181,1,U6
all76,GO:BP,GO:0002260,lymphocyte homeostasis,1.0,48,79,1,ZNF34
all76,GO:BP,GO:0002253,activation of immune response,1.0,48,581,4,C6orf106;DGKQ;U6;ZNF34
all76,GO:BP,GO:0002252,immune effector process,1.0,48,710,3,FAM184A;U6;ZNF34
all76,GO:BP,GO:0002685,regulation of leukocyte migration,1.0,48,226,1,MAST4-AS1
all76,GO:BP,GO:0002684,positive regulation of immune system process,1.0,48,1111,6,C6orf106;DGKQ;FAM184A;MAST4-AS1;U6;ZNF34
all76,GO:BP,GO:0002683,negative regulation of immune system process,1.0,48,522,3,FAM184A;YTHDF2;ZNF34
all76,GO:BP,GO:0002682,regulation of immune system process,1.0,48,1594,8,C6orf106;DGKQ;FAM184A;MAST4-AS1;SPDYE2;U6;YTHDF2;ZNF34
all76,GO:BP,GO:0002679,respiratory burst involved in defense response,1.0,48,17,1,U6
all76,GO:BP,GO:0002573,myeloid leukocyte differentiation,1.0,48,244,1,TSPAN14
all76,GO:BP,GO:0002536,respiratory burst involved in inflammatory response,1.0,48,10,1,U6
all76,GO:BP,GO:0002532,production of molecular mediator involved in inflammatory response,1.0,48,97,1,U6
all76,GO:BP,GO:0002526,acute inflammatory response,1.0,48,104,1,U6
all76,GO:BP,GO:0002521,leukocyte differentiation,1.0,48,628,3,TSPAN14;U6;ZNF34
all76,GO:BP,GO:0002520,immune system development,1.0,48,205,2,U6;ZNF34
all76,GO:BP,GO:0002460,adaptive immune response based on somatic recombination of immune receptors built from immunoglobulin superfamily domains,1.0,48,389,2,FAM184A;ZNF34
all76,GO:BP,GO:0002456,T cell mediated immunity,1.0,48,131,1,FAM184A
all76,GO:BP,GO:0002449,lymphocyte mediated immunity,1.0,48,377,1,FAM184A
all76,GO:BP,GO:0002446,neutrophil mediated immunity,1.0,48,39,1,FAM184A
all76,GO:BP,GO:0002444,myeloid leukocyte mediated immunity,1.0,48,115,1,FAM184A
all76,GO:BP,GO:0002707,negative regulation of lymphocyte mediated immunity,1.0,48,61,1,FAM184A
all76,GO:BP,GO:0002706,regulation of lymphocyte mediated immunity,1.0,48,193,1,FAM184A
all76,GO:BP,GO:0002705,positive regulation of leukocyte mediated immunity,1.0,48,149,1,FAM184A
all76,GO:BP,GO:0002704,negative regulation of leukocyte mediated immunity,1.0,48,72,1,FAM184A
all76,GO:BP,GO:0002703,regulation of leukocyte mediated immunity,1.0,48,252,1,FAM184A
all76,GO:BP,GO:0002701,negative regulation of production of molecular mediator of immune response,1.0,48,43,1,FAM184A
all76,GO:BP,GO:0002700,regulation of production of molecular mediator of immune response,1.0,48,196,1,FAM184A
all76,GO:BP,GO:0002699,positive regulation of immune effector process,1.0,48,256,1,FAM184A
all76,GO:BP,GO:0002698,negative regulation of immune effector process,1.0,48,125,2,FAM184A;ZNF34
all76,GO:BP,GO:0002697,regulation of immune effector process,1.0,48,395,2,FAM184A;ZNF34
all76,GO:BP,GO:0002696,positive regulation of leukocyte activation,1.0,48,363,1,C6orf106
all76,GO:BP,GO:0002695,negative regulation of leukocyte activation,1.0,48,191,2,FAM184A;ZNF34
all76,GO:BP,GO:0002694,regulation of leukocyte activation,1.0,48,572,3,C6orf106;FAM184A;ZNF34
all76,GO:BP,GO:0002693,positive regulation of cellular extravasation,1.0,48,19,1,MAST4-AS1
all76,GO:BP,GO:0002691,regulation of cellular extravasation,1.0,48,40,1,MAST4-AS1
all76,GO:BP,GO:0002687,positive regulation of leukocyte migration,1.0,48,151,1,MAST4-AS1
all76,GO:BP,GO:0002823,negative regulation of adaptive immune response based on somatic recombination of immune receptors built from immunoglobulin superfamily domains,1.0,48,61,2,FAM184A;ZNF34
all76,GO:BP,GO:0002822,regulation of adaptive immune response based on somatic recombination of immune receptors built from immunoglobulin superfamily domains,1.0,48,200,2,FAM184A;ZNF34
all76,GO:BP,GO:0002820,negative regulation of adaptive immune response,1.0,48,66,2,FAM184A;ZNF34
all76,GO:BP,GO:0002819,regulation of adaptive immune response,1.0,48,215,2,FAM184A;ZNF34
all76,GO:BP,GO:0002792,negative regulation of peptide secretion,1.0,48,50,1,RP11-464F9.1
all76,GO:BP,GO:0002791,regulation of peptide secretion,1.0,48,207,1,RP11-464F9.1
all76,GO:BP,GO:0002790,peptide secretion,1.0,48,256,2,NTAN1;RP11-464F9.1
all76,GO:BP,GO:0002768,immune response-regulating cell surface receptor signaling pathway,1.0,48,343,4,C6orf106;DGKQ;U6;ZNF34
all76,GO:BP,GO:0002764,immune response-regulating signaling pathway,1.0,48,562,4,C6orf106;DGKQ;U6;ZNF34
all76,GO:BP,GO:0002757,immune response-activating signaling pathway,1.0,48,516,4,C6orf106;DGKQ;U6;ZNF34
all76,GO:BP,GO:0002725,negative regulation of T cell cytokine production,1.0,48,11,1,FAM184A
all76,GO:BP,GO:0002724,regulation of T cell cytokine production,1.0,48,40,1,FAM184A
all76,GO:BP,GO:0002719,negative regulation of cytokine production involved in immune response,1.0,48,32,1,FAM184A
all76,GO:BP,GO:0002718,regulation of cytokine production involved in immune response,1.0,48,123,1,FAM184A
all76,GO:BP,GO:0002710,negative regulation of T cell mediated immunity,1.0,48,30,1,FAM184A
all76,GO:BP,GO:0002709,regulation of T cell mediated immunity,1.0,48,102,1,FAM184A
all76,GO:BP,GO:0003161,cardiac conduction system development,1.0,48,37,1,RP1-159A19.4
all76,GO:BP,GO:0003158,endothelium development,1.0,48,134,1,U6
all76,GO:BP,GO:0003151,outflow tract morphogenesis,1.0,48,79,2,NRBF2;RP1-159A19.4
all76,GO:BP,GO:0003148,outflow tract septum morphogenesis,1.0,48,26,2,NRBF2;RP1-159A19.4
all76,GO:BP,GO:0003143,embryonic heart tube morphogenesis,1.0,48,71,1,ARL13B
all76,GO:BP,GO:0003008,system process,1.0,48,2290,5,KCNJ11;LRIG1;PARVA;RP11-464F9.1;U6
all76,GO:BP,GO:0003007,heart morphogenesis,1.0,48,263,3,ARL13B;NRBF2;RP1-159A19.4
all76,GO:BP,GO:0003006,developmental process involved in reproduction,1.0,48,1024,6,DGKQ;DUSP13;MED23;NTAN1;RP1-159A19.4;YTHDF2
all76,GO:BP,GO:0003002,regionalization,1.0,48,422,2,ARL13B;RP1-159A19.4
all76,GO:BP,GO:0002931,response to ischemia,1.0,48,56,1,RP11-464F9.1
all76,GO:BP,GO:0002888,positive regulation of myeloid leukocyte mediated immunity,1.0,48,19,1,FAM184A
all76,GO:BP,GO:0002886,regulation of myeloid leukocyte mediated immunity,1.0,48,56,1,FAM184A
all76,GO:BP,GO:0002832,negative regulation of response to biotic stimulus,1.0,48,128,2,FAM184A;YTHDF2
all76,GO:BP,GO:0002831,regulation of response to biotic stimulus,1.0,48,559,2,FAM184A;YTHDF2
all76,GO:BP,GO:0002829,negative regulation of type 2 immune response,1.0,48,15,1,FAM184A
all76,GO:BP,GO:0002828,regulation of type 2 immune response,1.0,48,34,1,FAM184A
all76,GO:BP,GO:0003222,ventricular trabecula myocardium morphogenesis,1.0,48,14,1,RP1-159A19.4
all76,GO:BP,GO:0003215,cardiac right ventricle morphogenesis,1.0,48,19,1,RP1-159A19.4
all76,GO:BP,GO:0003208,cardiac ventricle morphogenesis,1.0,48,71,1,RP1-159A19.4
all76,GO:BP,GO:0003206,cardiac chamber morphogenesis,1.0,48,127,2,NRBF2;RP1-159A19.4
all76,GO:BP,GO:0003205,cardiac chamber development,1.0,48,171,2,NRBF2;RP1-159A19.4
all76,GO:BP,GO:0003203,endocardial cushion morphogenesis,1.0,48,41,1,RP1-159A19.4
all76,GO:BP,GO:0003197,endocardial cushion development,1.0,48,52,1,RP1-159A19.4
all76,GO:BP,GO:0003186,tricuspid valve morphogenesis,1.0,48,5,1,RP1-159A19.4
all76,GO:BP,GO:0003183,mitral valve morphogenesis,1.0,48,12,1,RP1-159A19.4
all76,GO:BP,GO:0003181,atrioventricular valve morphogenesis,1.0,48,26,1,RP1-159A19.4
all76,GO:BP,GO:0003179,heart valve morphogenesis,1.0,48,63,1,RP1-159A19.4
all76,GO:BP,GO:0003175,tricuspid valve development,1.0,48,6,1,RP1-159A19.4
all76,GO:BP,GO:0003174,mitral valve development,1.0,48,13,1,RP1-159A19.4
all76,GO:BP,GO:0003171,atrioventricular valve development,1.0,48,29,1,RP1-159A19.4
all76,GO:BP,GO:0003170,heart valve development,1.0,48,77,1,RP1-159A19.4
all76,GO:BP,GO:0003162,atrioventricular node development,1.0,48,9,1,RP1-159A19.4
all76,GO:BP,GO:0006096,glycolytic process,1.0,48,98,2,KCNJ11;U6
all76,GO:BP,GO:0006094,gluconeogenesis,1.0,48,84,1,GIT1
all76,GO:BP,GO:0006091,generation of precursor metabolites and energy,1.0,48,483,2,KCNJ11;U6
all76,GO:BP,GO:0006090,pyruvate metabolic process,1.0,48,128,2,KCNJ11;U6
all76,GO:BP,GO:0006082,organic acid metabolic process,1.0,48,892,6,CDC123;FAM184A;KCNJ11;RP11-464F9.9;U6;ZNF236
all76,GO:BP,GO:0006066,alcohol metabolic process,1.0,48,352,2,GIT1;U6
all76,GO:BP,GO:0006006,glucose metabolic process,1.0,48,182,3,GIT1;RP11-464F9.1;U6
all76,GO:BP,GO:0005996,monosaccharide metabolic process,1.0,48,252,3,GIT1;RP11-464F9.1;U6
all76,GO:BP,GO:0005975,carbohydrate metabolic process,1.0,48,557,4,GIT1;KCNJ11;RP11-464F9.1;U6
all76,GO:BP,GO:0003292,cardiac septum cell differentiation,1.0,48,5,1,RP1-159A19.4
all76,GO:BP,GO:0003281,ventricular septum development,1.0,48,73,1,RP1-159A19.4
all76,GO:BP,GO:0003279,cardiac septum development,1.0,48,110,2,NRBF2;RP1-159A19.4
all76,GO:BP,GO:0003272,endocardial cushion formation,1.0,48,28,1,RP1-159A19.4
all76,GO:BP,GO:0003231,cardiac ventricle development,1.0,48,128,1,RP1-159A19.4
all76,GO:BP,GO:0003229,ventricular cardiac muscle tissue development,1.0,48,61,2,RP1-159A19.4;RP11-464F9.1
all76,GO:BP,GO:0003223,ventricular compact myocardium morphogenesis,1.0,48,8,1,RP1-159A19.4
all76,GO:BP,GO:0006351,DNA-templated transcription,1.0,48,3523,16,BLOC1S2;CDC123;CHD4;DAGLB;DUSP13;GIT1;HERPUD2;HSD17B12;MAST4-AS1;MED27;NTAN1;PHBP9;RP1-159A19.4;SAP130;SPDYE2;ZBTB6
all76,GO:BP,GO:0006338,chromatin remodeling,1.0,48,1057,3,BLOC1S2;Metazoa_SRP;PHBP9
all76,GO:BP,GO:0006325,chromatin organization,1.0,48,1216,3,BLOC1S2;Metazoa_SRP;PHBP9
all76,GO:BP,GO:0006310,DNA recombination,1.0,48,348,2,PHBP9;PTPRN
all76,GO:BP,GO:0006302,double-strand break repair,1.0,48,322,1,PHBP9
all76,GO:BP,GO:0006298,mismatch repair,1.0,48,32,1,PTPRN
all76,GO:BP,GO:0006281,DNA repair,1.0,48,622,2,PHBP9;PTPRN
all76,GO:BP,GO:0006259,DNA metabolic process,1.0,48,998,2,PHBP9;PTPRN
all76,GO:BP,GO:0006195,purine nucleotide catabolic process,1.0,48,140,2,KCNJ11;U6
all76,GO:BP,GO:0006164,purine nucleotide biosynthetic process,1.0,48,191,1,U6
all76,GO:BP,GO:0006163,purine nucleotide metabolic process,1.0,48,433,2,KCNJ11;U6
all76,GO:BP,GO:0006140,regulation of nucleotide metabolic process,1.0,48,86,1,KCNJ11
all76,GO:BP,GO:0006139,nucleobase-containing compound metabolic process,1.0,48,7964,24,BLOC1S2;CDC123;CHD4;DAGLB;DUSP13;GIT1;HERPUD2;HSD17B12;KCNJ11;MAST4-AS1;MED27;NTAN1;PHBP9;PTPRN;RP1-159A19.4;RP11-464F9.9;SAP130;SNX16;SPDYE2;TSPAN14;U6;YTHDF2;ZBTB6;ZNF34
all76,GO:BP,GO:0006111,regulation of gluconeogenesis,1.0,48,50,1,GIT1
all76,GO:BP,GO:0006110,regulation of glycolytic process,1.0,48,55,1,KCNJ11
all76,GO:BP,GO:0006109,regulation of carbohydrate metabolic process,1.0,48,170,2,GIT1;KCNJ11
all76,GO:BP,GO:0006412,translation,1.0,48,712,2,DGKQ;YTHDF2
all76,GO:BP,GO:0006406,mRNA export from nucleus,1.0,48,71,1,TSPAN14
all76,GO:BP,GO:0006405,RNA export from nucleus,1.0,48,91,1,TSPAN14
all76,GO:BP,GO:0006403,RNA localization,1.0,48,201,1,TSPAN14
all76,GO:BP,GO:0006402,mRNA catabolic process,1.0,48,259,3,SNX16;YTHDF2;ZNF34
all76,GO:BP,GO:0006401,RNA catabolic process,1.0,48,317,3,SNX16;YTHDF2;ZNF34
all76,GO:BP,GO:0006397,mRNA processing,1.0,48,1890,2,SNX16;TSPAN14
all76,GO:BP,GO:0006396,RNA processing,1.0,48,3319,3,SNX16;TSPAN14;YTHDF2
all76,GO:BP,GO:0006368,transcription elongation by RNA polymerase II,1.0,48,118,2,MAST4-AS1;ZBTB6
all76,GO:BP,GO:0006367,transcription initiation at RNA polymerase II promoter,1.0,48,173,2,MAST4-AS1;ZBTB6
all76,GO:BP,GO:0006366,transcription by RNA polymerase II,1.0,48,2827,15,BLOC1S2;CDC123;CHD4;DAGLB;DUSP13;GIT1;HERPUD2;HSD17B12;MAST4-AS1;NTAN1;PHBP9;RP1-159A19.4;SAP130;SPDYE2;ZBTB6
all76,GO:BP,GO:0006364,rRNA processing,1.0,48,222,1,YTHDF2
all76,GO:BP,GO:0006357,regulation of transcription by RNA polymerase II,1.0,48,2688,15,BLOC1S2;CDC123;CHD4;DAGLB;DUSP13;GIT1;HERPUD2;HSD17B12;MAST4-AS1;NTAN1;PHBP9;RP1-159A19.4;SAP130;SPDYE2;ZBTB6
all76,GO:BP,GO:0006355,regulation of DNA-templated transcription,1.0,48,3385,16,BLOC1S2;CDC123;CHD4;DAGLB;DUSP13;GIT1;HERPUD2;HSD17B12;MAST4-AS1;MED27;NTAN1;PHBP9;RP1-159A19.4;SAP130;SPDYE2;ZBTB6
all76,GO:BP,GO:0006354,DNA-templated transcription elongation,1.0,48,134,2,MAST4-AS1;ZBTB6
all76,GO:BP,GO:0006352,DNA-templated transcription initiation,1.0,48,212,2,MAST4-AS1;ZBTB6
all76,GO:BP,GO:0006629,lipid metabolic process,1.0,48,1369,6,CDC123;CTD-2037K23.2;GIT1;RP11-464F9.9;U6;ZNF236
all76,GO:BP,GO:0006623,protein targeting to vacuole,1.0,48,45,1,AC002116.7
all76,GO:BP,GO:0006622,protein targeting to lysosome,1.0,48,30,1,AC002116.7
all76,GO:BP,GO:0006605,protein targeting,1.0,48,436,1,AC002116.7
all76,GO:BP,GO:0006527,L-arginine catabolic process,1.0,48,7,1,FAM184A
all76,GO:BP,GO:0006525,arginine metabolic process,1.0,48,21,1,FAM184A
all76,GO:BP,GO:0006520,amino acid metabolic process,1.0,48,270,1,FAM184A
all76,GO:BP,GO:0006511,ubiquitin-dependent protein catabolic process,1.0,48,680,2,PARVA;ZNF34
all76,GO:BP,GO:0006506,GPI anchor biosynthetic process,1.0,48,32,1,CTD-2037K23.2
all76,GO:BP,GO:0006505,GPI anchor metabolic process,1.0,48,32,1,CTD-2037K23.2
all76,GO:BP,GO:0006470,protein dephosphorylation,1.0,48,140,1,NTAN1
all76,GO:BP,GO:0006468,protein phosphorylation,1.0,48,982,3,ARG1;Metazoa_SRP;RP1-159A19.4
all76,GO:BP,GO:0006457,protein folding,1.0,48,196,1,THAP8
all76,GO:BP,GO:0006446,regulation of translational initiation,1.0,48,82,2,DGKQ;YTHDF2
all76,GO:BP,GO:0006417,regulation of translation,1.0,48,367,2,DGKQ;YTHDF2
all76,GO:BP,GO:0006413,translational initiation,1.0,48,125,2,DGKQ;YTHDF2
all76,GO:BP,GO:0006693,prostaglandin metabolic process,1.0,48,47,1,ZNF236
all76,GO:BP,GO:0006692,prostanoid metabolic process,1.0,48,49,1,ZNF236
all76,GO:BP,GO:0006690,icosanoid metabolic process,1.0,48,119,1,ZNF236
all76,GO:BP,GO:0006664,glycolipid metabolic process,1.0,48,105,1,CTD-2037K23.2
all76,GO:BP,GO:0006661,phosphatidylinositol biosynthetic process,1.0,48,118,1,CTD-2037K23.2
all76,GO:BP,GO:0006654,phosphatidic acid biosynthetic process,1.0,48,33,1,GIT1
all76,GO:BP,GO:0006650,glycerophospholipid metabolic process,1.0,48,298,2,CTD-2037K23.2;GIT1
all76,GO:BP,GO:0006644,phospholipid metabolic process,1.0,48,383,2,CTD-2037K23.2;GIT1
all76,GO:BP,GO:0006641,triglyceride metabolic process,1.0,48,104,3,CDC123;U6;ZNF236
all76,GO:BP,GO:0006640,monoacylglycerol biosynthetic process,1.0,48,9,1,ZNF236
all76,GO:BP,GO:0006637,acyl-CoA metabolic process,1.0,48,98,1,RP11-464F9.9
all76,GO:BP,GO:0006636,unsaturated fatty acid biosynthetic process,1.0,48,49,1,ZNF236
all76,GO:BP,GO:0006633,fatty acid biosynthetic process,1.0,48,161,2,RP11-464F9.9;ZNF236
all76,GO:BP,GO:0006631,fatty acid metabolic process,1.0,48,396,4,CDC123;RP11-464F9.9;U6;ZNF236
all76,GO:BP,GO:0006784,heme A biosynthetic process,1.0,48,11,1,RP11-98D18.9
all76,GO:BP,GO:0006783,heme biosynthetic process,1.0,48,31,1,RP11-98D18.9
all76,GO:BP,GO:0006782,protoporphyrinogen IX biosynthetic process,1.0,48,10,1,RP11-98D18.9
all76,GO:BP,GO:0006779,porphyrin-containing compound biosynthetic process,1.0,48,35,1,RP11-98D18.9
all76,GO:BP,GO:0006778,porphyrin-containing compound metabolic process,1.0,48,54,1,RP11-98D18.9
all76,GO:BP,GO:0006776,vitamin A metabolic process,1.0,48,8,1,U6
all76,GO:BP,GO:0006754,ATP biosynthetic process,1.0,48,101,1,U6
all76,GO:BP,GO:0006753,nucleoside phosphate metabolic process,1.0,48,646,3,KCNJ11;RP11-464F9.9;U6
all76,GO:BP,GO:0006721,terpenoid metabolic process,1.0,48,104,1,U6
all76,GO:BP,GO:0006720,isoprenoid metabolic process,1.0,48,120,1,U6
all76,GO:BP,GO:0006704,glucocorticoid biosynthetic process,1.0,48,18,1,GIT1
all76,GO:BP,GO:0006703,estrogen biosynthetic process,1.0,48,11,1,RP11-464F9.9
all76,GO:BP,GO:0006701,progesterone biosynthetic process,1.0,48,7,1,GIT1
all76,GO:BP,GO:0006700,C21-steroid hormone biosynthetic process,1.0,48,21,1,GIT1
all76,GO:BP,GO:0006695,cholesterol biosynthetic process,1.0,48,61,1,U6
all76,GO:BP,GO:0006694,steroid biosynthetic process,1.0,48,167,3,GIT1;RP11-464F9.9;U6
all76,GO:BP,GO:0006914,autophagy,1.0,48,599,1,RC3H2
all76,GO:BP,GO:0006913,nucleocytoplasmic transport,1.0,48,332,1,TSPAN14
all76,GO:BP,GO:0006898,receptor-mediated endocytosis,1.0,48,264,1,C6orf106
all76,GO:BP,GO:0006897,endocytosis,1.0,48,694,3,C6orf106;GIT1;U6
all76,GO:BP,GO:0006887,exocytosis,1.0,48,352,1,KCNJ11
all76,GO:BP,GO:0006886,intracellular protein transport,1.0,48,653,1,AC002116.7
all76,GO:BP,GO:0006869,lipid transport,1.0,48,433,1,U6
all76,GO:BP,GO:0006836,neurotransmitter transport,1.0,48,211,1,KCNJ11
all76,GO:BP,GO:0006813,potassium ion transport,1.0,48,234,1,RP11-464F9.1
all76,GO:BP,GO:0006812,monoatomic cation transport,1.0,48,1052,1,RP11-464F9.1
all76,GO:BP,GO:0006811,monoatomic ion transport,1.0,48,1260,1,RP11-464F9.1
all76,GO:BP,GO:0006810,transport,1.0,48,4370,9,AC002116.7;C6orf106;GIT1;KCNJ11;MED27;NTAN1;RP11-464F9.1;TSPAN14;U6
all76,GO:BP,GO:0006796,phosphate-containing compound metabolic process,1.0,48,2196,9,ARG1;CTD-2037K23.2;GIT1;KCNJ11;Metazoa_SRP;NTAN1;RP1-159A19.4;RP11-464F9.9;U6
all76,GO:BP,GO:0006793,phosphorus metabolic process,1.0,48,2199,9,ARG1;CTD-2037K23.2;GIT1;KCNJ11;Metazoa_SRP;NTAN1;RP1-159A19.4;RP11-464F9.9;U6
all76,GO:BP,GO:0006790,sulfur compound metabolic process,1.0,48,259,1,RP11-464F9.9
all76,GO:BP,GO:0006785,heme B biosynthetic process,1.0,48,8,1,RP11-98D18.9
all76,GO:BP,GO:0007020,microtubule nucleation,1.0,48,48,2,KCNJ11;MED27
all76,GO:BP,GO:0007018,microtubule-based movement,1.0,48,481,1,MED27
all76,GO:BP,GO:0007017,microtubule-based process,1.0,48,1015,2,KCNJ11;MED27
all76,GO:BP,GO:0007010,cytoskeleton organization,1.0,48,1534,4,KCNJ11;MED27;NRBF2;SH3BGRL3
all76,GO:BP,GO:0007005,mitochondrion organization,1.0,48,401,2,MED27;U6
all76,GO:BP,GO:0006996,organelle organization,1.0,48,3573,9,ARL13B;KCNJ11;MED27;NRBF2;NTAN1;PTPRN;SH3BGRL3;U6;YTHDF2
all76,GO:BP,GO:0006986,response to unfolded protein,1.0,48,145,1,MED23
all76,GO:BP,GO:0006979,response to oxidative stress,1.0,48,374,1,NTAN1
all76,GO:BP,GO:0006974,DNA damage response,1.0,48,929,2,PHBP9;PTPRN
all76,GO:BP,GO:0006959,humoral immune response,1.0,48,271,1,YTHDF2
all76,GO:BP,GO:0006955,immune response,1.0,48,2118,7,C6orf106;DGKQ;FAM184A;RP1-159A19.4;U6;YTHDF2;ZNF34
all76,GO:BP,GO:0006954,inflammatory response,1.0,48,873,3,KCNJ11;U6;ZNF236
all76,GO:BP,GO:0006952,defense response,1.0,48,1883,5,FAM184A;KCNJ11;U6;YTHDF2;ZNF236
all76,GO:BP,GO:0006950,response to stress,1.0,48,3984,14,DGKQ;FAM184A;GIT1;KCNJ11;MED23;NTAN1;PHBP9;PTPRN;RC3H2;RP1-159A19.4;RP11-464F9.1;U6;YTHDF2;ZNF236
all76,GO:BP,GO:0006935,chemotaxis,1.0,48,456,1,NRBF2
all76,GO:BP,GO:0006915,apoptotic process,1.0,48,1898,4,MED27;RP11-464F9.1;SAP130;U6
all76,GO:BP,GO:0007159,leukocyte cell-cell adhesion,1.0,48,413,3,C6orf106;FAM184A;ZNF34
all76,GO:BP,GO:0007155,cell adhesion,1.0,48,1512,6,C6orf106;FAM184A;NRBF2;RP11-464F9.9;YTHDF2;ZNF34
all76,GO:BP,GO:0007154,cell communication,1.0,48,6598,18,ARL13B;C6orf106;CHD4;DGKQ;FAM184A;GIT1;KCNJ11;KRT8P46;MED23;MED27;Metazoa_SRP;NTAN1;RP1-159A19.4;RP11-464F9.1;RP4-756G23.5;U6;YTHDF2;ZNF34
all76,GO:BP,GO:0007144,female meiosis I,1.0,48,13,1,PTPRN
all76,GO:BP,GO:0007143,female meiotic nuclear division,1.0,48,41,1,PTPRN
all76,GO:BP,GO:0007140,male meiotic nuclear division,1.0,48,56,1,PTPRN
all76,GO:BP,GO:0007131,reciprocal meiotic recombination,1.0,48,59,1,PTPRN
all76,GO:BP,GO:0007130,synaptonemal complex assembly,1.0,48,25,1,PTPRN
all76,GO:BP,GO:0007129,homologous chromosome pairing at meiosis,1.0,48,54,1,PTPRN
all76,GO:BP,GO:0007127,meiosis I,1.0,48,132,1,PTPRN
all76,GO:BP,GO:0007059,chromosome segregation,1.0,48,432,1,PTPRN
all76,GO:BP,GO:0007049,cell cycle,1.0,48,1668,6,ARG1;KCNJ11;PTPRN;SAP130;U6;YTHDF2
all76,GO:BP,GO:0007041,lysosomal transport,1.0,48,129,2,AC002116.7;U6
all76,GO:BP,GO:0007040,lysosome organization,1.0,48,111,1,U6
all76,GO:BP,GO:0007034,vacuolar transport,1.0,48,167,2,AC002116.7;U6
all76,GO:BP,GO:0007033,vacuole organization,1.0,48,238,1,U6
all76,GO:BP,GO:0007264,small GTPase-mediated signal transduction,1.0,48,493,2,KCNJ11;U6
all76,GO:BP,GO:0007224,smoothened signaling pathway,1.0,48,149,1,ARL13B
all76,GO:BP,GO:0007219,Notch signaling pathway,1.0,48,187,2,RP4-756G23.5;YTHDF2
all76,GO:BP,GO:0007200,phospholipase C-activating G protein-coupled receptor signaling pathway,1.0,48,140,1,GIT1
all76,GO:BP,GO:0007189,adenylate cyclase-activating G protein-coupled receptor signaling pathway,1.0,48,183,1,GIT1
all76,GO:BP,GO:0007188,adenylate cyclase-modulating G protein-coupled receptor signaling pathway,1.0,48,270,1,GIT1
all76,GO:BP,GO:0007186,G protein-coupled receptor signaling pathway,1.0,48,1299,2,GIT1;KCNJ11
all76,GO:BP,GO:0007179,transforming growth factor beta receptor signaling pathway,1.0,48,207,2,CHD4;RP1-159A19.4
all76,GO:BP,GO:0007178,cell surface receptor protein serine/threonine kinase signaling pathway,1.0,48,368,2,CHD4;RP1-159A19.4
all76,GO:BP,GO:0007173,epidermal growth factor receptor signaling pathway,1.0,48,161,1,GIT1
all76,GO:BP,GO:0007169,cell surface receptor protein tyrosine kinase signaling pathway,1.0,48,641,4,GIT1;KCNJ11;KRT8P46;Metazoa_SRP
all76,GO:BP,GO:0007167,enzyme-linked receptor protein signaling pathway,1.0,48,988,6,CHD4;GIT1;KCNJ11;KRT8P46;Metazoa_SRP;RP1-159A19.4
all76,GO:BP,GO:0007166,cell surface receptor signaling pathway,1.0,48,2834,15,ARL13B;C6orf106;CHD4;DGKQ;FAM184A;GIT1;KCNJ11;KRT8P46;MED27;Metazoa_SRP;RP1-159A19.4;RP4-756G23.5;U6;YTHDF2;ZNF34
all76,GO:BP,GO:0007165,signal transduction,1.0,48,6063,17,ARL13B;C6orf106;CHD4;DGKQ;FAM184A;GIT1;KCNJ11;KRT8P46;MED23;MED27;Metazoa_SRP;RP1-159A19.4;RP11-464F9.1;RP4-756G23.5;U6;YTHDF2;ZNF34
all76,GO:BP,GO:0007163,establishment or maintenance of cell polarity,1.0,48,226,1,NRBF2
all76,GO:BP,GO:0007162,negative regulation of cell adhesion,1.0,48,287,3,FAM184A;YTHDF2;ZNF34
all76,GO:BP,GO:0007399,nervous system development,1.0,48,2597,11,ARL13B;DAGLB;DGKQ;KCNJ11;KRT8P46;LRIG1;MED27;PHBP9;RP1-159A19.4;YTHDF2;ZNF236
all76,GO:BP,GO:0007398,ectoderm development,1.0,48,20,1,RP1-159A19.4
all76,GO:BP,GO:0007389,pattern specification process,1.0,48,468,2,ARL13B;RP1-159A19.4
all76,GO:BP,GO:0007369,gastrulation,1.0,48,195,1,RP1-159A19.4
all76,GO:BP,GO:0007368,determination of left/right symmetry,1.0,48,137,1,ARL13B
all76,GO:BP,GO:0007346,regulation of mitotic cell cycle,1.0,48,489,1,SAP130
all76,GO:BP,GO:0007292,female gamete generation,1.0,48,168,3,DUSP13;PTPRN;YTHDF2
all76,GO:BP,GO:0007284,spermatogonial cell division,1.0,48,3,1,YTHDF2
all76,GO:BP,GO:0007283,spermatogenesis,1.0,48,653,2,MED23;YTHDF2
all76,GO:BP,GO:0007281,germ cell development,1.0,48,387,1,YTHDF2
all76,GO:BP,GO:0007276,gamete generation,1.0,48,839,4,DUSP13;MED23;PTPRN;YTHDF2
all76,GO:BP,GO:0007275,multicellular organism development,1.0,48,4690,18,ARL13B;DAGLB;DGKQ;DUSP13;KCNJ11;KRT8P46;LRIG1;MED27;NRBF2;NTAN1;PHBP9;RP1-159A19.4;RP11-464F9.1;TSPAN14;U6;YTHDF2;ZNF236;ZNF34
all76,GO:BP,GO:0007272,ensheathment of neurons,1.0,48,154,1,DGKQ
all76,GO:BP,GO:0007269,neurotransmitter secretion,1.0,48,149,1,KCNJ11
all76,GO:BP,GO:0007268,chemical synaptic transmission,1.0,48,765,1,KCNJ11
all76,GO:BP,GO:0007267,cell-cell signaling,1.0,48,1316,3,KCNJ11;NTAN1;RP11-464F9.1
all76,GO:BP,GO:0007599,hemostasis,1.0,48,248,1,GIT1
all76,GO:BP,GO:0007596,blood coagulation,1.0,48,241,1,GIT1
all76,GO:BP,GO:0007588,excretion,1.0,48,30,1,U6
all76,GO:BP,GO:0007586,digestion,1.0,48,141,1,U6
all76,GO:BP,GO:0007584,response to nutrient,1.0,48,146,1,U6
all76,GO:BP,GO:0007548,sex differentiation,1.0,48,288,4,DGKQ;DUSP13;NTAN1;RP1-159A19.4
all76,GO:BP,GO:0007517,muscle organ development,1.0,48,362,1,RP1-159A19.4
all76,GO:BP,GO:0007507,heart development,1.0,48,591,4,ARL13B;NRBF2;RP1-159A19.4;RP11-464F9.1
all76,GO:BP,GO:0007501,mesodermal cell fate specification,1.0,48,13,1,RP1-159A19.4
all76,GO:BP,GO:0007498,mesoderm development,1.0,48,136,1,RP1-159A19.4
all76,GO:BP,GO:0007492,endoderm development,1.0,48,88,1,RP1-159A19.4
all76,GO:BP,GO:0007423,sensory organ development,1.0,48,625,1,LRIG1
all76,GO:BP,GO:0007420,brain development,1.0,48,736,4,ARL13B;DAGLB;KCNJ11;RP1-159A19.4
all76,GO:BP,GO:0007417,central nervous system development,1.0,48,1035,6,ARL13B;DAGLB;DGKQ;KCNJ11;KRT8P46;RP1-159A19.4
all76,GO:BP,GO:0007416,synapse assembly,1.0,48,266,1,PHBP9
all76,GO:BP,GO:0007405,neuroblast proliferation,1.0,48,73,1,ZNF236
all76,GO:BP,GO:0008207,C21-steroid hormone metabolic process,1.0,48,38,1,GIT1
all76,GO:BP,GO:0008203,cholesterol metabolic process,1.0,48,143,2,GIT1;U6
all76,GO:BP,GO:0008202,steroid metabolic process,1.0,48,323,3,GIT1;RP11-464F9.9;U6
all76,GO:BP,GO:0008152,metabolic process,1.0,48,14035,39,AC002116.7;ARG1;BLOC1S2;CDC123;CHD4;CTD-2037K23.2;DAGLB;DCAF16;DGKQ;DUSP13;FAM184A;GIT1;HERPUD2;HSD17B12;KCNJ11;KDM5A;MAST4-AS1;MED27;Metazoa_SRP;NTAN1;PARVA;PHBP9;PTPRN;RC3H2;RP1-159A19.4;RP11-464F9.1;RP11-464F9.9;RP11-98D18.9;RP4-756G23.5;SAP130;SNX16;SPDYE2;THAP8;TSPAN14;U6;YTHDF2;ZBTB6;ZNF236;ZNF34
all76,GO:BP,GO:0008150,biological_process,1.0,48,20972,48,AC002116.7;ARG1;ARL13B;BLOC1S2;BMPR1A;C6orf106;CDC123;CHD4;CTD-2037K23.2;DAGLB;DCAF16;DGKQ;DUSP13;FAM184A;GIT1;HERPUD2;HSD17B12;KCNJ11;KDM5A;KRT8P46;LRIG1;LRRC41;MAST4-AS1;MED23;MED27;Metazoa_SRP;NRBF2;NTAN1;PARVA;PHBP9;PTPRN;RC3H2;RP1-159A19.4;RP11-464F9.1;RP11-464F9.9;RP11-98D18.9;RP4-756G23.5;SAP130;SH3BGRL3;SNX16;SPDYE2;THAP8;TSPAN14;U6;YTHDF2;ZBTB6;ZNF236;ZNF34
all76,GO:BP,GO:0008104,intracellular protein localization,1.0,48,2401,6,AC002116.7;ARL13B;NTAN1;PTPRN;RP11-464F9.1;RP4-756G23.5
all76,GO:BP,GO:0008089,anterograde axonal transport,1.0,48,47,1,MED27
all76,GO:BP,GO:0008088,axo-dendritic transport,1.0,48,80,1,MED27
all76,GO:BP,GO:0007626,locomotory behavior,1.0,48,216,2,KCNJ11;PARVA
all76,GO:BP,GO:0007623,circadian rhythm,1.0,48,201,2,BLOC1S2;DUSP13
all76,GO:BP,GO:0007613,memory,1.0,48,121,1,PARVA
all76,GO:BP,GO:0007612,learning,1.0,48,155,1,KCNJ11
all76,GO:BP,GO:0007611,learning or memory,1.0,48,268,2,KCNJ11;PARVA
all76,GO:BP,GO:0007610,behavior,1.0,48,665,2,KCNJ11;PARVA
all76,GO:BP,GO:0007605,sensory perception of sound,1.0,48,170,1,LRIG1
all76,GO:BP,GO:0007600,sensory perception,1.0,48,970,1,LRIG1
all76,GO:BP,GO:0008585,female gonad development,1.0,48,105,3,DGKQ;DUSP13;NTAN1
all76,GO:BP,GO:0008406,gonad development,1.0,48,227,3,DGKQ;DUSP13;NTAN1
all76,GO:BP,GO:0008380,RNA splicing,1.0,48,1839,1,TSPAN14
all76,GO:BP,GO:0008366,axon ensheathment,1.0,48,154,1,DGKQ
all76,GO:BP,GO:0008360,regulation of cell shape,1.0,48,137,1,NRBF2
all76,GO:BP,GO:0008344,adult locomotory behavior,1.0,48,88,1,PARVA
all76,GO:BP,GO:0008340,determination of adult lifespan,1.0,48,36,2,RP11-464F9.1;U6
all76,GO:BP,GO:0008333,endosome to lysosome transport,1.0,48,65,2,AC002116.7;U6
all76,GO:BP,GO:0008286,insulin receptor signaling pathway,1.0,48,174,1,Metazoa_SRP
all76,GO:BP,GO:0008285,negative regulation of cell population proliferation,1.0,48,686,2,FAM184A;SAP130
all76,GO:BP,GO:0008284,positive regulation of cell population proliferation,1.0,48,923,5,KRT8P46;MED27;NTAN1;RP1-159A19.4;SAP130
all76,GO:BP,GO:0008283,cell population proliferation,1.0,48,1961,10,FAM184A;KRT8P46;MED27;NTAN1;RP1-159A19.4;SAP130;U6;YTHDF2;ZNF236;ZNF34
all76,GO:BP,GO:0008277,regulation of G protein-coupled receptor signaling pathway,1.0,48,154,1,KCNJ11
all76,GO:BP,GO:0008219,cell death,1.0,48,1962,5,FAM184A;MED27;RP11-464F9.1;SAP130;U6
all76,GO:BP,GO:0008211,glucocorticoid metabolic process,1.0,48,26,1,GIT1
all76,GO:BP,GO:0008210,estrogen metabolic process,1.0,48,40,1,RP11-464F9.9
all76,GO:BP,GO:0009135,purine nucleoside diphosphate metabolic process,1.0,48,119,2,KCNJ11;U6
all76,GO:BP,GO:0009134,nucleoside diphosphate catabolic process,1.0,48,109,2,KCNJ11;U6
all76,GO:BP,GO:0009132,nucleoside diphosphate metabolic process,1.0,48,136,2,KCNJ11;U6
all76,GO:BP,GO:0009117,nucleotide metabolic process,1.0,48,495,2,KCNJ11;U6
all76,GO:BP,GO:0009063,amino acid catabolic process,1.0,48,102,1,FAM184A
all76,GO:BP,GO:0009062,fatty acid catabolic process,1.0,48,104,1,CDC123
all76,GO:BP,GO:0009060,aerobic respiration,1.0,48,292,2,KCNJ11;U6
all76,GO:BP,GO:0009059,macromolecule biosynthetic process,1.0,48,9605,27,BLOC1S2;CDC123;CHD4;CTD-2037K23.2;DAGLB;DGKQ;DUSP13;FAM184A;GIT1;HERPUD2;HSD17B12;KCNJ11;MAST4-AS1;MED27;NTAN1;PHBP9;RP1-159A19.4;RP4-756G23.5;SAP130;SNX16;SPDYE2;THAP8;TSPAN14;U6;YTHDF2;ZBTB6;ZNF34
all76,GO:BP,GO:0009058,biosynthetic process,1.0,48,10639,30,BLOC1S2;CDC123;CHD4;CTD-2037K23.2;DAGLB;DGKQ;DUSP13;FAM184A;GIT1;HERPUD2;HSD17B12;KCNJ11;MAST4-AS1;MED27;NTAN1;PHBP9;RP1-159A19.4;RP11-464F9.9;RP11-98D18.9;RP4-756G23.5;SAP130;SNX16;SPDYE2;THAP8;TSPAN14;U6;YTHDF2;ZBTB6;ZNF236;ZNF34
all76,GO:BP,GO:0009057,macromolecule catabolic process,1.0,48,1444,5,PARVA;SNX16;U6;YTHDF2;ZNF34
all76,GO:BP,GO:0009056,catabolic process,1.0,48,2641,10,CDC123;FAM184A;KCNJ11;PARVA;RC3H2;SNX16;U6;YTHDF2;ZNF236;ZNF34
all76,GO:BP,GO:0008654,phospholipid biosynthetic process,1.0,48,244,2,CTD-2037K23.2;GIT1
all76,GO:BP,GO:0008637,apoptotic mitochondrial changes,1.0,48,103,1,MED27
all76,GO:BP,GO:0008625,extrinsic apoptotic signaling pathway via death domain receptors,1.0,48,84,1,MED27
all76,GO:BP,GO:0008610,lipid biosynthetic process,1.0,48,717,6,CDC123;CTD-2037K23.2;GIT1;RP11-464F9.9;U6;ZNF236
all76,GO:BP,GO:0008593,regulation of Notch signaling pathway,1.0,48,101,2,RP4-756G23.5;YTHDF2
all76,GO:BP,GO:0009205,purine ribonucleoside triphosphate metabolic process,1.0,48,257,2,KCNJ11;U6
all76,GO:BP,GO:0009201,ribonucleoside triphosphate biosynthetic process,1.0,48,118,1,U6
all76,GO:BP,GO:0009191,ribonucleoside diphosphate catabolic process,1.0,48,106,2,KCNJ11;U6
all76,GO:BP,GO:0009185,ribonucleoside diphosphate metabolic process,1.0,48,130,2,KCNJ11;U6
all76,GO:BP,GO:0009181,purine ribonucleoside diphosphate catabolic process,1.0,48,103,2,KCNJ11;U6
all76,GO:BP,GO:0009179,purine ribonucleoside diphosphate metabolic process,1.0,48,119,2,KCNJ11;U6
all76,GO:BP,GO:0009166,nucleotide catabolic process,1.0,48,164,2,KCNJ11;U6
all76,GO:BP,GO:0009165,nucleotide biosynthetic process,1.0,48,227,1,U6
all76,GO:BP,GO:0009154,purine ribonucleotide catabolic process,1.0,48,131,2,KCNJ11;U6
all76,GO:BP,GO:0009152,purine ribonucleotide biosynthetic process,1.0,48,158,1,U6
all76,GO:BP,GO:0009150,purine ribonucleotide metabolic process,1.0,48,352,2,KCNJ11;U6
all76,GO:BP,GO:0009145,purine nucleoside triphosphate biosynthetic process,1.0,48,113,1,U6
all76,GO:BP,GO:0009144,purine nucleoside triphosphate metabolic process,1.0,48,263,2,KCNJ11;U6
all76,GO:BP,GO:0009142,nucleoside triphosphate biosynthetic process,1.0,48,127,1,U6
all76,GO:BP,GO:0009141,nucleoside triphosphate metabolic process,1.0,48,279,2,KCNJ11;U6
all76,GO:BP,GO:0009137,purine nucleoside diphosphate catabolic process,1.0,48,103,2,KCNJ11;U6
all76,GO:BP,GO:0009624,response to nematode,1.0,48,9,1,FAM184A
all76,GO:BP,GO:0009620,response to fungus,1.0,48,69,1,FAM184A
all76,GO:BP,GO:0009617,response to bacterium,1.0,48,719,1,KCNJ11
all76,GO:BP,GO:0009611,response to wounding,1.0,48,570,2,GIT1;KCNJ11
all76,GO:BP,GO:0009607,response to biotic stimulus,1.0,48,1652,3,FAM184A;KCNJ11;YTHDF2
all76,GO:BP,GO:0009605,response to external stimulus,1.0,48,2427,5,FAM184A;KCNJ11;NRBF2;YTHDF2;ZNF236
all76,GO:BP,GO:0009410,response to xenobiotic stimulus,1.0,48,396,2,RP11-464F9.1;U6
all76,GO:BP,GO:0009409,response to cold,1.0,48,44,1,U6
all76,GO:BP,GO:0009408,response to heat,1.0,48,97,1,DGKQ
all76,GO:BP,GO:0009306,protein secretion,1.0,48,364,2,NTAN1;RP11-464F9.1
all76,GO:BP,GO:0009266,response to temperature stimulus,1.0,48,167,2,DGKQ;U6
all76,GO:BP,GO:0009261,ribonucleotide catabolic process,1.0,48,138,2,KCNJ11;U6
all76,GO:BP,GO:0009260,ribonucleotide biosynthetic process,1.0,48,174,1,U6
all76,GO:BP,GO:0009259,ribonucleotide metabolic process,1.0,48,374,2,KCNJ11;U6
all76,GO:BP,GO:0009247,glycolipid biosynthetic process,1.0,48,76,1,CTD-2037K23.2
all76,GO:BP,GO:0009206,purine ribonucleoside triphosphate biosynthetic process,1.0,48,112,1,U6
all76,GO:BP,GO:0009889,regulation of biosynthetic process,1.0,48,5821,22,BLOC1S2;CDC123;CHD4;DAGLB;DGKQ;DUSP13;FAM184A;GIT1;HERPUD2;HSD17B12;KCNJ11;MAST4-AS1;MED27;NTAN1;PHBP9;RP1-159A19.4;SAP130;SNX16;SPDYE2;YTHDF2;ZBTB6;ZNF34
all76,GO:BP,GO:0009888,tissue development,1.0,48,2014,4,ARL13B;RP1-159A19.4;RP11-464F9.1;U6
all76,GO:BP,GO:0009887,animal organ morphogenesis,1.0,48,1000,6,ARL13B;KRT8P46;LRIG1;NRBF2;RP1-159A19.4;U6
all76,GO:BP,GO:0009855,determination of bilateral symmetry,1.0,48,146,1,ARL13B
all76,GO:BP,GO:0009799,specification of symmetry,1.0,48,146,1,ARL13B
all76,GO:BP,GO:0009798,axis specification,1.0,48,99,2,ARL13B;RP1-159A19.4
all76,GO:BP,GO:0009792,embryo development ending in birth or egg hatching,1.0,48,687,2,ARL13B;RP1-159A19.4
all76,GO:BP,GO:0009791,post-embryonic development,1.0,48,93,1,ZNF34
all76,GO:BP,GO:0009790,embryo development,1.0,48,1126,5,ARL13B;LRIG1;RP1-159A19.4;TSPAN14;YTHDF2
all76,GO:BP,GO:0009749,response to glucose,1.0,48,192,3,DGKQ;HSD17B12;NTAN1
all76,GO:BP,GO:0009746,response to hexose,1.0,48,196,3,DGKQ;HSD17B12;NTAN1
all76,GO:BP,GO:0009743,response to carbohydrate,1.0,48,222,3,DGKQ;HSD17B12;NTAN1
all76,GO:BP,GO:0009725,response to hormone,1.0,48,904,3,CDC123;DGKQ;Metazoa_SRP
all76,GO:BP,GO:0009719,response to endogenous stimulus,1.0,48,1467,5,CDC123;CHD4;DGKQ;Metazoa_SRP;RP1-159A19.4
all76,GO:BP,GO:0009653,anatomical structure morphogenesis,1.0,48,2699,7,ARL13B;KRT8P46;LRIG1;NRBF2;RP1-159A19.4;U6;YTHDF2
all76,GO:BP,GO:0009628,response to abiotic stimulus,1.0,48,1108,3,DGKQ;RP11-464F9.1;U6
all76,GO:BP,GO:0009994,oocyte differentiation,1.0,48,63,1,YTHDF2
all76,GO:BP,GO:0009987,cellular process,1.0,48,20233,47,AC002116.7;ARG1;ARL13B;BLOC1S2;BMPR1A;C6orf106;CDC123;CHD4;CTD-2037K23.2;DAGLB;DCAF16;DGKQ;DUSP13;FAM184A;GIT1;HERPUD2;HSD17B12;KCNJ11;KDM5A;KRT8P46;LRRC41;MAST4-AS1;MED23;MED27;Metazoa_SRP;NRBF2;NTAN1;PARVA;PHBP9;PTPRN;RC3H2;RP1-159A19.4;RP11-464F9.1;RP11-464F9.9;RP11-98D18.9;RP4-756G23.5;SAP130;SH3BGRL3;SNX16;SPDYE2;THAP8;TSPAN14;U6;YTHDF2;ZBTB6;ZNF236;ZNF34
all76,GO:BP,GO:0009968,negative regulation of signal transduction,1.0,48,1341,3,CHD4;FAM184A;YTHDF2
all76,GO:BP,GO:0009967,positive regulation of signal transduction,1.0,48,1569,6,GIT1;KRT8P46;RP1-159A19.4;RP4-756G23.5;U6;ZNF34
all76,GO:BP,GO:0009966,regulation of signal transduction,1.0,48,3031,11,CHD4;FAM184A;GIT1;KCNJ11;KRT8P46;Metazoa_SRP;RP1-159A19.4;RP4-756G23.5;U6;YTHDF2;ZNF34
all76,GO:BP,GO:0009953,dorsal/ventral pattern formation,1.0,48,88,2,ARL13B;RP1-159A19.4
all76,GO:BP,GO:0009952,anterior/posterior pattern specification,1.0,48,211,1,RP1-159A19.4
all76,GO:BP,GO:0009950,dorsal/ventral axis specification,1.0,48,13,1,RP1-159A19.4
all76,GO:BP,GO:0009914,hormone transport,1.0,48,330,2,NTAN1;RP11-464F9.1
all76,GO:BP,GO:0009896,positive regulation of catabolic process,1.0,48,536,3,YTHDF2;ZNF236;ZNF34
all76,GO:BP,GO:0009895,negative regulation of catabolic process,1.0,48,363,1,KCNJ11
all76,GO:BP,GO:0009894,regulation of catabolic process,1.0,48,1024,5,KCNJ11;SNX16;YTHDF2;ZNF236;ZNF34
all76,GO:BP,GO:0009893,positive regulation of metabolic process,1.0,48,3410,15,ARG1;BLOC1S2;CDC123;DUSP13;GIT1;MAST4-AS1;MED27;NTAN1;PHBP9;RP1-159A19.4;SAP130;YTHDF2;ZBTB6;ZNF236;ZNF34
all76,GO:BP,GO:0009892,negative regulation of metabolic process,1.0,48,3276,13,BLOC1S2;CHD4;DUSP13;FAM184A;GIT1;KCNJ11;PHBP9;RP1-159A19.4;SAP130;SNX16;SPDYE2;YTHDF2;ZNF34
all76,GO:BP,GO:0009891,positive regulation of biosynthetic process,1.0,48,2645,12,BLOC1S2;CDC123;DUSP13;GIT1;MAST4-AS1;MED27;NTAN1;PHBP9;RP1-159A19.4;SAP130;YTHDF2;ZBTB6
all76,GO:BP,GO:0009890,negative regulation of biosynthetic process,1.0,48,2802,13,BLOC1S2;CHD4;DUSP13;FAM184A;GIT1;KCNJ11;PHBP9;RP1-159A19.4;SAP130;SNX16;SPDYE2;YTHDF2;ZNF34
all76,GO:BP,GO:0010586,miRNA metabolic process,1.0,48,106,2,RP1-159A19.4;ZNF34
all76,GO:BP,GO:0010566,regulation of ketone biosynthetic process,1.0,48,21,1,GIT1
all76,GO:BP,GO:0010565,regulation of ketone metabolic process,1.0,48,127,1,GIT1
all76,GO:BP,GO:0010564,regulation of cell cycle process,1.0,48,728,2,KCNJ11;YTHDF2
all76,GO:BP,GO:0010563,negative regulation of phosphorus metabolic process,1.0,48,210,1,KCNJ11
all76,GO:BP,GO:0010562,positive regulation of phosphorus metabolic process,1.0,48,395,1,ARG1
all76,GO:BP,GO:0010558,negative regulation of macromolecule biosynthetic process,1.0,48,2733,13,BLOC1S2;CHD4;DUSP13;FAM184A;GIT1;KCNJ11;PHBP9;RP1-159A19.4;SAP130;SNX16;SPDYE2;YTHDF2;ZNF34
all76,GO:BP,GO:0010557,positive regulation of macromolecule biosynthetic process,1.0,48,2538,12,BLOC1S2;CDC123;DUSP13;GIT1;MAST4-AS1;MED27;NTAN1;PHBP9;RP1-159A19.4;SAP130;YTHDF2;ZBTB6
all76,GO:BP,GO:0010556,regulation of macromolecule biosynthetic process,1.0,48,5647,22,BLOC1S2;CDC123;CHD4;DAGLB;DGKQ;DUSP13;FAM184A;GIT1;HERPUD2;HSD17B12;KCNJ11;MAST4-AS1;MED27;NTAN1;PHBP9;RP1-159A19.4;SAP130;SNX16;SPDYE2;YTHDF2;ZBTB6;ZNF34
all76,GO:BP,GO:0010468,regulation of gene expression,1.0,48,5549,22,BLOC1S2;CDC123;CHD4;DAGLB;DGKQ;DUSP13;FAM184A;GIT1;HERPUD2;HSD17B12;KCNJ11;MAST4-AS1;MED27;NTAN1;PHBP9;RP1-159A19.4;SAP130;SNX16;SPDYE2;YTHDF2;ZBTB6;ZNF34
all76,GO:BP,GO:0010467,gene expression,1.0,48,9232,27,BLOC1S2;CDC123;CHD4;CTD-2037K23.2;DAGLB;DGKQ;DUSP13;FAM184A;GIT1;HERPUD2;HSD17B12;KCNJ11;MAST4-AS1;MED27;NTAN1;PHBP9;RP1-159A19.4;RP4-756G23.5;SAP130;SNX16;SPDYE2;THAP8;TSPAN14;U6;YTHDF2;ZBTB6;ZNF34
all76,GO:BP,GO:0010464,regulation of mesenchymal cell proliferation,1.0,48,34,1,RP1-159A19.4
all76,GO:BP,GO:0010463,mesenchymal cell proliferation,1.0,48,47,1,RP1-159A19.4
all76,GO:BP,GO:0010453,regulation of cell fate commitment,1.0,48,45,2,PHBP9;RP1-159A19.4
all76,GO:BP,GO:0010256,endomembrane system organization,1.0,48,627,2,MED27;NTAN1
all76,GO:BP,GO:0010001,glial cell differentiation,1.0,48,249,1,DGKQ
all76,GO:BP,GO:0010896,regulation of triglyceride catabolic process,1.0,48,12,1,ZNF236
all76,GO:BP,GO:0010878,cholesterol storage,1.0,48,23,1,U6
all76,GO:BP,GO:0010876,lipid localization,1.0,48,451,1,U6
all76,GO:BP,GO:0010817,regulation of hormone levels,1.0,48,547,4,GIT1;NTAN1;RP11-464F9.1;RP11-464F9.9
all76,GO:BP,GO:0010811,positive regulation of cell-substrate adhesion,1.0,48,122,1,RP11-464F9.9
all76,GO:BP,GO:0010810,regulation of cell-substrate adhesion,1.0,48,212,1,RP11-464F9.9
all76,GO:BP,GO:0010721,negative regulation of cell development,1.0,48,260,2,RP1-159A19.4;ZNF34
all76,GO:BP,GO:0010648,negative regulation of cell communication,1.0,48,1449,4,CHD4;FAM184A;RP11-464F9.1;YTHDF2
all76,GO:BP,GO:0010647,positive regulation of cell communication,1.0,48,1778,6,GIT1;KRT8P46;RP1-159A19.4;RP4-756G23.5;U6;ZNF34
all76,GO:BP,GO:0010646,regulation of cell communication,1.0,48,3480,12,CHD4;FAM184A;GIT1;KCNJ11;KRT8P46;Metazoa_SRP;RP1-159A19.4;RP11-464F9.1;RP4-756G23.5;U6;YTHDF2;ZNF34
all76,GO:BP,GO:0010638,positive regulation of organelle organization,1.0,48,499,1,KCNJ11
all76,GO:BP,GO:0010629,negative regulation of gene expression,1.0,48,1678,9,BLOC1S2;FAM184A;GIT1;KCNJ11;PHBP9;RP1-159A19.4;SNX16;YTHDF2;ZNF34
all76,GO:BP,GO:0010628,positive regulation of gene expression,1.0,48,1184,4,GIT1;MAST4-AS1;RP1-159A19.4;YTHDF2
all76,GO:BP,GO:0010608,post-transcriptional regulation of gene expression,1.0,48,1070,4,DGKQ;SNX16;YTHDF2;ZNF34
all76,GO:BP,GO:0010605,negative regulation of macromolecule metabolic process,1.0,48,3080,13,BLOC1S2;CHD4;DUSP13;FAM184A;GIT1;KCNJ11;PHBP9;RP1-159A19.4;SAP130;SNX16;SPDYE2;YTHDF2;ZNF34
all76,GO:BP,GO:0010604,positive regulation of macromolecule metabolic process,1.0,48,3152,14,ARG1;BLOC1S2;CDC123;DUSP13;GIT1;MAST4-AS1;MED27;NTAN1;PHBP9;RP1-159A19.4;SAP130;YTHDF2;ZBTB6;ZNF34
all76,GO:BP,GO:0014910,regulation of smooth muscle cell migration,1.0,48,59,1,RP1-159A19.4
all76,GO:BP,GO:0014909,smooth muscle cell migration,1.0,48,66,2,NRBF2;RP1-159A19.4
all76,GO:BP,GO:0014855,striated muscle cell proliferation,1.0,48,70,1,RP1-159A19.4
all76,GO:BP,GO:0014812,muscle cell migration,1.0,48,80,2,NRBF2;RP1-159A19.4
all76,GO:BP,GO:0014706,striated muscle tissue development,1.0,48,399,2,RP1-159A19.4;RP11-464F9.1
all76,GO:BP,GO:0014074,response to purine-containing compound,1.0,48,137,2,GIT1;RP11-464F9.1
all76,GO:BP,GO:0014033,neural crest cell differentiation,1.0,48,93,1,RP1-159A19.4
all76,GO:BP,GO:0014032,neural crest cell development,1.0,48,80,1,RP1-159A19.4
all76,GO:BP,GO:0014003,oligodendrocyte development,1.0,48,44,1,DGKQ
all76,GO:BP,GO:0012501,programmed cell death,1.0,48,1958,5,FAM184A;MED27;RP11-464F9.1;SAP130;U6
all76,GO:BP,GO:0010976,positive regulation of neuron projection development,1.0,48,148,1,RP1-159A19.4
all76,GO:BP,GO:0010975,regulation of neuron projection development,1.0,48,426,1,RP1-159A19.4
all76,GO:BP,GO:0010970,transport along microtubule,1.0,48,177,1,MED27
all76,GO:BP,GO:0010968,regulation of microtubule nucleation,1.0,48,19,1,KCNJ11
all76,GO:BP,GO:0010906,regulation of glucose metabolic process,1.0,48,94,1,GIT1
all76,GO:BP,GO:0010898,positive regulation of triglyceride catabolic process,1.0,48,7,1,ZNF236
all76,GO:BP,GO:0016071,mRNA metabolic process,1.0,48,2139,4,SNX16;TSPAN14;YTHDF2;ZNF34
all76,GO:BP,GO:0016070,RNA metabolic process,1.0,48,6834,20,BLOC1S2;CDC123;CHD4;DAGLB;DUSP13;GIT1;HERPUD2;HSD17B12;MAST4-AS1;MED27;NTAN1;PHBP9;RP1-159A19.4;SAP130;SNX16;SPDYE2;TSPAN14;YTHDF2;ZBTB6;ZNF34
all76,GO:BP,GO:0016054,organic acid catabolic process,1.0,48,233,2,CDC123;FAM184A
all76,GO:BP,GO:0016053,organic acid biosynthetic process,1.0,48,313,2,RP11-464F9.9;ZNF236
all76,GO:BP,GO:0016052,carbohydrate catabolic process,1.0,48,178,2,KCNJ11;U6
all76,GO:BP,GO:0016051,carbohydrate biosynthetic process,1.0,48,188,1,GIT1
all76,GO:BP,GO:0016050,vesicle organization,1.0,48,392,2,MED27;NTAN1
all76,GO:BP,GO:0016043,cellular component organization,1.0,48,8325,21,ARL13B;BLOC1S2;BMPR1A;C6orf106;GIT1;KCNJ11;LRRC41;MAST4-AS1;MED27;Metazoa_SRP;NRBF2;NTAN1;PHBP9;PTPRN;RP1-159A19.4;RP11-464F9.9;SH3BGRL3;THAP8;U6;YTHDF2;ZBTB6
all76,GO:BP,GO:0016042,lipid catabolic process,1.0,48,352,3,CDC123;U6;ZNF236
all76,GO:BP,GO:0015980,energy derivation by oxidation of organic compounds,1.0,48,425,2,KCNJ11;U6
all76,GO:BP,GO:0015931,nucleobase-containing compound transport,1.0,48,237,1,TSPAN14
all76,GO:BP,GO:0015918,sterol transport,1.0,48,112,1,U6
all76,GO:BP,GO:0015850,organic hydroxy compound transport,1.0,48,266,1,U6
all76,GO:BP,GO:0015833,peptide transport,1.0,48,282,2,NTAN1;RP11-464F9.1
all76,GO:BP,GO:0015031,protein transport,1.0,48,1422,3,AC002116.7;NTAN1;RP11-464F9.1
all76,GO:BP,GO:0014912,negative regulation of smooth muscle cell migration,1.0,48,23,1,RP1-159A19.4
all76,GO:BP,GO:0018160,peptidyl-pyrromethane cofactor linkage,1.0,48,1,1,RP11-98D18.9
all76,GO:BP,GO:0017157,regulation of exocytosis,1.0,48,185,1,KCNJ11
all76,GO:BP,GO:0017015,regulation of transforming growth factor beta receptor signaling pathway,1.0,48,139,1,CHD4
all76,GO:BP,GO:0016567,protein ubiquitination,1.0,48,726,3,DCAF16;KDM5A;ZNF34
all76,GO:BP,GO:0016477,cell migration,1.0,48,1532,7,ARL13B;CHD4;KRT8P46;MAST4-AS1;NRBF2;RP1-159A19.4;SAP130
all76,GO:BP,GO:0016358,dendrite development,1.0,48,234,1,RP1-159A19.4
all76,GO:BP,GO:0016311,dephosphorylation,1.0,48,212,1,NTAN1
all76,GO:BP,GO:0016310,phosphorylation,1.0,48,1077,4,ARG1;GIT1;Metazoa_SRP;RP1-159A19.4
all76,GO:BP,GO:0016226,iron-sulfur cluster assembly,1.0,48,29,1,BMPR1A
all76,GO:BP,GO:0016197,endosomal transport,1.0,48,288,2,AC002116.7;MED27
all76,GO:BP,GO:0016192,vesicle-mediated transport,1.0,48,1572,6,AC002116.7;C6orf106;GIT1;KCNJ11;MED27;U6
all76,GO:BP,GO:0016126,sterol biosynthetic process,1.0,48,69,1,U6
all76,GO:BP,GO:0016125,sterol metabolic process,1.0,48,155,2,GIT1;U6
all76,GO:BP,GO:0016101,diterpenoid metabolic process,1.0,48,90,1,U6
all76,GO:BP,GO:0016079,synaptic vesicle exocytosis,1.0,48,101,1,KCNJ11
all76,GO:BP,GO:0016072,rRNA metabolic process,1.0,48,261,1,YTHDF2
all76,GO:BP,GO:0019627,urea metabolic process,1.0,48,14,1,FAM184A
all76,GO:BP,GO:0019538,protein metabolic process,1.0,48,4467,15,ARG1;CTD-2037K23.2;DCAF16;DGKQ;KDM5A;Metazoa_SRP;NTAN1;PARVA;RP1-159A19.4;RP11-98D18.9;RP4-756G23.5;THAP8;U6;YTHDF2;ZNF34
all76,GO:BP,GO:0019433,triglyceride catabolic process,1.0,48,29,1,ZNF236
all76,GO:BP,GO:0019432,triglyceride biosynthetic process,1.0,48,39,1,CDC123
all76,GO:BP,GO:0019369,arachidonate metabolic process,1.0,48,52,1,ZNF236
all76,GO:BP,GO:0019367,"fatty acid elongation, saturated fatty acid",1.0,48,8,1,RP11-464F9.9
all76,GO:BP,GO:0019364,pyridine nucleotide catabolic process,1.0,48,102,2,KCNJ11;U6
all76,GO:BP,GO:0019319,hexose biosynthetic process,1.0,48,87,1,GIT1
all76,GO:BP,GO:0019318,hexose metabolic process,1.0,48,229,3,GIT1;RP11-464F9.1;U6
all76,GO:BP,GO:0019222,regulation of metabolic process,1.0,48,6900,24,ARG1;BLOC1S2;CDC123;CHD4;DAGLB;DGKQ;DUSP13;FAM184A;GIT1;HERPUD2;HSD17B12;KCNJ11;MAST4-AS1;MED27;NTAN1;PHBP9;RP1-159A19.4;SAP130;SNX16;SPDYE2;YTHDF2;ZBTB6;ZNF236;ZNF34
all76,GO:BP,GO:0019221,cytokine-mediated signaling pathway,1.0,48,564,2,FAM184A;YTHDF2
all76,GO:BP,GO:0019218,regulation of steroid metabolic process,1.0,48,98,1,GIT1
all76,GO:BP,GO:0019216,regulation of lipid metabolic process,1.0,48,314,2,GIT1;ZNF236
all76,GO:BP,GO:0018198,peptidyl-cysteine modification,1.0,48,24,1,RP11-98D18.9
all76,GO:BP,GO:0018193,peptidyl-amino acid modification,1.0,48,495,1,RP11-98D18.9
all76,GO:BP,GO:0021762,substantia nigra development,1.0,48,47,1,DAGLB
all76,GO:BP,GO:0021700,developmental maturation,1.0,48,346,2,NTAN1;YTHDF2
all76,GO:BP,GO:0021675,nerve development,1.0,48,93,1,LRIG1
all76,GO:BP,GO:0021537,telencephalon development,1.0,48,272,1,ARL13B
all76,GO:BP,GO:0021536,diencephalon development,1.0,48,80,1,RP1-159A19.4
all76,GO:BP,GO:0021535,cell migration in hindbrain,1.0,48,18,1,ARL13B
all76,GO:BP,GO:0021532,neural tube patterning,1.0,48,33,1,ARL13B
all76,GO:BP,GO:0019953,sexual reproduction,1.0,48,1128,4,DUSP13;MED23;PTPRN;YTHDF2
all76,GO:BP,GO:0019941,modification-dependent protein catabolic process,1.0,48,691,2,PARVA;ZNF34
all76,GO:BP,GO:0019915,lipid storage,1.0,48,90,2,DUSP13;U6
all76,GO:BP,GO:0019827,stem cell population maintenance,1.0,48,180,3,CHD4;RP1-159A19.4;ZBTB6
all76,GO:BP,GO:0019752,carboxylic acid metabolic process,1.0,48,863,6,CDC123;FAM184A;KCNJ11;RP11-464F9.9;U6;ZNF236
all76,GO:BP,GO:0019725,cellular homeostasis,1.0,48,738,3,HSD17B12;KCNJ11;NTAN1
all76,GO:BP,GO:0019722,calcium-mediated signaling,1.0,48,234,1,RP11-464F9.1
all76,GO:BP,GO:0019693,ribose phosphate metabolic process,1.0,48,381,2,KCNJ11;U6
all76,GO:BP,GO:0019637,organophosphate metabolic process,1.0,48,1066,5,CTD-2037K23.2;GIT1;KCNJ11;RP11-464F9.9;U6
all76,GO:BP,GO:0022405,hair cycle process,1.0,48,102,1,LRIG1
all76,GO:BP,GO:0022404,molting cycle process,1.0,48,102,1,LRIG1
all76,GO:BP,GO:0022402,cell cycle process,1.0,48,1290,3,KCNJ11;PTPRN;YTHDF2
all76,GO:BP,GO:0022029,telencephalon cell migration,1.0,48,63,1,ARL13B
all76,GO:BP,GO:0022008,neurogenesis,1.0,48,1769,6,DGKQ;KCNJ11;MED27;RP1-159A19.4;YTHDF2;ZNF236
all76,GO:BP,GO:0021998,neural plate mediolateral regionalization,1.0,48,1,1,RP1-159A19.4
all76,GO:BP,GO:0021983,pituitary gland development,1.0,48,42,1,RP1-159A19.4
all76,GO:BP,GO:0021953,central nervous system neuron differentiation,1.0,48,218,1,RP1-159A19.4
all76,GO:BP,GO:0021943,formation of radial glial scaffolds,1.0,48,4,1,ARL13B
all76,GO:BP,GO:0021932,hindbrain radial glia guided cell migration,1.0,48,10,1,ARL13B
all76,GO:BP,GO:0021915,neural tube development,1.0,48,159,1,ARL13B
all76,GO:BP,GO:0021885,forebrain cell migration,1.0,48,66,1,ARL13B
all76,GO:BP,GO:0021843,substrate-independent telencephalic tangential interneuron migration,1.0,48,8,1,ARL13B
all76,GO:BP,GO:0021830,interneuron migration from the subpallium to the cortex,1.0,48,8,1,ARL13B
all76,GO:BP,GO:0021826,substrate-independent telencephalic tangential migration,1.0,48,8,1,ARL13B
all76,GO:BP,GO:0021782,glial cell development,1.0,48,127,1,DGKQ
all76,GO:BP,GO:0023057,negative regulation of signaling,1.0,48,1449,4,CHD4;FAM184A;RP11-464F9.1;YTHDF2
all76,GO:BP,GO:0023056,positive regulation of signaling,1.0,48,1779,6,GIT1;KRT8P46;RP1-159A19.4;RP4-756G23.5;U6;ZNF34
all76,GO:BP,GO:0023052,signaling,1.0,48,6558,18,ARL13B;C6orf106;CHD4;DGKQ;FAM184A;GIT1;KCNJ11;KRT8P46;MED23;MED27;Metazoa_SRP;NTAN1;RP1-159A19.4;RP11-464F9.1;RP4-756G23.5;U6;YTHDF2;ZNF34
all76,GO:BP,GO:0023051,regulation of signaling,1.0,48,3473,12,CHD4;FAM184A;GIT1;KCNJ11;KRT8P46;Metazoa_SRP;RP1-159A19.4;RP11-464F9.1;RP4-756G23.5;U6;YTHDF2;ZNF34
all76,GO:BP,GO:0022613,ribonucleoprotein complex biogenesis,1.0,48,1841,1,YTHDF2
all76,GO:BP,GO:0022612,gland morphogenesis,1.0,48,107,1,U6
all76,GO:BP,GO:0022607,cellular component assembly,1.0,48,4830,13,ARL13B;BLOC1S2;BMPR1A;C6orf106;KCNJ11;MAST4-AS1;MED27;NRBF2;PHBP9;PTPRN;THAP8;YTHDF2;ZBTB6
all76,GO:BP,GO:0022604,regulation of cell morphogenesis,1.0,48,241,1,NRBF2
all76,GO:BP,GO:0022603,regulation of anatomical structure morphogenesis,1.0,48,822,2,NRBF2;RP1-159A19.4
all76,GO:BP,GO:0022602,ovulation cycle process,1.0,48,50,2,DUSP13;NTAN1
all76,GO:BP,GO:0022600,digestive system process,1.0,48,110,1,U6
all76,GO:BP,GO:0022414,reproductive process,1.0,48,1592,7,DGKQ;DUSP13;MED23;NTAN1;PTPRN;RP1-159A19.4;YTHDF2
all76,GO:BP,GO:0022412,cellular process involved in reproduction in multicellular organism,1.0,48,424,1,YTHDF2
all76,GO:BP,GO:0022409,positive regulation of cell-cell adhesion,1.0,48,328,1,C6orf106
all76,GO:BP,GO:0022408,negative regulation of cell-cell adhesion,1.0,48,197,3,FAM184A;YTHDF2;ZNF34
all76,GO:BP,GO:0022407,regulation of cell-cell adhesion,1.0,48,493,4,C6orf106;FAM184A;YTHDF2;ZNF34
all76,GO:BP,GO:0030163,protein catabolic process,1.0,48,1057,3,PARVA;U6;ZNF34
all76,GO:BP,GO:0030155,regulation of cell adhesion,1.0,48,780,5,C6orf106;FAM184A;RP11-464F9.9;YTHDF2;ZNF34
all76,GO:BP,GO:0030154,cell differentiation,1.0,48,4443,11,DGKQ;KCNJ11;MED27;PHBP9;RP1-159A19.4;SAP130;TSPAN14;U6;YTHDF2;ZNF236;ZNF34
all76,GO:BP,GO:0030100,regulation of endocytosis,1.0,48,292,1,GIT1
all76,GO:BP,GO:0030099,myeloid cell differentiation,1.0,48,449,2,TSPAN14;U6
all76,GO:BP,GO:0030098,lymphocyte differentiation,1.0,48,427,2,U6;ZNF34
all76,GO:BP,GO:0030097,hemopoiesis,1.0,48,971,4,TSPAN14;U6;YTHDF2;ZNF34
all76,GO:BP,GO:0030073,insulin secretion,1.0,48,209,2,NTAN1;RP11-464F9.1
all76,GO:BP,GO:0030072,peptide hormone secretion,1.0,48,249,2,NTAN1;RP11-464F9.1
all76,GO:BP,GO:0030048,actin filament-based movement,1.0,48,137,1,NRBF2
all76,GO:BP,GO:0030036,actin cytoskeleton organization,1.0,48,716,1,NRBF2
all76,GO:BP,GO:0030031,cell projection assembly,1.0,48,615,2,ARL13B;NRBF2
all76,GO:BP,GO:0030030,cell projection organization,1.0,48,1628,4,ARL13B;MED27;NRBF2;RP1-159A19.4
all76,GO:BP,GO:0030029,actin filament-based process,1.0,48,816,1,NRBF2
all76,GO:BP,GO:0030001,metal ion transport,1.0,48,860,1,RP11-464F9.1
all76,GO:BP,GO:0023061,signal release,1.0,48,490,3,KCNJ11;NTAN1;RP11-464F9.1
all76,GO:BP,GO:0030336,negative regulation of cell migration,1.0,48,293,2,CHD4;RP1-159A19.4
all76,GO:BP,GO:0030335,positive regulation of cell migration,1.0,48,544,3,KRT8P46;MAST4-AS1;SAP130
all76,GO:BP,GO:0030334,regulation of cell migration,1.0,48,944,5,CHD4;KRT8P46;MAST4-AS1;RP1-159A19.4;SAP130
all76,GO:BP,GO:0030326,embryonic limb morphogenesis,1.0,48,125,1,RP1-159A19.4
all76,GO:BP,GO:0030324,lung development,1.0,48,194,3,RP1-159A19.4;U6;ZNF34
all76,GO:BP,GO:0030323,respiratory tube development,1.0,48,198,3,RP1-159A19.4;U6;ZNF34
all76,GO:BP,GO:0030301,cholesterol transport,1.0,48,103,1,U6
all76,GO:BP,GO:0030282,bone mineralization,1.0,48,125,1,RP1-159A19.4
all76,GO:BP,GO:0030278,regulation of ossification,1.0,48,121,1,RP1-159A19.4
all76,GO:BP,GO:0030258,lipid modification,1.0,48,180,1,GIT1
all76,GO:BP,GO:0030224,monocyte differentiation,1.0,48,35,1,TSPAN14
all76,GO:BP,GO:0030217,T cell differentiation,1.0,48,321,2,U6;ZNF34
all76,GO:BP,GO:0030199,collagen fibril organization,1.0,48,69,1,LRRC41
all76,GO:BP,GO:0030198,extracellular matrix organization,1.0,48,307,2,LRRC41;RP11-464F9.9
all76,GO:BP,GO:0030182,neuron differentiation,1.0,48,1444,3,KCNJ11;MED27;RP1-159A19.4
all76,GO:BP,GO:0030168,platelet activation,1.0,48,138,1,GIT1
all76,GO:BP,GO:0030968,endoplasmic reticulum unfolded protein response,1.0,48,87,1,MED23
all76,GO:BP,GO:0030902,hindbrain development,1.0,48,157,1,ARL13B
all76,GO:BP,GO:0030901,midbrain development,1.0,48,93,1,DAGLB
all76,GO:BP,GO:0030900,forebrain development,1.0,48,403,2,ARL13B;RP1-159A19.4
all76,GO:BP,GO:0030855,epithelial cell differentiation,1.0,48,745,1,U6
all76,GO:BP,GO:0030812,negative regulation of nucleotide catabolic process,1.0,48,19,1,KCNJ11
all76,GO:BP,GO:0030811,regulation of nucleotide catabolic process,1.0,48,55,1,KCNJ11
all76,GO:BP,GO:0030728,ovulation,1.0,48,17,1,DUSP13
all76,GO:BP,GO:0030705,cytoskeleton-dependent intracellular transport,1.0,48,203,1,MED27
all76,GO:BP,GO:0030534,adult behavior,1.0,48,155,1,PARVA
all76,GO:BP,GO:0030512,negative regulation of transforming growth factor beta receptor signaling pathway,1.0,48,93,1,CHD4
all76,GO:BP,GO:0030509,BMP signaling pathway,1.0,48,159,1,RP1-159A19.4
all76,GO:BP,GO:0030501,positive regulation of bone mineralization,1.0,48,44,1,RP1-159A19.4
all76,GO:BP,GO:0030500,regulation of bone mineralization,1.0,48,79,1,RP1-159A19.4
all76,GO:BP,GO:0030497,fatty acid elongation,1.0,48,14,1,RP11-464F9.9
all76,GO:BP,GO:0030421,defecation,1.0,48,3,1,U6
all76,GO:BP,GO:0031399,regulation of protein modification process,1.0,48,748,1,ARG1
all76,GO:BP,GO:0031348,negative regulation of defense response,1.0,48,263,3,FAM184A;KCNJ11;YTHDF2
all76,GO:BP,GO:0031347,regulation of defense response,1.0,48,831,4,FAM184A;KCNJ11;YTHDF2;ZNF236
all76,GO:BP,GO:0031346,positive regulation of cell projection organization,1.0,48,342,1,RP1-159A19.4
all76,GO:BP,GO:0031344,regulation of cell projection organization,1.0,48,639,1,RP1-159A19.4
all76,GO:BP,GO:0031343,positive regulation of cell killing,1.0,48,68,1,FAM184A
all76,GO:BP,GO:0031341,regulation of cell killing,1.0,48,104,1,FAM184A
all76,GO:BP,GO:0031334,positive regulation of protein-containing complex assembly,1.0,48,204,1,KCNJ11
all76,GO:BP,GO:0031214,biomineral tissue development,1.0,48,178,1,RP1-159A19.4
all76,GO:BP,GO:0031175,neuron projection development,1.0,48,1010,2,MED27;RP1-159A19.4
all76,GO:BP,GO:0031163,metallo-sulfur cluster assembly,1.0,48,29,1,BMPR1A
all76,GO:BP,GO:0031116,positive regulation of microtubule polymerization,1.0,48,33,1,KCNJ11
all76,GO:BP,GO:0031113,regulation of microtubule polymerization,1.0,48,65,1,KCNJ11
all76,GO:BP,GO:0031112,positive regulation of microtubule polymerization or depolymerization,1.0,48,38,1,KCNJ11
all76,GO:BP,GO:0031110,regulation of microtubule polymerization or depolymerization,1.0,48,101,1,KCNJ11
all76,GO:BP,GO:0031109,microtubule polymerization or depolymerization,1.0,48,143,2,KCNJ11;MED27
all76,GO:BP,GO:0032271,regulation of protein polymerization,1.0,48,199,1,KCNJ11
all76,GO:BP,GO:0032102,negative regulation of response to external stimulus,1.0,48,393,3,FAM184A;KCNJ11;YTHDF2
all76,GO:BP,GO:0032101,regulation of response to external stimulus,1.0,48,1092,4,FAM184A;KCNJ11;YTHDF2;ZNF236
all76,GO:BP,GO:0032012,regulation of ARF protein signal transduction,1.0,48,22,1,KCNJ11
all76,GO:BP,GO:0032011,ARF protein signal transduction,1.0,48,22,1,KCNJ11
all76,GO:BP,GO:0032006,regulation of TOR signaling,1.0,48,152,1,GIT1
all76,GO:BP,GO:0031946,regulation of glucocorticoid biosynthetic process,1.0,48,10,1,GIT1
all76,GO:BP,GO:0031943,regulation of glucocorticoid metabolic process,1.0,48,12,1,GIT1
all76,GO:BP,GO:0031929,TOR signaling,1.0,48,179,2,GIT1;U6
all76,GO:BP,GO:0031669,cellular response to nutrient levels,1.0,48,250,1,RP11-464F9.1
all76,GO:BP,GO:0031667,response to nutrient levels,1.0,48,475,2,RP11-464F9.1;U6
all76,GO:BP,GO:0031647,regulation of protein stability,1.0,48,385,1,NRBF2
all76,GO:BP,GO:0031640,killing of cells of another organism,1.0,48,79,1,FAM184A
all76,GO:BP,GO:0031589,cell-substrate adhesion,1.0,48,349,2,NRBF2;RP11-464F9.9
all76,GO:BP,GO:0031507,heterochromatin formation,1.0,48,162,1,BLOC1S2
all76,GO:BP,GO:0031401,positive regulation of protein modification process,1.0,48,450,1,ARG1
all76,GO:BP,GO:0032652,regulation of interleukin-1 production,1.0,48,110,1,KCNJ11
all76,GO:BP,GO:0032651,regulation of interleukin-1 beta production,1.0,48,93,1,KCNJ11
all76,GO:BP,GO:0032612,interleukin-1 production,1.0,48,110,1,KCNJ11
all76,GO:BP,GO:0032611,interleukin-1 beta production,1.0,48,93,1,KCNJ11
all76,GO:BP,GO:0032535,regulation of cellular component size,1.0,48,353,1,MED27
all76,GO:BP,GO:0032502,developmental process,1.0,48,6535,22,ARL13B;CHD4;DAGLB;DGKQ;DUSP13;KCNJ11;KRT8P46;LRIG1;MED23;MED27;NRBF2;NTAN1;PHBP9;RP1-159A19.4;RP11-464F9.1;SAP130;TSPAN14;U6;YTHDF2;ZBTB6;ZNF236;ZNF34
all76,GO:BP,GO:0032501,multicellular organismal process,1.0,48,7337,25,ARL13B;C6orf106;CHD4;DAGLB;DGKQ;DUSP13;FAM184A;GIT1;KCNJ11;KRT8P46;LRIG1;MED27;NRBF2;NTAN1;PARVA;PHBP9;RP1-159A19.4;RP11-464F9.1;SPDYE2;TSPAN14;U6;YTHDF2;ZBTB6;ZNF236;ZNF34
all76,GO:BP,GO:0032496,response to lipopolysaccharide,1.0,48,326,1,KCNJ11
all76,GO:BP,GO:0032474,otolith morphogenesis,1.0,48,5,1,LRIG1
all76,GO:BP,GO:0032465,regulation of cytokinesis,1.0,48,93,1,KCNJ11
all76,GO:BP,GO:0032446,protein modification by small protein conjugation,1.0,48,810,3,DCAF16;KDM5A;ZNF34
all76,GO:BP,GO:0032438,melanosome organization,1.0,48,39,1,MED27
all76,GO:BP,GO:0032418,lysosome localization,1.0,48,87,1,MED27
all76,GO:BP,GO:0032355,response to estradiol,1.0,48,100,1,DUSP13
all76,GO:BP,GO:0032350,regulation of hormone metabolic process,1.0,48,35,1,GIT1
all76,GO:BP,GO:0032273,positive regulation of protein polymerization,1.0,48,91,1,KCNJ11
all76,GO:BP,GO:0032922,circadian regulation of gene expression,1.0,48,67,2,BLOC1S2;DUSP13
all76,GO:BP,GO:0032915,positive regulation of transforming growth factor beta2 production,1.0,48,3,1,RP1-159A19.4
all76,GO:BP,GO:0032909,regulation of transforming growth factor beta2 production,1.0,48,8,1,RP1-159A19.4
all76,GO:BP,GO:0032906,transforming growth factor beta2 production,1.0,48,8,1,RP1-159A19.4
all76,GO:BP,GO:0032886,regulation of microtubule-based process,1.0,48,272,1,KCNJ11
all76,GO:BP,GO:0032880,regulation of protein localization,1.0,48,859,1,RP11-464F9.1
all76,GO:BP,GO:0032879,regulation of localization,1.0,48,1914,4,GIT1;KCNJ11;NTAN1;RP11-464F9.1
all76,GO:BP,GO:0032870,cellular response to hormone stimulus,1.0,48,677,2,CDC123;Metazoa_SRP
all76,GO:BP,GO:0032869,cellular response to insulin stimulus,1.0,48,252,2,CDC123;Metazoa_SRP
all76,GO:BP,GO:0032868,response to insulin,1.0,48,308,2,CDC123;Metazoa_SRP
all76,GO:BP,GO:0032787,monocarboxylic acid metabolic process,1.0,48,604,5,CDC123;KCNJ11;RP11-464F9.9;U6;ZNF236
all76,GO:BP,GO:0032786,"positive regulation of DNA-templated transcription, elongation",1.0,48,58,2,MAST4-AS1;ZBTB6
all76,GO:BP,GO:0032784,regulation of DNA-templated transcription elongation,1.0,48,99,2,MAST4-AS1;ZBTB6
all76,GO:BP,GO:0032774,RNA biosynthetic process,1.0,48,6627,19,BLOC1S2;CDC123;CHD4;DAGLB;DUSP13;GIT1;HERPUD2;HSD17B12;MAST4-AS1;MED27;NTAN1;PHBP9;RP1-159A19.4;SAP130;SNX16;SPDYE2;TSPAN14;YTHDF2;ZBTB6
all76,GO:BP,GO:0032692,negative regulation of interleukin-1 production,1.0,48,34,1,KCNJ11
all76,GO:BP,GO:0032691,negative regulation of interleukin-1 beta production,1.0,48,28,1,KCNJ11
all76,GO:BP,GO:0033189,response to vitamin A,1.0,48,16,1,U6
all76,GO:BP,GO:0033122,negative regulation of purine nucleotide catabolic process,1.0,48,19,1,KCNJ11
all76,GO:BP,GO:0033121,regulation of purine nucleotide catabolic process,1.0,48,55,1,KCNJ11
all76,GO:BP,GO:0033059,cellular pigmentation,1.0,48,64,1,MED27
all76,GO:BP,GO:0033043,regulation of organelle organization,1.0,48,1167,1,KCNJ11
all76,GO:BP,GO:0033036,macromolecule localization,1.0,48,2876,8,AC002116.7;ARL13B;NTAN1;PTPRN;RP11-464F9.1;RP4-756G23.5;TSPAN14;U6
all76,GO:BP,GO:0033028,myeloid cell apoptotic process,1.0,48,38,1,U6
all76,GO:BP,GO:0033014,tetrapyrrole biosynthetic process,1.0,48,35,1,RP11-98D18.9
all76,GO:BP,GO:0033013,tetrapyrrole metabolic process,1.0,48,64,1,RP11-98D18.9
all76,GO:BP,GO:0033002,muscle cell proliferation,1.0,48,190,1,RP1-159A19.4
all76,GO:BP,GO:0032968,positive regulation of transcription elongation by RNA polymerase II,1.0,48,50,2,MAST4-AS1;ZBTB6
all76,GO:BP,GO:0032945,negative regulation of mononuclear cell proliferation,1.0,48,91,1,FAM184A
all76,GO:BP,GO:0032944,regulation of mononuclear cell proliferation,1.0,48,243,1,FAM184A
all76,GO:BP,GO:0032943,mononuclear cell proliferation,1.0,48,302,3,FAM184A;U6;ZNF34
all76,GO:BP,GO:0032940,secretion by cell,1.0,48,835,3,KCNJ11;NTAN1;RP11-464F9.1
all76,GO:BP,GO:0032924,activin receptor signaling pathway,1.0,48,54,1,RP1-159A19.4
all76,GO:BP,GO:0034284,response to monosaccharide,1.0,48,202,3,DGKQ;HSD17B12;NTAN1
all76,GO:BP,GO:0034243,regulation of transcription elongation by RNA polymerase II,1.0,48,87,2,MAST4-AS1;ZBTB6
all76,GO:BP,GO:0034220,monoatomic ion transmembrane transport,1.0,48,1025,1,RP11-464F9.1
all76,GO:BP,GO:0034113,heterotypic cell-cell adhesion,1.0,48,61,1,NRBF2
all76,GO:BP,GO:0034097,response to cytokine,1.0,48,979,2,FAM184A;YTHDF2
all76,GO:BP,GO:0034063,stress granule assembly,1.0,48,34,1,YTHDF2
all76,GO:BP,GO:0033993,response to lipid,1.0,48,880,4,DUSP13;GIT1;KCNJ11;U6
all76,GO:BP,GO:0033674,positive regulation of kinase activity,1.0,48,204,1,ARG1
all76,GO:BP,GO:0033559,unsaturated fatty acid metabolic process,1.0,48,111,1,ZNF236
all76,GO:BP,GO:0033554,cellular response to stress,1.0,48,1856,5,MED23;PHBP9;PTPRN;RC3H2;RP1-159A19.4
all76,GO:BP,GO:0033500,carbohydrate homeostasis,1.0,48,258,2,HSD17B12;NTAN1
all76,GO:BP,GO:0033365,protein localization to organelle,1.0,48,887,2,AC002116.7;ARL13B
all76,GO:BP,GO:0033363,secretory granule organization,1.0,48,74,2,MED27;NTAN1
all76,GO:BP,GO:0033344,cholesterol efflux,1.0,48,57,1,U6
all76,GO:BP,GO:0033273,response to vitamin,1.0,48,81,1,U6
all76,GO:BP,GO:0033198,response to ATP,1.0,48,32,1,RP11-464F9.1
all76,GO:BP,GO:0034765,regulation of monoatomic ion transmembrane transport,1.0,48,292,1,RP11-464F9.1
all76,GO:BP,GO:0034762,regulation of transmembrane transport,1.0,48,410,1,RP11-464F9.1
all76,GO:BP,GO:0034655,nucleobase-containing compound catabolic process,1.0,48,526,5,KCNJ11;SNX16;U6;YTHDF2;ZNF34
all76,GO:BP,GO:0034654,nucleobase-containing compound biosynthetic process,1.0,48,7035,21,BLOC1S2;CDC123;CHD4;DAGLB;DUSP13;GIT1;HERPUD2;HSD17B12;MAST4-AS1;MED27;NTAN1;PHBP9;RP1-159A19.4;RP11-464F9.9;SAP130;SNX16;SPDYE2;TSPAN14;U6;YTHDF2;ZBTB6
all76,GO:BP,GO:0034651,cortisol biosynthetic process,1.0,48,10,1,GIT1
all76,GO:BP,GO:0034650,cortisol metabolic process,1.0,48,12,1,GIT1
all76,GO:BP,GO:0034620,cellular response to unfolded protein,1.0,48,100,1,MED23
all76,GO:BP,GO:0034446,substrate adhesion-dependent cell spreading,1.0,48,100,1,NRBF2
all76,GO:BP,GO:0034383,low-density lipoprotein particle clearance,1.0,48,27,1,U6
all76,GO:BP,GO:0034381,plasma lipoprotein particle clearance,1.0,48,40,1,U6
all76,GO:BP,GO:0034341,response to type II interferon,1.0,48,124,1,FAM184A
all76,GO:BP,GO:0034340,response to type I interferon,1.0,48,92,1,YTHDF2
all76,GO:BP,GO:0034330,cell junction organization,1.0,48,829,1,PHBP9
all76,GO:BP,GO:0034329,cell junction assembly,1.0,48,509,1,PHBP9
all76,GO:BP,GO:0034309,primary alcohol biosynthetic process,1.0,48,14,1,GIT1
all76,GO:BP,GO:0034308,primary alcohol metabolic process,1.0,48,103,1,GIT1
all76,GO:BP,GO:0035336,long-chain fatty-acyl-CoA metabolic process,1.0,48,25,1,RP11-464F9.9
all76,GO:BP,GO:0035295,tube development,1.0,48,1094,6,ARL13B;KRT8P46;NRBF2;RP1-159A19.4;U6;ZNF34
all76,GO:BP,GO:0035282,segmentation,1.0,48,104,1,RP1-159A19.4
all76,GO:BP,GO:0035270,endocrine system development,1.0,48,136,1,RP1-159A19.4
all76,GO:BP,GO:0035265,organ growth,1.0,48,160,1,RP1-159A19.4
all76,GO:BP,GO:0035264,multicellular organism growth,1.0,48,170,1,ZNF34
all76,GO:BP,GO:0035239,tube morphogenesis,1.0,48,877,3,ARL13B;NRBF2;RP1-159A19.4
all76,GO:BP,GO:0035162,embryonic hemopoiesis,1.0,48,24,1,TSPAN14
all76,GO:BP,GO:0035137,hindlimb morphogenesis,1.0,48,35,1,RP1-159A19.4
all76,GO:BP,GO:0035113,embryonic appendage morphogenesis,1.0,48,125,1,RP1-159A19.4
all76,GO:BP,GO:0035108,limb morphogenesis,1.0,48,153,1,RP1-159A19.4
all76,GO:BP,GO:0035107,appendage morphogenesis,1.0,48,153,1,RP1-159A19.4
all76,GO:BP,GO:0035051,cardiocyte differentiation,1.0,48,147,1,RP1-159A19.4
all76,GO:BP,GO:0035050,embryonic heart tube development,1.0,48,85,1,ARL13B
all76,GO:BP,GO:0035019,somatic stem cell population maintenance,1.0,48,66,2,RP1-159A19.4;ZBTB6
all76,GO:BP,GO:0034976,response to endoplasmic reticulum stress,1.0,48,274,2,MED23;RC3H2
all76,GO:BP,GO:0035909,aorta morphogenesis,1.0,48,34,1,RP1-159A19.4
all76,GO:BP,GO:0035907,dorsal aorta development,1.0,48,10,1,RP1-159A19.4
all76,GO:BP,GO:0035904,aorta development,1.0,48,64,1,RP1-159A19.4
all76,GO:BP,GO:0035825,homologous recombination,1.0,48,67,1,PTPRN
all76,GO:BP,GO:0035821,modulation of process of another organism,1.0,48,118,1,FAM184A
all76,GO:BP,GO:0035794,positive regulation of mitochondrial membrane permeability,1.0,48,42,1,MED27
all76,GO:BP,GO:0035773,insulin secretion involved in cellular response to glucose stimulus,1.0,48,71,1,NTAN1
all76,GO:BP,GO:0035745,T-helper 2 cell cytokine production,1.0,48,13,1,FAM184A
all76,GO:BP,GO:0035743,"CD4-positive, alpha-beta T cell cytokine production",1.0,48,19,1,FAM184A
all76,GO:BP,GO:0035726,common myeloid progenitor cell proliferation,1.0,48,9,1,U6
all76,GO:BP,GO:0035710,"CD4-positive, alpha-beta T cell activation",1.0,48,131,1,ZNF34
all76,GO:BP,GO:0035634,response to stilbenoid,1.0,48,7,1,RP11-464F9.1
all76,GO:BP,GO:0035592,establishment of protein localization to extracellular region,1.0,48,367,2,NTAN1;RP11-464F9.1
all76,GO:BP,GO:0035556,intracellular signal transduction,1.0,48,2963,9,GIT1;KCNJ11;KRT8P46;MED23;Metazoa_SRP;RP1-159A19.4;RP11-464F9.1;U6;ZNF34
all76,GO:BP,GO:0035338,long-chain fatty-acyl-CoA biosynthetic process,1.0,48,19,1,RP11-464F9.9
all76,GO:BP,GO:0035337,fatty-acyl-CoA metabolic process,1.0,48,41,1,RP11-464F9.9
all76,GO:BP,GO:0040017,positive regulation of locomotion,1.0,48,586,3,KRT8P46;MAST4-AS1;SAP130
all76,GO:BP,GO:0040013,negative regulation of locomotion,1.0,48,325,2,CHD4;RP1-159A19.4
all76,GO:BP,GO:0040012,regulation of locomotion,1.0,48,1046,5,CHD4;KRT8P46;MAST4-AS1;RP1-159A19.4;SAP130
all76,GO:BP,GO:0040011,locomotion,1.0,48,1236,6,CHD4;KRT8P46;MAST4-AS1;NRBF2;RP1-159A19.4;SAP130
all76,GO:BP,GO:0040008,regulation of growth,1.0,48,590,1,RP1-159A19.4
all76,GO:BP,GO:0040007,growth,1.0,48,920,2,RP1-159A19.4;ZNF34
all76,GO:BP,GO:0038202,TORC1 signaling,1.0,48,113,1,GIT1
all76,GO:BP,GO:0038127,ERBB signaling pathway,1.0,48,179,1,GIT1
all76,GO:BP,GO:0038061,non-canonical NF-kappaB signal transduction,1.0,48,121,1,ZNF34
all76,GO:BP,GO:0036465,synaptic vesicle recycling,1.0,48,82,2,GIT1;KCNJ11
all76,GO:BP,GO:0036293,response to decreased oxygen levels,1.0,48,290,1,RP11-464F9.1
all76,GO:BP,GO:0036211,protein modification process,1.0,48,2360,8,ARG1;DCAF16;KDM5A;Metazoa_SRP;NTAN1;RP1-159A19.4;RP11-98D18.9;ZNF34
all76,GO:BP,GO:0036072,direct ossification,1.0,48,6,1,KCNJ11
all76,GO:BP,GO:0035967,cellular response to topologically incorrect protein,1.0,48,115,1,MED23
all76,GO:BP,GO:0035966,response to topologically incorrect protein,1.0,48,162,1,MED23
all76,GO:BP,GO:0035912,dorsal aorta morphogenesis,1.0,48,8,1,RP1-159A19.4
all76,GO:BP,GO:0042221,response to chemical,1.0,48,3863,14,CDC123;DGKQ;DUSP13;FAM184A;GIT1;HSD17B12;KCNJ11;KRT8P46;Metazoa_SRP;NRBF2;NTAN1;RP11-464F9.1;U6;YTHDF2
all76,GO:BP,GO:0042181,ketone biosynthetic process,1.0,48,50,1,GIT1
all76,GO:BP,GO:0042180,ketone metabolic process,1.0,48,205,1,GIT1
all76,GO:BP,GO:0042168,heme metabolic process,1.0,48,47,1,RP11-98D18.9
all76,GO:BP,GO:0042159,lipoprotein catabolic process,1.0,48,15,1,U6
all76,GO:BP,GO:0042157,lipoprotein metabolic process,1.0,48,87,1,U6
all76,GO:BP,GO:0042130,negative regulation of T cell proliferation,1.0,48,74,1,FAM184A
all76,GO:BP,GO:0042129,regulation of T cell proliferation,1.0,48,182,1,FAM184A
all76,GO:BP,GO:0042127,regulation of cell population proliferation,1.0,48,1639,6,FAM184A;KRT8P46;MED27;NTAN1;RP1-159A19.4;SAP130
all76,GO:BP,GO:0042110,T cell activation,1.0,48,581,4,C6orf106;FAM184A;U6;ZNF34
all76,GO:BP,GO:0042098,T cell proliferation,1.0,48,214,3,FAM184A;U6;ZNF34
all76,GO:BP,GO:0042093,T-helper cell differentiation,1.0,48,85,1,ZNF34
all76,GO:BP,GO:0042092,type 2 immune response,1.0,48,44,1,FAM184A
all76,GO:BP,GO:0042063,gliogenesis,1.0,48,331,1,DGKQ
all76,GO:BP,GO:0042060,wound healing,1.0,48,439,1,GIT1
all76,GO:BP,GO:0040029,epigenetic regulation of gene expression,1.0,48,297,1,BLOC1S2
all76,GO:BP,GO:0042592,homeostatic process,1.0,48,1677,6,HSD17B12;KCNJ11;KRT8P46;NTAN1;U6;ZNF34
all76,GO:BP,GO:0042552,myelination,1.0,48,152,1,DGKQ
all76,GO:BP,GO:0042476,odontogenesis,1.0,48,130,1,RP1-159A19.4
all76,GO:BP,GO:0042475,odontogenesis of dentin-containing tooth,1.0,48,89,1,RP1-159A19.4
all76,GO:BP,GO:0042472,inner ear morphogenesis,1.0,48,113,1,LRIG1
all76,GO:BP,GO:0042471,ear morphogenesis,1.0,48,134,1,LRIG1
all76,GO:BP,GO:0042448,progesterone metabolic process,1.0,48,17,1,GIT1
all76,GO:BP,GO:0042446,hormone biosynthetic process,1.0,48,65,2,GIT1;RP11-464F9.9
all76,GO:BP,GO:0042445,hormone metabolic process,1.0,48,241,2,GIT1;RP11-464F9.9
all76,GO:BP,GO:0042440,pigment metabolic process,1.0,48,81,1,RP11-98D18.9
all76,GO:BP,GO:0042391,regulation of membrane potential,1.0,48,443,2,RP11-464F9.1;U6
all76,GO:BP,GO:0042330,taxis,1.0,48,458,1,NRBF2
all76,GO:BP,GO:0042327,positive regulation of phosphorylation,1.0,48,335,1,ARG1
all76,GO:BP,GO:0042325,regulation of phosphorylation,1.0,48,560,1,ARG1
all76,GO:BP,GO:0042303,molting cycle,1.0,48,123,1,LRIG1
all76,GO:BP,GO:0042254,ribosome biogenesis,1.0,48,316,1,YTHDF2
all76,GO:BP,GO:0043068,positive regulation of programmed cell death,1.0,48,527,2,FAM184A;SAP130
all76,GO:BP,GO:0043067,regulation of programmed cell death,1.0,48,1467,2,FAM184A;SAP130
all76,GO:BP,GO:0043066,negative regulation of apoptotic process,1.0,48,856,1,SAP130
all76,GO:BP,GO:0043065,positive regulation of apoptotic process,1.0,48,512,1,SAP130
all76,GO:BP,GO:0043062,extracellular structure organization,1.0,48,308,2,LRRC41;RP11-464F9.9
all76,GO:BP,GO:0043029,T cell homeostasis,1.0,48,48,1,ZNF34
all76,GO:BP,GO:0043009,chordate embryonic development,1.0,48,669,2,ARL13B;RP1-159A19.4
all76,GO:BP,GO:0042981,regulation of apoptotic process,1.0,48,1426,1,SAP130
all76,GO:BP,GO:0042832,defense response to protozoan,1.0,48,27,1,FAM184A
all76,GO:BP,GO:0042733,embryonic digit morphogenesis,1.0,48,62,1,RP1-159A19.4
all76,GO:BP,GO:0042698,ovulation cycle,1.0,48,66,2,DUSP13;NTAN1
all76,GO:BP,GO:0042692,muscle cell differentiation,1.0,48,388,1,RP1-159A19.4
all76,GO:BP,GO:0042661,regulation of mesodermal cell fate specification,1.0,48,6,1,RP1-159A19.4
all76,GO:BP,GO:0042659,regulation of cell fate specification,1.0,48,23,2,PHBP9;RP1-159A19.4
all76,GO:BP,GO:0042633,hair cycle,1.0,48,123,1,LRIG1
all76,GO:BP,GO:0042593,glucose homeostasis,1.0,48,254,2,HSD17B12;NTAN1
all76,GO:BP,GO:0043434,response to peptide hormone,1.0,48,457,3,CDC123;DGKQ;Metazoa_SRP
all76,GO:BP,GO:0043412,macromolecule modification,1.0,48,2547,8,ARG1;DCAF16;KDM5A;Metazoa_SRP;NTAN1;RP1-159A19.4;RP11-98D18.9;ZNF34
all76,GO:BP,GO:0043410,positive regulation of MAPK cascade,1.0,48,450,1,KRT8P46
all76,GO:BP,GO:0043408,regulation of MAPK cascade,1.0,48,638,1,KRT8P46
all76,GO:BP,GO:0043371,"negative regulation of CD4-positive, alpha-beta T cell differentiation",1.0,48,25,1,ZNF34
all76,GO:BP,GO:0043370,"regulation of CD4-positive, alpha-beta T cell differentiation",1.0,48,60,1,ZNF34
all76,GO:BP,GO:0043367,"CD4-positive, alpha-beta T cell differentiation",1.0,48,105,1,ZNF34
all76,GO:BP,GO:0043269,regulation of monoatomic ion transport,1.0,48,421,1,RP11-464F9.1
all76,GO:BP,GO:0043255,regulation of carbohydrate biosynthetic process,1.0,48,95,1,GIT1
all76,GO:BP,GO:0043254,regulation of protein-containing complex assembly,1.0,48,422,1,KCNJ11
all76,GO:BP,GO:0043207,response to external biotic stimulus,1.0,48,1613,3,FAM184A;KCNJ11;YTHDF2
all76,GO:BP,GO:0043200,response to amino acid,1.0,48,116,1,KRT8P46
all76,GO:BP,GO:0043170,macromolecule metabolic process,1.0,48,11942,35,AC002116.7;ARG1;BLOC1S2;CDC123;CHD4;CTD-2037K23.2;DAGLB;DCAF16;DGKQ;DUSP13;FAM184A;GIT1;HERPUD2;HSD17B12;KCNJ11;KDM5A;MAST4-AS1;MED27;Metazoa_SRP;NTAN1;PARVA;PHBP9;PTPRN;RP1-159A19.4;RP11-98D18.9;RP4-756G23.5;SAP130;SNX16;SPDYE2;THAP8;TSPAN14;U6;YTHDF2;ZBTB6;ZNF34
all76,GO:BP,GO:0043112,receptor metabolic process,1.0,48,75,1,AC002116.7
all76,GO:BP,GO:0043085,positive regulation of catalytic activity,1.0,48,452,1,ARG1
all76,GO:BP,GO:0043069,negative regulation of programmed cell death,1.0,48,887,1,SAP130
all76,GO:BP,GO:0044089,positive regulation of cellular component biogenesis,1.0,48,497,1,KCNJ11
all76,GO:BP,GO:0044087,regulation of cellular component biogenesis,1.0,48,1006,2,KCNJ11;PHBP9
all76,GO:BP,GO:0044085,cellular component biogenesis,1.0,48,5090,13,ARL13B;BLOC1S2;BMPR1A;C6orf106;KCNJ11;MAST4-AS1;MED27;NRBF2;PHBP9;PTPRN;THAP8;YTHDF2;ZBTB6
all76,GO:BP,GO:0043933,protein-containing complex organization,1.0,48,3412,6,C6orf106;KCNJ11;MAST4-AS1;MED27;THAP8;ZBTB6
all76,GO:BP,GO:0043903,regulation of biological process involved in symbiotic interaction,1.0,48,38,1,FAM184A
all76,GO:BP,GO:0043687,post-translational protein modification,1.0,48,977,3,DCAF16;KDM5A;ZNF34
all76,GO:BP,GO:0043632,modification-dependent macromolecule catabolic process,1.0,48,696,2,PARVA;ZNF34
all76,GO:BP,GO:0043583,ear development,1.0,48,236,1,LRIG1
all76,GO:BP,GO:0043549,regulation of kinase activity,1.0,48,353,1,ARG1
all76,GO:BP,GO:0043491,phosphatidylinositol 3-kinase/protein kinase B signal transduction,1.0,48,306,1,KRT8P46
all76,GO:BP,GO:0043488,regulation of mRNA stability,1.0,48,176,3,SNX16;YTHDF2;ZNF34
all76,GO:BP,GO:0043487,regulation of RNA stability,1.0,48,189,3,SNX16;YTHDF2;ZNF34
all76,GO:BP,GO:0043473,pigmentation,1.0,48,114,1,MED27
all76,GO:BP,GO:0043470,regulation of carbohydrate catabolic process,1.0,48,64,1,KCNJ11
all76,GO:BP,GO:0043467,regulation of generation of precursor metabolites and energy,1.0,48,134,1,KCNJ11
all76,GO:BP,GO:0043436,oxoacid metabolic process,1.0,48,885,6,CDC123;FAM184A;KCNJ11;RP11-464F9.9;U6;ZNF236
all76,GO:BP,GO:0045088,regulation of innate immune response,1.0,48,470,2,FAM184A;YTHDF2
all76,GO:BP,GO:0045087,innate immune response,1.0,48,1018,2,FAM184A;YTHDF2
all76,GO:BP,GO:0045055,regulated exocytosis,1.0,48,227,1,KCNJ11
all76,GO:BP,GO:0045022,early endosome to late endosome transport,1.0,48,40,1,AC002116.7
all76,GO:BP,GO:0045017,glycerolipid biosynthetic process,1.0,48,236,4,CDC123;CTD-2037K23.2;GIT1;ZNF236
all76,GO:BP,GO:0044782,cilium organization,1.0,48,437,2,ARL13B;NRBF2
all76,GO:BP,GO:0044528,regulation of mitochondrial mRNA stability,1.0,48,7,1,SNX16
all76,GO:BP,GO:0044419,biological process involved in interspecies interaction between organisms,1.0,48,1777,3,FAM184A;KCNJ11;YTHDF2
all76,GO:BP,GO:0044403,biological process involved in symbiotic interaction,1.0,48,190,1,FAM184A
all76,GO:BP,GO:0044342,type B pancreatic cell proliferation,1.0,48,29,1,NTAN1
all76,GO:BP,GO:0044283,small molecule biosynthetic process,1.0,48,580,4,GIT1;RP11-464F9.9;U6;ZNF236
all76,GO:BP,GO:0044282,small molecule catabolic process,1.0,48,350,2,CDC123;FAM184A
all76,GO:BP,GO:0044281,small molecule metabolic process,1.0,48,1694,8,CDC123;FAM184A;GIT1;KCNJ11;RP11-464F9.1;RP11-464F9.9;U6;ZNF236
all76,GO:BP,GO:0044272,sulfur compound biosynthetic process,1.0,48,108,1,RP11-464F9.9
all76,GO:BP,GO:0044238,primary metabolic process,1.0,48,12170,37,ARG1;BLOC1S2;CDC123;CHD4;CTD-2037K23.2;DAGLB;DCAF16;DGKQ;DUSP13;FAM184A;GIT1;HERPUD2;HSD17B12;KCNJ11;KDM5A;MAST4-AS1;MED27;Metazoa_SRP;NTAN1;PARVA;PHBP9;PTPRN;RP1-159A19.4;RP11-464F9.1;RP11-464F9.9;RP11-98D18.9;RP4-756G23.5;SAP130;SNX16;SPDYE2;THAP8;TSPAN14;U6;YTHDF2;ZBTB6;ZNF236;ZNF34
all76,GO:BP,GO:0044093,positive regulation of molecular function,1.0,48,590,1,ARG1
all76,GO:BP,GO:0045596,negative regulation of cell differentiation,1.0,48,665,3,RP1-159A19.4;YTHDF2;ZNF34
all76,GO:BP,GO:0045595,regulation of cell differentiation,1.0,48,1549,5,PHBP9;RP1-159A19.4;SAP130;YTHDF2;ZNF34
all76,GO:BP,GO:0045581,negative regulation of T cell differentiation,1.0,48,52,1,ZNF34
all76,GO:BP,GO:0045580,regulation of T cell differentiation,1.0,48,188,1,ZNF34
all76,GO:BP,GO:0045472,response to ether,1.0,48,17,1,U6
all76,GO:BP,GO:0045454,cell redox homeostasis,1.0,48,41,1,KCNJ11
all76,GO:BP,GO:0045446,endothelial cell differentiation,1.0,48,112,1,U6
all76,GO:BP,GO:0045333,cellular respiration,1.0,48,332,2,KCNJ11;U6
all76,GO:BP,GO:0045321,leukocyte activation,1.0,48,975,4,C6orf106;FAM184A;U6;ZNF34
all76,GO:BP,GO:0045229,external encapsulating structure organization,1.0,48,309,2,LRRC41;RP11-464F9.9
all76,GO:BP,GO:0045184,establishment of protein localization,1.0,48,1869,3,AC002116.7;NTAN1;RP11-464F9.1
all76,GO:BP,GO:0045165,cell fate commitment,1.0,48,297,2,PHBP9;RP1-159A19.4
all76,GO:BP,GO:0045143,homologous chromosome segregation,1.0,48,67,1,PTPRN
all76,GO:BP,GO:0045137,development of primary sexual characteristics,1.0,48,232,3,DGKQ;DUSP13;NTAN1
all76,GO:BP,GO:0045132,meiotic chromosome segregation,1.0,48,96,1,PTPRN
all76,GO:BP,GO:0045123,cellular extravasation,1.0,48,74,1,MAST4-AS1
all76,GO:BP,GO:0045814,"negative regulation of gene expression, epigenetic",1.0,48,195,1,BLOC1S2
all76,GO:BP,GO:0045787,positive regulation of cell cycle,1.0,48,349,1,ARG1
all76,GO:BP,GO:0045785,positive regulation of cell adhesion,1.0,48,483,2,C6orf106;RP11-464F9.9
all76,GO:BP,GO:0045778,positive regulation of ossification,1.0,48,54,1,RP1-159A19.4
all76,GO:BP,GO:0045747,positive regulation of Notch signaling pathway,1.0,48,48,1,RP4-756G23.5
all76,GO:BP,GO:0045746,negative regulation of Notch signaling pathway,1.0,48,40,1,YTHDF2
all76,GO:BP,GO:0045737,positive regulation of cyclin-dependent protein serine/threonine kinase activity,1.0,48,28,1,ARG1
all76,GO:BP,GO:0045730,respiratory burst,1.0,48,38,1,U6
all76,GO:BP,GO:0045727,positive regulation of translation,1.0,48,134,1,YTHDF2
all76,GO:BP,GO:0045669,positive regulation of osteoblast differentiation,1.0,48,72,1,RP1-159A19.4
all76,GO:BP,GO:0045667,regulation of osteoblast differentiation,1.0,48,134,1,RP1-159A19.4
all76,GO:BP,GO:0045623,negative regulation of T-helper cell differentiation,1.0,48,21,1,ZNF34
all76,GO:BP,GO:0045622,regulation of T-helper cell differentiation,1.0,48,48,1,ZNF34
all76,GO:BP,GO:0045620,negative regulation of lymphocyte differentiation,1.0,48,59,1,ZNF34
all76,GO:BP,GO:0045619,regulation of lymphocyte differentiation,1.0,48,218,1,ZNF34
all76,GO:BP,GO:0045597,positive regulation of cell differentiation,1.0,48,852,2,RP1-159A19.4;SAP130
all76,GO:BP,GO:0046006,regulation of activated T cell proliferation,1.0,48,42,1,FAM184A
all76,GO:BP,GO:0045980,negative regulation of nucleotide metabolic process,1.0,48,28,1,KCNJ11
all76,GO:BP,GO:0045948,positive regulation of translational initiation,1.0,48,30,1,YTHDF2
all76,GO:BP,GO:0045944,positive regulation of transcription by RNA polymerase II,1.0,48,1237,7,CDC123;DUSP13;MAST4-AS1;NTAN1;RP1-159A19.4;SAP130;ZBTB6
all76,GO:BP,GO:0045937,positive regulation of phosphate metabolic process,1.0,48,395,1,ARG1
all76,GO:BP,GO:0045936,negative regulation of phosphate metabolic process,1.0,48,210,1,KCNJ11
all76,GO:BP,GO:0045934,negative regulation of nucleobase-containing compound metabolic process,1.0,48,1510,7,BLOC1S2;CHD4;DUSP13;KCNJ11;PHBP9;SAP130;SPDYE2
all76,GO:BP,GO:0045927,positive regulation of growth,1.0,48,242,1,RP1-159A19.4
all76,GO:BP,GO:0045912,negative regulation of carbohydrate metabolic process,1.0,48,52,1,KCNJ11
all76,GO:BP,GO:0045893,positive regulation of DNA-templated transcription,1.0,48,1672,10,BLOC1S2;CDC123;DUSP13;MAST4-AS1;MED27;NTAN1;PHBP9;RP1-159A19.4;SAP130;ZBTB6
all76,GO:BP,GO:0045892,negative regulation of DNA-templated transcription,1.0,48,1275,6,BLOC1S2;CHD4;DUSP13;PHBP9;SAP130;SPDYE2
all76,GO:BP,GO:0045860,positive regulation of protein kinase activity,1.0,48,194,1,ARG1
all76,GO:BP,GO:0045859,regulation of protein kinase activity,1.0,48,330,1,ARG1
all76,GO:BP,GO:0045834,positive regulation of lipid metabolic process,1.0,48,127,1,ZNF236
all76,GO:BP,GO:0045824,negative regulation of innate immune response,1.0,48,94,2,FAM184A;YTHDF2
all76,GO:BP,GO:0045820,negative regulation of glycolytic process,1.0,48,19,1,KCNJ11
all76,GO:BP,GO:0046460,neutral lipid biosynthetic process,1.0,48,48,2,CDC123;ZNF236
all76,GO:BP,GO:0046457,prostanoid biosynthetic process,1.0,48,30,1,ZNF236
all76,GO:BP,GO:0046456,icosanoid biosynthetic process,1.0,48,57,1,ZNF236
all76,GO:BP,GO:0046434,organophosphate catabolic process,1.0,48,246,2,KCNJ11;U6
all76,GO:BP,GO:0046395,carboxylic acid catabolic process,1.0,48,233,2,CDC123;FAM184A
all76,GO:BP,GO:0046394,carboxylic acid biosynthetic process,1.0,48,310,2,RP11-464F9.9;ZNF236
all76,GO:BP,GO:0046390,ribose phosphate biosynthetic process,1.0,48,180,1,U6
all76,GO:BP,GO:0046364,monosaccharide biosynthetic process,1.0,48,89,1,GIT1
all76,GO:BP,GO:0046340,diacylglycerol catabolic process,1.0,48,6,1,ZNF236
all76,GO:BP,GO:0046339,diacylglycerol metabolic process,1.0,48,26,2,GIT1;ZNF236
all76,GO:BP,GO:0046165,alcohol biosynthetic process,1.0,48,139,2,GIT1;U6
all76,GO:BP,GO:0046148,pigment biosynthetic process,1.0,48,57,1,RP11-98D18.9
all76,GO:BP,GO:0046034,ATP metabolic process,1.0,48,233,2,KCNJ11;U6
all76,GO:BP,GO:0046032,ADP catabolic process,1.0,48,100,2,KCNJ11;U6
all76,GO:BP,GO:0046031,ADP metabolic process,1.0,48,107,2,KCNJ11;U6
all76,GO:BP,GO:0046007,negative regulation of activated T cell proliferation,1.0,48,15,1,FAM184A
all76,GO:BP,GO:0046631,alpha-beta T cell activation,1.0,48,196,1,ZNF34
all76,GO:BP,GO:0046626,regulation of insulin receptor signaling pathway,1.0,48,69,1,Metazoa_SRP
all76,GO:BP,GO:0046622,positive regulation of organ growth,1.0,48,44,1,RP1-159A19.4
all76,GO:BP,GO:0046620,regulation of organ growth,1.0,48,87,1,RP1-159A19.4
all76,GO:BP,GO:0046545,development of primary female sexual characteristics,1.0,48,109,3,DGKQ;DUSP13;NTAN1
all76,GO:BP,GO:0046503,glycerolipid catabolic process,1.0,48,67,1,ZNF236
all76,GO:BP,GO:0046501,protoporphyrinogen IX metabolic process,1.0,48,12,1,RP11-98D18.9
all76,GO:BP,GO:0046496,nicotinamide nucleotide metabolic process,1.0,48,165,2,KCNJ11;U6
all76,GO:BP,GO:0046488,phosphatidylinositol metabolic process,1.0,48,151,1,CTD-2037K23.2
all76,GO:BP,GO:0046486,glycerolipid metabolic process,1.0,48,386,5,CDC123;CTD-2037K23.2;GIT1;U6;ZNF236
all76,GO:BP,GO:0046474,glycerophospholipid biosynthetic process,1.0,48,196,2,CTD-2037K23.2;GIT1
all76,GO:BP,GO:0046473,phosphatidic acid metabolic process,1.0,48,38,1,GIT1
all76,GO:BP,GO:0046464,acylglycerol catabolic process,1.0,48,40,1,ZNF236
all76,GO:BP,GO:0046463,acylglycerol biosynthetic process,1.0,48,48,2,CDC123;ZNF236
all76,GO:BP,GO:0046462,monoacylglycerol metabolic process,1.0,48,16,1,ZNF236
all76,GO:BP,GO:0046461,neutral lipid catabolic process,1.0,48,40,1,ZNF236
all76,GO:BP,GO:0046883,regulation of hormone secretion,1.0,48,262,1,RP11-464F9.1
all76,GO:BP,GO:0046879,hormone secretion,1.0,48,319,2,NTAN1;RP11-464F9.1
all76,GO:BP,GO:0046834,lipid phosphorylation,1.0,48,10,1,GIT1
all76,GO:BP,GO:0046785,microtubule polymerization,1.0,48,101,2,KCNJ11;MED27
all76,GO:BP,GO:0046777,protein autophosphorylation,1.0,48,157,1,Metazoa_SRP
all76,GO:BP,GO:0046683,response to organophosphorus,1.0,48,118,2,GIT1;RP11-464F9.1
all76,GO:BP,GO:0046676,negative regulation of insulin secretion,1.0,48,43,1,RP11-464F9.1
all76,GO:BP,GO:0046661,male sex differentiation,1.0,48,164,1,RP1-159A19.4
all76,GO:BP,GO:0046660,female sex differentiation,1.0,48,129,3,DGKQ;DUSP13;NTAN1
all76,GO:BP,GO:0046651,lymphocyte proliferation,1.0,48,295,3,FAM184A;U6;ZNF34
all76,GO:BP,GO:0046649,lymphocyte activation,1.0,48,811,4,C6orf106;FAM184A;U6;ZNF34
all76,GO:BP,GO:0046639,negative regulation of alpha-beta T cell differentiation,1.0,48,30,1,ZNF34
all76,GO:BP,GO:0046637,regulation of alpha-beta T cell differentiation,1.0,48,78,1,ZNF34
all76,GO:BP,GO:0046636,negative regulation of alpha-beta T cell activation,1.0,48,49,1,ZNF34
all76,GO:BP,GO:0046634,regulation of alpha-beta T cell activation,1.0,48,120,1,ZNF34
all76,GO:BP,GO:0046632,alpha-beta T cell differentiation,1.0,48,137,1,ZNF34
all76,GO:BP,GO:0048232,male gamete generation,1.0,48,670,3,MED23;PTPRN;YTHDF2
all76,GO:BP,GO:0048146,positive regulation of fibroblast proliferation,1.0,48,52,1,KRT8P46
all76,GO:BP,GO:0048145,regulation of fibroblast proliferation,1.0,48,88,1,KRT8P46
all76,GO:BP,GO:0048144,fibroblast proliferation,1.0,48,107,1,KRT8P46
all76,GO:BP,GO:0048034,heme O biosynthetic process,1.0,48,9,1,RP11-98D18.9
all76,GO:BP,GO:0048013,ephrin receptor signaling pathway,1.0,48,87,1,KCNJ11
all76,GO:BP,GO:0048008,platelet-derived growth factor receptor signaling pathway,1.0,48,107,1,KRT8P46
all76,GO:BP,GO:0047496,vesicle transport along microtubule,1.0,48,47,1,MED27
all76,GO:BP,GO:0046949,fatty-acyl-CoA biosynthetic process,1.0,48,28,1,RP11-464F9.9
all76,GO:BP,GO:0046928,regulation of neurotransmitter secretion,1.0,48,86,1,KCNJ11
all76,GO:BP,GO:0046907,intracellular transport,1.0,48,1375,4,AC002116.7;MED27;TSPAN14;U6
all76,GO:BP,GO:0046903,secretion,1.0,48,971,3,KCNJ11;NTAN1;RP11-464F9.1
all76,GO:BP,GO:0046902,regulation of mitochondrial membrane permeability,1.0,48,53,1,MED27
all76,GO:BP,GO:0046890,regulation of lipid biosynthetic process,1.0,48,181,1,GIT1
all76,GO:BP,GO:0046888,negative regulation of hormone secretion,1.0,48,72,1,RP11-464F9.1
all76,GO:BP,GO:0046885,regulation of hormone biosynthetic process,1.0,48,21,1,GIT1
all76,GO:BP,GO:0048378,regulation of lateral mesodermal cell fate specification,1.0,48,2,1,RP1-159A19.4
all76,GO:BP,GO:0048377,lateral mesodermal cell fate specification,1.0,48,2,1,RP1-159A19.4
all76,GO:BP,GO:0048372,lateral mesodermal cell fate commitment,1.0,48,2,1,RP1-159A19.4
all76,GO:BP,GO:0048371,lateral mesodermal cell differentiation,1.0,48,4,1,RP1-159A19.4
all76,GO:BP,GO:0048370,lateral mesoderm formation,1.0,48,5,1,RP1-159A19.4
all76,GO:BP,GO:0048369,lateral mesoderm morphogenesis,1.0,48,5,1,RP1-159A19.4
all76,GO:BP,GO:0048368,lateral mesoderm development,1.0,48,17,1,RP1-159A19.4
all76,GO:BP,GO:0048352,paraxial mesoderm structural organization,1.0,48,1,1,RP1-159A19.4
all76,GO:BP,GO:0048340,paraxial mesoderm morphogenesis,1.0,48,10,1,RP1-159A19.4
all76,GO:BP,GO:0048339,paraxial mesoderm development,1.0,48,19,1,RP1-159A19.4
all76,GO:BP,GO:0048338,mesoderm structural organization,1.0,48,1,1,RP1-159A19.4
all76,GO:BP,GO:0048333,mesodermal cell differentiation,1.0,48,33,1,RP1-159A19.4
all76,GO:BP,GO:0048332,mesoderm morphogenesis,1.0,48,74,1,RP1-159A19.4
all76,GO:BP,GO:0048286,lung alveolus development,1.0,48,52,1,ZNF34
all76,GO:BP,GO:0048285,organelle fission,1.0,48,497,1,PTPRN
all76,GO:BP,GO:0048268,clathrin coat assembly,1.0,48,19,1,C6orf106
all76,GO:BP,GO:0048534,hematopoietic or lymphoid organ development,1.0,48,104,2,U6;ZNF34
all76,GO:BP,GO:0048532,anatomical structure arrangement,1.0,48,17,1,RP1-159A19.4
all76,GO:BP,GO:0048523,negative regulation of cellular process,1.0,48,5510,14,BLOC1S2;CHD4;DUSP13;FAM184A;GIT1;KCNJ11;PHBP9;RP1-159A19.4;RP11-464F9.1;SAP130;SNX16;SPDYE2;YTHDF2;ZNF34
all76,GO:BP,GO:0048522,positive regulation of cellular process,1.0,48,5739,22,ARG1;BLOC1S2;C6orf106;CDC123;DUSP13;FAM184A;GIT1;KCNJ11;KRT8P46;MAST4-AS1;MED27;NTAN1;PHBP9;RP1-159A19.4;RP11-464F9.9;RP4-756G23.5;SAP130;U6;YTHDF2;ZBTB6;ZNF236;ZNF34
all76,GO:BP,GO:0048519,negative regulation of biological process,1.0,48,5753,14,BLOC1S2;CHD4;DUSP13;FAM184A;GIT1;KCNJ11;PHBP9;RP1-159A19.4;RP11-464F9.1;SAP130;SNX16;SPDYE2;YTHDF2;ZNF34
all76,GO:BP,GO:0048518,positive regulation of biological process,1.0,48,6150,24,ARG1;BLOC1S2;C6orf106;CDC123;CHD4;DGKQ;DUSP13;FAM184A;GIT1;KCNJ11;KRT8P46;MAST4-AS1;MED27;NTAN1;PHBP9;RP1-159A19.4;RP11-464F9.9;RP4-756G23.5;SAP130;U6;YTHDF2;ZBTB6;ZNF236;ZNF34
all76,GO:BP,GO:0048514,blood vessel morphogenesis,1.0,48,632,2,NRBF2;RP1-159A19.4
all76,GO:BP,GO:0048513,animal organ development,1.0,48,3018,14,ARL13B;DAGLB;DGKQ;DUSP13;KCNJ11;KRT8P46;LRIG1;NRBF2;NTAN1;RP1-159A19.4;RP11-464F9.1;TSPAN14;U6;ZNF34
all76,GO:BP,GO:0048511,rhythmic process,1.0,48,291,3,BLOC1S2;DUSP13;NTAN1
all76,GO:BP,GO:0048490,anterograde synaptic vesicle transport,1.0,48,19,1,MED27
all76,GO:BP,GO:0048489,synaptic vesicle transport,1.0,48,47,1,MED27
all76,GO:BP,GO:0048488,synaptic vesicle endocytosis,1.0,48,71,1,GIT1
all76,GO:BP,GO:0048477,oogenesis,1.0,48,109,1,YTHDF2
all76,GO:BP,GO:0048469,cell maturation,1.0,48,207,1,YTHDF2
all76,GO:BP,GO:0048468,cell development,1.0,48,2842,8,DGKQ;KCNJ11;MED27;RP1-159A19.4;TSPAN14;U6;YTHDF2;ZNF34
all76,GO:BP,GO:0048382,mesendoderm development,1.0,48,10,1,RP1-159A19.4
all76,GO:BP,GO:0048639,positive regulation of developmental growth,1.0,48,156,1,RP1-159A19.4
all76,GO:BP,GO:0048638,regulation of developmental growth,1.0,48,306,1,RP1-159A19.4
all76,GO:BP,GO:0048609,multicellular organismal reproductive process,1.0,48,988,5,DUSP13;MED23;NTAN1;PTPRN;YTHDF2
all76,GO:BP,GO:0048608,reproductive structure development,1.0,48,302,3,DGKQ;DUSP13;NTAN1
all76,GO:BP,GO:0048599,oocyte development,1.0,48,59,1,YTHDF2
all76,GO:BP,GO:0048598,embryonic morphogenesis,1.0,48,623,4,ARL13B;LRIG1;RP1-159A19.4;YTHDF2
all76,GO:BP,GO:0048589,developmental growth,1.0,48,661,2,RP1-159A19.4;ZNF34
all76,GO:BP,GO:0048585,negative regulation of response to stimulus,1.0,48,1693,5,CHD4;FAM184A;KCNJ11;YTHDF2;ZNF34
all76,GO:BP,GO:0048584,positive regulation of response to stimulus,1.0,48,2320,8,C6orf106;DGKQ;GIT1;KRT8P46;RP1-159A19.4;RP4-756G23.5;U6;ZNF34
all76,GO:BP,GO:0048583,regulation of response to stimulus,1.0,48,3993,14,C6orf106;CHD4;DGKQ;FAM184A;GIT1;KCNJ11;KRT8P46;Metazoa_SRP;RP1-159A19.4;RP4-756G23.5;U6;YTHDF2;ZNF236;ZNF34
all76,GO:BP,GO:0048568,embryonic organ development,1.0,48,457,4,ARL13B;LRIG1;RP1-159A19.4;TSPAN14
all76,GO:BP,GO:0048565,digestive tract development,1.0,48,134,1,KRT8P46
all76,GO:BP,GO:0048562,embryonic organ morphogenesis,1.0,48,305,2,ARL13B;LRIG1
all76,GO:BP,GO:0048539,bone marrow development,1.0,48,9,1,U6
all76,GO:BP,GO:0048536,spleen development,1.0,48,41,2,U6;ZNF34
all76,GO:BP,GO:0048535,lymph node development,1.0,48,21,1,ZNF34
all76,GO:BP,GO:0048762,mesenchymal cell differentiation,1.0,48,252,1,RP1-159A19.4
all76,GO:BP,GO:0048753,pigment granule organization,1.0,48,40,1,MED27
all76,GO:BP,GO:0048738,cardiac muscle tissue development,1.0,48,225,2,RP1-159A19.4;RP11-464F9.1
all76,GO:BP,GO:0048736,appendage development,1.0,48,192,2,RP1-159A19.4;ZNF34
all76,GO:BP,GO:0048732,gland development,1.0,48,425,2,RP1-159A19.4;U6
all76,GO:BP,GO:0048731,system development,1.0,48,4023,17,ARL13B;DAGLB;DGKQ;DUSP13;KCNJ11;KRT8P46;LRIG1;MED27;NRBF2;NTAN1;PHBP9;RP1-159A19.4;RP11-464F9.1;U6;YTHDF2;ZNF236;ZNF34
all76,GO:BP,GO:0048729,tissue morphogenesis,1.0,48,612,2,ARL13B;RP1-159A19.4
all76,GO:BP,GO:0048709,oligodendrocyte differentiation,1.0,48,104,1,DGKQ
all76,GO:BP,GO:0048699,generation of neurons,1.0,48,1523,4,KCNJ11;MED27;RP1-159A19.4;ZNF236
all76,GO:BP,GO:0048666,neuron development,1.0,48,1167,3,KCNJ11;MED27;RP1-159A19.4
all76,GO:BP,GO:0048661,positive regulation of smooth muscle cell proliferation,1.0,48,76,1,RP1-159A19.4
all76,GO:BP,GO:0048660,regulation of smooth muscle cell proliferation,1.0,48,125,1,RP1-159A19.4
all76,GO:BP,GO:0048659,smooth muscle cell proliferation,1.0,48,128,1,RP1-159A19.4
all76,GO:BP,GO:0048646,anatomical structure formation involved in morphogenesis,1.0,48,1190,2,NRBF2;RP1-159A19.4
all76,GO:BP,GO:0048645,animal organ formation,1.0,48,69,1,RP1-159A19.4
all76,GO:BP,GO:0048644,muscle organ morphogenesis,1.0,48,78,1,RP1-159A19.4
all76,GO:BP,GO:0050658,RNA transport,1.0,48,160,1,TSPAN14
all76,GO:BP,GO:0050657,nucleic acid transport,1.0,48,160,1,TSPAN14
all76,GO:BP,GO:0048878,chemical homeostasis,1.0,48,951,3,HSD17B12;NTAN1;U6
all76,GO:BP,GO:0048873,homeostasis of number of cells within a tissue,1.0,48,41,1,U6
all76,GO:BP,GO:0048872,homeostasis of number of cells,1.0,48,338,2,U6;ZNF34
all76,GO:BP,GO:0048871,multicellular organismal-level homeostasis,1.0,48,839,3,KRT8P46;U6;ZNF34
all76,GO:BP,GO:0048870,cell motility,1.0,48,1794,7,ARL13B;CHD4;KRT8P46;MAST4-AS1;NRBF2;RP1-159A19.4;SAP130
all76,GO:BP,GO:0048869,cellular developmental process,1.0,48,4444,11,DGKQ;KCNJ11;MED27;PHBP9;RP1-159A19.4;SAP130;TSPAN14;U6;YTHDF2;ZNF236;ZNF34
all76,GO:BP,GO:0048864,stem cell development,1.0,48,85,1,RP1-159A19.4
all76,GO:BP,GO:0048863,stem cell differentiation,1.0,48,253,3,PHBP9;RP1-159A19.4;YTHDF2
all76,GO:BP,GO:0048857,neural nucleus development,1.0,48,69,1,DAGLB
all76,GO:BP,GO:0048856,anatomical structure development,1.0,48,5948,18,ARL13B;DAGLB;DGKQ;DUSP13;KCNJ11;KRT8P46;LRIG1;MED27;NRBF2;NTAN1;PHBP9;RP1-159A19.4;RP11-464F9.1;TSPAN14;U6;YTHDF2;ZNF236;ZNF34
all76,GO:BP,GO:0048844,artery morphogenesis,1.0,48,73,1,RP1-159A19.4
all76,GO:BP,GO:0048840,otolith development,1.0,48,10,1,LRIG1
all76,GO:BP,GO:0048839,inner ear development,1.0,48,209,1,LRIG1
all76,GO:BP,GO:0048771,tissue remodeling,1.0,48,178,1,U6
all76,GO:BP,GO:0050779,RNA destabilization,1.0,48,101,2,YTHDF2;ZNF34
all76,GO:BP,GO:0050778,positive regulation of immune response,1.0,48,775,4,C6orf106;DGKQ;U6;ZNF34
all76,GO:BP,GO:0050777,negative regulation of immune response,1.0,48,199,3,FAM184A;YTHDF2;ZNF34
all76,GO:BP,GO:0050776,regulation of immune response,1.0,48,970,6,C6orf106;DGKQ;FAM184A;U6;YTHDF2;ZNF34
all76,GO:BP,GO:0050773,regulation of dendrite development,1.0,48,97,1,RP1-159A19.4
all76,GO:BP,GO:0050768,negative regulation of neurogenesis,1.0,48,129,1,RP1-159A19.4
all76,GO:BP,GO:0050767,regulation of neurogenesis,1.0,48,350,2,RP1-159A19.4;YTHDF2
all76,GO:BP,GO:0050728,negative regulation of inflammatory response,1.0,48,169,1,KCNJ11
all76,GO:BP,GO:0050727,regulation of inflammatory response,1.0,48,395,2,KCNJ11;ZNF236
all76,GO:BP,GO:0050709,negative regulation of protein secretion,1.0,48,69,1,RP11-464F9.1
all76,GO:BP,GO:0050708,regulation of protein secretion,1.0,48,265,1,RP11-464F9.1
all76,GO:BP,GO:0050679,positive regulation of epithelial cell proliferation,1.0,48,200,2,NTAN1;RP1-159A19.4
all76,GO:BP,GO:0050678,regulation of epithelial cell proliferation,1.0,48,356,2,NTAN1;RP1-159A19.4
all76,GO:BP,GO:0050673,epithelial cell proliferation,1.0,48,435,3,NTAN1;RP1-159A19.4;U6
all76,GO:BP,GO:0050672,negative regulation of lymphocyte proliferation,1.0,48,89,1,FAM184A
all76,GO:BP,GO:0050670,regulation of lymphocyte proliferation,1.0,48,239,1,FAM184A
all76,GO:BP,GO:0050851,antigen receptor-mediated signaling pathway,1.0,48,196,4,C6orf106;DGKQ;U6;ZNF34
all76,GO:BP,GO:0050832,defense response to fungus,1.0,48,58,1,FAM184A
all76,GO:BP,GO:0050821,protein stabilization,1.0,48,230,1,NRBF2
all76,GO:BP,GO:0050817,coagulation,1.0,48,246,1,GIT1
all76,GO:BP,GO:0050810,regulation of steroid biosynthetic process,1.0,48,77,1,GIT1
all76,GO:BP,GO:0050808,synapse organization,1.0,48,561,1,PHBP9
all76,GO:BP,GO:0050807,regulation of synapse organization,1.0,48,298,1,PHBP9
all76,GO:BP,GO:0050804,modulation of chemical synaptic transmission,1.0,48,503,1,KCNJ11
all76,GO:BP,GO:0050803,regulation of synapse structure or activity,1.0,48,305,1,PHBP9
all76,GO:BP,GO:0050798,activated T cell proliferation,1.0,48,46,1,FAM184A
all76,GO:BP,GO:0050796,regulation of insulin secretion,1.0,48,176,1,RP11-464F9.1
all76,GO:BP,GO:0050794,regulation of cellular process,1.0,48,11962,33,ARG1;ARL13B;BLOC1S2;C6orf106;CDC123;CHD4;DAGLB;DGKQ;DUSP13;FAM184A;GIT1;HERPUD2;HSD17B12;KCNJ11;KRT8P46;MAST4-AS1;MED23;MED27;Metazoa_SRP;NTAN1;PHBP9;RP1-159A19.4;RP11-464F9.1;RP11-464F9.9;RP4-756G23.5;SAP130;SNX16;SPDYE2;U6;YTHDF2;ZBTB6;ZNF236;ZNF34
all76,GO:BP,GO:0050793,regulation of developmental process,1.0,48,2431,7,CHD4;NRBF2;PHBP9;RP1-159A19.4;SAP130;YTHDF2;ZNF34
all76,GO:BP,GO:0050790,regulation of catalytic activity,1.0,48,774,1,ARG1
all76,GO:BP,GO:0050789,regulation of biological process,1.0,48,12397,34,ARG1;ARL13B;BLOC1S2;C6orf106;CDC123;CHD4;DAGLB;DGKQ;DUSP13;FAM184A;GIT1;HERPUD2;HSD17B12;KCNJ11;KRT8P46;MAST4-AS1;MED23;MED27;Metazoa_SRP;NRBF2;NTAN1;PHBP9;RP1-159A19.4;RP11-464F9.1;RP11-464F9.9;RP4-756G23.5;SAP130;SNX16;SPDYE2;U6;YTHDF2;ZBTB6;ZNF236;ZNF34
all76,GO:BP,GO:0050954,sensory perception of mechanical stimulus,1.0,48,196,1,LRIG1
all76,GO:BP,GO:0050900,leukocyte migration,1.0,48,386,1,MAST4-AS1
all76,GO:BP,GO:0050896,response to stimulus,1.0,48,9051,26,ARL13B;C6orf106;CDC123;CHD4;DGKQ;DUSP13;FAM184A;GIT1;HSD17B12;KCNJ11;KRT8P46;MED23;MED27;Metazoa_SRP;NRBF2;NTAN1;PHBP9;PTPRN;RC3H2;RP1-159A19.4;RP11-464F9.1;RP4-756G23.5;U6;YTHDF2;ZNF236;ZNF34
all76,GO:BP,GO:0050890,cognition,1.0,48,315,2,KCNJ11;PARVA
all76,GO:BP,GO:0050878,regulation of body fluid levels,1.0,48,374,1,GIT1
all76,GO:BP,GO:0050877,nervous system process,1.0,48,1503,4,KCNJ11;LRIG1;PARVA;RP11-464F9.1
all76,GO:BP,GO:0050870,positive regulation of T cell activation,1.0,48,255,1,C6orf106
all76,GO:BP,GO:0050868,negative regulation of T cell activation,1.0,48,132,2,FAM184A;ZNF34
all76,GO:BP,GO:0050867,positive regulation of cell activation,1.0,48,380,1,C6orf106
all76,GO:BP,GO:0050866,negative regulation of cell activation,1.0,48,213,2,FAM184A;ZNF34
all76,GO:BP,GO:0050865,regulation of cell activation,1.0,48,627,3,C6orf106;FAM184A;ZNF34
all76,GO:BP,GO:0050863,regulation of T cell activation,1.0,48,386,3,C6orf106;FAM184A;ZNF34
all76,GO:BP,GO:0050862,positive regulation of T cell receptor signaling pathway,1.0,48,19,1,U6
all76,GO:BP,GO:0050857,positive regulation of antigen receptor-mediated signaling pathway,1.0,48,26,1,U6
all76,GO:BP,GO:0050856,regulation of T cell receptor signaling pathway,1.0,48,52,1,U6
all76,GO:BP,GO:0050854,regulation of antigen receptor-mediated signaling pathway,1.0,48,70,1,U6
all76,GO:BP,GO:0051147,regulation of muscle cell differentiation,1.0,48,137,1,RP1-159A19.4
all76,GO:BP,GO:0051146,striated muscle cell differentiation,1.0,48,287,1,RP1-159A19.4
all76,GO:BP,GO:0051130,positive regulation of cellular component organization,1.0,48,1091,2,KCNJ11;RP1-159A19.4
all76,GO:BP,GO:0051128,regulation of cellular component organization,1.0,48,2427,4,GIT1;KCNJ11;PHBP9;RP1-159A19.4
all76,GO:BP,GO:0051123,RNA polymerase II preinitiation complex assembly,1.0,48,69,2,MAST4-AS1;ZBTB6
all76,GO:BP,GO:0051094,positive regulation of developmental process,1.0,48,1305,3,CHD4;RP1-159A19.4;SAP130
all76,GO:BP,GO:0051093,negative regulation of developmental process,1.0,48,916,4,CHD4;RP1-159A19.4;YTHDF2;ZNF34
all76,GO:BP,GO:0051056,regulation of small GTPase mediated signal transduction,1.0,48,302,1,KCNJ11
all76,GO:BP,GO:0051051,negative regulation of transport,1.0,48,404,1,RP11-464F9.1
all76,GO:BP,GO:0051049,regulation of transport,1.0,48,1566,4,GIT1;KCNJ11;NTAN1;RP11-464F9.1
all76,GO:BP,GO:0051048,negative regulation of secretion,1.0,48,166,1,RP11-464F9.1
all76,GO:BP,GO:0051046,regulation of secretion,1.0,48,608,3,KCNJ11;NTAN1;RP11-464F9.1
all76,GO:BP,GO:0051036,regulation of endosome size,1.0,48,11,1,MED27
all76,GO:BP,GO:0051028,mRNA transport,1.0,48,131,1,TSPAN14
all76,GO:BP,GO:0050996,positive regulation of lipid catabolic process,1.0,48,26,1,ZNF236
all76,GO:BP,GO:0050994,regulation of lipid catabolic process,1.0,48,61,1,ZNF236
all76,GO:BP,GO:0051249,regulation of lymphocyte activation,1.0,48,506,3,C6orf106;FAM184A;ZNF34
all76,GO:BP,GO:0051247,positive regulation of protein metabolic process,1.0,48,863,2,ARG1;YTHDF2
all76,GO:BP,GO:0051246,regulation of protein metabolic process,1.0,48,1574,3,ARG1;DGKQ;YTHDF2
all76,GO:BP,GO:0051241,negative regulation of multicellular organismal process,1.0,48,1091,5,CHD4;FAM184A;KCNJ11;RP1-159A19.4;ZNF34
all76,GO:BP,GO:0051240,positive regulation of multicellular organismal process,1.0,48,1639,4,C6orf106;CHD4;KRT8P46;RP1-159A19.4
all76,GO:BP,GO:0051239,regulation of multicellular organismal process,1.0,48,2923,9,C6orf106;CHD4;FAM184A;KCNJ11;KRT8P46;RP1-159A19.4;SPDYE2;YTHDF2;ZNF34
all76,GO:BP,GO:0051236,establishment of RNA localization,1.0,48,163,1,TSPAN14
all76,GO:BP,GO:0051234,establishment of localization,1.0,48,4804,9,AC002116.7;C6orf106;GIT1;KCNJ11;MED27;NTAN1;RP11-464F9.1;TSPAN14;U6
all76,GO:BP,GO:0051224,negative regulation of protein transport,1.0,48,116,1,RP11-464F9.1
all76,GO:BP,GO:0051223,regulation of protein transport,1.0,48,433,1,RP11-464F9.1
all76,GO:BP,GO:0051216,cartilage development,1.0,48,213,1,RP1-159A19.4
all76,GO:BP,GO:0051179,localization,1.0,48,5493,12,AC002116.7;ARL13B;C6orf106;GIT1;KCNJ11;MED27;NTAN1;PTPRN;RP11-464F9.1;RP4-756G23.5;TSPAN14;U6
all76,GO:BP,GO:0051174,regulation of phosphorus metabolic process,1.0,48,702,2,ARG1;KCNJ11
all76,GO:BP,GO:0051169,nuclear transport,1.0,48,332,1,TSPAN14
all76,GO:BP,GO:0051168,nuclear export,1.0,48,166,1,TSPAN14
all76,GO:BP,GO:0051148,negative regulation of muscle cell differentiation,1.0,48,59,1,RP1-159A19.4
all76,GO:BP,GO:0051604,protein maturation,1.0,48,530,3,CTD-2037K23.2;RP4-756G23.5;THAP8
all76,GO:BP,GO:0051591,response to cAMP,1.0,48,80,1,GIT1
all76,GO:BP,GO:0051588,regulation of neurotransmitter transport,1.0,48,103,1,KCNJ11
all76,GO:BP,GO:0051495,positive regulation of cytoskeleton organization,1.0,48,186,1,KCNJ11
all76,GO:BP,GO:0051493,regulation of cytoskeleton organization,1.0,48,531,1,KCNJ11
all76,GO:BP,GO:0051338,regulation of transferase activity,1.0,48,408,1,ARG1
all76,GO:BP,GO:0051321,meiotic cell cycle,1.0,48,295,2,PTPRN;YTHDF2
all76,GO:BP,GO:0051302,regulation of cell division,1.0,48,186,2,KCNJ11;KRT8P46
all76,GO:BP,GO:0051301,cell division,1.0,48,656,3,KCNJ11;KRT8P46;YTHDF2
all76,GO:BP,GO:0051276,chromosome organization,1.0,48,575,1,PTPRN
all76,GO:BP,GO:0051258,protein polymerization,1.0,48,281,2,KCNJ11;MED27
all76,GO:BP,GO:0051253,negative regulation of RNA metabolic process,1.0,48,1389,6,BLOC1S2;CHD4;DUSP13;PHBP9;SAP130;SPDYE2
all76,GO:BP,GO:0051251,positive regulation of lymphocyte activation,1.0,48,331,1,C6orf106
all76,GO:BP,GO:0051250,negative regulation of lymphocyte activation,1.0,48,164,2,FAM184A;ZNF34
all76,GO:BP,GO:0051897,positive regulation of phosphatidylinositol 3-kinase/protein kinase B signal transduction,1.0,48,192,1,KRT8P46
all76,GO:BP,GO:0051896,regulation of phosphatidylinositol 3-kinase/protein kinase B signal transduction,1.0,48,268,1,KRT8P46
all76,GO:BP,GO:0051881,regulation of mitochondrial membrane potential,1.0,48,70,1,U6
all76,GO:BP,GO:0051781,positive regulation of cell division,1.0,48,96,1,KRT8P46
all76,GO:BP,GO:0051726,regulation of cell cycle,1.0,48,1088,4,ARG1;KCNJ11;SAP130;YTHDF2
all76,GO:BP,GO:0051716,cellular response to stimulus,1.0,48,7425,25,ARL13B;C6orf106;CDC123;CHD4;DGKQ;DUSP13;FAM184A;GIT1;HSD17B12;KCNJ11;KRT8P46;MED23;MED27;Metazoa_SRP;NRBF2;NTAN1;PHBP9;PTPRN;RC3H2;RP1-159A19.4;RP11-464F9.1;RP4-756G23.5;U6;YTHDF2;ZNF34
all76,GO:BP,GO:0051712,positive regulation of killing of cells of another organism,1.0,48,3,1,FAM184A
all76,GO:BP,GO:0051709,regulation of killing of cells of another organism,1.0,48,4,1,FAM184A
all76,GO:BP,GO:0051707,response to other organism,1.0,48,1610,3,FAM184A;KCNJ11;YTHDF2
all76,GO:BP,GO:0051668,localization within membrane,1.0,48,921,2,ARL13B;RP4-756G23.5
all76,GO:BP,GO:0051656,establishment of organelle localization,1.0,48,394,1,MED27
all76,GO:BP,GO:0051650,establishment of vesicle localization,1.0,48,200,1,MED27
all76,GO:BP,GO:0051649,establishment of localization in cell,1.0,48,1938,7,AC002116.7;GIT1;KCNJ11;MED27;NTAN1;TSPAN14;U6
all76,GO:BP,GO:0051648,vesicle localization,1.0,48,220,1,MED27
all76,GO:BP,GO:0051641,cellular localization,1.0,48,2584,9,AC002116.7;ARL13B;GIT1;KCNJ11;MED27;NTAN1;RP4-756G23.5;TSPAN14;U6
all76,GO:BP,GO:0051640,organelle localization,1.0,48,614,1,MED27
all76,GO:BP,GO:0055086,nucleobase-containing small molecule metabolic process,1.0,48,668,3,KCNJ11;RP11-464F9.9;U6
all76,GO:BP,GO:0055085,transmembrane transport,1.0,48,1555,1,RP11-464F9.1
all76,GO:BP,GO:0055082,intracellular chemical homeostasis,1.0,48,626,2,HSD17B12;NTAN1
all76,GO:BP,GO:0055023,positive regulation of cardiac muscle tissue growth,1.0,48,28,1,RP1-159A19.4
all76,GO:BP,GO:0055021,regulation of cardiac muscle tissue growth,1.0,48,52,1,RP1-159A19.4
all76,GO:BP,GO:0055017,cardiac muscle tissue growth,1.0,48,71,1,RP1-159A19.4
all76,GO:BP,GO:0055013,cardiac muscle cell development,1.0,48,77,1,RP1-159A19.4
all76,GO:BP,GO:0055010,ventricular cardiac muscle tissue morphogenesis,1.0,48,47,1,RP1-159A19.4
all76,GO:BP,GO:0055008,cardiac muscle tissue morphogenesis,1.0,48,59,1,RP1-159A19.4
all76,GO:BP,GO:0055007,cardiac muscle cell differentiation,1.0,48,113,1,RP1-159A19.4
all76,GO:BP,GO:0055006,cardiac cell development,1.0,48,83,1,RP1-159A19.4
all76,GO:BP,GO:0055002,striated muscle cell development,1.0,48,162,1,RP1-159A19.4
all76,GO:BP,GO:0055001,muscle cell development,1.0,48,190,1,RP1-159A19.4
all76,GO:BP,GO:0051963,regulation of synapse assembly,1.0,48,163,1,PHBP9
all76,GO:BP,GO:0051961,negative regulation of nervous system development,1.0,48,136,1,RP1-159A19.4
all76,GO:BP,GO:0051960,regulation of nervous system development,1.0,48,430,2,RP1-159A19.4;YTHDF2
all76,GO:BP,GO:0060260,regulation of transcription initiation by RNA polymerase II,1.0,48,73,2,MAST4-AS1;ZBTB6
all76,GO:BP,GO:0060255,regulation of macromolecule metabolic process,1.0,48,6392,23,ARG1;BLOC1S2;CDC123;CHD4;DAGLB;DGKQ;DUSP13;FAM184A;GIT1;HERPUD2;HSD17B12;KCNJ11;MAST4-AS1;MED27;NTAN1;PHBP9;RP1-159A19.4;SAP130;SNX16;SPDYE2;YTHDF2;ZBTB6;ZNF34
all76,GO:BP,GO:0060249,anatomical structure homeostasis,1.0,48,271,1,U6
all76,GO:BP,GO:0060232,delamination,1.0,48,7,1,YTHDF2
all76,GO:BP,GO:0060218,hematopoietic stem cell differentiation,1.0,48,36,1,YTHDF2
all76,GO:BP,GO:0060215,primitive hemopoiesis,1.0,48,9,1,TSPAN14
all76,GO:BP,GO:0060173,limb development,1.0,48,192,2,RP1-159A19.4;ZNF34
all76,GO:BP,GO:0060155,platelet dense granule organization,1.0,48,25,1,MED27
all76,GO:BP,GO:0060045,positive regulation of cardiac muscle cell proliferation,1.0,48,24,1,RP1-159A19.4
all76,GO:BP,GO:0060043,regulation of cardiac muscle cell proliferation,1.0,48,36,1,RP1-159A19.4
all76,GO:BP,GO:0060038,cardiac muscle cell proliferation,1.0,48,48,1,RP1-159A19.4
all76,GO:BP,GO:0060037,pharyngeal system development,1.0,48,31,1,RP1-159A19.4
all76,GO:BP,GO:0060033,anatomical structure regression,1.0,48,16,1,RP1-159A19.4
all76,GO:BP,GO:0060021,roof of mouth development,1.0,48,93,1,RP1-159A19.4
all76,GO:BP,GO:0055123,digestive system development,1.0,48,147,1,KRT8P46
all76,GO:BP,GO:0055088,lipid homeostasis,1.0,48,170,1,U6
all76,GO:BP,GO:0060390,regulation of SMAD protein signal transduction,1.0,48,67,1,RP1-159A19.4
all76,GO:BP,GO:0060384,innervation,1.0,48,28,1,LRIG1
all76,GO:BP,GO:0060348,bone development,1.0,48,215,2,KRT8P46;U6
all76,GO:BP,GO:0060339,negative regulation of type I interferon-mediated signaling pathway,1.0,48,23,1,YTHDF2
all76,GO:BP,GO:0060338,regulation of type I interferon-mediated signaling pathway,1.0,48,44,1,YTHDF2
all76,GO:BP,GO:0060337,type I interferon-mediated signaling pathway,1.0,48,85,1,YTHDF2
all76,GO:BP,GO:0060336,negative regulation of type II interferon-mediated signaling pathway,1.0,48,8,1,FAM184A
all76,GO:BP,GO:0060334,regulation of type II interferon-mediated signaling pathway,1.0,48,15,1,FAM184A
all76,GO:BP,GO:0060333,type II interferon-mediated signaling pathway,1.0,48,27,1,FAM184A
all76,GO:BP,GO:0060331,negative regulation of response to type II interferon,1.0,48,8,1,FAM184A
all76,GO:BP,GO:0060330,regulation of response to type II interferon,1.0,48,15,1,FAM184A
all76,GO:BP,GO:0060326,cell chemotaxis,1.0,48,315,1,NRBF2
all76,GO:BP,GO:0060322,head development,1.0,48,787,4,ARL13B;DAGLB;KCNJ11;RP1-159A19.4
all76,GO:BP,GO:0060284,regulation of cell development,1.0,48,816,3,RP1-159A19.4;YTHDF2;ZNF34
all76,GO:BP,GO:0060271,cilium assembly,1.0,48,407,2,ARL13B;NRBF2
all76,GO:BP,GO:0060261,positive regulation of transcription initiation by RNA polymerase II,1.0,48,62,2,MAST4-AS1;ZBTB6
all76,GO:BP,GO:0060759,regulation of response to cytokine stimulus,1.0,48,179,2,FAM184A;YTHDF2
all76,GO:BP,GO:0060627,regulation of vesicle-mediated transport,1.0,48,529,2,GIT1;KCNJ11
all76,GO:BP,GO:0060612,adipose tissue development,1.0,48,59,1,U6
all76,GO:BP,GO:0060562,epithelial tube morphogenesis,1.0,48,333,1,ARL13B
all76,GO:BP,GO:0060541,respiratory system development,1.0,48,221,3,RP1-159A19.4;U6;ZNF34
all76,GO:BP,GO:0060537,muscle tissue development,1.0,48,421,2,RP1-159A19.4;RP11-464F9.1
all76,GO:BP,GO:0060485,mesenchyme development,1.0,48,319,1,RP1-159A19.4
all76,GO:BP,GO:0060429,epithelium development,1.0,48,1234,3,ARL13B;RP1-159A19.4;U6
all76,GO:BP,GO:0060421,positive regulation of heart growth,1.0,48,32,1,RP1-159A19.4
all76,GO:BP,GO:0060420,regulation of heart growth,1.0,48,58,1,RP1-159A19.4
all76,GO:BP,GO:0060419,heart growth,1.0,48,79,1,RP1-159A19.4
all76,GO:BP,GO:0060415,muscle tissue morphogenesis,1.0,48,70,1,RP1-159A19.4
all76,GO:BP,GO:0060412,ventricular septum morphogenesis,1.0,48,40,1,RP1-159A19.4
all76,GO:BP,GO:0060411,cardiac septum morphogenesis,1.0,48,71,2,NRBF2;RP1-159A19.4
all76,GO:BP,GO:0060395,SMAD protein signal transduction,1.0,48,83,1,RP1-159A19.4
all76,GO:BP,GO:0060391,positive regulation of SMAD protein signal transduction,1.0,48,42,1,RP1-159A19.4
all76,GO:BP,GO:0061053,somite development,1.0,48,85,1,RP1-159A19.4
all76,GO:BP,GO:0061014,positive regulation of mRNA catabolic process,1.0,48,102,2,YTHDF2;ZNF34
all76,GO:BP,GO:0061013,regulation of mRNA catabolic process,1.0,48,192,3,SNX16;YTHDF2;ZNF34
all76,GO:BP,GO:0061008,hepaticobiliary system development,1.0,48,123,1,U6
all76,GO:BP,GO:0060972,left/right pattern formation,1.0,48,144,1,ARL13B
all76,GO:BP,GO:0060928,atrioventricular node cell development,1.0,48,4,1,RP1-159A19.4
all76,GO:BP,GO:0060926,cardiac pacemaker cell development,1.0,48,9,1,RP1-159A19.4
all76,GO:BP,GO:0060922,atrioventricular node cell differentiation,1.0,48,5,1,RP1-159A19.4
all76,GO:BP,GO:0060920,cardiac pacemaker cell differentiation,1.0,48,11,1,RP1-159A19.4
all76,GO:BP,GO:0060914,heart formation,1.0,48,33,1,RP1-159A19.4
all76,GO:BP,GO:0060897,neural plate regionalization,1.0,48,5,1,RP1-159A19.4
all76,GO:BP,GO:0060896,neural plate pattern specification,1.0,48,7,1,RP1-159A19.4
all76,GO:BP,GO:0060840,artery development,1.0,48,107,1,RP1-159A19.4
all76,GO:BP,GO:0060837,blood vessel endothelial cell differentiation,1.0,48,12,1,U6
all76,GO:BP,GO:0060795,cell fate commitment involved in formation of primary germ layer,1.0,48,33,1,RP1-159A19.4
all76,GO:BP,GO:0060761,negative regulation of response to cytokine stimulus,1.0,48,88,2,FAM184A;YTHDF2
all76,GO:BP,GO:0061743,motor learning,1.0,48,7,1,KCNJ11
all76,GO:BP,GO:0061626,pharyngeal arch artery morphogenesis,1.0,48,10,1,RP1-159A19.4
all76,GO:BP,GO:0061614,miRNA transcription,1.0,48,76,1,RP1-159A19.4
all76,GO:BP,GO:0061519,macrophage homeostasis,1.0,48,3,1,U6
all76,GO:BP,GO:0061512,protein localization to cilium,1.0,48,76,1,ARL13B
all76,GO:BP,GO:0061470,T follicular helper cell differentiation,1.0,48,11,1,ZNF34
all76,GO:BP,GO:0061469,regulation of type B pancreatic cell proliferation,1.0,48,15,1,NTAN1
all76,GO:BP,GO:0061462,protein localization to lysosome,1.0,48,51,1,AC002116.7
all76,GO:BP,GO:0061458,reproductive system development,1.0,48,306,3,DGKQ;DUSP13;NTAN1
all76,GO:BP,GO:0061448,connective tissue development,1.0,48,291,2,RP1-159A19.4;U6
all76,GO:BP,GO:0061384,heart trabecula morphogenesis,1.0,48,33,1,RP1-159A19.4
all76,GO:BP,GO:0061383,trabecula morphogenesis,1.0,48,48,1,RP1-159A19.4
all76,GO:BP,GO:0061371,determination of heart left/right asymmetry,1.0,48,71,1,ARL13B
all76,GO:BP,GO:0061351,neural precursor cell proliferation,1.0,48,164,1,ZNF236
all76,GO:BP,GO:0061157,mRNA destabilization,1.0,48,97,2,YTHDF2;ZNF34
all76,GO:BP,GO:0061061,muscle structure development,1.0,48,673,1,RP1-159A19.4
all76,GO:BP,GO:0070193,synaptonemal complex organization,1.0,48,28,1,PTPRN
all76,GO:BP,GO:0070192,chromosome organization involved in meiotic cell cycle,1.0,48,66,1,PTPRN
all76,GO:BP,GO:0070169,positive regulation of biomineral tissue development,1.0,48,54,1,RP1-159A19.4
all76,GO:BP,GO:0070167,regulation of biomineral tissue development,1.0,48,100,1,RP1-159A19.4
all76,GO:BP,GO:0065009,regulation of molecular function,1.0,48,1070,1,ARG1
all76,GO:BP,GO:0065008,regulation of biological quality,1.0,48,2963,11,GIT1;MED27;NRBF2;NTAN1;PHBP9;RP11-464F9.1;RP11-464F9.9;SNX16;U6;YTHDF2;ZNF34
all76,GO:BP,GO:0065007,biological regulation,1.0,48,12804,34,ARG1;ARL13B;BLOC1S2;C6orf106;CDC123;CHD4;DAGLB;DGKQ;DUSP13;FAM184A;GIT1;HERPUD2;HSD17B12;KCNJ11;KRT8P46;MAST4-AS1;MED23;MED27;Metazoa_SRP;NRBF2;NTAN1;PHBP9;RP1-159A19.4;RP11-464F9.1;RP11-464F9.9;RP4-756G23.5;SAP130;SNX16;SPDYE2;U6;YTHDF2;ZBTB6;ZNF236;ZNF34
all76,GO:BP,GO:0065004,protein-DNA complex assembly,1.0,48,213,2,MAST4-AS1;ZBTB6
all76,GO:BP,GO:0065003,protein-containing complex assembly,1.0,48,3214,6,C6orf106;KCNJ11;MAST4-AS1;MED27;THAP8;ZBTB6
all76,GO:BP,GO:0062196,regulation of lysosome size,1.0,48,9,1,MED27
all76,GO:BP,GO:0062014,negative regulation of small molecule metabolic process,1.0,48,107,1,KCNJ11
all76,GO:BP,GO:0062012,regulation of small molecule metabolic process,1.0,48,313,2,GIT1;KCNJ11
all76,GO:BP,GO:0061982,meiosis I cell cycle process,1.0,48,142,1,PTPRN
all76,GO:BP,GO:0061919,process utilizing autophagic mechanism,1.0,48,599,1,RC3H2
all76,GO:BP,GO:0061792,secretory granule maturation,1.0,48,3,1,NTAN1
all76,GO:BP,GO:0061762,CAMKK-AMPK signaling cascade,1.0,48,11,1,RP11-464F9.1
all76,GO:BP,GO:0070664,negative regulation of leukocyte proliferation,1.0,48,99,1,FAM184A
all76,GO:BP,GO:0070663,regulation of leukocyte proliferation,1.0,48,269,1,FAM184A
all76,GO:BP,GO:0070661,leukocyte proliferation,1.0,48,339,3,FAM184A;U6;ZNF34
all76,GO:BP,GO:0070647,protein modification by small protein conjugation or removal,1.0,48,927,3,DCAF16;KDM5A;ZNF34
all76,GO:BP,GO:0070528,protein kinase C signaling,1.0,48,6,1,GIT1
all76,GO:BP,GO:0070507,regulation of microtubule cytoskeleton organization,1.0,48,169,1,KCNJ11
all76,GO:BP,GO:0070493,thrombin-activated receptor signaling pathway,1.0,48,14,1,GIT1
all76,GO:BP,GO:0070482,response to oxygen levels,1.0,48,317,1,RP11-464F9.1
all76,GO:BP,GO:0070374,positive regulation of ERK1 and ERK2 cascade,1.0,48,189,1,KRT8P46
all76,GO:BP,GO:0070372,regulation of ERK1 and ERK2 cascade,1.0,48,276,1,KRT8P46
all76,GO:BP,GO:0070371,ERK1 and ERK2 cascade,1.0,48,300,1,KRT8P46
all76,GO:BP,GO:0070341,fat cell proliferation,1.0,48,15,1,U6
all76,GO:BP,GO:0070252,actin-mediated cell contraction,1.0,48,115,1,NRBF2
all76,GO:BP,GO:0070231,T cell apoptotic process,1.0,48,60,1,U6
all76,GO:BP,GO:0070227,lymphocyte apoptotic process,1.0,48,83,1,U6
all76,GO:BP,GO:0070201,regulation of establishment of protein localization,1.0,48,481,1,RP11-464F9.1
all76,GO:BP,GO:0071216,cellular response to biotic stimulus,1.0,48,252,1,KCNJ11
all76,GO:BP,GO:0070986,left/right axis specification,1.0,48,15,1,ARL13B
all76,GO:BP,GO:0070965,positive regulation of neutrophil mediated killing of fungus,1.0,48,1,1,FAM184A
all76,GO:BP,GO:0070961,positive regulation of neutrophil mediated killing of symbiont cell,1.0,48,2,1,FAM184A
all76,GO:BP,GO:0070960,positive regulation of neutrophil mediated cytotoxicity,1.0,48,2,1,FAM184A
all76,GO:BP,GO:0070953,regulation of neutrophil mediated killing of fungus,1.0,48,1,1,FAM184A
all76,GO:BP,GO:0070949,regulation of neutrophil mediated killing of symbiont cell,1.0,48,3,1,FAM184A
all76,GO:BP,GO:0070948,regulation of neutrophil mediated cytotoxicity,1.0,48,5,1,FAM184A
all76,GO:BP,GO:0070947,neutrophil-mediated killing of fungus,1.0,48,2,1,FAM184A
all76,GO:BP,GO:0070943,neutrophil-mediated killing of symbiont cell,1.0,48,14,1,FAM184A
all76,GO:BP,GO:0070942,neutrophil mediated cytotoxicity,1.0,48,16,1,FAM184A
all76,GO:BP,GO:0070925,organelle assembly,1.0,48,1057,3,ARL13B;NRBF2;YTHDF2
all76,GO:BP,GO:0070897,transcription preinitiation complex assembly,1.0,48,82,2,MAST4-AS1;ZBTB6
all76,GO:BP,GO:0070887,cellular response to chemical stimulus,1.0,48,2199,9,CDC123;DUSP13;GIT1;HSD17B12;KCNJ11;KRT8P46;Metazoa_SRP;NRBF2;NTAN1
all76,GO:BP,GO:0070848,response to growth factor,1.0,48,734,2,CHD4;RP1-159A19.4
all76,GO:BP,GO:0070828,heterochromatin organization,1.0,48,172,1,BLOC1S2
all76,GO:BP,GO:0071425,hematopoietic stem cell proliferation,1.0,48,35,1,YTHDF2
all76,GO:BP,GO:0071396,cellular response to lipid,1.0,48,600,3,DUSP13;GIT1;KCNJ11
all76,GO:BP,GO:0071392,cellular response to estradiol stimulus,1.0,48,33,1,DUSP13
all76,GO:BP,GO:0071375,cellular response to peptide hormone stimulus,1.0,48,351,2,CDC123;Metazoa_SRP
all76,GO:BP,GO:0071363,cellular response to growth factor stimulus,1.0,48,706,2,CHD4;RP1-159A19.4
all76,GO:BP,GO:0071357,cellular response to type I interferon,1.0,48,86,1,YTHDF2
all76,GO:BP,GO:0071346,cellular response to type II interferon,1.0,48,101,1,FAM184A
all76,GO:BP,GO:0071345,cellular response to cytokine stimulus,1.0,48,891,2,FAM184A;YTHDF2
all76,GO:BP,GO:0071333,cellular response to glucose stimulus,1.0,48,139,2,HSD17B12;NTAN1
all76,GO:BP,GO:0071331,cellular response to hexose stimulus,1.0,48,142,2,HSD17B12;NTAN1
all76,GO:BP,GO:0071326,cellular response to monosaccharide stimulus,1.0,48,144,2,HSD17B12;NTAN1
all76,GO:BP,GO:0071322,cellular response to carbohydrate stimulus,1.0,48,151,2,HSD17B12;NTAN1
all76,GO:BP,GO:0071230,cellular response to amino acid stimulus,1.0,48,87,1,KRT8P46
all76,GO:BP,GO:0071229,cellular response to acid chemical,1.0,48,95,1,KRT8P46
all76,GO:BP,GO:0071222,cellular response to lipopolysaccharide,1.0,48,214,1,KCNJ11
all76,GO:BP,GO:0071219,cellular response to molecule of bacterial origin,1.0,48,225,1,KCNJ11
all76,GO:BP,GO:0071773,cellular response to BMP stimulus,1.0,48,171,1,RP1-159A19.4
all76,GO:BP,GO:0071772,response to BMP,1.0,48,171,1,RP1-159A19.4
all76,GO:BP,GO:0071705,nitrogen compound transport,1.0,48,798,3,NTAN1;RP11-464F9.1;TSPAN14
all76,GO:BP,GO:0071695,anatomical structure maturation,1.0,48,272,2,NTAN1;YTHDF2
all76,GO:BP,GO:0071692,protein localization to extracellular region,1.0,48,366,2,NTAN1;RP11-464F9.1
all76,GO:BP,GO:0071677,positive regulation of mononuclear cell migration,1.0,48,96,1,MAST4-AS1
all76,GO:BP,GO:0071675,regulation of mononuclear cell migration,1.0,48,142,1,MAST4-AS1
all76,GO:BP,GO:0071674,mononuclear cell migration,1.0,48,223,1,MAST4-AS1
all76,GO:BP,GO:0071670,smooth muscle cell chemotaxis,1.0,48,8,1,NRBF2
all76,GO:BP,GO:0071636,positive regulation of transforming growth factor beta production,1.0,48,17,1,RP1-159A19.4
all76,GO:BP,GO:0071634,regulation of transforming growth factor beta production,1.0,48,30,1,RP1-159A19.4
all76,GO:BP,GO:0071616,acyl-CoA biosynthetic process,1.0,48,51,1,RP11-464F9.9
all76,GO:BP,GO:0071604,transforming growth factor beta production,1.0,48,33,1,RP1-159A19.4
all76,GO:BP,GO:0071560,cellular response to transforming growth factor beta stimulus,1.0,48,257,2,CHD4;RP1-159A19.4
all76,GO:BP,GO:0071559,response to transforming growth factor beta,1.0,48,264,2,CHD4;RP1-159A19.4
all76,GO:BP,GO:0071495,cellular response to endogenous stimulus,1.0,48,1238,4,CDC123;CHD4;Metazoa_SRP;RP1-159A19.4
all76,GO:BP,GO:0072384,organelle transport along microtubule,1.0,48,90,1,MED27
all76,GO:BP,GO:0072359,circulatory system development,1.0,48,1135,5,ARL13B;NRBF2;RP1-159A19.4;RP11-464F9.1;U6
all76,GO:BP,GO:0072330,monocarboxylic acid biosynthetic process,1.0,48,215,2,RP11-464F9.9;ZNF236
all76,GO:BP,GO:0072329,monocarboxylic acid catabolic process,1.0,48,124,1,CDC123
all76,GO:BP,GO:0072132,mesenchyme morphogenesis,1.0,48,58,1,RP1-159A19.4
all76,GO:BP,GO:0072089,stem cell proliferation,1.0,48,125,1,YTHDF2
all76,GO:BP,GO:0071963,establishment or maintenance of cell polarity regulating cell shape,1.0,48,4,1,NRBF2
all76,GO:BP,GO:0071941,nitrogen cycle metabolic process,1.0,48,17,1,FAM184A
all76,GO:BP,GO:0071902,positive regulation of protein serine/threonine kinase activity,1.0,48,110,1,ARG1
all76,GO:BP,GO:0071900,regulation of protein serine/threonine kinase activity,1.0,48,193,1,ARG1
all76,GO:BP,GO:0071887,leukocyte apoptotic process,1.0,48,117,1,U6
all76,GO:BP,GO:0071840,cellular component organization or biogenesis,1.0,48,8538,21,ARL13B;BLOC1S2;BMPR1A;C6orf106;GIT1;KCNJ11;LRRC41;MAST4-AS1;MED27;Metazoa_SRP;NRBF2;NTAN1;PHBP9;PTPRN;RP1-159A19.4;RP11-464F9.9;SH3BGRL3;THAP8;U6;YTHDF2;ZBTB6
all76,GO:BP,GO:0071838,cell proliferation in bone marrow,1.0,48,8,1,U6
all76,GO:BP,GO:0071830,triglyceride-rich lipoprotein particle clearance,1.0,48,7,1,U6
all76,GO:BP,GO:0071824,protein-DNA complex organization,1.0,48,233,2,MAST4-AS1;ZBTB6
all76,GO:BP,GO:0071805,potassium ion transmembrane transport,1.0,48,199,1,RP11-464F9.1
all76,GO:BP,GO:0072666,establishment of protein localization to vacuole,1.0,48,57,1,AC002116.7
all76,GO:BP,GO:0072665,protein localization to vacuole,1.0,48,79,1,AC002116.7
all76,GO:BP,GO:0072659,protein localization to plasma membrane,1.0,48,286,1,RP4-756G23.5
all76,GO:BP,GO:0072657,protein localization to membrane,1.0,48,445,2,ARL13B;RP4-756G23.5
all76,GO:BP,GO:0072594,establishment of protein localization to organelle,1.0,48,587,1,AC002116.7
all76,GO:BP,GO:0072593,reactive oxygen species metabolic process,1.0,48,228,1,U6
all76,GO:BP,GO:0072583,clathrin-dependent endocytosis,1.0,48,49,1,C6orf106
all76,GO:BP,GO:0072576,liver morphogenesis,1.0,48,3,1,U6
all76,GO:BP,GO:0072553,terminal button organization,1.0,48,6,1,PHBP9
all76,GO:BP,GO:0072539,T-helper 17 cell differentiation,1.0,48,41,1,ZNF34
all76,GO:BP,GO:0072538,T-helper 17 type immune response,1.0,48,55,1,ZNF34
all76,GO:BP,GO:0072526,pyridine-containing compound catabolic process,1.0,48,105,2,KCNJ11;U6
all76,GO:BP,GO:0072524,pyridine-containing compound metabolic process,1.0,48,173,2,KCNJ11;U6
all76,GO:BP,GO:0072523,purine-containing compound catabolic process,1.0,48,157,2,KCNJ11;U6
all76,GO:BP,GO:0072522,purine-containing compound biosynthetic process,1.0,48,258,2,RP11-464F9.9;U6
all76,GO:BP,GO:0072521,purine-containing compound metabolic process,1.0,48,567,3,KCNJ11;RP11-464F9.9;U6
all76,GO:BP,GO:0090181,regulation of cholesterol metabolic process,1.0,48,42,1,GIT1
all76,GO:BP,GO:0090101,negative regulation of transmembrane receptor protein serine/threonine kinase signaling pathway,1.0,48,149,1,CHD4
all76,GO:BP,GO:0090100,positive regulation of transmembrane receptor protein serine/threonine kinase signaling pathway,1.0,48,106,1,RP1-159A19.4
all76,GO:BP,GO:0090092,regulation of transmembrane receptor protein serine/threonine kinase signaling pathway,1.0,48,270,2,CHD4;RP1-159A19.4
all76,GO:BP,GO:0090087,regulation of peptide transport,1.0,48,209,1,RP11-464F9.1
all76,GO:BP,GO:0090066,regulation of anatomical structure size,1.0,48,498,1,MED27
all76,GO:BP,GO:0090063,positive regulation of microtubule nucleation,1.0,48,8,1,KCNJ11
all76,GO:BP,GO:0090037,positive regulation of protein kinase C signaling,1.0,48,3,1,GIT1
all76,GO:BP,GO:0090036,regulation of protein kinase C signaling,1.0,48,4,1,GIT1
all76,GO:BP,GO:0090030,regulation of steroid hormone biosynthetic process,1.0,48,15,1,GIT1
all76,GO:BP,GO:0080171,lytic vacuole organization,1.0,48,111,1,U6
all76,GO:BP,GO:0080134,regulation of response to stress,1.0,48,1410,4,FAM184A;KCNJ11;YTHDF2;ZNF236
all76,GO:BP,GO:0072683,T cell extravasation,1.0,48,15,1,MAST4-AS1
all76,GO:BP,GO:0072678,T cell migration,1.0,48,78,1,MAST4-AS1
all76,GO:BP,GO:0072676,lymphocyte migration,1.0,48,112,1,MAST4-AS1
all76,GO:BP,GO:0097305,response to alcohol,1.0,48,238,1,U6
all76,GO:BP,GO:0097191,extrinsic apoptotic signaling pathway,1.0,48,233,1,MED27
all76,GO:BP,GO:0097190,apoptotic signaling pathway,1.0,48,612,1,MED27
all76,GO:BP,GO:0097009,energy homeostasis,1.0,48,84,1,U6
all76,GO:BP,GO:0097006,regulation of plasma lipoprotein particle levels,1.0,48,78,1,U6
all76,GO:BP,GO:0090596,sensory organ morphogenesis,1.0,48,294,1,LRIG1
all76,GO:BP,GO:0090594,inflammatory response to wounding,1.0,48,29,1,KCNJ11
all76,GO:BP,GO:0090559,regulation of membrane permeability,1.0,48,67,1,MED27
all76,GO:BP,GO:0090407,organophosphate biosynthetic process,1.0,48,603,4,CTD-2037K23.2;GIT1;RP11-464F9.9;U6
all76,GO:BP,GO:0090398,cellular senescence,1.0,48,98,1,RP1-159A19.4
all76,GO:BP,GO:0090304,nucleic acid metabolic process,1.0,48,7401,21,BLOC1S2;CDC123;CHD4;DAGLB;DUSP13;GIT1;HERPUD2;HSD17B12;MAST4-AS1;MED27;NTAN1;PHBP9;PTPRN;RP1-159A19.4;SAP130;SNX16;SPDYE2;TSPAN14;YTHDF2;ZBTB6;ZNF34
all76,GO:BP,GO:0090287,regulation of cellular response to growth factor stimulus,1.0,48,318,1,CHD4
all76,GO:BP,GO:0090278,negative regulation of peptide hormone secretion,1.0,48,49,1,RP11-464F9.1
all76,GO:BP,GO:0090276,regulation of peptide hormone secretion,1.0,48,204,1,RP11-464F9.1
all76,GO:BP,GO:0090208,positive regulation of triglyceride metabolic process,1.0,48,19,1,ZNF236
all76,GO:BP,GO:0090207,regulation of triglyceride metabolic process,1.0,48,38,1,ZNF236
all76,GO:BP,GO:0098916,anterograde trans-synaptic signaling,1.0,48,765,1,KCNJ11
all76,GO:BP,GO:0098813,nuclear chromosome segregation,1.0,48,324,1,PTPRN
all76,GO:BP,GO:0098739,import across plasma membrane,1.0,48,257,1,RP11-464F9.1
all76,GO:BP,GO:0098727,maintenance of cell number,1.0,48,185,3,CHD4;RP1-159A19.4;ZBTB6
all76,GO:BP,GO:0098659,inorganic cation import across plasma membrane,1.0,48,125,1,RP11-464F9.1
all76,GO:BP,GO:0098657,import into cell,1.0,48,958,4,C6orf106;GIT1;RP11-464F9.1;U6
all76,GO:BP,GO:0098655,monoatomic cation transmembrane transport,1.0,48,859,1,RP11-464F9.1
all76,GO:BP,GO:0098609,cell-cell adhesion,1.0,48,965,5,C6orf106;FAM184A;NRBF2;YTHDF2;ZNF34
all76,GO:BP,GO:0098542,defense response to other organism,1.0,48,1121,2,FAM184A;YTHDF2
all76,GO:BP,GO:0098508,endothelial to hematopoietic transition,1.0,48,3,1,YTHDF2
all76,GO:BP,GO:0097500,receptor localization to non-motile cilium,1.0,48,5,1,ARL13B
all76,GO:BP,GO:0097499,protein localization to non-motile cilium,1.0,48,13,1,ARL13B
all76,GO:BP,GO:0097494,regulation of vesicle size,1.0,48,18,1,MED27
all76,GO:BP,GO:0097479,synaptic vesicle localization,1.0,48,62,1,MED27
all76,GO:BP,GO:0097435,supramolecular fiber organization,1.0,48,798,2,KCNJ11;MED27
all76,GO:BP,GO:0097345,mitochondrial outer membrane permeabilization,1.0,48,34,1,MED27
all76,GO:BP,GO:0099643,signal release from synapse,1.0,48,149,1,KCNJ11
all76,GO:BP,GO:0099587,inorganic ion import across plasma membrane,1.0,48,125,1,RP11-464F9.1
all76,GO:BP,GO:0099537,trans-synaptic signaling,1.0,48,772,1,KCNJ11
all76,GO:BP,GO:0099536,synaptic signaling,1.0,48,803,1,KCNJ11
all76,GO:BP,GO:0099518,vesicle cytoskeletal trafficking,1.0,48,59,1,MED27
all76,GO:BP,GO:0099517,synaptic vesicle transport along microtubule,1.0,48,19,1,MED27
all76,GO:BP,GO:0099514,synaptic vesicle cytoskeletal transport,1.0,48,19,1,MED27
all76,GO:BP,GO:0099505,regulation of presynaptic membrane potential,1.0,48,31,1,RP11-464F9.1
all76,GO:BP,GO:0099504,synaptic vesicle cycle,1.0,48,211,2,GIT1;KCNJ11
all76,GO:BP,GO:0099177,regulation of trans-synaptic signaling,1.0,48,504,1,KCNJ11
all76,GO:BP,GO:0099172,presynapse organization,1.0,48,54,1,PHBP9
all76,GO:BP,GO:0099171,presynaptic modulation of chemical synaptic transmission,1.0,48,38,1,KCNJ11
all76,GO:BP,GO:0099111,microtubule-based transport,1.0,48,222,1,MED27
all76,GO:BP,GO:0099003,vesicle-mediated transport in synapse,1.0,48,246,2,GIT1;KCNJ11
all76,GO:BP,GO:0098930,axonal transport,1.0,48,66,1,MED27
all76,GO:BP,GO:0098927,vesicle-mediated transport between endosomal compartments,1.0,48,46,1,AC002116.7
all76,GO:BP,GO:0140354,lipid import into cell,1.0,48,21,1,U6
all76,GO:BP,GO:0140352,export from cell,1.0,48,914,3,KCNJ11;NTAN1;RP11-464F9.1
all76,GO:BP,GO:0140238,presynaptic endocytosis,1.0,48,75,1,GIT1
all76,GO:BP,GO:0140053,mitochondrial gene expression,1.0,48,175,1,SNX16
all76,GO:BP,GO:0140013,meiotic nuclear division,1.0,48,199,1,PTPRN
all76,GO:BP,GO:0120255,olefinic compound biosynthetic process,1.0,48,30,1,GIT1
all76,GO:BP,GO:0120254,olefinic compound metabolic process,1.0,48,158,2,GIT1;ZNF236
all76,GO:BP,GO:0120178,steroid hormone biosynthetic process,1.0,48,47,2,GIT1;RP11-464F9.9
all76,GO:BP,GO:0120162,positive regulation of cold-induced thermogenesis,1.0,48,101,1,KRT8P46
all76,GO:BP,GO:0120161,regulation of cold-induced thermogenesis,1.0,48,150,1,KRT8P46
all76,GO:BP,GO:0120036,plasma membrane bounded cell projection organization,1.0,48,1582,4,ARL13B;MED27;NRBF2;RP1-159A19.4
all76,GO:BP,GO:0120035,regulation of plasma membrane bounded cell projection organization,1.0,48,623,1,RP1-159A19.4
all76,GO:BP,GO:0120031,plasma membrane bounded cell projection assembly,1.0,48,602,2,ARL13B;NRBF2
all76,GO:BP,GO:0106106,cold-induced thermogenesis,1.0,48,151,1,KRT8P46
all76,GO:BP,GO:0106015,negative regulation of inflammatory response to wounding,1.0,48,10,1,KCNJ11
all76,GO:BP,GO:0106014,regulation of inflammatory response to wounding,1.0,48,12,1,KCNJ11
all76,GO:BP,GO:0170039,proteinogenic amino acid metabolic process,1.0,48,142,1,FAM184A
all76,GO:BP,GO:0170035,L-amino acid catabolic process,1.0,48,81,1,FAM184A
all76,GO:BP,GO:0170033,L-amino acid metabolic process,1.0,48,143,1,FAM184A
all76,GO:BP,GO:0160307,protein biosynthetic process,1.0,48,712,2,DGKQ;YTHDF2
all76,GO:BP,GO:0141188,nucleic acid catabolic process,1.0,48,341,3,SNX16;YTHDF2;ZNF34
all76,GO:BP,GO:0141187,nucleic acid biosynthetic process,1.0,48,6735,19,BLOC1S2;CDC123;CHD4;DAGLB;DUSP13;GIT1;HERPUD2;HSD17B12;MAST4-AS1;MED27;NTAN1;PHBP9;RP1-159A19.4;SAP130;SNX16;SPDYE2;TSPAN14;YTHDF2;ZBTB6
all76,GO:BP,GO:0141124,intracellular signaling cassette,1.0,48,1866,6,KCNJ11;KRT8P46;RP1-159A19.4;RP11-464F9.1;U6;ZNF34
all76,GO:BP,GO:0141091,transforming growth factor beta receptor superfamily signaling pathway,1.0,48,345,2,CHD4;RP1-159A19.4
all76,GO:BP,GO:0141061,disruption of cell in another organism,1.0,48,79,1,FAM184A
all76,GO:BP,GO:0141060,disruption of anatomical structure in another organism,1.0,48,83,1,FAM184A
all76,GO:BP,GO:0140962,multicellular organismal-level chemical homeostasis,1.0,48,79,1,U6
all76,GO:BP,GO:0140888,interferon-mediated signaling pathway,1.0,48,111,2,FAM184A;YTHDF2
all76,GO:BP,GO:0140718,facultative heterochromatin formation,1.0,48,14,1,BLOC1S2
all76,GO:BP,GO:0140694,membraneless organelle assembly,1.0,48,436,1,YTHDF2
all76,GO:BP,GO:0140546,defense response to symbiont,1.0,48,1100,2,FAM184A;YTHDF2
all76,GO:BP,GO:0140527,reciprocal homologous recombination,1.0,48,59,1,PTPRN
all76,GO:BP,GO:1901355,response to rapamycin,1.0,48,6,1,U6
all76,GO:BP,GO:1901293,nucleoside phosphate biosynthetic process,1.0,48,317,2,RP11-464F9.9;U6
all76,GO:BP,GO:1901292,nucleoside phosphate catabolic process,1.0,48,184,2,KCNJ11;U6
all76,GO:BP,GO:1901224,positive regulation of non-canonical NF-kappaB signal transduction,1.0,48,63,1,ZNF34
all76,GO:BP,GO:1901222,regulation of non-canonical NF-kappaB signal transduction,1.0,48,94,1,ZNF34
all76,GO:BP,GO:1901137,carbohydrate derivative biosynthetic process,1.0,48,556,2,CTD-2037K23.2;U6
all76,GO:BP,GO:1901136,carbohydrate derivative catabolic process,1.0,48,248,2,KCNJ11;U6
all76,GO:BP,GO:1901135,carbohydrate derivative metabolic process,1.0,48,943,3,CTD-2037K23.2;KCNJ11;U6
all76,GO:BP,GO:1900543,negative regulation of purine nucleotide metabolic process,1.0,48,27,1,KCNJ11
all76,GO:BP,GO:1900542,regulation of purine nucleotide metabolic process,1.0,48,85,1,KCNJ11
all76,GO:BP,GO:1900242,regulation of synaptic vesicle endocytosis,1.0,48,20,1,GIT1
all76,GO:BP,GO:1900150,regulation of defense response to fungus,1.0,48,6,1,FAM184A
all76,GO:BP,GO:1900006,positive regulation of dendrite development,1.0,48,15,1,RP1-159A19.4
all76,GO:BP,GO:0180046,GPI anchored protein biosynthesis,1.0,48,32,1,CTD-2037K23.2
all76,GO:BP,GO:0170062,nutrient storage,1.0,48,90,2,DUSP13;U6
all76,GO:BP,GO:0170040,proteinogenic amino acid catabolic process,1.0,48,79,1,FAM184A
all76,GO:BP,GO:1902106,negative regulation of leukocyte differentiation,1.0,48,111,1,ZNF34
all76,GO:BP,GO:1902105,regulation of leukocyte differentiation,1.0,48,329,1,ZNF34
all76,GO:BP,GO:1902036,regulation of hematopoietic stem cell differentiation,1.0,48,16,1,YTHDF2
all76,GO:BP,GO:1901888,regulation of cell junction assembly,1.0,48,258,1,PHBP9
all76,GO:BP,GO:1901701,cellular response to oxygen-containing compound,1.0,48,1194,7,CDC123;DUSP13;GIT1;HSD17B12;KCNJ11;Metazoa_SRP;NTAN1
all76,GO:BP,GO:1901700,response to oxygen-containing compound,1.0,48,1632,10,CDC123;DGKQ;DUSP13;GIT1;HSD17B12;KCNJ11;Metazoa_SRP;NTAN1;RP11-464F9.1;U6
all76,GO:BP,GO:1901699,cellular response to nitrogen compound,1.0,48,676,2,CDC123;Metazoa_SRP
all76,GO:BP,GO:1901698,response to nitrogen compound,1.0,48,941,6,CDC123;DGKQ;GIT1;Metazoa_SRP;RP11-464F9.1;U6
all76,GO:BP,GO:1901696,cannabinoid biosynthetic process,1.0,48,3,1,ZNF236
all76,GO:BP,GO:1901654,response to ketone,1.0,48,205,1,U6
all76,GO:BP,GO:1901652,response to peptide,1.0,48,993,2,FAM184A;YTHDF2
all76,GO:BP,GO:1901606,alpha-amino acid catabolic process,1.0,48,89,1,FAM184A
all76,GO:BP,GO:1901605,alpha-amino acid metabolic process,1.0,48,186,1,FAM184A
all76,GO:BP,GO:1901570,fatty acid derivative biosynthetic process,1.0,48,51,1,RP11-464F9.9
all76,GO:BP,GO:1901568,fatty acid derivative metabolic process,1.0,48,77,1,RP11-464F9.9
all76,GO:BP,GO:1901532,regulation of hematopoietic progenitor cell differentiation,1.0,48,40,1,YTHDF2
all76,GO:BP,GO:1902903,regulation of supramolecular fiber organization,1.0,48,377,1,KCNJ11
all76,GO:BP,GO:1902895,positive regulation of miRNA transcription,1.0,48,57,1,RP1-159A19.4
all76,GO:BP,GO:1902893,regulation of miRNA transcription,1.0,48,75,1,RP1-159A19.4
all76,GO:BP,GO:1902686,mitochondrial outer membrane permeabilization involved in programmed cell death,1.0,48,40,1,MED27
all76,GO:BP,GO:1902680,positive regulation of RNA biosynthetic process,1.0,48,1674,10,BLOC1S2;CDC123;DUSP13;MAST4-AS1;MED27;NTAN1;PHBP9;RP1-159A19.4;SAP130;ZBTB6
all76,GO:BP,GO:1902679,negative regulation of RNA biosynthetic process,1.0,48,1284,6,BLOC1S2;CHD4;DUSP13;PHBP9;SAP130;SPDYE2
all76,GO:BP,GO:1902653,secondary alcohol biosynthetic process,1.0,48,61,1,U6
all76,GO:BP,GO:1902652,secondary alcohol metabolic process,1.0,48,154,2,GIT1;U6
all76,GO:BP,GO:1902645,tertiary alcohol biosynthetic process,1.0,48,10,1,GIT1
all76,GO:BP,GO:1902644,tertiary alcohol metabolic process,1.0,48,22,1,GIT1
all76,GO:BP,GO:1902533,positive regulation of intracellular signal transduction,1.0,48,1108,4,GIT1;KRT8P46;RP1-159A19.4;ZNF34
all76,GO:BP,GO:1902531,regulation of intracellular signal transduction,1.0,48,1945,5,GIT1;KCNJ11;KRT8P46;RP1-159A19.4;ZNF34
all76,GO:BP,GO:1902459,positive regulation of stem cell population maintenance,1.0,48,49,1,CHD4
all76,GO:BP,GO:1902455,negative regulation of stem cell population maintenance,1.0,48,22,1,CHD4
all76,GO:BP,GO:1902110,positive regulation of mitochondrial membrane permeability involved in apoptotic process,1.0,48,38,1,MED27
all76,GO:BP,GO:1902108,regulation of mitochondrial membrane permeability involved in apoptotic process,1.0,48,44,1,MED27
all76,GO:BP,GO:1903421,regulation of synaptic vesicle recycling,1.0,48,25,1,GIT1
all76,GO:BP,GO:1903413,cellular response to bile acid,1.0,48,4,1,GIT1
all76,GO:BP,GO:1903412,response to bile acid,1.0,48,6,1,GIT1
all76,GO:BP,GO:1903409,reactive oxygen species biosynthetic process,1.0,48,56,1,U6
all76,GO:BP,GO:1903313,positive regulation of mRNA metabolic process,1.0,48,136,2,YTHDF2;ZNF34
all76,GO:BP,GO:1903311,regulation of mRNA metabolic process,1.0,48,304,3,SNX16;YTHDF2;ZNF34
all76,GO:BP,GO:1903305,regulation of regulated secretory pathway,1.0,48,126,1,KCNJ11
all76,GO:BP,GO:1903131,mononuclear cell differentiation,1.0,48,523,3,TSPAN14;U6;ZNF34
all76,GO:BP,GO:1903046,meiotic cell cycle process,1.0,48,222,2,PTPRN;YTHDF2
all76,GO:BP,GO:1903039,positive regulation of leukocyte cell-cell adhesion,1.0,48,276,1,C6orf106
all76,GO:BP,GO:1903038,negative regulation of leukocyte cell-cell adhesion,1.0,48,143,2,FAM184A;ZNF34
all76,GO:BP,GO:1903037,regulation of leukocyte cell-cell adhesion,1.0,48,375,3,C6orf106;FAM184A;ZNF34
all76,GO:BP,GO:1903035,negative regulation of response to wounding,1.0,48,94,1,KCNJ11
all76,GO:BP,GO:1903034,regulation of response to wounding,1.0,48,163,1,KCNJ11
all76,GO:BP,GO:1902930,regulation of alcohol biosynthetic process,1.0,48,49,1,GIT1
all76,GO:BP,GO:1902905,positive regulation of supramolecular fiber organization,1.0,48,171,1,KCNJ11
all76,GO:BP,GO:1904031,positive regulation of cyclin-dependent protein kinase activity,1.0,48,29,1,ARG1
all76,GO:BP,GO:1903844,regulation of cellular response to transforming growth factor beta stimulus,1.0,48,142,1,CHD4
all76,GO:BP,GO:1903828,negative regulation of protein localization,1.0,48,202,1,RP11-464F9.1
all76,GO:BP,GO:1903707,negative regulation of hemopoiesis,1.0,48,116,1,ZNF34
all76,GO:BP,GO:1903706,regulation of hemopoiesis,1.0,48,425,1,ZNF34
all76,GO:BP,GO:1903679,positive regulation of cap-independent translational initiation,1.0,48,3,1,YTHDF2
all76,GO:BP,GO:1903677,regulation of cap-independent translational initiation,1.0,48,3,1,YTHDF2
all76,GO:BP,GO:1903579,negative regulation of ATP metabolic process,1.0,48,24,1,KCNJ11
all76,GO:BP,GO:1903578,regulation of ATP metabolic process,1.0,48,75,1,KCNJ11
all76,GO:BP,GO:1903538,regulation of meiotic cell cycle process involved in oocyte maturation,1.0,48,2,1,YTHDF2
all76,GO:BP,GO:1903537,meiotic cell cycle process involved in oocyte maturation,1.0,48,7,1,YTHDF2
all76,GO:BP,GO:1903531,negative regulation of secretion by cell,1.0,48,146,1,RP11-464F9.1
all76,GO:BP,GO:1903530,regulation of secretion by cell,1.0,48,556,2,KCNJ11;RP11-464F9.1
all76,GO:BP,GO:1903509,liposaccharide metabolic process,1.0,48,106,1,CTD-2037K23.2
all76,GO:BP,GO:1903441,protein localization to ciliary membrane,1.0,48,12,1,ARL13B
all76,GO:BP,GO:1903432,regulation of TORC1 signaling,1.0,48,99,1,GIT1
all76,GO:BP,GO:1990573,potassium ion import across plasma membrane,1.0,48,47,1,RP11-464F9.1
all76,GO:BP,GO:1990502,dense core granule maturation,1.0,48,3,1,NTAN1
all76,GO:BP,GO:1905770,regulation of mesodermal cell differentiation,1.0,48,8,1,RP1-159A19.4
all76,GO:BP,GO:1905710,positive regulation of membrane permeability,1.0,48,46,1,MED27
all76,GO:BP,GO:1905515,non-motile cilium assembly,1.0,48,67,1,ARL13B
all76,GO:BP,GO:1905285,fibrous ring of heart morphogenesis,1.0,48,1,1,RP1-159A19.4
all76,GO:BP,GO:1905143,eukaryotic translation initiation factor 2 complex assembly,1.0,48,1,1,THAP8
all76,GO:BP,GO:1904950,negative regulation of establishment of protein localization,1.0,48,124,1,RP11-464F9.1
all76,GO:BP,GO:1904707,positive regulation of vascular associated smooth muscle cell proliferation,1.0,48,35,1,RP1-159A19.4
all76,GO:BP,GO:1904705,regulation of vascular associated smooth muscle cell proliferation,1.0,48,57,1,RP1-159A19.4
all76,GO:BP,GO:1904692,positive regulation of type B pancreatic cell proliferation,1.0,48,5,1,NTAN1
all76,GO:BP,GO:1904690,positive regulation of cytoplasmic translational initiation,1.0,48,7,1,YTHDF2
all76,GO:BP,GO:1904688,regulation of cytoplasmic translational initiation,1.0,48,9,1,YTHDF2
all76,GO:BP,GO:1904638,response to resveratrol,1.0,48,2,1,RP11-464F9.1
all76,GO:BP,GO:1904414,positive regulation of cardiac ventricle development,1.0,48,1,1,RP1-159A19.4
all76,GO:BP,GO:1904412,regulation of cardiac ventricle development,1.0,48,1,1,RP1-159A19.4
all76,GO:BP,GO:2000241,regulation of reproductive process,1.0,48,196,1,YTHDF2
all76,GO:BP,GO:2000232,regulation of rRNA processing,1.0,48,15,1,YTHDF2
all76,GO:BP,GO:2000182,regulation of progesterone biosynthetic process,1.0,48,3,1,GIT1
all76,GO:BP,GO:2000147,positive regulation of cell motility,1.0,48,571,3,KRT8P46;MAST4-AS1;SAP130
all76,GO:BP,GO:2000146,negative regulation of cell motility,1.0,48,308,2,CHD4;RP1-159A19.4
all76,GO:BP,GO:2000145,regulation of cell motility,1.0,48,1005,5,CHD4;KRT8P46;MAST4-AS1;RP1-159A19.4;SAP130
all76,GO:BP,GO:2000144,positive regulation of DNA-templated transcription initiation,1.0,48,68,2,MAST4-AS1;ZBTB6
all76,GO:BP,GO:2000142,regulation of DNA-templated transcription initiation,1.0,48,81,2,MAST4-AS1;ZBTB6
all76,GO:BP,GO:2000064,regulation of cortisol biosynthetic process,1.0,48,7,1,GIT1
all76,GO:BP,GO:2000036,regulation of stem cell population maintenance,1.0,48,70,1,CHD4
all76,GO:BP,GO:2000027,regulation of animal organ morphogenesis,1.0,48,82,1,RP1-159A19.4
all76,GO:BP,GO:2000026,regulation of multicellular organismal development,1.0,48,1392,3,RP1-159A19.4;YTHDF2;ZNF34
all76,GO:BP,GO:1990874,vascular associated smooth muscle cell proliferation,1.0,48,58,1,RP1-159A19.4
all76,GO:BP,GO:1990849,vacuolar localization,1.0,48,88,1,MED27
all76,GO:BP,GO:1990845,adaptive thermogenesis,1.0,48,167,2,KRT8P46;U6
all76,GO:BP,GO:1990778,protein localization to cell periphery,1.0,48,355,2,ARL13B;RP4-756G23.5
all76,GO:BP,GO:2000628,regulation of miRNA metabolic process,1.0,48,90,2,RP1-159A19.4;ZNF34
all76,GO:BP,GO:2000552,negative regulation of T-helper 2 cell cytokine production,1.0,48,4,1,FAM184A
all76,GO:BP,GO:2000551,regulation of T-helper 2 cell cytokine production,1.0,48,13,1,FAM184A
all76,GO:BP,GO:2000515,"negative regulation of CD4-positive, alpha-beta T cell activation",1.0,48,37,1,ZNF34
all76,GO:BP,GO:2000514,"regulation of CD4-positive, alpha-beta T cell activation",1.0,48,82,1,ZNF34
all76,GO:BP,GO:2000409,positive regulation of T cell extravasation,1.0,48,4,1,MAST4-AS1
all76,GO:BP,GO:2000407,regulation of T cell extravasation,1.0,48,6,1,MAST4-AS1
all76,GO:BP,GO:2000406,positive regulation of T cell migration,1.0,48,37,1,MAST4-AS1
all76,GO:BP,GO:2000404,regulation of T cell migration,1.0,48,52,1,MAST4-AS1
all76,GO:BP,GO:2000403,positive regulation of lymphocyte migration,1.0,48,45,1,MAST4-AS1
all76,GO:BP,GO:2000401,regulation of lymphocyte migration,1.0,48,72,1,MAST4-AS1
all76,GO:BP,GO:2000320,negative regulation of T-helper 17 cell differentiation,1.0,48,15,1,ZNF34
all76,GO:BP,GO:2000319,regulation of T-helper 17 cell differentiation,1.0,48,29,1,ZNF34
all76,GO:BP,GO:2000317,negative regulation of T-helper 17 type immune response,1.0,48,16,1,ZNF34
all76,GO:BP,GO:2000316,regulation of T-helper 17 type immune response,1.0,48,39,1,ZNF34
all76,GO:BP,GO:2000300,regulation of synaptic vesicle exocytosis,1.0,48,48,1,KCNJ11
all76,KEGG,KEGG:00860,Porphyrin metabolism,1.0,23,46,1,RP11-98D18.9
all76,KEGG,KEGG:00564,Glycerophospholipid metabolism,1.0,23,102,2,CDC123;GIT1
all76,KEGG,KEGG:00563,Glycosylphosphatidylinositol (GPI)-anchor biosynthesis,1.0,23,30,1,CTD-2037K23.2
all76,KEGG,KEGG:00330,Arginine and proline metabolism,1.0,23,48,1,FAM184A
all76,KEGG,KEGG:00220,Arginine biosynthesis,1.0,23,23,1,FAM184A
all76,KEGG,KEGG:00140,Steroid hormone biosynthesis,1.0,23,66,1,RP11-464F9.9
all76,KEGG,KEGG:00100,Steroid biosynthesis,1.0,23,20,1,U6
all76,KEGG,KEGG:00062,Fatty acid elongation,1.0,23,28,1,RP11-464F9.9
all76,KEGG,KEGG:00000,KEGG root term,1.0,23,8716,23,ARG1;CDC123;CTD-2037K23.2;DGKQ;FAM184A;GIT1;KCNJ11;KRT8P46;MED27;Metazoa_SRP;NRBF2;NTAN1;PHBP9;PTPRN;RC3H2;RP1-159A19.4;RP11-464F9.1;RP11-464F9.9;RP11-98D18.9;TSPAN14;U6;ZBTB6;ZNF236
all76,GO:BP,GO:2001141,regulation of RNA biosynthetic process,1.0,48,3397,16,BLOC1S2;CDC123;CHD4;DAGLB;DUSP13;GIT1;HERPUD2;HSD17B12;MAST4-AS1;MED27;NTAN1;PHBP9;RP1-159A19.4;SAP130;SPDYE2;ZBTB6
all76,GO:BP,GO:2000772,regulation of cellular senescence,1.0,48,44,1,RP1-159A19.4
all76,GO:BP,GO:2000765,regulation of cytoplasmic translation,1.0,48,36,1,YTHDF2
all76,GO:BP,GO:2000737,negative regulation of stem cell differentiation,1.0,48,25,1,YTHDF2
all76,GO:BP,GO:2000736,regulation of stem cell differentiation,1.0,48,81,2,PHBP9;YTHDF2
all76,GO:BP,GO:2000630,positive regulation of miRNA metabolic process,1.0,48,66,1,RP1-159A19.4
all76,KEGG,KEGG:04070,Phosphatidylinositol signaling system,1.0,23,98,1,GIT1
all76,KEGG,KEGG:04060,Cytokine-cytokine receptor interaction,1.0,23,291,1,RP1-159A19.4
all76,KEGG,KEGG:04020,Calcium signaling pathway,1.0,23,251,1,KRT8P46
all76,KEGG,KEGG:04015,Rap1 signaling pathway,1.0,23,212,1,KRT8P46
all76,KEGG,KEGG:04014,Ras signaling pathway,1.0,23,237,1,KRT8P46
all76,KEGG,KEGG:04010,MAPK signaling pathway,1.0,23,300,1,KRT8P46
all76,KEGG,KEGG:03430,Mismatch repair,1.0,23,23,1,PTPRN
all76,KEGG,KEGG:03082,ATP-dependent chromatin remodeling,1.0,23,117,1,PHBP9
all76,KEGG,KEGG:03040,Spliceosome,1.0,23,199,1,TSPAN14
all76,KEGG,KEGG:03013,Nucleocytoplasmic transport,1.0,23,108,1,TSPAN14
all76,KEGG,KEGG:01521,EGFR tyrosine kinase inhibitor resistance,1.0,23,80,1,KRT8P46
all76,KEGG,KEGG:01240,Biosynthesis of cofactors,1.0,23,154,1,RP11-98D18.9
all76,KEGG,KEGG:01230,Biosynthesis of amino acids,1.0,23,74,1,FAM184A
all76,KEGG,KEGG:01212,Fatty acid metabolism,1.0,23,57,1,RP11-464F9.9
all76,KEGG,KEGG:01100,Metabolic pathways,1.0,23,1564,6,CDC123;CTD-2037K23.2;FAM184A;GIT1;RP11-464F9.9;RP11-98D18.9
all76,KEGG,KEGG:01040,Biosynthesis of unsaturated fatty acids,1.0,23,27,1,RP11-464F9.9
all76,KEGG,KEGG:04550,Signaling pathways regulating pluripotency of stem cells,1.0,23,144,1,RP1-159A19.4
all76,KEGG,KEGG:04540,Gap junction,1.0,23,89,1,KRT8P46
all76,KEGG,KEGG:04518,Integrin signaling,1.0,23,154,2,KRT8P46;NRBF2
all76,KEGG,KEGG:04517,IgSF CAM signaling,1.0,23,297,1,KCNJ11
all76,KEGG,KEGG:04510,Focal adhesion,1.0,23,202,2,KRT8P46;NRBF2
all76,KEGG,KEGG:04390,Hippo signaling pathway,1.0,23,157,1,RP1-159A19.4
all76,KEGG,KEGG:04350,TGF-beta signaling pathway,1.0,23,109,1,RP1-159A19.4
all76,KEGG,KEGG:04151,PI3K-Akt signaling pathway,1.0,23,358,1,KRT8P46
all76,KEGG,KEGG:04150,mTOR signaling pathway,1.0,23,156,1,CDC123
all76,KEGG,KEGG:04148,Efferocytosis,1.0,23,157,2,FAM184A;U6
all76,KEGG,KEGG:04144,Endocytosis,1.0,23,248,1,KCNJ11
all76,KEGG,KEGG:04142,Lysosome biogenesis,1.0,23,246,2,MED27;U6
all76,KEGG,KEGG:04140,Autophagy - animal,1.0,23,168,1,RC3H2
all76,KEGG,KEGG:04114,Oocyte meiosis,1.0,23,137,1,ARG1
all76,KEGG,KEGG:04081,Hormone signaling,1.0,23,217,1,RP1-159A19.4
all76,KEGG,KEGG:04072,Phospholipase D signaling pathway,1.0,23,148,2,GIT1;KRT8P46
all76,KEGG,KEGG:05017,Spinocerebellar ataxia,1.0,23,143,1,RC3H2
all76,KEGG,KEGG:05016,Huntington disease,1.0,23,307,1,RC3H2
all76,KEGG,KEGG:05014,Amyotrophic lateral sclerosis,1.0,23,366,1,RC3H2
all76,KEGG,KEGG:05010,Alzheimer disease,1.0,23,386,1,RC3H2
all76,KEGG,KEGG:04979,Cholesterol metabolism,1.0,23,52,1,U6
all76,KEGG,KEGG:04940,Type I diabetes mellitus,1.0,23,41,1,NTAN1
all76,KEGG,KEGG:04936,Alcoholic liver disease,1.0,23,142,1,CDC123
all76,KEGG,KEGG:04930,Type II diabetes mellitus,1.0,23,47,1,RP11-464F9.1
all76,KEGG,KEGG:04929,GnRH secretion,1.0,23,65,1,RP11-464F9.1
all76,KEGG,KEGG:04925,Aldosterone synthesis and secretion,1.0,23,97,1,ZNF236
all76,KEGG,KEGG:04922,Glucagon signaling pathway,1.0,23,107,1,Metazoa_SRP
all76,KEGG,KEGG:04919,Thyroid hormone signaling pathway,1.0,23,122,1,ZBTB6
all76,KEGG,KEGG:04914,Progesterone-mediated oocyte maturation,1.0,23,109,1,ARG1
all76,KEGG,KEGG:04911,Insulin secretion,1.0,23,85,1,RP11-464F9.1
all76,KEGG,KEGG:04810,Regulation of actin cytoskeleton,1.0,23,229,2,KCNJ11;KRT8P46
all76,KEGG,KEGG:04723,Retrograde endocannabinoid signaling,1.0,23,149,1,ZNF236
all76,REAC,REAC:R-HSA-9619229,Activation of RAC1 downstream of NMDARs,1.0,32,6,1,KCNJ11
all76,REAC,REAC:R-HSA-442755,Activation of NMDA receptors and postsynaptic events,1.0,32,88,1,KCNJ11
all76,REAC,REAC:R-HSA-1296025,ATP sensitive Potassium channels,1.0,32,4,1,RP11-464F9.1
all76,REAC,REAC:R-HSA-5624958,ARL13B-mediated ciliary trafficking of INPP5E,1.0,32,3,1,ARL13B
all76,REAC,REAC:R-HSA-382556,ABC-family proteins mediated transport,1.0,32,103,1,RP11-464F9.1
all76,REAC,REAC:R-HSA-5619084,ABC transporter disorders,1.0,32,78,1,RP11-464F9.1
all76,KEGG,KEGG:05418,Fluid shear stress and atherosclerosis,1.0,23,141,1,RP1-159A19.4
all76,KEGG,KEGG:05231,Choline metabolism in cancer,1.0,23,99,2,GIT1;KRT8P46
all76,KEGG,KEGG:05218,Melanoma,1.0,23,73,1,KRT8P46
all76,KEGG,KEGG:05215,Prostate cancer,1.0,23,106,1,KRT8P46
all76,KEGG,KEGG:05203,Viral carcinogenesis,1.0,23,202,1,PHBP9
all76,KEGG,KEGG:05168,Herpes simplex virus 1 infection,1.0,23,177,1,DGKQ
all76,KEGG,KEGG:05165,Human papillomavirus infection,1.0,23,331,1,PHBP9
all76,KEGG,KEGG:05146,Amoebiasis,1.0,23,102,1,FAM184A
all76,KEGG,KEGG:05120,Epithelial cell signaling in Helicobacter pylori infection,1.0,23,70,1,KCNJ11
all76,KEGG,KEGG:05022,Pathways of neurodegeneration - multiple diseases,1.0,23,477,1,RC3H2
all76,REAC,REAC:R-HSA-5620920,Cargo trafficking to the periciliary membrane,1.0,32,51,1,ARL13B
all76,REAC,REAC:R-HSA-8856825,Cargo recognition for clathrin-mediated endocytosis,1.0,32,105,1,C6orf106
all76,REAC,REAC:R-HSA-5576891,Cardiac conduction,1.0,32,130,1,RP11-464F9.1
all76,REAC,REAC:R-HSA-72737,Cap-dependent Translation Initiation,1.0,32,120,1,DGKQ
all76,REAC,REAC:R-HSA-9013148,CDC42 GTPase cycle,1.0,32,155,1,KCNJ11
all76,REAC,REAC:R-HSA-422475,Axon guidance,1.0,32,543,1,KCNJ11
all76,REAC,REAC:R-HSA-9612973,Autophagy,1.0,32,156,1,ARL13B
all76,REAC,REAC:R-HSA-2022090,Assembly of collagen fibrils and other multimeric structures,1.0,32,60,1,LRRC41
all76,REAC,REAC:R-HSA-426048,Arachidonate production from DAG,1.0,32,5,1,ZNF236
all76,REAC,REAC:R-HSA-983168,Antigen processing: Ubiquitination & Proteasome degradation,1.0,32,308,1,KDM5A
all76,REAC,REAC:R-HSA-193048,Androgen biosynthesis,1.0,32,11,1,RP11-464F9.9
all76,REAC,REAC:R-HSA-977225,Amyloid fiber formation,1.0,32,110,1,RP4-756G23.5
all76,REAC,REAC:R-HSA-9646399,Aggrephagy,1.0,32,44,1,ARL13B
all76,REAC,REAC:R-HSA-1428517,Aerobic respiration and respiratory electron transport,1.0,32,253,1,BMPR1A
all76,REAC,REAC:R-HSA-9843745,Adipogenesis,1.0,32,108,3,MAST4-AS1;PHBP9;ZBTB6
all76,REAC,REAC:R-HSA-1280218,Adaptive Immune System,1.0,32,810,1,KDM5A
all76,REAC,REAC:R-HSA-1474290,Collagen formation,1.0,32,89,1,LRRC41
all76,REAC,REAC:R-HSA-8856828,Clathrin-mediated endocytosis,1.0,32,145,1,C6orf106
all76,REAC,REAC:R-HSA-983169,Class I MHC mediated antigen processing & presentation,1.0,32,380,1,KDM5A
all76,REAC,REAC:R-HSA-71403,Citric acid cycle (TCA cycle),1.0,32,32,1,BMPR1A
all76,REAC,REAC:R-HSA-5617833,Cilium Assembly,1.0,32,200,1,ARL13B
all76,REAC,REAC:R-HSA-4839726,Chromatin organization,1.0,32,271,3,BLOC1S2;CHD4;PHBP9
all76,REAC,REAC:R-HSA-3247509,Chromatin modifying enzymes,1.0,32,271,3,BLOC1S2;CHD4;PHBP9
all76,REAC,REAC:R-HSA-9821002,Chromatin modifications during the maternal to zygotic transition (MZT),1.0,32,70,1,BLOC1S2
all76,REAC,REAC:R-HSA-9613829,Chaperone Mediated Autophagy,1.0,32,22,1,ARL13B
all76,REAC,REAC:R-HSA-2262752,Cellular responses to stress,1.0,32,792,1,DUSP13
all76,REAC,REAC:R-HSA-8953897,Cellular responses to stimuli,1.0,32,806,1,DUSP13
all76,REAC,REAC:R-HSA-446353,Cell-extracellular matrix interactions,1.0,32,18,1,NRBF2
all76,REAC,REAC:R-HSA-1500931,Cell-Cell communication,1.0,32,150,1,NRBF2
all76,REAC,REAC:R-HSA-446728,Cell junction organization,1.0,32,114,1,NRBF2
all76,REAC,REAC:R-HSA-69278,"Cell Cycle, Mitotic",1.0,32,549,1,CDC123
all76,REAC,REAC:R-HSA-1640170,Cell Cycle,1.0,32,680,2,CDC123;PTPRN
all76,REAC,REAC:R-HSA-1566948,Elastic fibre formation,1.0,32,44,1,LRRC41
all76,REAC,REAC:R-HSA-8939211,ESR-mediated signaling,1.0,32,215,1,DUSP13
all76,REAC,REAC:R-HSA-427389,ERCC6 (CSB) and EHMT2 (G9a) positively regulate rRNA expression,1.0,32,75,1,PHBP9
all76,REAC,REAC:R-HSA-2682334,EPH-Ephrin signaling,1.0,32,90,1,KCNJ11
all76,REAC,REAC:R-HSA-5619115,Disorders of transmembrane transporters,1.0,32,173,1,RP11-464F9.1
all76,REAC,REAC:R-HSA-1643685,Disease,1.0,32,1848,4,MAST4-AS1;PHBP9;RP11-464F9.1;ZBTB6
all76,REAC,REAC:R-HSA-9725554,Differentiation of Keratinocytes in Interfollicular Epidermis in Mammalian Skin,1.0,32,40,1,LRIG1
all76,REAC,REAC:R-HSA-9734779,Developmental Cell Lineages of the Integumentary System,1.0,32,40,1,LRIG1
all76,REAC,REAC:R-HSA-9734767,Developmental Cell Lineages,1.0,32,40,1,LRIG1
all76,REAC,REAC:R-HSA-1266738,Developmental Biology,1.0,32,1394,6,BLOC1S2;KCNJ11;LRIG1;MAST4-AS1;PHBP9;ZBTB6
all76,REAC,REAC:R-HSA-4419969,Depolymerization of the Nuclear Lamina,1.0,32,13,1,CDC123
all76,REAC,REAC:R-HSA-5678420,"Defective ABCC9 causes CMD10, ATFB12 and Cantu syndrome",1.0,32,2,1,RP11-464F9.1
all76,REAC,REAC:R-HSA-5683177,Defective ABCC8 can cause hypo- and hyper-glycemias,1.0,32,2,1,RP11-464F9.1
all76,REAC,REAC:R-HSA-1280215,Cytokine Signaling in Immune system,1.0,32,780,1,TSPAN14
all76,REAC,REAC:R-HSA-2243919,Crosslinking of collagen fibrils,1.0,32,18,1,LRRC41
all76,REAC,REAC:R-HSA-3214842,HDMs demethylate histones,1.0,32,50,1,BLOC1S2
all76,REAC,REAC:R-HSA-3214815,HDACs deacetylate histones,1.0,32,94,1,PHBP9
all76,REAC,REAC:R-HSA-3214847,HATs acetylate histones,1.0,32,141,1,CHD4
all76,REAC,REAC:R-HSA-1483206,Glycerophospholipid biosynthesis,1.0,32,128,1,CDC123
all76,REAC,REAC:R-HSA-212436,Generic Transcription Pathway,1.0,32,1231,6,DAGLB;HERPUD2;MAST4-AS1;PHBP9;SAP130;ZBTB6
all76,REAC,REAC:R-HSA-74160,Gene expression (Transcription),1.0,32,1539,8,CHD4;DAGLB;HERPUD2;MAST4-AS1;PHBP9;SAP130;TSPAN14;ZBTB6
all76,REAC,REAC:R-HSA-388396,GPCR downstream signalling,1.0,32,622,2,GIT1;ZNF236
all76,REAC,REAC:R-HSA-416476,G alpha (q) signalling events,1.0,32,212,2,GIT1;ZNF236
all76,REAC,REAC:R-HSA-75105,Fatty acyl-CoA biosynthesis,1.0,32,37,1,RP11-464F9.9
all76,REAC,REAC:R-HSA-8978868,Fatty acid metabolism,1.0,32,172,1,RP11-464F9.9
all76,REAC,REAC:R-HSA-9837092,FASTK family proteins regulate processing and stability of mitochondrial RNAs,1.0,32,3,1,SNX16
all76,REAC,REAC:R-HSA-1474244,Extracellular matrix organization,1.0,32,298,1,LRRC41
all76,REAC,REAC:R-HSA-72613,Eukaryotic Translation Initiation,1.0,32,120,1,DGKQ
all76,REAC,REAC:R-HSA-9018519,Estrogen-dependent gene expression,1.0,32,147,1,DUSP13
all76,REAC,REAC:R-HSA-212165,Epigenetic regulation of gene expression,1.0,32,252,2,CHD4;PHBP9
all76,REAC,REAC:R-HSA-3928664,Ephrin signaling,1.0,32,17,1,KCNJ11
all76,REAC,REAC:R-HSA-9816359,Maternal to zygotic transition (MZT),1.0,32,119,1,BLOC1S2
all76,REAC,REAC:R-HSA-1632852,Macroautophagy,1.0,32,141,1,ARL13B
all76,REAC,REAC:R-HSA-68886,M Phase,1.0,32,407,1,CDC123
all76,REAC,REAC:R-HSA-446343,Localization of the PINCH-ILK-PARVIN complex to focal adhesions,1.0,32,4,1,NRBF2
all76,REAC,REAC:R-HSA-9615710,Late endosomal microautophagy,1.0,32,34,1,ARL13B
all76,REAC,REAC:R-HSA-8964038,LDL clearance,1.0,32,19,1,U6
all76,REAC,REAC:R-HSA-5578775,Ion homeostasis,1.0,32,54,1,RP11-464F9.1
all76,REAC,REAC:R-HSA-1296065,Inwardly rectifying K+ channels,1.0,32,35,1,RP11-464F9.1
all76,REAC,REAC:R-HSA-9006925,Intracellular signaling by second messengers,1.0,32,297,1,PHBP9
all76,REAC,REAC:R-HSA-163685,Integration of energy metabolism,1.0,32,107,1,RP11-464F9.1
all76,REAC,REAC:R-HSA-168249,Innate Immune System,1.0,32,1102,2,FAM184A;RP4-756G23.5
all76,REAC,REAC:R-HSA-5663205,Infectious disease,1.0,32,1062,3,MAST4-AS1;PHBP9;ZBTB6
all76,REAC,REAC:R-HSA-168256,Immune System,1.0,32,2086,4,FAM184A;KDM5A;RP4-756G23.5;TSPAN14
all76,REAC,REAC:R-HSA-109582,Hemostasis,1.0,32,675,2,GIT1;ZNF236
all76,REAC,REAC:R-HSA-9707616,Heme signaling,1.0,32,47,1,DUSP13
all76,REAC,REAC:R-HSA-189451,Heme biosynthesis,1.0,32,13,1,RP11-98D18.9
all76,REAC,REAC:R-HSA-397014,Muscle contraction,1.0,32,203,1,RP11-464F9.1
all76,REAC,REAC:R-HSA-68875,Mitotic Prophase,1.0,32,134,1,CDC123
all76,REAC,REAC:R-HSA-1362409,Mitochondrial iron-sulfur cluster biogenesis,1.0,32,11,1,BMPR1A
all76,REAC,REAC:R-HSA-9836573,Mitochondrial RNA degradation,1.0,32,9,1,SNX16
all76,REAC,REAC:R-HSA-8957322,Metabolism of steroids,1.0,32,151,1,RP11-464F9.9
all76,REAC,REAC:R-HSA-196071,Metabolism of steroid hormones,1.0,32,35,1,RP11-464F9.9
all76,REAC,REAC:R-HSA-392499,Metabolism of proteins,1.0,32,2066,5,DCAF16;DGKQ;DUSP13;KDM5A;RP4-756G23.5
all76,REAC,REAC:R-HSA-189445,Metabolism of porphyrins,1.0,32,25,1,RP11-98D18.9
all76,REAC,REAC:R-HSA-556833,Metabolism of lipids,1.0,32,747,4,CDC123;MAST4-AS1;RP11-464F9.9;ZBTB6
all76,REAC,REAC:R-HSA-71291,Metabolism of amino acids and derivatives,1.0,32,363,1,FAM184A
all76,REAC,REAC:R-HSA-8953854,Metabolism of RNA,1.0,32,710,2,SNX16;TSPAN14
all76,REAC,REAC:R-HSA-1430728,Metabolism,1.0,32,2143,8,BMPR1A;CDC123;FAM184A;MAST4-AS1;RP11-464F9.1;RP11-464F9.9;RP11-98D18.9;ZBTB6
all76,REAC,REAC:R-HSA-199991,Membrane Trafficking,1.0,32,626,1,C6orf106
all76,REAC,REAC:R-HSA-912446,Meiotic recombination,1.0,32,88,1,PTPRN
all76,REAC,REAC:R-HSA-1500620,Meiosis,1.0,32,118,1,PTPRN
all76,REAC,REAC:R-HSA-9854311,Maturation of TCA enzymes and regulation of TCA cycle,1.0,32,18,1,BMPR1A
all76,REAC,REAC:R-HSA-1257604,PIP3 activates AKT signaling,1.0,32,257,1,PHBP9
all76,REAC,REAC:R-HSA-1852241,Organelle biogenesis and maintenance,1.0,32,293,1,ARL13B
all76,REAC,REAC:R-HSA-198725,Nuclear Events (kinase and transcription factor activation),1.0,32,60,1,PHBP9
all76,REAC,REAC:R-HSA-2980766,Nuclear Envelope Breakdown,1.0,32,47,1,CDC123
all76,REAC,REAC:R-HSA-427413,NoRC negatively regulates rRNA expression,1.0,32,105,1,CHD4
all76,REAC,REAC:R-HSA-6798695,Neutrophil degranulation,1.0,32,476,2,FAM184A;RP4-756G23.5
all76,REAC,REAC:R-HSA-112314,Neurotransmitter receptors and postsynaptic signal transmission,1.0,32,195,1,KCNJ11
all76,REAC,REAC:R-HSA-112316,Neuronal System,1.0,32,399,2,KCNJ11;RP11-464F9.1
all76,REAC,REAC:R-HSA-9675108,Nervous system development,1.0,32,568,1,KCNJ11
all76,REAC,REAC:R-HSA-6807004,Negative regulation of MET activity,1.0,32,20,1,LRIG1
all76,REAC,REAC:R-HSA-5250941,Negative epigenetic regulation of rRNA expression,1.0,32,108,1,CHD4
all76,REAC,REAC:R-HSA-8951664,Neddylation,1.0,32,244,2,DCAF16;KDM5A
all76,REAC,REAC:R-HSA-9024446,NR1H2 and NR1H3-mediated signaling,1.0,32,45,1,DUSP13
all76,REAC,REAC:R-HSA-9029558,NR1H2 & NR1H3 regulate gene expression linked to lipogenesis,1.0,32,8,1,DUSP13
all76,REAC,REAC:R-HSA-9632974,NR1H2 & NR1H3 regulate gene expression linked to gluconeogenesis ,1.0,32,5,1,DUSP13
all76,REAC,REAC:R-HSA-9031628,NGF-stimulated transcription,1.0,32,38,1,PHBP9
all76,REAC,REAC:R-HSA-9012999,RHO GTPase cycle,1.0,32,449,2,ARL13B;KCNJ11
all76,REAC,REAC:R-HSA-9013423,RAC3 GTPase cycle,1.0,32,94,1,KCNJ11
all76,REAC,REAC:R-HSA-9013404,RAC2 GTPase cycle,1.0,32,88,1,KCNJ11
all76,REAC,REAC:R-HSA-9013149,RAC1 GTPase cycle,1.0,32,184,1,KCNJ11
all76,REAC,REAC:R-HSA-72203,Processing of Capped Intron-Containing Pre-mRNA,1.0,32,276,1,TSPAN14
all76,REAC,REAC:R-HSA-9679191,Potential therapeutics for SARS,1.0,32,150,1,PHBP9
all76,REAC,REAC:R-HSA-1296071,Potassium Channels,1.0,32,103,1,RP11-464F9.1
all76,REAC,REAC:R-HSA-597592,Post-translational protein modification,1.0,32,1453,3,DCAF16;DUSP13;KDM5A
all76,REAC,REAC:R-HSA-438064,Post NMDA receptor activation events,1.0,32,75,1,KCNJ11
all76,REAC,REAC:R-HSA-5250913,Positive epigenetic regulation of rRNA expression,1.0,32,104,1,PHBP9
all76,REAC,REAC:R-HSA-76002,"Platelet activation, signaling and aggregation",1.0,32,259,2,GIT1;ZNF236
all76,REAC,REAC:R-HSA-8964043,Plasma lipoprotein clearance,1.0,32,36,1,U6
all76,REAC,REAC:R-HSA-174824,"Plasma lipoprotein assembly, remodeling, and clearance",1.0,32,71,1,U6
all76,REAC,REAC:R-HSA-1483257,Phospholipid metabolism,1.0,32,211,1,CDC123
all76,REAC,REAC:R-HSA-6807070,PTEN Regulation,1.0,32,138,1,PHBP9
all76,REAC,REAC:R-HSA-1989781,PPARA activates gene expression,1.0,32,113,2,MAST4-AS1;ZBTB6
all76,REAC,REAC:R-HSA-446388,Regulation of cytoskeletal remodeling and cell spreading by IPP complex components,1.0,32,8,1,NRBF2
all76,REAC,REAC:R-HSA-6804758,Regulation of TP53 Activity through Acetylation,1.0,32,30,1,PHBP9
all76,REAC,REAC:R-HSA-5633007,Regulation of TP53 Activity,1.0,32,160,1,PHBP9
all76,REAC,REAC:R-HSA-8943724,Regulation of PTEN gene transcription,1.0,32,59,1,PHBP9
all76,REAC,REAC:R-HSA-72731,Recycling of eIF2:GDP,1.0,32,8,1,DGKQ
all76,REAC,REAC:R-HSA-9833110,RSV-host interactions,1.0,32,97,2,MAST4-AS1;ZBTB6
all76,REAC,REAC:R-HSA-73856,RNA Polymerase II Transcription Termination,1.0,32,65,1,TSPAN14
all76,REAC,REAC:R-HSA-73857,RNA Polymerase II Transcription,1.0,32,1352,7,DAGLB;HERPUD2;MAST4-AS1;PHBP9;SAP130;TSPAN14;ZBTB6
all76,REAC,REAC:R-HSA-73762,RNA Polymerase I Transcription Initiation,1.0,32,47,1,PHBP9
all76,REAC,REAC:R-HSA-73864,RNA Polymerase I Transcription,1.0,32,110,1,PHBP9
all76,REAC,REAC:R-HSA-73854,RNA Polymerase I Promoter Clearance,1.0,32,109,1,PHBP9
all76,REAC,REAC:R-HSA-9013424,RHOV GTPase cycle,1.0,32,37,1,KCNJ11
all76,REAC,REAC:R-HSA-9013420,RHOU GTPase cycle,1.0,32,39,1,KCNJ11
all76,REAC,REAC:R-HSA-9013406,RHOQ GTPase cycle,1.0,32,59,2,ARL13B;KCNJ11
all76,REAC,REAC:R-HSA-9013409,RHOJ GTPase cycle,1.0,32,55,2,ARL13B;KCNJ11
all76,REAC,REAC:R-HSA-9706019,RHOBTB3 ATPase cycle,1.0,32,9,1,KDM5A
all76,REAC,REAC:R-HSA-177929,Signaling by EGFR,1.0,32,51,1,LRIG1
all76,REAC,REAC:R-HSA-9680350,Signaling by CSF1 (M-CSF) in myeloid cells,1.0,32,30,1,TSPAN14
all76,REAC,REAC:R-HSA-201451,Signaling by BMP,1.0,32,31,1,RP1-159A19.4
all76,REAC,REAC:R-HSA-162582,Signal Transduction,1.0,32,2570,9,ARL13B;DUSP13;GIT1;KCNJ11;KDM5A;LRIG1;PHBP9;RP1-159A19.4;ZNF236
all76,REAC,REAC:R-HSA-9663891,Selective autophagy,1.0,32,88,1,ARL13B
all76,REAC,REAC:R-HSA-3899300,SUMOylation of transcription cofactors,1.0,32,41,1,DUSP13
all76,REAC,REAC:R-HSA-2990846,SUMOylation,1.0,32,178,1,DUSP13
all76,REAC,REAC:R-HSA-3108232,SUMO E3 ligases SUMOylate target proteins,1.0,32,172,1,DUSP13
all76,REAC,REAC:R-HSA-9679506,SARS-CoV Infections,1.0,32,459,1,PHBP9
all76,REAC,REAC:R-HSA-9820952,Respiratory Syncytial Virus Infection Pathway,1.0,32,119,2,MAST4-AS1;ZBTB6
all76,REAC,REAC:R-HSA-1474165,Reproduction,1.0,32,156,1,PTPRN
all76,REAC,REAC:R-HSA-400206,Regulation of lipid metabolism by PPARalpha,1.0,32,114,2,MAST4-AS1;ZBTB6
all76,REAC,REAC:R-HSA-422356,Regulation of insulin secretion,1.0,32,78,1,RP11-464F9.1
all76,REAC,REAC:R-HSA-9845323,Regulation of endogenous retroelements by Piwi-interacting RNAs (piRNAs),1.0,32,97,1,PHBP9
all76,REAC,REAC:R-HSA-9843940,Regulation of endogenous retroelements by KRAB-ZFP proteins,1.0,32,107,1,PHBP9
all76,REAC,REAC:R-HSA-9842860,Regulation of endogenous retroelements,1.0,32,142,1,PHBP9
all76,GO:MF,GO:0004053,arginase activity,1.0,50,3,1,FAM184A
all76,GO:MF,GO:0003924,GTPase activity,1.0,50,336,1,ARL13B
all76,GO:MF,GO:0003824,catalytic activity,1.0,50,5753,18,ARL13B;BLOC1S2;CDC123;CTD-2037K23.2;FAM184A;GIT1;LRRC41;Metazoa_SRP;NTAN1;PARVA;PHBP9;PTPRN;RP1-159A19.4;RP11-464F9.9;RP11-98D18.9;U6;ZNF236;ZNF34
all76,GO:MF,GO:0003779,actin binding,1.0,50,447,1,NRBF2
all76,GO:MF,GO:0003743,translation initiation factor activity,1.0,50,53,1,DGKQ
all76,GO:MF,GO:0003729,mRNA binding,1.0,50,384,3,TSPAN14;YTHDF2;ZNF34
all76,GO:MF,GO:0003725,double-stranded RNA binding,1.0,50,76,1,ZNF34
all76,GO:MF,GO:0003723,RNA binding,1.0,50,3099,4,SNX16;TSPAN14;YTHDF2;ZNF34
all76,GO:MF,GO:0003714,transcription corepressor activity,1.0,50,203,2,DUSP13;PHBP9
all76,GO:MF,GO:0003700,DNA-binding transcription factor activity,1.0,50,1395,5,DAGLB;HERPUD2;HSD17B12;SAP130;SPDYE2
all76,GO:MF,GO:0003696,satellite DNA binding,1.0,50,4,1,PTPRN
all76,GO:MF,GO:0003690,double-stranded DNA binding,1.0,50,1584,7,BLOC1S2;DAGLB;DUSP13;HERPUD2;HSD17B12;PTPRN;SPDYE2
all76,GO:MF,GO:0003682,chromatin binding,1.0,50,603,3,BLOC1S2;PHBP9;PTPRN
all76,GO:MF,GO:0003678,DNA helicase activity,1.0,50,76,1,PHBP9
all76,REAC,REAC:R-HSA-112315,Transmission across Chemical Synapses,1.0,32,258,1,KCNJ11
all76,REAC,REAC:R-HSA-72202,Transport of Mature Transcript to Cytoplasm,1.0,32,80,1,TSPAN14
all76,REAC,REAC:R-HSA-159236,Transport of Mature mRNA derived from an Intron-Containing Transcript,1.0,32,71,1,TSPAN14
all76,REAC,REAC:R-HSA-382551,Transport of small molecules,1.0,32,729,2,RP11-464F9.1;U6
all76,REAC,REAC:R-HSA-75109,Triglyceride biosynthesis,1.0,32,14,1,CDC123
all76,REAC,REAC:R-HSA-8979227,Triglyceride metabolism,1.0,32,38,1,CDC123
all76,REAC,REAC:R-HSA-70635,Urea cycle,1.0,32,10,1,FAM184A
all76,REAC,REAC:R-HSA-5653656,Vesicle-mediated transport,1.0,32,720,1,C6orf106
all76,REAC,REAC:R-HSA-9824446,Viral Infection Pathways,1.0,32,873,3,MAST4-AS1;PHBP9;ZBTB6
all76,REAC,REAC:R-HSA-72187,mRNA 3'-end processing,1.0,32,56,1,TSPAN14
all76,REAC,REAC:0000000,REACTOME root term,1.0,32,11056,32,ARL13B;BLOC1S2;BMPR1A;C6orf106;CDC123;CHD4;DAGLB;DCAF16;DGKQ;DUSP13;FAM184A;GIT1;HERPUD2;KCNJ11;KDM5A;LRIG1;LRRC41;MAST4-AS1;NRBF2;PHBP9;PTPRN;RP1-159A19.4;RP11-464F9.1;RP11-464F9.9;RP11-98D18.9;RP4-756G23.5;SAP130;SNX16;TSPAN14;U6;ZBTB6;ZNF236
all76,GO:MF,GO:0000166,nucleotide binding,1.0,50,2161,9,ARL13B;DGKQ;GIT1;Metazoa_SRP;PHBP9;PTPRN;RP1-159A19.4;RP11-464F9.1;THAP8
