gene,symbol,outcome,grp,mr_b,mr_p,gwas_min_p,eqtl_F_max,nsnp,pp4,ok,note
ENSG00000000419,DPM1,cad,null,-0.00390959964709676,0.972492190799539,5.444e-08,8.9917,1802,0.00693745245931015,TRUE,""
ENSG00000000457,SCYL3,fbg,grey,0.0348857534434559,0.121529125955424,4.083e-05,24.4906,2448,0.0118605943655923,TRUE,""
ENSG00000000971,CFH,t2d,grey,0.135354385516906,0.219503994929322,0.002636,12.7245,2812,0.00785288858318935,TRUE,""
ENSG00000001084,GCLC,fbg,grey,0.0388003366476784,0.222939094167741,0.009144,17.8803,2324,0.00810800988336867,TRUE,""
ENSG00000001167,NFYA,fbg,grey,0.0337441241111077,0.253097908947116,0.001061,29.4863,2307,0.0107506327641914,TRUE,""
ENSG00000001167,NFYA,t2d,null,-0.0253080930833307,0.740864559244352,2.625e-07,29.4863,3794,0.000818956914484954,TRUE,""
ENSG00000001460,STPG1,fbg,grey,-0.0519667073187354,0.274064638609823,0.000818,10.75,1322,0.00834659614844603,TRUE,""
ENSG00000001461,NIPAL3,cad,grey,-0.0659778635011867,0.122236355448012,2.061e-05,27.4679,3699,0.0067091660378209,TRUE,""
ENSG00000002016,RAD52,fbg,null,0.00935223000418801,0.75831647352629,0.003754,20.8462,1520,0.00483833575923582,TRUE,""
ENSG00000002726,ABP1,t2d,null,0.0168349918199932,0.591554054889021,6.489e-05,83.615,2360,0.00987798276328333,TRUE,""
ENSG00000002933,TMEM176A,t2d,grey,0.0431666570029576,0.157802790690306,6.489e-05,186.3215,2334,0.00987912689956251,TRUE,""
ENSG00000003056,M6PR,fbg,grey,-0.0151146615698178,0.235030456586428,0.002978,46.5121,1574,0.00967548222612516,TRUE,""
ENSG00000003137,CYP26B1,t2d,null,-0.000591180641665341,0.977632335393369,0.0001434,90.9213,2446,0.00499572254653852,TRUE,""
ENSG00000003249,DBNDD1,fbg,grey,0.0382300698552344,0.105738681329251,0.007567,55.2173,739,0.0237923234928552,TRUE,""
ENSG00000003249,DBNDD1,t2d,null,0.0382300698552344,0.502391459956463,5.251e-06,55.2173,1705,0.0102701629868307,TRUE,""
ENSG00000003509,NDUFAF7,t2d,null,0.0360980474895104,0.595512889285081,8.957e-06,19.0335,4354,0.00318802322526528,TRUE,""
ENSG00000003756,RBM5,cad,grey,-0.379256509704113,0.061703404877095,1.813e-08,5.9438,2961,0.000185204908818395,TRUE,""
ENSG00000003987,MTMR7,t2d,grey,-0.530800593361153,0.104707249034368,7.963e-05,4.8037,6257,0.0251268148575336,TRUE,""
ENSG00000003987,MTMR7,fbg,grey,-0.130196371956509,0.304742757088453,0.0009851,4.8037,3276,0.00739434965671667,TRUE,""
ENSG00000004468,CD38,cad,grey,-0.185005700487652,0.244198373416383,0.0009981,8.8047,6202,0.00664282895922017,TRUE,""
ENSG00000004487,KDM1A,cad,null,0.00300882223213378,0.969319696640591,2.061e-05,9.5573,3234,0.00373095080622472,TRUE,""
ENSG00000004700,RECQL,fbg,grey,0.0306328823272689,0.155301459227123,3.892e-05,31.2719,2061,0.0122942418118849,TRUE,""
ENSG00000004864,SLC25A13,fbg,null,-0.00589374333465167,0.693625785030416,0.005132,39.2185,1891,0.00415969812121906,TRUE,""
ENSG00000004866,ST7,t2d,grey,-0.19897796231236,0.338115840700236,0.003178,8.1406,2294,0.00765089686651235,TRUE,""
ENSG00000005020,SKAP2,t2d,grey,-0.0196340649417077,0.138603200410297,3.158e-06,123.0209,3764,0.00392553178045187,TRUE,""
ENSG00000005020,SKAP2,fbg,grey,0.00654468831390257,0.208368424819709,0.0005319,123.0209,2280,0.00469798480262949,TRUE,""
ENSG00000005020,SKAP2,cad,null,-0.00151031268782367,0.872318437328316,1.44e-05,123.0209,5456,0.00340051483914212,TRUE,""
ENSG00000005075,POLR2J,cad,grey,-0.057883760217117,0.248847528006784,0.0002537,52.6082,3381,0.00475306812690852,TRUE,""
ENSG00000005156,LIG3,t2d,grey,-0.0200096191882885,0.27916731988398,0.0007579,70.2762,657,0.000102868567208931,TRUE,""
ENSG00000005156,LIG3,cad,null,-0.000253286318839095,0.984356207118252,0.0002372,70.2762,861,0.000226440853899401,TRUE,""
ENSG00000005469,CROT,cad,grey,-0.143141744962097,0.273162639025924,0.000137,21.6051,3717,0.0134239547631674,TRUE,""
ENSG00000005486,RHBDD2,t2d,null,0.000613501246175588,0.992472898813957,4.611e-05,19.4625,1063,0.00500984511689949,TRUE,""
ENSG00000005801,ZNF195,cad,null,-0.0169383587213516,0.554581334468169,3.436e-05,41.146,5384,0.00333533664171293,TRUE,""
ENSG00000005801,ZNF195,fbg,null,-0.00738338713494811,0.645904258226149,1.615e-05,41.146,1620,0.00338167954622009,TRUE,""
ENSG00000005882,PDK2,cad,null,-0.0321641684515252,0.544144693769952,1.459e-11,17.7191,254,0.0199697623832492,TRUE,""
ENSG00000006007,GDE1,fbg,null,0.000310129383190987,0.986702539612635,0.001258,58.0752,1529,0.00724560963329973,TRUE,""
ENSG00000006047,YBX2,fbg,null,0.0246914423213219,0.593802857207703,0.001727,16.5662,1455,0.00603075384994587,TRUE,""
ENSG00000006194,ZNF263,fbg,grey,-0.0534100703512784,0.219232533281333,0.0001091,14.3046,1132,0.00837469892889663,TRUE,""
ENSG00000006459,JHDM1D,t2d,null,0.0102153758206361,0.889260100828208,0.0001693,15.3206,1938,0.00352480976352276,TRUE,""
ENSG00000006534,ALDH3B1,fbg,grey,0.0229935701563653,0.46845203042539,0.001034,22.4494,957,0.00588044194404987,TRUE,""
ENSG00000006625,GGCT,t2d,grey,0.0355992581420328,0.393012649581705,2.569e-07,40.648,3902,0.00125881070600296,TRUE,""
ENSG00000006625,GGCT,fbg,null,-0.00651205941622551,0.733172020793637,1.153e-05,40.648,2025,0.0047610873977333,TRUE,""
ENSG00000006634,DBF4,t2d,null,0.17710187253184,0.79530042838568,0.001889,5.2403,2612,0.00952347790629979,TRUE,""
ENSG00000006638,TBXA2R,fbg,grey,-0.099700009484913,0.397977916537113,0.0019,11.0303,1115,0.0122967786532575,TRUE,""
ENSG00000007047,MARK4,t2d,grey,-0.0285783801809926,0.385684608293062,3.114e-16,44.6679,1235,4.90363692056452e-12,TRUE,""
ENSG00000007080,CCDC124,fbg,null,-0.00439356513203494,0.920344325445942,0.001792,13.9669,1155,0.00461139061036409,TRUE,""
ENSG00000007168,PAFAH1B1,t2d,null,-0.0514665605719992,0.51290502708145,0.0005652,16.6276,2624,0.00465479970200579,TRUE,""
ENSG00000007171,NOS2,cad,null,-0.0262981858067601,0.700522394103849,0.04364,16.2681,311,6.6919972282453e-05,TRUE,""
ENSG00000007255,TRAPPC6A,fbg,grey,-0.0287631509687448,0.232304160207264,2.253e-05,26.5621,1240,0.00722263658607394,TRUE,""
ENSG00000007372,PAX6,t2d,grey,-0.2488142016734,0.0596845297010008,7.82e-06,10.254,2940,0.00904125915702549,TRUE,""
ENSG00000007516,BAIAP3,fbg,grey,0.0306469765337097,0.0824150447448035,0.0009201,33.3565,1219,0.0189898978044393,TRUE,""
ENSG00000007520,TSR3,cad,null,0.030290988518406,0.869782765494109,1.83e-07,13.1215,5724,0.0007083422626269,TRUE,""
ENSG00000007944,MYLIP,fbg,grey,-0.0302564080213041,0.47015786285767,0.0004179,22.9439,2231,0.00816911546851333,TRUE,""
ENSG00000008018,PSMB1,t2d,null,-0.0224726804284572,0.52379920995388,0.01388,43.6799,856,0.00445374944924699,TRUE,""
ENSG00000008083,JARID2,t2d,grey,0.0855352679164753,0.0570855947221965,4.025e-06,44.6729,4032,0.0153901162423347,TRUE,""
ENSG00000008226,DLEC1,t2d,null,-0.0601792809612515,0.591554054889021,0.005872,12.9467,3241,0.0045042358928696,TRUE,""
ENSG00000008282,SYPL1,t2d,grey,-0.139776668676268,0.339296824849853,0.0002161,10.8944,2937,0.00677835356903221,TRUE,""
ENSG00000008294,SPAG9,fbg,grey,0.0545839150052898,0.446541183638091,0.0001433,16.5447,1667,0.00969870075238496,TRUE,""
ENSG00000008394,MGST1,t2d,null,-0.0136497402780867,0.906057815046055,0.0005425,24.7739,2448,0.00754135766232646,TRUE,""
ENSG00000008405,CRY1,t2d,grey,-0.126503544529369,0.160002458706997,0.0009164,15.5657,3178,0.0114385854227624,TRUE,""
ENSG00000008517,IL32,fbg,null,0.00516180683986425,0.647568367631056,0.0001091,48.5186,1004,0.00402167877165454,TRUE,""
ENSG00000008735,MAPK8IP2,fbg,grey,0.0738040178269631,0.179029242883863,0.0007649,7.422,732,0.00916621764246292,TRUE,""
ENSG00000008838,MED24,fbg,grey,0.062016749435143,0.4787382817329,0.0003171,19.517,1134,0.0110197916646645,TRUE,""
ENSG00000008869,HEATR5B,fbg,null,-0.00168666348647999,0.961094232136074,8.848e-05,19.1439,2482,0.00451632564289923,TRUE,""
ENSG00000008988,RPS20,cad,null,-0.232834451131643,0.624851053332095,0.002926,7.4488,3116,0.0196421876731964,TRUE,""
ENSG00000009335,UBE3C,cad,null,0.00955349679402341,0.750347023651697,0.0001273,38.8495,6457,0.0030525122155435,TRUE,""
ENSG00000009724,MASP2,cad,null,0.0270772505254809,0.821705362028574,7.382e-08,9.2907,5324,0.000160039401812684,TRUE,""
ENSG00000009954,BAZ1B,fbg,grey,-0.0462021593779305,0.420499160931281,0.00167,7.4962,547,0.00545265389536111,TRUE,""
ENSG00000010017,RANBP9,cad,null,0.0486821764241978,0.788809283599619,2.718e-76,5.4322,5052,5.36503428509661e-05,TRUE,""
ENSG00000010165,METTL13,t2d,null,-0.0232798968448238,0.544474508963011,1.024e-06,56.2067,4117,0.000885380065461289,TRUE,""
ENSG00000010295,IFFO1,t2d,grey,0.0514456843814994,0.233649173973474,1.523e-06,35.9147,2361,0.00145624555715331,TRUE,""
ENSG00000010295,IFFO1,cad,null,0.00582403974130181,0.851268623688206,6.152e-10,35.9147,4683,7.69318710964624e-07,TRUE,""
ENSG00000010610,CD4,fbg,null,-0.00703040988503111,0.772218915230022,0.003216,27.5046,1528,0.00466677345343041,TRUE,""
ENSG00000010626,LRRC23,fbg,null,-0.00546551580577963,0.617075077451974,0.003216,56.0282,1488,0.00446089916938898,TRUE,""
ENSG00000010704,HFE,cad,null,0.00604117095989876,0.973408772365816,3.212e-06,5.8821,6053,0.00129718857471862,TRUE,""
ENSG00000011114,BTBD7,fbg,null,0.00388461387374568,0.871864744932721,0.001972,22.9109,1941,0.0037579927410486,TRUE,""
ENSG00000011143,MKS1,t2d,grey,0.199651071437097,0.365591537564832,4.275e-05,6.7529,139,1.8251805973752e-05,TRUE,""
ENSG00000011198,ABHD5,cad,grey,-0.163267226479557,0.118529505761068,1.05e-05,20.8942,4110,0.0154403981872659,TRUE,""
ENSG00000011295,TTC19,cad,grey,0.0361865669486805,0.155301459227123,5.824e-05,52.0115,4066,0.00798626930996875,TRUE,""
ENSG00000011422,PLAUR,fbg,null,0.0271835845610429,0.837927275162676,6.372e-05,11.5325,1477,0.0103673959710473,TRUE,""
ENSG00000011485,PPP5C,fbg,null,-0.00473640942152226,0.738882680363527,2.253e-05,52.4278,1066,0.0041841671152549,TRUE,""
ENSG00000012171,SEMA3B,cad,null,0.00678053610889174,0.972958244759335,1.813e-08,5.0238,3031,0.00633522104755283,TRUE,""
ENSG00000012660,ELOVL5,t2d,grey,0.0807541893144497,0.480261302753423,6.179e-05,18.4534,4112,0.00609449879282522,TRUE,""
ENSG00000012779,ALOX5,fbg,grey,0.0159225341876041,0.453254704753736,0.004023,26.8299,1299,0.00514865484111816,TRUE,""
ENSG00000012963,UBR7,fbg,grey,0.0109722269785281,0.427126945094663,0.0003649,43.8364,1975,0.00563616964203312,TRUE,""
ENSG00000012963,UBR7,cad,null,-0.00894033309361552,0.722710426810277,8.439e-10,43.8364,4710,0.0016876869866788,TRUE,""
ENSG00000012983,MAP4K5,cad,grey,-0.144472617316234,0.137985870280455,0.000909,10.6979,4492,0.00821647185218422,TRUE,""
ENSG00000013016,EHD3,cad,grey,-0.0801770013602379,0.154376307933322,7.104e-05,20.7201,5343,0.00788061228203383,TRUE,""
ENSG00000013288,MAN2B2,fbg,grey,0.0128872821548029,0.305060822021553,4.359e-05,53.5411,2424,0.0065129954313018,TRUE,""
ENSG00000013364,MVP,fbg,grey,-0.0441673075393345,0.160242834183085,0.007129,23.4527,456,0.0129954368741073,TRUE,""
ENSG00000013374,NUB1,fbg,grey,-0.0219674037083594,0.457568175062507,0.0003701,20.9248,1711,0.00535257453999461,TRUE,""
ENSG00000013375,PGM3,t2d,grey,0.175494223693157,0.0615442192008072,0.002292,17.1454,1894,0.0238857722574331,TRUE,""
ENSG00000013523,ANGEL1,cad,null,0.0145082169117316,0.604987669676503,0.001446,33.7304,5122,0.00310321016919113,TRUE,""
ENSG00000013523,ANGEL1,fbg,null,0.00773771568625688,0.627783826989789,0.0001049,33.7304,1985,0.00412445681558591,TRUE,""
ENSG00000013583,HEBP1,cad,grey,-0.0366508110902046,0.133614402537716,0.0003961,42.7959,5561,0.0075806929247678,TRUE,""
ENSG00000013810,TACC3,fbg,grey,0.00979393000106058,0.121529125955424,0.0002037,58.6941,1161,0.0130222430531451,TRUE,""
ENSG00000014123,UFL1,t2d,null,-0.0158024301247715,0.812268919201515,0.0003942,19.1909,3424,0.00364860838463854,TRUE,""
ENSG00000014257,ACPP,cad,null,-0.00514454229933535,0.836090649580926,2.999e-09,57.7388,5517,4.37660199959605e-05,TRUE,""
ENSG00000014641,MDH1,t2d,grey,0.0552026689468112,0.470952440870632,0.0007465,13.4077,2591,0.00502857950286636,TRUE,""
ENSG00000014919,COX15,cad,grey,0.0441290086475427,0.369958168208807,0.0002298,20.9152,469,0.000647580069902516,TRUE,""
ENSG00000015171,ZMYND11,t2d,grey,0.360333730344086,0.190285663648477,8.216e-05,7.0909,1805,0.0122763430676868,TRUE,""
ENSG00000015532,XYLT2,cad,null,0.0596047654539292,0.514288986716092,1.63e-15,13.4139,179,0.0122092797650759,TRUE,""
ENSG00000016391,CHDH,t2d,grey,0.250961363657579,0.261243542263587,6.238e-08,5.7709,3301,0.000258877735917109,TRUE,""
ENSG00000017260,ATP2C1,t2d,grey,-0.118116457690547,0.297960801234778,0.001028,15.3703,2604,0.00755289437598254,TRUE,""
ENSG00000017260,ATP2C1,fbg,grey,0.0451621749993269,0.329560259960621,0.004527,15.3703,1705,0.00875482949225508,TRUE,""
ENSG00000017260,ATP2C1,cad,null,0.0277921076918935,0.735341960129593,0.0001733,15.3703,3970,0.00326657206594595,TRUE,""
ENSG00000018510,AGPS,t2d,null,-0.0224487412559066,0.708599716762642,0.0002032,29.1843,2622,0.00499091233295105,TRUE,""
ENSG00000018699,TTC27,cad,null,0.0100795927387669,0.804760401488793,0.002478,38.5393,5757,0.00420171732201533,TRUE,""
ENSG00000019995,ZRANB1,t2d,grey,0.0613640021900178,0.264302697881567,7.427e-05,50.5825,300,3.01254635181025e-05,TRUE,""
ENSG00000020181,GPR124,fbg,null,-0.00525026652463756,0.834968706358955,0.002331,30.581,1237,0.00588540229073209,TRUE,""
ENSG00000020256,ZFP64,cad,grey,0.114198305423861,0.183989403475289,3.517e-07,14.4468,1999,0.00106565401673626,TRUE,""
ENSG00000020426,MNAT1,cad,grey,-0.151695327424821,0.42725764959836,0.0002353,9.9686,3411,0.00823350403268492,TRUE,""
ENSG00000021300,PLEKHB1,fbg,grey,0.0225930535527295,0.443701622367481,2.919e-08,28.3627,1272,0.000112918010402923,TRUE,""
ENSG00000021300,PLEKHB1,t2d,null,0.0483240312100047,0.510461244989542,8.635e-25,28.3627,2271,1.77139229933167e-20,TRUE,""
ENSG00000021355,SERPINB1,fbg,null,-0.00951386589146739,0.548506235500147,0.0005453,46.667,2274,0.00479505451297657,TRUE,""
ENSG00000021488,SLC7A9,cad,grey,0.0325581040824917,0.415481291692167,5.702e-06,30.697,5205,0.00331028899699668,TRUE,""
ENSG00000021488,SLC7A9,fbg,null,0.00114238961692953,0.956892098247026,5.291e-05,30.697,1641,0.00451674050891982,TRUE,""
ENSG00000021574,SPAST,cad,grey,0.305999555786997,0.116904183638693,7.104e-05,7.3695,4949,0.0303699648296237,TRUE,""
ENSG00000021776,AQR,fbg,grey,-0.0519342093686952,0.41821391318549,0.01341,11.6136,1737,0.00693407009860783,TRUE,""
ENSG00000022567,SLC45A4,fbg,grey,0.0131331961304468,0.426688082619747,0.002125,67.1737,1665,0.003844330432505,TRUE,""
ENSG00000022567,SLC45A4,cad,null,0.00423651488078929,0.887992336880331,6.576e-05,67.1737,3258,0.00332981947882481,TRUE,""
ENSG00000023041,ZDHHC6,fbg,grey,0.100641772183149,0.256785899295366,7.503e-10,19.121,2056,1.97977218306716e-05,TRUE,""
ENSG00000023041,ZDHHC6,cad,null,-0.0201283544366299,0.709236748741435,4.921e-05,19.121,629,0.000329276533875197,TRUE,""
ENSG00000023171,GRAMD1B,cad,grey,0.038211427200308,0.49924658287522,1.776e-05,20.9978,6538,0.0028661651159624,TRUE,""
ENSG00000023516,AKAP11,t2d,grey,-0.0772984457660874,0.323248218085019,0.0002344,18.6067,2852,0.00604513200632959,TRUE,""
ENSG00000023516,AKAP11,fbg,null,0.00572581079748796,0.851268623688206,0.003558,18.6067,2337,0.00392263514003461,TRUE,""
ENSG00000023697,DERA,cad,null,0.155196803173565,0.525236609352112,0.002589,11.8867,3505,0.00978599092282299,TRUE,""
ENSG00000023839,ABCC2,cad,grey,0.0518741529317068,0.352461927180254,2.761e-05,18.1248,520,0.000421830003485256,TRUE,""
ENSG00000023892,DEF6,cad,grey,-0.0319647516538764,0.0857401120161256,2.151e-11,67.043,4834,1.40906174999455e-07,TRUE,""
ENSG00000023902,PLEKHO1,t2d,grey,-0.100308887900398,0.451301649189636,9.493e-06,18.5847,1585,0.00506819819616242,TRUE,""
ENSG00000024862,CCDC28A,cad,null,0.00800440058560781,0.841480581121794,6.673e-05,26.6849,4979,0.00273200061769499,TRUE,""
ENSG00000025156,HSF2,fbg,grey,-0.0104728571986704,0.366406064176293,0.005304,49.8677,1910,0.00551173109222235,TRUE,""
ENSG00000025156,HSF2,cad,null,-0.0100988265844322,0.62970446671531,0.0001066,49.8677,4656,0.00352308618175374,TRUE,""
ENSG00000025434,NR1H3,t2d,null,-0.00246498133953733,0.937890037162822,2.169e-07,44.7238,2066,5.86799849317144e-05,TRUE,""
ENSG00000025770,NCAPH2,cad,grey,-0.273145896242544,0.200951237397543,0.0001068,7.3166,2677,0.00862464448838134,TRUE,""
ENSG00000025796,SEC63,fbg,null,0.0210209847658173,0.641848188772074,0.002094,16.8779,1591,0.00592588706369401,TRUE,""
ENSG00000026103,FAS,t2d,null,0.00250744321623066,0.931132744979333,0.0002255,49.1932,606,0.000238248499273656,TRUE,""
ENSG00000026103,FAS,fbg,null,-0.00716412347494474,0.531971058097401,0.001244,49.1932,2451,0.00461818713180582,TRUE,""
ENSG00000026559,KCNG1,cad,null,-0.0655731040739406,0.695138094126008,5.444e-08,7.8455,1779,0.000590363755430512,TRUE,""
ENSG00000026559,KCNG1,fbg,null,-0.0542673964749853,0.593802857207703,0.0002977,7.8455,1970,0.00724344309897465,TRUE,""
ENSG00000026652,AGPAT4,t2d,grey,0.161774926490243,0.22463863892378,8.822e-05,14.964,3561,0.0149568174610316,TRUE,""
ENSG00000026652,AGPAT4,fbg,grey,0.0725608126169473,0.184810896060643,0.004257,14.964,2458,0.0118968786408096,TRUE,""
ENSG00000027075,PRKCH,fbg,null,0.0135787535009427,0.841480581121794,0.001122,9.1761,1729,0.00461694308070997,TRUE,""
ENSG00000028116,VRK2,t2d,grey,0.0839593647143234,0.0659033526061219,1.851e-07,30.8609,3317,0.0203428507923903,TRUE,""
ENSG00000028310,BRD9,t2d,grey,0.258312478743455,0.0559903035694375,1.262e-05,19.5858,2131,0.00757767009499883,TRUE,""
ENSG00000028310,BRD9,cad,grey,0.100621721370997,0.320908536072989,1.628e-05,19.5858,5530,0.00933750869422357,TRUE,""
ENSG00000028839,TBPL1,cad,grey,-0.0442017034265821,0.249098268106654,3.555e-31,18.3728,4669,3.29092031843871e-27,TRUE,""
ENSG00000029153,ARNTL2,t2d,null,0.0416176657223838,0.906843193032938,1.015e-16,4.636,4077,0.00208118243864387,TRUE,""
ENSG00000029153,ARNTL2,fbg,null,0.0794519072881873,0.580515713596355,0.00142,4.636,2315,0.00378648104022056,TRUE,""
ENSG00000029639,TFB1M,fbg,grey,-0.0284817380183728,0.155795591786075,0.001801,27.4053,2221,0.0100316254132347,TRUE,""
ENSG00000031081,ARHGAP31,t2d,grey,-0.0892797044941098,0.246222101109975,0.000402,19.7266,3637,0.00887513026356773,TRUE,""
ENSG00000031691,CENPQ,t2d,null,-0.0182044736836613,0.550132909714819,0.0007113,51.0629,4228,0.00446560042739633,TRUE,""
ENSG00000031823,RANBP3,t2d,grey,-0.129541248507304,0.425013951601085,0.002095,9.6014,1629,0.00554717734215,TRUE,""
ENSG00000033030,ZCCHC8,cad,grey,0.125380836165587,0.310033608381307,1.192e-05,9.4611,3074,0.0058165756131304,TRUE,""
ENSG00000033100,CHPF2,t2d,grey,0.0417265375048295,0.499675764943554,6.489e-05,23.0357,2771,0.00440435516460415,TRUE,""
ENSG00000033327,GAB2,t2d,grey,-0.154092347311801,0.12840842407895,0.005182,16.4103,2638,0.0176056330075861,TRUE,""
ENSG00000034053,APBA2,fbg,grey,0.0551812191913218,0.12037739394581,0.003625,23.3617,1260,0.0183263653435157,TRUE,""
ENSG00000034510,TMSB10,t2d,null,-0.0314129390006879,0.775096962195985,0.0042,11.4048,3170,0.00554867376856556,TRUE,""
ENSG00000035499,DEPDC1B,fbg,grey,0.155701544250512,0.0708478257810241,3.16e-05,5.6723,1564,0.0214756159595212,TRUE,""
ENSG00000035664,DAPK2,fbg,null,-0.0161403703620847,0.665873563888404,0.0003134,20.8436,1347,0.00551785526292473,TRUE,""
ENSG00000035681,NSMAF,t2d,null,-0.0159244953917098,0.668235141795249,1.749e-05,42.9271,1714,0.00478615703754289,TRUE,""
ENSG00000036549,ZZZ3,fbg,grey,0.0503538265699462,0.228153812895039,0.0002061,16.6021,1658,0.00903188304584485,TRUE,""
ENSG00000036565,SLC18A1,t2d,null,-0.0185926448836786,0.542023387720777,3.035e-08,50.0727,5228,1.50318870715953e-05,TRUE,""
ENSG00000037280,FLT4,t2d,grey,0.0793350159894604,0.362142424056669,0.00153,22.2908,1800,0.00910278818586206,TRUE,""
ENSG00000037897,METTL1,cad,grey,0.0696635119176783,0.351231423953114,4.918e-09,12.0547,3383,3.01053790696808e-05,TRUE,""
ENSG00000038358,EDC4,t2d,null,-0.137554048336303,0.671952828737792,0.0002947,10.4224,2072,0.0101269448209022,TRUE,""
ENSG00000038382,TRIO,cad,null,-0.0759101828046849,0.641848188772075,0.001209,13.9224,5659,0.00641512313584745,TRUE,""
ENSG00000038532,CLEC16A,fbg,null,-0.0056543547993356,0.911528237909377,0.0002398,14.3337,2119,0.00576603431765584,TRUE,""
ENSG00000038945,MSR1,fbg,grey,0.0138599051271125,0.348501423761085,0.001901,48.7287,2890,0.00473026028229608,TRUE,""
ENSG00000039068,CDH1,t2d,null,-0.0135127623650538,0.780643138508224,3.882e-09,28.8806,2569,9.91383212400434e-06,TRUE,""
ENSG00000039123,SKIV2L2,t2d,null,0.0805208065810712,0.600089476878222,1.329e-11,6.4283,3113,0.00564462329241764,TRUE,""
ENSG00000039319,ZFYVE16,t2d,null,0.0196396070598982,0.953637483353272,3.761e-07,7.4625,2706,0.00821192161670922,TRUE,""
ENSG00000039650,PNKP,cad,null,0.00659282857310695,0.778939163028047,9.641e-06,52.6632,3819,0.00233323478529227,TRUE,""
ENSG00000040633,PHF23,fbg,null,-0.0119671374338334,0.795927918181723,0.001727,22.3111,1504,0.00697393586271364,TRUE,""
ENSG00000041357,PSMA4,t2d,grey,0.0469625349935366,0.479369457910652,5.434e-06,21.9696,3289,0.00391233729627104,TRUE,""
ENSG00000041357,PSMA4,fbg,null,0.0153842787047792,0.552679335565412,0.0004417,21.9696,1881,0.00486481107575826,TRUE,""
ENSG00000041515,MYO16,fbg,null,-0.00741178758987307,0.522895216724075,0.0001625,51.6447,2720,0.00441288928345836,TRUE,""
ENSG00000042832,TG,t2d,null,0.0253792099924791,0.583156102375104,0.002752,31.4545,2753,0.00636189545800026,TRUE,""
ENSG00000042832,TG,fbg,null,0.00958770155271432,0.595245548732816,0.001922,31.4545,2956,0.0044075800527462,TRUE,""
ENSG00000042980,ADAM28,fbg,grey,-0.0296887426518171,0.225465985004507,9.821e-06,23.9348,2180,0.00593744083407484,TRUE,""
ENSG00000043143,PHF15,fbg,grey,-0.100913986184805,0.391365938307552,0.000263,6.7891,1687,0.00840563442498724,TRUE,""
ENSG00000043462,LCP2,fbg,grey,-0.0648850194793069,0.130991357527418,0.0001479,19.9789,2373,0.017469803384417,TRUE,""
ENSG00000046604,DSG2,fbg,grey,0.0658089561823116,0.453254704753736,0.0006893,5.7978,2089,0.00586923286497513,TRUE,""
ENSG00000047315,POLR2B,fbg,grey,0.0249211199816173,0.349538991650093,2.384e-05,13.8965,1943,0.00595235004289628,TRUE,""
ENSG00000047410,TPR,fbg,grey,0.0250014414748283,0.393294214421889,0.0002101,24.8733,1507,0.00776576034210151,TRUE,""
ENSG00000048342,CC2D2A,t2d,null,-0.00999066753192664,0.929393771944136,0.001035,11.3832,4582,0.00369634210154056,TRUE,""
ENSG00000048405,ZNF800,cad,null,0.00360167283986487,0.945017067376838,6.92e-05,19.7061,3956,0.00267079662219375,TRUE,""
ENSG00000048462,TNFRSF17,fbg,grey,0.061624649859944,0.302423598900007,0.004219,9.5319,2450,0.00977333910973609,TRUE,""
ENSG00000048462,TNFRSF17,t2d,null,-0.0821661998132586,0.591554054889021,4.08e-05,9.5319,5093,0.00405384021403253,TRUE,""
ENSG00000048471,SNX29,cad,null,-0.00752745761640505,0.704457418583588,0.0003121,78.4202,8265,0.0613624937096193,TRUE,""
ENSG00000049089,COL9A2,cad,grey,0.208220422059142,0.109598583399116,9.106e-06,16.1657,4233,0.016993558511282,TRUE,""
ENSG00000049167,ERCC8,t2d,grey,-0.0485299422057939,0.245032424686099,0.002769,34.0484,2010,0.00735665501816632,TRUE,""
ENSG00000049239,H6PD,cad,grey,-0.0208339309533404,0.417742017975973,0.0002465,48.6706,4264,0.00348127018897408,TRUE,""
ENSG00000049245,VAMP3,cad,grey,0.0328622418014332,0.412532886370104,0.0001354,31.8996,4924,0.00390731638023178,TRUE,""
ENSG00000049247,UTS2,cad,null,-0.0137251207673693,0.78550522553624,0.0001354,51.1912,4887,0.00848858115074009,TRUE,""
ENSG00000049249,TNFRSF9,cad,grey,0.128963175163807,0.480922710459597,0.0001354,15.2448,4857,0.00802958237647487,TRUE,""
ENSG00000049759,NEDD4L,cad,null,0.0085044034973165,0.880764615259515,2.466e-05,18.8373,,,FALSE,对齐后仅 0 变异(<10)
ENSG00000049860,HEXB,t2d,grey,0.0411650031133031,0.195364459810383,0.0001562,23.5105,2827,0.00837955345896475,TRUE,""
ENSG00000050130,JKAMP,fbg,null,-0.000875862332504301,0.975070165131246,0.002222,41.0878,2136,0.00781749256385752,TRUE,""
ENSG00000050426,LETMD1,t2d,null,0.0480605174487748,0.666858456903257,7.813e-06,23.9485,2293,0.000985785586732999,TRUE,""
ENSG00000050730,TNIP3,t2d,null,-0.0658849101032454,0.628005463202729,2.027e-08,12.6979,2588,0.00515555075213804,TRUE,""
ENSG00000051009,FAM160A2,fbg,null,0.00700061929468167,0.529629670287596,0.0007164,55.8969,3152,0.0047395589991953,TRUE,""
ENSG00000051620,HEBP2,cad,null,-0.0358127135062388,0.636174730764614,0.0004451,62.1491,4874,0.00666979909040011,TRUE,""
ENSG00000052126,PLEKHA5,fbg,grey,-0.0152049221891082,0.464347229392465,0.000252,34.7872,2366,0.00605720666116894,TRUE,""
ENSG00000052723,SIKE1,t2d,null,-0.116903128788061,0.605764292132078,0.0007969,7.3085,2761,0.00502854474178676,TRUE,""
ENSG00000053371,AKR7A2,cad,grey,0.0426904235924935,0.295157233557039,0.0001008,27.7489,5730,0.00469461415849964,TRUE,""
ENSG00000053501,USE1,cad,grey,-0.146107870187799,0.0921409896538883,1.438e-13,9.3923,5483,3.56607911419496e-10,TRUE,""
ENSG00000053918,KCNQ1,t2d,grey,-0.257989390136343,0.0801183137276342,8.746e-10,9.5668,1544,9.01124191432215e-06,TRUE,""
ENSG00000053918,KCNQ1,cad,grey,-0.117938006919471,0.269832541889272,3.436e-05,9.5668,6050,0.00422333682080065,TRUE,""
ENSG00000054118,THRAP3,fbg,null,-0.036328552722101,0.898724545227828,0.0008783,12.5034,1187,0.0251586092183335,TRUE,""
ENSG00000054219,LY75,fbg,grey,-0.0164533045813941,0.165412255542075,0.0001329,50.2453,1777,0.00353171307569415,TRUE,""
ENSG00000054277,OPN3,fbg,null,0.00754268409852443,0.855725415320072,0.0007871,42.2844,2204,0.00413013336580669,TRUE,""
ENSG00000055147,FAM114A2,fbg,grey,-0.0406417437895762,0.333173268958951,0.0004241,13.1392,2167,0.0057605130407472,TRUE,""
ENSG00000055813,CCDC85A,cad,grey,-0.0650236263535271,0.162548416131283,2.751e-05,19.5583,5712,0.00673379021641237,TRUE,""
ENSG00000055917,PUM2,t2d,grey,0.323444927301405,0.142826396462064,2.826e-05,16.1196,4023,0.0235553565836375,TRUE,""
ENSG00000055950,MRPL43,fbg,null,-0.00200547904775005,0.895317338291782,0.002905,45.9385,1272,0.00476885643711956,TRUE,""
ENSG00000056050,C4orf27,cad,grey,-0.036003065075954,0.415481291692167,0.0007087,11.4801,3448,0.00418393002901872,TRUE,""
ENSG00000056558,TRAF1,t2d,null,0.0427198166193272,0.533795755724386,6.202e-07,23.3187,,,FALSE,对齐后仅 0 变异(<10)
ENSG00000056586,RC3H2,fbg,grey,0.0786359377408013,0.154961749568421,0.004648,14.4607,1650,0.0137567959333852,TRUE,""
ENSG00000056972,TRAF3IP2,cad,grey,-0.0384488198292569,0.42119612399579,4.674e-05,34.1963,4269,0.00452435725516548,TRUE,""
ENSG00000057019,DCBLD2,t2d,null,-0.0345247999399793,0.634172646771947,0.01059,33.2399,4483,0.00754814875056728,TRUE,""
ENSG00000057252,SOAT1,cad,null,0.0207466680927677,0.638355017565112,0.000618,44.9667,5899,0.00349942217150862,TRUE,""
ENSG00000057294,PKP2,cad,grey,0.0526556749039655,0.286616361405448,0.001708,21.9719,6745,0.00495822218952154,TRUE,""
ENSG00000057593,F7,t2d,grey,-0.266256239843591,0.341492955343764,0.0003621,6.525,820,0.00988297902004587,TRUE,""
ENSG00000057935,MTA3,cad,grey,0.0719314809641708,0.369958168208807,1.838e-18,12.8428,5483,0.000284447052351576,TRUE,""
ENSG00000057935,MTA3,fbg,grey,-0.0746980763858697,0.0915072499234823,3.935e-05,12.8428,2364,0.00894928146042857,TRUE,""
ENSG00000058063,ATP11B,fbg,null,-0.000697199466980347,0.97783938988704,0.004755,25.3966,1416,0.00432252534369763,TRUE,""
ENSG00000058335,RASGRF1,t2d,grey,-0.22270444321699,0.384538052996623,3.94e-06,5.8597,3626,0.0110875043746436,TRUE,""
ENSG00000058335,RASGRF1,fbg,null,-0.0528923052640351,0.626131140669092,0.0004417,5.8597,2083,0.00514080269856413,TRUE,""
ENSG00000058453,CROCC,fbg,null,-0.00260840658381146,0.886403006367064,0.003642,32.5954,1310,0.00423482632993782,TRUE,""
ENSG00000058600,POLR3E,t2d,null,-0.0065626020972814,0.852408287000742,0.005783,38.9128,1477,0.0042832675149487,TRUE,""
ENSG00000058673,ZC3H11A,t2d,grey,-0.206625191375781,0.241529980712954,9.992e-05,6.7458,2891,0.0105597020232523,TRUE,""
ENSG00000058729,RIOK2,cad,null,0.00551921062560334,0.902259917132016,2.79e-06,22.5329,4179,0.000850991777356413,TRUE,""
ENSG00000058866,DGKG,cad,grey,0.215970395985342,0.173176121354355,4.928e-07,6.4245,4212,0.000959784124282608,TRUE,""
ENSG00000058866,DGKG,fbg,grey,-0.136690124041356,0.21129954733371,5.479e-05,6.4245,1546,0.00936821953272053,TRUE,""
ENSG00000059377,TBXAS1,fbg,grey,0.0181435951405692,0.275312886521963,0.002517,34.9783,1294,0.00706622041943199,TRUE,""
ENSG00000059573,ALDH18A1,fbg,grey,0.0258455690591956,0.499675764943554,0.0003168,18.1838,1936,0.0055525827246082,TRUE,""
ENSG00000059804,SLC2A3,t2d,grey,-0.0717523680664124,0.140384964279281,0.0001573,27.2545,1270,0.0116454955629032,TRUE,""
ENSG00000060140,STYK1,cad,null,0.0252959728343678,0.730223992825289,2.607e-05,14.0645,5703,0.00280651332008801,TRUE,""
ENSG00000060339,CCAR1,t2d,grey,0.207417428931907,0.493095797026495,6.578e-09,6.21,564,0.00766789398702451,TRUE,""
ENSG00000060491,OGFR,cad,grey,0.0812106100382825,0.138138553626745,2.243e-05,16.3693,1909,0.00198542365689098,TRUE,""
ENSG00000060558,GNA15,fbg,null,0.0151065671527474,0.738882680363527,0.0019,13.1487,1139,0.00422486766485965,TRUE,""
ENSG00000060656,PTPRU,cad,null,0.109153844995621,0.709292079542706,1.972e-05,11.5872,4029,0.00991852356014954,TRUE,""
ENSG00000060762,MPC1,fbg,null,0.00151732040282777,0.906347316282193,0.001683,50.1507,2945,0.00411993624675707,TRUE,""
ENSG00000061273,HDAC7,t2d,null,0.219075748350016,0.527473048830712,4.223e-06,9.2781,3568,0.00868317056723923,TRUE,""
ENSG00000061337,LZTS1,cad,null,0.00267122642288553,0.956892098247027,5.15e-14,26.6039,7245,3.66754810381334e-11,TRUE,""
ENSG00000061936,SFSWAP,cad,grey,-0.0950140734511849,0.293718112751792,1.958e-05,10.7922,3996,0.00371887521682899,TRUE,""
ENSG00000062282,DGAT2,t2d,grey,-0.188565172682658,0.136432438166343,0.0004482,19.5047,2453,0.018680871302528,TRUE,""
ENSG00000063169,GLTSCR1,fbg,grey,0.0481402526329186,0.25707429868483,0.005501,18.8574,1250,0.0101890187617497,TRUE,""
ENSG00000063322,MED29,cad,null,0.00678836606658949,0.85209919520661,0.0007574,28.7856,4194,0.00279996755973202,TRUE,""
ENSG00000064042,LIMCH1,t2d,grey,-0.156010650083119,0.0981587755711434,1.816e-05,14.4522,4257,0.0108897056461472,TRUE,""
ENSG00000064042,LIMCH1,cad,null,-0.0266064674560358,0.689156516779352,0.0001586,14.4522,6171,0.00251090967541494,TRUE,""
ENSG00000064199,SPA17,fbg,null,-0.0258858452875411,0.78331623830721,0.0009512,20.7617,2256,0.014145532514345,TRUE,""
ENSG00000064201,TSPAN32,cad,null,0.00212500711770046,0.917607199040523,3.436e-05,60.6924,6596,0.016479815232358,TRUE,""
ENSG00000064201,TSPAN32,fbg,null,-0.00885419632375191,0.560974031478011,1.615e-05,60.6924,1783,0.00430736485116831,TRUE,""
ENSG00000064300,NGFR,fbg,null,-0.0522104866674963,0.555362566713577,0.000533,7.2478,1325,0.0054457083101649,TRUE,""
ENSG00000064313,TAF2,t2d,null,-0.0344912509819102,0.50952694326248,0.000651,31.9384,2073,0.00552077338486692,TRUE,""
ENSG00000064419,TNPO3,t2d,null,-0.0113098988340747,0.738882680363527,0.0007483,50.8573,2537,0.00536559141044304,TRUE,""
ENSG00000064490,RFXANK,t2d,null,-0.0321726340968091,0.752709649944638,4.131e-12,37.4945,1973,4.59951403181831e-08,TRUE,""
ENSG00000064601,CTSA,t2d,grey,-0.228165012491763,0.0901808600977078,2.148e-08,14.2499,1147,0.000664108466772358,TRUE,""
ENSG00000064651,SLC12A2,fbg,null,-0.020789815569099,0.53419070026645,0.009801,19.6799,2061,0.00525587150916447,TRUE,""
ENSG00000064763,FAR2,t2d,null,0.0685904149284044,0.764177155622095,0.006766,5.5909,4876,0.00411626744518938,TRUE,""
ENSG00000064961,HMG20B,fbg,grey,0.761893752289758,0.0880299860201926,0.0019,5.2487,1113,0.058364662922615,TRUE,""
ENSG00000064989,CALCRL,t2d,grey,0.0495900660670222,0.415671596774975,0.0001218,25.126,2323,0.00543816293749589,TRUE,""
ENSG00000064989,CALCRL,fbg,grey,-0.0219613149725384,0.426688082619747,0.002157,25.126,1611,0.00748340330029854,TRUE,""
ENSG00000064995,TAF11,cad,null,0.0737697855926233,0.617075077451974,2.151e-11,8.0543,5547,3.97135873928015e-08,TRUE,""
ENSG00000064995,TAF11,fbg,null,-0.0520727898300871,0.593802857207703,0.0004404,8.0543,1464,0.0446972332652915,TRUE,""
ENSG00000064999,ANKS1A,cad,grey,-0.137463136266514,0.117651888587858,2.151e-11,17.2218,5296,1.90532806291329e-07,TRUE,""
ENSG00000065029,ZNF76,cad,grey,-0.0412807615744451,0.403370718001094,2.151e-11,26.2542,4831,1.02175873372577e-07,TRUE,""
ENSG00000065183,WDR3,cad,null,0.065089964088041,0.772461521733703,6.759e-05,12.543,3822,0.00849059973199249,TRUE,""
ENSG00000065268,WDR18,cad,grey,0.035819322786771,0.133614402537716,6.73e-06,56.0186,4036,0.00568260606531563,TRUE,""
ENSG00000065413,ANKRD44,t2d,grey,0.201787243869248,0.056133213319545,0.001481,16.8378,1443,0.00528246408371232,TRUE,""
ENSG00000065413,ANKRD44,cad,grey,-0.0855746950440267,0.260589034273618,0.0001891,16.8378,2015,0.00460127697401362,TRUE,""
ENSG00000065485,PDIA5,t2d,null,0.0109797507344707,0.849408323108071,5.933e-29,16.3145,3342,4.52220830024358e-25,TRUE,""
ENSG00000065485,PDIA5,cad,null,0.0029279335291922,0.944054023280193,0.000111,16.3145,4600,0.00246612398081448,TRUE,""
ENSG00000065526,SPEN,cad,null,-0.0657154388719754,0.552909077394367,0.0002725,14.5999,3813,0.00456036182705938,TRUE,""
ENSG00000065548,ZC3H15,cad,grey,0.127858209331279,0.385684608293062,1.21e-07,9.8701,2653,0.000390302767564925,TRUE,""
ENSG00000065613,SLK,cad,grey,0.0434651039426353,0.269045576986182,9.505e-05,24.576,722,0.000635414468757647,TRUE,""
ENSG00000065618,COL17A1,fbg,null,0.00382330591837694,0.918308934545483,0.002123,18.5888,1680,0.00480301231081177,TRUE,""
ENSG00000065665,SEC61A2,cad,grey,-0.0370487083722378,0.0794136545405451,6.377e-10,51.5603,6859,3.25433151537127e-06,TRUE,""
ENSG00000065675,PRKCQ,fbg,grey,-0.0457625796071742,0.263119824546096,0.002801,18.0543,2726,0.00901151077509723,TRUE,""
ENSG00000065717,TLE2,cad,grey,0.0578161232332362,0.366406064176293,0.0001482,13.0806,6009,0.00411425375211212,TRUE,""
ENSG00000065911,MTHFD2,t2d,null,0.0205113340968292,0.748579613208435,0.002211,21.5817,2254,0.00395804106804242,TRUE,""
ENSG00000065970,FOXJ2,t2d,grey,-0.0719885178405269,0.117651888587858,0.0001573,32.8858,1341,0.0138345389575623,TRUE,""
ENSG00000065970,FOXJ2,fbg,grey,-0.016238011542976,0.391365938307552,0.002978,32.8858,1394,0.00595192546931122,TRUE,""
ENSG00000066027,PPP2R5A,cad,grey,0.0187859419974578,0.398207109968035,8.176e-06,94.0222,5590,0.00317563125803276,TRUE,""
ENSG00000066032,CTNNA2,cad,grey,0.033724461941364,0.48283234964991,0.0005908,18.9662,5253,0.00331278197730147,TRUE,""
ENSG00000066185,ZMYND12,fbg,grey,0.0229005529092831,0.317310507862914,0.0001169,32.6455,1698,0.00827596787792061,TRUE,""
ENSG00000066294,CD84,fbg,grey,0.0337388451199284,0.232654673754248,0.003296,39.2343,1769,0.0156055787379544,TRUE,""
ENSG00000066336,SPI1,cad,grey,0.0997541977999101,0.219420625785452,1.897e-06,34.9478,3073,0.00132058808827981,TRUE,""
ENSG00000066382,MPPED2,fbg,null,-0.0185048978606578,0.580515713596355,0.0004541,20.0901,1616,0.00524675272981135,TRUE,""
ENSG00000066427,ATXN3,cad,grey,0.0459546044962759,0.479863738481752,1.668e-05,24.5783,5092,0.00411525112351404,TRUE,""
ENSG00000066583,ISOC1,t2d,grey,0.0464899727056218,0.307822383874207,6.976e-05,51.7051,3181,0.00386798451225583,TRUE,""
ENSG00000066654,THUMPD1,fbg,grey,-0.0362300124578242,0.121529125955424,0.009007,23.4599,1244,0.0119405067064475,TRUE,""
ENSG00000066697,MSANTD3,cad,grey,-0.0813179261831642,0.0619481514134812,0.0001286,15.6546,,,FALSE,对齐后仅 0 变异(<10)
ENSG00000066855,MTFR1,fbg,grey,0.01135239353656,0.375421607696006,0.0002605,61.1501,1475,0.00769330371747429,TRUE,""
ENSG00000066855,MTFR1,t2d,null,-0.00523956624764309,0.868835667192575,0.0004227,61.1501,1778,0.00470529564901133,TRUE,""
ENSG00000066926,FECH,cad,null,0.00193568836001187,0.942371793878732,2.599e-06,55.1733,,,FALSE,对齐后仅 0 变异(<10)
ENSG00000067066,SP100,fbg,null,-0.00622020939041948,0.928854847071628,0.0002303,14.3082,1716,0.00651739717460016,TRUE,""
ENSG00000067113,PPAP2A,cad,grey,0.361013490414204,0.288775888162818,2.012e-07,7.2292,4137,0.0077850303993929,TRUE,""
ENSG00000067141,NEO1,fbg,grey,-0.0111852078767742,0.453254704753736,0.003478,41.1469,1193,0.00657783290685274,TRUE,""
ENSG00000067221,STOML1,cad,grey,-0.0549473053007712,0.0680672422985274,7.557e-07,33.6266,3680,0.00267973378065323,TRUE,""
ENSG00000067248,DHX29,cad,null,0.0438339207734316,0.831237456877116,2.012e-07,5.2756,4030,0.00299814470197888,TRUE,""
ENSG00000067365,METTL22,cad,null,-0.00942815685919968,0.815502576593791,0.0002623,23.6218,9699,0.00268534462227086,TRUE,""
ENSG00000067533,RRP15,fbg,null,-0.0031630668117396,0.859924253238214,0.0001692,33.7023,2158,0.00397926929039578,TRUE,""
ENSG00000067601,PMS2P4,t2d,grey,-0.0380413147431916,0.293718112751792,4.715e-05,17.6788,3574,0.00592681756928959,TRUE,""
ENSG00000067601,PMS2P4,cad,grey,0.0235493853172139,0.369958168208807,0.001283,17.6788,4641,0.00410359541247913,TRUE,""
ENSG00000067606,PRKCZ,fbg,grey,-0.0251464454842956,0.480261302753423,0.002196,15.7017,799,0.005139632848948,TRUE,""
ENSG00000067715,SYT1,t2d,null,-0.013394390523029,0.897031839071741,0.001868,14.4045,1894,0.00415119828463076,TRUE,""
ENSG00000067955,CBFB,fbg,grey,0.257662154890209,0.235359128148723,0.0003007,6.067,937,0.0169355521481022,TRUE,""
ENSG00000068079,IFI35,cad,null,0.00353936367613296,0.988223533722495,7.357e-09,17.8395,269,0.0478027768327801,TRUE,""
ENSG00000068305,MEF2A,cad,null,0.00091461718275764,0.986002743281724,4.379e-05,19.3434,5706,0.00245289627622162,TRUE,""
ENSG00000068796,KIF2A,fbg,null,0.00333384029711045,0.922905718287002,0.0008917,16.0163,1832,0.00382832163174388,TRUE,""
ENSG00000068831,RASGRP2,t2d,null,-0.195468703910158,0.694758945483497,4.714e-07,5.4627,1413,0.00124353037685434,TRUE,""
ENSG00000068903,SIRT2,fbg,null,-0.0398500473317316,0.580515713596355,0.0004863,9.323,1360,0.00525903500886135,TRUE,""
ENSG00000068971,PPP2R5B,cad,null,0.0314723078678325,0.920344325445942,2.291e-11,6.9323,2974,2.36047335664935e-07,TRUE,""
ENSG00000069020,MAST4,fbg,null,-0.00585805104410112,0.529629670287596,0.003158,35.9903,2030,0.00512332441108997,TRUE,""
ENSG00000069248,NUP133,cad,null,-0.0236320317616511,0.539026540991256,6.405e-07,32.3289,4845,0.000488537078633341,TRUE,""
ENSG00000069869,NEDD4,cad,grey,-0.0470547509363345,0.398522850706506,2.713e-05,38.074,5114,0.0052525428420685,TRUE,""
ENSG00000069966,GNB5,t2d,grey,0.107483730073483,0.354389662361201,2.755e-07,30.8953,3040,0.000580249838045471,TRUE,""
ENSG00000070019,GUCY2C,fbg,null,-0.00961451959525804,0.651547872829126,0.002969,25.7838,1910,0.0040656610941549,TRUE,""
ENSG00000070087,PFN2,fbg,null,0.00950726991914758,0.749968182154572,0.005416,62.1656,1737,0.00528040898792973,TRUE,""
ENSG00000070182,SPTB,t2d,null,0.0488309973328571,0.715330967149235,0.0008055,10.3138,3043,0.00429898315625457,TRUE,""
ENSG00000070190,DAPP1,t2d,grey,-0.0370426510462547,0.427962579961166,3.14e-05,28.5375,2452,0.00508627076085214,TRUE,""
ENSG00000070190,DAPP1,fbg,grey,-0.0182363820535408,0.317310507862914,0.005222,28.5375,1872,0.00642828903337445,TRUE,""
ENSG00000070269,C14orf101,fbg,null,0.04438685760346,0.559668927199412,0.0006706,15.4348,2466,0.0100860115984683,TRUE,""
ENSG00000070413,DGCR2,t2d,grey,0.0494951566951567,0.462376182897028,0.001319,21.9375,1774,0.00522198860849108,TRUE,""
ENSG00000070413,DGCR2,fbg,null,0.0178507122507123,0.504985075093846,0.0001662,21.9375,1841,0.00471168798473154,TRUE,""
ENSG00000070476,ZXDC,cad,grey,0.0557836145218652,0.173176121354355,0.0002647,25.0757,6075,0.00480271533121107,TRUE,""
ENSG00000070476,ZXDC,t2d,null,0.0035306085140421,0.95137863349785,3.841e-07,25.0757,4156,0.00361823947961942,TRUE,""
ENSG00000070718,AP3M2,t2d,grey,-0.0282194557787769,0.445761643145975,3.159e-22,38.6628,2978,4.28050043366471e-18,TRUE,""
ENSG00000070718,AP3M2,fbg,null,0.00601398237908361,0.674956824198369,0.001998,38.6628,1198,0.00400634505692293,TRUE,""
ENSG00000070731,ST6GALNAC2,t2d,grey,-0.0226575047522855,0.443701622367481,0.0005387,56.6768,,,FALSE,对齐后仅 0 变异(<10)
ENSG00000070731,ST6GALNAC2,fbg,grey,-0.0229721923182894,0.0680010293396449,0.000889,56.6768,1587,0.0302435919980204,TRUE,""
ENSG00000070756,PABPC1,cad,grey,0.0701159005887873,0.204358769913803,4.698e-07,11.3141,2544,0.0110439669240783,TRUE,""
ENSG00000070756,PABPC1,t2d,null,0.017706035502219,0.818590834079056,1.544e-05,11.3141,1566,0.00674969021234535,TRUE,""
ENSG00000070756,PABPC1,fbg,null,0.00920713846115389,0.794863773596479,0.001284,11.3141,1762,0.00603064701785391,TRUE,""
ENSG00000070759,TESK2,cad,null,0.0110790105655171,0.668235141795249,1.755e-05,38.5594,2913,0.002499793176916,TRUE,""
ENSG00000070770,CSNK2A2,t2d,grey,-0.175786859778611,0.254749500528113,0.0007795,12.3316,4138,0.00922950879733452,TRUE,""
ENSG00000070882,OSBPL3,t2d,null,0.00254631304285724,0.950779127092922,3.158e-06,34.5988,5123,0.00237948522317407,TRUE,""
ENSG00000070915,SLC12A3,t2d,null,0.0324536345315959,0.786707745258045,0.0007795,8.363,3545,0.00595162137961753,TRUE,""
ENSG00000070961,ATP2B1,fbg,null,0.0370529001062169,0.793394868265903,0.0007364,5.281,1596,0.00506678363573686,TRUE,""
ENSG00000071073,MGAT4A,t2d,null,-0.0657368209943207,0.559038899322727,0.0004319,14.0795,2197,0.0050440164528887,TRUE,""
ENSG00000071073,MGAT4A,cad,null,-0.0113775267105555,0.884583528000224,7.84e-05,14.0795,3149,0.00296109702520786,TRUE,""
ENSG00000071189,SNX13,cad,grey,0.226964633246091,0.113345509219526,0.0001526,10.4307,5560,0.0131878936049656,TRUE,""
ENSG00000071189,SNX13,fbg,grey,0.126281074136923,0.130991357527418,0.001128,10.4307,2341,0.0177718146887204,TRUE,""
ENSG00000071205,ARHGAP10,t2d,null,-0.0378929205671613,0.634786973282518,0.002915,17.8503,1879,0.00435645411329308,TRUE,""
ENSG00000071242,RPS6KA2,t2d,grey,-0.0255136356300421,0.464920120624581,0.0006813,40.0532,3414,0.00470064574545812,TRUE,""
ENSG00000071282,LMCD1,cad,grey,-0.0475188225917529,0.23418195123316,0.001159,25.8466,7161,0.00467286477270833,TRUE,""
ENSG00000071462,WBSCR22,cad,null,-0.0389422126016882,0.5035757470561,0.0002877,41.8742,1819,0.00881947340357317,TRUE,""
ENSG00000071537,SEL1L,fbg,grey,-0.0882052340886801,0.121529125955424,0.001629,9.6865,1917,0.0128109007673537,TRUE,""
ENSG00000071537,SEL1L,cad,null,0.0698291436535384,0.504985075093846,0.0004106,9.6865,4415,0.00353060174788815,TRUE,""
ENSG00000071909,MYO3B,cad,null,0.04694223643343,0.531971058097401,4.288e-06,15.158,3162,0.00215017317901417,TRUE,""
ENSG00000072163,LIMS2,fbg,grey,-0.0134618159758621,0.317310507862914,0.003468,31.0495,1814,0.00695577160509775,TRUE,""
ENSG00000072195,SPEG,cad,grey,0.0795058112320846,0.235448315465431,0.0002006,15.5656,3476,0.005506670106661,TRUE,""
ENSG00000072201,LNX1,cad,grey,0.123997745973401,0.178863583597909,5.527e-06,11.7498,2980,0.00194391612591238,TRUE,""
ENSG00000072210,ALDH3A2,t2d,null,-0.0348459672644627,0.637451957746661,0.01504,20.9436,1438,0.00472502097537798,TRUE,""
ENSG00000072274,TFRC,t2d,null,-0.024162474166715,0.634610556736476,5.627e-06,32.2042,1839,0.00319638929259626,TRUE,""
ENSG00000072310,SREBF1,fbg,grey,0.0155934771238125,0.272740113942454,0.0004783,43.2793,1241,0.00816104436600646,TRUE,""
ENSG00000072364,AFF4,cad,grey,0.044375095713071,0.465293165648637,4.741e-10,18.4515,2854,3.32744622276513e-06,TRUE,""
ENSG00000072401,UBE2D1,cad,grey,-0.022046690158873,0.180477677586653,0.0005859,87.7705,556,0.00975761875577301,TRUE,""
ENSG00000072401,UBE2D1,fbg,grey,0.010876367145044,0.232654673754248,0.0006051,87.7705,2265,0.00375383334457496,TRUE,""
ENSG00000072415,MPP5,fbg,grey,-0.0846958662965662,0.21129954733371,0.001945,13.5041,1420,0.0147215638770344,TRUE,""
ENSG00000072694,FCGR2B,cad,grey,-0.0270431670557666,0.339549287388287,0.0005435,65.4578,5479,0.00399106307198864,TRUE,""
ENSG00000072694,FCGR2B,fbg,null,0.00827202756999921,0.588048156696901,0.000783,65.4578,1923,0.00707043387297359,TRUE,""
ENSG00000072736,NFATC3,t2d,grey,0.101391054083223,0.165925097632956,0.0008984,23.3492,2224,0.0117825584190796,TRUE,""
ENSG00000072756,TRNT1,t2d,null,0.000748009161011073,0.984356207118252,0.0004483,47.7232,5464,0.00456991588777612,TRUE,""
ENSG00000072954,TMEM38A,cad,grey,0.407918288856951,0.386124674283814,1.438e-13,6.5809,5937,0.00211217326362803,TRUE,""
ENSG00000073146,MOV10L1,t2d,grey,-0.316410037582874,0.105793841569331,2.816e-05,9.3652,1446,0.0153223550593911,TRUE,""
ENSG00000073282,TP63,t2d,grey,0.266664019636277,0.245847805525615,0.003409,10.1658,3703,0.0105529848106977,TRUE,""
ENSG00000073282,TP63,fbg,grey,0.065247579272706,0.465293165648637,0.00038,10.1658,2456,0.00928926899376368,TRUE,""
ENSG00000073598,FNDC8,cad,grey,-0.240453874860068,0.0992805319136164,0.0002372,10.7865,1135,0.000875088094348245,TRUE,""
ENSG00000073598,FNDC8,t2d,null,-0.104196679106029,0.608783274507984,0.0007579,10.7865,900,0.000162352095219818,TRUE,""
ENSG00000073605,GSDMB,fbg,null,-0.00345281714400135,0.724132540388919,0.0003171,129.7151,1074,0.00987450342133947,TRUE,""
ENSG00000073670,ADAM11,t2d,grey,0.221438377146108,0.363302140886898,2.278e-09,8.0381,87,3.43427494657975e-05,TRUE,""
ENSG00000074219,TEAD2,cad,grey,0.0261747656914663,0.245758110306171,9.641e-06,46.7424,3784,0.00736733781289514,TRUE,""
ENSG00000074319,TSG101,fbg,grey,-0.0760825403493175,0.235030456586428,0.0008575,8.8621,2026,0.00754112491493962,TRUE,""
ENSG00000074590,NUAK1,t2d,null,0.0739819816847546,0.538643967887185,0.0009164,21.8409,2972,0.00844740522213646,TRUE,""
ENSG00000074603,DPP8,t2d,grey,0.146405769230455,0.14554595547627,5.402e-05,17.8395,2443,0.0117891162378671,TRUE,""
ENSG00000074696,PTPLAD1,fbg,grey,0.140944445366027,0.0690363479944153,1.71e-05,25.087,1206,0.0123234072229271,TRUE,""
ENSG00000074706,IPCEF1,fbg,null,0.0198654134186135,0.660643863540858,0.001688,15.8077,2265,0.0052962217192127,TRUE,""
ENSG00000074803,SLC12A1,t2d,grey,-0.0176479811523483,0.115427948067873,0.0001615,193.7198,2341,0.00518073510263867,TRUE,""
ENSG00000074966,TXK,t2d,null,0.0401849623780574,0.506650310006063,2.084e-05,37.6509,3316,0.00419070924862409,TRUE,""
ENSG00000075073,TACR2,cad,null,0.0316451872941314,0.673716649749524,7.632e-06,13.3003,850,0.000133326980877733,TRUE,""
ENSG00000075142,SRI,cad,null,0.00354599332636087,0.949374678910228,0.000137,20.079,3529,0.00282672398897158,TRUE,""
ENSG00000075142,SRI,fbg,null,0.00886498331590219,0.768668006560809,0.007847,20.079,1777,0.00433449323299381,TRUE,""
ENSG00000075234,TTC38,fbg,grey,0.0267976542462156,0.195624786869267,0.0002208,45.264,2070,0.0166735358902068,TRUE,""
ENSG00000075239,ACAT1,t2d,grey,-0.0203332352092889,0.486302002449304,0.0002324,32.301,3614,0.00423421234074356,TRUE,""
ENSG00000075239,ACAT1,cad,null,0.000739390371246868,0.972492190799539,7.099e-08,32.301,4886,6.50055272066895e-05,TRUE,""
ENSG00000075303,SLC25A40,t2d,null,-0.0189277514593832,0.962466345019474,0.001889,7.5716,2536,0.0120377089754699,TRUE,""
ENSG00000075340,ADD2,fbg,grey,0.0251727858692368,0.434655471356171,0.0006826,17.5858,2007,0.00546294037114632,TRUE,""
ENSG00000075391,RASAL2,fbg,null,0.0320890044940058,0.705149527894255,1.84e-05,7.7659,1667,0.00394561700418798,TRUE,""
ENSG00000075413,MARK3,fbg,null,0.000843036541845161,0.95309266714744,0.0005919,45.0969,1250,0.00425724317442008,TRUE,""
ENSG00000075624,ACTB,fbg,null,-0.0255948674890803,0.617075077451974,0.002297,5.6314,1156,0.00632357509141279,TRUE,""
ENSG00000075711,DLG1,t2d,null,0.0635093339856385,0.5469926117685,5.627e-06,7.9975,1865,0.00473126975550592,TRUE,""
ENSG00000075790,BCAP29,cad,null,-0.0272605214593546,0.930370546623838,4.533e-08,11.1867,3979,3.60370049867768e-05,TRUE,""
ENSG00000075856,SART3,t2d,grey,-0.344558024471318,0.266925996690805,0.0002702,6.6746,2881,0.00934928760210125,TRUE,""
ENSG00000075945,KIFAP3,t2d,null,0.0644567739545143,0.75306025988077,0.0002453,15.0355,4940,0.00873458567139625,TRUE,""
ENSG00000075975,MKRN2,t2d,grey,-0.0517168499660626,0.317310507862914,1.637e-24,48.9618,3497,1.49446999297701e-20,TRUE,""
ENSG00000076003,MCM6,fbg,null,-0.00609931848169632,0.567709166197353,0.005585,60.0223,1397,0.00411309334808029,TRUE,""
ENSG00000076201,PTPN23,fbg,grey,0.0969356450468636,0.196938679952046,0.002281,7.2752,864,0.00653828113017882,TRUE,""
ENSG00000076242,MLH1,cad,grey,-0.0179664527462247,0.495353925990435,0.0003187,29.9127,5092,0.00382084832349008,TRUE,""
ENSG00000076248,UNG,fbg,null,0.00939207321647421,0.558301743578421,0.003027,57.1092,1549,0.00839089481147138,TRUE,""
ENSG00000076321,KLHL20,fbg,null,0.0137920800769579,0.671389024011197,0.002546,18.0672,1029,0.00444580890953752,TRUE,""
ENSG00000076554,TPD52,t2d,null,-0.00845913913713882,0.807548572497082,0.0002595,56.9053,1825,0.00546865948825047,TRUE,""
ENSG00000077092,RARB,cad,null,-0.0476118611927251,0.743010825241539,0.0001882,7.3314,6172,0.00281468318304308,TRUE,""
ENSG00000077232,DNAJC10,t2d,grey,-0.122753642303545,0.0511025895994622,0.002275,22.8327,2518,0.0278611501748771,TRUE,""
ENSG00000077238,IL4R,t2d,grey,0.0332076760392839,0.486302002449304,9.795e-06,29.3417,3487,0.00467608819072203,TRUE,""
ENSG00000077380,DYNC1I2,cad,null,-0.014354823381748,0.673116258667889,1.339e-05,15.0707,3516,0.00332273162626901,TRUE,""
ENSG00000077514,POLD3,fbg,null,-0.00578545036119463,0.913909936512377,0.001013,12.2764,1542,0.00448075058124761,TRUE,""
ENSG00000077616,NAALAD2,t2d,null,-0.0338768705779287,0.829803751216046,0.0001613,11.9819,2955,0.00496616894057527,TRUE,""
ENSG00000077684,PHF17,fbg,grey,-0.0204961325690255,0.498741913600147,0.004858,19.9745,1428,0.00503060202502009,TRUE,""
ENSG00000077684,PHF17,t2d,null,-0.0231695411649854,0.756923103409378,0.00115,19.9745,2015,0.00412076776959515,TRUE,""
ENSG00000077942,FBLN1,t2d,null,-0.0332608314082056,0.902937651007571,5.434e-07,5.1688,2260,0.000360487180531415,TRUE,""
ENSG00000078018,MAP2,t2d,grey,-0.339519686202209,0.132022809861922,4.604e-05,6.3628,1480,0.00951035489367417,TRUE,""
ENSG00000078018,MAP2,fbg,null,-0.0556589649511818,0.531971058097401,3.321e-08,6.3628,1491,0.000368633061996312,TRUE,""
ENSG00000078053,AMPH,t2d,null,-0.0490319199827522,0.704133350204302,8.165e-07,10.7678,5130,0.000688641154834307,TRUE,""
ENSG00000078142,PIK3C3,cad,grey,0.0533910945114427,0.146718745249695,4.316e-06,26.6185,,,FALSE,对齐后仅 0 变异(<10)
ENSG00000078142,PIK3C3,fbg,grey,-0.019741245029441,0.338808706669851,0.007826,26.6185,2009,0.0085542694630975,TRUE,""
ENSG00000078269,SYNJ2,cad,null,0.0130627431712713,0.608717665298894,1.326e-08,66.4515,5658,0.00898008855961158,TRUE,""
ENSG00000078399,HOXA9,cad,null,0.0259774901580062,0.514288986716092,1.44e-05,28.2567,5482,0.00301773690581313,TRUE,""
ENSG00000078399,HOXA9,fbg,null,0.00692733070880164,0.745692505957826,0.0002529,28.2567,2337,0.00459197265143986,TRUE,""
ENSG00000078401,EDN1,cad,null,0.0402718971277946,0.550847112181434,2.718e-76,14.8482,6025,8.948573363133e-46,TRUE,""
ENSG00000078795,PKD2L2,t2d,grey,0.163412457081591,0.133614402537716,0.001334,12.385,1851,0.0116086149202784,TRUE,""
ENSG00000078900,TP73,fbg,null,0.0316579885732084,0.78972582092805,0.0005946,5.4636,2094,0.00537818958088312,TRUE,""
ENSG00000078967,UBE2D4,cad,null,0.00417311886036482,0.966414784500238,1.719e-06,17.0287,4900,0.00142342823984874,TRUE,""
ENSG00000079263,SP140,fbg,grey,-0.0150304381951102,0.43881634294658,0.0002303,28.3689,1808,0.00454343025781998,TRUE,""
ENSG00000079332,SAR1A,cad,null,-0.000551082374334902,0.986244051172096,7.632e-06,32.2414,1080,0.00100967104986984,TRUE,""
ENSG00000079332,SAR1A,fbg,null,0.00716407086635373,0.674956824198369,9.735e-05,32.2414,2709,0.0037199111695204,TRUE,""
ENSG00000079462,PAFAH1B3,fbg,null,-0.0533437992508829,0.522598999989147,0.005398,11.8766,965,0.0108652311492058,TRUE,""
ENSG00000079785,DDX1,cad,null,0.0025231055962353,0.959447074043739,0.0002364,14.1991,5266,0.00261347856189834,TRUE,""
ENSG00000079931,MOXD1,t2d,grey,-0.145202156262218,0.393012649581705,0.001034,9.937,3439,0.00601652150221491,TRUE,""
ENSG00000079950,STX7,cad,null,-0.00694310314645793,0.890294922852369,1.201e-21,20.4028,4919,0.00245454961607942,TRUE,""
ENSG00000080200,CRYBG3,fbg,grey,0.0260878567599935,0.34661443250305,0.007186,19.5784,1503,0.00696290446376507,TRUE,""
ENSG00000080503,SMARCA2,cad,null,0.00934944178228348,0.920344325445942,0.0002448,12.1844,8167,0.00312882687892421,TRUE,""
ENSG00000080603,SRCAP,t2d,grey,0.415576872950955,0.18119696484353,1.426e-06,4.671,1103,0.00727878746190062,TRUE,""
ENSG00000080603,SRCAP,cad,grey,-0.272394925127517,0.222939094167741,0.0001223,4.671,2336,0.00690911366329807,TRUE,""
ENSG00000080802,CNOT4,cad,grey,-0.170551705643715,0.341194755206439,0.0005911,8.2299,5196,0.00593006702200533,TRUE,""
ENSG00000080822,CLDND1,fbg,null,-0.00999650567663111,0.832012471360641,0.001995,12.3971,1985,0.00443716767954006,TRUE,""
ENSG00000080823,MOK,cad,grey,0.0981798007501424,0.222826119253045,1.748e-07,20.8495,4164,0.00606238261028669,TRUE,""
ENSG00000080823,MOK,fbg,grey,-0.0498569300684317,0.245758110306171,0.0003881,20.8495,1259,0.0124544412080043,TRUE,""
ENSG00000080839,RBL1,fbg,grey,0.0661995691775341,0.174735823215247,0.0005264,15.1439,1079,0.0109867196857322,TRUE,""
ENSG00000081307,UBA5,cad,grey,-0.314573465846212,0.294169094057931,2.999e-09,9.6344,5553,7.24781525831697e-05,TRUE,""
ENSG00000081377,CDC14B,cad,grey,0.276727917869346,0.120171523517004,8.993e-05,7.3583,,,FALSE,对齐后仅 0 变异(<10)
ENSG00000081377,CDC14B,fbg,grey,0.108284837427135,0.260589034273618,0.0007976,7.3583,1513,0.00958207355841636,TRUE,""
ENSG00000081665,ZNF506,t2d,grey,0.104737850570043,0.163799772081998,4.131e-12,14.978,2787,4.06112316162684e-08,TRUE,""
ENSG00000081791,KIAA0141,fbg,grey,-0.0160001206198046,0.480261302753423,2.23e-05,24.4139,1836,0.00377799185621443,TRUE,""
ENSG00000081870,HSPB11,fbg,null,-0.011183195222531,0.858897500094722,0.002695,12.5891,1903,0.0119598423947373,TRUE,""
ENSG00000081923,ATP8B1,cad,null,-0.0320628469764517,0.706137056836058,2.599e-06,8.4131,,,FALSE,对齐后仅 0 变异(<10)
ENSG00000081985,IL12RB2,t2d,grey,0.0322011479216145,0.424825852274388,0.0001849,44.2676,3045,0.0060442767198247,TRUE,""
ENSG00000082014,SMARCD3,cad,null,0.110261029782691,0.774690209474326,1.353e-20,11.5786,5347,4.08916303170446e-16,TRUE,""
ENSG00000082146,STRADB,fbg,grey,0.0293908383290707,0.364803543676989,0.004144,10.5789,1418,0.00622492250904093,TRUE,""
ENSG00000082397,EPB41L3,fbg,grey,0.0124879210289851,0.436700030722758,0.0007715,39.7705,2031,0.00571155016790243,TRUE,""
ENSG00000082515,MRPL22,cad,null,-0.0250739718431211,0.769156613641138,0.000161,19.0666,3984,0.00424625783539739,TRUE,""
ENSG00000082516,GEMIN5,fbg,grey,0.267140207531215,0.392802835278636,0.0004241,6.1044,2117,0.0187197664000989,TRUE,""
ENSG00000082781,ITGB5,cad,grey,-0.106313090744916,0.129846904090822,1.449e-14,17.2344,5055,1.3085348795403e-10,TRUE,""
ENSG00000082781,ITGB5,t2d,null,0.0557369601963636,0.577731712443528,3.841e-07,17.2344,3421,0.00123869836259958,TRUE,""
ENSG00000082805,ERC1,cad,null,0.0242560729833822,0.738882680363527,0.0001935,13.9429,5984,0.00212950929685893,TRUE,""
ENSG00000082996,RNF13,fbg,grey,-0.0250424065256514,0.0727943929305394,0.005416,46.1633,1742,0.0156796437750466,TRUE,""
ENSG00000083099,LYRM2,fbg,null,-0.0159979867702042,0.738882680363527,0.0002194,11.1264,1880,0.00372935781373495,TRUE,""
ENSG00000083223,ZCCHC6,cad,grey,-0.0880651032694779,0.202594831099963,6.041e-05,15.8836,,,FALSE,对齐后仅 0 变异(<10)
ENSG00000083223,ZCCHC6,t2d,null,-0.0423604294207615,0.647073628566306,0.0001082,15.8836,,,FALSE,对齐后仅 0 变异(<10)
ENSG00000083290,ULK2,t2d,null,0.00210512847587383,0.97008634014818,0.01504,25.065,1392,0.00393000758694696,TRUE,""
ENSG00000083535,PIBF1,fbg,null,0.00104570378621805,0.995306588474021,0.000496,16.7015,2482,0.0187004468928506,TRUE,""
ENSG00000083544,TDRD3,t2d,grey,-0.121498846678906,0.462840738177019,3.927e-05,8.4972,3744,0.0054054417269859,TRUE,""
ENSG00000083544,TDRD3,cad,grey,-0.136162500588429,0.254140149455582,4.13e-05,8.4972,4745,0.00385710907160989,TRUE,""
ENSG00000083635,NUFIP1,cad,grey,0.183526363270016,0.106339962455589,0.0002943,10.4352,3392,0.024419158971639,TRUE,""
ENSG00000083799,CYLD,t2d,grey,-0.136932501477542,0.138035606740702,0.002687,17.0986,2841,0.0126757226462096,TRUE,""
ENSG00000083814,ZNF671,cad,null,0.0291730213289021,0.55508074885533,0.0005571,21.9655,3658,0.00361790204596504,TRUE,""
ENSG00000083817,ZNF416,t2d,null,0.0382034587832877,0.882558007257961,0.0006306,6.0378,2522,0.00440281065017457,TRUE,""
ENSG00000083838,ZNF446,cad,grey,0.128705397704332,0.142715473805306,0.0005571,14.7951,1523,0.0104122282912305,TRUE,""
ENSG00000083838,ZNF446,fbg,null,0.0108256876573737,0.817494086363381,0.001716,14.7951,734,0.00487664734198737,TRUE,""
ENSG00000083845,RPS5,cad,grey,0.0103727001485422,0.387364469848626,0.0005571,42.0068,1726,0.00341772755418074,TRUE,""
ENSG00000084090,STARD7,fbg,null,0.00761124420210385,0.931693545566772,0.004875,5.6481,495,0.00430525354848412,TRUE,""
ENSG00000084092,NOA1,t2d,null,-0.0292790042317488,0.542394927467182,0.002023,29.0136,2945,0.00496682356192964,TRUE,""
ENSG00000084093,REST,t2d,grey,-0.173916254100524,0.422364648429449,0.002023,6.9179,2863,0.006092540321659,TRUE,""
ENSG00000084110,HAL,t2d,grey,0.0334160180349645,0.432485091390543,7.251e-06,52.8834,3456,0.0212491860130359,TRUE,""
ENSG00000084234,APLP2,cad,grey,-0.229595594010157,0.0846829459575784,0.001718,11.6218,5471,0.018152134729678,TRUE,""
ENSG00000084444,KIAA1467,cad,grey,0.0910130048517012,0.0680672422985274,0.0003961,18.5989,5624,0.0132464929772557,TRUE,""
ENSG00000084463,WBP11,t2d,grey,-0.0662824966468096,0.305060822021553,1.105e-05,14.4144,2779,0.00510850022713538,TRUE,""
ENSG00000084676,NCOA1,cad,grey,0.0358630075738076,0.461218374590665,5.849e-07,20.5588,4083,0.00131609205329051,TRUE,""
ENSG00000084693,AGBL5,t2d,null,0.141691676842327,0.5434561598092,5.159e-21,5.4818,1900,0.000979819843820603,TRUE,""
ENSG00000084731,KIF3C,t2d,null,-0.0127779552085632,0.920344325445942,1.988e-05,11.8835,2099,0.00335953900138465,TRUE,""
ENSG00000084764,MAPRE3,t2d,grey,-0.137576052965984,0.0710937675034676,5.159e-21,19.0113,1915,4.32597679547338e-16,TRUE,""
ENSG00000085063,CD59,cad,grey,-0.0114599907652988,0.435590430382112,0.0003495,48.4749,5430,0.0041371644168662,TRUE,""
ENSG00000085063,CD59,t2d,null,0.00847042795696001,0.685652533544968,2.688e-05,48.4749,3631,0.00352813098322982,TRUE,""
ENSG00000085276,MECOM,cad,null,0.0685969723122237,0.692227984577075,0.0001152,9.6158,4384,0.00459489588718776,TRUE,""
ENSG00000085276,MECOM,fbg,null,0.0379088531199131,0.721891338190708,7.057e-05,9.6158,1681,0.00664484431882806,TRUE,""
ENSG00000085382,HACE1,t2d,null,-0.0483425287857337,0.672239138726747,0.0002722,12.1506,2567,0.00390724583335048,TRUE,""
ENSG00000085552,IGSF9,cad,grey,-0.396453471570425,0.0526167448642874,2.348e-05,9.6821,5374,0.0303889378860902,TRUE,""
ENSG00000085644,ZNF213,cad,grey,0.0315162871801589,0.275910431690185,0.0006492,61.4842,4340,0.0027307671609826,TRUE,""
ENSG00000085741,WNT11,cad,null,0.0101326867359948,0.848935998880548,4.758e-11,19.4544,4221,3.36502337867319e-07,TRUE,""
ENSG00000085871,MGST2,cad,null,-0.00725806329321593,0.738882680363527,0.0006103,42.7817,2589,0.00392653164024534,TRUE,""
ENSG00000085978,ATG16L1,cad,grey,0.065656705743481,0.140566636048714,5.558e-08,22.6956,3292,0.0110402974790595,TRUE,""
ENSG00000085999,RAD54L,fbg,null,-0.0513871187155332,0.607052248071005,0.000825,6.2237,1145,0.00631536160207867,TRUE,""
ENSG00000086015,MAST2,cad,grey,-0.0603680450099041,0.350084072884968,1.755e-05,16.0243,3127,0.00357903300332046,TRUE,""
ENSG00000086200,IPO11,cad,null,0.0393947929660778,0.562624686915214,0.0001868,14.9106,2968,0.00315024710802275,TRUE,""
ENSG00000086232,EIF2AK1,t2d,grey,-0.0690288341563648,0.227310058016444,0.001188,25.4417,2085,0.00754098854681022,TRUE,""
ENSG00000086288,NME8,fbg,null,-0.000423796223830014,0.974266251454282,0.001746,42.3712,2502,0.00454442221641351,TRUE,""
ENSG00000086289,EPDR1,cad,grey,0.0332127585676206,0.109598583399116,0.0001534,53.7842,6749,0.0115523559581182,TRUE,""
ENSG00000086570,FAT2,t2d,grey,-0.156686976104229,0.0907684440510632,0.000214,15.2707,2910,0.0155848969929985,TRUE,""
ENSG00000087086,FTL,cad,grey,0.0518704980664369,0.342989035753843,9.641e-06,7.6865,3766,0.00327674625578527,TRUE,""
ENSG00000087088,BAX,cad,grey,0.027994066558853,0.423710797166793,9.641e-06,30.0421,3771,0.00298553471674815,TRUE,""
ENSG00000087116,ADAMTS2,fbg,grey,-0.0247738843945237,0.396168007039194,0.002403,16.8869,2004,0.00553379772059303,TRUE,""
ENSG00000087206,UIMC1,fbg,null,-0.0735673050229123,0.660643863540858,0.001176,39.5486,804,0.0249579991865242,TRUE,""
ENSG00000087237,CETP,t2d,grey,0.138629117572161,0.0819071368614901,0.0007795,16.1522,3439,0.0161695964057607,TRUE,""
ENSG00000087903,RFX2,cad,null,-0.0438895059964668,0.698684565645401,3.244e-05,14.5243,6511,0.00407401509890258,TRUE,""
ENSG00000088280,ASAP3,fbg,null,-0.0234285093308516,0.542023387720777,0.005674,18.8782,1295,0.0058528175988587,TRUE,""
ENSG00000088298,EDEM2,t2d,grey,-0.0882503927382299,0.0679644099899552,1.512e-08,39.6363,507,0.0243071987390351,TRUE,""
ENSG00000088387,DOCK9,cad,grey,-0.0863677496020837,0.173478578848781,4.657e-06,19.8874,4394,0.00403204842082973,TRUE,""
ENSG00000088448,ANKRD10,t2d,grey,0.0498652379000553,0.143604244350832,1.275e-05,48.7164,2579,0.0154806178464231,TRUE,""
ENSG00000088682,COQ9,t2d,grey,-0.189509224956828,0.263052565754809,0.0007795,15.8448,3632,0.0127099980966068,TRUE,""
ENSG00000088766,CRLS1,fbg,null,-0.0030920101199675,0.796357116257739,0.002483,50.5711,2578,0.00395999105669414,TRUE,""
ENSG00000088808,PPP1R13B,cad,null,0.0208701077790211,0.912135907027247,1.748e-07,11.9911,4368,5.23812147252004e-05,TRUE,""
ENSG00000088812,ATRN,fbg,grey,-0.111625993809185,0.0873255405560041,0.0005591,8.4461,1985,0.0155625676069732,TRUE,""
ENSG00000088826,SMOX,cad,grey,-0.0341530416115049,0.209755770356007,2.117e-05,53.5687,6713,0.00780479611956934,TRUE,""
ENSG00000088854,C20orf194,cad,null,0.083926118100798,0.590759426032424,2.117e-05,10.6906,6152,0.00442106923377408,TRUE,""
ENSG00000088992,TESC,t2d,grey,0.0458925992231814,0.40707055330584,6.177e-05,37.5525,2687,0.00669326439957926,TRUE,""
ENSG00000089022,MAPKAPK5,t2d,grey,-0.113139286884758,0.243809685335713,0.0003157,25.2525,1365,0.0136961492781234,TRUE,""
ENSG00000089041,P2RX7,cad,grey,0.0693825876560128,0.258441968240366,1.26e-18,35.4265,4281,5.19764495297746e-14,TRUE,""
ENSG00000089053,ANAPC5,cad,null,-0.00490458948427827,0.911528237909377,1.26e-18,24.4649,4103,1.45706437372758e-14,TRUE,""
ENSG00000089057,SLC23A2,fbg,grey,-0.0303647550522629,0.498741913600147,0.001057,13.3995,2421,0.00507425862069844,TRUE,""
ENSG00000089063,TMEM230,cad,null,-0.00320982661537298,0.778939163028047,0.0002561,74.1778,6957,0.0027131136873372,TRUE,""
ENSG00000089063,TMEM230,fbg,null,-0.00100307081730406,0.871864744932721,0.001057,74.1778,2403,0.0049710685891586,TRUE,""
ENSG00000089091,DZANK1,fbg,null,0.039031685321802,0.651547872829126,0.0004915,5.7359,2299,0.00496499063354673,TRUE,""
ENSG00000089123,TASP1,fbg,grey,-0.181478561970699,0.325726251840178,0.0001246,5.4549,2307,0.00951693105165586,TRUE,""
ENSG00000089123,TASP1,cad,null,-0.0159191721026929,0.962729239274633,0.0001753,5.4549,6209,0.0060148470528534,TRUE,""
ENSG00000089127,OAS1,t2d,null,-0.00637622606832235,0.812568815468984,0.0007675,87.2932,2515,0.00496155363486232,TRUE,""
ENSG00000089159,PXN,t2d,grey,-0.281212423826064,0.0961851203898962,1.976e-14,7.7699,3006,6.71321481226135e-10,TRUE,""
ENSG00000089195,TRMT6,cad,null,0.0145636907299457,0.84615250852728,4.785e-05,15.8562,6368,0.00317884699451671,TRUE,""
ENSG00000089195,TRMT6,fbg,null,-0.0268868136552843,0.558301743578421,0.002483,15.8562,2475,0.00701599348231454,TRUE,""
ENSG00000089220,PEBP1,t2d,null,-0.00810598878581155,0.754660563059686,6.177e-05,36.8332,3208,0.00340652984330909,TRUE,""
ENSG00000089248,ERP29,fbg,grey,0.0918468025674794,0.0818590179576148,0.0029,15.3892,921,0.0268384927524661,TRUE,""
ENSG00000089335,ZNF302,t2d,null,-0.0142943032189635,0.770792381889535,1.012e-05,45.8443,2320,0.00629354568605326,TRUE,""
ENSG00000089639,GMIP,cad,null,-0.013981830030736,0.799703117833374,3.179e-07,21.0969,4725,0.000576384915717357,TRUE,""
ENSG00000089685,BIRC5,t2d,grey,0.0558035432670215,0.415671596774975,0.0008636,20.6824,,,FALSE,对齐后仅 0 变异(<10)
ENSG00000089693,MLF2,fbg,null,-0.0455835818220464,0.716129568855565,0.0005969,14.4632,1557,0.0135247945023586,TRUE,""
ENSG00000089737,DDX24,t2d,grey,-0.0335746557074142,0.361505569533152,0.001698,43.6001,3702,0.0055765007139684,TRUE,""
ENSG00000089737,DDX24,fbg,null,-0.00919853581025047,0.518822668670191,0.0001168,43.6001,2363,0.00447865354844991,TRUE,""
ENSG00000089775,ZBTB25,t2d,grey,0.0456405719945344,0.297566248363504,0.0008055,57.56,3061,0.00399205859052969,TRUE,""
ENSG00000089775,ZBTB25,fbg,grey,-0.0593327435928947,0.493842236243828,0.003377,57.56,1626,0.00917019088308989,TRUE,""
ENSG00000090006,LTBP4,cad,grey,0.0308370708305997,0.451075516414075,2.362e-17,30.0144,3781,1.63988139210215e-13,TRUE,""
ENSG00000090054,SPTLC1,fbg,grey,-0.128012314214338,0.195163472029178,0.0002433,7.9258,1763,0.00981111708952478,TRUE,""
ENSG00000090061,CCNK,t2d,null,0.0544692884804103,0.710045582146834,1.197e-05,9.4769,2043,0.00343172944456749,TRUE,""
ENSG00000090376,IRAK3,cad,null,0.0155841319155485,0.598668814257765,0.0008931,34.0334,4193,0.00308982713549269,TRUE,""
ENSG00000090376,IRAK3,fbg,null,0.00155841319155485,0.927564826606211,0.0004273,34.0334,2002,0.00396939284382875,TRUE,""
ENSG00000090382,LYZ,fbg,null,0.00481766919046905,0.714474277651148,9.756e-06,143.3691,2157,0.00750965157419299,TRUE,""
ENSG00000090447,TFAP4,cad,null,-0.0185500041906242,0.873881476173793,0.0001963,9.5778,5934,0.0171719116808128,TRUE,""
ENSG00000090487,SPG21,t2d,grey,-0.203460275822371,0.0877631344282924,5.402e-05,12.1645,1944,0.0191883642745823,TRUE,""
ENSG00000090530,LEPREL1,fbg,null,-0.0158581924145135,0.707660466654553,0.00038,12.3436,2590,0.00402093937069956,TRUE,""
ENSG00000090581,GNPTG,t2d,null,-0.00162283991115526,0.98891862625844,0.008967,19.039,1485,0.00699719081728592,TRUE,""
ENSG00000090863,GLG1,fbg,grey,0.0236360943999892,0.332197561388374,0.001167,24.0542,1567,0.00612540794014276,TRUE,""
ENSG00000090905,TNRC6A,cad,grey,-0.0780323938093309,0.192448205041414,0.0001226,26.4583,6184,0.00911943468019151,TRUE,""
ENSG00000090975,PITPNM2,cad,null,-0.0556654044534283,0.757455769557939,7.427e-07,6.7025,3451,0.000890686198268533,TRUE,""
ENSG00000091106,NLRC4,fbg,null,0.00600132838392318,0.768668006560809,0.0005319,29.6601,1437,0.00430912297832599,TRUE,""
ENSG00000091157,WDR7,t2d,grey,-0.234077905882976,0.176734775189797,0.0002578,11.648,,,FALSE,对齐后仅 0 变异(<10)
ENSG00000091262,ABCC6,cad,null,-0.0121281507488337,0.843412131078017,5.946e-07,21.6762,3844,0.000637078758901959,TRUE,""
ENSG00000091317,CMTM6,t2d,null,-0.00254139809567311,0.970815612076236,2.532e-05,20.9596,3676,0.00136633108879997,TRUE,""
ENSG00000091592,NLRP1,cad,grey,-0.10581363507077,0.126931238256761,8.33e-05,31.1655,6629,0.0180642659122526,TRUE,""
ENSG00000091622,PITPNM3,t2d,grey,0.12857309215046,0.173040144152087,0.0005016,15.0626,3167,0.00981651171309773,TRUE,""
ENSG00000091622,PITPNM3,fbg,grey,0.0412849378464779,0.258884225947615,0.001191,15.0626,2081,0.00644709496394041,TRUE,""
ENSG00000091640,SPAG7,fbg,grey,0.0241116440603003,0.131275552434854,0.000921,66.1551,1850,0.0919444555418338,TRUE,""
ENSG00000091972,CD200,fbg,grey,-0.046755624934332,0.330940007555672,0.000353,13.3246,2182,0.0060591115763436,TRUE,""
ENSG00000092010,PSME1,cad,null,0.0154874225461899,0.824140895741885,0.0002795,15.9084,4484,0.00299247453724831,TRUE,""
ENSG00000092020,PPP2R3C,t2d,null,-0.0167202480127086,0.586232434178078,0.002548,97.5848,2931,0.00631383438781776,TRUE,""
ENSG00000092067,CEBPE,fbg,null,0.0140527696618033,0.863886790544927,0.001745,7.5454,2120,0.00415286654200901,TRUE,""
ENSG00000092096,SLC22A17,cad,null,0.0134748075363608,0.893929766752772,0.0001667,23.6528,3579,0.00574796554637202,TRUE,""
ENSG00000092208,GEMIN2,t2d,null,0.0183578825036756,0.893286855587621,0.001095,9.604,3425,0.00381367357246836,TRUE,""
ENSG00000092421,SEMA6A,t2d,grey,0.16660909484927,0.101763504951258,0.00188,15.3748,3692,0.0137393959060501,TRUE,""
ENSG00000092421,SEMA6A,fbg,null,-0.00115700760311993,0.976536189986223,0.0005977,15.3748,2723,0.00390495010323657,TRUE,""
ENSG00000092621,PHGDH,cad,null,0.00890263523271215,0.747012853671546,0.001545,59.8913,1709,0.00478624911868542,TRUE,""
ENSG00000092850,TEKT2,fbg,null,-0.0097186511883197,0.900523550339774,0.0008783,8.5378,1094,0.00479865656313356,TRUE,""
ENSG00000092929,UNC13D,fbg,grey,0.0438116101060446,0.108435903410357,0.008484,24.7368,1174,0.0162340024968571,TRUE,""
ENSG00000092931,MFSD11,fbg,grey,-0.0435806526609654,0.299055232507361,0.000889,14.7903,1723,0.0102131362968276,TRUE,""
ENSG00000092969,TGFB2,fbg,null,-0.0305224050057103,0.806535441920889,0.0001692,6.8959,2127,0.00603630184841433,TRUE,""
ENSG00000092978,GPATCH2,fbg,grey,-0.119672382897267,0.150575972824847,0.0001692,6.7951,2801,0.0103433401192695,TRUE,""
ENSG00000093009,CDC45,t2d,null,-0.0669802394611266,0.770541497710554,0.001319,7.3568,1816,0.00483028299176905,TRUE,""
ENSG00000093134,VNN3,t2d,grey,-0.0221331174216282,0.273903383693827,0.0001051,93.0384,3414,0.0038054397750059,TRUE,""
ENSG00000093167,LRRFIP2,t2d,null,0.0173973868030005,0.518558117191478,0.001574,52.8469,3389,0.00419016579903219,TRUE,""
ENSG00000094880,CDC23,cad,grey,-0.229497540033692,0.43368892845595,1.557e-05,8.5311,2786,0.00591124483952458,TRUE,""
ENSG00000094975,SUCO,fbg,null,0.00794316929578512,0.903523023570037,0.0009163,8.0377,1595,0.0040297952340568,TRUE,""
ENSG00000095002,MSH2,fbg,null,0.00287556105178623,0.836882810464227,0.0001596,70.3922,1888,0.00571035146348072,TRUE,""
ENSG00000095321,CRAT,fbg,grey,0.00921259513947807,0.303286223069842,0.003991,69.949,1557,0.00588276891631944,TRUE,""
ENSG00000095383,TBC1D2,t2d,grey,-0.0747923639504678,0.17499678982012,0.0001919,27.8816,,,FALSE,对齐后仅 0 变异(<10)
ENSG00000095397,DFNB31,fbg,null,-0.0115176525752599,0.531971058097401,0.0002867,30.7472,2642,0.00456152695413035,TRUE,""
ENSG00000095564,BTAF1,t2d,grey,-0.123561384086413,0.317310507862914,9.27e-08,17.0021,404,0.00593976093301394,TRUE,""
ENSG00000095637,SORBS1,cad,grey,0.152330287961143,0.232654673754248,1.675e-06,8.647,735,0.000341240208604468,TRUE,""
ENSG00000095906,NUBP2,t2d,null,-0.073805880856579,0.568835440784734,0.008967,11.8173,1630,0.00483992979460478,TRUE,""
ENSG00000096063,SRPK1,t2d,null,0.0186575964194186,0.633938683881346,1.01e-06,38.4914,3531,0.000834838971401054,TRUE,""
ENSG00000096092,TMEM14A,fbg,grey,0.0373301269503943,0.185659381979118,0.009144,21.4572,2339,0.0102316573996846,TRUE,""
ENSG00000096654,ZNF184,t2d,grey,-0.118166878883846,0.165635894298711,0.001543,18.3774,3343,0.0109656125243935,TRUE,""
ENSG00000096654,ZNF184,cad,grey,0.0765178969821629,0.202594831099963,8.524e-05,18.3774,5088,0.00548392218383777,TRUE,""
ENSG00000096968,JAK2,t2d,grey,-0.0671577742985975,0.224293681815482,3.013e-15,25.2612,4390,7.49708907312349e-11,TRUE,""
ENSG00000097021,ACOT7,t2d,null,0.0635831301632364,0.544757950630745,2.626e-06,22.341,2804,0.00549331446258818,TRUE,""
ENSG00000097096,SYDE2,t2d,null,0.0612159355692512,0.624920362458645,7.252e-05,11.5422,3558,0.0045010526019373,TRUE,""
ENSG00000099246,RAB18,t2d,grey,0.128045140729032,0.194046458228516,0.006871,13.827,4071,0.0130992467966906,TRUE,""
ENSG00000099251,HSD17B7P2,t2d,null,-0.010040993978833,0.535091124596743,0.02823,39.9345,1698,0.00419730322240992,TRUE,""
ENSG00000099256,PRTFDC1,cad,grey,0.0887159761292468,0.492355526341607,2.539e-07,9.2105,5583,0.00116694716413988,TRUE,""
ENSG00000099282,TSPAN15,t2d,null,-0.0368442107087172,0.57934082521527,7.534e-05,24.6381,512,0.000127481411190698,TRUE,""
ENSG00000099284,H2AFY2,cad,null,-0.0145965995820515,0.71255930200628,7.632e-06,25.6083,1004,0.00122808129995891,TRUE,""
ENSG00000099290,FAM21A,cad,null,-0.00307743692007367,0.759260815924473,1.4e-05,48.7863,583,0.00371981284907824,TRUE,""
ENSG00000099326,MZF1,fbg,grey,0.0241461087273049,0.236329736314398,0.007224,33.172,670,0.00928045732505339,TRUE,""
ENSG00000099337,KCNK6,t2d,null,0.0192827490032075,0.778082928698548,0.0003942,27.137,2682,0.00533103479182663,TRUE,""
ENSG00000099338,CATSPERG,t2d,grey,-0.107555710415092,0.488744120386507,0.0003942,24.0035,2657,0.0130092687077596,TRUE,""
ENSG00000099338,CATSPERG,cad,grey,0.0752186994406197,0.498269431507032,1.849e-05,24.0035,4312,0.00579900488935803,TRUE,""
ENSG00000099341,PSMD8,cad,null,-0.0690928795037669,0.790271981569015,1.849e-05,11.4066,4323,0.00618777592873634,TRUE,""
ENSG00000099622,CIRBP,fbg,grey,-0.0663649195777031,0.393012649581705,0.003687,9.5493,1034,0.0103389283024431,TRUE,""
ENSG00000099769,IGFALS,t2d,grey,-0.22138911595428,0.299876975108697,0.008967,8.7321,1630,0.00821334880179111,TRUE,""
ENSG00000099810,MTAP,t2d,grey,-0.0942522529665503,0.160171683432365,4.132e-58,23.605,4024,5.00427671536632e-53,TRUE,""
ENSG00000099840,IZUMO4,fbg,grey,-0.131366908963079,0.370197276411458,0.0019,5.6221,1042,0.0122419054096076,TRUE,""
ENSG00000099849,RASSF7,cad,null,0.0430548736331334,0.735485394111986,8.347e-06,10.2679,4364,0.0035864077906233,TRUE,""
ENSG00000099860,GADD45B,cad,null,0.0435981683182218,0.600411028614905,6.73e-06,25.5442,5818,0.00401729603185109,TRUE,""
ENSG00000099968,BCL2L13,cad,grey,-0.0510222529763993,0.18375947113462,0.0005369,62.941,4479,0.00283752904111993,TRUE,""
ENSG00000099994,SUSD2,t2d,grey,-0.0448979232740083,0.472645187126825,0.0009148,31.1569,2268,0.00677809676711238,TRUE,""
ENSG00000100012,SEC14L3,t2d,grey,-0.0429916044218603,0.305363187666221,9.169e-09,33.4972,2820,1.10486834671628e-05,TRUE,""
ENSG00000100024,UPB1,fbg,grey,0.0161808945366755,0.165412255542075,0.001004,60.8801,1472,0.00982128682605409,TRUE,""
ENSG00000100029,PES1,t2d,grey,-0.0436731416252688,0.445761643145975,9.169e-09,22.1316,2872,1.18582930489231e-05,TRUE,""
ENSG00000100030,MAPK1,t2d,grey,0.207896694251613,0.389334575709387,0.0003626,13.9575,1543,0.012276510973846,TRUE,""
ENSG00000100034,PPM1F,t2d,grey,-0.0426823651140557,0.0922697703378473,0.0003626,89.1081,1578,0.00553204334504019,TRUE,""
ENSG00000100034,PPM1F,cad,grey,0.0353012042296701,0.0536285791274191,0.001057,89.1081,4011,0.00640944265989512,TRUE,""
ENSG00000100038,TOP3B,cad,grey,0.0301510020751696,0.311903510852471,0.001057,28.6122,4088,0.00683974164017304,TRUE,""
ENSG00000100038,TOP3B,fbg,grey,0.0224457459892929,0.17151658555805,0.0002249,28.6122,1374,0.0139920423235307,TRUE,""
ENSG00000100038,TOP3B,t2d,null,0.0100503340250565,0.818862983035084,0.0003626,28.6122,1634,0.00584526225236046,TRUE,""
ENSG00000100058,CRYBB2P1,cad,null,0.016244449212766,0.736657328126894,0.001144,17.2678,5046,0.00553013123731651,TRUE,""
ENSG00000100068,LRP5L,fbg,null,-0.0180746272209627,0.821979274262541,0.001004,26.5402,2051,0.0141080983784016,TRUE,""
ENSG00000100105,PATZ1,cad,null,0.00386442207996182,0.974674585344451,0.0006854,8.7486,4565,0.00289494756270221,TRUE,""
ENSG00000100106,TRIOBP,t2d,grey,0.0461410485994957,0.181059482276353,0.003396,56.9216,1689,0.0344233168295695,TRUE,""
ENSG00000100109,TFIP11,t2d,null,-0.00772461413093269,0.743461618132436,0.0002066,99.1925,3986,0.00476491853976201,TRUE,""
ENSG00000100138,NHP2L1,fbg,null,-0.00187236335824914,0.973986635391853,0.0001153,28.4683,1210,0.010889101676815,TRUE,""
ENSG00000100162,CENPM,t2d,null,0.0171752759795607,0.864652678641806,3.538e-05,15.3982,2285,0.00320720968822155,TRUE,""
ENSG00000100181,TPTEP1,fbg,null,-0.0149752315664531,0.51108906411744,0.001168,20.0794,1018,0.00501837334203673,TRUE,""
ENSG00000100197,CYP2D6,fbg,null,0.00880764634544548,0.539940330191881,6.316e-05,35.0473,1470,0.00442465878859442,TRUE,""
ENSG00000100207,TCF20,t2d,null,0.0468662783962254,0.771282550375262,3.538e-05,9.4951,2528,0.0112204349472525,TRUE,""
ENSG00000100220,C22orf28,fbg,null,0.0260917251171221,0.538300749018723,0.001084,14.9718,2179,0.00532877990017028,TRUE,""
ENSG00000100225,FBXO7,fbg,grey,0.0537302071644651,0.13784315525934,0.001084,15.2391,2236,0.0118859668287054,TRUE,""
ENSG00000100227,POLDIP3,cad,null,0.0169412328212823,0.826511328276404,1.721e-06,15.633,5088,0.00182344716822613,TRUE,""
ENSG00000100227,POLDIP3,fbg,null,-0.00317648115399042,0.943056670967043,6.316e-05,15.633,1763,0.00492224846683529,TRUE,""
ENSG00000100241,SBF1,cad,null,0.0486338397667174,0.53419070026645,0.0001068,13.3462,2883,0.00619417854198307,TRUE,""
ENSG00000100243,CYB5R3,cad,grey,0.0506880465676358,0.212327468020305,1.721e-06,39.3229,5104,0.0046487572133098,TRUE,""
ENSG00000100246,DNAL4,cad,null,0.0594313683306143,0.569608991540105,8.331e-06,17.2218,3815,0.00553325622977407,TRUE,""
ENSG00000100263,RHBDD3,cad,null,-0.197715714836625,0.545732840028086,2.001e-07,11.8389,3879,0.000987955782188208,TRUE,""
ENSG00000100271,TTLL1,fbg,grey,-0.0330502554063233,0.398809120942746,6.316e-05,14.4923,2044,0.00543971927942108,TRUE,""
ENSG00000100280,AP1B1,t2d,grey,-0.0650778416940524,0.39406273937331,9.169e-09,20.4445,2663,7.30177623401567e-06,TRUE,""
ENSG00000100280,AP1B1,cad,null,0.017354091118414,0.743010825241539,2.001e-07,20.4445,3897,0.000112375267652339,TRUE,""
ENSG00000100284,TOM1,cad,null,-0.00916273387128669,0.820211678728453,0.0002309,86.7309,4984,0.0055238798775015,TRUE,""
ENSG00000100297,MCM5,fbg,grey,-0.0137265997693348,0.339296824849853,0.000887,37.412,2445,0.00844011918617189,TRUE,""
ENSG00000100320,RBFOX2,fbg,null,0.0193525590497676,0.864842812437012,0.000887,7.3582,2286,0.00639338924218733,TRUE,""
ENSG00000100345,MYH9,cad,grey,0.0577906566299182,0.292509878183886,0.000155,24.3638,4930,0.0055937643141975,TRUE,""
ENSG00000100347,SAMM50,fbg,null,0.0054799233305632,0.674956824198369,6.316e-05,74.9949,2691,0.0396277475212832,TRUE,""
ENSG00000100348,TXN2,cad,grey,0.125206886952579,0.10371190203331,0.000155,13.62,5198,0.00940590255556509,TRUE,""
ENSG00000100348,TXN2,t2d,null,-0.0117381456518043,0.912602809686853,0.000251,13.62,2701,0.00583082492892997,TRUE,""
ENSG00000100350,FOXRED2,cad,grey,0.0416157298896696,0.0905873219215137,0.000155,65.9109,5200,0.0123596334526913,TRUE,""
ENSG00000100359,SGSM3,t2d,grey,-0.299175662210366,0.337526339813049,9.51e-07,9.7396,1743,0.00170824933653084,TRUE,""
ENSG00000100362,PVALB,cad,grey,0.0193135053638452,0.184221436110931,0.000155,50.0875,5134,0.00647492637774143,TRUE,""
ENSG00000100362,PVALB,t2d,null,-0.0102528485264857,0.617075077451974,0.000251,50.0875,2565,0.00438775053453966,TRUE,""
ENSG00000100362,PVALB,fbg,null,-0.00548408176998073,0.522895216724075,0.003134,50.0875,2054,0.00523493947069529,TRUE,""
ENSG00000100364,KIAA0930,cad,null,-0.00140493379095702,0.976536189986223,5.363e-05,22.8151,5649,0.00321729072324848,TRUE,""
ENSG00000100422,CERK,cad,null,0.00511135244393074,0.825607162004183,5.363e-05,39.8975,5383,0.00266618389515883,TRUE,""
ENSG00000100425,BRD1,t2d,grey,-0.133307819732713,0.434321434162717,2.816e-05,16.838,2627,0.00924361927137799,TRUE,""
ENSG00000100439,ABHD4,fbg,grey,0.027679899572482,0.458126425559177,0.001745,14.4591,2470,0.00480706714191046,TRUE,""
ENSG00000100453,GZMB,cad,grey,0.0378789525041981,0.203576223547883,0.001014,44.174,4817,0.00382520120893328,TRUE,""
ENSG00000100453,GZMB,fbg,grey,-0.0157474296927565,0.366823698716426,0.005151,44.174,2302,0.00499954574869623,TRUE,""
ENSG00000100478,AP4S1,t2d,grey,0.265040277743873,0.074408894251523,3.542e-05,9.3818,2624,0.0148848104255916,TRUE,""
ENSG00000100490,CDKL1,fbg,grey,-0.0161490804489848,0.0659578992594126,0.00145,42.3564,1690,0.0209927819437237,TRUE,""
ENSG00000100504,PYGL,cad,null,0.0238290662814643,0.575066119031548,0.000909,27.587,4822,0.0035472151257806,TRUE,""
ENSG00000100505,TRIM9,cad,null,0.0628373493321774,0.526960228463328,6.876e-05,26.2701,5031,0.00824280192280034,TRUE,""
ENSG00000100526,CDKN3,fbg,grey,0.03291363843931,0.480261302753423,0.0004523,12.962,1732,0.00521852319292615,TRUE,""
ENSG00000100564,PIGH,fbg,null,-0.0553763140276189,0.59710278471826,0.002635,10.8136,1537,0.00984877981998386,TRUE,""
ENSG00000100577,GSTZ1,t2d,grey,0.0515532478181441,0.19971886424532,1.409e-05,37.3846,3872,0.0068042868366761,TRUE,""
ENSG00000100580,TMED8,fbg,grey,-0.0491174570542829,0.146609268931168,0.0006558,14.8366,2296,0.013916942346352,TRUE,""
ENSG00000100592,DAAM1,t2d,null,-0.0216436471615553,0.610320943508691,0.0002608,43.4811,3517,0.00569866027919676,TRUE,""
ENSG00000100596,SPTLC2,fbg,grey,-0.00877834798537851,0.49813992156856,0.0006558,47.7012,2338,0.00394746238267097,TRUE,""
ENSG00000100599,RIN3,fbg,null,0.00987295298479323,0.684558919367902,0.0003649,23.4374,1884,0.00413978353366311,TRUE,""
ENSG00000100600,LGMN,fbg,null,0.00293248743180821,0.900523550339774,0.0003649,24.0843,1787,0.00386142127347495,TRUE,""
ENSG00000100614,PPM1A,fbg,null,-0.0196405948003436,0.802587348634153,0.002871,6.7448,1461,0.0039887502718113,TRUE,""
ENSG00000100650,SRSF5,t2d,null,-0.021074316391759,0.953993721064351,7.417e-05,5.0414,3204,0.00424994459018581,TRUE,""
ENSG00000100749,VRK1,cad,grey,0.0452070243418822,0.15832887694973,0.00121,20.8702,4375,0.00704400516802761,TRUE,""
ENSG00000100764,PSMC1,fbg,null,-0.0220565828148454,0.628477445586286,2.872e-07,5.4465,1829,0.00105874492022435,TRUE,""
ENSG00000100814,CCNB1IP1,cad,null,0.0173913050803694,0.516259001280478,0.0002985,36.8162,4939,0.00326094924135449,TRUE,""
ENSG00000100823,APEX1,cad,grey,-0.102590904855419,0.425013951601085,0.0002985,11.1479,5183,0.00557095750960318,TRUE,""
ENSG00000100836,PABPN1,fbg,grey,0.124646368449063,0.427398753621591,0.001745,7.1402,1809,0.00944185989661833,TRUE,""
ENSG00000100865,CINP,t2d,grey,0.10021431702002,0.235603931976013,2.019e-06,18.1166,2662,0.00317744330333676,TRUE,""
ENSG00000100883,SRP54,fbg,null,-0.00409817862026029,0.821351959007176,0.009176,30.3009,1425,0.00381940948514593,TRUE,""
ENSG00000100968,NFATC4,t2d,grey,-0.193497006058721,0.331611133237355,2.413e-06,9.0762,3232,0.00581769325013548,TRUE,""
ENSG00000100968,NFATC4,cad,null,-0.0619190419387909,0.665427150454072,0.0002795,9.0762,4688,0.00357086083155366,TRUE,""
ENSG00000100979,PLTP,t2d,grey,-0.0297990048111099,0.410630376179832,2.148e-08,78.6437,1153,0.00448955844332884,TRUE,""
ENSG00000100979,PLTP,fbg,null,0.00779358587367488,0.583426134426407,0.001635,78.6437,2030,0.00387309782651047,TRUE,""
ENSG00000100983,GSS,cad,grey,-0.667804503201549,0.148393381726933,3.507e-06,8.4747,762,0.0260378203494024,TRUE,""
ENSG00000100991,TRPC4AP,t2d,null,0.00364406305677946,0.831066975685199,1.512e-08,83.4855,469,8.7395511712693e-05,TRUE,""
ENSG00000100994,PYGB,t2d,null,-0.00584630487328578,0.719614271159806,0.004102,110.9261,3623,0.00488170833376141,TRUE,""
ENSG00000100997,ABHD12,fbg,grey,-0.0498106193540497,0.0864762654936656,0.002393,21.3296,1627,0.0175107606116557,TRUE,""
ENSG00000101003,GINS1,t2d,null,-0.126384205690408,0.56399142061797,0.004102,6.0427,3132,0.00490852575199298,TRUE,""
ENSG00000101017,CD40,cad,grey,-0.026561022553649,0.304054371764733,8.389e-05,60.5801,1987,0.00854503601801245,TRUE,""
ENSG00000101057,MYBL2,fbg,grey,0.0218302816583325,0.352250687955077,0.001394,32.417,1904,0.00773756976130236,TRUE,""
ENSG00000101082,SLA2,fbg,grey,-0.0754692369063645,0.427126945094663,0.0005264,6.3169,954,0.00556624356141456,TRUE,""
ENSG00000101096,NFATC2,t2d,null,-0.094868850966358,0.765644454149627,3.432e-06,5.8159,832,0.000246321243953725,TRUE,""
ENSG00000101104,PABPC1L,fbg,null,0.00446657358935699,0.684558919367902,0.002353,42.121,1908,0.00415180671752623,TRUE,""
ENSG00000101109,STK4,cad,null,-0.0175709191193741,0.779477504888406,8.389e-05,20.017,1787,0.00252487751833105,TRUE,""
ENSG00000101115,SALL4,fbg,null,0.00679152452627825,0.864434730029062,0.001301,16.0858,2192,0.00500428970170442,TRUE,""
ENSG00000101138,CSTF1,fbg,null,-0.0178226332606202,0.767003814165864,0.003109,15.1765,2538,0.00665631435788957,TRUE,""
ENSG00000101152,DNAJC5,cad,grey,-0.115650702270678,0.27916731988398,4.23e-06,11.5497,2476,0.00405621713711763,TRUE,""
ENSG00000101162,TUBB1,cad,grey,0.376480900849316,0.324533116292508,0.0006514,6.2242,1679,0.00088797057074782,TRUE,""
ENSG00000101166,SLMO2,fbg,null,0.056518232758602,0.539940330191881,4.731e-05,5.3089,2066,0.00425596304413854,TRUE,""
ENSG00000101187,SLCO4A1,cad,null,0.0101019427841031,0.92968966605199,2.243e-05,9.2379,1919,0.00383747773666021,TRUE,""
ENSG00000101189,MRGBP,cad,grey,-0.103681467169164,0.180477677586653,2.243e-05,19.1626,1891,0.00254188709015204,TRUE,""
ENSG00000101199,ARFGAP1,fbg,grey,0.0688190263500425,0.196120745095134,0.0005701,11.7541,1458,0.0105822982193601,TRUE,""
ENSG00000101224,CDC25B,cad,null,0.0122114827575693,0.682472947499482,2.117e-05,39.3564,6415,0.00257353940222007,TRUE,""
ENSG00000101230,ISM1,t2d,grey,0.0517901992657583,0.174497087687236,0.0002921,44.9953,4555,0.0249524396284204,TRUE,""
ENSG00000101282,RSPO4,t2d,null,-0.032479102586058,0.671389024011197,0.0006886,20.0545,3155,0.00512747298012577,TRUE,""
ENSG00000101307,SIRPB1,fbg,null,-0.0103968126288612,0.676922239021379,0.002887,99.9278,2684,0.00369231037199241,TRUE,""
ENSG00000101310,SEC23B,fbg,null,0.00828729924832334,0.711106547594804,0.0004915,43.6663,2354,0.00587983506304362,TRUE,""
ENSG00000101336,HCK,t2d,grey,0.0888563571042015,0.351699586257091,0.0008323,24.3099,743,0.251774742115378,TRUE,""
ENSG00000101353,MROH8,cad,null,-0.0348611645195218,0.808116066768561,6.84e-12,7.7648,579,0.0029755841298873,TRUE,""
ENSG00000101363,MANBAL,cad,null,0.00174297586602436,0.945947542248377,6.84e-12,37.5394,720,0.00475291154878586,TRUE,""
ENSG00000101391,CDK5RAP1,t2d,grey,-0.292032136678832,0.114917391808336,0.0003358,8.1525,905,0.0021893182426037,TRUE,""
ENSG00000101407,TTI1,t2d,grey,0.264437084271853,0.0838141131776569,0.0001777,11.8728,892,0.00209372882032237,TRUE,""
ENSG00000101417,PXMP4,fbg,grey,-0.066929874036473,0.272740113942454,0.0007263,9.0423,1093,0.00901941818031114,TRUE,""
ENSG00000101421,CHMP4B,cad,null,-0.0137969157072381,0.527662046790784,5.328e-05,47.2426,1485,0.235484504026088,TRUE,""
ENSG00000101439,CST3,cad,null,0.00977492789190364,0.601400167839332,0.0002039,66.3976,6544,0.00351315034307862,TRUE,""
ENSG00000101445,PPP1R16B,t2d,grey,-0.10567842078389,0.221623602459393,0.0003604,16.6443,861,0.00283922018123799,TRUE,""
ENSG00000101445,PPP1R16B,fbg,null,-0.00960712916217186,0.778518657215875,0.000975,16.6443,1900,0.00416530965297055,TRUE,""
ENSG00000101460,MAP1LC3A,fbg,grey,0.0165179484864922,0.261883181151682,0.0007263,56.5385,967,0.00854865727301936,TRUE,""
ENSG00000101464,PIGU,t2d,grey,0.168232519838299,0.195364459810383,1.512e-08,10.6864,595,0.00204181237693366,TRUE,""
ENSG00000101544,ADNP2,cad,grey,-0.16590082723452,0.149060718104777,0.0006519,9.6242,,,FALSE,对齐后仅 0 变异(<10)
ENSG00000101546,RBFA,fbg,null,-0.010851600419759,0.693625785030416,0.003454,19.5414,1000,0.00431520222769995,TRUE,""
ENSG00000101558,VAPA,fbg,grey,-0.0301716473791697,0.0522368760834801,0.0007054,44.8541,2275,0.0143203896737164,TRUE,""
ENSG00000101558,VAPA,cad,null,-0.00365716937929329,0.888382767911091,0.0002073,44.8541,7001,0.00296866577455533,TRUE,""
ENSG00000101577,LPIN2,cad,grey,-0.0167616365696104,0.258884225947615,1.512e-06,85.1801,6691,0.00181530254242729,TRUE,""
ENSG00000101605,MYOM1,t2d,null,-0.0152381479085616,0.571213608372943,0.001402,74.6584,3652,0.0106004970288335,TRUE,""
ENSG00000101608,MYL12A,cad,grey,0.0437305677597497,0.436700030722758,1.512e-06,23.5001,6800,0.00323836713128198,TRUE,""
ENSG00000101639,CEP192,cad,grey,0.024584949799636,0.397466925422593,0.0003551,122.5094,5946,0.00621121677112223,TRUE,""
ENSG00000102189,EEA1,cad,null,-0.0290903923038928,0.709236748741435,0.0006652,13.248,4281,0.00298077852959979,TRUE,""
ENSG00000102471,NDFIP2,cad,null,-0.0232059376585898,0.944745309110369,4.821e-05,5.3101,3382,0.0344209500235482,TRUE,""
ENSG00000102543,CDADC1,t2d,grey,0.145802478913226,0.0718606382258516,2.232e-08,18.6784,2474,0.0115907057650287,TRUE,""
ENSG00000102547,CAB39L,fbg,null,-0.0104788939641968,0.659085245942245,0.001278,25.4327,1614,0.00455401417225554,TRUE,""
ENSG00000102575,ACP5,t2d,grey,-0.0313660789438807,0.376582577075581,5.394e-06,93.5649,2550,0.00150475261807878,TRUE,""
ENSG00000102580,DNAJC3,t2d,null,0.00644043626827021,0.959618036952282,0.0002316,10.9237,2364,0.00363996322994464,TRUE,""
ENSG00000102580,DNAJC3,fbg,null,0.0708447989509723,0.639723729547061,0.0003656,10.9237,1927,0.0120735943619981,TRUE,""
ENSG00000102699,PARP4,cad,grey,-0.0258717995643003,0.37050790341821,0.00127,24.8504,4907,0.00469637397871379,TRUE,""
ENSG00000102710,SUPT20H,fbg,grey,-0.0239398965817934,0.273806053633816,0.007129,38.9487,2544,0.0118956571699366,TRUE,""
ENSG00000102755,FLT1,t2d,null,-0.0269781373589435,0.654609072682014,0.0001659,22.5737,2794,0.00529411114635029,TRUE,""
ENSG00000102760,RGCC,fbg,grey,-0.0375605238805264,0.0934605072058715,0.003434,22.1375,1808,0.0151631858524492,TRUE,""
ENSG00000102780,DGKH,fbg,grey,-0.0826400973743744,0.446116847721283,0.003558,6.8798,2224,0.00700153977830312,TRUE,""
ENSG00000102837,OLFM4,fbg,grey,0.00771175665051886,0.449195604488527,0.001218,64.0724,1815,0.0060006833156942,TRUE,""
ENSG00000102882,MAPK3,cad,null,-0.000613677344810947,0.972009793963865,0.0001223,66.3239,2007,0.00282694633418026,TRUE,""
ENSG00000102890,ELMO3,cad,null,-0.0119216555421908,0.862865805452971,0.0004551,19.033,3103,0.00469064214875602,TRUE,""
ENSG00000102897,LYRM1,t2d,grey,-0.142174966075201,0.273903383693827,0.001146,11.6434,2341,0.0452240369597222,TRUE,""
ENSG00000102901,CENPT,t2d,null,-0.152342573277209,0.613487168054415,0.0002947,9.5464,2036,0.0105717762835817,TRUE,""
ENSG00000102910,LONP2,t2d,null,-0.0156446144159726,0.755096302310249,2.716e-05,39.538,2257,0.00478296823403681,TRUE,""
ENSG00000102931,ARL2BP,t2d,grey,0.261111782409327,0.0541136236974299,0.0007795,10.6142,3420,0.0208242082817138,TRUE,""
ENSG00000102967,DHODH,fbg,grey,-0.0387180672926784,0.366406064176293,0.000188,12.7943,1282,0.0050864577651982,TRUE,""
ENSG00000103035,PSMD7,cad,null,-0.093864584105868,0.724132540388919,1.615e-15,5.7884,5968,1.95732519307165e-05,TRUE,""
ENSG00000103051,COG4,fbg,null,0.00653711434451774,0.747012853671546,0.0007257,27.0874,780,0.00398203315827799,TRUE,""
ENSG00000103056,SMPD3,t2d,null,-0.0609536018827482,0.524539436435313,0.0008984,14.1391,2241,0.00448518170130055,TRUE,""
ENSG00000103056,SMPD3,fbg,null,-0.0136834616471476,0.731034305380085,5.479e-06,14.1391,849,0.0024581681588643,TRUE,""
ENSG00000103061,SLC7A6OS,cad,grey,0.0506311032346711,0.248563248217182,0.0003241,14.1527,3425,0.00347723840210454,TRUE,""
ENSG00000103064,SLC7A6,t2d,grey,-0.0199571313395197,0.410630376179832,0.0008984,54.9353,2241,0.00394411649071696,TRUE,""
ENSG00000103067,ESRP2,cad,null,-0.035409107472881,0.569379541379991,0.0003241,10.7951,3360,0.00282919460287675,TRUE,""
ENSG00000103121,CMC2,t2d,grey,-0.0476904181664855,0.321941421169825,9.061e-12,48.2017,5638,8.26463271686647e-08,TRUE,""
ENSG00000103152,MPG,cad,grey,-0.0791792382551735,0.460127837006431,0.0002309,11.9714,3066,0.00559236382726784,TRUE,""
ENSG00000103154,NECAB2,t2d,null,-0.00314605587850374,0.941872431166074,0.001437,50.4438,6629,0.00510626490143482,TRUE,""
ENSG00000103174,NAGPA,fbg,grey,0.0131773199020356,0.125707617716504,0.002299,66.2601,2179,0.011892142374382,TRUE,""
ENSG00000103196,CRISPLD2,cad,null,0.0126580275948399,0.635243943301168,1.872e-05,61.5224,9029,0.00331108253751821,TRUE,""
ENSG00000103196,CRISPLD2,fbg,null,0.00444741510088971,0.745181071693432,1.331e-05,61.5224,2790,0.00294735476700155,TRUE,""
ENSG00000103202,NME4,fbg,null,0.00920659117478903,0.56341416025565,0.0009201,54.6735,758,0.00525047517625423,TRUE,""
ENSG00000103226,NOMO3,fbg,null,-0.0077436316888774,0.556374370426907,0.006469,28.0896,1160,0.00724642376467222,TRUE,""
ENSG00000103249,CLCN7,fbg,grey,-0.0407338658108642,0.121529125955424,0.0009201,56.7256,1196,0.0206723205264738,TRUE,""
ENSG00000103269,RHBDL1,cad,grey,0.186522532768033,0.169131444702671,1.83e-07,7.2558,4874,0.000484296494271634,TRUE,""
ENSG00000103269,RHBDL1,fbg,null,-0.0339131877760061,0.673716649749524,0.0009201,7.2558,959,0.0326774218347747,TRUE,""
ENSG00000103275,UBE2I,cad,null,0.0177164062980825,0.632808379345506,1.83e-07,37.5013,5878,0.000389300066309832,TRUE,""
ENSG00000103351,CLUAP1,cad,grey,0.0703134765527806,0.206842625716494,0.0004398,19.3866,4970,0.00604980562320145,TRUE,""
ENSG00000103356,EARS2,t2d,null,0.0140124515107211,0.894924596681529,0.001308,16.2619,3315,0.00510412246557468,TRUE,""
ENSG00000103365,GGA2,cad,grey,-0.0671287337872354,0.116982086023696,2e-04,27.7454,5207,0.0113967305892014,TRUE,""
ENSG00000103365,GGA2,t2d,null,0.0081017437329422,0.894924596681529,0.001308,27.7454,3169,0.00504345433946482,TRUE,""
ENSG00000103381,CPPED1,t2d,grey,0.0684955055275318,0.256536504257498,4.08e-05,30.6086,5576,0.00749525327410211,TRUE,""
ENSG00000103381,CPPED1,cad,grey,-0.0516618643385621,0.229091387670463,0.0003121,30.6086,8135,0.0064396534850096,TRUE,""
ENSG00000103404,USP31,cad,null,-0.174046510501067,0.72151434013493,2e-04,7.1634,4395,0.00924591595622222,TRUE,""
ENSG00000103496,STX4,t2d,grey,0.0347063167471403,0.348104848262237,4.053e-06,46.0663,1150,0.00260572978530559,TRUE,""
ENSG00000103496,STX4,fbg,null,0.00593660681201084,0.684558919367902,0.007129,46.0663,572,0.0038599492601275,TRUE,""
ENSG00000103510,KAT8,fbg,grey,0.0729769481396782,0.220767513347158,0.007129,26.2958,555,0.0203069126793163,TRUE,""
ENSG00000103534,TMC5,t2d,null,-0.132142280293996,0.645389184861806,0.0001289,6.9571,3076,0.00748738656124919,TRUE,""
ENSG00000103534,TMC5,cad,null,-0.0991067102204968,0.607840876291988,1.736e-05,6.9571,4866,0.00250669685811277,TRUE,""
ENSG00000103550,C16orf88,t2d,grey,-0.0450547829296482,0.341614329595973,0.0001289,31.2027,3499,0.00713544208164488,TRUE,""
ENSG00000103653,CSK,t2d,grey,0.0442226890224165,0.259359207121334,6.661e-05,42.3495,1523,0.00547263422544358,TRUE,""
ENSG00000103723,AP3B2,t2d,grey,-0.0330137360672984,0.45484120188411,0.0001225,45.5409,1462,0.00483169898552309,TRUE,""
ENSG00000103888,KIAA1199,fbg,null,-0.0107373722636473,0.915278497446585,0.0001816,7.4756,1718,0.00582367259071238,TRUE,""
ENSG00000103966,EHD4,fbg,null,0.0087966553387337,0.564779052623049,0.002544,46.964,1194,0.0060585997584703,TRUE,""
ENSG00000104043,ATP8B4,cad,null,0.00658775167218682,0.795927918181723,0.0002666,56.8731,4812,0.0114349211414467,TRUE,""
ENSG00000104147,OIP5,fbg,null,0.0199637472355624,0.661748776081758,0.002544,12.4404,1297,0.0042828421058005,TRUE,""
ENSG00000104154,SLC30A4,t2d,grey,0.27179686713563,0.170441515276105,2.033e-05,7.9482,2463,0.0137337314058739,TRUE,""
ENSG00000104154,SLC30A4,fbg,grey,0.100252942795929,0.185659381979118,0.0006507,7.9482,1470,0.0098579962396736,TRUE,""
ENSG00000104164,BLOC1S6,t2d,grey,-0.177117492868753,0.112085480144251,2.033e-05,12.8998,2669,0.0144229787717569,TRUE,""
ENSG00000104164,BLOC1S6,cad,grey,-0.0656449449093981,0.400196782020567,0.001267,12.8998,4208,0.0042029995147125,TRUE,""
ENSG00000104177,MYEF2,t2d,null,-0.01774978256268,0.762078642279575,0.002468,30.3274,2261,0.0053583882498261,TRUE,""
ENSG00000104221,BRF2,fbg,grey,-0.0603711420126944,0.230139340443417,0.002331,12.3834,1242,0.00722291477435474,TRUE,""
ENSG00000104290,FZD3,fbg,grey,0.0473443381094478,0.120896793300376,1.424e-06,28.4249,2025,0.0167445177876435,TRUE,""
ENSG00000104331,IMPAD1,cad,null,-0.0410096561070642,0.689156516779352,0.003251,14.7575,3726,0.00442766483481443,TRUE,""
ENSG00000104331,IMPAD1,fbg,null,0.0313603252583432,0.59568750859298,8.55e-05,14.7575,2097,0.00639819281520803,TRUE,""
ENSG00000104332,SFRP1,t2d,grey,0.16285469792326,0.366199872248304,3.159e-22,7.9459,4111,1.66582926585999e-11,TRUE,""
ENSG00000104361,NIPAL2,fbg,null,-0.00912196759058584,0.696661882488179,0.001463,49.9821,1427,0.00797133433841178,TRUE,""
ENSG00000104365,IKBKB,fbg,grey,-0.0713860294739065,0.187119325775177,0.001998,15.3273,1149,0.013289839727358,TRUE,""
ENSG00000104432,IL7,cad,null,0.0848069121833163,0.579684138673638,0.0001413,7.5055,3022,0.00373594897940468,TRUE,""
ENSG00000104450,SPAG1,fbg,grey,-0.0199871816879704,0.165412255542075,0.001284,47.3573,1451,0.0182178049298293,TRUE,""
ENSG00000104497,SNX16,t2d,grey,0.0272012922317451,0.0845274725159049,0.002059,92.5098,2650,0.0281703087136835,TRUE,""
ENSG00000104522,TSTA3,t2d,grey,-0.189974006230506,0.45613696322391,1.618e-08,9.515,,,FALSE,对齐后仅 7 变异(<10)
ENSG00000104529,EEF1D,cad,grey,-0.117065417339261,0.127739461577168,0.0002362,13.0125,1123,0.00219163571459031,TRUE,""
ENSG00000104549,SQLE,t2d,grey,0.0989832457657325,0.475050524053953,6.06e-06,16.9945,1606,0.00468160718975558,TRUE,""
ENSG00000104549,SQLE,cad,null,-0.0479287295286705,0.631820065704664,7.67e-23,16.9945,2478,1.01687994233553e-18,TRUE,""
ENSG00000104611,SH2D4A,t2d,null,-0.040494979503792,0.816104535888477,3.035e-08,8.7287,5889,1.33402932737832e-05,TRUE,""
ENSG00000104613,INTS10,fbg,null,0.00051085128487708,0.97582537985171,0.0001441,34.8438,2944,0.00354643934598092,TRUE,""
ENSG00000104643,MTMR9,fbg,null,-0.0219190273218244,0.635725114509718,0.0006266,14.5381,2443,0.00495766723335554,TRUE,""
ENSG00000104691,UBXN8,fbg,grey,0.0997392976186013,0.381573905705021,6.812e-06,6.2379,1607,0.00504490673102112,TRUE,""
ENSG00000104714,ERICH1,fbg,grey,0.0114211358151234,0.475050524053953,0.002066,59.9175,1816,0.00719950220328084,TRUE,""
ENSG00000104723,TUSC3,cad,null,-0.00264675166430884,0.990881517803114,0.0002297,12.8406,8958,0.00756452877716602,TRUE,""
ENSG00000104774,MAN2B1,cad,null,-0.00755103894103342,0.726338697648762,3.849e-05,34.6737,4543,0.00445681514627232,TRUE,""
ENSG00000104783,KCNN4,cad,null,-0.00282046818099861,0.902259917132016,2.135e-35,84.4938,4363,7.21800333882468e-06,TRUE,""
ENSG00000104783,KCNN4,fbg,null,0.00765555649128194,0.539940330191881,6.372e-05,84.4938,1488,0.00699947599870462,TRUE,""
ENSG00000104804,TULP2,t2d,null,-0.0945101287060059,0.787752103714477,0.001253,6.2809,929,0.00656422285205785,TRUE,""
ENSG00000104805,NUCB1,fbg,grey,0.0143184161935455,0.241426553382044,0.006604,62.7367,1247,0.0110497825541085,TRUE,""
ENSG00000104814,MAP4K1,t2d,grey,-0.187825041303495,0.21651467617934,0.0003942,12.3755,2502,0.0105857492474809,TRUE,""
ENSG00000104814,MAP4K1,fbg,null,-0.025808020942465,0.682472947499482,0.003283,12.3755,1207,0.00573596264427921,TRUE,""
ENSG00000104823,ECH1,fbg,null,0.00225265771456043,0.883085590508198,0.0007425,26.5082,1337,0.00412204514864802,TRUE,""
ENSG00000104835,SARS2,t2d,null,-0.000387677899034688,0.989770990975819,0.0003942,78.5618,2558,0.0212600964580756,TRUE,""
ENSG00000104856,RELB,cad,grey,0.162557155884629,0.308745851219059,2.135e-35,6.2413,4156,5.47290866856976e-06,TRUE,""
ENSG00000104856,RELB,t2d,null,-0.11122331718422,0.621538629656824,3.114e-16,6.2413,1066,1.30909477097331e-06,TRUE,""
ENSG00000104859,CLASRP,fbg,null,0.015965982322971,0.671389024011197,2.253e-05,8.4051,1238,0.00354857686770919,TRUE,""
ENSG00000104866,PPP1R37,cad,grey,0.0276170019478968,0.429835204622545,2.135e-35,19.7561,4186,3.17355536413399e-31,TRUE,""
ENSG00000104883,PEX11G,cad,null,0.0130821273298579,0.664135569870941,3.573e-10,47.8373,6796,1.72836927707035e-06,TRUE,""
ENSG00000104889,RNASEH2A,fbg,grey,0.0414419762417802,0.263119824546096,0.0004275,16.885,1027,0.00924627513540038,TRUE,""
ENSG00000104892,KLC3,cad,null,0.0262563576349106,0.533316840771454,2.135e-35,25.5872,4302,2.20985860705197e-31,TRUE,""
ENSG00000104894,CD37,t2d,grey,0.0360809816808442,0.333710695743566,0.001253,43.5773,1056,0.00732469237042546,TRUE,""
ENSG00000104897,SF3A2,fbg,null,-0.0060733248320735,0.93983941493195,0.0019,10.1741,1084,0.00582221320110177,TRUE,""
ENSG00000104899,AMH,fbg,null,0.00219525901859144,0.93983941493195,0.0019,28.1473,1084,0.00582558221579749,TRUE,""
ENSG00000104964,AES,cad,null,0.00363895322224162,0.939611968724493,0.0001482,18.2595,6010,0.00289994731701477,TRUE,""
ENSG00000104969,SGTA,cad,grey,0.0892313491845955,0.21129954733371,6.73e-06,14.269,6119,0.00412812386271641,TRUE,""
ENSG00000104969,SGTA,fbg,null,0.0272942950446998,0.679827587935345,0.0019,14.269,1143,0.00757948167452031,TRUE,""
ENSG00000104974,LILRA1,fbg,null,0.00771178324404592,0.716129568855565,0.001442,43.7858,1351,0.00566621070220451,TRUE,""
ENSG00000104979,C19orf53,fbg,grey,-0.0217864048528744,0.0901808600977078,0.0004275,46.393,1003,0.0170029240687162,TRUE,""
ENSG00000105058,FAM32A,cad,null,-0.0617031315396433,0.566286290659641,1.093e-07,10.2491,5997,0.000668901337762277,TRUE,""
ENSG00000105058,FAM32A,fbg,null,-0.0126570526235166,0.828819213786263,0.0002825,10.2491,1520,0.0055071089965961,TRUE,""
ENSG00000105063,PPP6R1,cad,grey,-0.174091739678875,0.156368553615422,4.205e-06,14.833,5094,0.0107689016483653,TRUE,""
ENSG00000105072,C19orf44,cad,grey,0.0851154646690574,0.0734340666497982,1.093e-07,30.3216,6298,0.00326696986360462,TRUE,""
ENSG00000105136,ZNF419,cad,null,0.128087100999528,0.579608387452166,0.0005571,18.9576,4279,0.0147620796502309,TRUE,""
ENSG00000105221,AKT2,cad,grey,0.105879361042994,0.349538991650093,2.362e-17,9.7327,4065,3.14750640084206e-10,TRUE,""
ENSG00000105223,PLD3,cad,null,0.0134555867809754,0.776921327410532,2.362e-17,22.4888,3902,1.12289009101284e-13,TRUE,""
ENSG00000105270,CLIP3,t2d,null,-0.0105226485705704,0.768319598713158,1.012e-05,65.0221,1999,0.00288389276211532,TRUE,""
ENSG00000105287,PRKD2,fbg,null,-0.00408447012899088,0.812779285408195,8.685e-05,41.7346,1125,0.00542244410863321,TRUE,""
ENSG00000105341,ATP5SL,fbg,null,-0.0101809200067387,0.639248343034235,0.005398,26.2247,1025,0.00426230314666088,TRUE,""
ENSG00000105379,ETFB,cad,null,-0.00583464427451622,0.890294922852369,0.0005593,24.2789,5469,0.00267903931574282,TRUE,""
ENSG00000105383,CD33,fbg,null,0.0211199786926379,0.696925773891584,0.001116,31.1271,1985,0.0105459106818071,TRUE,""
ENSG00000105393,BABAM1,fbg,grey,0.0286963860604952,0.110992040456491,0.001792,24.3869,1185,0.0129086608890283,TRUE,""
ENSG00000105426,PTPRS,t2d,grey,0.195356095529418,0.329160387031697,0.001106,11.0034,1455,0.00978001808888943,TRUE,""
ENSG00000105438,KDELR1,cad,null,0.0122938055573904,0.902259917132016,9.641e-06,10.1009,4506,0.00259177297795016,TRUE,""
ENSG00000105447,GRWD1,cad,grey,-0.0530977330932612,0.265983588922348,9.641e-06,33.0151,4591,0.00672108233158113,TRUE,""
ENSG00000105447,GRWD1,fbg,grey,0.0284260591307358,0.335228269007387,0.005501,33.0151,1366,0.0102704263959946,TRUE,""
ENSG00000105472,CLEC11A,cad,grey,-0.0564606885581986,0.467645201991877,0.0008115,32.581,4817,0.0114930641153658,TRUE,""
ENSG00000105479,CCDC114,fbg,grey,-0.0519058529473026,0.151031528231155,0.005501,19.204,1387,0.0139086492548922,TRUE,""
ENSG00000105497,ZNF175,cad,null,0.00290974082494038,0.911528237909377,0.0005593,42.993,5521,0.00289816109093791,TRUE,""
ENSG00000105514,RAB3D,cad,grey,-0.101878177267893,0.104162558830439,1.931e-36,21.0874,4719,1.91771428047965e-32,TRUE,""
ENSG00000105518,TMEM205,cad,grey,-0.0625781627853566,0.104162558830439,1.931e-36,34.3306,4708,1.91771428047987e-32,TRUE,""
ENSG00000105538,RASIP1,cad,grey,0.188915802057605,0.062593369809947,9.641e-06,10.1217,4014,0.025582186713528,TRUE,""
ENSG00000105556,MIER2,t2d,grey,-0.0940997747993438,0.483927304446146,0.0002255,10.5731,138,0.00445331269192523,TRUE,""
ENSG00000105583,WDR83OS,cad,null,0.0249484438812078,0.827215544051375,3.849e-05,24.87,4541,0.00832116016061194,TRUE,""
ENSG00000105607,GCDH,fbg,grey,0.0198115557116396,0.21129954733371,0.0004275,59.0929,985,0.00467174992208888,TRUE,""
ENSG00000105609,LILRB5,fbg,null,0.00326424642940436,0.974674585344451,0.001442,10.2273,1584,0.00682071814536793,TRUE,""
ENSG00000105612,DNASE2,fbg,null,0.00833199463334003,0.558301743578421,0.0004275,63,994,0.00862604482895019,TRUE,""
ENSG00000105613,MAST1,cad,grey,-0.674927340169605,0.242111746424182,3.849e-05,4.817,4386,0.0124288442409773,TRUE,""
ENSG00000105643,ARRDC2,fbg,grey,-0.0277974265582007,0.259233298673899,0.001792,26.6794,1107,0.00841135626539088,TRUE,""
ENSG00000105663,WBP7,fbg,null,0.0120916372192717,0.797634069055974,0.007285,13.2002,1214,0.00477887133781738,TRUE,""
ENSG00000105669,COPE,cad,grey,0.0484279002529816,0.264136875256031,3.015e-13,16.3253,4689,1.77303056175176e-09,TRUE,""
ENSG00000105672,ETV2,t2d,null,-0.0674359560588974,0.643722802327308,1.012e-05,8.9305,1926,0.00190272960247826,TRUE,""
ENSG00000105672,ETV2,fbg,null,-0.0273389011049584,0.628477445586286,0.007285,8.9305,1253,0.00420048713887969,TRUE,""
ENSG00000105677,TMEM147,fbg,grey,0.0187598732297619,0.416504786576218,0.007285,22.9405,1297,0.00549635780297734,TRUE,""
ENSG00000105698,USF2,t2d,grey,-0.163847998807023,0.0607927235305228,1.012e-05,17.4013,1788,0.0121780829381708,TRUE,""
ENSG00000105708,ZNF14,t2d,grey,-0.330058133285801,0.0955807045456294,4.131e-12,7.9656,2569,7.64123176291782e-08,TRUE,""
ENSG00000105708,ZNF14,fbg,grey,0.136424028424798,0.0938017368564421,0.0007539,7.9656,973,0.0150617479079964,TRUE,""
ENSG00000105732,ZNF574,t2d,null,-0.00413202691205837,0.987131452132544,0.03046,8.2304,856,0.00623467140675591,TRUE,""
ENSG00000105755,ETHE1,t2d,grey,0.0926722474135135,0.436700030722758,0.0009212,13.5243,2116,0.00626228500279066,TRUE,""
ENSG00000105755,ETHE1,fbg,null,-0.0192565708911197,0.681617864273084,0.0003202,13.5243,1428,0.00495252318493106,TRUE,""
ENSG00000105771,SMG9,fbg,null,-0.002207082161046,0.95910077028586,0.0003202,14.5217,1489,0.00480369019480689,TRUE,""
ENSG00000105793,GTPBP10,fbg,grey,0.0324881023446913,0.168086495435629,1.01e-05,27.8458,2689,0.00607425680431557,TRUE,""
ENSG00000105793,GTPBP10,cad,null,0.0203846916672573,0.637934810590957,0.0002364,27.8458,5052,0.00339222373571608,TRUE,""
ENSG00000105821,DNAJC2,fbg,null,-0.00345060066481254,0.954431397113681,0.0004295,10.281,1517,0.00419511785092856,TRUE,""
ENSG00000105849,TWISTNB,fbg,grey,-0.118412299504768,0.126437601681579,0.0003703,12.1761,2735,0.0133570120150039,TRUE,""
ENSG00000105856,HBP1,t2d,grey,0.127367931795569,0.120132695386743,0.0004314,17.9671,2742,0.0124473971540433,TRUE,""
ENSG00000105866,SP4,t2d,null,-0.0144927597762705,0.858897500094722,0.0004288,19.6012,5176,0.00399455633683191,TRUE,""
ENSG00000105866,SP4,cad,null,0.0262681270944903,0.665134047911044,1.711e-05,19.6012,7098,0.00287750889620412,TRUE,""
ENSG00000105875,WDR91,t2d,null,-0.0352553522234159,0.694424996831734,0.0008666,16.6613,3569,0.00424331870282198,TRUE,""
ENSG00000105877,DNAH11,t2d,grey,0.281158366868596,0.208094079594404,0.0004288,6.4785,4891,0.00805786372787092,TRUE,""
ENSG00000105887,MTPN,t2d,grey,-0.237718577753411,0.306978433122432,0.0009196,10.4409,3382,0.0107231006837365,TRUE,""
ENSG00000105926,MPP6,t2d,null,0.0735748226812853,0.590258451314772,2.622e-05,10.2259,5310,0.004047973244337,TRUE,""
ENSG00000105948,TTC26,cad,grey,0.0463396502065715,0.330566734834094,4.772e-05,27.4578,4570,0.00407852937293681,TRUE,""
ENSG00000105948,TTC26,t2d,null,0.0431216189422263,0.511269174876245,0.0005263,27.4578,2276,0.00612825525827625,TRUE,""
ENSG00000105991,HOXA1,fbg,grey,0.0203505253578037,0.401632246433539,0.0002529,22.6994,2320,0.0051284385103298,TRUE,""
ENSG00000105996,HOXA2,t2d,grey,-0.0510034516346101,0.138603200410297,2.24e-41,45.5177,3807,9.44291631149814e-07,TRUE,""
ENSG00000105996,HOXA2,fbg,grey,0.01700115054487,0.208368424819709,0.0002529,45.5177,2320,0.00469850559132482,TRUE,""
ENSG00000105997,HOXA3,t2d,grey,-0.118035260203317,0.254602855011452,1.041e-43,12.2883,3844,2.65053082859741e-23,TRUE,""
ENSG00000106034,CPED1,fbg,grey,-0.0129900802191781,0.292509878183886,0.003869,62.743,1477,0.00399172622115927,TRUE,""
ENSG00000106066,CPVL,cad,null,-0.00316809132834649,0.836090649580926,2.432e-05,73.0966,6291,0.00238579714212496,TRUE,""
ENSG00000106077,ABHD11,t2d,null,-0.0217940012434474,0.535544072435929,3.176e-06,56.5563,916,0.00156747012433159,TRUE,""
ENSG00000106078,COBL,t2d,grey,-0.130092388732477,0.0561002072159944,2.802e-05,20.0513,4445,0.0171050601128415,TRUE,""
ENSG00000106100,NOD1,t2d,grey,0.138464157474056,0.170441515276105,2.569e-07,15.6001,3886,0.00164558703330065,TRUE,""
ENSG00000106113,CRHR2,fbg,null,0.00879555235854289,0.826844797716898,0.0006351,13.5749,2007,0.00393281714106275,TRUE,""
ENSG00000106153,CHCHD2,cad,grey,-0.0115725948681088,0.19710098229528,2.322e-06,118.0329,5293,0.00374682432729396,TRUE,""
ENSG00000106153,CHCHD2,fbg,null,0.00130029155821447,0.802587348634153,0.0004936,118.0329,1145,0.00647724984777788,TRUE,""
ENSG00000106236,NPTX2,cad,null,0.0640725215297521,0.788917520844718,0.001016,8.6114,4344,0.00586631783084399,TRUE,""
ENSG00000106245,BUD31,fbg,null,0.0538490966715369,0.645516220500695,0.002549,15.0057,948,0.0133180788000516,TRUE,""
ENSG00000106263,EIF3B,t2d,grey,-0.0956830674740907,0.176850696761703,3.091e-07,23.2816,3391,0.000245274248626405,TRUE,""
ENSG00000106263,EIF3B,fbg,null,-0.00584324076177653,0.837471960453541,0.0006516,23.2816,1766,0.00483338319480916,TRUE,""
ENSG00000106299,WASL,fbg,null,0.00842474083174416,0.775096962195985,7.213e-06,21.0892,1929,0.00443056534232754,TRUE,""
ENSG00000106327,TFR2,cad,grey,0.123857216593431,0.297294155047631,1.698e-06,10.6145,2935,0.00103845906529538,TRUE,""
ENSG00000106330,MOSPD3,cad,grey,0.029936917608109,0.453254704753736,1.698e-06,31.9989,2908,0.00078852500020539,TRUE,""
ENSG00000106333,PCOLCE,t2d,grey,0.143092264440605,0.479522538680271,2.337e-07,8.5994,1618,0.00119998842221407,TRUE,""
ENSG00000106341,PPP1R17,cad,null,0.00728382817767661,0.78118295086715,1.845e-05,44.0101,6593,0.0028807132126651,TRUE,""
ENSG00000106348,IMPDH1,fbg,grey,-0.048344582851489,0.479136355375383,0.006194,15.3664,1251,0.0101018432999164,TRUE,""
ENSG00000106355,LSM5,fbg,null,-0.0201303802881893,0.778518657215875,0.0005646,7.9312,2235,0.00407275454939871,TRUE,""
ENSG00000106367,AP1S1,cad,null,-0.0163071068975629,0.779477504888406,1.698e-06,21.7292,4368,0.0033879710170385,TRUE,""
ENSG00000106392,C1GALT1,fbg,grey,0.0266430782452799,0.177714325380176,0.0002071,61.0746,2174,0.00440353561951731,TRUE,""
ENSG00000106397,PLOD3,fbg,null,0.0108042607265988,0.918308934545483,0.0007455,6.5677,1094,0.00475228127396234,TRUE,""
ENSG00000106400,ZNHIT1,t2d,grey,0.0429131262246516,0.419982497240339,2.337e-07,20.8726,2416,0.000958626135096195,TRUE,""
ENSG00000106459,NRF1,t2d,grey,0.236996153900221,0.492242181257444,0.0007483,8.5332,2586,0.00986361642521206,TRUE,""
ENSG00000106526,ACTR3C,fbg,null,0.0454852343454938,0.658038481336858,0.0002164,8.8059,1414,0.00829596905226189,TRUE,""
ENSG00000106537,TSPAN13,t2d,grey,0.206347312603614,0.152608057865933,8.97e-08,9.723,4823,0.000163109396710245,TRUE,""
ENSG00000106537,TSPAN13,fbg,grey,-0.105912779920439,0.0613495523505698,0.0001929,9.723,2758,0.0200004885772978,TRUE,""
ENSG00000106538,RARRES2,fbg,grey,-0.0809757010784428,0.303681109722319,0.0002164,7.5989,1413,0.00742774677837651,TRUE,""
ENSG00000106554,CHCHD3,fbg,grey,-0.0535987913990917,0.235030456586428,0.001121,8.4659,1726,0.0120620124356174,TRUE,""
ENSG00000106560,GIMAP2,t2d,grey,0.0300666036925302,0.411402194666121,6.489e-05,41.6449,2313,0.0038676199930967,TRUE,""
ENSG00000106591,MRPL32,cad,null,-0.0365117164780334,0.592156028908923,0.0001593,20.7727,5882,0.00425753208317891,TRUE,""
ENSG00000106603,COA1,t2d,null,0.0221732766023119,0.613593606894804,4.25e-09,36.7111,3062,8.78055450904588e-06,TRUE,""
ENSG00000106633,GCK,cad,null,-0.0193298621002627,0.809261146695181,3.64e-08,10.9726,4973,0.000107740145057592,TRUE,""
ENSG00000106635,BCL7B,cad,grey,0.0914586531666754,0.38894154746715,0.0002877,10.7105,1769,0.0043943204736952,TRUE,""
ENSG00000106665,CLIP2,cad,null,0.0904629566217273,0.517593873457392,0.0003535,12.9426,2328,0.00638221512354428,TRUE,""
ENSG00000106683,LIMK1,t2d,null,0.0042956187225525,0.871380852839927,3.176e-06,47.7635,812,0.00206519441028687,TRUE,""
ENSG00000106692,FKTN,t2d,grey,-0.0872646537583488,0.425091594074585,0.000717,13.641,,,FALSE,对齐后仅 0 变异(<10)
ENSG00000106771,TMEM245,fbg,grey,0.0147004450166281,0.205976780516934,7.815e-08,48.2876,2937,0.000537620528377604,TRUE,""
ENSG00000106785,TRIM14,fbg,grey,-0.026151782427857,0.406952608509977,0.0001855,20.871,2065,0.00656012798656944,TRUE,""
ENSG00000106799,TGFBR1,cad,grey,-0.167688029565412,0.320036917008826,0.0001286,16.4646,,,FALSE,对齐后仅 0 变异(<10)
ENSG00000106804,C5,t2d,null,0.0152262158421077,0.608911450415323,6.202e-07,76.0214,,,FALSE,对齐后仅 0 变异(<10)
ENSG00000106853,PTGR1,cad,grey,0.0459317836598271,0.257992997348756,0.0001461,24.1714,,,FALSE,对齐后仅 0 变异(<10)
ENSG00000106948,AKNA,t2d,null,-0.00162231699892709,0.980054963609524,0.0002227,21.8999,,,FALSE,对齐后仅 0 变异(<10)
ENSG00000106976,DNM1,fbg,null,-0.0364555434251777,0.787752103714477,0.00318,16.0972,1140,0.0157552327231883,TRUE,""
ENSG00000106993,CDC37L1,t2d,null,-0.0273309910182888,0.885043820822695,3.013e-15,7.7412,4531,8.58687971199342e-11,TRUE,""
ENSG00000107014,RLN2,t2d,null,-0.0474916589545958,0.624749355728728,4.051e-05,11.3162,4015,0.00434746167384236,TRUE,""
ENSG00000107020,PLGRKT,t2d,grey,0.0146649831889609,0.446116847721283,0.0002537,79.4361,3974,0.00730898345050486,TRUE,""
ENSG00000107021,TBC1D13,t2d,null,-0.0534534304266797,0.704457418583588,1.354e-05,10.7697,,,FALSE,对齐后仅 0 变异(<10)
ENSG00000107104,KANK1,cad,null,0.006981758236842,0.716129568855565,0.0001075,50.0004,6717,0.00300038033714119,TRUE,""
ENSG00000107140,TESK1,cad,null,0.302614469059821,0.525302461328669,0.0001172,7.0976,4353,0.0106484024602337,TRUE,""
ENSG00000107201,DDX58,cad,grey,-0.048379086776771,0.217895724527359,0.0003904,25.3854,6609,0.00531675694147249,TRUE,""
ENSG00000107201,DDX58,fbg,grey,-0.018930946999606,0.383771766671715,0.0001706,25.3854,2381,0.00512408097600508,TRUE,""
ENSG00000107282,APBA1,fbg,grey,-0.147294672948459,0.129486728502174,0.001017,5.6155,2101,0.0115462500030918,TRUE,""
ENSG00000107338,SHB,t2d,null,-0.0333798733398416,0.800141053963404,0.0002048,10.5163,2949,0.00350109873998089,TRUE,""
ENSG00000107341,UBE2R2,fbg,null,-0.00832748473498275,0.906347316282193,0.001671,8.4482,1702,0.0067471744291861,TRUE,""
ENSG00000107371,EXOSC3,cad,grey,0.0573101413862684,0.15832887694973,0.000298,24.4921,5669,0.00639691063557698,TRUE,""
ENSG00000107372,ZFAND5,t2d,null,-0.0294900284006446,0.764177155622095,0.0003702,14.2658,,,FALSE,对齐后仅 0 变异(<10)
ENSG00000107438,PDLIM1,fbg,grey,-0.0213665328671979,0.479369457910652,0.001023,23.9871,1742,0.00634009992775295,TRUE,""
ENSG00000107485,GATA3,t2d,grey,-0.170225954785449,0.481093153359666,0.005659,6.4494,4967,0.00543800761461763,TRUE,""
ENSG00000107485,GATA3,cad,grey,0.170225954785449,0.332669938984237,0.000772,6.4494,7301,0.00444930869560038,TRUE,""
ENSG00000107521,HPS1,cad,grey,0.0214117671969418,0.401308997816552,7.41e-07,39.0033,552,0.0069803845671571,TRUE,""
ENSG00000107521,HPS1,fbg,null,0.000911139029657098,0.955695871316436,9.625e-05,39.0033,1911,0.00425204259313374,TRUE,""
ENSG00000107551,RASSF4,t2d,null,-0.00192517875674565,0.97487393186608,0.001591,36.9164,2541,0.00606528047360079,TRUE,""
ENSG00000107554,DNMBP,cad,null,0.146407067872767,0.594971496951515,1.201e-05,14.3805,553,0.00251516650839794,TRUE,""
ENSG00000107560,RAB11FIP2,t2d,grey,0.124567733329622,0.351316455972903,0.0005441,13.4884,499,7.42614551716209e-05,TRUE,""
ENSG00000107593,PKD2L1,fbg,null,0.0163350700468756,0.546210515044642,0.001708,48.7262,1575,0.00808299871373266,TRUE,""
ENSG00000107614,TRDMT1,cad,null,0.0183954089742906,0.78331623830721,0.0003104,20.9223,5545,0.00380318544144357,TRUE,""
ENSG00000107643,MAPK8,t2d,grey,0.0695767817667736,0.145476620136088,0.001503,29.2148,1941,0.00393577326786995,TRUE,""
ENSG00000107651,SEC23IP,fbg,grey,-0.116003946451362,0.0718606382258516,0.003049,11.0479,2130,0.0232505114545412,TRUE,""
ENSG00000107669,ATE1,fbg,grey,0.10948606223345,0.138668078414143,2.747e-05,12.5092,2307,0.0172099220300738,TRUE,""
ENSG00000107679,PLEKHA1,cad,grey,0.0236268911385689,0.292926133201847,0.0002456,51.1542,818,0.000396418767433229,TRUE,""
ENSG00000107816,LZTS2,fbg,null,-0.00761230284990934,0.879569359634668,0.002905,11.6916,1267,0.00455666435320948,TRUE,""
ENSG00000107863,ARHGAP21,cad,grey,-0.0554792603703917,0.231529357221301,2.539e-07,14.4228,5129,0.0895407342431872,TRUE,""
ENSG00000107872,FBXL15,cad,grey,0.117160053351918,0.345678252692114,8.947e-12,21.8725,471,3.08500661740111e-05,TRUE,""
ENSG00000107897,ACBD5,fbg,grey,0.0801362735787345,0.293129068088163,0.002858,8.9987,2171,0.0079464734095119,TRUE,""
ENSG00000107902,LHPP,fbg,grey,-0.0287755317243336,0.0886237188408589,0.0008266,44.0902,2189,0.00422889524490252,TRUE,""
ENSG00000107929,LARP4B,cad,grey,-0.0382515808961452,0.411402194666121,0.0004344,21.4043,5523,0.00351750207102304,TRUE,""
ENSG00000107957,SH3PXD2A,fbg,grey,-0.058640640764305,0.382811748670737,0.002123,29.1402,1542,0.0190716393909832,TRUE,""
ENSG00000107959,PITRM1,t2d,grey,0.018688629053097,0.440656943719549,0.0001667,68.3086,5728,0.00349982460629184,TRUE,""
ENSG00000107968,MAP3K8,cad,grey,0.0507598743246202,0.272544261143863,1.73e-17,25.2037,5033,2.68084930863258e-13,TRUE,""
ENSG00000108010,GLRX3,t2d,null,-0.052699423962402,0.73482844964315,0.000488,12.8708,676,0.000309418910621513,TRUE,""
ENSG00000108061,SHOC2,t2d,grey,0.750804461018069,0.0547438170980889,0,8.0186,524,0.00108761323270462,TRUE,""
ENSG00000108061,SHOC2,cad,grey,-0.329029013799095,0.225748991129771,8.686e-07,8.0186,659,0.000190525467408283,TRUE,""
ENSG00000108064,TFAM,cad,grey,-0.0312259519237292,0.180477677586653,0.0005859,79.0562,572,0.00838273364092915,TRUE,""
ENSG00000108091,CCDC6,cad,grey,0.0390535426394404,0.36162097055701,1.199e-05,15.8963,824,0.000717848036259586,TRUE,""
ENSG00000108094,CUL2,cad,grey,-0.0346093774874746,0.476548744736444,0.0005259,20.6356,3604,0.00381335813157198,TRUE,""
ENSG00000108107,RPL28,fbg,null,-0.0141798955477007,0.527662046790784,0.001617,68.3747,1590,0.00593336237639796,TRUE,""
ENSG00000108219,TSPAN14,t2d,grey,0.0663871555896179,0.258724172217753,0.002651,25.2573,864,0.00115634207281453,TRUE,""
ENSG00000108244,KRT23,cad,null,0.00643055204318594,0.817494086363381,5.366e-06,56.869,420,0.038362350701851,TRUE,""
ENSG00000108264,TADA2A,t2d,grey,-0.0280901493412774,0.400088372454833,0.0002127,44.3807,565,0.000926596520843223,TRUE,""
ENSG00000108270,AATF,t2d,null,-0.0500957763942055,0.551684329116147,0.0004728,17.5944,134,1.03241082454079e-05,TRUE,""
ENSG00000108296,CWC25,t2d,grey,0.124703150698476,0.0570110871742128,8.979e-22,25.2644,294,0.0129126476217659,TRUE,""
ENSG00000108344,PSMD3,t2d,grey,-0.109228087608601,0.249249615183582,8.979e-22,17.2734,324,0.000235438499682077,TRUE,""
ENSG00000108379,WNT3,cad,grey,0.101399807067862,0.137985870280455,0.0001529,14.6302,194,0.66755719640172,TRUE,""
ENSG00000108379,WNT3,fbg,grey,-0.0683594204951882,0.114348129742201,0.001204,14.6302,673,0.0155530833439427,TRUE,""
ENSG00000108379,WNT3,t2d,null,0.0444336233218723,0.646360896588277,0.0002575,14.6302,51,0.0106378350210245,TRUE,""
ENSG00000108389,MTMR4,t2d,grey,0.266904405414595,0.144748686602996,4.275e-05,8.3085,54,7.6454799221156e-06,TRUE,""
ENSG00000108424,KPNB1,cad,grey,-0.207134289328594,0.243875595349207,0.0001529,7.6279,50,0.00122077024499094,TRUE,""
ENSG00000108439,PNPO,t2d,grey,0.078327194497865,0.189966029701737,0.002056,30.679,165,1.82859927495911e-05,TRUE,""
ENSG00000108468,CBX1,t2d,null,0.0116597746651802,0.828311629558236,0.002056,16.5522,135,0.000522971810857269,TRUE,""
ENSG00000108469,RECQL5,cad,grey,0.254822808511242,0.136484475035253,5.543e-05,14.8397,,,FALSE,对齐后仅 0 变异(<10)
ENSG00000108479,GALK1,fbg,null,-0.00498403987231898,0.864434730029062,0.008484,24.9998,1201,0.00495341145593314,TRUE,""
ENSG00000108509,CAMTA2,t2d,grey,0.127966108920737,0.128257728531287,4.411e-14,25.1738,3291,1.7174628911791e-09,TRUE,""
ENSG00000108509,CAMTA2,cad,null,0.0311077833840464,0.600411028614905,8.33e-05,25.1738,6058,0.00425333541885713,TRUE,""
ENSG00000108510,MED13,cad,grey,-0.216178282181901,0.243345009148762,9.666e-09,6.3016,20,0.0137998971343593,TRUE,""
ENSG00000108523,RNF167,t2d,grey,0.0316205377005934,0.43995024987705,4.411e-14,53.1761,3224,1.39709955712166e-09,TRUE,""
ENSG00000108551,RASD1,fbg,null,0.0218137254901961,0.511663282695868,0.0004783,17.136,1318,0.00469861832281112,TRUE,""
ENSG00000108578,BLMH,t2d,null,-0.024095202977888,0.525985322047422,6.879e-05,40.7901,378,0.0692723823238367,TRUE,""
ENSG00000108588,CCDC47,t2d,null,-0.034446723690831,0.700522394103849,0.0002166,15.5022,61,1.29564836262202e-05,TRUE,""
ENSG00000108651,UTP6,fbg,grey,-0.081297754099936,0.197436717400971,0.001513,8.5203,1114,0.0128917086878895,TRUE,""
ENSG00000108654,DDX5,fbg,grey,0.00970144048249792,0.317310507862914,0.0101,49.8734,1143,0.00629610544576743,TRUE,""
ENSG00000108671,PSMD11,t2d,null,0.0947691222153364,0.644412333769812,3.31e-05,6.7492,566,9.22131861070103e-05,TRUE,""
ENSG00000108691,CCL2,t2d,null,0.0701191128274028,0.863291751620753,0.0007579,6.588,903,0.000460048142626629,TRUE,""
ENSG00000108691,CCL2,cad,null,-0.164510226248906,0.568614312058981,1.194e-08,6.588,1158,0.000174862746616104,TRUE,""
ENSG00000108784,NAGLU,fbg,null,0.0162874920537073,0.57628216259003,0.001126,20.7644,762,0.00480682590395569,TRUE,""
ENSG00000108819,PPP1R9B,cad,grey,0.435880516331887,0.426595437219082,1.459e-11,4.7227,220,0.00943257255698786,TRUE,""
ENSG00000108821,COL1A1,cad,null,-0.109465571252624,0.510605772861378,4.578e-14,8.0375,204,0.0236088295347182,TRUE,""
ENSG00000108852,MPP2,fbg,grey,0.036884349003205,0.154376307933322,0.002502,22.5424,971,0.0109641366090321,TRUE,""
ENSG00000108953,YWHAE,t2d,grey,-0.390525060628905,0.393901076657013,0.0002419,6.0413,1711,0.0108539363175912,TRUE,""
ENSG00000108960,MMD,cad,null,-0.0361728292133895,0.501320304248941,0.002823,19.1912,176,0.000182153243878799,TRUE,""
ENSG00000109046,WSB1,t2d,null,0.010722981851632,0.831716977781815,,28.1243,,,FALSE,GWAS 区域无数据
ENSG00000109047,RCVRN,fbg,grey,-0.00589811323172879,0.398809120942746,0.00351,80.5148,2087,0.00538098230336776,TRUE,""
ENSG00000109084,TMEM97,fbg,null,0.00148493458779717,0.871864744932721,0.0001063,60.3181,1015,0.00406270554606809,TRUE,""
ENSG00000109099,PMP22,fbg,grey,-0.0280797973372548,0.218409186619242,0.0008801,30.3723,2141,0.00970434598633548,TRUE,""
ENSG00000109107,ALDOC,t2d,null,-0.0150321303137357,0.772666406770922,0.002609,30.4616,595,0.00032660903638251,TRUE,""
ENSG00000109113,RAB34,t2d,null,-0.0255916006722298,0.787104099024284,0.002609,25.7346,413,0.00840568573739786,TRUE,""
ENSG00000109171,SLAIN2,cad,null,0.0209135180087066,0.65271044057584,0.002046,20.6456,3805,0.00316190833999288,TRUE,""
ENSG00000109381,ELF2,t2d,grey,-0.095527037043436,0.191803254658019,2.613e-05,23.0628,1585,0.00916449489323616,TRUE,""
ENSG00000109452,INPP4B,cad,grey,-0.0293133015509236,0.238356575867,0.0001014,47.8038,2602,0.00606520674043521,TRUE,""
ENSG00000109452,INPP4B,fbg,null,0.00259738115008183,0.849944540437619,0.003293,47.8038,1662,0.00462113298353174,TRUE,""
ENSG00000109466,KLHL2,t2d,null,-0.0310148604646446,0.902659722777008,0.0001345,9.5892,2267,0.00688519441493805,TRUE,""
ENSG00000109618,SEPSECS,cad,null,0.043532242716611,0.741649075011745,6.942e-05,12.2441,5986,0.00421026352317456,TRUE,""
ENSG00000109667,SLC2A9,cad,grey,0.049084271897968,0.122622337178298,4.079e-05,29.2452,7101,0.00792545846657799,TRUE,""
ENSG00000109667,SLC2A9,fbg,null,0.0111555163404473,0.518822668670191,0.005418,29.2452,1933,0.00464872344995357,TRUE,""
ENSG00000109689,STIM2,t2d,null,-0.00332681851322982,0.947430318888529,0.00276,32.0424,3449,0.00436120861895626,TRUE,""
ENSG00000109756,RAPGEF2,cad,null,-0.0128976794699104,0.530581466777187,2.837e-05,49.6367,2893,0.00516805330415194,TRUE,""
ENSG00000109762,SNX25,t2d,null,0.00858125641977561,0.761282195603013,0.0003456,50.5835,2020,0.0046403101395295,TRUE,""
ENSG00000109805,NCAPG,fbg,grey,-0.0737131250050822,0.49813992156856,3.545e-06,4.5813,1980,0.00513491985367849,TRUE,""
ENSG00000109881,CCDC34,cad,null,-0.0414220442825299,0.674956824198369,6.358e-06,11.1525,5208,0.0019087302039614,TRUE,""
ENSG00000109929,SC5DL,t2d,null,0.0269745818646733,0.715679986581526,0.0005019,33.26,3063,0.00760889961296162,TRUE,""
ENSG00000109943,CRTAM,t2d,null,-0.0224717496887795,0.621323197261392,5.656e-08,32.4158,3553,0.000248040007957392,TRUE,""
ENSG00000110060,PUS3,fbg,grey,-0.0152954986238881,0.332197561388374,0.001016,37.2162,2298,0.00627294762965255,TRUE,""
ENSG00000110075,PPP6R3,t2d,null,0.0600836416483908,0.509837393048038,0.0001353,17.1819,2142,0.0049337806075128,TRUE,""
ENSG00000110080,ST3GAL4,fbg,grey,0.0495104975081251,0.228153812895039,0.001071,16.8092,2459,0.00977984355158219,TRUE,""
ENSG00000110092,CCND1,fbg,grey,0.065949428662583,0.305508842003805,0.001034,20.2832,1734,0.00678642083842965,TRUE,""
ENSG00000110108,TMEM109,fbg,null,-0.00170425195118909,0.922905718287002,2.59e-11,31.2274,1511,3.7279587449826e-08,TRUE,""
ENSG00000110169,HPX,t2d,null,-0.0766749675789418,0.673716649749524,0.001326,9.143,5266,0.00490561124380055,TRUE,""
ENSG00000110171,TRIM3,cad,null,-0.0362110353566177,0.631617068944526,5.609e-13,17.2047,7262,3.36188100667141e-09,TRUE,""
ENSG00000110172,CHORDC1,cad,null,0.0156589616979052,0.880764615259515,2.353e-05,6.8634,3773,0.00197702667938543,TRUE,""
ENSG00000110200,ANAPC15,fbg,null,-0.00521833833676248,0.846529514964004,2.919e-08,10.2396,1341,8.33560582143325e-05,TRUE,""
ENSG00000110218,PANX1,cad,null,-0.0038819077390914,0.846972707794471,0.0001575,55.4384,4999,0.00288398239077026,TRUE,""
ENSG00000110237,ARHGEF17,t2d,grey,-0.0508810200284108,0.226402697791137,8.635e-25,53.9837,2176,4.33237199835285e-20,TRUE,""
ENSG00000110315,RNF141,cad,grey,-0.0309317030208963,0.440155991818408,6.257e-12,25.3203,7021,9.30056243561132e-09,TRUE,""
ENSG00000110315,RNF141,fbg,grey,-0.0147628582599732,0.49813992156856,0.004647,25.3203,2536,0.00469358098137057,TRUE,""
ENSG00000110321,EIF4G2,cad,null,0.0406878084501456,0.569608991540105,2.642e-05,12.6198,7165,0.00199950446247836,TRUE,""
ENSG00000110321,EIF4G2,fbg,null,0.00561211151036491,0.897332123936804,0.003856,12.6198,2710,0.0037527131752664,TRUE,""
ENSG00000110442,COMMD9,fbg,grey,-0.0680721018547693,0.330566734834094,0.0002573,9.3963,2393,0.00725122606904992,TRUE,""
ENSG00000110583,NAA40,fbg,null,-0.0103888135465397,0.802587348634153,0.004269,13.6357,1021,0.00389803420114336,TRUE,""
ENSG00000110619,CARS,fbg,grey,-0.0179214523036888,0.482241043015876,1.615e-05,25.8238,1718,0.00401263935972629,TRUE,""
ENSG00000110628,SLC22A18,fbg,null,0.00419689698161999,0.718016387438887,1.615e-05,45.123,1707,0.00363726075495421,TRUE,""
ENSG00000110660,SLC35F2,cad,grey,-0.0587727767932849,0.322841088056666,7.099e-08,26.2598,5253,0.000159331725399254,TRUE,""
ENSG00000110756,HPS5,t2d,grey,-0.0655554891937942,0.25707429868483,2.089e-20,41.6193,3970,6.98556094233912e-16,TRUE,""
ENSG00000110777,POU2AF1,fbg,grey,0.117964961931116,0.145795140951976,0.00149,7.2426,1835,0.0184976942541693,TRUE,""
ENSG00000110799,VWF,fbg,grey,-0.0177490912048177,0.21129954733371,0.0005969,39.8709,2068,0.00814295141852451,TRUE,""
ENSG00000110801,PSMD9,t2d,grey,0.0608285607443072,0.328695814040283,2.075e-09,22.3267,2018,0.00654832703834852,TRUE,""
ENSG00000110848,CD69,fbg,null,0.00957481479832931,0.791236045636806,0.002978,16.674,2024,0.00420795343908143,TRUE,""
ENSG00000110888,CAPRIN2,fbg,grey,-0.0549654073590341,0.0969144525334457,0.0004506,26.8299,2642,0.0381130464535963,TRUE,""
ENSG00000110917,MLEC,cad,grey,-0.0491962516608165,0.182422439451736,1.26e-18,25.0034,4373,3.98371392595074e-14,TRUE,""
ENSG00000110944,IL23A,t2d,null,-0.0730049492563897,0.808911841433943,0.0008094,8.2673,1287,0.00761703943555327,TRUE,""
ENSG00000110987,BCL7A,fbg,grey,-0.0320113164077672,0.175468950513596,5.182e-07,21.2647,992,0.00267934464290889,TRUE,""
ENSG00000111011,RSRC2,t2d,null,-0.0993193731958652,0.563991420617969,2.075e-09,8.0325,1820,1.24169049473137e-05,TRUE,""
ENSG00000111057,KRT18,fbg,grey,-0.0600007368316373,0.227862855875692,0.0008486,10.5509,2233,0.00885290137156902,TRUE,""
ENSG00000111057,KRT18,t2d,null,0.0760984954937839,0.550039358373048,2.338e-05,10.5509,3366,0.00425624022582348,TRUE,""
ENSG00000111057,KRT18,cad,null,-0.0600007368316373,0.515179699335958,9.28e-13,10.5509,4880,0.0040488546474841,TRUE,""
ENSG00000111087,GLI1,t2d,grey,-0.171801723884544,0.334902701099473,0.001463,8.3921,2082,0.00674261687258352,TRUE,""
ENSG00000111110,PPM1H,t2d,null,0.0172110923982372,0.742069580112409,0.0002986,26.7074,3631,0.0037628860718993,TRUE,""
ENSG00000111142,METAP2,fbg,grey,-0.0433660533159426,0.288008758003942,8.641e-06,20.8954,2210,0.00852557076599536,TRUE,""
ENSG00000111196,MAGOHB,t2d,null,0.00636710574496037,0.929393771944136,0.001554,13.1299,3553,0.00373383724794614,TRUE,""
ENSG00000111199,TRPV4,cad,null,-0.027345200928167,0.852849529869564,9.418e-13,14.8136,4118,0.0052607472468795,TRUE,""
ENSG00000111206,FOXM1,t2d,grey,-0.517062961815891,0.219581284193019,1.056e-05,5.1432,3510,0.00864389599868513,TRUE,""
ENSG00000111261,MANSC1,cad,null,-0.040801537498226,0.591554054889021,2.607e-05,19.1799,5143,0.00413617208459543,TRUE,""
ENSG00000111276,CDKN1B,cad,null,-0.0161609406581852,0.836518144383217,0.0003961,14.1681,5538,0.00297793138435811,TRUE,""
ENSG00000111291,GPRC5D,cad,grey,0.297410192147034,0.322657765163525,0.0003961,6.36,5532,0.0421590207077513,TRUE,""
ENSG00000111300,NAA25,t2d,grey,-0.151176412596584,0.214465658537411,0.002438,21.1804,1614,0.0137059749495069,TRUE,""
ENSG00000111341,MGP,fbg,grey,-0.0432939626402682,0.0607927235305228,0.002969,24.3295,1635,0.0219040430153717,TRUE,""
ENSG00000111341,MGP,t2d,null,0.00865879252805364,0.880764615259515,1.105e-05,24.3295,2638,0.00212198059337775,TRUE,""
ENSG00000111361,EIF2B1,fbg,grey,0.0177342700035189,0.251653892998616,0.002396,47.4199,1274,0.00967053259239938,TRUE,""
ENSG00000111361,EIF2B1,cad,null,0.0150929957476756,0.531971058097401,1.914e-18,47.4199,4352,0.000697682446767557,TRUE,""
ENSG00000111364,DDX55,cad,null,-0.0127453362145022,0.716129568855565,1.914e-18,53.7189,4324,0.000941487832096516,TRUE,""
ENSG00000111371,SLC38A1,fbg,grey,-0.0111215218634819,0.436700030722758,0.005155,49.4379,1595,0.0219158852508831,TRUE,""
ENSG00000111412,C12orf49,cad,null,0.0141062543452571,0.841480581121794,0.0002321,16.3179,4700,0.0028532287508794,TRUE,""
ENSG00000111424,VDR,t2d,grey,-0.0921509858870179,0.25991913524701,4.223e-06,15.7536,3472,0.00520395253086236,TRUE,""
ENSG00000111452,GPR133,fbg,null,-0.00796265697944873,0.796357116257739,0.0007478,22.9984,2393,0.00741899113250746,TRUE,""
ENSG00000111481,COPZ1,cad,null,-0.0334314946281373,0.796077407140949,9.28e-13,12.2235,4211,7.60968466587061e-09,TRUE,""
ENSG00000111530,CAND1,t2d,grey,0.213706479745573,0.147058519219297,1.555e-05,9.6443,3596,0.0102094862981051,TRUE,""
ENSG00000111537,IFNG,t2d,grey,0.116839962154923,0.403552128593073,1.555e-05,10.7602,3020,0.00494833151206702,TRUE,""
ENSG00000111581,NUP107,fbg,grey,-0.0105644656405976,0.361892593456348,9.756e-06,55.0435,2220,0.00341853640947845,TRUE,""
ENSG00000111581,NUP107,t2d,null,0.00886051956953344,0.762403879061464,3.605e-05,55.0435,3158,0.00391348837877505,TRUE,""
ENSG00000111602,TIMELESS,cad,grey,-0.128318566648212,0.226076999133729,4.918e-09,8.7715,2401,4.2388964637864e-05,TRUE,""
ENSG00000111639,MRPL51,fbg,grey,0.0252364278520969,0.34661443250305,0.0005969,22.4527,1702,0.00622945111325296,TRUE,""
ENSG00000111652,COPS7A,fbg,null,-0.03281788889339,0.757828704425004,0.0005969,19.8297,1561,0.0144719122374233,TRUE,""
ENSG00000111653,ING4,cad,grey,-0.574715191668866,0.19523810692556,6.152e-10,7.792,4661,4.49479692000168e-06,TRUE,""
ENSG00000111671,SPSB2,t2d,grey,0.0192838115634,0.227471985840123,1.523e-06,106.474,1783,0.00234705158588166,TRUE,""
ENSG00000111696,NT5DC3,cad,grey,-0.00997088853619412,0.391365938307552,5.441e-05,120.3672,5189,0.0143668133144289,TRUE,""
ENSG00000111711,GOLT1B,t2d,grey,0.0422638782532924,0.41325337549364,0.0005128,29.906,4073,0.00538893729541018,TRUE,""
ENSG00000111725,PRKAB1,fbg,grey,-0.0299492846546191,0.133614402537716,2.855e-06,55.1643,1682,0.0145861815259056,TRUE,""
ENSG00000111726,CMAS,fbg,grey,-0.124361595027914,0.450941606478325,3.892e-05,6.9768,2085,0.00948007929516458,TRUE,""
ENSG00000111726,CMAS,t2d,null,0.162431471056867,0.549752633008498,0.0001584,6.9768,3209,0.0057452772119032,TRUE,""
ENSG00000111729,CLEC4A,cad,null,0.0211166808992549,0.541749537207679,0.0003748,30.3246,4466,0.00310717749921385,TRUE,""
ENSG00000111729,CLEC4A,fbg,null,-0.0105583404496274,0.57377540363273,0.002978,30.3246,1438,0.00441643546529985,TRUE,""
ENSG00000111796,KLRB1,cad,null,0.0077715512187292,0.841480581121794,0.0003213,27.0732,5223,0.00261422909017097,TRUE,""
ENSG00000111837,MAK,t2d,grey,-0.0747429194325249,0.163662994494723,0.000239,27.6968,4294,0.00953142648004461,TRUE,""
ENSG00000111845,PAK1IP1,cad,null,-0.153803312764996,0.583871339518219,4.802e-07,11.094,6263,0.00248505077827627,TRUE,""
ENSG00000111859,NEDD9,cad,grey,0.0795050299152289,0.269045576986182,4.802e-07,18.7603,6278,0.00150208069456573,TRUE,""
ENSG00000111863,ADTRP,fbg,null,0.00816907353280995,0.585440934568927,0.0006067,20.0367,2514,0.00463992254473306,TRUE,""
ENSG00000111877,MCM9,fbg,null,-0.0164911897429621,0.583426134426407,0.0002128,16.7478,2118,0.00297659490779689,TRUE,""
ENSG00000111879,FAM184A,fbg,null,0.00647321703195144,0.922905718287002,0.0002128,8.234,2196,0.00267167468130353,TRUE,""
ENSG00000111880,RNGTT,fbg,grey,0.021468216324287,0.268560789652808,0.0002194,49.0736,1962,0.0107245591790257,TRUE,""
ENSG00000111913,FAM65B,t2d,null,0.0142667939395128,0.772461521733703,0.0001821,29.8869,5277,0.0037837459510536,TRUE,""
ENSG00000112039,FANCE,fbg,null,-0.0417760950647182,0.517593873457392,0.0004404,9.3235,1463,0.00505197613592196,TRUE,""
ENSG00000112110,MRPL18,cad,grey,0.0186632460870919,0.361219675214084,9.78e-154,63.3114,4757,1.72211366998663e-149,TRUE,""
ENSG00000112110,MRPL18,t2d,null,0.0148121000691206,0.606228877435744,3.129e-10,63.3114,3408,1.17785786822395e-06,TRUE,""
ENSG00000112164,GLP1R,t2d,grey,-0.173332265464567,0.414206356037342,5.703e-05,8.7882,4328,0.00643943743814547,TRUE,""
ENSG00000112167,SAYSD1,t2d,null,-0.0160465678331308,0.593278639087062,5.703e-05,70.6764,4304,0.00782883700567025,TRUE,""
ENSG00000112195,TREML2,fbg,null,-0.0210757081686799,0.757693806578563,0.001061,24.1705,2296,0.011317737287203,TRUE,""
ENSG00000112212,TSPO2,cad,grey,-0.164674546296014,0.401632246433539,0.0004178,5.1383,6322,0.00443218459780471,TRUE,""
ENSG00000112234,FBXL4,fbg,grey,-0.0436102953017707,0.189351486043285,7.4e-05,17.1422,1987,0.0089127784179512,TRUE,""
ENSG00000112242,E2F3,fbg,grey,0.067680430807972,0.141900610277981,3.27e-06,8.2918,2430,0.00326683155203913,TRUE,""
ENSG00000112249,ASCC3,fbg,grey,-0.0448222536697369,0.133614402537716,0.001236,21.3164,2038,0.0131531820409834,TRUE,""
ENSG00000112290,WASF1,t2d,null,0.0163041781312855,0.884352001477485,0.0001629,17.4337,3308,0.00511981984984018,TRUE,""
ENSG00000112290,WASF1,fbg,null,0.00407604453282137,0.925885085858511,0.0007885,17.4337,1743,0.00589394834653292,TRUE,""
ENSG00000112303,VNN2,fbg,null,0.00223735703689528,0.738882680363527,0.0009308,92.1967,2316,0.00385352344319615,TRUE,""
ENSG00000112304,ACOT13,cad,grey,-0.1011764331879,0.0722373977702367,3.212e-06,26.2479,7966,0.00798587504955659,TRUE,""
ENSG00000112306,RPS12,t2d,grey,-0.0481483244241661,0.299281841581513,0.0001051,13.6469,3339,0.00590558492462687,TRUE,""
ENSG00000112306,RPS12,cad,null,-0.00411022281669711,0.900523550339774,3.555e-31,13.6469,4856,6.57914118452881e-18,TRUE,""
ENSG00000112308,C6orf62,cad,grey,-0.0364335417199665,0.227862855875692,3.212e-06,53.3705,7938,0.00534665848027415,TRUE,""
ENSG00000112312,GMNN,fbg,null,0.0307218608308063,0.648014841940182,4.732e-05,12.1509,2782,0.00488360201578751,TRUE,""
ENSG00000112320,SOBP,fbg,null,0.012786568971533,0.836882810464227,0.0106,9.7446,1801,0.00419100559085193,TRUE,""
ENSG00000112406,HECA,fbg,grey,-0.170818031535778,0.311145900875411,0.004443,8.1893,1855,0.0157187695897545,TRUE,""
ENSG00000112414,GPR126,t2d,null,-0.0299358563728395,0.644412333769812,1.736e-07,24.8216,2425,0.000663681867560228,TRUE,""
ENSG00000112486,CCR6,fbg,grey,-0.0223435404323096,0.2870949517261,0.0007851,25.9113,2252,0.00604816167175919,TRUE,""
ENSG00000112531,QKI,t2d,null,0.0386809630932462,0.568935288733455,0.0003839,49.7639,3526,0.0323105597492429,TRUE,""
ENSG00000112561,TFEB,t2d,grey,0.408178188845482,0.0932355987798769,0.00762,6.1483,2913,0.0401599673166111,TRUE,""
ENSG00000112576,CCND3,t2d,null,0.0325398017914756,0.725951886841198,0.001409,18.597,2719,0.00475530333055512,TRUE,""
ENSG00000112651,MRPL2,t2d,null,-0.0133023045984801,0.846816577517806,1.129e-10,22.7041,2433,2.93496747742143e-07,TRUE,""
ENSG00000112651,MRPL2,fbg,null,0.00782488505792945,0.786952335429884,0.0001759,22.7041,1360,0.00477500113028898,TRUE,""
ENSG00000112655,PTK7,t2d,null,0.0705761622268802,0.515968304698277,1.129e-10,19.1304,2415,4.71523397090639e-07,TRUE,""
ENSG00000112659,CUL9,cad,grey,-0.190936540845159,0.0565637660910002,3.995e-12,13.2501,4696,1.88791537993872e-07,TRUE,""
ENSG00000112664,NUDT3,t2d,null,-0.00795771967455232,0.922280913575799,1.01e-06,10.9346,3498,0.000921205406666349,TRUE,""
ENSG00000112667,DNPH1,t2d,grey,0.0656058094423967,0.240822943140069,1.129e-10,40.8406,2366,5.35013529122061e-07,TRUE,""
ENSG00000112667,DNPH1,cad,grey,-0.0407933558712338,0.322273880262187,3.995e-12,40.8406,4689,1.01413080782267e-07,TRUE,""
ENSG00000112695,COX7A2,cad,grey,-0.118527868640764,0.440452945294225,4.58e-05,5.441,2334,0.00407489928352829,TRUE,""
ENSG00000112697,TMEM30A,fbg,null,-0.0254450657340957,0.539026540991256,6.208e-05,29.7665,1680,0.01101826155478,TRUE,""
ENSG00000112701,SENP6,fbg,null,0.00205536280277441,0.851268623688206,4.021e-05,51.9206,1620,0.00188344976899245,TRUE,""
ENSG00000112763,BTN2A1,cad,grey,0.0247351175039456,0.349754835984449,3.212e-06,63.1656,5647,0.00575298804846785,TRUE,""
ENSG00000112773,FAM46A,cad,grey,-0.215019008848509,0.0630051811899095,6.584e-10,10.8116,3501,0.00019110650227516,TRUE,""
ENSG00000112773,FAM46A,fbg,grey,-0.162893188521598,0.441756327424919,0.0008051,10.8116,2226,0.0223844117108488,TRUE,""
ENSG00000112851,ERBB2IP,cad,grey,-0.401592683571684,0.377749075883526,4.077e-05,9.43,3125,0.0154615568109943,TRUE,""
ENSG00000112855,HARS2,fbg,grey,0.0376266023612297,0.258884225947615,0.004014,14.7047,1152,0.00714483019122467,TRUE,""
ENSG00000112893,MAN2A1,t2d,grey,-0.211090849981504,0.0570519477960036,0.0002869,16.4611,3661,0.0258949191966259,TRUE,""
ENSG00000112902,SEMA5A,t2d,null,0.030061249887873,0.716129568855565,0.0008044,28.2289,4746,0.00624166273256873,TRUE,""
ENSG00000112941,PAPD7,cad,grey,0.103422746976385,0.489970760774582,1.26e-06,22.6465,7034,0.00338960491402614,TRUE,""
ENSG00000112992,NNT,fbg,null,-0.0156906309031062,0.508601444069052,0.006533,57.6811,1371,0.0227577781845446,TRUE,""
ENSG00000113083,LOX,cad,grey,-0.236918530614937,0.106519815751505,6.029e-08,6.8111,4414,0.000904705964006618,TRUE,""
ENSG00000113088,GZMK,t2d,null,0.0403773905350157,0.526791507814832,1.329e-11,21.9273,3189,4.03609227621361e-05,TRUE,""
ENSG00000113119,TMCO6,cad,null,0.0246894145988316,0.689156516779352,0.0001316,18.6473,2297,0.00333266163978107,TRUE,""
ENSG00000113141,IK,t2d,grey,0.0431338247877735,0.382435435138237,0.001143,28.1356,1419,0.00584661219589235,TRUE,""
ENSG00000113163,COL4A3BP,fbg,grey,0.0702122869281176,0.480261302753423,0.000167,8.3301,1782,0.00819493796529715,TRUE,""
ENSG00000113231,PDE8B,fbg,null,0.00336246233538565,0.846529514964004,7.201e-06,31.5971,2064,0.00301367645002808,TRUE,""
ENSG00000113240,CLK4,cad,grey,0.0244747373040897,0.317310507862914,1.556e-06,48.455,4519,0.00680462772581666,TRUE,""
ENSG00000113272,THG1L,cad,null,-0.00599461811411689,0.747427014162106,9.556e-06,56.5897,4834,0.00115648488327794,TRUE,""
ENSG00000113273,ARSB,fbg,grey,0.0278778574039901,0.0673594261587608,4.187e-05,44.3371,1808,0.0140530835557093,TRUE,""
ENSG00000113273,ARSB,t2d,null,0.021558876392419,0.569608991540106,4.465e-07,44.3371,2348,0.000336665322890753,TRUE,""
ENSG00000113300,CNOT6,fbg,grey,-0.0157669313689,0.261671589062945,0.001253,60.7286,1223,0.0109864632142637,TRUE,""
ENSG00000113300,CNOT6,cad,null,-0.0146202454511618,0.591376684626181,9.249e-06,60.7286,4596,0.00365620136166862,TRUE,""
ENSG00000113312,TTC1,cad,grey,0.630155517140127,0.345207856238078,2.428e-06,4.844,4161,0.0119569523502146,TRUE,""
ENSG00000113328,CCNG1,fbg,null,-0.0104808257443987,0.791236045636806,0.002125,14.5051,2077,0.00440192961079243,TRUE,""
ENSG00000113356,POLR3G,cad,grey,-0.11689932973641,0.0921409896538883,2.653e-05,11.9023,2546,0.00955071051405979,TRUE,""
ENSG00000113360,DROSHA,cad,grey,0.250101614194852,0.232163150234388,0.0002818,11.4833,6479,0.0135204334533804,TRUE,""
ENSG00000113368,LMNB1,fbg,grey,0.0120801219398771,0.457568175062507,0.009801,25.7044,2057,0.00547193620177113,TRUE,""
ENSG00000113391,FAM172A,fbg,grey,-0.102418462535717,0.0552802925860208,0.0001907,15.9888,1163,0.0346575745872081,TRUE,""
ENSG00000113391,FAM172A,t2d,null,0.00111324415799693,0.993001102381726,0.008466,15.9888,1161,0.00561651696114128,TRUE,""
ENSG00000113391,FAM172A,cad,null,-0.0345105688979047,0.708780828031886,4.923e-05,15.9888,1985,0.00437606143422271,TRUE,""
ENSG00000113520,IL4,cad,grey,0.126065539530139,0.135261661698483,4.741e-10,15.811,2552,9.25282222412249e-06,TRUE,""
ENSG00000113532,ST8SIA4,fbg,null,0.0214072712166355,0.508795560548104,0.002018,30.6602,1737,0.00869678789985559,TRUE,""
ENSG00000113645,WWC1,cad,null,0.0181262236620901,0.763258315125684,0.000216,24.0941,3760,0.00387611890342562,TRUE,""
ENSG00000113649,TCERG1,fbg,null,0.0117752450552597,0.827903407296463,0.00607,15.089,1907,0.00563821524914753,TRUE,""
ENSG00000113658,SMAD5,fbg,null,0.00988261912705911,0.504985075093846,0.000263,81.6843,2144,0.00400157651440884,TRUE,""
ENSG00000113712,CSNK1A1,cad,grey,0.292623917095322,0.150575972824847,0.0001121,5.5853,3922,0.0317522951195698,TRUE,""
ENSG00000113732,ATP6V0E1,fbg,grey,0.074056766314251,0.374062797490882,0.001533,9.5642,2252,0.00565032398438161,TRUE,""
ENSG00000113734,BNIP1,cad,null,0.00642488242867569,0.869175486772197,6.991e-06,38.7204,4491,0.00185776744125139,TRUE,""
ENSG00000113790,EHHADH,cad,null,0.0113905700091806,0.818301791692596,4.928e-07,26.159,4156,0.000494493194220468,TRUE,""
ENSG00000113810,SMC4,t2d,grey,-0.106433892066671,0.0858059695325732,0.003978,20.4919,2515,0.0162251180073079,TRUE,""
ENSG00000113810,SMC4,cad,null,-0.00555997943631862,0.900523550339774,0.0003685,20.4919,3993,0.00253552605072853,TRUE,""
ENSG00000113966,ARL6,cad,null,-0.034782168734501,0.906952677216038,0.0006772,4.6029,3891,0.0024670399591345,TRUE,""
ENSG00000114054,PCCB,t2d,grey,0.0280824251682524,0.305508842003805,5.423e-06,58.0694,1906,0.00717023082429423,TRUE,""
ENSG00000114054,PCCB,cad,grey,0.0257140278649059,0.190079208997743,6.082e-15,58.0694,2968,6.30862872758923e-11,TRUE,""
ENSG00000114124,GRK7,fbg,null,0.0622968872781512,0.617075077451974,0.0003712,7.0266,1275,0.00735931271117019,TRUE,""
ENSG00000114127,XRN1,fbg,grey,0.0394385638536714,0.410950433473448,0.0003712,16.6429,1467,0.0070607595169972,TRUE,""
ENSG00000114166,KAT2B,t2d,null,0.0174426908522157,0.802587348634153,0.0004801,24.2239,4071,0.00622263480971397,TRUE,""
ENSG00000114204,SERPINI2,cad,grey,0.224840531802727,0.156216911714423,0.000862,4.8186,4882,0.0116198503436423,TRUE,""
ENSG00000114209,PDCD10,t2d,null,-0.190238906277034,0.534460065197794,0.00189,7.6584,3003,0.0362984222370219,TRUE,""
ENSG00000114268,PFKFB4,t2d,grey,-0.263896304128643,0.133068778981113,0.0003915,23.8848,1343,0.0313060663282892,TRUE,""
ENSG00000114302,PRKAR2A,fbg,grey,0.110192398735073,0.0818590179576148,0.0001937,9.4285,644,0.0252297763830956,TRUE,""
ENSG00000114346,ECT2,t2d,grey,-0.446352779292517,0.190440080346436,7.135e-06,5.0339,2886,0.00619430177523278,TRUE,""
ENSG00000114353,GNAI2,t2d,null,-0.0565475184175634,0.84615250852728,9.597e-07,7.8029,1778,0.000664485574992302,TRUE,""
ENSG00000114354,TFG,t2d,null,-0.00407500644385599,0.845297478259299,0.001789,71.0428,2746,0.00408196007680995,TRUE,""
ENSG00000114383,TUSC2,fbg,grey,0.149519264471829,0.182422439451736,0.0001937,8.1705,832,0.0135126658619394,TRUE,""
ENSG00000114383,TUSC2,cad,null,-0.0186899080589786,0.926827757309102,1.813e-08,8.1705,3044,2.99818329157332e-05,TRUE,""
ENSG00000114388,NPRL2,fbg,grey,-0.11116981147078,0.182422439451736,0.0001937,5.1845,837,0.0238705287128858,TRUE,""
ENSG00000114388,NPRL2,t2d,null,-0.0355125786642769,0.861674945730405,9.597e-07,5.1845,1784,0.00189977918501163,TRUE,""
ENSG00000114388,NPRL2,cad,null,0.0138962264338475,0.926827757309102,1.813e-08,5.1845,3008,0.0218278919216636,TRUE,""
ENSG00000114416,FXR1,cad,grey,0.32589627863408,0.225792859826856,0.0009638,4.6972,3443,0.00716149100956508,TRUE,""
ENSG00000114450,GNB4,cad,null,-0.0433125963827659,0.557736487733999,0.0009638,13.6218,4412,0.00326526187354982,TRUE,""
ENSG00000114520,SNX4,t2d,null,-0.0462408324728914,0.766561943282691,3.841e-07,14.6005,4280,0.00144874251567814,TRUE,""
ENSG00000114626,ABTB1,fbg,grey,-0.0229382931468922,0.133614402537716,0.001693,54.3094,1601,0.00524384205721976,TRUE,""
ENSG00000114670,NEK11,fbg,grey,0.0239572858728123,0.239994715798025,0.0001062,34.8565,1955,0.0105674917650432,TRUE,""
ENSG00000114738,MAPKAPK3,t2d,grey,-0.0788261260761594,0.139995858302571,9.597e-07,43.7774,1575,0.00115825749509009,TRUE,""
ENSG00000114742,WDR48,t2d,null,0.0301933206325138,0.52504158951492,0.01192,81.2764,3862,0.00729252583756379,TRUE,""
ENSG00000114742,WDR48,fbg,null,-0.0024154656506011,0.904483147958832,0.002521,81.2764,1781,0.00443316804763423,TRUE,""
ENSG00000114770,ABCC5,fbg,null,-0.00443875298324979,0.583426134426407,0.001243,105.9776,1584,0.00486206401161425,TRUE,""
ENSG00000114784,EIF1B,cad,null,-0.0244366686337036,0.799312244990797,0.0007777,7.3288,4539,0.00285482252572083,TRUE,""
ENSG00000114796,KLHL24,fbg,grey,0.0104149054518152,0.345753978677278,0.004755,30.3717,1575,0.00654294729075996,TRUE,""
ENSG00000114812,VIPR1,cad,grey,-0.0259913400687352,0.325875180335662,0.000308,51.4247,4950,0.00278998375074374,TRUE,""
ENSG00000114850,SSR3,t2d,grey,-0.236423060277284,0.0582758625464502,1.097e-05,13.4014,3529,0.0211086634950806,TRUE,""
ENSG00000114853,ZBTB47,t2d,grey,0.0718430704860219,0.297071023255831,0.001514,27.5,3327,0.00890542759504713,TRUE,""
ENSG00000114857,NKTR,fbg,grey,-0.0174673391230693,0.329878332049875,0.002533,39.7505,1576,0.00766647017805695,TRUE,""
ENSG00000114867,EIF4G1,cad,grey,0.653176745000801,0.248090426466901,0.0001281,5.935,4636,0.0162431265589428,TRUE,""
ENSG00000114942,EEF1B2,cad,null,0.365265132166256,0.596215417784348,0.001357,6.4197,3031,0.0142827456641754,TRUE,""
ENSG00000114988,LMAN2L,t2d,grey,0.0543783265399816,0.455070833503663,0.0002378,20.0159,630,0.00505911858555934,TRUE,""
ENSG00000114993,RTKN,t2d,grey,-0.390504174204498,0.18453412974806,0.00275,6.2452,2536,0.0082826124898649,TRUE,""
ENSG00000114993,RTKN,cad,null,0.0848922117835866,0.681102669021842,4.265e-05,6.2452,3948,0.00615216249731508,TRUE,""
ENSG00000114999,TTL,t2d,null,0.00905648308996155,0.940637935030624,0.01131,13.7581,2127,0.00478637951256479,TRUE,""
ENSG00000115020,PIKFYVE,cad,grey,-0.155308817588244,0.370927779274681,0.0001627,5.8096,3093,0.00418594688179372,TRUE,""
ENSG00000115020,PIKFYVE,t2d,null,0.146173004788935,0.548506235500147,0.005677,5.8096,2115,0.0057742153331168,TRUE,""
ENSG00000115053,NCL,cad,grey,-0.0375634672080851,0.464193737713066,1.148e-06,33.4463,2968,0.00611807100750458,TRUE,""
ENSG00000115073,ACTR1B,fbg,grey,0.0344302528272606,0.163874902280053,0.001135,34.5733,911,0.0161468360044073,TRUE,""
ENSG00000115085,ZAP70,t2d,null,0.0269558296295775,0.581440340551453,0.00254,28.3946,1599,0.00423876692217286,TRUE,""
ENSG00000115091,ACTR3,t2d,grey,-0.288243691567251,0.222649850078507,0.01131,6.1953,2082,0.00865740267625095,TRUE,""
ENSG00000115109,EPB41L5,cad,grey,-0.0680774677190328,0.361892593456348,0.0003369,15.932,3010,0.0048585016097474,TRUE,""
ENSG00000115129,TP53I3,fbg,grey,-0.0161337740394001,0.284724000775703,0.001688,61.5756,1816,0.0229650988017209,TRUE,""
ENSG00000115129,TP53I3,cad,null,-0.00666395014670874,0.812268919201515,5.849e-07,61.5756,4884,0.00190410600124919,TRUE,""
ENSG00000115159,GPD2,t2d,grey,-0.0504255124445101,0.0722612976368425,2.73e-07,50.0351,1406,0.000831507926121687,TRUE,""
ENSG00000115165,CYTIP,cad,null,0.0491911192414733,0.582319373576693,0.0007724,19.2106,2748,0.0140785370545832,TRUE,""
ENSG00000115211,EIF2B4,cad,grey,-0.115588240438076,0.154713857286327,1.259e-05,10.4005,3445,0.00458514524359695,TRUE,""
ENSG00000115232,ITGA4,t2d,grey,-0.0290875966512497,0.192302646043489,0.000485,58.3796,1832,0.00689903676446173,TRUE,""
ENSG00000115274,INO80B,cad,grey,-0.0629703650716933,0.147416365905103,4.265e-05,29.7291,3979,0.00993474792741969,TRUE,""
ENSG00000115282,TTC31,fbg,null,0.0012439897126244,0.982270691196538,0.001765,14.3088,1782,0.00576107710685994,TRUE,""
ENSG00000115289,PCGF1,fbg,null,0.0104738741565981,0.956500594977862,0.001765,5.0984,1778,0.00767796041561321,TRUE,""
ENSG00000115306,SPTBN1,t2d,grey,0.0504234362617778,0.209277153800227,0.0001901,39.8152,4208,0.00810685357182364,TRUE,""
ENSG00000115306,SPTBN1,cad,grey,-0.0464074103648221,0.109598583399116,0.0003928,39.8152,5433,0.0104780057701928,TRUE,""
ENSG00000115307,AUP1,fbg,null,0.0236412271111387,0.877731041501716,0.001765,15.0075,1797,0.0120846687868923,TRUE,""
ENSG00000115325,DOK1,cad,null,-0.0667338361937126,0.687360954877516,4.265e-05,8.579,4116,0.00456474898593935,TRUE,""
ENSG00000115355,CCDC88A,cad,null,-0.0438121359616985,0.529209302890557,2.751e-05,22.71,5831,0.00447338809813963,TRUE,""
ENSG00000115364,MRPL19,fbg,grey,-0.0127098451588033,0.457568175062507,0.001421,36.346,2446,0.00552104245269412,TRUE,""
ENSG00000115364,MRPL19,t2d,null,0.00391072158732411,0.929170213978481,0.000191,36.346,4254,0.0041471833924995,TRUE,""
ENSG00000115414,FN1,cad,null,-0.0327943766360403,0.569379541379991,1.576e-13,17.6889,3147,1.85336007059241e-09,TRUE,""
ENSG00000115423,DNAH6,t2d,grey,0.0387341959397368,0.445761643145975,0.0042,27.8421,3114,0.00505052356375484,TRUE,""
ENSG00000115446,UNC50,t2d,null,-0.0364620345248913,0.526515990078957,0.0004319,27.7378,2247,0.00524519691388572,TRUE,""
ENSG00000115457,IGFBP2,fbg,grey,-0.0257158404705227,0.258632320510385,2.113e-05,41.4985,2112,0.0104605072108811,TRUE,""
ENSG00000115459,ELMOD3,cad,grey,-0.172619481061267,0.0576559045451202,1.813e-23,11.5336,4995,1.76052176539111e-19,TRUE,""
ENSG00000115486,GGCX,fbg,null,-0.00939489983611706,0.518822668670191,0.0003968,38.1601,1789,0.0048754884164796,TRUE,""
ENSG00000115504,EHBP1,t2d,grey,-0.224457973451207,0.456876475104975,0.003666,7.3751,2152,0.007687550771816,TRUE,""
ENSG00000115504,EHBP1,cad,null,-0.0458570053287413,0.8271246295057,7.631e-08,7.3751,3514,2.87647993474709e-05,TRUE,""
ENSG00000115524,SF3B1,t2d,grey,-0.06849964890014,0.495353925990435,0.001481,15.563,1329,0.00533466264398331,TRUE,""
ENSG00000115524,SF3B1,cad,grey,0.0662163272701354,0.333710695743566,0.0001891,15.563,1927,0.00407136821802656,TRUE,""
ENSG00000115541,HSPE1,fbg,null,0.00557650185829519,0.879569359634668,0.01852,9.6135,1300,0.00411868481252876,TRUE,""
ENSG00000115548,KDM3A,cad,grey,0.168983730805433,0.0639599374657294,2.558e-06,11.8813,3223,0.005629726973275,TRUE,""
ENSG00000115592,PRKAG3,t2d,null,0.00110908537905126,0.989218104362429,0.0002965,15.4355,1212,0.00376838387545169,TRUE,""
ENSG00000115594,IL1R1,cad,grey,-0.0929198406867484,0.280142180177538,2.001e-05,15.5166,3603,0.00452237193197029,TRUE,""
ENSG00000115604,IL18R1,cad,grey,-0.0481679163677121,0.0697455978421307,2.374e-05,39.2037,3538,0.0110499720858446,TRUE,""
ENSG00000115641,FHL2,fbg,null,0.0170830020906606,0.550497415772856,0.002882,41.4619,2210,0.00941806988218784,TRUE,""
ENSG00000115649,CNPPD1,t2d,grey,0.0482401012045135,0.432564901882938,0.0002965,20.2974,1680,0.0054164793879737,TRUE,""
ENSG00000115649,CNPPD1,fbg,grey,-0.0202297198599573,0.401632246433539,0.01315,20.2974,1463,0.00535616567429586,TRUE,""
ENSG00000115652,UXS1,fbg,null,-0.0534157105030891,0.504985075093846,0.0002143,11.33,2403,0.00726663092291007,TRUE,""
ENSG00000115677,HDLBP,t2d,null,-0.0288163493907875,0.764177155622095,0.002019,18.4969,520,0.00512187873410665,TRUE,""
ENSG00000115761,NOL10,cad,grey,-0.209682169313368,0.0830364393775582,0.0003259,8.8286,6756,0.00738774572638211,TRUE,""
ENSG00000115808,STRN,t2d,grey,-0.0908343069284463,0.403624905908326,8.957e-06,14.8134,4062,0.0042030162322591,TRUE,""
ENSG00000115825,PRKD3,t2d,null,0.00974968668743797,0.78331623830721,8.957e-06,40.0918,4444,0.00280845818683975,TRUE,""
ENSG00000115840,SLC25A12,t2d,grey,-0.0625760361155926,0.295571646211033,8.156e-05,23.0343,2445,0.00683292912032612,TRUE,""
ENSG00000115841,RMDN2,t2d,null,0.0792466265365226,0.521324964955585,0.0002724,11.9331,4067,0.00484928378322949,TRUE,""
ENSG00000115944,COX7A2L,t2d,null,0.0111572580407675,0.723016370575763,6.687e-28,41.9768,4223,7.3167996442476e-23,TRUE,""
ENSG00000115956,PLEK,t2d,null,0.00619791324133735,0.829619285835578,7.086e-05,57.9876,3933,0.0038509794093177,TRUE,""
ENSG00000115970,THADA,cad,grey,-0.588310369666671,0.121714042693831,1.838e-18,9.3739,5754,1.2378889747406e-13,TRUE,""
ENSG00000116031,CD207,cad,grey,-0.0835348393254852,0.317310507862914,1.22e-06,12.572,5486,0.000890751821389445,TRUE,""
ENSG00000116044,NFE2L2,t2d,null,-0.112616110200443,0.62103640787888,0.0002032,6.9546,2565,0.00440616591312072,TRUE,""
ENSG00000116120,FARSB,fbg,grey,0.0322201693187791,0.377585975474249,0.003887,15.0932,2028,0.00603327126045395,TRUE,""
ENSG00000116120,FARSB,t2d,null,0.0375901975385757,0.684025068807011,0.002148,15.0932,2408,0.00450029976418767,TRUE,""
ENSG00000116198,CEP104,t2d,null,-0.0226619466111617,0.523888659409192,0.002706,94.2134,2814,0.0071174462191818,TRUE,""
ENSG00000116199,FAM20B,fbg,grey,-0.0341986332772963,0.169131444702671,0.00103,22.9015,1637,0.00998672810310076,TRUE,""
ENSG00000116205,TCEANC2,fbg,null,0.0781074677057949,0.542966417403574,0.002695,14.0484,1892,0.016712536639126,TRUE,""
ENSG00000116209,TMEM59,cad,null,0.140806191032827,0.614369491663113,1.855e-22,13.0107,4719,6.06116199055064e-18,TRUE,""
ENSG00000116212,LRRC42,fbg,null,-0.00700901776328979,0.886403006367064,0.002695,15.0629,1920,0.00503716497068454,TRUE,""
ENSG00000116213,WRAP73,fbg,null,0.00535774526657568,0.711706471507654,0.0005946,46.4078,1934,0.00571023040819402,TRUE,""
ENSG00000116221,MRPL37,fbg,null,0.00131512028785326,0.96455013508576,0.002695,24.5712,1816,0.00550778781853757,TRUE,""
ENSG00000116237,ICMT,fbg,grey,-0.0408963594572004,0.409371590694505,0.004622,37.6324,1896,0.0195923742774933,TRUE,""
ENSG00000116299,KIAA1324,cad,null,0.00625632618249548,0.7325223685108,3.634e-58,150.1966,3545,1.03964841643224e-52,TRUE,""
ENSG00000116353,MECR,t2d,null,0.00842492781391662,0.971305304800452,7.602e-06,10.5447,2363,0.00463266154373515,TRUE,""
ENSG00000116478,HDAC1,fbg,null,0.17765601046189,0.617075077451974,0.002438,7.8941,941,0.0327187759169285,TRUE,""
ENSG00000116489,CAPZA1,t2d,grey,0.175514803962207,0.243345009148762,1.834e-06,7.1444,1955,0.00728843287788685,TRUE,""
ENSG00000116497,S100PBP,cad,grey,0.0508983072833958,0.0636192624279565,7.588e-05,41.7592,2919,0.0146912886304578,TRUE,""
ENSG00000116514,RNF19B,cad,grey,0.0966336282086769,0.293007714239339,7.588e-05,18.6522,3123,0.00880640546933619,TRUE,""
ENSG00000116574,RHOU,t2d,grey,0.0401193193729089,0.375576602091406,1.864e-09,28.3544,2581,1.93895110020482e-05,TRUE,""
ENSG00000116574,RHOU,cad,grey,0.0338148549000232,0.30903861569102,3.954e-07,28.3544,4313,0.00127425763131526,TRUE,""
ENSG00000116584,ARHGEF2,cad,null,-0.0242937561526644,0.898724545227828,6.393e-05,6.8819,3075,0.00430795481438742,TRUE,""
ENSG00000116641,DOCK7,fbg,null,0.00351052327880779,0.855725415320072,0.004391,30.3199,1839,0.00402395616798763,TRUE,""
ENSG00000116649,SRM,cad,grey,0.544242273338154,0.351271052638159,7.382e-08,6.1386,5346,0.000660850023540997,TRUE,""
ENSG00000116661,FBXO2,fbg,null,-0.00276474732933801,0.827287450832149,0.002302,49.6758,1268,0.0064929007451065,TRUE,""
ENSG00000116663,FBXO6,cad,grey,0.0407462857935282,0.286122384391018,7.382e-08,23.8849,5201,0.000209202645871998,TRUE,""
ENSG00000116667,C1orf21,t2d,grey,0.209671595135394,0.124518154058014,0.0003655,12.5491,3125,0.0144796692269278,TRUE,""
ENSG00000116685,KIAA2013,t2d,grey,0.0190239666226109,0.163662994494723,0.000302,52.765,2312,0.0152069109264148,TRUE,""
ENSG00000116688,MFN2,cad,null,0.00754790044376137,0.610912097082934,7.382e-08,140.8936,4875,0.000466913244391174,TRUE,""
ENSG00000116691,MIIP,cad,grey,0.0931308307542092,0.110379162671558,7.382e-08,17.3339,4791,0.000466864428753986,TRUE,""
ENSG00000116701,NCF2,t2d,grey,-0.108921541759671,0.15627208493238,0.0003655,18.2681,3505,0.0110385050873822,TRUE,""
ENSG00000116704,SLC35D1,t2d,grey,-0.0259156171699577,0.359317338329571,0.0001849,30.415,3313,0.00480633825882746,TRUE,""
ENSG00000116704,SLC35D1,cad,null,0.00903119992286404,0.686573982946944,0.0002924,30.415,4335,0.00291304740823151,TRUE,""
ENSG00000116704,SLC35D1,fbg,null,0.00746055645801812,0.564779052623049,0.0001146,30.415,2216,0.00442880122980701,TRUE,""
ENSG00000116711,PLA2G4A,t2d,grey,0.0516500441920747,0.488744120386507,0.0007202,18.5121,3894,0.00449341623334143,TRUE,""
ENSG00000116729,WLS,t2d,null,0.0092384746129322,0.773839501564727,0.0006921,79.2477,2809,0.0625264234654084,TRUE,""
ENSG00000116750,UCHL5,fbg,grey,0.122387128745255,0.078959278765636,0.002174,9.3412,1648,0.0204521836960605,TRUE,""
ENSG00000116786,PLEKHM2,t2d,grey,0.112030642329191,0.0524983683203137,1.768e-05,25.0855,2649,0.0129425654594627,TRUE,""
ENSG00000116830,TTF2,cad,null,0.00177776091095746,0.978866456824227,6.759e-05,66.1233,3661,0.00883394905205035,TRUE,""
ENSG00000116883,AL591845.1,fbg,null,0.0050811036048614,0.617075077451974,0.0008783,30.2673,1215,0.0046312888354419,TRUE,""
ENSG00000116885,OSCP1,cad,null,-0.0454713834248417,0.515692221611729,1.534e-07,15.2151,3435,0.00180494156159541,TRUE,""
ENSG00000116898,MRPS15,t2d,grey,-0.100678733031674,0.461218374590665,0.0005004,17.3264,2166,0.00768280950180298,TRUE,""
ENSG00000116898,MRPS15,fbg,grey,-0.0400660264105642,0.461822562879907,0.0008783,17.3264,1225,0.00881966283073427,TRUE,""
ENSG00000116906,GNPAT,cad,grey,-0.0495467133801605,0.22463863892378,2.371e-06,24.4287,5827,0.00373605765655275,TRUE,""
ENSG00000116906,GNPAT,fbg,null,0.0123866783450401,0.583426134426407,0.001787,24.4287,2229,0.00427652628663819,TRUE,""
ENSG00000116918,TSNAX,cad,null,-0.0458403871070729,0.595245548732816,2.371e-06,12.7558,5770,0.00220697550838453,TRUE,""
ENSG00000116922,C1orf109,t2d,grey,-0.0737937896377457,0.236228639816427,2.082e-11,29.2883,2501,0.00869923426958914,TRUE,""
ENSG00000116962,NID1,cad,grey,-0.15006493508238,0.0770415228287819,3.923e-05,14.299,5641,0.0101810667769203,TRUE,""
ENSG00000116962,NID1,t2d,null,-0.0123004045149492,0.916166996259808,1.456e-05,14.299,3868,0.00122389163590206,TRUE,""
ENSG00000116977,LGALS8,t2d,null,-0.0401173473016415,0.544292426754408,1.456e-05,58.9439,3971,0.0034004497228149,TRUE,""
ENSG00000116990,MYCL1,fbg,grey,0.074509486015028,0.220271518788167,0.0002863,8.2677,1308,0.00721841093762416,TRUE,""
ENSG00000116990,MYCL1,t2d,null,-0.0137254316343473,0.929393771944136,7.658e-14,8.2677,2318,1.95627775465777e-10,TRUE,""
ENSG00000116991,SIPA1L2,t2d,null,0.00768235244729867,0.818934466742529,0.0001878,50.3215,4129,0.00513653614291325,TRUE,""
ENSG00000117009,KMO,cad,grey,-0.150713255564415,0.141507953339139,0.0003007,26.0308,6177,0.0194144233299016,TRUE,""
ENSG00000117013,KCNQ4,fbg,null,-0.0281425975766108,0.753304047285912,0.002092,6.3324,1649,0.00500460651595845,TRUE,""
ENSG00000117020,AKT3,t2d,null,0.0131007870091054,0.924523853799985,0.006484,12.1454,2024,0.00464540767081014,TRUE,""
ENSG00000117036,ETV3,cad,grey,-0.34697929194029,0.0537840888623983,5.535e-05,5.5024,5395,0.0170408986599303,TRUE,""
ENSG00000117054,ACADM,t2d,null,0.00260860094159806,0.943725473930833,9.531e-05,41.5554,3692,0.00346579905341819,TRUE,""
ENSG00000117090,SLAMF1,cad,null,0.0196807278394373,0.726338697648762,2.348e-05,18.9932,5145,0.00280900599948991,TRUE,""
ENSG00000117091,CD48,fbg,grey,0.015319035829315,0.489894777830357,0.003296,32.9829,1643,0.00629412158751458,TRUE,""
ENSG00000117115,PADI2,t2d,null,0.00201064147421323,0.943725473930833,0.0006923,119.418,2275,0.00889557481984104,TRUE,""
ENSG00000117143,UAP1,t2d,null,-0.0354260748420848,0.594971496951515,0.0004229,21.1031,4601,0.00437890091880399,TRUE,""
ENSG00000117151,CTBS,t2d,null,0.0142974189240076,0.834212236432498,1.942e-05,33.5534,3144,0.00390195743902699,TRUE,""
ENSG00000117153,KLHL12,cad,null,-0.0421958904651309,0.555362566713577,1.097e-10,27.4597,4851,1.27657139788357e-05,TRUE,""
ENSG00000117155,SSX2IP,t2d,grey,0.0978517011407323,0.384538052996623,7.252e-05,21.7893,3198,0.009107141971734,TRUE,""
ENSG00000117222,RBBP5,fbg,grey,0.119444741414833,0.169131444702671,0.004246,6.81,2131,0.00950844290081273,TRUE,""
ENSG00000117228,GBP1,fbg,grey,-0.0847380000206906,0.276491247419954,0.002997,7.7459,1623,0.00739988483110086,TRUE,""
ENSG00000117245,KIF17,fbg,grey,0.0839721190646466,0.236329736314398,1.131e-05,9.3928,1755,0.00735572454142858,TRUE,""
ENSG00000117298,ECE1,cad,grey,0.0497740635639941,0.0596552087936773,2.942e-05,36.4601,5108,0.00749222351328753,TRUE,""
ENSG00000117305,HMGCL,t2d,null,0.00464411260820623,0.9655696322607,0.003197,22.9187,2045,0.00673158534816989,TRUE,""
ENSG00000117362,APH1A,t2d,null,-0.0391809060736759,0.846741794556795,9.493e-06,6.294,1674,0.00336086674436374,TRUE,""
ENSG00000117408,IPO13,t2d,grey,-0.305554340695386,0.219987070960781,0.0007634,9.146,2060,0.0154187329394879,TRUE,""
ENSG00000117450,PRDX1,cad,grey,0.113321304392883,0.0775123311092524,1.755e-05,26.9402,2926,0.0184667683412244,TRUE,""
ENSG00000117480,FAAH,t2d,grey,0.0501250945537636,0.126162397742482,0.0006121,42.365,2219,0.0134454367130714,TRUE,""
ENSG00000117481,NSUN4,t2d,grey,0.0276720687269705,0.126162397742482,0.0006121,83.1036,2217,0.0185910488099094,TRUE,""
ENSG00000117500,TMED5,cad,grey,0.0382216085500314,0.169648744527835,0.0001951,55.1583,3677,0.00275841203229996,TRUE,""
ENSG00000117500,TMED5,fbg,grey,-0.0204095967985604,0.169131444702671,0.001528,55.1583,1490,0.00783244308650759,TRUE,""
ENSG00000117505,DR1,fbg,grey,0.012056601754393,0.200105868954852,0.001528,62.4301,1490,0.00727877840245095,TRUE,""
ENSG00000117528,ABCD3,cad,grey,-0.0336217514866326,0.206532441214479,7.782e-05,38.1419,4389,0.00539432938715075,TRUE,""
ENSG00000117528,ABCD3,fbg,grey,-0.015876938202021,0.272740113942453,0.0001114,38.1419,1849,0.00621149782355347,TRUE,""
ENSG00000117533,VAMP4,fbg,grey,0.0270474415314679,0.441756327424919,0.0009163,19.6763,1902,0.00633176675390356,TRUE,""
ENSG00000117569,PTBP2,t2d,grey,0.0562238906373111,0.05019091187903,9.474e-05,44.7415,2633,0.0170778275351878,TRUE,""
ENSG00000117586,TNFSF4,fbg,null,0.00581190126199004,0.732271676747657,0.0009562,39.6076,1239,0.0048958079349285,TRUE,""
ENSG00000117592,PRDX6,fbg,null,0.00768125142260886,0.726338697648762,0.002546,32.3837,1068,0.00523139557359958,TRUE,""
ENSG00000117601,SERPINC1,t2d,null,0.0341570680805294,0.558301743578421,0.002015,34.873,2636,0.00667983435885039,TRUE,""
ENSG00000117602,RCAN3,t2d,grey,-0.172288058286085,0.469746505385684,0.005098,12.3812,1999,0.0104142015490647,TRUE,""
ENSG00000117620,SLC35A3,t2d,null,0.0710287852594989,0.800781017520292,0.002178,6.6763,2830,0.00534199893692899,TRUE,""
ENSG00000117632,STMN1,fbg,null,0.0166676586021885,0.626131140669092,0.008789,18.5543,1173,0.00534403969575406,TRUE,""
ENSG00000117643,MAN1C1,cad,grey,-0.0751748916270672,0.366406064176293,8.928e-06,11.9716,3211,0.0031645192266688,TRUE,""
ENSG00000117682,DHDDS,fbg,grey,0.0786313762780223,0.0850292707808799,0.008789,13.9498,969,0.018659134899004,TRUE,""
ENSG00000117748,RPA2,fbg,null,-0.0148329722627569,0.751496544187975,1.967e-05,42.8796,789,0.0150145774673526,TRUE,""
ENSG00000117791,MARC2,t2d,grey,-0.137217507213632,0.203662329206729,0.0001163,9.9405,3631,0.0122335409647454,TRUE,""
ENSG00000117791,MARC2,fbg,null,0.0146365341027874,0.716129568855565,0.0007661,9.9405,1854,0.00556147741787722,TRUE,""
ENSG00000117877,CD3EAP,fbg,grey,0.0458443017673089,0.415671596774975,2.253e-05,12.363,1236,0.0103974950789991,TRUE,""
ENSG00000117899,MESDC2,fbg,grey,0.0940104376471431,0.140212543422446,0.0001816,11.1711,1711,0.014548667100934,TRUE,""
ENSG00000117899,MESDC2,cad,null,0.0254943559721066,0.824140895741885,8.309e-06,11.1711,4423,0.00250312717061598,TRUE,""
ENSG00000118004,COLEC11,cad,grey,-0.125877858395118,0.130695828772137,5.717e-05,18.1787,6946,0.0116495214554952,TRUE,""
ENSG00000118004,COLEC11,fbg,grey,-0.0548941036610287,0.291633261467857,0.001611,18.1787,2177,0.0112463498729208,TRUE,""
ENSG00000118046,STK11,fbg,null,-0.0176172142231259,0.504985075093846,0.008906,27.1023,1019,0.00664663467284673,TRUE,""
ENSG00000118096,IFT46,cad,null,-0.0449947074343432,0.538300749018723,2.875e-07,18.9889,4717,0.000164704010669626,TRUE,""
ENSG00000118181,RPS25,t2d,grey,-0.13288237387269,0.100734254030027,0.0001065,13.5306,2816,0.0159435475864883,TRUE,""
ENSG00000118181,RPS25,fbg,grey,0.0272804873513469,0.37577150825113,0.0005425,13.5306,1611,0.00639572359881654,TRUE,""
ENSG00000118197,DDX59,t2d,null,-0.0146661403544222,0.555362566713577,1.129e-06,85.1161,4505,0.0014506564100691,TRUE,""
ENSG00000118200,CAMSAP2,t2d,null,-0.0199346216874735,0.736316907265577,1.129e-06,26.5331,4415,0.00116700919372592,TRUE,""
ENSG00000118242,MREG,cad,grey,-0.119941287481652,0.378125201477686,1.555e-12,6.6766,3132,0.00502708920755011,TRUE,""
ENSG00000118260,CREB1,cad,null,-0.0469942350381366,0.594971496951515,0.0002105,15.6098,2795,0.00437257093682323,TRUE,""
ENSG00000118276,B4GALT6,cad,grey,-0.06340378837061,0.276719045612457,9.347e-06,17.4059,,,FALSE,对齐后仅 0 变异(<10)
ENSG00000118276,B4GALT6,fbg,null,0.0122717009749568,0.745692505957826,0.0006893,17.4059,2007,0.00500210402795966,TRUE,""
ENSG00000118298,CA14,t2d,null,-0.0164089282788428,0.872080051331918,9.493e-06,8.1819,1669,0.00300999645450745,TRUE,""
ENSG00000118363,SPCS2,cad,grey,0.0913708984386249,0.129734038294669,4.758e-11,10.4878,3957,9.08492496253101e-07,TRUE,""
ENSG00000118369,USP35,fbg,grey,0.0179027031203334,0.450187758755607,0.002656,31.6243,1730,0.00694851495094481,TRUE,""
ENSG00000118412,CASP8AP2,t2d,grey,0.278466622502546,0.166170104682876,0.0005075,6.9478,2383,0.0137396289369852,TRUE,""
ENSG00000118418,HMGN3,t2d,null,0.0115894018273323,0.945640900275557,0.0003272,13.7508,2833,0.00600556899159472,TRUE,""
ENSG00000118418,HMGN3,fbg,null,0.00772626788488818,0.918998838261879,0.002846,13.7508,2077,0.00713779355569175,TRUE,""
ENSG00000118454,ANKRD13C,t2d,null,-0.0520677668208253,0.637934810590957,0.0002827,21.7639,2611,0.00695205021460713,TRUE,""
ENSG00000118503,TNFAIP3,cad,null,0.00256133178388165,0.986244051172096,0.0004451,6.9494,5088,0.00269840111377429,TRUE,""
ENSG00000118596,SLC16A7,t2d,grey,-0.119895250262028,0.219349055206153,0.0001033,15.2628,2935,0.00706535506924733,TRUE,""
ENSG00000118596,SLC16A7,fbg,grey,0.0275865177594047,0.47015786285767,0.003834,15.2628,1873,0.00562620449600865,TRUE,""
ENSG00000118600,TMEM5,cad,null,-0.00256875435671235,0.983882216327235,0.0008048,13.3425,4217,0.00461400806694649,TRUE,""
ENSG00000118690,ARMC2,fbg,grey,-0.0274106572533044,0.461218374590665,0.002094,18.1212,1592,0.00771411608129208,TRUE,""
ENSG00000118777,ABCG2,cad,grey,-0.0786681628119879,0.0635360328732522,0.00124,34.8451,2740,0.021438054827262,TRUE,""
ENSG00000118985,ELL2,cad,null,-0.0214145960500932,0.71066155832599,0.000782,12.8265,3093,0.00301184915674279,TRUE,""
ENSG00000119013,NDUFB3,cad,grey,-0.11666318738081,0.449403260550449,1.652e-32,5.4224,2565,0.00678346786935483,TRUE,""
ENSG00000119048,UBE2B,fbg,grey,0.0385690723159155,0.291633261467857,0.000263,17.9595,1694,0.0120217792707525,TRUE,""
ENSG00000119138,KLF9,t2d,null,-0.0301863903299087,0.676150737063755,0.0002413,19.2687,,,FALSE,对齐后仅 0 变异(<10)
ENSG00000119231,SENP5,cad,grey,-0.0807351370507594,0.283976771750912,0.0001971,12.1228,5034,0.00414919736855445,TRUE,""
ENSG00000119280,C1orf198,t2d,null,0.0259347350792987,0.707660466654552,0.001218,26.7173,3989,0.00594221566877854,TRUE,""
ENSG00000119314,PTBP3,t2d,null,-0.0267412256034838,0.612510247035846,1.578e-05,23.3188,,,FALSE,对齐后仅 0 变异(<10)
ENSG00000119326,CTNNAL1,t2d,grey,0.139746627611042,0.105024557082998,1.676e-05,49.9523,,,FALSE,对齐后仅 0 变异(<10)
ENSG00000119326,CTNNAL1,cad,grey,0.0587492041449406,0.363560170988166,3.361e-05,49.9523,,,FALSE,对齐后仅 0 变异(<10)
ENSG00000119402,FBXW2,t2d,grey,0.168117510603912,0.109598583399116,6.202e-07,13.4088,,,FALSE,对齐后仅 0 变异(<10)
ENSG00000119411,BSPRY,fbg,grey,0.0122834189542524,0.46845203042539,0.0008985,38.2095,2394,0.00577316717913558,TRUE,""
ENSG00000119421,NDUFA8,t2d,null,-0.0285156872649915,0.846816577517806,0.0003768,19.4071,,,FALSE,对齐后仅 0 变异(<10)
ENSG00000119421,NDUFA8,cad,null,-0.0419348342132228,0.676922239021379,0.0002433,19.4071,,,FALSE,对齐后仅 0 变异(<10)
ENSG00000119431,HDHD3,cad,grey,-0.0154197680921733,0.483927304446146,8.979e-06,56.7297,,,FALSE,对齐后仅 0 变异(<10)
ENSG00000119535,CSF3R,fbg,grey,-0.199171165073321,0.391365938307552,0.0008783,13.2746,1222,0.033799155758823,TRUE,""
ENSG00000119541,VPS4B,cad,null,0.0313079892180368,0.882967750148843,2.018e-08,15.2502,,,FALSE,对齐后仅 0 变异(<10)
ENSG00000119599,DCAF4,t2d,grey,0.0471417512121583,0.143604244350832,0.002454,85.2357,2927,0.00506192541427105,TRUE,""
ENSG00000119599,DCAF4,fbg,null,0.00765549806009408,0.539940330191881,0.001969,85.2357,2231,0.00601985747662125,TRUE,""
ENSG00000119616,FCF1,fbg,grey,0.0654701864578754,0.266520525805011,0.001852,10.8315,1504,0.00809486579279307,TRUE,""
ENSG00000119638,NEK9,cad,null,0.156159045698876,0.632926430816655,3.601e-10,6.9894,3459,0.00401754286662592,TRUE,""
ENSG00000119661,DNAL1,cad,grey,0.626677062313773,0.226919071737479,3.601e-10,5.2899,4209,0.0151920613155844,TRUE,""
ENSG00000119669,IRF2BPL,cad,grey,-0.0162564053243528,0.49041106256261,0.001446,54.4701,5105,0.00557937532505272,TRUE,""
ENSG00000119686,FLVCR2,t2d,grey,-0.0588258161123801,0.0963281804267246,1.085e-05,43.5309,2504,0.0120003110996413,TRUE,""
ENSG00000119686,FLVCR2,fbg,grey,-0.0230533603683652,0.097490596202208,0.0001049,43.5309,1655,0.0131664072145648,TRUE,""
ENSG00000119711,ALDH6A1,t2d,grey,0.205344856687879,0.390708428304394,0.001504,8.8238,2575,0.00892809423057134,TRUE,""
ENSG00000119725,ZNF410,cad,null,0.00556278175364875,0.962466345019474,3.601e-10,12.7759,4042,0.000117965546178608,TRUE,""
ENSG00000119771,KLHL29,cad,null,-0.0131936933921477,0.888382767911091,2.86e-05,10.5898,5105,0.00143692315339919,TRUE,""
ENSG00000119782,FKBP1B,t2d,grey,-0.144860054819394,0.103457350923547,9.752e-05,12.1753,3433,0.0174359898601364,TRUE,""
ENSG00000119812,FAM98A,fbg,grey,0.0936165755309948,0.303681109722319,0.0005319,6.8324,2554,0.00696221836792312,TRUE,""
ENSG00000119865,CNRIP1,t2d,grey,0.0491772764962615,0.430989228420108,7.086e-05,20.7345,4079,0.00415642166020717,TRUE,""
ENSG00000119899,SLC17A5,t2d,grey,-0.358335337785482,0.0611220569867849,0.0037,13.2793,3020,0.0390125017470908,TRUE,""
ENSG00000119899,SLC17A5,fbg,grey,0.0743484884520899,0.317310507862914,0.001248,13.2793,1909,0.0111762137595277,TRUE,""
ENSG00000119917,IFIT3,fbg,null,0.0187500208741355,0.651547872829126,0.001244,13.2663,2503,0.00406701260789364,TRUE,""
ENSG00000119929,CUTC,cad,null,0.0459243042088193,0.931079698040794,0.0002298,5.8289,475,0.000206345288059068,TRUE,""
ENSG00000119950,MXI1,t2d,grey,0.0703666191820008,0.114813225892495,0,31.0557,382,0.010993314851101,TRUE,""
ENSG00000119950,MXI1,fbg,null,0.00228834533925206,0.897332123936804,1.885e-10,31.0557,1923,1.08798058275176e-07,TRUE,""
ENSG00000119953,SMNDC1,t2d,null,-0.0504084180831213,0.704133350204302,0,10.5928,441,0.0116257912585466,TRUE,""
ENSG00000119953,SMNDC1,fbg,null,-0.011761964219395,0.821351959007176,1.035e-10,10.5928,1920,3.38371337792448e-08,TRUE,""
ENSG00000119977,TCTN3,t2d,grey,-0.0822299879867734,0.299249813784921,1.105e-06,36.2424,470,0.000142264360856641,TRUE,""
ENSG00000119986,AVPI1,fbg,null,0.0581247853066265,0.627949198524385,0.0001258,19.1803,1781,0.0167573340569654,TRUE,""
ENSG00000120008,WDR11,fbg,null,-0.00070171994462137,0.927564826606211,2.747e-05,89.347,2442,0.00388830423435827,TRUE,""
ENSG00000120029,C10orf76,cad,null,0.0737447340159399,0.544316081393424,4.67e-15,17.6188,615,0.0434563382653506,TRUE,""
ENSG00000120051,CCDC147,fbg,grey,0.0246416794723238,0.492893296439634,0.002123,15.6871,1962,0.00509985989765255,TRUE,""
ENSG00000120057,SFRP5,fbg,null,0.0244642876810267,0.531971058097401,0.0001258,12.2043,1822,0.00592108502235955,TRUE,""
ENSG00000120137,PANK3,t2d,grey,-0.25211464184008,0.113157673718767,0.0001494,10.2351,2509,0.0229144541070956,TRUE,""
ENSG00000120156,TEK,fbg,grey,-0.0142985321319296,0.372450881005206,6.168e-05,58.5863,2771,0.0118814011126697,TRUE,""
ENSG00000120159,CAAP1,t2d,null,0.0759277706443023,0.63017433816751,0.0008722,8.1065,4574,0.00425769537352127,TRUE,""
ENSG00000120217,CD274,fbg,grey,0.052624440991621,0.317310507862914,0.001593,21.1261,2152,0.0122548247559952,TRUE,""
ENSG00000120217,CD274,t2d,null,0.014200245981866,0.90470629550866,0.0002537,21.1261,3970,0.00607335654020686,TRUE,""
ENSG00000120254,MTHFD1L,fbg,null,0.0253655053524758,0.650814055517744,0.0001793,18.176,2636,0.0118237487742115,TRUE,""
ENSG00000120265,PCMT1,cad,null,0.0142250238948435,0.671763599100528,6.087e-09,31.2829,5611,7.83774069357374e-06,TRUE,""
ENSG00000120278,PLEKHG1,t2d,grey,-0.20569480918421,0.383771766671716,4.745e-05,6.4041,4314,0.00629107926267459,TRUE,""
ENSG00000120279,MYCT1,cad,grey,-0.147992371563248,0.352589899766781,1.063e-05,7.2291,5657,0.00373476855605505,TRUE,""
ENSG00000120314,WDR55,fbg,grey,-0.0280029376658753,0.43881634294658,0.004014,50.8335,1151,0.00647225563846999,TRUE,""
ENSG00000120318,ARAP3,fbg,null,-0.0098520849803837,0.617075077451974,2.23e-05,50.7517,1708,0.00456142343496997,TRUE,""
ENSG00000120333,MRPS14,cad,null,-0.0460933441850548,0.738882680363527,1.615e-06,7.2362,4765,0.000739488561383893,TRUE,""
ENSG00000120334,CENPL,t2d,grey,0.341692614034885,0.477614268257678,0.002015,5.0959,2599,0.00916968644430554,TRUE,""
ENSG00000120438,TCP1,fbg,null,0.00323502016428415,0.7924288824046,0.003543,66.3865,2376,0.00475402167410518,TRUE,""
ENSG00000120440,TTLL2,fbg,null,-0.0021093544225419,0.96989829292834,0.0007851,16.5613,2300,0.00625011142932006,TRUE,""
ENSG00000120519,SLC10A7,t2d,grey,0.0417150564793742,0.248563248217182,0.002915,38.554,1946,0.109367355557047,TRUE,""
ENSG00000120675,DNAJC15,t2d,grey,0.0160011313511171,0.373334935702822,0.0002344,80.7511,2842,0.00452930899827725,TRUE,""
ENSG00000120705,ETF1,cad,grey,0.059685642052718,0.379233028395014,1.557e-05,13.3386,2407,0.00213877308701577,TRUE,""
ENSG00000120708,TGFBI,cad,grey,-0.0185384792923953,0.432564901882938,0.000801,59.4221,3989,0.00462804290692193,TRUE,""
ENSG00000120709,FAM53C,t2d,null,-0.0331799085186619,0.770183536019218,0.001334,13.9482,1496,0.00465217475402007,TRUE,""
ENSG00000120725,SIL1,t2d,null,-0.0193898142390512,0.818181087812592,0.001334,18.264,1309,0.00443780774350108,TRUE,""
ENSG00000120798,NR2C1,t2d,null,0.0426291813093844,0.648788735717361,0.001317,19.2075,4247,0.00674142002790648,TRUE,""
ENSG00000120860,CCDC53,fbg,grey,0.0172399469809498,0.0764894608968983,0.0008417,43.3529,1769,0.0263445905439513,TRUE,""
ENSG00000121057,AKAP1,t2d,grey,0.170235827628255,0.128765682228206,0.001103,12.5473,145,2.68232747819087e-05,TRUE,""
ENSG00000121060,TRIM25,fbg,null,0.025000527067396,0.824140895741885,0.0004926,5.6758,1976,0.0157880353693621,TRUE,""
ENSG00000121064,SCPEP1,t2d,null,-0.0140610270570415,0.849408323108071,0.001103,18.8871,154,0.00012088481182212,TRUE,""
ENSG00000121064,SCPEP1,fbg,null,-0.00749921443042214,0.813980460416918,0.0004926,18.8871,1962,0.0040372503665229,TRUE,""
ENSG00000121067,SPOP,cad,null,-0.0997309016889878,0.763436704711347,8.199e-10,5.504,234,0.00330246174272929,TRUE,""
ENSG00000121310,ECHDC2,fbg,grey,-0.0242464995372011,0.0718606382258516,0.001522,71.81,1498,0.00428497935060325,TRUE,""
ENSG00000121310,ECHDC2,cad,null,-0.0107762220165338,0.673716649749524,0.0008757,71.81,4177,0.00293695233348501,TRUE,""
ENSG00000121380,BCL2L14,t2d,grey,-0.0794986980596953,0.195163472029178,0.00023,25.4386,2692,0.00882030752687057,TRUE,""
ENSG00000121390,PSPC1,fbg,null,-0.0158827561123499,0.662911145572604,0.002555,19.0482,1818,0.00508941031069061,TRUE,""
ENSG00000121486,TRMT1L,cad,null,0.0734204474057241,0.510758136203966,1.657e-05,15.8698,3992,0.00385784028225608,TRUE,""
ENSG00000121552,CSTA,t2d,grey,-0.0485797876961991,0.243345009148763,0.0002738,47.6848,3505,0.0227681319602983,TRUE,""
ENSG00000121570,DPPA4,fbg,null,-0.0106648578456424,0.822850213878424,0.001502,24.9016,1842,0.00830896344570632,TRUE,""
ENSG00000121578,B4GALT4,t2d,null,0.00205958160745132,0.958390118990601,0.000402,68.5856,3881,0.0049193554297768,TRUE,""
ENSG00000121594,CD80,fbg,null,0.0708725687324561,0.670448961276106,0.001023,5.0231,1775,0.00596458745906258,TRUE,""
ENSG00000121691,CAT,cad,null,-0.01083959721094,0.648289055584097,0.001287,91.3343,6156,0.00299608074122617,TRUE,""
ENSG00000121741,ZMYM2,t2d,null,-0.0204369372849665,0.938157214607115,0.000117,7.7295,2581,0.00551739975704322,TRUE,""
ENSG00000121766,ZCCHC17,cad,null,0.0165362449628188,0.825413062302686,0.0004072,16.116,3138,0.00327978448078389,TRUE,""
ENSG00000121769,FABP3,cad,null,0.017533324836698,0.825413062302686,0.0004072,8.9674,3006,0.00323178145870657,TRUE,""
ENSG00000121769,FABP3,fbg,null,-0.0151955481918049,0.732271676747657,0.000104,8.9674,1518,0.00476864648000381,TRUE,""
ENSG00000121775,TMEM39B,t2d,grey,-0.116102373812868,0.361505569533152,0.0004059,21.1968,1198,0.00965392927615832,TRUE,""
ENSG00000121848,RNF115,fbg,grey,-0.0608306505895167,0.0607927235305228,0.01486,11.7797,299,0.0251326185874039,TRUE,""
ENSG00000121864,ZNF639,t2d,grey,0.117846964888936,0.368794267918584,0.0006439,10.6878,3083,0.00547510206494111,TRUE,""
ENSG00000121879,PIK3CA,t2d,null,0.0415166350495852,0.7325223685108,0.003829,11.5759,2880,0.004072325314885,TRUE,""
ENSG00000121879,PIK3CA,cad,null,0.0415166350495852,0.635725114509718,0.0009638,11.5759,4279,0.00364379763819136,TRUE,""
ENSG00000121933,ADORA3,cad,grey,-0.0379021464505474,0.0955807045456294,0.000327,48.513,4488,0.00923348658576821,TRUE,""
ENSG00000121964,GTDC1,fbg,null,-0.00938442396507729,0.935724149629174,0.00533,9.4838,1399,0.00755565045947576,TRUE,""
ENSG00000122025,FLT3,t2d,null,0.026371038632552,0.909996085442886,5.024e-05,8.7587,2809,0.0302919189754637,TRUE,""
ENSG00000122034,GTF3A,cad,grey,-0.0192848384038291,0.440155991818408,5.363e-11,48.7677,4606,9.07271833033188e-07,TRUE,""
ENSG00000122042,UBL3,cad,grey,-0.0609470764805917,0.37050790341821,8.889e-05,17.5234,4710,0.00468932725486905,TRUE,""
ENSG00000122043,LINC00544,t2d,null,-0.0248801827404682,0.834212236432498,3.627e-05,10.4698,3142,0.00393468383269102,TRUE,""
ENSG00000122140,MRPS2,cad,null,-0.224250496186985,0.566829368432203,1.833e-06,5.0005,,,FALSE,对齐后仅 0 变异(<10)
ENSG00000122176,FMOD,cad,null,-0.056912495238857,0.851268623688206,0.0001225,4.5756,4806,0.0027250318168279,TRUE,""
ENSG00000122188,LAX1,t2d,grey,-0.0487366183882654,0.176487834725428,9.992e-05,74.5084,2959,0.00404920202155212,TRUE,""
ENSG00000122299,ZC3H7A,t2d,grey,0.192828864247071,0.0615442192008072,4.08e-05,15.7108,4905,0.0226467879259088,TRUE,""
ENSG00000122376,FAM35A,fbg,grey,-0.0349345580426213,0.182422439451736,0.001143,15.5975,1435,0.0635754092588166,TRUE,""
ENSG00000122390,NAA60,t2d,grey,0.0303163564871538,0.481093153359666,2.214e-05,31.7373,1724,0.00390042161663728,TRUE,""
ENSG00000122417,ODF2L,fbg,grey,0.0120804277753953,0.125707617716504,0.0008768,74.5273,1984,0.010744859177982,TRUE,""
ENSG00000122432,SPATA1,fbg,grey,-0.0505271930860677,0.277605418363564,3.356e-06,12.2412,2205,0.00744908841329998,TRUE,""
ENSG00000122432,SPATA1,t2d,null,-0.0026593259518983,0.982270691196538,1.942e-05,12.2412,3173,0.00228492752164294,TRUE,""
ENSG00000122481,RWDD3,cad,grey,-0.0418273948687685,0.204563526306674,7.782e-05,36.0793,4467,0.00598003567796033,TRUE,""
ENSG00000122483,CCDC18,t2d,null,0.0459777418672765,0.719109543538825,0.0003702,15.8187,2594,0.00560568013235425,TRUE,""
ENSG00000122483,CCDC18,cad,null,0.0336422501467877,0.707660466654553,0.0001951,15.8187,3644,0.00389522568491392,TRUE,""
ENSG00000122507,BBS9,fbg,null,0.0184519628889135,0.564779052623049,0.0005646,18.3171,1865,0.00473747140468044,TRUE,""
ENSG00000122512,PMS2,cad,grey,0.0708666857044003,0.283033649622269,2.104e-08,18.2401,6509,4.16981382489223e-05,TRUE,""
ENSG00000122547,EEPD1,t2d,grey,-0.0540249328467609,0.459299994329581,3.499e-05,24.2068,4149,0.00472223289567757,TRUE,""
ENSG00000122550,KLHL7,cad,null,-0.0214653196625302,0.5811373696666,1.711e-05,26.47,5942,0.00263343454150124,TRUE,""
ENSG00000122550,KLHL7,fbg,null,-0.00067079123945407,0.975070165131246,4.61e-06,26.47,2113,0.00257018489962897,TRUE,""
ENSG00000122557,HERPUD2,fbg,grey,-0.0194094341297809,0.317310507862914,0.001791,28.3585,2106,0.00580193766874395,TRUE,""
ENSG00000122642,FKBP9,t2d,grey,0.0684018223782199,0.200696444157548,0.0001243,27.7958,4391,0.00809638002554376,TRUE,""
ENSG00000122643,NT5C3,cad,grey,-0.0377302291142239,0.358601701069604,1.845e-05,14.1609,5792,0.00375601503909845,TRUE,""
ENSG00000122696,SLC25A51,cad,null,0.0218866867692614,0.759097104142966,0.000298,15.7959,5306,0.00344500928496682,TRUE,""
ENSG00000122862,SRGN,cad,grey,-0.0331310831790512,0.412532886370104,2.088e-05,31.5911,837,0.000284045225843685,TRUE,""
ENSG00000122862,SRGN,t2d,null,0.00730006917504517,0.893386270267644,7.534e-05,31.5911,484,0.000792787397090928,TRUE,""
ENSG00000122882,ECD,cad,null,-0.0302728081009191,0.511460237654821,1.866e-05,38.2634,402,0.00704007512194515,TRUE,""
ENSG00000122884,P4HA1,t2d,grey,-0.178486028124996,0.435464917804696,2.375e-08,11.85,252,0.0183286029365469,TRUE,""
ENSG00000122884,P4HA1,fbg,null,0.0575761381048373,0.550497415772856,0.0005477,11.85,840,0.0101539847682524,TRUE,""
ENSG00000123095,BHLHE41,t2d,grey,-0.323786685626477,0.197516386045288,2.974e-09,6.859,4567,2.23282141467899e-05,TRUE,""
ENSG00000123104,ITPR2,cad,null,-0.0154152253023791,0.695241037678214,0.0005807,44.264,6064,0.00456885468640183,TRUE,""
ENSG00000123143,PKN1,fbg,grey,-0.0515801322375582,0.408426019516499,0.0002825,18.4735,1137,0.0119833401371511,TRUE,""
ENSG00000123191,ATP7B,cad,null,0.00126525592999865,0.98165944161275,0.0002025,28.1366,2976,0.00393383018436093,TRUE,""
ENSG00000123213,NLN,cad,null,-0.00556380274054008,0.785062868547559,4.077e-05,57.7242,3137,0.00308349425000201,TRUE,""
ENSG00000123240,OPTN,t2d,null,0.0176139870264809,0.630507502249952,1.966e-17,49.7847,4412,2.35572020987183e-13,TRUE,""
ENSG00000123329,ARHGAP9,cad,grey,0.111008619890629,0.109318055409243,4.918e-09,38.4777,3175,0.000170762279993743,TRUE,""
ENSG00000123353,ORMDL2,t2d,grey,0.607891312212423,0.0783771231869336,0.0008094,10.7645,1624,0.0428332709979446,TRUE,""
ENSG00000123405,NFE2,cad,grey,-0.0450591097003296,0.202309241991172,9.28e-13,58.6515,4235,2.31636052500572e-08,TRUE,""
ENSG00000123411,IKZF4,cad,grey,-0.29210874768071,0.109168491596282,4.918e-09,9.9817,2637,0.0160101225359539,TRUE,""
ENSG00000123415,SMUG1,cad,grey,0.033998972426981,0.135901626348589,9.28e-13,43.9722,4204,1.48888701566337e-08,TRUE,""
ENSG00000123485,HJURP,cad,grey,0.162263291402493,0.200298443330043,5.558e-08,7.9933,4399,0.00083381537256,TRUE,""
ENSG00000123500,COL10A1,t2d,null,0.0784834560060676,0.781345120434464,1.913e-05,16.3044,3214,0.0118294424195686,TRUE,""
ENSG00000123609,NMI,fbg,grey,0.0135288058489986,0.43316699063013,0.00175,38.4048,1908,0.00823187642441628,TRUE,""
ENSG00000123612,ACVR1C,fbg,null,-0.0671421759533962,0.520316800507367,0.001745,10.2065,1516,0.0101151291186806,TRUE,""
ENSG00000123737,EXOSC9,cad,grey,-0.0395892736073354,0.142466754827972,0.003831,36.2593,2592,0.0085053800297508,TRUE,""
ENSG00000123739,PLA2G12A,t2d,grey,0.137186041944605,0.0607927235305228,0.001197,19.4617,1770,0.0234048992465216,TRUE,""
ENSG00000123739,PLA2G12A,cad,null,0.0128040305814965,0.809261146695181,9.739e-05,19.4617,2881,0.00268424504345171,TRUE,""
ENSG00000123815,ADCK4,t2d,grey,-0.146521145180622,0.375102309107001,0.0003116,12.3259,1638,0.0110338770518248,TRUE,""
ENSG00000123815,ADCK4,cad,null,0.0560227908043555,0.646360896588277,2.362e-17,12.3259,3717,1.79517161388241e-13,TRUE,""
ENSG00000123838,C4BPA,t2d,null,-0.00118163699878138,0.963508208896804,1.213e-07,132.6122,2600,0.000943087116406254,TRUE,""
ENSG00000123908,EIF2C2,fbg,grey,0.0452779134176728,0.259463716493134,0.001645,19.0943,1818,0.0104806421949067,TRUE,""
ENSG00000123908,EIF2C2,t2d,null,0.0546752162024728,0.593802857207703,0.002753,19.0943,1212,0.00537904987844544,TRUE,""
ENSG00000123992,DNPEP,fbg,grey,-0.115665207630325,0.273412340113948,0.0004866,22.2765,1724,0.0193732086714269,TRUE,""
ENSG00000124019,FAM124B,t2d,grey,-0.230317107259222,0.0852123390861435,2.551e-34,21.909,2752,0.0325667745690193,TRUE,""
ENSG00000124019,FAM124B,cad,grey,0.0737987914105254,0.455726834880248,1.023e-07,21.909,3489,0.00745994151944307,TRUE,""
ENSG00000124103,FAM209A,cad,null,-0.00682613192010393,0.888382767911091,0.0002149,18.706,2040,0.00071010631162934,TRUE,""
ENSG00000124181,PLCG1,fbg,null,0.0432287776147459,0.821979274262541,1.853e-05,9.2936,1912,0.0128815179594786,TRUE,""
ENSG00000124203,ZNF831,fbg,null,-0.00544004591158263,0.882225851923449,5.274e-06,23.7424,2189,0.00307635871404563,TRUE,""
ENSG00000124205,EDN3,cad,grey,-0.0290993402860996,0.40790488230962,0.0006514,29.3063,1687,0.00284469706462183,TRUE,""
ENSG00000124214,STAU1,t2d,null,0.0170689577282318,0.890635592744866,1.929e-09,10.9364,1509,0.00292362888252333,TRUE,""
ENSG00000124224,PPP4R1L,fbg,grey,0.162968234555513,0.480646483426545,4.731e-05,6.6792,2224,0.00474283391511119,TRUE,""
ENSG00000124224,PPP4R1L,t2d,null,-0.00243236170978377,0.990026702711924,6.57e-05,6.6792,1036,0.00188559754098707,TRUE,""
ENSG00000124224,PPP4R1L,cad,null,-0.075403213003297,0.586538057936861,0.0006514,6.6792,2008,0.0014696259391518,TRUE,""
ENSG00000124233,SEMG1,t2d,null,-0.0169312782511865,0.777308472565407,2.148e-08,29.3352,778,0.0053802579710079,TRUE,""
ENSG00000124251,TP53TG5,t2d,grey,0.127025323389925,0.40066983868741,2.148e-08,10.7366,670,0.0010926424177205,TRUE,""
ENSG00000124275,MTRR,t2d,null,0.0159985250977437,0.658590180841495,3.667e-05,85.7261,5150,0.0650862323344725,TRUE,""
ENSG00000124279,FASTKD3,fbg,null,-0.0163804014756723,0.535884989067038,0.002162,28.1577,2661,0.00599136115124992,TRUE,""
ENSG00000124299,PEPD,cad,grey,-0.0914460154380197,0.0712985184699752,5.702e-06,19.6218,4848,0.00844760375528063,TRUE,""
ENSG00000124357,NAGK,t2d,null,-0.0102888697362236,0.549813766796396,0.0001434,80.6108,3693,0.0056109394402685,TRUE,""
ENSG00000124370,MCEE,t2d,null,-0.000607934198440491,0.990269941655945,0.0001434,29.2263,3719,0.00371636250725938,TRUE,""
ENSG00000124422,USP22,t2d,null,0.0110980435098853,0.82057605700214,0.003033,32.0752,1194,0.0048583051524802,TRUE,""
ENSG00000124459,ZNF45,t2d,null,-0.0109713154288835,0.980381864972132,1.27e-05,4.8667,2339,0.00514633348220672,TRUE,""
ENSG00000124491,F13A1,fbg,grey,0.0184504457130144,0.227862855875692,1.012e-05,42.0938,2772,0.00691347487599642,TRUE,""
ENSG00000124491,F13A1,cad,null,0.00270006522629479,0.921645915309972,1.98e-05,42.0938,7124,0.00260710297181411,TRUE,""
ENSG00000124496,TRERF1,t2d,grey,0.0805551473042339,0.327391542526866,3.472e-05,20.9537,2500,0.0057901706508076,TRUE,""
ENSG00000124535,WRNIP1,cad,grey,-0.13333612837848,0.158588094568376,0.000163,13.24,6421,0.00715119737547899,TRUE,""
ENSG00000124535,WRNIP1,fbg,grey,0.0372100823381805,0.480261302753423,0.0005453,13.24,2256,0.0051535643955286,TRUE,""
ENSG00000124549,BTN2A3P,t2d,null,0.0292709108634115,0.836090649580926,6.758e-06,9.8564,4126,0.00367128571266162,TRUE,""
ENSG00000124564,SLC17A3,cad,null,-0.0161320158024498,0.539192141149036,3.212e-06,37.5397,6565,0.00131009581933723,TRUE,""
ENSG00000124574,ABCC10,t2d,grey,0.116744851866977,0.429120433490312,1.129e-10,10.3666,2304,3.66215555599545e-07,TRUE,""
ENSG00000124608,AARS2,fbg,null,-0.00173507333146764,0.979543663087131,0.0001759,10.239,1829,0.00449921555580045,TRUE,""
ENSG00000124613,ZNF391,t2d,grey,0.0827666665350571,0.0732597959893808,0.001543,31.9958,3444,0.0212664738960837,TRUE,""
ENSG00000124641,MED20,t2d,null,0.0194890150553524,0.797634069055974,0.001808,16.7028,2685,0.00392168773966795,TRUE,""
ENSG00000124657,OR2B6,cad,null,0.151087393147182,0.580687377944649,2.694e-06,6.2733,4833,0.00581448673907296,TRUE,""
ENSG00000124657,OR2B6,fbg,null,0.0755436965735908,0.665134047911044,0.0002114,6.2733,1421,0.00851591400242336,TRUE,""
ENSG00000124688,MAD2L1BP,t2d,grey,-0.0497347530868923,0.0785713695543184,1.129e-10,54.9342,2392,4.15070903286309e-06,TRUE,""
ENSG00000124688,MAD2L1BP,fbg,null,-0.00204389396247503,0.855725415320072,0.0001759,54.9342,1492,0.00441429382281875,TRUE,""
ENSG00000124693,HIST1H3B,cad,null,-0.015821415800579,0.788809283599619,3.212e-06,16.3461,6142,0.00121083133394458,TRUE,""
ENSG00000124743,KLHL31,t2d,null,-0.0989049245249717,0.81950015259175,6.179e-05,6.0253,3945,0.00757387151676151,TRUE,""
ENSG00000124767,GLO1,cad,grey,0.0384287715447685,0.104162558830439,7.631e-12,42.1056,6152,5.36050142019296e-08,TRUE,""
ENSG00000124767,GLO1,fbg,grey,0.0105573548199913,0.419982497240339,1.947e-06,42.1056,2268,0.00242290687687634,TRUE,""
ENSG00000124788,ATXN1,cad,null,0.0213785758280602,0.569054562532767,1.235e-05,34.0215,5750,0.00328903160974335,TRUE,""
ENSG00000124813,RUNX2,t2d,null,0.0113567945796505,0.741649075011745,0.004514,57.4639,3961,0.0046010498306462,TRUE,""
ENSG00000124875,CXCL6,t2d,null,-0.0162819081284084,0.909298000037977,2.606e-06,9.8138,1687,0.00428386329255461,TRUE,""
ENSG00000124882,EREG,t2d,grey,-0.059931980038889,0.483927304446146,2.606e-06,18.3384,2403,0.00536441540859181,TRUE,""
ENSG00000124920,MYRF,cad,grey,-0.0388673691137247,0.21129954733371,4.149e-05,24.461,4085,0.00754552007726223,TRUE,""
ENSG00000125257,ABCC4,fbg,grey,0.00872573809566644,0.333173268958951,0.0003656,64.3482,2010,0.00693015617513958,TRUE,""
ENSG00000125266,EFNB2,cad,grey,0.139162345432788,0.389982487998485,0.0001287,6.2675,3797,0.00327994991761268,TRUE,""
ENSG00000125266,EFNB2,fbg,grey,-0.113601914639011,0.196938679952046,0.000475,6.2675,2479,0.00796746604989865,TRUE,""
ENSG00000125304,TM9SF2,cad,grey,-0.105738541923188,0.175333728611229,0.001032,17.3379,3434,0.00891092362376119,TRUE,""
ENSG00000125319,C17orf53,t2d,null,-0.00559679947175647,0.954169795975324,2.278e-09,15.1354,197,7.33281713643751e-06,TRUE,""
ENSG00000125319,C17orf53,cad,null,0.0402969561966466,0.561479628322256,7.357e-09,15.1354,272,0.00188998809341909,TRUE,""
ENSG00000125319,C17orf53,fbg,null,-0.0145516786265668,0.745181071693432,0.002502,15.1354,1097,0.00510982510028804,TRUE,""
ENSG00000125347,IRF1,cad,null,-0.0687842179880451,0.504985075093846,4.741e-10,9.7631,2435,5.42185346147836e-06,TRUE,""
ENSG00000125347,IRF1,fbg,null,0.0235314429959102,0.702199590874297,0.003274,9.7631,1517,0.00435330682161723,TRUE,""
ENSG00000125375,ATP5S,fbg,grey,0.0176356238234661,0.349538991650093,0.00145,29.2703,1682,0.00559876241069474,TRUE,""
ENSG00000125384,PTGER2,t2d,null,-0.0244966159120892,0.659671341714375,1.514e-05,34.7603,3408,0.00404518325982199,TRUE,""
ENSG00000125386,FAM193A,fbg,null,0.0150161619376452,0.791236045636806,0.003244,10.668,1220,0.00422765651230044,TRUE,""
ENSG00000125434,SLC25A35,fbg,grey,0.0792739772841646,0.444933459371394,0.001727,11.7307,1431,0.0112650963367832,TRUE,""
ENSG00000125447,GGA3,t2d,grey,0.324748077622144,0.215980130951564,0.0009159,7.9762,,,FALSE,对齐后仅 0 变异(<10)
ENSG00000125485,DDX31,t2d,null,0.00956917185218959,0.811004442719249,2.519e-05,41.1136,,,FALSE,对齐后仅 0 变异(<10)
ENSG00000125538,IL1B,t2d,grey,0.170944769319061,0.311145900875411,0.01131,8.1239,2259,0.00651165514203099,TRUE,""
ENSG00000125551,PLGLB2,cad,grey,-0.0186405299072459,0.200105868954852,0.008567,28.9768,1956,0.00364318791285921,TRUE,""
ENSG00000125618,PAX8,t2d,null,-0.00264149263413631,0.938684739206775,0.01131,71.314,2351,0.00368843850393419,TRUE,""
ENSG00000125630,POLR1B,t2d,null,0.0175629531228317,0.659531971324839,0.01131,42.8399,2050,0.00759645691609445,TRUE,""
ENSG00000125633,CCDC93,cad,grey,-0.342584304689625,0.127556299780007,5.021e-05,7.5702,3669,0.0129938824593115,TRUE,""
ENSG00000125637,PSD4,cad,grey,0.0285751866490963,0.292926133201847,1.23e-06,92.8149,3199,0.0069036284194789,TRUE,""
ENSG00000125651,GTF2F1,cad,null,-0.00768926050839159,0.903198689029561,3.244e-05,20.4473,6336,0.00306470012107844,TRUE,""
ENSG00000125652,ALKBH7,cad,null,-0.0282645547338282,0.593354968344187,3.244e-05,14.9632,6375,0.00487329996763177,TRUE,""
ENSG00000125703,ATG4C,fbg,grey,-0.0308669601729683,0.129486728502174,0.005053,27.0863,1936,0.0108186267464624,TRUE,""
ENSG00000125730,C3,fbg,null,0.0204514194377445,0.802587348634153,0.0002912,8.6764,1359,0.00506244525227295,TRUE,""
ENSG00000125731,SH2D3A,fbg,null,-0.0101678981245685,0.886403006367064,0.0002912,8.7529,1359,0.00391616317493021,TRUE,""
ENSG00000125744,RTN2,cad,grey,0.160883273366471,0.0517683657131006,5.218e-11,19.4442,4454,8.0844786499162e-07,TRUE,""
ENSG00000125746,EML2,cad,null,-0.109960083644145,0.593278639087062,5.218e-11,6.902,4594,1.29094989930455e-07,TRUE,""
ENSG00000125755,SYMPK,cad,grey,0.124105060406526,0.1191286115598,1.312e-08,16.9975,4497,0.00012874854945479,TRUE,""
ENSG00000125810,CD93,t2d,null,-0.0190263129302576,0.535013974966897,3.343e-08,71.5266,4331,2.55301524889275e-05,TRUE,""
ENSG00000125810,CD93,fbg,null,-0.00766732013607394,0.520316800507367,3.893e-08,71.5266,2505,4.15521037361836e-05,TRUE,""
ENSG00000125827,TMX4,fbg,null,-0.004736652406957,0.838830347775661,0.002241,51.0087,2763,0.00726741313989488,TRUE,""
ENSG00000125843,AP5S1,cad,grey,0.133180154626894,0.15742265908958,2.117e-05,8.9642,6455,0.00567158689709863,TRUE,""
ENSG00000125846,ZNF133,t2d,grey,-0.157993910249644,0.445531029601004,0.0008121,8.2935,4532,0.00565575388835262,TRUE,""
ENSG00000125846,ZNF133,fbg,null,-0.0170804227296912,0.833256914830536,0.0004915,8.2935,2329,0.00464673584798313,TRUE,""
ENSG00000125863,MKKS,cad,grey,-0.0273411591002022,0.116655974077511,9.823e-07,59.3542,6253,0.00264947289072107,TRUE,""
ENSG00000125863,MKKS,t2d,null,0.0120180919121768,0.612625628038938,8.22e-05,59.3542,4465,0.00454702971927066,TRUE,""
ENSG00000125870,SNRPB2,fbg,null,0.01776116350213,0.810330256604408,8.36e-05,34.2707,3147,0.0172006678333788,TRUE,""
ENSG00000125871,MGME1,cad,null,-0.000691646650258414,0.973408772365816,2.662e-07,73.1465,6938,0.000532520173446684,TRUE,""
ENSG00000125910,S1PR4,cad,grey,0.0755655531934898,0.419982497240339,0.0001482,10.2466,5930,0.00377648117613248,TRUE,""
ENSG00000125910,S1PR4,fbg,null,0.015113110638698,0.775096962195985,0.0019,10.2466,1138,0.00472914654018362,TRUE,""
ENSG00000125945,ZNF436,fbg,null,-0.00400366124920153,0.954431397113681,0.005674,8.8615,1288,0.00422092714071476,TRUE,""
ENSG00000126005,MMP24-AS1,t2d,grey,-0.0591176920039458,0.261671589062945,1.512e-08,27.8079,537,0.0106547508679731,TRUE,""
ENSG00000126106,TMEM53,t2d,null,-0.0705330896743072,0.625904042835775,0.0007634,9.824,1903,0.00427470629381487,TRUE,""
ENSG00000126107,HECTD3,cad,null,-0.0748065728010436,0.638873980860195,4.721e-05,11.2939,3109,0.0186565016930543,TRUE,""
ENSG00000126215,XRCC3,fbg,grey,0.0263457018769853,0.199824657332384,0.0005919,31.4796,1287,0.0104994570952314,TRUE,""
ENSG00000126226,PCID2,fbg,null,0.015178762076028,0.756923103409378,0.001169,13.9708,1481,0.00508113198713454,TRUE,""
ENSG00000126243,LRFN3,t2d,grey,0.097171802108031,0.477078550684046,1.012e-05,23.5148,1829,0.00598820611406073,TRUE,""
ENSG00000126247,CAPNS1,cad,grey,0.0778196180862903,0.0846829459575784,2.704e-05,22.7213,3500,0.0082782791902293,TRUE,""
ENSG00000126249,PDCD2L,t2d,null,0.0851433307229482,0.702874337245814,0.001341,13.6275,2471,0.00979213564220739,TRUE,""
ENSG00000126251,GPR42,fbg,grey,0.027618162261562,0.116083133738655,0.007285,13.6192,1305,0.0140166846076327,TRUE,""
ENSG00000126264,HCST,cad,grey,0.265017514250499,0.299393050175467,4.085e-05,8.7755,3450,0.0186606206445531,TRUE,""
ENSG00000126267,COX6B1,cad,grey,-0.0498294464256956,0.0646808438473685,4.085e-05,45.5377,3847,0.036253238651361,TRUE,""
ENSG00000126337,KRT36,t2d,null,0.038155990132802,0.659531971324839,3.807e-06,10.2196,82,0.000244709230504926,TRUE,""
ENSG00000126432,PRDX5,t2d,grey,0.0165961926712208,0.47992573210247,2.221e-06,82.5826,1397,0.00280018723879736,TRUE,""
ENSG00000126458,RRAS,cad,null,-0.0945825900179442,0.588518882160993,9.641e-06,5.9191,3684,0.00303734897319071,TRUE,""
ENSG00000126500,FLRT1,cad,grey,-0.277416997055681,0.0536285791274191,0.0003938,6.3866,3347,0.0194671973559703,TRUE,""
ENSG00000126500,FLRT1,fbg,null,-0.0504394540101238,0.518822668670191,0.004269,6.3866,1000,0.00458574314080355,TRUE,""
ENSG00000126561,STAT5A,t2d,grey,0.166296319433432,0.126162397742482,6.228e-06,16.6086,213,3.49624617758695e-05,TRUE,""
ENSG00000126749,EMG1,fbg,null,-0.0191887885729686,0.590258451314772,0.003216,25.9735,1455,0.00702073610029336,TRUE,""
ENSG00000126773,PCNXL4,t2d,grey,-0.065111799342709,0.218142838596344,0.0001577,32.603,1794,0.0105187222826753,TRUE,""
ENSG00000126773,PCNXL4,cad,null,0.011259935224679,0.75594445062856,0.0001948,32.603,2747,0.00361348069207039,TRUE,""
ENSG00000126773,PCNXL4,fbg,null,-0.013218184828971,0.530064880329334,0.002871,32.603,1507,0.00638391266820113,TRUE,""
ENSG00000126775,ATG14,cad,null,0.031592615218257,0.831716977781815,0.0002164,9.4834,4784,0.00376867570420092,TRUE,""
ENSG00000126787,DLGAP5,t2d,null,-0.0333629190387174,0.848935998880548,0.001438,7.7617,2768,0.00408156238726303,TRUE,""
ENSG00000126804,ZBTB1,cad,grey,-0.138276221948247,0.3439300383019,0.001687,6.6697,4249,0.00376938208221916,TRUE,""
ENSG00000126804,ZBTB1,t2d,null,-0.0965324568317951,0.635243943301168,0.0008055,6.6697,3032,0.00399463008754447,TRUE,""
ENSG00000126822,PLEKHG3,fbg,grey,-0.015442851057317,0.404656761927286,0.003377,41.8025,1683,0.00645332038003029,TRUE,""
ENSG00000127054,CPSF3L,cad,grey,-0.0852726783108345,0.383448660462883,2.571e-07,16.0558,2404,0.00107562972224471,TRUE,""
ENSG00000127191,TRAF2,fbg,null,0.00797215631261746,0.797068494359122,0.0004699,19.856,908,0.00388542113161134,TRUE,""
ENSG00000127249,ATP13A4,cad,null,0.00866648000317839,0.775096962195985,0.0002622,30.1156,5248,0.0027195862174624,TRUE,""
ENSG00000127249,ATP13A4,fbg,null,-0.000541655000198649,0.974266251454282,0.001544,30.1156,1231,0.00377340770931755,TRUE,""
ENSG00000127325,BEST3,cad,null,-0.115387467599454,0.508795560548104,3.856e-05,5.5279,5530,0.00373263649040441,TRUE,""
ENSG00000127328,RAB3IP,cad,grey,-0.0437786885033695,0.113345509219526,3.856e-05,38.6261,5381,0.00643216787289237,TRUE,""
ENSG00000127334,DYRK2,t2d,grey,0.163548832754615,0.480730455393132,1.555e-05,5.9822,3340,0.0039522439991152,TRUE,""
ENSG00000127334,DYRK2,fbg,null,-0.062445917960853,0.511663282695868,0.002753,5.9822,2453,0.00465234667329065,TRUE,""
ENSG00000127377,CRYGN,t2d,grey,0.0656704913091958,0.219103428389608,6.489e-05,27.0419,2817,0.00796126224169684,TRUE,""
ENSG00000127377,CRYGN,fbg,grey,-0.0437803275394639,0.105437017780125,0.0003701,27.0419,1671,0.019439975253271,TRUE,""
ENSG00000127412,TRPV5,fbg,null,0.00237449350483619,0.848935998880548,0.002478,31.3891,1224,0.00514660664031743,TRUE,""
ENSG00000127452,FBXL12,cad,null,-0.013853374523725,0.887992336880331,5.918e-14,12.8245,5358,2.11638210483149e-10,TRUE,""
ENSG00000127481,UBR4,t2d,grey,0.217397592684847,0.0543482371568762,2.273e-06,12.4454,3503,0.0218014991761429,TRUE,""
ENSG00000127481,UBR4,cad,grey,0.125861764185964,0.116083133738655,0.0001008,12.4454,5812,0.0080694799578875,TRUE,""
ENSG00000127483,HP1BP3,t2d,grey,-0.317588796922461,0.0982849162384259,2.273e-06,11.4897,3074,0.0156526497829708,TRUE,""
ENSG00000127507,EMR2,cad,null,-0.0119643254520495,0.642082757538705,0.0005695,94.5597,5739,0.00348052199456387,TRUE,""
ENSG00000127511,SIN3B,cad,null,-0.000622613843134915,0.993513205113023,1.438e-13,27.8547,5744,1.38819336065643e-10,TRUE,""
ENSG00000127528,KLF2,cad,grey,-0.0874935540428178,0.359317338329571,1.093e-07,11.039,6346,0.00078089009733814,TRUE,""
ENSG00000127533,F2RL3,t2d,null,-0.0359482879621772,0.713552924831084,0.0007279,14.2916,1833,0.00410690673315659,TRUE,""
ENSG00000127554,GFER,fbg,null,-0.021835877531221,0.827903407296463,0.003639,9.93,1098,0.00537297484708263,TRUE,""
ENSG00000127688,GAN,cad,null,-0.0895875812385717,0.622339550672908,9.363e-13,5.4823,8793,0.00146695093165323,TRUE,""
ENSG00000127720,METTL25,t2d,grey,0.113845359747783,0.174933223351695,0.0001608,23.9889,3616,0.012168081988849,TRUE,""
ENSG00000127720,METTL25,cad,null,-0.034299563513755,0.580303690461236,8.578e-05,23.9889,4848,0.00394222287009276,TRUE,""
ENSG00000127804,METTL16,t2d,grey,-0.124136726854515,0.278660494899244,0.0005652,11.7464,2271,0.00702874565804714,TRUE,""
ENSG00000127804,METTL16,fbg,grey,0.0518373145106765,0.263717761833697,0.003633,11.7464,1525,0.00742730918322766,TRUE,""
ENSG00000127824,TUBA4A,cad,grey,0.333399944189893,0.121273450193018,3.778e-05,7.1811,3188,0.0172523255425646,TRUE,""
ENSG00000127831,VIL1,fbg,null,-0.00048413688536238,0.975070165131246,0.001446,24.663,1357,0.00385864334610233,TRUE,""
ENSG00000127837,AAMP,fbg,grey,-0.041782461804836,0.383771766671715,0.001446,11.5008,1459,0.00777383688570966,TRUE,""
ENSG00000127903,ZNF835,fbg,null,-0.00832250317510652,0.813980460416918,0.001451,15.5666,1917,0.00412776684983111,TRUE,""
ENSG00000127920,GNG11,fbg,null,-0.0109566715365905,0.88135342328068,0.01089,16.2163,1632,0.00814577090619059,TRUE,""
ENSG00000127989,MTERF,t2d,null,-0.158981624089498,0.624428772569,0.0004044,4.7693,2135,0.00448760893742945,TRUE,""
ENSG00000127993,RBM48,t2d,null,0.123258134848401,0.811177038513503,0.001512,8.3813,2001,0.0143078568982299,TRUE,""
ENSG00000128011,LRFN1,fbg,grey,-0.0443042804523249,0.458850651929467,0.0004863,12.7634,1271,0.00833233859288355,TRUE,""
ENSG00000128059,PPAT,fbg,null,0.0135979272817932,0.561479628322256,2.384e-05,12.6885,1825,0.00391348497336615,TRUE,""
ENSG00000128253,RFPL2,fbg,grey,0.0411047922428896,0.141900610277981,0.001084,20.2146,2089,0.00964963286885524,TRUE,""
ENSG00000128271,ADORA2A,t2d,grey,-0.0906872015133001,0.259919135247011,0.0009148,17.3032,1919,0.00705960338580099,TRUE,""
ENSG00000128271,ADORA2A,fbg,grey,-0.0346445488927214,0.272740113942454,0.001004,17.3032,1509,0.0065838843934401,TRUE,""
ENSG00000128274,A4GALT,t2d,null,0.011414959023038,0.829467463683656,3.358e-10,50.2951,2748,0.00415831075000975,TRUE,""
ENSG00000128283,CDC42EP1,fbg,grey,-0.00934364338943896,0.444446702634924,0.0002161,60.5623,1726,0.00376669260606294,TRUE,""
ENSG00000128285,MCHR1,t2d,grey,-0.0532861374084887,0.196655399272775,9.51e-07,33.0984,1770,0.00128417561930493,TRUE,""
ENSG00000128294,TPST2,t2d,grey,-0.125813019380361,0.076855371351919,0.0002066,19.5088,4045,0.015344852813152,TRUE,""
ENSG00000128309,MPST,fbg,grey,0.0864683532346746,0.246906995624742,0.003134,9.0105,2021,0.0104423374485456,TRUE,""
ENSG00000128340,RAC2,fbg,null,-0.0024230544098229,0.906347316282193,0.004622,29.3844,1892,0.00409888830407392,TRUE,""
ENSG00000128346,C22orf23,cad,grey,0.131478356557651,0.494396235653322,0.000218,5.038,3728,0.00402677160353928,TRUE,""
ENSG00000128346,C22orf23,t2d,null,-0.147512302479315,0.579430435989424,0.006855,5.038,1726,0.00520291032198295,TRUE,""
ENSG00000128438,TBC1D27,t2d,null,0.00160137661524578,0.992021287370737,1.718e-09,9.3659,2592,1.83623574725284e-05,TRUE,""
ENSG00000128482,RNF112,t2d,grey,-0.0633416644987983,0.192887899937645,0.001146,34.2365,1419,0.00907747948834454,TRUE,""
ENSG00000128482,RNF112,cad,grey,0.0592877979708752,0.0853255698048197,0.001833,34.2365,2703,0.0110860820260836,TRUE,""
ENSG00000128487,SPECC1,t2d,grey,-0.0514311392634727,0.458463485620218,0.003033,24.2339,1567,0.00713695231959094,TRUE,""
ENSG00000128512,DOCK4,cad,grey,-0.327044952347339,0.118529505761068,7.491e-05,6.5686,3613,0.0109199796440717,TRUE,""
ENSG00000128524,ATP6V1F,cad,grey,-0.194861615098415,0.35183572722835,0.000361,4.9635,4157,0.00766936517424191,TRUE,""
ENSG00000128563,PRKRIP1,fbg,grey,-0.0241939778687291,0.3967400955726,0.0004295,33.4277,946,0.00996437892321589,TRUE,""
ENSG00000128585,MKLN1,t2d,grey,0.287044194663731,0.223243461130903,6.977e-14,5.8908,2577,8.51777733593311e-06,TRUE,""
ENSG00000128596,CCDC136,cad,grey,0.0999467402119657,0.118001235852094,0.000361,24.2209,4153,0.0135918476057709,TRUE,""
ENSG00000128641,MYO1B,cad,null,-0.0163993323604958,0.867632334778193,0.00138,10.7976,2252,0.00301818784126811,TRUE,""
ENSG00000128641,MYO1B,fbg,null,-0.00163993323604958,0.97582537985171,0.007458,10.7976,1621,0.00479504509015547,TRUE,""
ENSG00000128683,GAD1,cad,null,-0.0680484030783665,0.595140952124682,4.288e-06,26.1173,2896,0.0056547026625574,TRUE,""
ENSG00000128694,OSGEPL1,fbg,null,-0.129003386260239,0.645516220500695,0.0008156,5.4329,1611,0.0185046733499793,TRUE,""
ENSG00000128731,HERC2,t2d,grey,-0.0747864573560124,0.0703295059281287,0.003019,76.2449,2025,0.0438374028208256,TRUE,""
ENSG00000128739,SNRPN,fbg,grey,-0.0970955877440402,0.272740113942454,0.002054,5.3017,2197,0.00701206349806474,TRUE,""
ENSG00000128815,WDFY4,t2d,null,0.0191500285440018,0.668889241975682,4.566e-06,57.6294,1738,0.0293643577682423,TRUE,""
ENSG00000128815,WDFY4,fbg,null,0.00140809033411778,0.932463513418651,0.007371,57.6294,1985,0.00711000240820977,TRUE,""
ENSG00000128829,EIF2AK4,t2d,grey,-0.0806808324411344,0.142007972959867,5.42e-07,25.5922,2783,0.00262783428385241,TRUE,""
ENSG00000128872,TMOD2,t2d,grey,-0.0368939770514646,0.0742921202246992,2.755e-07,69.3592,3013,0.00428144104353914,TRUE,""
ENSG00000128881,TTBK2,t2d,null,0.0161859583098444,0.898222589757693,0.0003028,12.0228,1496,0.00379483280600942,TRUE,""
ENSG00000128915,NARG2,cad,grey,0.0334562253709035,0.223902567922775,0.0001029,62.3792,4901,0.00292653920166626,TRUE,""
ENSG00000128923,FAM63B,fbg,grey,0.0181937246613921,0.349538991650093,0.000931,28.3155,2207,0.00571858896958173,TRUE,""
ENSG00000128923,FAM63B,t2d,null,0.0207032039250324,0.68370878740079,4.76e-06,28.3155,3598,0.00188016761411167,TRUE,""
ENSG00000128944,KNSTRN,t2d,null,0.0112614050283191,0.626131140669092,1.055e-07,81.8772,2486,0.00306333914597724,TRUE,""
ENSG00000128951,DUT,t2d,null,-0.0128223598905057,0.845827892312863,0.0001615,29.1522,2290,0.00520534959977324,TRUE,""
ENSG00000128973,CLN6,t2d,null,0.010570576414771,0.551885778312856,4.132e-05,81.9616,2428,0.00350722010135883,TRUE,""
ENSG00000128989,ARPP19,cad,null,0.00185926679188017,0.964152088625309,1.106e-05,36.3756,4838,0.00367442806206771,TRUE,""
ENSG00000129116,PALLD,cad,grey,-0.145176397824895,0.158808288628619,3.092e-08,11.4025,2561,0.000220468146778157,TRUE,""
ENSG00000129226,CD68,fbg,null,0.010868065565413,0.702199590874297,0.001727,21.2187,1309,0.00427941185617247,TRUE,""
ENSG00000129244,ATP1B2,t2d,grey,0.125810515964476,0.125193745581814,0.0007091,26.0328,2065,0.0172022533593747,TRUE,""
ENSG00000129270,MMP28,t2d,grey,0.24667014722446,0.104940620541446,0.0004728,12.009,392,0.000356216766559243,TRUE,""
ENSG00000129270,MMP28,fbg,grey,0.0590826699938825,0.363302140886898,0.001691,12.009,1236,0.00786712492853199,TRUE,""
ENSG00000129277,CCL4,fbg,null,-0.0050045124640533,0.745692505957826,0.001691,28.6298,1317,0.00473699498874434,TRUE,""
ENSG00000129347,KRI1,fbg,null,-0.000646393046810014,0.979005461093967,0.0007317,23.0037,985,0.00923696069255417,TRUE,""
ENSG00000129422,MTUS1,t2d,null,0.00864548452843349,0.824972644890565,7.963e-05,55.6631,6745,0.0119339201034134,TRUE,""
ENSG00000129437,KLK14,fbg,grey,-0.0673666601961213,0.465555404903429,0.001116,7.0406,1866,0.00555261866954141,TRUE,""
ENSG00000129465,RIPK3,fbg,grey,-0.14063928047278,0.114348129742201,0.005151,11.2554,2184,0.0238392644840034,TRUE,""
ENSG00000129467,ADCY4,t2d,grey,-0.613356394473382,0.0939342316614916,2.413e-06,7.7106,3209,0.0237030982574075,TRUE,""
ENSG00000129467,ADCY4,fbg,grey,0.139607239040583,0.332917547895039,0.005151,7.7106,2187,0.0117472397022567,TRUE,""
ENSG00000129515,SNX6,t2d,null,0.00180701641961847,0.960122388323255,0.002548,47.8693,3131,0.00446810470692486,TRUE,""
ENSG00000129559,NEDD8,cad,null,-0.0459016440944524,0.810330256604408,0.0002795,14.64,4576,0.00412937978008247,TRUE,""
ENSG00000129562,DAD1,cad,null,0.0152088541972931,0.682831652206915,0.0001667,44.2799,4780,0.00306088493025191,TRUE,""
ENSG00000129596,CDO1,cad,grey,0.0256967380994602,0.41325337549364,0.001239,67.3942,4420,0.00488607301925259,TRUE,""
ENSG00000129657,SEC14L1,cad,grey,-0.0741534945193745,0.160465178051431,5.333e-06,18.9628,,,FALSE,对齐后仅 0 变异(<10)
ENSG00000129667,RHBDF2,fbg,grey,-0.0529817544627463,0.267815129705963,0.000889,11.4462,1565,0.00830670259050329,TRUE,""
ENSG00000129673,AANAT,cad,null,0.00994977668994848,0.815502576593791,5.543e-05,21.5088,,,FALSE,对齐后仅 0 变异(<10)
ENSG00000129749,CHRNA10,cad,null,0.0506156864686166,0.598668814257765,3.436e-05,10.5144,6086,0.00290300929306173,TRUE,""
ENSG00000129757,CDKN1C,fbg,grey,0.0572571743868243,0.292509878183885,1.615e-05,8.3415,1686,0.00654106407505789,TRUE,""
ENSG00000129990,SYT5,t2d,grey,0.133897716179052,0.472481961332033,0.001376,9.434,1318,0.00638478069975383,TRUE,""
ENSG00000130005,GAMT,fbg,grey,-0.0633832123135279,0.475050524053953,0.003687,22.311,1005,0.0182416816029541,TRUE,""
ENSG00000130038,EFCAB4B,t2d,grey,-0.101259806130619,0.126490221855965,2.087e-10,23.7448,3364,5.08723471770551e-06,TRUE,""
ENSG00000130147,SH3BP4,t2d,grey,0.339514483884129,0.0833659249738315,0.0002874,9.804,1998,0.00677660746121284,TRUE,""
ENSG00000130147,SH3BP4,cad,null,0.0871481028151775,0.548506235500147,6.63e-05,9.804,3411,0.00713995144568011,TRUE,""
ENSG00000130165,ELOF1,fbg,null,0.0166162816581814,0.588048156696901,0.0007317,27.8522,1074,0.00662975661550986,TRUE,""
ENSG00000130222,GADD45G,t2d,null,0.00344219795223983,0.969319696640591,0.000235,10.4082,,,FALSE,对齐后仅 0 变异(<10)
ENSG00000130227,XPO7,t2d,null,0.0432480372330733,0.644412333769812,0.000886,14.7665,2922,0.00428757073976116,TRUE,""
ENSG00000130270,ATP8B3,fbg,grey,0.0602103270468056,0.0701701422784365,0.003687,16.9433,1029,0.0200779849775591,TRUE,""
ENSG00000130270,ATP8B3,cad,null,-0.0053919695862811,0.922905718287002,6.73e-06,16.9433,5419,0.00219856989524788,TRUE,""
ENSG00000130311,DDA1,cad,grey,0.0546302373762921,0.317310507862914,1.438e-13,12.4604,5625,1.06174496436266e-10,TRUE,""
ENSG00000130313,PGLS,cad,null,-0.0181127634050712,0.812779285408195,1.438e-13,15.3473,5749,8.24192633495419e-11,TRUE,""
ENSG00000130332,LSM7,cad,grey,0.0271146292895668,0.0933537167952516,6.73e-06,46.7564,5601,0.00354648360445537,TRUE,""
ENSG00000130338,TULP4,cad,grey,0.0488792692322238,0.317310507862914,5.072e-20,22.7448,5504,3.72200938741444e-05,TRUE,""
ENSG00000130382,MLLT1,t2d,grey,-0.187998668304499,0.322542155546151,0.0002789,8.7107,1719,0.00924786433074468,TRUE,""
ENSG00000130475,FCHO1,t2d,null,0.00935907430618853,0.804581123305239,0.0007279,30.6191,1108,0.00473986036005429,TRUE,""
ENSG00000130489,SCO2,fbg,null,0.00410044885973162,0.75831647352629,0.0007649,55.5089,813,0.00496661260774168,TRUE,""
ENSG00000130513,GDF15,fbg,grey,0.0210148674697358,0.494653079736033,0.0007539,20.7374,1052,0.00587766308795704,TRUE,""
ENSG00000130590,SAMD10,cad,null,-0.0125386105333603,0.651229508747158,4.23e-06,45.1832,2512,0.00306972045849073,TRUE,""
ENSG00000130638,ATXN10,fbg,null,0.0166019860364059,0.581619684639375,0.003041,28.8495,2074,0.00604390105730351,TRUE,""
ENSG00000130699,TAF4,cad,null,-0.0401175734754894,0.65271044057584,0.0003504,11.9404,2407,0.000566035111379576,TRUE,""
ENSG00000130702,LAMA5,fbg,grey,0.0840104798269712,0.118170245865335,0.0005701,31.4211,1946,0.0349329354574393,TRUE,""
ENSG00000130703,OSBPL2,fbg,grey,-0.0484283539909919,0.346973356970029,0.0005701,28.8053,2013,0.0145070492707766,TRUE,""
ENSG00000130723,PRRC2B,t2d,grey,0.112635685778064,0.430020468880823,0.004617,16.7704,,,FALSE,对齐后仅 0 变异(<10)
ENSG00000130723,PRRC2B,fbg,null,0.0146168447192907,0.793677293317389,0.002089,16.7704,1731,0.00854198735616765,TRUE,""
ENSG00000130724,CHMP2A,cad,grey,-0.195842883923377,0.156216911714423,0.0005571,8.6342,1307,0.00830546455400427,TRUE,""
ENSG00000130724,CHMP2A,fbg,grey,0.0927676818584417,0.236329736314398,0.007224,8.6342,676,0.0140476195293145,TRUE,""
ENSG00000130725,UBE2M,cad,grey,-0.100274261793061,0.156216911714423,0.0005571,10.1571,1290,0.00847595032652098,TRUE,""
ENSG00000130725,UBE2M,fbg,grey,0.047498334533555,0.236329736314398,0.007224,10.1571,674,0.0109138640398799,TRUE,""
ENSG00000130731,C16orf13,cad,grey,0.0185236451550922,0.482995690247368,1.83e-07,50.7608,4796,0.000328151147353319,TRUE,""
ENSG00000130734,ATG4D,cad,grey,-0.220335225849803,0.0793643945944879,1.931e-36,7.466,4856,1.50553967590001e-10,TRUE,""
ENSG00000130768,SMPDL3B,t2d,null,0.018644502752159,0.802587348634153,7.602e-06,19.0941,1480,0.00275699960958076,TRUE,""
ENSG00000130770,ATPIF1,fbg,grey,-0.0196378446714232,0.289680155734686,1.967e-05,32.5716,872,0.0072539797077947,TRUE,""
ENSG00000130775,THEMIS2,cad,grey,0.0266184765017346,0.264136875256031,1.852e-06,40.9427,3097,0.00128529840162178,TRUE,""
ENSG00000130844,ZNF331,fbg,grey,0.0152754304339385,0.366406064176293,0.001442,32.4572,1731,0.00493398354024186,TRUE,""
ENSG00000130876,SLC7A10,t2d,grey,0.269619441434668,0.140719145281057,5.137e-08,9.0446,2976,0.000487225068913836,TRUE,""
ENSG00000130939,UBE4B,fbg,grey,-0.0916397078769042,0.317310507862914,0.005201,24.9617,1127,0.0181881396848363,TRUE,""
ENSG00000130948,HSD17B3,cad,grey,0.139657372094451,0.0679411680278089,8.993e-05,14.6573,,,FALSE,对齐后仅 0 变异(<10)
ENSG00000131013,PPIL4,t2d,null,-0.0904861176115946,0.581358219650341,4.745e-05,5.2236,3641,0.00539656553579779,TRUE,""
ENSG00000131018,SYNE1,t2d,grey,-0.373976020444238,0.0754403596268005,3.188e-07,9.9001,4056,0.00290050867096571,TRUE,""
ENSG00000131018,SYNE1,fbg,null,-0.00539388491025343,0.94800091434817,2.841e-06,9.9001,2530,0.00169299208432469,TRUE,""
ENSG00000131043,AAR2,cad,grey,-0.0934454786234533,0.106765534268082,6.84e-12,39.4377,1228,0.00263644704167494,TRUE,""
ENSG00000131044,TTLL9,t2d,null,-0.0529477539072642,0.643722802327308,0.001766,10.8472,519,0.000609322133565185,TRUE,""
ENSG00000131044,TTLL9,cad,null,0.00715510187936003,0.931301948464218,6.547e-05,10.8472,769,0.000907835459601754,TRUE,""
ENSG00000131051,RBM39,fbg,null,0.00275456096418884,0.958025455470674,0.007627,12.8803,988,0.00715181769359179,TRUE,""
ENSG00000131067,GGT7,cad,null,-0.00282590542903544,0.945017067376838,5.094e-06,25.1493,936,0.00116953465684915,TRUE,""
ENSG00000131095,GFAP,cad,null,0.0303401228996706,0.814693865294245,7.357e-09,8.5827,208,5.67956201032245e-05,TRUE,""
ENSG00000131100,ATP6V1E1,cad,null,0.0182523888133351,0.584607758753132,0.0005369,44.5773,4486,0.0052788775062503,TRUE,""
ENSG00000131115,ZNF227,t2d,null,0.0407899547729822,0.723016370575763,3.114e-16,12.1965,2128,0.00414798168687774,TRUE,""
ENSG00000131142,CCL25,t2d,null,0.00543742196997794,0.98030114827788,0.0002789,6.2737,1840,0.00403980998562082,TRUE,""
ENSG00000131165,CHMP1A,cad,grey,-0.0600438336569996,0.195291954924253,6.449e-05,20.1994,4954,0.00542395229375495,TRUE,""
ENSG00000131236,CAP1,fbg,grey,-0.0211864651046744,0.391365938307552,0.0002863,16.9074,1351,0.00579202719498731,TRUE,""
ENSG00000131236,CAP1,t2d,null,-0.0225988961116527,0.719183260164793,2.733e-13,16.9074,2477,8.66878610343318e-10,TRUE,""
ENSG00000131238,PPT1,t2d,grey,0.0391795288184755,0.498601565113622,2.733e-13,117.1236,2504,1.39842041521646e-09,TRUE,""
ENSG00000131351,HAUS8,fbg,null,0.00189413392291494,0.909011306646051,0.001792,34.1985,1184,0.00354979507423524,TRUE,""
ENSG00000131378,RFTN1,t2d,null,-0.0389892649027024,0.568935288733455,3.577e-07,20.5055,4054,0.000222122457595335,TRUE,""
ENSG00000131381,ZFYVE20,t2d,grey,-0.134204440955732,0.474121353102787,3.577e-07,16.9831,3571,0.000546758397163648,TRUE,""
ENSG00000131504,DIAPH1,t2d,null,0.124126474735001,0.610912097082934,0.001143,8.2735,2250,0.00633044201332222,TRUE,""
ENSG00000131507,NDFIP1,fbg,null,0.00825608438963948,0.651547872829126,2.23e-05,30.1838,1974,0.00297898567579734,TRUE,""
ENSG00000131626,PPFIA1,t2d,null,0.00634361119300712,0.788474038011842,0.0006526,62.3899,2563,0.0038745105301169,TRUE,""
ENSG00000131634,TMEM204,t2d,null,-0.01530299535689,0.504985075093846,0.008967,102.5586,1600,0.00597342601163005,TRUE,""
ENSG00000131650,KREMEN2,fbg,grey,-0.085469228134754,0.331753366775936,0.0004271,6.8494,948,0.00637065755523627,TRUE,""
ENSG00000131686,CA6,fbg,null,-0.00502477571053534,0.876876835728897,0.0002507,39.4979,1215,0.00928707256996169,TRUE,""
ENSG00000131697,NPHP4,t2d,null,-0.000450680530628107,0.990026702711924,2.626e-06,39.9085,3144,0.00254256437662488,TRUE,""
ENSG00000131711,MAP1B,cad,grey,0.184974706489488,0.186156863266151,0.001017,7.4805,2600,0.00704251588991127,TRUE,""
ENSG00000131711,MAP1B,fbg,grey,0.135173823973088,0.0748716187250425,0.0005509,7.4805,1418,0.0250019196580129,TRUE,""
ENSG00000131730,CKMT2,fbg,grey,0.0416606713930786,0.406432114846317,0.00278,18.3132,1720,0.0120630722505898,TRUE,""
ENSG00000131759,RARA,fbg,grey,-0.102971904194512,0.136516629910147,0.0007864,11.5818,1155,0.0150298540888224,TRUE,""
ENSG00000131759,RARA,t2d,null,0.0599388696057608,0.736714852620417,8.979e-22,11.5818,190,0.00656730178811671,TRUE,""
ENSG00000131773,KHDRBS3,cad,grey,-0.230259327363404,0.477614268257678,8.801e-05,9.9976,3175,0.0125446189568944,TRUE,""
ENSG00000131845,ZNF304,t2d,grey,-0.0645894365609653,0.449760749581585,0.0006306,17.5571,2626,0.00547312447550445,TRUE,""
ENSG00000131848,ZSCAN5A,cad,null,0.0904718887734349,0.87328854108864,4.205e-06,6.4347,5198,0.00886194276958674,TRUE,""
ENSG00000131849,ZNF132,cad,grey,0.0538678499184968,0.0610353288084098,0.0005571,61.5824,1646,0.00287754296878227,TRUE,""
ENSG00000131849,ZNF132,fbg,null,0.00283514999571036,0.853848301985592,0.001716,61.5824,777,0.00390681525679114,TRUE,""
ENSG00000131876,SNRPA1,t2d,grey,0.149716099762642,0.323176251095116,0.004395,6.5411,1348,0.00632598189292365,TRUE,""
ENSG00000131885,KRT17P1,cad,grey,0.0953962313337885,0.243758340808158,9.507e-10,14.3125,4167,3.14419667063478e-05,TRUE,""
ENSG00000131941,RHPN2,cad,null,-0.00703702238094578,0.915053427839804,5.702e-06,20.0217,5293,0.00223376949110134,TRUE,""
ENSG00000131944,C19orf40,t2d,grey,-0.0225316230624233,0.435938618025932,5.137e-08,52.751,3076,0.000219370056911352,TRUE,""
ENSG00000131944,C19orf40,cad,null,0.0060532718675167,0.767931264799907,5.702e-06,52.751,5334,0.0018706143490248,TRUE,""
ENSG00000131966,ACTR10,fbg,null,0.000749259445141294,0.985493807229077,0.002222,28.6201,2112,0.0130442183539278,TRUE,""
ENSG00000131981,LGALS3,fbg,grey,0.226243424210712,0.0809057780917596,0.0004523,7.4266,1911,0.0279801418828919,TRUE,""
ENSG00000132000,PODNL1,cad,null,-0.0320479516372968,0.877731041501716,3.849e-05,4.6932,5040,0.00384745281127715,TRUE,""
ENSG00000132109,TRIM21,cad,null,-0.0122133785773098,0.889260100828208,0.0007213,16.0316,7096,0.00363261883489558,TRUE,""
ENSG00000132141,CCT6B,t2d,grey,-0.0555177907851857,0.287649942213577,0.0007579,18.0685,667,0.000226486983177773,TRUE,""
ENSG00000132199,ENOSF1,t2d,null,-0.0114325882730511,0.699835770418181,5.831e-05,52.0194,3163,0.00263113586166821,TRUE,""
ENSG00000132204,LINC00470,fbg,grey,-0.115656734879418,0.172682041418748,0.0003397,6.0906,2324,0.0108774263270979,TRUE,""
ENSG00000132259,CNGA4,cad,null,0.0028738655974601,0.988547504846005,5.609e-13,14.4559,7541,8.57975025620421e-09,TRUE,""
ENSG00000132275,RRP8,t2d,null,-0.00118785519197557,0.980775726406318,0.001326,29.8686,5175,0.00380844242402349,TRUE,""
ENSG00000132305,IMMT,t2d,grey,-0.0497401802163545,0.0855211490112153,0.0006453,72.3294,2868,0.0541293604129942,TRUE,""
ENSG00000132321,IQCA1,t2d,null,-0.107728033925513,0.749613576677174,0.0004264,4.7776,2032,0.0043715344866411,TRUE,""
ENSG00000132323,ILKAP,fbg,grey,-0.053405567318526,0.257811495146286,0.003173,13.6915,1961,0.00851809662096403,TRUE,""
ENSG00000132334,PTPRE,t2d,grey,0.0353548937749303,0.353111234506006,0.0007378,39.1814,318,5.96460476677884e-05,TRUE,""
ENSG00000132341,RAN,cad,null,0.0783418967533055,0.590258451314772,0.0003437,11.1125,5676,0.00509857119268791,TRUE,""
ENSG00000132394,EEFSEC,fbg,null,-0.0216889280865236,0.536808016981021,0.006261,17.2346,1397,0.00499004405721753,TRUE,""
ENSG00000132423,COQ3,fbg,grey,-0.141846297811602,0.427398753621591,7.4e-05,6.263,2070,0.0103279186323952,TRUE,""
ENSG00000132434,LANCL2,fbg,grey,-0.0244794408059814,0.467058901715173,0.0004936,17.4183,1776,0.00519296755301111,TRUE,""
ENSG00000132434,LANCL2,cad,null,0.0214195107052337,0.730649037334656,2.322e-06,17.4183,6819,0.00193690281452581,TRUE,""
ENSG00000132436,FIGNL1,t2d,null,-0.020690379134925,0.587702312844741,2.802e-05,60.6965,4189,0.00394736935457652,TRUE,""
ENSG00000132463,GRSF1,fbg,grey,0.215898027615825,0.472645187126825,0.009103,6.1629,1657,0.0169327149391161,TRUE,""
ENSG00000132466,ANKRD17,fbg,null,0.0516334355497511,0.561479628322256,0.0009093,6.1312,1246,0.00445001418944567,TRUE,""
ENSG00000132475,H3F3B,fbg,null,0.0258283725516022,0.578514721507944,0.008484,13.5335,1175,0.00501266050021688,TRUE,""
ENSG00000132510,KDM6B,t2d,grey,-0.301202570956585,0.0631536636560237,0.0007091,14.8332,2068,0.0347024920538747,TRUE,""
ENSG00000132510,KDM6B,fbg,null,0.0175245132192922,0.796357116257739,0.001727,14.8332,1236,0.0074441771006241,TRUE,""
ENSG00000132514,CLEC10A,cad,null,-0.000492459936304805,0.987335697504501,0.0002708,36.0228,5718,0.0027415926081186,TRUE,""
ENSG00000132518,GUCY2D,fbg,grey,-0.0469093052725234,0.419982497240339,0.001727,9.4543,1264,0.00519377047887418,TRUE,""
ENSG00000132561,MATN2,t2d,grey,0.0722350862953857,0.203718674354107,1.172e-07,33.5128,1179,0.000367316992420162,TRUE,""
ENSG00000132570,PCBD2,t2d,grey,0.583212261512873,0.0671535231768464,2.353e-07,6.349,1365,0.0175282442816983,TRUE,""
ENSG00000132591,ERAL1,fbg,grey,0.0303417710730418,0.317310507862914,0.0001063,22.2927,770,0.00755725939353044,TRUE,""
ENSG00000132603,NIP7,fbg,null,0.00575132003026444,0.764177155622095,5.479e-06,37.1393,1002,0.004032813414141,TRUE,""
ENSG00000132623,ANKEF1,t2d,grey,-0.0915424568451117,0.206723525034838,8.22e-05,21.6006,4111,0.00759922772434836,TRUE,""
ENSG00000132635,PCED1A,t2d,null,-0.00612497624011638,0.928490976066494,3.884e-06,18.3179,3847,0.00258194873443642,TRUE,""
ENSG00000132640,BTBD3,t2d,grey,-0.0954735685122956,0.422187710354532,0.0002921,11.3656,4756,0.00443530520844536,TRUE,""
ENSG00000132640,BTBD3,fbg,grey,0.0845175852403928,0.101763504951258,0.002625,11.3656,2646,0.0120952738956866,TRUE,""
ENSG00000132640,BTBD3,cad,null,-0.0125211237393175,0.880020367405849,9.823e-07,11.3656,6535,0.000850233209513863,TRUE,""
ENSG00000132740,IGHMBP2,fbg,null,-0.000540624269170142,0.95167294673366,0.001034,86.0243,1497,0.00410091805180164,TRUE,""
ENSG00000132768,DPH2,fbg,grey,-0.131466893870374,0.0656348819693961,0.0003154,10.4772,1464,0.0308113568848737,TRUE,""
ENSG00000132819,RBM38,fbg,grey,0.224010228248294,0.0809678048409095,0.000644,6.9966,2564,0.0255170891120889,TRUE,""
ENSG00000132824,SERINC3,fbg,grey,-0.081925851604878,0.078706382833047,0.002353,31.3702,1777,0.0472068020350981,TRUE,""
ENSG00000132825,PPP1R3D,fbg,null,0.0180770722159647,0.759943064406937,5.274e-06,10.8314,2500,0.00216336491532272,TRUE,""
ENSG00000132842,AP3B1,t2d,grey,-0.0285749049726274,0.259233298673899,1.188e-12,67.9114,2791,0.00351288227440962,TRUE,""
ENSG00000132846,ZBED3,t2d,null,-0.0206515732986312,0.707660466654552,1.188e-12,23.9744,2504,7.80696209603923e-09,TRUE,""
ENSG00000132846,ZBED3,fbg,null,0.00344192888310519,0.87583596638341,7.201e-06,23.9744,2221,0.00310084438957102,TRUE,""
ENSG00000132879,FBXO44,fbg,null,-0.0111452367360077,0.827287450832149,0.002302,14.7271,1273,0.00649060129520384,TRUE,""
ENSG00000132906,CASP9,cad,grey,-0.0239408124969202,0.384927835584944,0.0002725,39.8681,5232,0.00377773280125169,TRUE,""
ENSG00000132952,USPL1,fbg,grey,0.0150768415203347,0.366406064176293,0.000186,33.0568,2385,0.00537782501280601,TRUE,""
ENSG00000132952,USPL1,t2d,null,0.00915379663734607,0.831716977781815,0.0001358,33.0568,2445,0.00373190928714828,TRUE,""
ENSG00000132952,USPL1,cad,null,0.0145383828946085,0.635725114509718,8.889e-05,33.0568,4111,0.00294898414451877,TRUE,""
ENSG00000132953,XPO4,t2d,grey,-0.0713058746227327,0.375576602091406,0.001658,16.6314,2731,0.00543621695918286,TRUE,""
ENSG00000132953,XPO4,fbg,null,-0.0132425195727932,0.674956824198369,0.00227,16.6314,1918,0.00449932132388141,TRUE,""
ENSG00000132965,ALOX5AP,t2d,null,-0.0163630320872884,0.617075077451974,0.0001358,69.0311,2369,0.00456473870664796,TRUE,""
ENSG00000132970,WASF3,t2d,null,0.031167221887992,0.621538629656824,4.5e-07,22.2734,3286,0.00134397770150572,TRUE,""
ENSG00000133027,PEMT,fbg,grey,0.0216559460874118,0.41325337549364,0.0004783,22.0333,1283,0.0054382276224103,TRUE,""
ENSG00000133028,SCO1,fbg,grey,0.0102893903899671,0.398809120942746,0.005172,56.7774,2269,0.00700571486412894,TRUE,""
ENSG00000133055,MYBPH,fbg,null,-0.00298595849872948,0.7924288824046,0.003817,59.602,1633,0.00467439949498022,TRUE,""
ENSG00000133059,DSTYK,fbg,null,0.000348909610737277,0.975070165131246,0.004246,86.4101,2053,0.00470276895915341,TRUE,""
ENSG00000133065,SLC41A1,fbg,grey,-0.0199746683723413,0.33317326895895,0.001884,26.6853,1588,0.00600153715383489,TRUE,""
ENSG00000133067,LGR6,cad,grey,0.0249438068308439,0.455648238135702,1.097e-10,33.3648,5044,1.45008287347811e-06,TRUE,""
ENSG00000133101,CCNA1,fbg,grey,-0.0257463970632851,0.389370518612637,0.007129,31.5371,2378,0.0135795449883783,TRUE,""
ENSG00000133106,EPSTI1,t2d,grey,0.0370259738660037,0.299281841581513,0.0002344,81.4474,2768,0.0420306821168197,TRUE,""
ENSG00000133106,EPSTI1,cad,grey,0.0424444090659067,0.0991224780930231,0.0003288,81.4474,3914,0.0478355424736244,TRUE,""
ENSG00000133193,FAM104A,cad,null,0.0140814615185828,0.592156028908923,0.0001449,37.9698,,,FALSE,对齐后仅 0 变异(<10)
ENSG00000133193,FAM104A,fbg,null,0.00751011280991082,0.605764292132078,0.001944,37.9698,2215,0.00414450943853854,TRUE,""
ENSG00000133195,SLC39A11,t2d,grey,-0.0516206643770693,0.171597533708961,0.0001029,37.2409,,,FALSE,对齐后仅 0 变异(<10)
ENSG00000133226,SRRM1,t2d,grey,0.264768905380062,0.0527809420179414,0.002283,6.9008,1968,0.0189480684323153,TRUE,""
ENSG00000133226,SRRM1,cad,null,-0.060568050250341,0.539192141149036,2.061e-05,6.9008,3599,0.00255130777008489,TRUE,""
ENSG00000133247,SUV420H2,fbg,null,-0.0171440910193347,0.772666406770922,0.001617,12.3518,1572,0.00527962173881887,TRUE,""
ENSG00000133256,PDE6B,fbg,grey,0.0256071260499678,0.495965735328731,0.003038,19.8384,938,0.00705385776933323,TRUE,""
ENSG00000133265,HSPBP1,cad,null,-0.0653334038030407,0.726643792796546,4.205e-06,6.8509,5140,0.00463759255040911,TRUE,""
ENSG00000133321,RARRES3,fbg,grey,-0.0609255353561435,0.353111234506006,0.004269,10.4419,991,0.0077402233347829,TRUE,""
ENSG00000133321,RARRES3,cad,null,-0.0437414099992825,0.635089022632529,0.0003938,10.4419,3415,0.00302693207720719,TRUE,""
ENSG00000133398,MED10,fbg,grey,0.0204587348507494,0.155795591786075,0.0002989,38.3847,2781,0.011701003450063,TRUE,""
ENSG00000133561,GIMAP6,t2d,null,0.0299425524486622,0.671565813289142,6.489e-05,31.507,2402,0.00569882066028909,TRUE,""
ENSG00000133606,MKRN1,t2d,null,-0.0846980193201518,0.519168220983546,2.611e-05,8.8269,1888,0.00532365927045176,TRUE,""
ENSG00000133612,AGAP3,cad,grey,-0.0198662060084157,0.403118014218166,1.353e-20,41.0797,4876,1.43344134720414e-16,TRUE,""
ENSG00000133624,ZNF767,cad,null,-0.0111943578968426,0.75831647352629,0.0002817,28.6115,3840,0.0030983079266062,TRUE,""
ENSG00000133639,BTG1,t2d,null,-0.0677998350776141,0.623995155551681,0.0001921,12.0037,2939,0.00496247964512325,TRUE,""
ENSG00000133641,C12orf29,cad,grey,-0.248856365092987,0.202594831099963,2.843e-09,5.5457,3062,0.00559062371933612,TRUE,""
ENSG00000133678,TMEM254,cad,grey,0.037523927471775,0.297155277950559,0.0004667,40.7083,761,0.000300336543603546,TRUE,""
ENSG00000133678,TMEM254,t2d,null,-0.0336949552807776,0.529629670287596,0.002651,40.7083,600,9.55466334192532e-05,TRUE,""
ENSG00000133687,TMTC1,t2d,grey,-0.0196178494983096,0.368794267918584,0.006766,134.9027,5662,0.00534963668425685,TRUE,""
ENSG00000133704,IPO8,cad,null,-0.00804664142454238,0.79419309581406,4.566e-06,119.4764,6882,0.0068023041902219,TRUE,""
ENSG00000133739,LRRCC1,fbg,grey,0.0455838351072894,0.11903815356799,0.003891,20.6943,982,0.0152560239058361,TRUE,""
ENSG00000133739,LRRCC1,cad,null,-0.0189215919313277,0.709236748741435,8.012e-05,20.6943,1367,0.00307357981669437,TRUE,""
ENSG00000133789,SWAP70,t2d,null,0.00817128409773079,0.839501121400392,0.0007035,34.7888,4219,0.00358119215482441,TRUE,""
ENSG00000133872,TMEM66,cad,grey,0.0572733036210161,0.379738414018375,7.87e-05,18.4708,4940,0.00403395942439156,TRUE,""
ENSG00000133884,DPF2,fbg,grey,-0.0174571489578272,0.402121784699465,0.003257,30.9658,946,0.00632764370524229,TRUE,""
ENSG00000133937,GSC,cad,null,0.043090274248858,0.68489168859197,8.439e-10,11.2908,6281,2.55175169585753e-06,TRUE,""
ENSG00000133961,NUMB,t2d,null,-0.0375548998893294,0.671629231263251,0.001504,17.9714,3072,0.00463041526594308,TRUE,""
ENSG00000133962,CATSPERB,t2d,grey,0.0483509461711925,0.317310507862914,6.653e-07,26.6499,3038,0.000345271388476182,TRUE,""
ENSG00000133985,TTC9,fbg,grey,0.016477734555995,0.302867777010297,0.006654,28.9618,1804,0.00707638875708219,TRUE,""
ENSG00000133997,MED6,fbg,grey,0.0253970884019349,0.347528523523374,0.006654,21.7269,1820,0.00822950940498923,TRUE,""
ENSG00000134001,EIF2S1,fbg,null,0.0199652630676243,0.889875664640676,0.001945,14.152,1447,0.0155855226349675,TRUE,""
ENSG00000134013,LOXL2,t2d,null,0.00981222017239045,0.791983150114723,0.002079,29.2112,3366,0.00448237137332628,TRUE,""
ENSG00000134057,CCNB1,cad,grey,-0.0633258227800698,0.317310507862914,1.023e-05,16.0219,3103,0.00217632816293266,TRUE,""
ENSG00000134057,CCNB1,fbg,grey,0.0266635043284504,0.43881634294658,0.01062,16.0219,985,0.00504236372084696,TRUE,""
ENSG00000134121,CHL1,cad,null,-0.00282222406378581,0.972009793963865,0.001302,12.6062,4469,0.00275870914775612,TRUE,""
ENSG00000134153,EMC7,fbg,null,0.0288200959318228,0.738882680363527,0.0009747,9.3937,2353,0.0065595046645631,TRUE,""
ENSG00000134242,PTPN22,t2d,grey,0.0914640392333245,0.127411255755891,1.834e-06,24.265,2122,0.00678610473705657,TRUE,""
ENSG00000134248,LAMTOR5,cad,null,0.00753617032859771,0.816427058747706,1.793e-05,27.5333,4218,0.00221317666088317,TRUE,""
ENSG00000134256,CD101,cad,grey,-0.022655071066793,0.35183572722835,6.759e-05,58.4668,3621,0.00527214929052818,TRUE,""
ENSG00000134265,NAPG,cad,null,-0.00849375106383445,0.647220356947692,0.0002073,44.2998,7051,0.00681271911816932,TRUE,""
ENSG00000134265,NAPG,fbg,null,0.000629166745469219,0.950164661941506,0.0007054,44.2998,2448,0.00373552050124941,TRUE,""
ENSG00000134278,SPIRE1,cad,grey,0.0412166766991839,0.214975394149174,0.000212,40.2927,5962,0.00654076031946376,TRUE,""
ENSG00000134283,PPHLN1,cad,grey,-0.0366924916249501,0.143115898802514,3.026e-05,39.8373,4874,0.00737586432921992,TRUE,""
ENSG00000134283,PPHLN1,fbg,grey,0.0125291434816903,0.366406064176293,0.003746,39.8373,2458,0.00702210856097874,TRUE,""
ENSG00000134287,ARF3,t2d,null,-0.0153927071729252,0.841480581121794,3.342e-07,45.2548,2103,0.00131521741346148,TRUE,""
ENSG00000134291,TMEM106C,fbg,grey,-0.0145707652008255,0.317310507862914,0.0001674,40.3136,1884,0.00612427263186317,TRUE,""
ENSG00000134318,ROCK2,t2d,null,-0.0184333957708482,0.792935985358011,0.0001428,20.2249,3839,0.00388582186912123,TRUE,""
ENSG00000134321,RSAD2,t2d,grey,0.302748617608215,0.30461085860755,5.234e-05,11.2883,3929,0.0117063901000963,TRUE,""
ENSG00000134326,CMPK2,t2d,grey,0.27707781595206,0.386946290293211,3.817e-05,9.7813,3961,0.00823124792771621,TRUE,""
ENSG00000134333,LDHA,t2d,null,-0.0363589503109025,0.550238620010505,0.001519,20.132,3882,0.00427321860632948,TRUE,""
ENSG00000134369,NAV1,cad,grey,-0.0385088363731587,0.195975282680321,1.097e-10,34.617,5306,2.25199685846218e-06,TRUE,""
ENSG00000134371,CDC73,cad,grey,-0.410566809065561,0.0875745096147995,4.845e-05,5.2722,5245,0.0123915933609444,TRUE,""
ENSG00000134371,CDC73,fbg,grey,-0.146869427633209,0.369207310198107,0.002174,5.2722,1696,0.00692081409857499,TRUE,""
ENSG00000134371,CDC73,t2d,null,0.00333794153711839,0.992100281931256,0.0004362,5.2722,3406,0.00413039501229325,TRUE,""
ENSG00000134460,IL2RA,t2d,grey,-0.234367898909024,0.11163003635549,0.0004623,15.7344,4940,0.0210615867736906,TRUE,""
ENSG00000134480,CCNH,fbg,grey,0.0504425395935203,0.477377817921635,0.002163,8.6615,1326,0.00378216563631215,TRUE,""
ENSG00000134508,CABLES1,fbg,null,-0.0464896100292192,0.673716649749524,0.0004315,6.1261,1452,0.00597542217458313,TRUE,""
ENSG00000134516,DOCK2,t2d,null,-0.0059312079270629,0.945486271905116,1.249e-05,21.4132,3406,0.00429701951543461,TRUE,""
ENSG00000134516,DOCK2,fbg,null,0.016310821799423,0.624920362458645,0.0001479,21.4132,2691,0.00581898502173468,TRUE,""
ENSG00000134531,EMP1,cad,null,0.00217823879331201,0.982465487224147,0.0003961,16.3125,5561,0.00407666407894247,TRUE,""
ENSG00000134548,C12orf39,cad,grey,0.0368210664112187,0.0900914983292912,0.0004779,24.6962,5517,0.0107590227690327,TRUE,""
ENSG00000134548,C12orf39,fbg,grey,-0.0106781092592534,0.364803543676989,0.003714,24.6962,2062,0.00581602852667595,TRUE,""
ENSG00000134697,GNL2,t2d,null,0.0247120409730772,0.648608453120181,0.000359,17.398,2488,0.00402275330032773,TRUE,""
ENSG00000134697,GNL2,fbg,null,-0.0116695749039531,0.583426134426407,0.0008783,17.398,1541,0.00627140187178971,TRUE,""
ENSG00000134755,DSC2,fbg,null,-0.00528161064081361,0.851268623688206,0.002651,20.1527,2246,0.00387969427330263,TRUE,""
ENSG00000134758,RNF138,cad,null,0.0311041528363486,0.625549841071415,9.347e-06,34.7257,,,FALSE,对齐后仅 0 变异(<10)
ENSG00000134759,ELP2,cad,grey,0.0121400354972459,0.278034273328504,2.591e-05,63.3544,,,FALSE,对齐后仅 0 变异(<10)
ENSG00000134769,DTNA,t2d,null,-0.171302940774114,0.56662187104916,0.001922,5.2993,,,FALSE,对齐后仅 0 变异(<10)
ENSG00000134775,FHOD3,t2d,grey,0.221684962106182,0.176288085609234,0.002105,8.6724,,,FALSE,对齐后仅 0 变异(<10)
ENSG00000134775,FHOD3,fbg,grey,-0.0987336385851064,0.129953390214931,0.002015,8.6724,1812,0.0118840917009568,TRUE,""
ENSG00000134851,TMEM165,fbg,null,-0.00488072388264327,0.925307750889347,0.0003695,10.941,1800,0.0037973610256442,TRUE,""
ENSG00000134871,COL4A2,fbg,grey,0.0865691719543675,0.4787382817329,7.05e-06,6.9905,2349,0.00514430289603915,TRUE,""
ENSG00000134873,CLDN10,t2d,null,-0.0520849521354378,0.599137646373948,0.0002316,13.8281,2962,0.0041667175301509,TRUE,""
ENSG00000134882,UBAC2,t2d,null,0.0505675998487035,0.564297144328328,0.000655,17.0114,2734,0.00482930253615933,TRUE,""
ENSG00000134900,TPP2,cad,grey,0.0452058537495096,0.0900914983292912,4.147e-05,48.2199,4542,0.0948987296363146,TRUE,""
ENSG00000134901,KDELC1,t2d,grey,-0.299657094629562,0.355967119733731,0.0005261,5.2258,3410,0.00637823195265913,TRUE,""
ENSG00000134909,ARHGAP32,fbg,null,0.0136856034088564,0.60759216041817,0.0001632,24.7121,2062,0.00487612524843075,TRUE,""
ENSG00000134910,STT3A,t2d,null,0.00890523215055433,0.834212236432498,0.0007395,24.1389,3660,0.00406463012996659,TRUE,""
ENSG00000134910,STT3A,fbg,null,-0.00395788095580193,0.808451451773901,0.001016,24.1389,2074,0.0045963166333064,TRUE,""
ENSG00000134955,SLC37A2,t2d,null,0.0111940588022085,0.790963055258609,0.0007395,23.4649,3941,0.0039791479950772,TRUE,""
ENSG00000134970,TMED7,fbg,grey,0.0580127266155988,0.317310507862914,0.0005977,9.5057,2409,0.00590038848546928,TRUE,""
ENSG00000134970,TMED7,cad,null,0.0336848090026058,0.752162308378054,0.001239,9.5057,4130,0.0028323723742512,TRUE,""
ENSG00000134986,NREP,cad,grey,0.0264067695845594,0.479136355375383,4.839e-07,12.9212,3671,0.00046776402694504,TRUE,""
ENSG00000134986,NREP,fbg,null,-0.00114812041671998,0.958025455470674,0.002095,12.9212,2166,0.00452915523877741,TRUE,""
ENSG00000135040,NAA35,t2d,null,-0.0402317102548783,0.610188838027009,0.0001082,22.9289,,,FALSE,对齐后仅 0 变异(<10)
ENSG00000135040,NAA35,cad,null,0.0340422163695124,0.535443258883731,6.041e-05,22.9289,,,FALSE,对齐后仅 0 变异(<10)
ENSG00000135046,ANXA1,fbg,grey,-0.0198409555029265,0.126162397742482,0.000611,46.6271,1926,0.0101669838878812,TRUE,""
ENSG00000135047,CTSL1,t2d,grey,0.0226099345312173,0.254602855011452,3.61e-05,67.3181,,,FALSE,对齐后仅 0 变异(<10)
ENSG00000135047,CTSL1,fbg,null,0.00401954391666085,0.605764292132078,0.0001835,67.3181,2219,0.00387998318428921,TRUE,""
ENSG00000135074,ADAM19,t2d,grey,0.0569596965507033,0.3933803223244,1.962e-05,41.7363,3272,0.00334565413542505,TRUE,""
ENSG00000135077,HAVCR2,cad,grey,-0.049515183807192,0.303286223069842,9.556e-06,25.1163,4616,0.00202089709378478,TRUE,""
ENSG00000135083,CCNJL,cad,grey,-0.163609685904469,0.126162397742482,5.475e-05,13.9549,4273,0.0126055844417685,TRUE,""
ENSG00000135083,CCNJL,t2d,null,0.0830633789976537,0.588518882160993,0.007621,13.9549,2809,0.00702422490165724,TRUE,""
ENSG00000135090,TAOK3,fbg,grey,-0.0336491617741232,0.477904197979373,2.855e-06,10.5585,2194,0.00305596288112622,TRUE,""
ENSG00000135093,USP30,cad,null,0.0177397491897147,0.853647882268047,3.311e-06,19.0296,4564,0.00347442702389465,TRUE,""
ENSG00000135094,SDS,cad,null,-0.0900586689028265,0.694424996831734,2.439e-05,10.1371,4957,0.00644623400921717,TRUE,""
ENSG00000135114,OASL,fbg,grey,0.0181553609312952,0.159649901642811,5.182e-07,46.5393,1263,0.00218532206796927,TRUE,""
ENSG00000135164,DMTF1,cad,grey,-0.372528051102913,0.0871685914322744,0.000137,6.1906,3899,0.0245669460071069,TRUE,""
ENSG00000135164,DMTF1,t2d,null,0.094564812972278,0.753304047285912,0.001889,6.1906,3041,0.00510181488432107,TRUE,""
ENSG00000135164,DMTF1,fbg,null,0.0659088090412847,0.58395350774479,6.921e-05,6.1906,1516,0.005416222447738,TRUE,""
ENSG00000135213,POM121C,fbg,null,0.000577411467433337,0.954431397113681,0.006194,27.7553,493,0.00422970433320981,TRUE,""
ENSG00000135269,TES,cad,grey,0.0264127169220254,0.185974874255209,2.398e-05,55.0023,3744,0.00618601926623499,TRUE,""
ENSG00000135272,MDFIC,t2d,null,0.0844518587673518,0.619894410945339,0.0004911,13.0678,1973,0.00772506950658376,TRUE,""
ENSG00000135318,NT5E,cad,grey,0.01503095129202,0.425179074632738,0.002045,74.7601,3612,0.00512671849042152,TRUE,""
ENSG00000135341,MAP3K7,fbg,grey,0.0331656395201635,0.289680155734686,0.0006792,19.2858,2244,0.00671173744780406,TRUE,""
ENSG00000135372,NAT10,fbg,grey,-0.0342645333703672,0.355967119733731,0.002317,23.7743,2283,0.00943970908131178,TRUE,""
ENSG00000135372,NAT10,t2d,null,-0.0342645333703672,0.726064817084143,3.706e-06,23.7743,3967,0.00154336698474768,TRUE,""
ENSG00000135387,CAPRIN1,t2d,null,-0.0198033618007569,0.935059051540926,3.706e-06,9.868,3923,0.00149825124275428,TRUE,""
ENSG00000135390,ATP5G2,cad,grey,0.145410031725577,0.0529309460298699,9.28e-13,14.6888,3239,3.32308762640119e-08,TRUE,""
ENSG00000135404,CD63,cad,null,-0.0214029876823622,0.746636986614261,4.561e-06,17.1705,2822,0.00247208886376009,TRUE,""
ENSG00000135407,AVIL,t2d,grey,-0.0250012197497194,0.397977916537113,0.001463,30.4475,2324,0.00572283622807222,TRUE,""
ENSG00000135423,GLS2,cad,null,0.0922540947904113,0.511992904340372,4.918e-09,7.6359,2462,0.000886267223197259,TRUE,""
ENSG00000135441,BLOC1S1,t2d,grey,0.406654102320881,0.0804754766284278,0.0008094,10.5722,1814,0.0475007988748105,TRUE,""
ENSG00000135441,BLOC1S1,cad,null,0.0442224319308759,0.766638908883864,4.561e-06,10.5722,2838,0.00589995995468307,TRUE,""
ENSG00000135472,FAIM2,fbg,null,0.027957316005346,0.520316800507367,0.007142,16.7639,947,0.00628850979369644,TRUE,""
ENSG00000135540,NHSL1,fbg,grey,0.0212540530004809,0.317310507862914,0.001017,16.6867,1974,0.00665030977861423,TRUE,""
ENSG00000135540,NHSL1,t2d,null,-0.0269983916492595,0.59743694916693,2.506e-07,16.6867,3366,0.000114930001310962,TRUE,""
ENSG00000135547,HEY2,t2d,null,0.0231995954004531,0.943056670967043,7.858e-12,4.5792,1901,0.00204813509758551,TRUE,""
ENSG00000135604,STX11,cad,null,-0.0548182329189365,0.683028970338516,8.408e-05,15.7424,4351,0.00547215619319978,TRUE,""
ENSG00000135604,STX11,fbg,null,-0.0033562183419757,0.971510179466646,0.0008083,15.7424,2071,0.00998461441039108,TRUE,""
ENSG00000135617,PRADC1,t2d,grey,-0.0529128035517931,0.264685639371351,0.0006866,24.7775,2229,0.00686730615669108,TRUE,""
ENSG00000135637,CCDC142,cad,grey,-1.08204992666786,0.0547049706520286,4.265e-05,4.8111,4019,0.0188921541143946,TRUE,""
ENSG00000135655,USP15,t2d,null,0.00818104679683614,0.859924253238214,0.0001703,32.1455,3502,0.00390177267528203,TRUE,""
ENSG00000135678,CPM,fbg,null,-0.0214939371348404,0.531971058097401,9.756e-06,16.4955,2229,0.00383199963098042,TRUE,""
ENSG00000135686,KLHL36,cad,grey,0.0361933830659147,0.079413654540545,1.872e-05,53.2067,9685,0.00737363306540737,TRUE,""
ENSG00000135698,MPHOSPH6,cad,null,-0.00655783600388622,0.696074443674105,1.612e-16,77.2743,9684,2.51969393504375e-12,TRUE,""
ENSG00000135720,DYNC1LI2,fbg,grey,0.0297405050271962,0.349538991650093,0.0003007,17.2513,1377,0.00579185296003755,TRUE,""
ENSG00000135747,ZNF670,cad,grey,-0.107750967616743,0.249861877892272,0.001028,13.8295,6927,0.00580053866906266,TRUE,""
ENSG00000135747,ZNF670,fbg,grey,0.0731167280256468,0.154157201104144,0.001606,13.8295,1858,0.0111087437846188,TRUE,""
ENSG00000135821,GLUL,fbg,null,-0.0207681692902611,0.510605772861378,0.00788,21.3881,1863,0.00548877106217626,TRUE,""
ENSG00000135828,RNASEL,t2d,grey,-0.0568246637383623,0.284354615641897,0.00122,28.4088,3627,0.00680024771629785,TRUE,""
ENSG00000135829,DHX9,t2d,grey,0.57857420975232,0.42317453004696,0.00122,5.1206,3685,0.0127579665140822,TRUE,""
ENSG00000135898,GPR55,cad,null,-0.0518705560888608,0.710479545672844,1.148e-06,16.6959,3076,0.00648206242553298,TRUE,""
ENSG00000135899,SP110,fbg,grey,-0.0120535770597768,0.465899718527069,0.0002303,51.5912,1843,0.0103999524721981,TRUE,""
ENSG00000135912,TTLL4,fbg,grey,0.0232174073465452,0.272740113942454,0.001446,26.0193,1281,0.00668335081239794,TRUE,""
ENSG00000135931,ARMC9,t2d,grey,-0.349958273617363,0.118001235852094,0.0001242,6.1767,1884,0.0119708884443873,TRUE,""
ENSG00000135953,MFSD9,cad,null,0.0078541250703231,0.701303373192112,5.573e-05,89.1021,3485,0.00275418892946157,TRUE,""
ENSG00000135960,EDAR,cad,grey,0.216065636300746,0.364040809202329,8.538e-05,9.5696,3278,0.00860949079017431,TRUE,""
ENSG00000135974,C2orf49,fbg,null,0.0165839701250065,0.831509517776774,0.002882,7.2014,2249,0.00565625943573256,TRUE,""
ENSG00000136010,ALDH1L2,t2d,null,0.12840828868906,0.667195641190915,0.002517,5.3403,3648,0.00513782227936795,TRUE,""
ENSG00000136026,CKAP4,fbg,grey,0.154153860168115,0.368120250693519,0.01327,34.852,2144,0.0570051502994065,TRUE,""
ENSG00000136044,APPL2,t2d,null,0.0170444396566805,0.52088921501833,0.002517,57.5466,3512,0.00466815524318597,TRUE,""
ENSG00000136044,APPL2,fbg,null,-0.000327777685705394,0.975070165131246,0.0007622,57.5466,2472,0.00408483612483147,TRUE,""
ENSG00000136045,PWP1,fbg,grey,-0.0219234953584061,0.0744588055928865,0.002455,53.8857,1799,0.0125127541911563,TRUE,""
ENSG00000136052,SLC41A2,fbg,null,-0.0234647591443228,0.593802857207703,0.0007622,12.2152,2367,0.00607104149217619,TRUE,""
ENSG00000136098,NEK3,t2d,grey,0.03683362752138,0.458850651929467,3.678e-07,28.9412,2244,0.00383216217533397,TRUE,""
ENSG00000136108,CKAP2,fbg,null,-0.00727742177823003,0.583426134426407,0.003591,82.1196,1551,0.00444779325023954,TRUE,""
ENSG00000136122,BORA,cad,grey,0.108601274742051,0.132181305061536,0.000203,42.8406,4510,0.0300573514211604,TRUE,""
ENSG00000136144,RCBTB1,fbg,null,0.00640625749796055,0.561479628322256,0.001278,60.943,1702,0.00465167471807006,TRUE,""
ENSG00000136147,PHF11,fbg,null,0.00704990195730031,0.561479628322256,0.001278,45.3237,1665,0.00504282223144104,TRUE,""
ENSG00000136152,COG3,fbg,null,-0.0121185468372104,0.725324774655607,0.0008566,19.0295,1760,0.00746148180768271,TRUE,""
ENSG00000136156,ITM2B,fbg,grey,0.0235460913312628,0.330940007555671,0.001278,26.3038,1935,0.00694574497923541,TRUE,""
ENSG00000136231,IGF2BP3,cad,null,0.0542663231245276,0.611120564276547,0.0002636,7.17,6173,0.00292628093763184,TRUE,""
ENSG00000136270,TBRG4,cad,null,0.0215313271227125,0.52932793778425,3.64e-08,32.1813,5577,0.000126824405597611,TRUE,""
ENSG00000136274,NACAD,cad,grey,-0.0461664035593159,0.138302287372473,3.64e-08,16.6269,5470,0.000280311278366691,TRUE,""
ENSG00000136274,NACAD,fbg,grey,-0.0244737561037337,0.234365227693259,3.509e-53,16.6269,1596,2.61667879005785e-48,TRUE,""
ENSG00000136280,CCM2,fbg,grey,0.020389461626575,0.106765534268082,3.509e-53,66.4119,1567,1.32811255404743e-48,TRUE,""
ENSG00000136295,TTYH3,cad,grey,-0.140268249577668,0.230994031402233,1.883e-08,13.1389,8019,0.000213688222793503,TRUE,""
ENSG00000136319,TTC5,fbg,grey,-0.0265005688973546,0.354965907446464,0.001305,24.5909,1733,0.00701466306424784,TRUE,""
ENSG00000136371,MTHFS,fbg,grey,0.0234628546758384,0.0976712014631225,0.0001816,42.9776,2276,0.023613769633686,TRUE,""
ENSG00000136449,MYCBPAP,fbg,grey,-0.0399989207537967,0.376582577075581,0.000533,37.0831,1351,0.0160117999362756,TRUE,""
ENSG00000136449,MYCBPAP,cad,null,0.0114282630725133,0.673716649749524,1.63e-15,37.0831,149,4.43831423667135e-05,TRUE,""
ENSG00000136478,TEX2,t2d,grey,0.565183032625269,0.178139851012643,0.0002166,13.2787,83,2.59114087554597e-05,TRUE,""
ENSG00000136478,TEX2,cad,grey,-0.326606899214602,0.164133155957093,2.017e-05,13.2787,106,4.35941151703092e-05,TRUE,""
ENSG00000136514,RTP4,t2d,grey,-0.0655459005818565,0.0822989540201131,4.385e-13,37.6199,3316,2.04066357713498e-08,TRUE,""
ENSG00000136514,RTP4,fbg,grey,-0.0216914491134201,0.150575972824847,8.233e-06,37.6199,2161,0.00814168605377033,TRUE,""
ENSG00000136522,MRPL47,t2d,grey,-0.459688940873068,0.121221012560929,0.0006439,8.2521,2927,0.0244387599604163,TRUE,""
ENSG00000136536,MARCH7,t2d,grey,0.207368316240167,0.0785098471718198,1.391e-11,20.086,2318,5.73491375056441e-07,TRUE,""
ENSG00000136630,HLX,t2d,grey,-0.122776842750935,0.256039243472084,0.0001163,13.2929,3571,0.00666111219844166,TRUE,""
ENSG00000136630,HLX,fbg,null,-0.0226870252909337,0.606447146740021,0.0007661,13.2929,1929,0.00452002362166663,TRUE,""
ENSG00000136634,IL10,fbg,null,0.00336480653657791,0.913909936512377,0.001884,21.0168,1155,0.00453894691828957,TRUE,""
ENSG00000136643,RPS6KC1,t2d,null,0.0165671339317685,0.897031839071741,8.406e-18,11.7786,3139,1.1519293128339e-13,TRUE,""
ENSG00000136653,RASSF5,t2d,null,0.0115913897504491,0.968093126294339,1.213e-07,12.1986,1900,0.00120460080916352,TRUE,""
ENSG00000136717,BIN1,cad,grey,0.0105006852980931,0.393959376613922,8.784e-06,87.7402,3639,0.00191307973519427,TRUE,""
ENSG00000136717,BIN1,fbg,grey,0.0105006852980931,0.115081682899341,0.003468,87.7402,1736,0.0214461016308755,TRUE,""
ENSG00000136717,BIN1,t2d,null,-0.0100968127866279,0.551684329116147,0.0002361,87.7402,2402,0.00477737740632645,TRUE,""
ENSG00000136720,HS6ST1,cad,null,-0.00728359767666948,0.790528029851141,0.000572,18.7027,3813,0.00297336451022523,TRUE,""
ENSG00000136802,LRRC8A,cad,null,0.0500439820326405,0.772786170857627,0.001032,14.4804,,,FALSE,对齐后仅 0 变异(<10)
ENSG00000136811,ODF2,fbg,null,-0.0147399800102941,0.580515713596355,0.004001,25.3592,1356,0.00532086487971302,TRUE,""
ENSG00000136816,TOR1B,t2d,null,0.0174720808106046,0.62103640787888,1.354e-08,50.5986,,,FALSE,对齐后仅 0 变异(<10)
ENSG00000136824,SMC2,cad,null,0.025559615169839,0.534803837189754,3.591e-12,25.0708,,,FALSE,对齐后仅 0 变异(<10)
ENSG00000136827,TOR1A,fbg,grey,-0.0184418717091806,0.251357310325028,0.00115,37.6426,1839,0.00764167608528573,TRUE,""
ENSG00000136827,TOR1A,t2d,null,0.0132403181501809,0.732754742460857,1.354e-08,37.6426,,,FALSE,对齐后仅 0 变异(<10)
ENSG00000136854,STXBP1,fbg,grey,-0.10583517427598,0.353493138887346,0.00318,15.0853,1178,0.0165591754876545,TRUE,""
ENSG00000136856,SLC2A8,cad,grey,0.0419870653513515,0.187222414653883,0.0001422,53.7583,,,FALSE,对齐后仅 0 变异(<10)
ENSG00000136861,CDK5RAP2,fbg,grey,-0.0120339233528429,0.253097908947116,0.004221,75.8833,1817,0.00974246860463119,TRUE,""
ENSG00000136867,SLC31A2,t2d,null,-0.013019417139443,0.78331623830721,0.0004284,29.8394,,,FALSE,对齐后仅 0 变异(<10)
ENSG00000136870,ZNF189,fbg,grey,0.045934743696263,0.175120740107843,0.01009,30.6596,2744,0.0185025370666241,TRUE,""
ENSG00000136874,STX17,t2d,null,-0.0321922377966233,0.56037911774616,0.001013,25.4339,,,FALSE,对齐后仅 0 变异(<10)
ENSG00000136878,USP20,fbg,grey,-0.14700397037206,0.198542793686662,0.00115,5.4304,1852,0.010145072193074,TRUE,""
ENSG00000136888,ATP6V1G1,t2d,grey,0.501736808350423,0.104859216523786,0.0002227,12.9877,,,FALSE,对齐后仅 0 变异(<10)
ENSG00000136895,GARNL3,t2d,grey,-0.531221710690796,0.442179193069334,0.0002159,5.1246,,,FALSE,对齐后仅 0 变异(<10)
ENSG00000136930,PSMB7,cad,null,-0.0843904294481208,0.500045217859739,0.0001471,18.2549,,,FALSE,对齐后仅 0 变异(<10)
ENSG00000136932,C9orf156,cad,grey,-0.0273448921934415,0.160465178051431,0.0005707,55.7096,,,FALSE,对齐后仅 0 变异(<10)
ENSG00000137054,POLR1E,fbg,null,-0.00181829969644996,0.883651835100635,0.00309,53.6101,1920,0.00500683240569878,TRUE,""
ENSG00000137055,PLAA,fbg,null,-0.048724939504429,0.510605772861378,6.168e-05,9.1329,2676,0.00649115752800147,TRUE,""
ENSG00000137106,GRHPR,fbg,null,-0.00311616528508397,0.617075077451974,0.00309,122.0541,1874,0.00467467644258054,TRUE,""
ENSG00000137145,DENND4C,cad,grey,0.0554019819151448,0.186358504597951,3.109e-05,21.5705,6951,0.00423809539583206,TRUE,""
ENSG00000137168,PPIL1,cad,grey,0.0956603969453052,0.0770847890754692,3.484e-08,18.3591,5756,0.000797174422848608,TRUE,""
ENSG00000137200,FTSJD2,cad,grey,0.349646211166587,0.141693916539603,3.484e-08,9.2259,5974,0.00137562250178334,TRUE,""
ENSG00000137225,CAPN11,fbg,grey,-0.028338449730929,0.203988374325891,0.0001759,28.2032,1777,0.00955799667452002,TRUE,""
ENSG00000137261,KIAA0319,fbg,grey,-0.0148317213777149,0.332197561388374,4.732e-05,39.0285,2796,0.00505239280445339,TRUE,""
ENSG00000137265,IRF4,cad,grey,0.213356345924711,0.0988197865362321,0.0004064,11.2896,4142,0.0147038361363592,TRUE,""
ENSG00000137265,IRF4,fbg,null,-0.0763099339438747,0.594304481471203,0.0008315,11.2896,1701,0.0122142881187232,TRUE,""
ENSG00000137270,GCM1,t2d,null,0.0232131959626176,0.700522394103849,6.179e-05,30.3075,4294,0.00473630122054886,TRUE,""
ENSG00000137288,MNF1,fbg,null,-0.0054054118310113,0.802587348634153,0.0001221,15.1405,1490,0.00428375306663227,TRUE,""
ENSG00000137364,TPMT,t2d,null,-0.00684765266986243,0.903523023570037,0.003531,52.7545,4937,0.00379533465679705,TRUE,""
ENSG00000137364,TPMT,fbg,null,-0.00641967437799603,0.772993467640966,8.587e-05,52.7545,2067,0.0048667040599332,TRUE,""
ENSG00000137393,RNF144B,fbg,null,-0.00370411637179951,0.802587348634153,8.587e-05,38.3161,2227,0.00415592090826424,TRUE,""
ENSG00000137460,FHDC1,t2d,null,-0.0394760663335506,0.540206998002471,0.007424,22.0944,2129,0.0047091106788285,TRUE,""
ENSG00000137462,TLR2,t2d,null,-0.0705136749378814,0.579990868253454,0.007563,9.6523,2195,0.00622220022146469,TRUE,""
ENSG00000137494,ANKRD42,cad,null,0.0165504350056481,0.756298745303894,1.69e-05,19.2567,4958,0.00222622028738172,TRUE,""
ENSG00000137496,IL18BP,fbg,null,-0.0427305288037998,0.558611152351289,2.919e-08,12.8698,1385,0.000112571320452063,TRUE,""
ENSG00000137507,LRRC32,t2d,null,-0.0268559549878414,0.84627176186126,1.942e-05,11.5006,2691,0.00358760191656232,TRUE,""
ENSG00000137513,NARS2,cad,grey,0.0383444618113777,0.128074458684967,1.48e-05,49.4005,4019,0.0100018250813558,TRUE,""
ENSG00000137547,MRPL15,fbg,grey,0.0564776767871734,0.179770040387914,0.0002265,14.7017,1906,0.0118654133168411,TRUE,""
ENSG00000137571,SLCO5A1,t2d,grey,-0.332448993361286,0.127259097658065,5.107e-06,6.4367,1817,0.0098284166613431,TRUE,""
ENSG00000137574,TGS1,t2d,grey,0.0597920084513459,0.236991629643062,0.001859,44.3536,2163,0.0118779705175348,TRUE,""
ENSG00000137601,NEK1,cad,grey,-0.0525621222312485,0.0650626231730501,0.0009806,36.0397,2997,0.0151139907190082,TRUE,""
ENSG00000137628,DDX60,t2d,null,-0.105986843051164,0.635947245419089,0.00122,13.4108,2182,0.00946449564871845,TRUE,""
ENSG00000137656,BUD13,t2d,grey,0.0545903612921923,0.483927304446146,3.64e-05,18.2256,4019,0.00382688918299782,TRUE,""
ENSG00000137672,TRPC6,fbg,null,0.0080005952496355,0.738882680363527,0.002354,26.6938,2483,0.00445735892271286,TRUE,""
ENSG00000137692,DCUN1D5,t2d,grey,-0.24575016825763,0.323939534609832,0.001701,7.0466,4801,0.0113040565289178,TRUE,""
ENSG00000137710,RDX,cad,grey,0.100949193199312,0.123320775869375,3.812e-07,10.9881,4224,0.00103020086279497,TRUE,""
ENSG00000137713,PPP2R1B,t2d,null,-0.0128223914437955,0.775096962195985,5.685e-05,33.2562,2842,0.00387017020637018,TRUE,""
ENSG00000137720,C11orf1,t2d,null,-0.0552665897701923,0.568835440784734,5.685e-05,15.7283,2833,0.00485187419234255,TRUE,""
ENSG00000137747,TMPRSS13,cad,grey,0.0880016848491832,0.36162097055701,7.033e-13,10.4824,5568,0.000971871805413524,TRUE,""
ENSG00000137752,CASP1,fbg,null,-0.0192416063315358,0.553033702717282,0.003904,32.2087,1922,0.0101135925836581,TRUE,""
ENSG00000137801,THBS1,cad,grey,0.022061272163805,0.342989035753843,0.000117,52.6164,4632,0.00292268794521103,TRUE,""
ENSG00000137801,THBS1,fbg,grey,-0.0128356492589411,0.317310507862914,0.0002523,52.6164,2303,0.00640555955575461,TRUE,""
ENSG00000137817,PARP6,cad,grey,-0.276327534969875,0.314505073848864,0.0003602,10.5241,3389,0.0132034429905471,TRUE,""
ENSG00000137819,PAQR5,t2d,grey,0.38058209451949,0.0774351541566191,0.01221,9.136,2313,0.0223814570277624,TRUE,""
ENSG00000137877,SPTBN5,cad,null,0.0182212964157832,0.527662046790784,1.404e-06,35.0982,3924,0.00076488629595716,TRUE,""
ENSG00000137936,BCAR3,fbg,null,0.00342670585121406,0.943056670967043,0.001528,14.0546,1581,0.0050479026053548,TRUE,""
ENSG00000137942,FNBP1L,t2d,grey,-0.0850152581463205,0.349658549645907,0.001117,27.26,2507,0.0100316528417184,TRUE,""
ENSG00000137947,GTF2B,fbg,null,0.0172690973024602,0.649436283726755,0.002997,15.4609,1650,0.00466872361755421,TRUE,""
ENSG00000137955,RABGGTB,fbg,grey,0.0278179915907087,0.49924658287522,0.003986,15.7434,2173,0.00562799764702574,TRUE,""
ENSG00000137965,IFI44,fbg,null,0.0257341372770799,0.636768179585685,0.0002061,11.7587,1779,0.00492977822878658,TRUE,""
ENSG00000137968,SLC44A5,cad,null,-0.0083691960397622,0.686573982946945,9.926e-05,49.05,4266,0.00272264314791908,TRUE,""
ENSG00000137992,DBT,fbg,grey,0.525497280081387,0.0690363479944152,0.0007049,6.1093,1855,0.0567318375999404,TRUE,""
ENSG00000138031,ADCY3,t2d,grey,-0.165582887005496,0.130628548131,1.988e-05,12.7789,2652,0.00848708705800347,TRUE,""
ENSG00000138073,PREB,fbg,null,-0.0189978410629134,0.668235141795249,4.225e-25,15.3418,1144,3.89830745905295e-21,TRUE,""
ENSG00000138095,LRPPRC,t2d,grey,-0.0464167508164818,0.197920069602177,6.687e-28,39.4889,3727,4.98343615289189e-24,TRUE,""
ENSG00000138131,LOXL4,fbg,null,0.0153061034035104,0.846529514964004,0.0001258,6.8836,1850,0.00380072868831578,TRUE,""
ENSG00000138134,STAMBPL1,cad,null,-0.0157085224407463,0.742817152223402,0.000142,23.796,867,0.000221839594577,TRUE,""
ENSG00000138138,ATAD1,fbg,grey,0.0943200450500971,0.0812306530208798,0.001143,12.8248,1568,0.0311375683580869,TRUE,""
ENSG00000138138,ATAD1,t2d,null,-0.0332894276647401,0.777672894998114,0.001035,12.8248,510,8.33330886391094e-05,TRUE,""
ENSG00000138161,CUZD1,t2d,grey,-0.244137606321457,0.167142700437544,0.0007731,9.7699,606,6.81055146189542e-05,TRUE,""
ENSG00000138161,CUZD1,cad,grey,-0.114781113419789,0.37490451817158,0.0002456,9.7699,910,0.000273373173951656,TRUE,""
ENSG00000138172,CALHM2,cad,grey,-0.108100088257691,0.113718222003616,0.0001888,39.5668,509,0.0130527435668861,TRUE,""
ENSG00000138180,CEP55,t2d,null,-0.042375187049381,0.86605252103331,0.0004762,5.8808,357,2.89930808713013e-05,TRUE,""
ENSG00000138180,CEP55,fbg,null,-0.00908039722486736,0.927564826606211,0.0007423,5.8808,1889,0.00388897185745334,TRUE,""
ENSG00000138182,KIF20B,t2d,null,0.0201991743460312,0.752596601815538,1.133e-26,25.5555,681,0.000241705135275451,TRUE,""
ENSG00000138185,ENTPD1,cad,null,0.00649865026997676,0.720984861901671,1.675e-06,60.2442,644,0.0145052569835873,TRUE,""
ENSG00000138193,PLCE1,fbg,null,-0.0851732367387004,0.522895216724075,0.0007423,4.6503,1802,0.00467785895820892,TRUE,""
ENSG00000138286,FAM149B1,t2d,grey,-0.167407703972113,0.121434497627408,1.309e-05,23.2239,312,0.00240962209539124,TRUE,""
ENSG00000138297,TIMM23,fbg,null,-0.0384952721942545,0.675505089804624,0.005763,8.3231,1166,0.00578495113343714,TRUE,""
ENSG00000138311,ZNF365,fbg,null,-0.000908747066053024,0.950164661941506,0.000391,40.2919,1978,0.00448763598532452,TRUE,""
ENSG00000138336,TET1,fbg,null,0.0528043051297431,0.733172020793637,9.735e-05,5.0029,1647,0.00584139030635057,TRUE,""
ENSG00000138381,ASNSD1,t2d,grey,-0.0515313899663302,0.082590527435087,0.001298,109.0146,1689,0.00426236210999796,TRUE,""
ENSG00000138381,ASNSD1,fbg,grey,-0.0103622903736642,0.400398865140674,0.0008156,109.0146,1634,0.00401063268855546,TRUE,""
ENSG00000138386,NAB1,fbg,null,-0.00269122027184349,0.948559264755632,0.0008156,13.2282,1567,0.00374957120225156,TRUE,""
ENSG00000138398,PPIG,fbg,grey,0.0189786908844686,0.498741913600147,2.63e-99,21.5576,2138,3.82257467383529e-92,TRUE,""
ENSG00000138433,CIR1,fbg,null,-0.00865448791333136,0.738882680363527,0.0005164,22.6241,1569,0.00425666553067186,TRUE,""
ENSG00000138434,SSFA2,cad,grey,-0.136679658601159,0.311372801296993,2.182e-05,9.9145,3051,0.00478384236456009,TRUE,""
ENSG00000138439,FAM117B,t2d,null,0.000401621316463393,0.99113479840301,0.0001238,109.3225,1211,0.00517878396396916,TRUE,""
ENSG00000138448,ITGAV,fbg,grey,0.0240487730734805,0.332197561388374,0.000946,23.6852,1541,0.00635491834780526,TRUE,""
ENSG00000138463,DIRC2,t2d,grey,-0.0797612286366012,0.0541448829592476,5.933e-29,64.3025,3552,5.62432437943652e-24,TRUE,""
ENSG00000138463,DIRC2,fbg,null,0.00195904772089898,0.907124205990156,6.79e-09,64.3025,1771,7.23121672447199e-05,TRUE,""
ENSG00000138495,COX17,t2d,grey,0.0875438203413389,0.317310507862914,0.000402,8.421,3478,0.00779887722485547,TRUE,""
ENSG00000138496,PARP9,t2d,null,0.00983070018838783,0.956658046123401,2.186e-10,9.0311,3686,6.89931406319611e-07,TRUE,""
ENSG00000138592,USP8,cad,grey,-0.026444235341344,0.422187710354532,0.0002666,27.5489,4801,0.00497715865483449,TRUE,""
ENSG00000138594,TMOD3,fbg,grey,0.108601090901364,0.110890597528893,0.000934,17.8523,1655,0.0277325791982231,TRUE,""
ENSG00000138604,GLCE,fbg,grey,0.068992884007846,0.0830364393775582,3.465e-05,32.213,1891,0.0240404814329394,TRUE,""
ENSG00000138606,SHF,t2d,null,-0.051286978019837,0.842630875430366,0.002811,9.3391,2092,0.006789911673911,TRUE,""
ENSG00000138621,PPCDC,t2d,grey,-0.228380738142578,0.116982086023696,6.661e-05,9.0409,1659,0.00884656734295375,TRUE,""
ENSG00000138621,PPCDC,fbg,grey,0.0905647754703325,0.150575972824847,0.0002487,9.0409,897,0.0634720837791624,TRUE,""
ENSG00000138621,PPCDC,cad,null,0.0137815962672245,0.898724545227828,2.412e-06,9.0409,2787,0.00144594414410409,TRUE,""
ENSG00000138658,C4orf21,fbg,null,0.00205616598914546,0.871864744932721,0.00136,39.9377,1707,0.00390865366683623,TRUE,""
ENSG00000138670,RASGEF1B,t2d,null,-0.0696028716941029,0.77878796246952,4.587e-10,6.3817,2289,0.00441316560470868,TRUE,""
ENSG00000138738,PRDM5,t2d,grey,0.0587792066405212,0.114917391808336,0.0001285,40.9078,3071,0.0129894180021035,TRUE,""
ENSG00000138756,BMP2K,cad,null,0.0627667283871459,0.652119521822319,1.369e-14,14.7303,2610,0.00641003132321794,TRUE,""
ENSG00000138758,SEPT11,cad,grey,-0.0536252832377723,0.0991224780930231,0.000527,31.2017,3095,0.0104748743458368,TRUE,""
ENSG00000138768,USO1,fbg,null,0.000543377265629705,0.982656049567221,0.00309,21.9788,1757,0.0055437694396272,TRUE,""
ENSG00000138778,CENPE,cad,grey,0.117389497155503,0.463927896450351,2.938e-05,7.7483,2499,0.00485643611638522,TRUE,""
ENSG00000138778,CENPE,fbg,grey,-0.139964400454639,0.093801736856442,3.835e-05,7.7483,1562,0.0131224278166764,TRUE,""
ENSG00000138794,CASP6,cad,grey,0.11776384160517,0.190079208997743,9.739e-05,11.4276,2855,0.0060404657313154,TRUE,""
ENSG00000138801,PAPSS1,t2d,null,0.0281547014955093,0.650994566520519,0.0003159,142.8263,1735,0.0228649963684263,TRUE,""
ENSG00000138814,PPP3CA,cad,null,0.0158227766383476,0.78048386980227,6.276e-05,18.9244,2685,0.00329141975585891,TRUE,""
ENSG00000138821,SLC39A8,t2d,null,-0.0172245779167898,0.850783514612329,6.182e-10,19.3526,1599,1.74523067097448e-06,TRUE,""
ENSG00000138867,GUCD1,t2d,null,-0.0522275184526729,0.643390915016625,0.0009148,15.3439,1739,0.00578520548308944,TRUE,""
ENSG00000139044,B4GALNT3,cad,null,-0.00836239452143903,0.684558919367902,0.0001935,58.9155,4568,0.00230248339419859,TRUE,""
ENSG00000139083,ETV6,cad,grey,0.0453352591767196,0.494897759448573,2.607e-05,11.3272,5354,0.00362367376959219,TRUE,""
ENSG00000139132,FGD4,t2d,null,0.0679622505582213,0.609096452725192,1.291e-06,11.6396,5427,0.0015515247473744,TRUE,""
ENSG00000139173,TMEM117,cad,grey,0.341534158775833,0.257657791763398,0.0001125,8.3106,4329,0.0109374938320894,TRUE,""
ENSG00000139174,PRICKLE1,t2d,grey,-0.171816734079998,0.0985647553740442,0.001846,21.1716,3644,0.0242056519730567,TRUE,""
ENSG00000139174,PRICKLE1,fbg,null,-0.00770478628161426,0.893929766752772,0.003746,21.1716,2398,0.00907701056415463,TRUE,""
ENSG00000139180,NDUFA9,fbg,grey,0.0310152327249222,0.288008758003942,0.0008111,13.0921,2617,0.00658608004224104,TRUE,""
ENSG00000139192,TAPBPL,fbg,grey,0.0116395576208727,0.0682232466455102,0.0005969,115.5699,1731,0.0093764354180235,TRUE,""
ENSG00000139194,RBP5,cad,grey,0.02738068610099,0.483927304446146,6.152e-10,27.2055,4744,9.04902307128721e-07,TRUE,""
ENSG00000139218,SCAF11,fbg,grey,0.116350139137157,0.292509878183886,0.005776,5.4873,1510,0.00900932980295899,TRUE,""
ENSG00000139291,TMEM19,t2d,grey,0.131682238442106,0.302423598900007,7.337e-08,19.0442,2692,0.000163956015926733,TRUE,""
ENSG00000139291,TMEM19,fbg,grey,-0.0407017827911965,0.466263860956852,0.0004649,19.0442,2038,0.0108167950493446,TRUE,""
ENSG00000139370,SLC15A4,t2d,grey,-0.0992273921138114,0.107451112978789,0.0009278,23.3387,2942,0.0152184486190775,TRUE,""
ENSG00000139372,TDG,cad,null,-0.0328477370752576,0.546210515044642,5.441e-05,12.7253,5240,0.00278390447007524,TRUE,""
ENSG00000139405,C12orf52,cad,null,-0.0185132295815176,0.700522394103849,2.564e-08,39.7194,4668,0.00012257905298447,TRUE,""
ENSG00000139496,NUPL1,t2d,null,-0.0720873265016527,0.570102033612566,4.5e-07,11.2174,3000,0.00176316732248245,TRUE,""
ENSG00000139514,SLC7A1,cad,null,-0.0155205974456354,0.671629231263251,8.889e-05,47.2055,4901,0.00424138443728206,TRUE,""
ENSG00000139567,ACVRL1,t2d,null,-0.0302006409910661,0.544843777697548,2.338e-05,34.8615,3352,0.00601460416013401,TRUE,""
ENSG00000139572,GPR84,cad,grey,-0.0321754016608717,0.37092777927468,9.28e-13,28.2141,4241,7.32718359188004e-09,TRUE,""
ENSG00000139572,GPR84,fbg,grey,-0.0189267068593363,0.363302140886898,0.008623,28.2141,1595,0.00600144976245989,TRUE,""
ENSG00000139574,NPFF,fbg,null,-0.0191147971344303,0.87583596638341,0.0008486,4.5705,1752,0.00627013641728023,TRUE,""
ENSG00000139610,CELA1,t2d,null,0.0124727389630389,0.580303690461236,9.56e-06,48.9678,2535,0.00354187940474284,TRUE,""
ENSG00000139618,BRCA2,cad,grey,0.0779642492578869,0.356593780784589,1.189e-10,13.3884,3719,1.82450291802561e-07,TRUE,""
ENSG00000139629,GALNT6,fbg,grey,0.00830424179055256,0.477904197979373,0.0002794,47.5809,1491,0.00482404242725754,TRUE,""
ENSG00000139631,CSAD,cad,null,-0.0355544373299907,0.60759216041817,9.28e-13,18.9223,4267,7.07888316343274e-09,TRUE,""
ENSG00000139651,ZNF740,cad,grey,0.0988953281706053,0.423710797166793,9.28e-13,12.1978,4204,1.00551407434235e-08,TRUE,""
ENSG00000139687,RB1,cad,grey,-0.0956600782928711,0.103306190280059,0.0002469,18.6785,3529,0.0142683034158321,TRUE,""
ENSG00000139719,VPS33A,t2d,grey,-0.421713172909543,0.138418189310927,2.075e-09,10.1838,1972,6.88912486951353e-05,TRUE,""
ENSG00000139826,ABHD13,fbg,grey,0.0823480517846011,0.464920120624581,0.000475,8.2086,2892,0.00745162928899625,TRUE,""
ENSG00000139832,RAB20,cad,grey,-0.0169873474518419,0.48283234964991,3.893e-23,40.1089,5241,5.55320829869612e-19,TRUE,""
ENSG00000139842,CUL4A,fbg,grey,-0.215504071402495,0.363302140886898,0.001169,7.5497,1468,0.0186148249284663,TRUE,""
ENSG00000139899,CBLN3,fbg,grey,-0.00840389681819164,0.291171315245308,0.005151,96.2689,2213,0.0055188835231032,TRUE,""
ENSG00000139908,TSSK4,cad,grey,-0.334535637645062,0.201327791983001,0.0002795,6.0574,4579,0.00928532298331134,TRUE,""
ENSG00000139921,TMX1,fbg,grey,-0.0407602473093657,0.248563248217182,0.0005409,26.202,2452,0.0117852851546035,TRUE,""
ENSG00000139921,TMX1,t2d,null,0.0203801236546828,0.825413062302686,1.514e-05,26.202,3889,0.00564017689584062,TRUE,""
ENSG00000139946,PELI2,fbg,null,-0.00861516706021553,0.731034305380085,0.0006706,22.2181,2530,0.00407788574333363,TRUE,""
ENSG00000139977,NAA30,cad,grey,0.0882904035721965,0.207570545786712,4.262e-08,15.9602,4088,0.000820109904593566,TRUE,""
ENSG00000140006,WDR89,t2d,null,0.0498916702946651,0.900934183639928,0.0008055,10.5595,2752,0.0114623634681282,TRUE,""
ENSG00000140022,STON2,fbg,grey,-0.0422001217149994,0.137354710336186,0.001629,14.7136,1933,0.0129767655982879,TRUE,""
ENSG00000140022,STON2,t2d,null,0.0324616320884611,0.645681236254419,0.0008021,14.7136,3096,0.00456319506859938,TRUE,""
ENSG00000140044,JDP2,fbg,grey,-0.0798573807243998,0.220271518788167,0.0001049,8.4248,1629,0.00772735484365613,TRUE,""
ENSG00000140044,JDP2,t2d,null,0.0399286903621999,0.812268919201515,1.085e-05,8.4248,2448,0.00354999568121445,TRUE,""
ENSG00000140044,JDP2,cad,null,0.0504362404575157,0.679025635130095,3.601e-10,8.4248,4142,3.78662559722416e-07,TRUE,""
ENSG00000140092,FBLN5,t2d,null,0.00173227903674951,0.966414784500238,6.653e-07,122.2058,3346,0.000229726724328925,TRUE,""
ENSG00000140157,NIPA2,cad,grey,0.0583524661673876,0.0888014205348407,0.0006111,29.4093,1021,0.00779177747363743,TRUE,""
ENSG00000140157,NIPA2,t2d,null,-0.0252660162786627,0.594971496951515,0.008791,29.4093,445,0.00443393935067668,TRUE,""
ENSG00000140199,SLC12A6,t2d,null,-0.0124154592365405,0.796077407140949,0.0001196,32.9146,3268,0.00436508399155498,TRUE,""
ENSG00000140262,TCF12,cad,null,-0.00863183962642737,0.911528237909377,3.528e-05,16.4564,4972,0.00300513895453567,TRUE,""
ENSG00000140287,HDC,cad,grey,0.276463917887334,0.189697196218977,0.0002666,5.1506,4736,0.0148706764281254,TRUE,""
ENSG00000140287,HDC,t2d,null,0.0483811856302834,0.867632334778193,3.891e-07,5.1506,3306,0.00359490796487045,TRUE,""
ENSG00000140287,HDC,fbg,null,-0.0414695876831001,0.724132540388919,0.002455,5.1506,1659,0.00463186811607727,TRUE,""
ENSG00000140307,GTF2A2,t2d,grey,0.0384959421551573,0.267674542431267,4.76e-06,28.5416,3284,0.00332042148469802,TRUE,""
ENSG00000140326,CDAN1,t2d,null,-0.0520529200613073,0.715422457811178,0.0003028,11.9684,1831,0.00461443466815569,TRUE,""
ENSG00000140332,TLE3,fbg,grey,0.0681529388867644,0.266520525805011,0.0003295,7.0094,1782,0.00779444758648891,TRUE,""
ENSG00000140395,WDR61,cad,grey,-0.0216042749426086,0.366643847478025,5.481e-36,49.2739,4963,3.35589553800414e-31,TRUE,""
ENSG00000140395,WDR61,t2d,null,-0.0159539261114648,0.627783826989789,3.184e-09,49.2739,3170,2.34551589205154e-05,TRUE,""
ENSG00000140396,NCOA2,fbg,grey,-0.0830111862875408,0.232039386701996,0.0004601,10.4876,1873,0.010664351134968,TRUE,""
ENSG00000140398,NEIL1,t2d,null,0.0106006403197182,0.959618036952282,6.661e-05,6.1552,1747,0.00331702618185193,TRUE,""
ENSG00000140398,NEIL1,cad,null,-0.100706083037323,0.504985075093846,2.412e-06,6.1552,2910,0.00191221104366687,TRUE,""
ENSG00000140400,MAN2C1,cad,grey,-0.0174188611991406,0.0836019195577536,2.412e-06,114.2106,2912,0.0072264262652023,TRUE,""
ENSG00000140416,TPM1,fbg,grey,-0.0334836831589512,0.131093464114656,1.042e-10,44.5589,2036,1.29068100671326e-06,TRUE,""
ENSG00000140455,USP3,t2d,null,-0.00071742878522525,0.980541330250361,2.577e-10,49.5955,3361,5.48607946046976e-07,TRUE,""
ENSG00000140459,CYP11A1,cad,grey,0.304554118858115,0.119813814205544,7.557e-07,7.2677,3536,0.00235110108182455,TRUE,""
ENSG00000140459,CYP11A1,t2d,null,0.145025770884817,0.592156028908923,6.661e-05,7.2677,2046,0.00644145140244045,TRUE,""
ENSG00000140471,LINS,fbg,null,0.00761801600980276,0.608514456754163,0.00344,88.0102,2260,0.0100820619087795,TRUE,""
ENSG00000140479,PCSK6,cad,grey,-0.208140679185404,0.191399023711781,0.0008426,6.8801,3093,0.00781082138003529,TRUE,""
ENSG00000140511,HAPLN3,t2d,grey,-0.139322252397276,0.22463863892378,5.513e-11,12.9884,2235,9.3492963086747e-08,TRUE,""
ENSG00000140543,DET1,t2d,grey,-0.0471809596429123,0.342764082783861,5.513e-11,27.8236,1930,0.0061695640992638,TRUE,""
ENSG00000140543,DET1,cad,grey,0.0293287046428914,0.419656375617377,5.206e-11,27.8236,3831,3.18255387938019e-08,TRUE,""
ENSG00000140545,MFGE8,fbg,null,0.00549812943679604,0.617075077451974,0.002619,58.8172,1725,0.00457018195954085,TRUE,""
ENSG00000140577,CRTC3,t2d,grey,-0.0535075459527417,0.449590704210959,2.164e-12,18.7128,2907,3.14885966222484e-08,TRUE,""
ENSG00000140577,CRTC3,fbg,null,0.012082349086103,0.671389024011197,0.0008607,18.7128,1825,0.0064627033983077,TRUE,""
ENSG00000140598,EFTUD1,cad,grey,0.211689367757674,0.138603200410297,2.271e-05,9.838,2867,0.010609171404838,TRUE,""
ENSG00000140612,SEC11A,t2d,null,-0.0195353616985189,0.804760401488793,0.001381,20.0457,2361,0.00440274003877392,TRUE,""
ENSG00000140632,GLYR1,fbg,null,0.0273521055420637,0.717300494430804,0.0001091,13.6414,2031,0.00708182237991065,TRUE,""
ENSG00000140675,SLC5A2,t2d,grey,-0.210948033536873,0.406795827115667,1.523e-05,6.1117,1072,0.00576055307403956,TRUE,""
ENSG00000140675,SLC5A2,fbg,null,-0.0317866899850082,0.759943064406937,0.007129,6.1117,500,0.00477756734609042,TRUE,""
ENSG00000140682,TGFB1I1,cad,null,-0.0163355793892231,0.873881476173793,0.0001223,10.8596,1981,0.00299397705184459,TRUE,""
ENSG00000140682,TGFB1I1,fbg,null,0.0310376008395239,0.597653582632867,0.007129,10.8596,511,0.00496841961513655,TRUE,""
ENSG00000140691,ARMC5,t2d,grey,-0.0937380560815344,0.317310507862914,1.523e-05,16.5117,1097,0.00518451895413044,TRUE,""
ENSG00000140691,ARMC5,cad,null,-0.0106520518274471,0.873881476173793,0.0001223,16.5117,1999,0.00292248784136183,TRUE,""
ENSG00000140718,FTO,t2d,null,0.0155927466472781,0.838118229750606,1.59e-47,21.6162,3562,4.1615177921305e-44,TRUE,""
ENSG00000140749,IGSF6,cad,grey,-0.0633464350173542,0.125193745581814,0.0006153,23.543,2204,0.00853348648068452,TRUE,""
ENSG00000140750,ARHGAP17,fbg,null,0.0290709543602349,0.556374370426907,0.001217,12.2459,1866,0.00480087201423151,TRUE,""
ENSG00000140807,NKD1,fbg,grey,0.0886719532798536,0.149534833950161,0.0001364,9.8173,1624,0.00943516664066009,TRUE,""
ENSG00000140829,DHX38,fbg,grey,-0.0289752986677519,0.189351486043285,0.000188,25.445,1322,0.00956041387932357,TRUE,""
ENSG00000140830,TXNL4B,cad,grey,0.391252703402957,0.111820805207699,2.92e-11,11.5648,4361,5.23613729145852e-06,TRUE,""
ENSG00000140836,ZFHX3,t2d,grey,0.0937420424860705,0.243345009148762,6.914e-06,17.2474,3035,0.00575263980692708,TRUE,""
ENSG00000140836,ZFHX3,cad,grey,-0.0772599251258823,0.188244713282316,2.92e-11,17.2474,5176,1.97478197620769e-07,TRUE,""
ENSG00000140848,CPNE2,t2d,null,0.0353256914700428,0.793031390757007,0.0007795,26.5621,3312,0.00973028764156879,TRUE,""
ENSG00000140853,NLRC5,fbg,null,-0.00169648030265637,0.883085590508198,9.169e-05,35.1987,1849,0.00394910537579153,TRUE,""
ENSG00000140854,KATNB1,cad,grey,-0.0550428396356957,0.477181299542089,1.194e-09,14.9178,6537,4.97915894019566e-06,TRUE,""
ENSG00000140931,CMTM3,t2d,grey,-0.0732188229457686,0.149009774089831,0.0002947,27.6599,2860,0.00969950632121256,TRUE,""
ENSG00000140932,CMTM2,t2d,null,-0.0915681893480836,0.761977796136126,0.0002947,12.0624,2880,0.00924667049955441,TRUE,""
ENSG00000140950,KIAA1609,cad,null,-0.0121054455107921,0.728424377268948,2.95e-05,19.3346,9985,0.00264423496238031,TRUE,""
ENSG00000141012,GALNS,fbg,grey,0.0113194211985201,0.423710797166793,0.008102,38.2149,1247,0.00557034945058932,TRUE,""
ENSG00000141028,CDRT15P1,fbg,null,0.00074512172954601,0.897986641842342,0.0004847,48.222,2790,0.00433161272113075,TRUE,""
ENSG00000141068,KSR1,t2d,null,0.0188179472110265,0.571213608372943,,40.9114,,,FALSE,GWAS 区域无数据
ENSG00000141068,KSR1,cad,null,-0.0088084008221826,0.709236748741436,,40.9114,,,FALSE,GWAS 区域无数据
ENSG00000141084,RANBP10,t2d,null,-0.223876080204049,0.607693237328678,0.0002947,7.3026,1955,0.0102780566384923,TRUE,""
ENSG00000141096,DPEP3,t2d,grey,-0.0528994391933096,0.261093840322957,0.0002947,38.6702,2138,0.00594300215176614,TRUE,""
ENSG00000141101,NOB1,t2d,grey,-0.116911956346352,0.453254704753736,3.882e-09,8.2529,1992,1.42461251586056e-05,TRUE,""
ENSG00000141316,SPACA3,cad,null,-0.0107150757552695,0.880764615259515,1.194e-08,19.0646,510,0.00190906679288134,TRUE,""
ENSG00000141428,C18orf21,t2d,grey,0.196474532596587,0.38437527015617,0.002105,6.9306,,,FALSE,对齐后仅 0 变异(<10)
ENSG00000141429,GALNT1,fbg,null,-0.00421231827748971,0.846529514964004,0.002015,25.3382,1839,0.00385762017156072,TRUE,""
ENSG00000141447,OSBPL1A,fbg,grey,0.0138402514915655,0.416504786576218,0.0004315,33.2588,1909,0.00527900699088024,TRUE,""
ENSG00000141447,OSBPL1A,t2d,null,-0.00319390419036127,0.940951444465206,0.0004017,33.2588,,,FALSE,对齐后仅 0 变异(<10)
ENSG00000141499,WRAP53,cad,grey,-0.270432819183027,0.307333408792037,7.635e-05,6.4158,4996,0.00645848157554913,TRUE,""
ENSG00000141506,PIK3R5,fbg,null,-0.0155953735100537,0.825871154703571,0.001727,12.5322,1747,0.00651509874509523,TRUE,""
ENSG00000141524,TMC6,cad,grey,-0.0632220084891494,0.345207856238078,3.002e-06,28.4363,,,FALSE,对齐后仅 0 变异(<10)
ENSG00000141524,TMC6,fbg,null,0.0125192096018118,0.750894345430481,0.000889,28.4363,1793,0.00756997789018014,TRUE,""
ENSG00000141526,SLC16A3,t2d,null,0.0059833405788793,0.86605252103331,1.854e-05,41.0902,,,FALSE,对齐后仅 0 变异(<10)
ENSG00000141526,SLC16A3,cad,null,-0.017095258796798,0.518822668670191,0.0001367,41.0902,,,FALSE,对齐后仅 0 变异(<10)
ENSG00000141543,EIF4A3,fbg,grey,0.0180929067330612,0.453254704753736,5.288e-05,23.6096,1842,0.00469058672988009,TRUE,""
ENSG00000141543,EIF4A3,cad,null,-0.00753871113877549,0.865410037659992,3.156e-05,23.6096,,,FALSE,对齐后仅 0 变异(<10)
ENSG00000141564,RPTOR,fbg,grey,0.020692189892967,0.341492955343765,5.288e-05,33.4354,1539,0.00688254325881827,TRUE,""
ENSG00000141569,TRIM65,t2d,grey,0.0808514526339576,0.367170709962626,0.00137,22.2218,,,FALSE,对齐后仅 0 变异(<10)
ENSG00000141576,RNF157,cad,grey,-0.0727665603809307,0.0735385619032396,5.543e-05,22.8656,,,FALSE,对齐后仅 0 变异(<10)
ENSG00000141576,RNF157,fbg,null,-0.0135545553650753,0.539940330191881,0.008484,22.8656,1412,0.00433979153326107,TRUE,""
ENSG00000141582,CBX4,fbg,null,-0.0220794913805237,0.555362566713577,0.001125,16.0586,1759,0.00534773538550333,TRUE,""
ENSG00000141627,DYM,t2d,grey,-0.0633634177101157,0.237712824582877,0.0009273,25.2291,,,FALSE,对齐后仅 0 变异(<10)
ENSG00000141644,MBD1,t2d,null,0.153282476191681,0.563052648351323,7.783e-05,5.5443,,,FALSE,对齐后仅 0 变异(<10)
ENSG00000141644,MBD1,cad,null,0.0447073888892404,0.812433265726068,2.569e-05,5.5443,,,FALSE,对齐后仅 0 变异(<10)
ENSG00000141646,SMAD4,t2d,null,0.0147021673930588,0.829619285835578,6.589e-05,20.3688,,,FALSE,对齐后仅 0 变异(<10)
ENSG00000141655,TNFRSF11A,t2d,grey,0.292670287247618,0.0623727874477436,5.309e-12,9.9553,,,FALSE,对齐后仅 0 变异(<10)
ENSG00000141655,TNFRSF11A,cad,null,0.0267686238336236,0.817494086363381,2.018e-08,9.9553,,,FALSE,对齐后仅 0 变异(<10)
ENSG00000141664,ZCCHC2,cad,grey,0.0569990134369301,0.219947901038635,2.018e-08,19.2764,,,FALSE,对齐后仅 0 变异(<10)
ENSG00000141759,TXNL4A,t2d,null,-0.0187869181569543,0.872492083811466,2.137e-06,15.08,,,FALSE,对齐后仅 0 变异(<10)
ENSG00000141854,CTB-55O6.8,cad,grey,-0.0495437820770364,0.443899464701257,0.0003252,12.8379,5576,0.00387359446773586,TRUE,""
ENSG00000141873,SLC39A3,cad,grey,0.0477495171383233,0.0841186947979135,6.73e-06,44.8264,6039,0.00243352680183084,TRUE,""
ENSG00000141873,SLC39A3,fbg,null,0.0100525299238575,0.516565503095008,0.0019,44.8264,1135,0.00501886664436271,TRUE,""
ENSG00000141959,PFKL,cad,grey,-0.0341090169493569,0.490704219124049,2.504e-05,22.3657,2090,0.00232800462704109,TRUE,""
ENSG00000141977,CIB3,cad,grey,-0.255584372069308,0.134764384293959,1.093e-07,11.3221,5867,0.00282381633391634,TRUE,""
ENSG00000141977,CIB3,t2d,null,-0.0665426767517724,0.767763178580528,0.0007113,11.3221,3434,0.00689594909664385,TRUE,""
ENSG00000141994,DUS3L,cad,grey,0.0359060964823986,0.103807911902132,5.626e-06,47.079,6393,0.00814041286095685,TRUE,""
ENSG00000142002,DPP9,fbg,grey,0.0368967027515632,0.302191107206298,0.005244,25.911,1144,0.01195383890736,TRUE,""
ENSG00000142039,CCDC97,t2d,grey,-0.147618442880762,0.360383726448537,0.003371,9.0433,1316,0.00679505859660148,TRUE,""
ENSG00000142039,CCDC97,fbg,grey,-0.0649521148675353,0.331753366775936,0.000827,9.0433,1066,0.00663691506689837,TRUE,""
ENSG00000142102,ATHL1,cad,grey,-0.0187043964729967,0.249861877892272,8.347e-06,80.3137,3332,0.0189808568404962,TRUE,""
ENSG00000142186,SCYL1,fbg,grey,-0.140365158705371,0.395705998300659,0.003257,7.7878,896,0.0119561332494101,TRUE,""
ENSG00000142192,APP,fbg,null,-0.0129104588035827,0.564779052623049,0.0008981,26.1072,2110,0.00512197489188256,TRUE,""
ENSG00000142230,SAE1,cad,grey,-0.111508874253222,0.0782055681866274,4.714e-05,18.3791,3861,0.0127357754449209,TRUE,""
ENSG00000142230,SAE1,fbg,grey,-0.0463045325288804,0.232039386701996,0.005501,18.3791,1314,0.00985892439934099,TRUE,""
ENSG00000142409,ZNF787,cad,grey,0.229093180630735,0.188418862338277,4.205e-06,11.8276,5170,0.01575510510727,TRUE,""
ENSG00000142444,C19orf52,t2d,null,0.00210960835867382,0.979802548390434,0.001754,16.7541,1951,0.00404740862478521,TRUE,""
ENSG00000142494,SLC47A1,cad,null,0.00314919333194431,0.921645915309972,0.006574,33.8497,2737,0.00285137366463827,TRUE,""
ENSG00000142507,PSMB6,fbg,grey,0.0566672323663574,0.496982459594656,0.0002989,11.2009,1718,0.00747904605789471,TRUE,""
ENSG00000142528,ZNF473,t2d,null,0.0765090029015669,0.578514721507944,0.0008745,12.7878,891,0.00565651603795927,TRUE,""
ENSG00000142544,CTU1,t2d,null,0.0278993881711945,0.849944540437619,0.0001214,8.8856,2269,0.00351467685927581,TRUE,""
ENSG00000142606,MMEL1,t2d,null,0.0129441884958265,0.587702312844741,0.002706,33.3215,583,0.00501143256556084,TRUE,""
ENSG00000142621,FHAD1,t2d,grey,0.0626447869319758,0.259919135247011,1.768e-05,20.4587,3087,0.00362822244007323,TRUE,""
ENSG00000142621,FHAD1,fbg,grey,0.0218200943246208,0.332669938984237,0.001479,20.4587,1709,0.00602854605709482,TRUE,""
ENSG00000142751,GPN2,fbg,grey,0.0590242983985779,0.332669938984237,1.967e-05,8.8802,954,0.00605333039017796,TRUE,""
ENSG00000142798,HSPG2,fbg,null,0.00571873725951138,0.697358341877476,0.001058,23.4583,1711,0.00462928823921893,TRUE,""
ENSG00000142892,PIGK,t2d,null,0.0364310799596548,0.561479628322256,0.004687,26.3824,2847,0.00520191328665654,TRUE,""
ENSG00000142920,ADC,cad,null,-0.0350378924765128,0.704457418583588,7.588e-05,10.154,3312,0.00310030956206567,TRUE,""
ENSG00000142945,KIF2C,cad,grey,-0.264038993205401,0.197698767203095,4.721e-05,5.0529,3078,0.00631705051924622,TRUE,""
ENSG00000142959,BEST4,t2d,grey,-0.250398574509988,0.145306754578837,0.0007634,10.663,1949,0.0145193559681381,TRUE,""
ENSG00000142973,CYP4B1,t2d,null,-0.0352981290428477,0.855725415320072,0.0006121,8.9218,2385,0.00495376656729553,TRUE,""
ENSG00000143013,LMO4,t2d,grey,0.184262341952245,0.114106866475508,0.0006028,15.2254,2499,0.0163197676894922,TRUE,""
ENSG00000143110,C1orf162,t2d,grey,-0.15283284160059,0.0726249107795155,2e-07,17.3536,3276,0.0023528623897171,TRUE,""
ENSG00000143126,CELSR2,fbg,grey,-0.0238335223997173,0.260589034273618,0.001876,26.8865,1308,0.00704704607655199,TRUE,""
ENSG00000143149,ALDH9A1,t2d,grey,-0.0470635214165794,0.217740662761456,0.0002468,50.6114,4192,0.00448513047213863,TRUE,""
ENSG00000143149,ALDH9A1,cad,null,0.00355196388049656,0.895658593641375,0.0001576,50.6114,6033,0.00276738063822997,TRUE,""
ENSG00000143153,ATP1B1,fbg,null,0.0109526626696496,0.514941407043905,4.083e-05,48.1432,2517,0.0103157267575957,TRUE,""
ENSG00000143158,MPC2,fbg,grey,0.0350041596595661,0.485821758188089,0.0003585,10.5315,2058,0.00522459566019094,TRUE,""
ENSG00000143162,CREG1,fbg,null,0.00436765603481856,0.824140895741885,0.0003585,32.6033,2058,0.00439820779108229,TRUE,""
ENSG00000143178,TBX19,t2d,grey,-0.0420984363294785,0.41821391318549,0.0002453,28.6544,3736,0.00521497000495542,TRUE,""
ENSG00000143248,RGS5,t2d,grey,-0.0982868920762791,0.205038485639118,3.077e-07,23.1027,4530,7.95206990186311e-05,TRUE,""
ENSG00000143252,SDHC,t2d,null,0.00312055854242829,0.937578875461694,0.001063,33.382,3606,0.00782874313745672,TRUE,""
ENSG00000143314,MRPL24,t2d,grey,-0.12820992568767,0.129205752509275,0.0001772,18.2642,3161,0.0117135787305944,TRUE,""
ENSG00000143320,CRABP2,fbg,null,-0.00466678400651849,0.935871591256474,0.001098,24.5027,1644,0.0103070397739478,TRUE,""
ENSG00000143321,HDGF,t2d,grey,-0.311029178974001,0.132831229898694,0.0001772,14.1671,3197,0.0217472811207145,TRUE,""
ENSG00000143353,LYPLAL1,t2d,null,0.0162368955490202,0.617075077451974,1.302e-12,28.6848,3842,6.34070064073206e-09,TRUE,""
ENSG00000143365,RORC,t2d,grey,0.176465086698715,0.360825570956311,0.0001616,10.6922,2561,0.00785942082522862,TRUE,""
ENSG00000143374,TARS2,fbg,grey,0.0438933613272707,0.383771766671716,0.0002148,10.9484,704,0.00554794635872094,TRUE,""
ENSG00000143374,TARS2,t2d,null,-0.0178824805407399,0.889260100828208,9.493e-06,10.9484,1837,0.00192726561547921,TRUE,""
ENSG00000143416,SELENBP1,fbg,grey,-0.0591328654836587,0.389532704716716,0.0002148,11.1364,1070,0.00750982336400866,TRUE,""
ENSG00000143420,ENSA,fbg,grey,-0.0951475302497791,0.317310507862914,0.0002148,9.5878,769,0.0101413974384841,TRUE,""
ENSG00000143420,ENSA,t2d,null,0.166508177937113,0.500264221297225,9.493e-06,9.5878,1953,0.00495596250190675,TRUE,""
ENSG00000143442,POGZ,t2d,grey,0.0458675866906694,0.480261302753423,9.493e-06,27.9413,2355,0.00368130968325944,TRUE,""
ENSG00000143442,POGZ,fbg,grey,-0.0363118394634466,0.164454826104283,0.0002148,27.9413,1093,0.0192075536731051,TRUE,""
ENSG00000143499,SMYD2,cad,grey,0.0257792140000397,0.360825570956311,0.002125,24.5534,5604,0.00416876617525142,TRUE,""
ENSG00000143514,TP53BP2,t2d,null,-0.00625149919130581,0.957057737381541,0.02351,19.8947,2282,0.00649896190741229,TRUE,""
ENSG00000143537,ADAM15,t2d,grey,-0.0590613543552566,0.112233142968296,1.713e-06,74.9462,1923,0.0053270881382816,TRUE,""
ENSG00000143545,RAB13,fbg,grey,-0.0826692891138808,0.214975394149174,9.475e-05,8.0412,1474,0.0121994450806435,TRUE,""
ENSG00000143553,SNAPIN,fbg,grey,0.0450677313743682,0.0995459556044277,9.475e-05,20.2368,1450,0.0129274001613745,TRUE,""
ENSG00000143554,SLC27A3,cad,null,0.0269662010076514,0.651143699743314,6.693e-15,34.0831,3987,1.51681423204563e-10,TRUE,""
ENSG00000143554,SLC27A3,fbg,null,0.00259290394304341,0.938684739206775,9.475e-05,34.0831,1415,0.00692336914366716,TRUE,""
ENSG00000143575,HAX1,cad,null,-0.00154973713530939,0.962019851444415,6.693e-15,30.3503,3721,7.50663511572654e-11,TRUE,""
ENSG00000143578,CREB3L4,cad,null,-0.00614671205169947,0.902259917132016,6.693e-15,20.271,4205,7.21020909877853e-11,TRUE,""
ENSG00000143612,C1orf43,t2d,null,-0.0284917858853461,0.694758945483497,1.713e-06,17.2737,2529,0.000955479906372172,TRUE,""
ENSG00000143614,GATAD2B,cad,null,-0.0367725257166383,0.789002893940479,6.693e-15,6.1705,4113,1.78218196495167e-06,TRUE,""
ENSG00000143614,GATAD2B,fbg,null,-0.0387079218069877,0.625688055872567,9.475e-05,6.1705,1511,0.00512065565995185,TRUE,""
ENSG00000143622,RIT1,fbg,null,-0.00962646116121146,0.633938683881346,0.002818,24.8124,868,0.00511886760093748,TRUE,""
ENSG00000143643,TTC13,t2d,null,-0.0125168707457081,0.832290604654577,0.0001878,25.4638,3996,0.00410838396327024,TRUE,""
ENSG00000143740,SNAP47,t2d,null,-0.0569879085952695,0.653562305233114,0.0008577,16.3145,3839,0.211741425882923,TRUE,""
ENSG00000143742,SRP9,t2d,null,0.0396622930037917,0.687556039477729,0.0002166,10.0005,3199,0.00330572777327893,TRUE,""
ENSG00000143756,FBXO28,t2d,grey,-0.0292044073129725,0.317310507862914,0.006298,67.0841,2906,0.014347749613895,TRUE,""
ENSG00000143756,FBXO28,fbg,null,-0.00365055091412156,0.759943064406937,0.0002694,67.0841,1514,0.00580157618415568,TRUE,""
ENSG00000143761,ARF1,t2d,grey,0.135979035221189,0.472788907323068,0.000834,7.2601,3118,0.00488852154405563,TRUE,""
ENSG00000143761,ARF1,fbg,null,0.0242819705752124,0.786952335429884,0.002716,7.2601,1638,0.00560551847650193,TRUE,""
ENSG00000143772,ITPKB,t2d,null,-0.00360269604810899,0.970455474702892,0.0008577,14.7932,3828,0.0038156958306851,TRUE,""
ENSG00000143774,GUK1,t2d,grey,-0.195144665634687,0.141795958594924,0.000834,7.2825,2970,0.0294442618627042,TRUE,""
ENSG00000143842,SOX13,t2d,null,0.196981860375881,0.566026646095998,7.874e-05,5.8928,3034,0.00588382276003654,TRUE,""
ENSG00000143850,PLEKHA6,t2d,grey,0.089277759102686,0.173682784589957,9.455e-06,12.5591,3112,0.0108690497967795,TRUE,""
ENSG00000143882,ATP6V1C2,cad,grey,-0.0956662056732464,0.317310507862914,0.0003259,9.4357,6771,0.0859797659118689,TRUE,""
ENSG00000143889,HNRPLL,cad,grey,0.0595563461593785,0.334692148107316,0.0005005,22.4595,5253,0.00654303630783622,TRUE,""
ENSG00000143924,EML4,t2d,null,0.00371158839241045,0.900523550339774,8.633e-28,60.5956,4418,1.34579286665238e-18,TRUE,""
ENSG00000143951,WDPCP,fbg,grey,-0.0271444010861391,0.195624786869267,0.006967,25.9227,1364,0.0105651846927326,TRUE,""
ENSG00000143952,VPS54,fbg,null,0.0105923602389575,0.919542441743828,0.006967,11.2749,1512,0.0120115491933114,TRUE,""
ENSG00000144043,TEX261,cad,grey,0.107761726105199,0.152557632901191,1.22e-06,16.9551,5579,0.0015917914497118,TRUE,""
ENSG00000144048,DUSP11,cad,grey,-0.197525833808621,0.298822856524511,0.0003161,7.1913,3291,0.00897624897193858,TRUE,""
ENSG00000144115,THNSL2,t2d,null,0.0156060989338659,0.713639548038236,0.01611,95.9781,1346,0.0059670712838297,TRUE,""
ENSG00000144118,RALB,cad,null,0.00425790032101156,0.831237456877116,0.0003369,54.7788,3290,0.00288220894161123,TRUE,""
ENSG00000144120,TMEM177,t2d,grey,0.0986230582701096,0.331753366775936,2.827e-11,17.8107,1562,2.93769846103785e-07,TRUE,""
ENSG00000144136,SLC20A1,t2d,grey,0.0243079436928824,0.49813992156856,0.01131,66.4034,2016,0.00635878569668195,TRUE,""
ENSG00000144161,ZC3H8,fbg,null,0.0189467299134808,0.580515713596355,0.00485,19.6263,1338,0.00537722085524274,TRUE,""
ENSG00000144182,LIPT1,t2d,grey,-0.0275589947621789,0.41786742785345,0.0004319,65.5543,2208,0.00380564016178971,TRUE,""
ENSG00000144214,LYG1,t2d,null,-0.0147046567527504,0.586232434178078,0.0004319,34.9236,2278,0.00419211716290282,TRUE,""
ENSG00000144231,POLR2D,fbg,null,0.00616130148840429,0.761866768188248,0.002768,28.89,1837,0.00415276747321347,TRUE,""
ENSG00000144283,PKP4,t2d,null,-0.0105493537038627,0.735485394111986,1.391e-11,42.2279,2688,0.0110796494309585,TRUE,""
ENSG00000144362,PHOSPHO2,t2d,null,-0.00677244706623738,0.87583596638341,7.157e-07,61.0986,2981,0.00399358570532479,TRUE,""
ENSG00000144407,PTH2R,fbg,grey,-0.276241505471399,0.153127451019669,4.062e-05,8.8893,1668,0.0310504216239445,TRUE,""
ENSG00000144524,COPS7B,t2d,null,-0.0587364363161235,0.812998822226794,7.507e-05,6.3693,1784,0.00438453346813986,TRUE,""
ENSG00000144550,CPNE9,cad,null,0.00771816425827794,0.942232838493021,3.918e-05,6.7498,5897,0.00302763214884362,TRUE,""
ENSG00000144560,VGLL4,t2d,grey,-0.0812728565974794,0.357335275894853,1.637e-24,11.9676,3633,9.56200785309497e-21,TRUE,""
ENSG00000144579,CTDSP1,fbg,null,-0.0226354210168682,0.78331623830721,0.001446,7.3424,1399,0.00660678950066567,TRUE,""
ENSG00000144580,RQCD1,t2d,null,-0.000750630830009664,0.971167077178938,0.0002965,48.1538,1108,0.00382297923218558,TRUE,""
ENSG00000144591,GMPPA,cad,null,-0.00285268626296265,0.99281194803678,0.002151,6.2283,3516,0.00538293812128761,TRUE,""
ENSG00000144647,GTDC2,fbg,null,0.00351246986433255,0.925307750889347,0.002533,13.6872,1668,0.00383197134657824,TRUE,""
ENSG00000144659,SLC25A38,cad,grey,-0.0588722917945926,0.271870393776563,0.0003201,12.1138,5457,0.00647054696355706,TRUE,""
ENSG00000144677,CTDSPL,t2d,grey,0.522774005171228,0.0632908322333453,0.005872,7.5639,3069,0.0280131705841385,TRUE,""
ENSG00000144677,CTDSPL,cad,null,-0.00536178466842285,0.97872559981886,0.0003187,7.5639,4617,0.00911009550360937,TRUE,""
ENSG00000144711,IQSEC1,cad,null,0.0368133297545773,0.546681849454599,4.405e-06,19.634,6001,0.00158585259443479,TRUE,""
ENSG00000144724,PTPRG,t2d,grey,0.305923193545848,0.0526056163897508,8.137e-06,5.5882,4486,0.0133226297944705,TRUE,""
ENSG00000144815,NXPE3,t2d,null,0.0185978896523065,0.753167584636903,0.001789,43.2627,3202,0.00767502705175447,TRUE,""
ENSG00000144815,NXPE3,cad,null,-0.00520740910264582,0.898724545227828,0.001098,43.2627,4279,0.00520348853859461,TRUE,""
ENSG00000144821,MYH15,t2d,grey,0.324402506966146,0.126490221855965,0.0003432,6.5081,3400,0.0144438956723809,TRUE,""
ENSG00000144824,PHLDB2,cad,null,-0.0278531184294807,0.795927918181723,0.001084,8.7772,4949,0.00288730759569862,TRUE,""
ENSG00000144847,IGSF11,cad,null,-0.00869052931664188,0.92968966605199,0.0002005,23.7913,5348,0.00632215889760377,TRUE,""
ENSG00000144867,SRPRB,t2d,grey,0.0349951193488765,0.365860033041956,3.898e-05,50.8205,3401,0.00709121123420643,TRUE,""
ENSG00000144895,EIF2A,fbg,null,0.00281182006143777,0.880764615259515,0.002574,48.3701,1665,0.00643977191546062,TRUE,""
ENSG00000144909,OSBPL11,fbg,grey,-0.0628792497336349,0.0682232466455102,0.001146,17.5511,2255,0.0205936700467969,TRUE,""
ENSG00000145014,TMEM44,cad,grey,0.0242729273003635,0.463355149269596,0.0005802,29.569,6670,0.00354034025510738,TRUE,""
ENSG00000145029,NICN1,fbg,null,-0.00309974032552093,0.841480581121794,0.0001937,46.8793,663,0.00510049116619351,TRUE,""
ENSG00000145088,EAF2,t2d,grey,0.0330630293453099,0.408146100261111,0.0004137,36.0705,3447,0.00651578563978572,TRUE,""
ENSG00000145103,ILDR1,t2d,null,-0.00462040122673726,0.973758529917755,0.0004137,19.1951,3509,0.00693728388891364,TRUE,""
ENSG00000145198,VWA5B2,t2d,null,-0.106202585144612,0.722173432772911,8.449e-05,4.6602,2647,0.00352105269624737,TRUE,""
ENSG00000145216,FIP1L1,t2d,grey,-0.271748359326212,0.146718745249695,0.001481,7.0762,2082,0.00069378696735773,TRUE,""
ENSG00000145241,CENPC1,cad,null,-0.00124988069848041,0.9597199248219,0.0002902,38.9772,2557,0.00464563584822553,TRUE,""
ENSG00000145244,CORIN,fbg,grey,-0.0148132091720574,0.222939094167741,0.007258,53.0509,1611,0.00614067975776409,TRUE,""
ENSG00000145331,TRMT10A,t2d,null,-0.103174259137904,0.732473762774503,3.564e-06,10.3181,2368,0.000853689794930503,TRUE,""
ENSG00000145335,SNCA,cad,null,0.0122513144936275,0.783037890647658,5.664e-05,27.1882,3254,0.00294207937839604,TRUE,""
ENSG00000145348,TBCK,fbg,grey,0.0174392181872559,0.381573905705021,0.002765,35.2993,1579,0.00780201336743272,TRUE,""
ENSG00000145349,CAMK2D,cad,null,0.0152290533014921,0.82057605700214,6.238e-05,25.6673,3224,0.00479466900872573,TRUE,""
ENSG00000145375,SPATA5,fbg,null,-0.0723119325585631,0.636407766483415,0.0002247,6.3784,1484,0.00702766563873355,TRUE,""
ENSG00000145386,CCNA2,fbg,grey,-0.0608153553142725,0.196938679952046,0.0002643,11.7072,1697,0.00804932555387694,TRUE,""
ENSG00000145386,CCNA2,t2d,null,0.0258465260085658,0.831716977781815,2.027e-08,11.7072,1669,0.00387876749177595,TRUE,""
ENSG00000145388,METTL14,cad,grey,0.0474391965251371,0.435590430382112,1.229e-14,17.1685,3218,6.7365947919808e-06,TRUE,""
ENSG00000145390,USP53,t2d,null,0.00180753248746443,0.95309266714744,0.000867,83.4183,2476,0.00695733077629978,TRUE,""
ENSG00000145423,SFRP2,fbg,grey,-0.0234219159644887,0.475050524053953,0.0003264,18.9987,1760,0.0112076843844725,TRUE,""
ENSG00000145423,SFRP2,t2d,null,0.0206112860487501,0.800365919158348,0.002724,18.9987,2209,0.00530339427558579,TRUE,""
ENSG00000145425,RPS3A,cad,grey,0.115524354254986,0.457695389725024,0.004213,14.1043,2648,0.00804611584895673,TRUE,""
ENSG00000145425,RPS3A,fbg,grey,0.137256658520775,0.172682041418748,0.01054,14.1043,1354,0.024710929923497,TRUE,""
ENSG00000145439,CBR4,fbg,null,-0.00993706562185777,0.588048156696901,0.0004126,47.1064,1654,0.00702281532673108,TRUE,""
ENSG00000145476,CYP4V2,cad,null,-0.000753654693047928,0.972009793963865,0.0003533,66.6661,3871,0.0451839290754667,TRUE,""
ENSG00000145491,ROPN1L,t2d,grey,-0.383521509034467,0.061305293624337,0.003103,7.9289,4172,0.0262229263831284,TRUE,""
ENSG00000145495,MARCH6,cad,null,0.0103807545932715,0.738882680363527,3.752e-13,57.3179,6632,7.34128810839098e-10,TRUE,""
ENSG00000145545,SRD5A1,fbg,grey,-0.0100399413349113,0.495353925990435,0.0002989,28.6387,2637,0.00647847634132461,TRUE,""
ENSG00000145555,MYO10,cad,grey,0.0282204940002045,0.476548744736444,9.68e-06,26.3169,5514,0.00262345504169288,TRUE,""
ENSG00000145604,SKP2,fbg,null,0.00490362179301757,0.841480581121794,0.0001212,36.2997,1958,0.00585886384520769,TRUE,""
ENSG00000145632,PLK2,t2d,null,0.114606892846783,0.551684329116147,0.0001414,7.4033,3059,0.00455426856589754,TRUE,""
ENSG00000145687,SSBP2,t2d,grey,0.0736395694303608,0.41821391318549,0.0002486,16.4041,2495,0.00533141914985944,TRUE,""
ENSG00000145708,CRHBP,fbg,null,0.0493181467999897,0.674956824198369,7.201e-06,4.6114,2236,0.00356014148211785,TRUE,""
ENSG00000145715,RASA1,cad,null,-0.0222886214501958,0.832012471360641,0.0001596,11.1594,2807,0.00298656600983986,TRUE,""
ENSG00000145730,PAM,fbg,grey,-0.022127311559607,0.118170245865335,0.00174,172.3943,1848,0.00837046096686187,TRUE,""
ENSG00000145734,BDP1,t2d,null,-0.00252076050201789,0.981227977779993,0.007103,7.6031,668,0.00419514044214897,TRUE,""
ENSG00000145741,BTF3,t2d,grey,0.270122550166468,0.0571137833008738,0.000105,10.2248,2180,0.0161047277145317,TRUE,""
ENSG00000145850,TIMD4,t2d,grey,0.111530178969012,0.152557632901191,1.962e-05,16.4386,2951,0.00394938914906077,TRUE,""
ENSG00000145868,FBXO38,cad,null,0.00962649363418048,0.660953939892624,0.001329,42.7633,3433,0.00283239743466793,TRUE,""
ENSG00000145901,TNIP1,cad,grey,0.0365216881257953,0.38894154746715,0.0001958,27.2425,4130,0.00423496241645401,TRUE,""
ENSG00000145901,TNIP1,t2d,null,0.0156521520539123,0.791983150114723,0.002964,27.2425,2724,0.00449667581815583,TRUE,""
ENSG00000145907,G3BP1,fbg,grey,-0.0892439545471595,0.175468950513596,0.009201,8.3487,2389,0.00898848730141961,TRUE,""
ENSG00000145908,ZNF300,fbg,null,0.0108091226913501,0.88160399979692,0.0005283,11.5273,2150,0.00918191007496281,TRUE,""
ENSG00000145920,CPLX2,cad,null,-0.042709642493175,0.65672128656377,0.0002705,9.6142,3423,0.00473113739085129,TRUE,""
ENSG00000146021,KLHL3,fbg,null,-0.00893712097031599,0.651547872829126,0.001974,27.8837,1538,0.0081250749640788,TRUE,""
ENSG00000146054,TRIM7,fbg,null,0.0151465106335408,0.567709166197353,0.001253,23.3609,815,0.00485676772780683,TRUE,""
ENSG00000146066,HIGD2A,cad,grey,-0.0248962981527377,0.377299552838314,0.0007366,74.262,2795,0.00525249308350833,TRUE,""
ENSG00000146122,DAAM2,cad,null,-0.049328801250118,0.648709609153699,7.631e-12,14.7476,6743,2.53620201351271e-08,TRUE,""
ENSG00000146192,FGD2,cad,grey,-0.0157316525491355,0.401308997816551,3.484e-08,61.3863,5841,0.000188092585218379,TRUE,""
ENSG00000146197,SCUBE3,t2d,null,-0.132581524509588,0.659592253098865,1.01e-06,4.928,3289,0.00190996966077464,TRUE,""
ENSG00000146221,TCTE1,t2d,null,0.0309140809674981,0.859339364707836,1.129e-10,7.7917,2992,2.53444388477064e-07,TRUE,""
ENSG00000146221,TCTE1,fbg,null,0.0375385268891049,0.636768179585685,0.0001759,7.7917,1822,0.0047011170016525,TRUE,""
ENSG00000146223,RPL7L1,t2d,null,0.0262998570360368,0.547073936768484,1.129e-10,20.4101,2523,3.58169311973917e-07,TRUE,""
ENSG00000146373,RNF217,fbg,grey,-0.0457402064269112,0.228378824513482,0.0004373,20.4854,2061,0.0108007647758319,TRUE,""
ENSG00000146376,ARHGAP18,cad,null,-0.0617024700648155,0.531971058097401,0.0001103,11.5387,5452,0.00378762263865202,TRUE,""
ENSG00000146376,ARHGAP18,fbg,null,-0.0169681792678243,0.753304047285912,0.0002292,11.5387,2497,0.00542172164949489,TRUE,""
ENSG00000146409,SLC18B1,fbg,null,0.00708362778345376,0.564431895351643,0.0009308,77.2651,2285,0.00742621301603151,TRUE,""
ENSG00000146453,PNLDC1,cad,grey,-0.208246352178383,0.320402754062977,9.78e-154,12.9395,4703,4.34843292192269e-34,TRUE,""
ENSG00000146476,C6orf211,cad,grey,-0.062247828541762,0.492435260505039,1.732e-06,23.0839,5698,0.00320125510135519,TRUE,""
ENSG00000146574,CCZ1B,fbg,null,-0.000151431660996535,0.979543663087131,0.0002071,48.9828,1743,0.00449616727764089,TRUE,""
ENSG00000146666,LINC00525,t2d,null,-0.00866324471531999,0.880764615259515,7.199e-05,21.5881,4826,0.00335940477336667,TRUE,""
ENSG00000146666,LINC00525,cad,null,0.02310198590752,0.574522492612234,0.0001183,21.5881,6841,0.00306109070960455,TRUE,""
ENSG00000146676,PURB,fbg,null,-0.0329269530976304,0.702199590874297,3.509e-53,7.0178,1427,3.53053908612023e-08,TRUE,""
ENSG00000146700,SRCRB4D,t2d,grey,-0.122849892041355,0.239994715798025,4.611e-05,13.5738,1115,0.00567721696885198,TRUE,""
ENSG00000146707,POMZP3,cad,grey,0.0164578269015483,0.464569498731224,0.002977,106.8555,3250,0.00350522121303475,TRUE,""
ENSG00000146707,POMZP3,t2d,null,-0.000671748036797892,0.983203671034106,4.611e-05,106.8555,1204,0.0100599894103469,TRUE,""
ENSG00000146729,GBAS,t2d,grey,0.0894239389194136,0.402474929547394,0.003677,14.3057,3528,0.00599564569468581,TRUE,""
ENSG00000146731,CCT6A,t2d,grey,0.0515508117625013,0.300531576117269,0.003677,30.3294,3377,0.00676826480689385,TRUE,""
ENSG00000146776,ATXN7L1,fbg,grey,-0.0909744225535179,0.482599554301848,0.0002851,5.9171,1695,0.00661068499002516,TRUE,""
ENSG00000146776,ATXN7L1,cad,null,-0.0799472198197581,0.687111710399728,0.0004687,5.9171,4121,0.00629051990253409,TRUE,""
ENSG00000146826,C7orf43,fbg,grey,0.027028677244932,0.21129954733371,0.001621,32.8166,779,0.010568017124321,TRUE,""
ENSG00000146833,TRIM4,t2d,grey,-0.0259846542389998,0.205576535768442,2.475e-05,96.4603,1782,0.0158586700321553,TRUE,""
ENSG00000146859,TMEM140,cad,null,-0.00357798591649257,0.788809283599619,0.0005911,83.9614,5240,0.00260431163284592,TRUE,""
ENSG00000146955,RAB19,t2d,null,0.0115648814774778,0.967442323515777,2.611e-05,5.642,1899,0.00354366889723393,TRUE,""
ENSG00000146963,LUC7L2,t2d,grey,0.329989662198418,0.217187048064317,0.0005263,5.5844,2232,0.00820449053355665,TRUE,""
ENSG00000147316,MCPH1,cad,grey,0.0974891514419308,0.156955757886291,9.516e-05,16.6318,10196,0.007637027040276,TRUE,""
ENSG00000147324,MFHAS1,fbg,null,0.00249506768571959,0.900523550339774,7.614e-10,28.5363,2435,1.44977881101185e-06,TRUE,""
ENSG00000147364,FBXO25,t2d,grey,0.100911157795401,0.375421607696006,0.001485,13.6761,3519,0.0060365950840493,TRUE,""
ENSG00000147364,FBXO25,fbg,grey,0.0685678379891831,0.129953390214931,0.002094,13.6761,1557,0.0129541736467021,TRUE,""
ENSG00000147416,ATP6V1B2,cad,null,0.0301003311052949,0.88135342328068,5.15e-14,5.8003,7360,0.00563426928789185,TRUE,""
ENSG00000147439,BIN3,cad,null,0.0167152717275056,0.541749537207679,1.044e-11,38.3362,5204,2.63733217322112e-08,TRUE,""
ENSG00000147526,TACC1,t2d,grey,-0.0429925162227682,0.220575220505703,9.333e-05,43.8733,1682,0.0215123117637527,TRUE,""
ENSG00000147533,GOLGA7,fbg,null,-0.0154236190215534,0.567709166197353,0.003148,22.7646,1656,0.00651082310999441,TRUE,""
ENSG00000147548,WHSC1L1,fbg,null,-0.00640939908025637,0.849944540437619,0.002331,19.4402,1038,0.00453248332014877,TRUE,""
ENSG00000147570,DNAJC5B,t2d,null,-0.122495880602905,0.526127438458496,0.0004227,6.9212,1116,0.00593798627879494,TRUE,""
ENSG00000147650,LRP12,t2d,grey,0.0938255338260878,0.135349954285326,6.26e-05,21.207,1898,0.01630542569224,TRUE,""
ENSG00000147687,TATDN1,fbg,null,0.0168816864268661,0.827903407296463,0.0001238,7.0744,1984,0.0056117430930899,TRUE,""
ENSG00000147789,ZNF7,fbg,null,-0.0101823029071022,0.832012471360641,0.02063,11.5801,370,0.00407128851879676,TRUE,""
ENSG00000147799,ARHGAP39,fbg,grey,0.0663412946100787,0.0659578992594125,0.002155,14.0146,453,0.0192211016527051,TRUE,""
ENSG00000147874,HAUS6,fbg,grey,-0.0618631409296295,0.0562503652819669,6.948e-05,12.1614,2696,0.0227937270161736,TRUE,""
ENSG00000147905,ZCCHC7,cad,grey,0.0606314271282785,0.0838424685876192,0.0002699,29.89,5136,0.011351340085766,TRUE,""
ENSG00000147912,FBXO10,t2d,grey,0.103336518232674,0.300531576117269,0.0002048,13.8049,3339,0.00616659851050937,TRUE,""
ENSG00000148090,AUH,t2d,grey,-0.224228472926084,0.107762193948406,1.151e-08,10.2795,,,FALSE,对齐后仅 0 变异(<10)
ENSG00000148153,INIP,t2d,null,-0.0265734693310131,0.526791507814832,1.578e-05,30.1346,,,FALSE,对齐后仅 0 变异(<10)
ENSG00000148153,INIP,cad,null,-0.0154126122119876,0.610912097082934,5.546e-05,30.1346,,,FALSE,对齐后仅 0 变异(<10)
ENSG00000148153,INIP,fbg,null,0.00265734693310131,0.87583596638341,0.0008985,30.1346,2306,0.00364245618297351,TRUE,""
ENSG00000148154,UGCG,fbg,null,0.0250891510564224,0.716129568855565,0.0008985,14.1894,2135,0.00668035691505879,TRUE,""
ENSG00000148180,GSN,fbg,grey,0.0202831415583933,0.13784315525934,0.004221,85.1636,1645,0.00445453497013742,TRUE,""
ENSG00000148180,GSN,t2d,null,-0.00573219217954593,0.867632334778193,6.202e-07,85.1636,,,FALSE,对齐后仅 0 变异(<10)
ENSG00000148200,NR6A1,fbg,grey,0.0933180540916719,0.116982086023696,0.004123,10.9467,1344,0.0150392948971515,TRUE,""
ENSG00000148204,CRB2,t2d,grey,-0.254609496998018,0.0748716187250424,0.0002684,11.7717,,,FALSE,对齐后仅 0 变异(<10)
ENSG00000148219,ASTN2,fbg,null,0.0411785118231241,0.582991993727739,0.005365,12.1034,2489,0.00718661908981616,TRUE,""
ENSG00000148248,SURF4,cad,null,-0.0385938963845992,0.798798821796531,1.09e-05,6.4547,,,FALSE,对齐后仅 0 变异(<10)
ENSG00000148291,SURF2,cad,grey,-0.112732583711086,0.348971882516284,1.09e-05,13.6475,,,FALSE,对齐后仅 0 变异(<10)
ENSG00000148334,PTGES2,t2d,null,0.089347453492774,0.544144693769952,0.0008263,14.6636,,,FALSE,对齐后仅 0 变异(<10)
ENSG00000148337,CIZ1,t2d,grey,-0.135747716707106,0.449590704210959,6.998e-05,5.4529,,,FALSE,对齐后仅 0 变异(<10)
ENSG00000148341,SH3GLB2,fbg,grey,0.0113956751680738,0.364803543676989,0.003991,51.4271,1558,0.00416530201783225,TRUE,""
ENSG00000148343,FAM73B,fbg,null,0.0608346307748631,0.682942814686758,0.003991,8.4255,1565,0.00899906461979495,TRUE,""
ENSG00000148344,PTGES,fbg,grey,0.0394730333449568,0.344942578828616,0.00115,26.9066,1843,0.0129592870275011,TRUE,""
ENSG00000148384,INPP5E,fbg,null,0.00833938815755594,0.51108906411744,0.0004699,82.9514,1078,0.0407253267776995,TRUE,""
ENSG00000148400,NOTCH1,cad,null,-0.0527591498437057,0.532783651751236,,18.4117,,,FALSE,GWAS 区域无数据
ENSG00000148426,PROSER2,cad,grey,0.0757292412072586,0.0543242037051152,6.377e-10,26.7973,6660,9.04503888473585e-06,TRUE,""
ENSG00000148481,FAM188A,cad,null,-0.0120682537322218,0.802587348634153,0.0002857,23.3185,5890,0.00292173551271191,TRUE,""
ENSG00000148488,ST8SIA6,fbg,null,-0.00820010402106505,0.909526060036958,0.002147,9.9063,2173,0.00533148849636813,TRUE,""
ENSG00000148498,PARD3,t2d,null,-0.0142064440593466,0.901635551198793,0.0005253,11.9558,2786,0.00415094117627666,TRUE,""
ENSG00000148516,ZEB1,fbg,grey,0.15215364280132,0.0905873219215137,0.0009483,7.5409,1949,0.0183059960222126,TRUE,""
ENSG00000148600,CDHR1,t2d,grey,0.0610840597170591,0.317310507862914,1.966e-06,23.7497,730,0.0287188383863494,TRUE,""
ENSG00000148606,POLR3A,fbg,grey,-0.129858511863557,0.381573905705021,0.0001993,4.7813,2347,0.00447903142265963,TRUE,""
ENSG00000148660,CAMK2G,cad,null,0.063284764117665,0.717766227968304,1.866e-05,8.2854,442,0.000766667804324788,TRUE,""
ENSG00000148737,TCF7L2,cad,null,0.0275986567280657,0.504985075093846,4.921e-05,24.4298,549,0.00090751615228004,TRUE,""
ENSG00000148824,MTG1,fbg,grey,-0.0268035568450792,0.139892765510505,0.001723,39.1442,862,0.0145617723595232,TRUE,""
ENSG00000148834,GSTO1,t2d,grey,-0.116875882890068,0.0667530151696345,0.002937,23.3746,648,0.000115758603989754,TRUE,""
ENSG00000148925,BTBD10,t2d,null,0.0164552719836005,0.642908296823687,1.561e-05,37.0066,4105,0.00439245260685065,TRUE,""
ENSG00000148926,ADM,fbg,grey,0.0118339848430455,0.349538991650093,0.004647,43.6104,2193,0.00683522419478661,TRUE,""
ENSG00000149016,TUT1,cad,grey,-0.204249354574048,0.100162199018953,4.149e-05,8.4363,4194,0.00647363483846702,TRUE,""
ENSG00000149150,SLC43A1,t2d,grey,-0.157517382979245,0.234096147818447,7.872e-06,10.5216,3793,0.00322865226471893,TRUE,""
ENSG00000149201,CCDC81,fbg,grey,-0.0968764627380934,0.182422439451736,0.0005806,10.6477,2158,0.0178872359886184,TRUE,""
ENSG00000149212,SESN3,cad,grey,-0.0170163751716677,0.471957176640949,0.0001575,42.8881,4823,0.00334600173334389,TRUE,""
ENSG00000149212,SESN3,fbg,grey,0.0136961068454886,0.317310507862914,0.0002126,42.8881,2219,0.00606895892163885,TRUE,""
ENSG00000149273,RPS3,cad,grey,0.223873726294805,0.245274152643522,4.758e-11,8.2356,3681,1.1389921267817e-06,TRUE,""
ENSG00000149292,TTC12,cad,grey,0.0339154663510071,0.0604916489895504,1.833e-05,56.7376,5280,0.0194916948887952,TRUE,""
ENSG00000149305,HTR3B,t2d,null,0.0277364397404903,0.885149523176056,0.0003465,7.9651,3619,0.00424041751500212,TRUE,""
ENSG00000149308,NPAT,t2d,null,-0.0177534462177908,0.817494086363381,0.0002324,17.8893,3788,0.00355525844209722,TRUE,""
ENSG00000149346,SLX4IP,t2d,grey,0.0580225162590854,0.37636410621678,8.22e-05,19.0594,4541,0.00402699512065359,TRUE,""
ENSG00000149418,ST14,cad,null,-0.0158518785523288,0.694128620182635,0.001718,44.2837,5551,0.00423573580587489,TRUE,""
ENSG00000149474,CSRP2BP,t2d,grey,0.072081063730739,0.389370518612637,0.0008121,16.7354,4534,0.00507298426520915,TRUE,""
ENSG00000149499,EML3,t2d,grey,0.0282550981263888,0.128883734707738,2.877e-05,77.9776,2571,0.00897021951809159,TRUE,""
ENSG00000149499,EML3,fbg,grey,-0.00964808228705958,0.216721062179052,2.59e-11,77.9776,1242,2.54053393851431e-07,TRUE,""
ENSG00000149531,FRG1B,t2d,grey,-0.0422378891016012,0.201563967774554,0.2552,19.436,37,0.00740766823642288,TRUE,""
ENSG00000149534,MS4A2,fbg,grey,-0.0175438599705849,0.416504786576218,3.119e-05,17.6992,1625,0.00521144291723582,TRUE,""
ENSG00000149541,B3GAT3,fbg,grey,-0.06613154070278,0.404656761927286,2.59e-11,8.0475,1240,6.7136328379427e-08,TRUE,""
ENSG00000149548,CCDC15,t2d,grey,0.0287787789239428,0.428822162257029,0.00133,51.5844,3994,0.00573263208223432,TRUE,""
ENSG00000149573,MPZL2,t2d,grey,-0.0445501543935609,0.109146583972255,0.0001065,99.171,3611,0.0138574749074016,TRUE,""
ENSG00000149679,CABLES2,cad,grey,0.0322092430605078,0.262419987102973,0.0003504,27.7554,2212,0.00235913997698575,TRUE,""
ENSG00000149743,TRPT1,fbg,grey,0.0525796921802771,0.195291954924253,0.004269,26.3346,996,0.0165706188473579,TRUE,""
ENSG00000149743,TRPT1,cad,null,-0.026622628952039,0.720984861901671,0.0003938,26.3346,3127,0.00537895454410702,TRUE,""
ENSG00000149792,MRPL49,cad,null,0.114249005507002,0.682879776582612,2.291e-11,10.2175,2992,2.67550982092376e-07,TRUE,""
ENSG00000149809,TM7SF2,cad,null,-0.0184704497237064,0.870204532038746,2.291e-11,22.2442,3001,2.31807117639861e-07,TRUE,""
ENSG00000149929,HIRIP3,cad,grey,-0.341407957327007,0.110081687211018,0.0001223,6.8712,1991,0.0156406610082386,TRUE,""
ENSG00000150045,KLRF1,fbg,null,0.0490852312381877,0.57377540363273,0.002978,6.5233,2054,0.00488152318907923,TRUE,""
ENSG00000150048,CLEC1A,fbg,grey,-0.0231508103186997,0.374062797490882,0.0037,30.1703,2046,0.00794261245378361,TRUE,""
ENSG00000150076,C10orf68,t2d,grey,-0.15013549868587,0.176515313416153,0.0004794,18.7965,4465,0.0137929601209068,TRUE,""
ENSG00000150093,ITGB1,fbg,null,0.0334567969484217,0.595245548732816,0.003705,9.0445,2204,0.00448798241837144,TRUE,""
ENSG00000150316,CWC15,t2d,null,0.01884842135119,0.775096962195985,0.0008794,22.6235,3078,0.00418591946256966,TRUE,""
ENSG00000150347,ARID5B,fbg,grey,-0.0200704670384326,0.251653892998616,0.002691,36.0713,2029,0.00943999190872391,TRUE,""
ENSG00000150401,DCUN1D2,t2d,null,0.0194831757868874,0.915765450104956,0.0003621,10.0157,834,0.00520091874875806,TRUE,""
ENSG00000150459,SAP18,cad,null,0.0336743273542601,0.65271044057584,0.0006316,14.272,4269,0.003141332017896,TRUE,""
ENSG00000150477,KIAA1328,t2d,grey,0.044020172418366,0.449760749581585,0.002105,26.234,,,FALSE,对齐后仅 0 变异(<10)
ENSG00000150477,KIAA1328,cad,null,0.0148991352800623,0.731034305380085,7.87e-05,26.234,,,FALSE,对齐后仅 0 变异(<10)
ENSG00000150637,CD226,cad,grey,-0.0430041489632169,0.0955807045456294,0.002943,44.915,,,FALSE,对齐后仅 0 变异(<10)
ENSG00000150672,DLG2,fbg,grey,0.0521745128991262,0.196938679952046,0.001117,6.969,2033,0.00910047833734813,TRUE,""
ENSG00000150687,PRSS23,cad,grey,-0.22816868370824,0.34190232766754,3.693e-05,8.8563,6230,0.00532292528389051,TRUE,""
ENSG00000150753,CCT5,cad,grey,-0.0334557957467283,0.336281496460677,3.752e-13,43.4166,6584,6.48920271286177e-10,TRUE,""
ENSG00000150753,CCT5,t2d,null,0.0124901637454453,0.805981023569994,0.0008044,43.4166,4338,0.00561561359466896,TRUE,""
ENSG00000150756,FAM173B,cad,grey,0.0944593587046163,0.392405478614262,3.752e-13,12.1847,6582,6.56606355461474e-10,TRUE,""
ENSG00000150756,FAM173B,fbg,null,-0.0276111971598109,0.67286282272179,0.002262,12.1847,2689,0.00668043642400267,TRUE,""
ENSG00000150787,PTS,fbg,null,0.0362396696829944,0.937373513957664,0.0001673,5.155,1908,0.0143223018210768,TRUE,""
ENSG00000150867,PIP4K2A,t2d,null,0.0324839941546973,0.775096962195985,5.423e-05,12.9043,2383,0.0035913349547136,TRUE,""
ENSG00000150938,CRIM1,fbg,null,-0.00916476036383285,0.761866768188248,8.844e-05,17.7989,2719,0.00345131519448936,TRUE,""
ENSG00000150990,DHX37,fbg,grey,-0.154353570994595,0.384300404207392,0.002396,9.2929,2053,0.0127843764525392,TRUE,""
ENSG00000150990,DHX37,cad,null,0.014193431815595,0.898952961671851,1.914e-18,9.2929,5102,2.36537361092393e-14,TRUE,""
ENSG00000151023,ENKUR,t2d,grey,-0.0694339579958833,0.476066276503138,0.0001737,15.8832,3906,0.00456128657049142,TRUE,""
ENSG00000151131,C12orf45,t2d,grey,0.162534018899057,0.0723975288152624,0.002517,12.444,3710,0.107192775268283,TRUE,""
ENSG00000151131,C12orf45,cad,grey,-0.0559669027341091,0.379120438619107,7.325e-05,12.444,5078,0.0050681813258233,TRUE,""
ENSG00000151135,C12orf23,cad,grey,0.018444573089289,0.46408137778734,8.247e-06,36.2581,4320,0.00285082143985487,TRUE,""
ENSG00000151135,C12orf23,fbg,null,0.00269920581794473,0.846529514964004,0.004196,36.2581,1840,0.00675709038921348,TRUE,""
ENSG00000151136,BTBD11,t2d,null,-0.00962850352335328,0.590258451314772,0.0003175,77.8503,3458,0.00516488734698747,TRUE,""
ENSG00000151164,RAD9B,cad,null,0.024149963683097,0.668235141795249,3.715e-27,18.237,2930,5.91845345634839e-23,TRUE,""
ENSG00000151208,DLG5,fbg,grey,-0.0153627207036809,0.166863357885141,0.0001993,55.7245,2361,0.0118278139608562,TRUE,""
ENSG00000151239,TWF1,fbg,null,0.0281613141413887,0.760862912213715,0.0009106,8.391,2023,0.00621002197995007,TRUE,""
ENSG00000151240,DIP2C,cad,null,0.00130248580161472,0.985878886630377,0.0004344,26.9711,3915,0.005201918653126,TRUE,""
ENSG00000151292,CSNK1G3,fbg,null,0.0667886192454246,0.510009096007643,0.001611,14.7272,2213,0.0121196224908245,TRUE,""
ENSG00000151366,NDUFC2,t2d,grey,0.0521811493470264,0.393542299310132,0.0002247,31.7241,2675,0.0072192995031716,TRUE,""
ENSG00000151414,NEK7,fbg,null,0.0275596151677059,0.699227377203946,0.0008815,9.9805,1585,0.00580489900176359,TRUE,""
ENSG00000151445,VIPAS39,fbg,grey,-0.0560004657577562,0.159649901642811,0.0006558,12.5186,2307,0.0102378187091529,TRUE,""
ENSG00000151458,ANKRD50,fbg,grey,0.0271697444072318,0.179770040387914,0.0002247,35.9057,1779,0.0117894563127688,TRUE,""
ENSG00000151461,UPF2,cad,grey,-0.134667719222697,0.443279727088509,6.377e-10,6.42,6926,0.000144427460197592,TRUE,""
ENSG00000151474,FRMD4A,cad,null,0.0398444820512757,0.530581466777187,0.0002857,15.1144,7220,0.00291504078572826,TRUE,""
ENSG00000151491,EPS8,cad,grey,-0.115165828133432,0.317310507862914,0.0005193,11.0829,4023,0.00556567533523296,TRUE,""
ENSG00000151532,VTI1A,fbg,null,0.058138037542702,0.558301743578421,7.503e-10,7.2355,2079,5.34249622384491e-06,TRUE,""
ENSG00000151611,MMAA,cad,grey,-0.146382650947202,0.129654961304814,5.177e-24,17.8426,2615,0.000414948726036502,TRUE,""
ENSG00000151612,ZNF827,t2d,grey,0.113765143565773,0.413886614107625,0.003575,10.483,1753,0.00484308452469037,TRUE,""
ENSG00000151623,NR3C2,t2d,grey,-0.160320025730831,0.288008758003942,0.003773,9.3872,1950,0.00570901362079283,TRUE,""
ENSG00000151632,AKR1C2,t2d,null,-0.0258464058939837,0.601306569127729,0.0001667,82.6823,5074,0.0201603953835675,TRUE,""
ENSG00000151650,VENTX,fbg,null,0.0169121592374638,0.617075077451974,0.001723,23.093,1008,0.00665966139876926,TRUE,""
ENSG00000151687,ANKAR,fbg,grey,0.367327420953063,0.0671026453455155,0.0008156,6.2337,1641,0.0431686358889589,TRUE,""
ENSG00000151687,ANKAR,t2d,null,-0.237350025846595,0.638873980860195,0.001298,6.2337,1733,0.00920010558348504,TRUE,""
ENSG00000151689,INPP1,cad,null,0.0133919517444865,0.723454182492006,0.0004439,30.5706,2502,0.00332754457701703,TRUE,""
ENSG00000151690,MFSD6,cad,null,0.00628063561410488,0.623265147627004,0.0004439,79.1788,2330,0.00346083086145003,TRUE,""
ENSG00000151692,RNF144A,t2d,grey,-0.118807829796506,0.32718584953302,5.234e-05,13.2143,3908,0.00701417617663902,TRUE,""
ENSG00000151692,RNF144A,fbg,grey,0.0416439815781568,0.395325086245385,0.0002047,13.2143,2617,0.00688400871427719,TRUE,""
ENSG00000151693,ASAP2,t2d,null,0.0762711272003496,0.734924134219282,0.0002847,9.1048,3101,0.00609732311439044,TRUE,""
ENSG00000151702,FLI1,fbg,null,0.0105118355430611,0.871864744932721,0.0001632,8.451,2181,0.0039037587641939,TRUE,""
ENSG00000151725,MLF1IP,cad,null,-0.00814594840627799,0.582319373576693,6.266e-06,39.5677,3646,0.0037298252916949,TRUE,""
ENSG00000151746,BICD1,t2d,null,-0.0145176617388049,0.906347316282193,1.291e-06,14.6134,5399,0.00167670303027753,TRUE,""
ENSG00000151748,SAV1,fbg,grey,0.0243357659484975,0.332197561388374,0.00145,22.7989,1886,0.00629373199484865,TRUE,""
ENSG00000151773,CCDC122,fbg,grey,-0.0297145070229737,0.106765534268082,0.0009224,29.9517,2124,0.0137558049975315,TRUE,""
ENSG00000151778,SERP2,t2d,null,-0.0446747962861081,0.809756060860832,6.284e-07,14.9169,2055,0.00800260104974271,TRUE,""
ENSG00000151778,SERP2,cad,null,0.0836220545868177,0.552849302655679,0.0002943,14.9169,3225,0.00716617470167822,TRUE,""
ENSG00000151876,FBXO4,fbg,grey,-0.121997579383239,0.354771848484809,0.001061,8.5294,1917,0.0160839102684215,TRUE,""
ENSG00000151893,CACUL1,fbg,null,-0.0141202605718531,0.552114494149917,2.832e-06,24.9725,1966,0.00529147905688618,TRUE,""
ENSG00000151929,BAG3,fbg,null,0.00778500642307475,0.778518657215875,0.001217,20.4709,2008,0.00403667310702744,TRUE,""
ENSG00000151948,GLT1D1,cad,grey,-0.0932191755706922,0.0589067186156619,0.0001388,21.7138,5432,0.0223615319030655,TRUE,""
ENSG00000152061,RABGAP1L,t2d,null,-0.00925528725003667,0.86605252103331,0.002015,18.0646,3041,0.00389033345234874,TRUE,""
ENSG00000152127,MGAT5,cad,grey,0.100711786683746,0.438038238208914,0.0009271,12.2131,2840,0.00514628485866651,TRUE,""
ENSG00000152127,MGAT5,t2d,null,-0.0344540322865447,0.854720660874366,1.433e-05,12.2131,1447,0.00810654272124278,TRUE,""
ENSG00000152128,TMEM163,cad,grey,-0.043010352967417,0.278660494899244,4.399e-06,26.9005,2378,0.0049206057431955,TRUE,""
ENSG00000152128,TMEM163,fbg,grey,0.0397018642776157,0.0607927235305228,3.056e-06,26.9005,1826,0.0110777187967578,TRUE,""
ENSG00000152193,RNF219,fbg,grey,0.0128027578578165,0.465555404903429,0.001437,37.4118,2246,0.00574512586332891,TRUE,""
ENSG00000152213,ARL11,fbg,null,-0.0412780543658644,0.771120848329444,0.001278,13.7991,1720,0.0117782108716308,TRUE,""
ENSG00000152242,C18orf25,fbg,grey,0.0509620147634216,0.116083133738655,0.002418,23.0521,1999,0.012445048027032,TRUE,""
ENSG00000152242,C18orf25,t2d,null,0.033202524770108,0.632808379345506,0.001696,23.0521,,,FALSE,对齐后仅 0 变异(<10)
ENSG00000152242,C18orf25,cad,null,-0.0115822760825958,0.811807228003433,8.025e-05,23.0521,,,FALSE,对齐后仅 0 变异(<10)
ENSG00000152284,TCF7L1,fbg,grey,0.0315920918351177,0.366406064176293,0.0003968,15.7761,1817,0.00555785730435599,TRUE,""
ENSG00000152380,FAM151B,t2d,grey,-0.0893016331376156,0.15742265908958,3.761e-07,24.4716,2711,0.0116605468973659,TRUE,""
ENSG00000152439,ZNF773,cad,grey,0.0430863411644685,0.254140149455582,0.0005571,18.0156,4204,0.00503810395206629,TRUE,""
ENSG00000152454,ZNF256,cad,null,-0.00906013946885229,0.887849686162036,0.0005571,21.6091,2936,0.00373784652095951,TRUE,""
ENSG00000152455,SUV39H2,t2d,grey,0.272064022544677,0.426821280931496,0.000109,5.291,4623,0.00999019419985362,TRUE,""
ENSG00000152457,DCLRE1C,cad,null,-0.0276341924945819,0.75594445062856,0.0002857,14.5881,6865,0.00335495353718105,TRUE,""
ENSG00000152457,DCLRE1C,fbg,null,-0.0132163529321914,0.802587348634153,0.0003474,14.5881,2536,0.00526050183707239,TRUE,""
ENSG00000152463,OLAH,cad,null,0.0451040843336766,0.869933709270718,0.0002857,10.9723,6566,0.00760109124296322,TRUE,""
ENSG00000152475,ZNF837,cad,null,0.00591943444112154,0.930099780966425,0.0005571,10.7134,1768,0.00280678301018653,TRUE,""
ENSG00000152484,USP12,cad,grey,-0.0761968804163103,0.488363908735488,5.363e-11,12.3828,5262,0.00763052152915284,TRUE,""
ENSG00000152503,TRIM36,cad,grey,0.0331481075873537,0.35183572722835,0.001239,28.9953,4241,0.00413418937949478,TRUE,""
ENSG00000152527,PLEKHH2,cad,null,-0.0111623698107661,0.5811373696666,1.838e-18,53.1937,5634,1.43854948487058e-14,TRUE,""
ENSG00000152580,IGSF10,fbg,grey,0.0360772846882591,0.21129954733371,0.0002751,17.6939,1731,0.00792784813705026,TRUE,""
ENSG00000152582,SPEF2,t2d,null,0.00934244837569847,0.887849686162036,0.0006754,19.9822,4276,0.00360584366159603,TRUE,""
ENSG00000152601,MBNL1,t2d,grey,0.0376778700220814,0.41325337549364,2.082e-10,59.0129,3397,6.39973422325094e-06,TRUE,""
ENSG00000152642,GPD1L,cad,null,-0.00914185625807011,0.617075077451974,0.0004607,59.1111,6135,0.00287240754989496,TRUE,""
ENSG00000152749,GPR180,cad,grey,0.0198787481132426,0.101436081138559,1.584e-05,80.1768,4815,0.00586309250891608,TRUE,""
ENSG00000152749,GPR180,fbg,grey,-0.00690524934460005,0.302423598900007,0.0003656,80.1768,2249,0.00516213240820586,TRUE,""
ENSG00000152763,WDR78,t2d,grey,0.319174428532089,0.258293064655504,0.0001849,7.2121,3365,0.00794359523926449,TRUE,""
ENSG00000152766,ANKRD22,fbg,null,-0.0240247835824107,0.511663282695868,0.001244,15.5063,2295,0.0046954737676965,TRUE,""
ENSG00000152767,FARP1,t2d,grey,-0.0696696436297085,0.184978392077357,0.000655,29.0275,2930,0.0100183792372052,TRUE,""
ENSG00000152778,IFIT5,t2d,grey,0.0284234206732011,0.496504460907141,4.347e-07,46.7845,482,7.69763827528725e-05,TRUE,""
ENSG00000152782,PANK1,fbg,grey,-0.0388682186682085,0.179318236045376,0.001244,21.4512,2528,0.0101398463253007,TRUE,""
ENSG00000152795,HNRPDL,cad,null,0.0230569501314096,0.92339838633312,8.765e-06,7.048,2894,0.00498876238698692,TRUE,""
ENSG00000152804,HHEX,fbg,grey,-0.0441340188688798,0.102228126299667,0.0002356,26.9723,1592,0.0181383911941119,TRUE,""
ENSG00000152818,UTRN,t2d,null,-0.136728863884691,0.53659015183107,4.553e-05,14.2943,3178,0.006780804979514,TRUE,""
ENSG00000152939,MARVELD2,t2d,null,0.116003377098839,0.787419588542476,0.0002543,6.5567,1679,0.0097283004307847,TRUE,""
ENSG00000152944,MED21,t2d,null,-0.00631895798415676,0.936598778628595,1.015e-16,20.21,4281,1.17897735332326e-12,TRUE,""
ENSG00000152952,PLOD2,fbg,grey,0.0728406403062506,0.32818424412387,0.002116,10.7519,2226,0.00872597035794724,TRUE,""
ENSG00000152953,STK32B,fbg,null,-0.0749653479448918,0.657223341538559,4.359e-05,16.7707,2517,0.019183014581475,TRUE,""
ENSG00000152990,GPR125,t2d,null,-0.0725131357916364,0.500045217859739,8.257e-06,14.1398,3856,0.00354911365391363,TRUE,""
ENSG00000153044,CENPH,t2d,grey,-0.176038148183638,0.317310507862914,0.0002543,7.0942,2011,0.00582872927529301,TRUE,""
ENSG00000153048,CARHSP1,t2d,grey,-0.061376111639646,0.0897667831378702,3.225e-07,56.7241,6065,0.00123715708915446,TRUE,""
ENSG00000153234,NR4A2,cad,null,-0.073669632094623,0.504985075093846,0.0007164,10.1416,2180,0.00358642558490386,TRUE,""
ENSG00000153253,SCN3A,cad,grey,0.255177753297339,0.360247481293129,0.0008939,5.9873,2688,0.00612526635279127,TRUE,""
ENSG00000153339,TRAPPC8,t2d,null,0.0476808043628298,0.650671023604874,0.000337,16.1112,,,FALSE,对齐后仅 0 变异(<10)
ENSG00000153391,INO80C,cad,null,0.00390827870324051,0.903936853074247,2.591e-05,31.8191,,,FALSE,对齐后仅 0 变异(<10)
ENSG00000153391,INO80C,fbg,null,-0.00614158081937795,0.738882680363527,0.002015,31.8191,1804,0.00423843643008559,TRUE,""
ENSG00000153406,NMRAL1,t2d,grey,0.069830521835608,0.35159144324707,2.214e-05,70.6593,2509,0.261106488519072,TRUE,""
ENSG00000153531,ADPRHL1,t2d,null,-0.113489210610208,0.623054874994852,0.0003621,9.0969,857,0.00633801839039552,TRUE,""
ENSG00000153531,ADPRHL1,fbg,null,0.00587013158328661,0.94684707139927,0.001169,9.0969,1348,0.00515638791760875,TRUE,""
ENSG00000153551,CMTM7,cad,grey,-0.0724140399589972,0.0663479590739161,0.0004607,27.0944,6059,0.014251766249564,TRUE,""
ENSG00000153563,CD8A,fbg,grey,0.0254771776569123,0.389176850174411,0.000572,21.6586,920,0.00632610515255814,TRUE,""
ENSG00000153575,TUBGCP5,fbg,null,0.0140756327105403,0.799074192526507,0.00071,17.5534,511,0.00688081197219404,TRUE,""
ENSG00000153714,LURAP1L,cad,grey,-0.0579277506866915,0.335339485210113,2.211e-07,11.7664,6857,0.0010598852598956,TRUE,""
ENSG00000153814,JAZF1,cad,grey,0.0392449102878989,0.0793643945944879,2.432e-05,59.4772,5655,0.00375018006583969,TRUE,""
ENSG00000153815,CMIP,cad,grey,-0.0598187825864037,0.365591537564832,9.363e-13,16.7831,8883,6.99110127992785e-09,TRUE,""
ENSG00000153827,TRIP12,t2d,grey,-0.0662402655928183,0.333348455410026,0.004067,23.4737,2262,0.00710027216614274,TRUE,""
ENSG00000154001,PPP2R5E,cad,null,-0.0272801571937565,0.818739379343837,0.001744,8.6463,3704,0.00490875988552073,TRUE,""
ENSG00000154027,AK5,cad,grey,0.0231595561356033,0.408426019516499,2.203e-05,47.9572,3988,0.00393212130087506,TRUE,""
ENSG00000154065,ANKRD29,fbg,grey,0.193016071889713,0.0699089739364695,0.0004315,5.1255,1589,0.011374785407609,TRUE,""
ENSG00000154114,TBCEL,fbg,grey,-0.112390283461173,0.393691925690234,8.915e-05,4.584,2048,0.00423223469949842,TRUE,""
ENSG00000154118,JPH3,cad,grey,0.190873734275426,0.226402697791137,1.412e-06,5.1646,7730,0.00304006329229973,TRUE,""
ENSG00000154122,ANKH,t2d,grey,0.0331246499338668,0.368794267918584,3.372e-09,38.025,3477,3.35135270815673e-05,TRUE,""
ENSG00000154124,FAM105B,cad,grey,-0.0570138866547127,0.471755195698663,0.001209,22.0305,5129,0.00638779433222806,TRUE,""
ENSG00000154124,FAM105B,fbg,null,0.00592352069139872,0.895658593641375,5.02e-05,22.0305,1936,0.00711881132780057,TRUE,""
ENSG00000154144,TBRG1,t2d,null,-0.315474219315219,0.639166514877776,0.001015,6.0361,4131,0.0136581770092385,TRUE,""
ENSG00000154146,NRGN,t2d,null,0.119122174805249,0.60759216041817,0.001015,11.3356,4071,0.00786142151669418,TRUE,""
ENSG00000154153,FAM134B,fbg,null,0.0155382516253571,0.585440934568927,0.0002491,20.55,1946,0.00449065666269369,TRUE,""
ENSG00000154188,ANGPT1,cad,grey,-0.0206815611019583,0.334588749819927,1.148e-06,47.0804,2936,0.0024799507666759,TRUE,""
ENSG00000154229,PRKCA,cad,grey,0.0413945910535703,0.334285804496348,6.279e-11,24.0367,,,FALSE,对齐后仅 0 变异(<10)
ENSG00000154263,ABCA10,fbg,grey,0.0325362953203397,0.263717761833697,0.003843,13.9478,1866,0.00704450385409861,TRUE,""
ENSG00000154277,UCHL1,cad,grey,0.130740544183363,0.398582325242947,0.0001586,8.7169,6212,0.00465582902015851,TRUE,""
ENSG00000154310,TNIK,t2d,grey,0.170052846562268,0.109598583399116,2.25e-08,14.9945,3060,0.000126866735627024,TRUE,""
ENSG00000154310,TNIK,fbg,grey,0.0649507400064219,0.137150488653754,8.184e-10,14.9945,1567,7.63719714679058e-07,TRUE,""
ENSG00000154319,FAM167A,fbg,grey,0.00984268230829535,0.458126425559177,0.0006266,86.8324,2160,0.0078732645689455,TRUE,""
ENSG00000154358,OBSCN,cad,grey,-0.0657604319613508,0.193600969171221,3.954e-07,21.113,4529,0.00193276085413182,TRUE,""
ENSG00000154451,GBP5,t2d,null,0.00464625018388805,0.89197743905905,0.003181,28.2676,2311,0.00395794802578731,TRUE,""
ENSG00000154473,BUB3,t2d,grey,-0.13871843442313,0.224413376063626,0.0007731,17.8807,145,8.93683191589281e-05,TRUE,""
ENSG00000154473,BUB3,cad,null,0.0415211640450186,0.596028399066277,0.0002456,17.8807,593,0.000669256507813314,TRUE,""
ENSG00000154518,ATP5G3,t2d,grey,0.156023223562559,0.280142180177538,0.001071,12.1511,1990,0.00863971176057246,TRUE,""
ENSG00000154518,ATP5G3,fbg,grey,-0.088124228123297,0.127259097658065,0.0005164,12.1511,1439,0.0155268710898121,TRUE,""
ENSG00000154642,C21orf91,t2d,grey,-0.110785574814986,0.264302697881567,0.0002986,15.3441,1375,0.000237821736883074,TRUE,""
ENSG00000154645,CHODL,cad,null,-0.0133352768062915,0.865410037659992,0.000372,12.9436,2736,0.00136301701693869,TRUE,""
ENSG00000154645,CHODL,fbg,null,0.026670553612583,0.556374370426907,0.0003863,12.9436,2078,0.00474039776123429,TRUE,""
ENSG00000154719,MRPL39,cad,null,0.0311754842337324,0.525480178215686,0.0003671,22.7612,1904,0.00333056043218779,TRUE,""
ENSG00000154721,JAM2,t2d,null,-0.015075185702213,0.918998838261879,0.003795,13.9613,1589,0.00596894904521299,TRUE,""
ENSG00000154743,TSEN2,cad,null,0.02910970503516,0.594547272417073,4.405e-06,41.8792,5781,0.00274559866939773,TRUE,""
ENSG00000154760,SLFN13,cad,grey,-0.0248735024883501,0.392802835278636,0.0002372,30.4747,1137,0.0101006576965506,TRUE,""
ENSG00000154764,WNT7A,cad,grey,0.073824866705284,0.317310507862914,3.207e-11,14.9014,6343,5.20132558528903e-07,TRUE,""
ENSG00000154767,XPC,cad,null,-0.0649904120798397,0.737605940456087,3.207e-11,17.698,6231,1.67310030803695e-07,TRUE,""
ENSG00000154781,CCDC174,fbg,grey,-0.0330384009311378,0.141900610277981,0.004006,22.7062,1932,0.0108052034447655,TRUE,""
ENSG00000154803,FLCN,t2d,null,0.00373174158083358,0.944054023280193,1.718e-09,48.5565,2497,1.58068568104546e-05,TRUE,""
ENSG00000154813,DPH3,cad,grey,0.0528092285665003,0.169131444702671,7.54e-06,25.866,5913,0.00424593885290734,TRUE,""
ENSG00000154832,CXXC1,cad,null,-0.0672790025228122,0.559038899322727,2.569e-05,13.6609,,,FALSE,对齐后仅 0 变异(<10)
ENSG00000154889,MPPE1,t2d,null,-0.0239768990835557,0.533795755724387,0.002286,57.8219,4015,0.00889349705706218,TRUE,""
ENSG00000154914,USP43,fbg,null,0.027658666651029,0.705595683272677,0.00293,9.9857,2092,0.00693394600115669,TRUE,""
ENSG00000154917,RAB6B,t2d,null,-0.0264046559384253,0.543756110575491,3.898e-05,33.9715,3317,0.00478035156576611,TRUE,""
ENSG00000155011,DKK2,t2d,null,-0.0854446502460563,0.521506023912167,0.0003159,9.3388,1850,0.0048408938637865,TRUE,""
ENSG00000155085,AKD1,t2d,null,0.0149598179266241,0.722710426810277,0.0003013,35.9827,3214,0.00450035918153922,TRUE,""
ENSG00000155096,AZIN1,fbg,null,0.00428411414886812,0.819202033401183,0.001151,33.1787,2142,0.00432742957944621,TRUE,""
ENSG00000155099,TMEM55A,t2d,null,0.0161568311938541,0.89197743905905,0.001353,12.0967,1187,0.00396310005052474,TRUE,""
ENSG00000155111,CDK19,cad,grey,-0.0455064826275924,0.462720219158845,4.674e-05,18.3508,4562,0.00225315553622526,TRUE,""
ENSG00000155158,TTC39B,t2d,grey,-0.0174802331463141,0.357813073307258,0.0001116,87.4298,4434,0.00330996087139144,TRUE,""
ENSG00000155256,ZFYVE27,cad,grey,0.0571379198780445,0.437678488276632,7.41e-07,16.1446,789,0.000211588251534928,TRUE,""
ENSG00000155256,ZFYVE27,fbg,grey,-0.0450510522115351,0.362236832619456,0.0001258,16.1446,1819,0.00718220884354643,TRUE,""
ENSG00000155287,SLC25A28,fbg,null,-0.0108921024828544,0.747012853671546,9.625e-05,16.3416,1659,0.00626910567085226,TRUE,""
ENSG00000155307,SAMSN1,t2d,grey,0.0954751611730174,0.34345107683441,7.262e-05,13.3903,852,0.000323828508379923,TRUE,""
ENSG00000155313,USP25,t2d,null,-0.168600329527314,0.632135413585452,7.262e-05,4.7418,770,0.000322472864633837,TRUE,""
ENSG00000155324,GRAMD3,fbg,null,0.0028847681848053,0.94684707139927,0.001928,18.4484,2220,0.00542778708360261,TRUE,""
ENSG00000155380,SLC16A1,fbg,grey,-0.0478270793267428,0.175468950513596,0.003243,15.5363,1600,0.00959186402377212,TRUE,""
ENSG00000155393,HEATR3,t2d,null,0.0136941301913767,0.627783826989789,2.716e-05,84.3136,2692,0.00579071935591128,TRUE,""
ENSG00000155463,OXA1L,fbg,grey,-0.0398446410667361,0.274064638609823,0.001745,10.487,2487,0.00679584699983253,TRUE,""
ENSG00000155506,LARP1,cad,grey,0.0236858911715275,0.398207109968035,0.0001504,33.5366,4108,0.00372594640515839,TRUE,""
ENSG00000155545,MIER3,t2d,null,-0.070706992128589,0.847224820735448,8.809e-18,5.276,2490,0.00017574618134062,TRUE,""
ENSG00000155561,NUP205,t2d,null,-0.0158240391570222,0.893386270267644,0.0008666,13.3716,3579,0.00460298522214412,TRUE,""
ENSG00000155561,NUP205,cad,null,0.0340825458766632,0.68489168859197,0.0005911,13.3716,5119,0.0033000745910568,TRUE,""
ENSG00000155636,RBM45,t2d,grey,0.0806903362637007,0.256318702201653,0.0002032,18.5301,2118,0.0173073616825533,TRUE,""
ENSG00000155729,KCTD18,t2d,grey,0.233154229825378,0.190463047548623,3.49e-05,15.0712,1739,0.0144026090449689,TRUE,""
ENSG00000155749,ALS2CR12,cad,null,-0.00536535405621382,0.916166996259808,1.291e-32,19.8665,2682,3.16571373809722e-07,TRUE,""
ENSG00000155749,ALS2CR12,fbg,null,-0.0116249337884633,0.674956824198369,0.004144,19.8665,1496,0.00409920689456342,TRUE,""
ENSG00000155792,DEPTOR,cad,null,-0.00069357570187308,0.986002743281724,5.129e-05,23.5014,2551,0.00322998125911842,TRUE,""
ENSG00000155849,ELMO1,t2d,grey,-0.0303842899864106,0.322273880262187,0.0008919,57.0053,4341,0.00566391820590694,TRUE,""
ENSG00000155849,ELMO1,fbg,grey,-0.0181679259712558,0.126931238256761,0.002856,57.0053,2421,0.0171768396196199,TRUE,""
ENSG00000155858,LSM11,fbg,null,0.00701272838999336,0.925307750889347,0.001175,7.574,2097,0.00392271228051299,TRUE,""
ENSG00000155975,VPS37A,cad,null,0.0387043714344997,0.5811373696666,3.89e-05,14.6669,8602,0.00268483552786585,TRUE,""
ENSG00000156050,FAM161B,t2d,grey,0.0766030297825589,0.430117368651312,0.001504,17.335,2610,0.00686363609839282,TRUE,""
ENSG00000156127,BATF,fbg,null,-0.0210983279871395,0.771120848329444,0.0001049,13.4987,1628,0.00635590107723144,TRUE,""
ENSG00000156136,DCK,t2d,grey,-0.269145472985448,0.218710152895313,4.1e-05,20.0647,1780,0.020726844973449,TRUE,""
ENSG00000156136,DCK,cad,null,-0.0182988423559511,0.909440671769803,8.155e-06,20.0647,2629,0.0109685964803316,TRUE,""
ENSG00000156171,DRAM2,t2d,null,-0.000367050705713825,0.990933325124623,2e-07,54.9525,3491,0.000400529997909289,TRUE,""
ENSG00000156172,C8orf37,t2d,null,-0.00633933912432942,0.986790594191373,1.075e-05,12.3963,2211,0.00899168758826289,TRUE,""
ENSG00000156232,WHAMM,cad,grey,-0.0444923033078181,0.173176121354355,2.271e-05,28.7837,2906,0.00519618581144493,TRUE,""
ENSG00000156299,TIAM1,t2d,grey,-0.0675480252051353,0.0905873219215137,0.0002278,40.8,1200,0.00930476502649631,TRUE,""
ENSG00000156414,TDRD9,t2d,grey,-0.0258634217496447,0.241030964418943,4.889e-06,68.9503,1712,0.00279618767691185,TRUE,""
ENSG00000156414,TDRD9,cad,grey,-0.028652614291273,0.068366929251948,1.981e-07,68.9503,4316,0.000396811286730017,TRUE,""
ENSG00000156475,PPP2R2B,fbg,null,0.00994076477557291,0.684558919367902,0.006118,23.2345,1865,0.00424627485492526,TRUE,""
ENSG00000156502,SUPV3L1,t2d,null,-0.0103938698328488,0.777672894998114,7.534e-05,41.3679,542,0.000281106543005967,TRUE,""
ENSG00000156515,HK1,t2d,grey,0.138432389778628,0.0796347997118284,7.534e-05,19.163,608,0.000459441634309386,TRUE,""
ENSG00000156521,TYSND1,fbg,null,-0.00714360440619142,0.628477445586286,9.735e-05,37.3755,2687,0.00385207372219191,TRUE,""
ENSG00000156535,CD109,t2d,grey,-0.083248483914851,0.355459954445084,0.0037,15.5796,3238,0.0059413880332744,TRUE,""
ENSG00000156564,LRFN2,fbg,grey,-0.0279868616290198,0.303286223069842,0.001061,20.3527,2537,0.00674000413095165,TRUE,""
ENSG00000156599,ZDHHC5,t2d,grey,-0.050297936635228,0.311583592231325,1.881e-07,29.7226,3863,0.000339648341903282,TRUE,""
ENSG00000156639,ZFAND3,cad,grey,0.10115284095451,0.131093464114656,0.0001431,26.442,5822,0.0127172958034127,TRUE,""
ENSG00000156671,SAMD8,t2d,grey,0.619678099029981,0.116083133738655,0.0005388,7.7941,304,9.71604508932383e-05,TRUE,""
ENSG00000156787,WDR67,fbg,grey,-0.0405150137312862,0.234365227693259,0.000626,17.7154,1941,0.00837816197933476,TRUE,""
ENSG00000156787,WDR67,t2d,null,-0.000920795766620141,0.989770990975819,0.0004364,17.7154,1741,0.00381678913207584,TRUE,""
ENSG00000156804,FBXO32,fbg,grey,0.031763111131586,0.274064638609823,0.000626,19.6124,1851,0.00698578157482154,TRUE,""
ENSG00000156831,NSMCE2,t2d,grey,-0.496395637711798,0.293400418672165,6.06e-06,7.9932,1804,0.0063650139396963,TRUE,""
ENSG00000156831,NSMCE2,cad,grey,0.246020645006286,0.465981930427372,7.67e-23,7.9932,2682,4.99020749642305e-05,TRUE,""
ENSG00000156858,PRR14,t2d,grey,-0.158054792350631,0.188642103235473,1.426e-06,13.0817,994,0.0015805652411341,TRUE,""
ENSG00000156876,SASS6,t2d,null,0.0554477537145202,0.688368941791143,0.002178,23.8254,2719,0.0119673005520731,TRUE,""
ENSG00000156886,ITGAD,fbg,grey,0.0177512722191189,0.410950433473448,0.007129,37.033,526,0.00757871454264153,TRUE,""
ENSG00000156931,VPS8,t2d,null,-0.0276300606744595,0.71663255157525,1.976e-07,31.317,2599,0.000152665931957831,TRUE,""
ENSG00000156958,GALK2,t2d,null,-0.0285186098102046,0.625904042835775,1.18e-05,24.342,3188,0.00180363018646707,TRUE,""
ENSG00000156976,EIF4A2,t2d,null,-0.0803214131330433,0.596912177712008,3.854e-57,12.1635,2624,3.41985620822588e-29,TRUE,""
ENSG00000157014,TATDN2,cad,grey,0.0528738018244641,0.0848746153737251,3.918e-05,37.634,5758,0.0121378929301254,TRUE,""
ENSG00000157036,EXOG,t2d,grey,-0.503499765174149,0.166443922186174,0.005872,7.6024,3556,0.0152875582636905,TRUE,""
ENSG00000157036,EXOG,cad,grey,-0.323678420469095,0.187180640831505,0.0003187,7.6024,5292,0.012015671771436,TRUE,""
ENSG00000157077,ZFYVE9,t2d,grey,0.413883701002355,0.302191107206298,0.0002519,5.5166,2177,0.0109895856464801,TRUE,""
ENSG00000157087,ATP2B2,t2d,grey,0.187639564328311,0.287282239434575,0.002637,7.5461,3425,0.00627364227314797,TRUE,""
ENSG00000157168,NRG1,t2d,null,-0.00183101512706526,0.965320293449223,5.176e-06,103.0136,3899,0.00873642038513017,TRUE,""
ENSG00000157184,CPT2,fbg,grey,0.0303176069919825,0.248563248217182,0.001522,26.3723,1585,0.00890666700459978,TRUE,""
ENSG00000157191,NECAP2,t2d,null,-0.0148509715592283,0.585440934568927,3.583e-05,58.2341,2325,0.00417313258623644,TRUE,""
ENSG00000157212,PAXIP1,fbg,grey,-0.177342307909346,0.112883234691289,0.001241,6.5239,2161,0.0149552186252345,TRUE,""
ENSG00000157227,MMP14,fbg,grey,-0.0783771225776045,0.327945317995007,0.001745,9.1955,2460,0.00862173770721132,TRUE,""
ENSG00000157259,GATAD1,t2d,null,-0.0238005361623259,0.836313223486342,0.001512,18.6628,1970,0.00589573556873226,TRUE,""
ENSG00000157303,SUSD3,t2d,grey,0.0332752037970912,0.368120250693519,2.604e-05,38.8871,,,FALSE,对齐后仅 0 变异(<10)
ENSG00000157306,RP11-66N24.4,fbg,null,-0.00100487449383595,0.987533561000221,0.001745,7.3135,1826,0.00740199235463688,TRUE,""
ENSG00000157379,DHRS1,cad,null,-0.023069240448322,0.524015326900126,0.0002795,54.1893,4644,0.00639069618560423,TRUE,""
ENSG00000157388,CACNA1D,t2d,grey,-0.224738246766578,0.15742265908958,6.238e-08,9.742,3293,0.000354236669724143,TRUE,""
ENSG00000157404,KIT,t2d,null,0.0355405762506853,0.958462293013569,0.002635,4.9698,2533,0.00897097897991272,TRUE,""
ENSG00000157426,AASDH,t2d,grey,0.0424462043592184,0.116904183638693,0.002023,68.0197,2579,0.00430341612738352,TRUE,""
ENSG00000157445,CACNA2D3,fbg,null,0.000834063529400739,0.974266251454282,0.00295,21.3413,2143,0.00383894371388218,TRUE,""
ENSG00000157470,FAM81A,t2d,null,-0.0251536033075858,0.768091818879866,4.76e-06,16.175,3287,0.00183943364793996,TRUE,""
ENSG00000157538,DSCR3,t2d,grey,-0.0780122538902387,0.253097908947116,4.816e-05,21.861,1198,0.00021892363011448,TRUE,""
ENSG00000157540,DYRK1A,fbg,null,-0.036465847032895,0.639723729547061,1.241e-06,10.5642,2080,0.00225085816223877,TRUE,""
ENSG00000157557,ETS2,t2d,grey,-0.0467983069236879,0.282789483323742,0.0005752,32.979,1689,0.00403777791988628,TRUE,""
ENSG00000157570,TSPAN18,cad,null,0.0276748410891175,0.839214327076337,2.091e-05,9.004,6258,0.00220247214792342,TRUE,""
ENSG00000157578,LCA5L,t2d,null,-0.00466055001609444,0.905237629455841,0.0005752,38.1681,1599,0.00065930578644853,TRUE,""
ENSG00000157593,SLC35B2,fbg,grey,-0.0427388844657748,0.365115640660603,0.0001759,19.8871,1820,0.00928551599488979,TRUE,""
ENSG00000157593,SLC35B2,t2d,null,-0.0463004581712561,0.716129568855565,1.129e-10,19.8871,2968,4.71662071472045e-07,TRUE,""
ENSG00000157617,C2CD2,fbg,grey,0.0203945710723632,0.444446702634924,0.0003116,22.3746,2554,0.00523951732716764,TRUE,""
ENSG00000157653,C9orf43,cad,grey,0.19817301704641,0.108260594348095,8.979e-06,12.5469,,,FALSE,对齐后仅 0 变异(<10)
ENSG00000157657,ZNF618,t2d,grey,0.397993894894783,0.0810816208152795,0.0002227,6.3819,,,FALSE,对齐后仅 0 变异(<10)
ENSG00000157693,C9orf91,fbg,null,0.00377862608721694,0.849944540437619,0.0002867,32.8634,2688,0.00439883727290181,TRUE,""
ENSG00000157741,UBN2,t2d,null,0.00435087221002695,0.983549937505608,0.0005263,6.6085,2276,0.0046635432472007,TRUE,""
ENSG00000157782,CABP1,fbg,grey,0.0213467641145772,0.43881634294658,5.182e-07,19.6825,1284,0.00174731678376036,TRUE,""
ENSG00000157796,WDR19,cad,grey,-0.0286100230826751,0.254140149455582,3.565e-07,42.4385,6118,0.000322366341120797,TRUE,""
ENSG00000157796,WDR19,t2d,null,-0.0220077100635962,0.521506023912167,7.585e-06,42.4385,4108,0.00498006649345281,TRUE,""
ENSG00000157800,SLC37A3,t2d,grey,-0.0481890299144898,0.201079875424337,2.611e-05,37.2831,1978,0.00583487109118331,TRUE,""
ENSG00000157800,SLC37A3,cad,grey,-0.0190847643225702,0.48283234964991,6.531e-09,37.2831,4158,4.82505458079781e-05,TRUE,""
ENSG00000157800,SLC37A3,fbg,null,-0.00906526305322085,0.552679335565412,0.002517,37.2831,1390,0.00455025117276087,TRUE,""
ENSG00000157827,FMNL2,cad,null,0.0419545400000939,0.523518574588213,0.0004444,14.3859,3369,0.00321521181887175,TRUE,""
ENSG00000157833,GAREML,fbg,grey,0.190165044919903,0.237277851868278,1.006e-07,10.1376,1151,0.00171283877459494,TRUE,""
ENSG00000157870,FAM213B,cad,grey,-0.0355731653969532,0.089130925517086,9.974e-10,40.076,4576,6.10193749730714e-06,TRUE,""
ENSG00000157954,WIPI2,cad,null,0.0144429976037834,0.546392540969256,1.054e-05,51.8133,7187,0.0033792710699932,TRUE,""
ENSG00000157978,LDLRAP1,fbg,grey,-0.00871613027867987,0.185974874255209,0.000818,75.1271,1266,0.0120316924496175,TRUE,""
ENSG00000157999,ANKRD61,cad,grey,0.0463730751462716,0.28454034772542,2.104e-08,9.2949,6524,3.65501231808254e-05,TRUE,""
ENSG00000158006,PAFAH2,fbg,null,0.00871851858654691,0.681617864273084,0.008789,32.6661,1109,0.00516284086484498,TRUE,""
ENSG00000158019,BRE,cad,null,0.0435632161934628,0.765515710017058,1.259e-05,6.9335,4208,0.00234653460356234,TRUE,""
ENSG00000158234,FAIM,fbg,null,-0.0124289469593058,0.518822668670191,0.00565,27.2621,1341,0.00467057208926338,TRUE,""
ENSG00000158286,RNF207,fbg,grey,-0.0189839162534464,0.433856933557041,0.004622,30.4987,1914,0.00746269666642784,TRUE,""
ENSG00000158406,HIST1H4H,t2d,null,0.0169318110147794,0.603769568459547,6.758e-06,54.9016,4373,0.0246834389856681,TRUE,""
ENSG00000158411,MITD1,fbg,null,-0.0169696401954543,0.747012853671546,0.002846,21.1132,1476,0.00494663266335979,TRUE,""
ENSG00000158428,C2orf62,cad,grey,-0.07766026285096,0.178920571771482,3.778e-05,26.0915,1947,0.00975796417520739,TRUE,""
ENSG00000158481,CD1C,fbg,grey,-0.0283669269624384,0.458126425559177,0.002608,14.4323,2075,0.00445144579502757,TRUE,""
ENSG00000158485,CD1B,fbg,grey,-0.0168148680562686,0.458126425559177,0.002608,24.3475,2070,0.00448129537304934,TRUE,""
ENSG00000158488,CD1E,t2d,null,-0.00707247721598793,0.869292708628019,0.002956,32.6077,4014,0.00371385953580227,TRUE,""
ENSG00000158528,PPP1R9A,cad,null,-0.00230819770804317,0.944054023280193,3.392e-05,28.1545,3793,0.00247593155542527,TRUE,""
ENSG00000158552,ZFAND2B,fbg,grey,0.0771395759283074,0.436700030722758,0.0004866,5.921,1482,0.00930789781325518,TRUE,""
ENSG00000158604,TMED4,t2d,null,-0.0182522084750125,0.608076879465923,4.25e-09,40.4388,3172,6.72500522417322e-06,TRUE,""
ENSG00000158615,PPP1R15B,cad,grey,0.329582354200561,0.189578189736885,0.0001225,6.5726,5355,0.00783392559586049,TRUE,""
ENSG00000158683,PKD1L1,cad,null,-0.0166192206165169,0.694424996831734,0.0001183,23.5482,6721,0.00262321713308907,TRUE,""
ENSG00000158691,ZSCAN12,t2d,grey,0.378904383335505,0.0637314270849595,0.001543,16.1133,2092,0.047375854721729,TRUE,""
ENSG00000158710,TAGLN2,fbg,null,-0.010236556628554,0.596519838726618,0.004225,31.0058,1815,0.00464308345718473,TRUE,""
ENSG00000158711,ELK4,fbg,grey,0.0733059211916082,0.15964990164281,0.004246,10.9061,1571,0.010136326744517,TRUE,""
ENSG00000158764,ITLN2,t2d,null,0.025852682953449,0.773933121846251,0.001063,18.0943,3097,0.0046944347994694,TRUE,""
ENSG00000158769,F11R,t2d,null,0.0318930988213489,0.717574636922466,0.001063,18.9117,3166,0.00474699877158195,TRUE,""
ENSG00000158828,PINK1,t2d,grey,-0.0770354945573726,0.0801183137276342,2.273e-06,28.4906,3107,0.0116481905527233,TRUE,""
ENSG00000158850,B4GALT3,t2d,null,-0.0111062517055089,0.903786780012686,0.001063,15.9272,3318,0.00433518095947662,TRUE,""
ENSG00000158850,B4GALT3,fbg,null,-1.00965924595536,0.598668814257765,0.000783,15.9272,1762,0.0552311416435245,TRUE,""
ENSG00000158864,NDUFS2,t2d,null,0.0324856388448361,0.567709166197353,0.001063,26.0766,3326,0.00467431621007095,TRUE,""
ENSG00000158865,SLC5A11,cad,grey,-0.0361583001624277,0.133614402537716,0.0001226,53.1703,6161,0.00912611237050082,TRUE,""
ENSG00000158874,APOA2,t2d,null,-0.0423295584073709,0.617075077451974,0.001063,16.6169,3403,0.00424266259296604,TRUE,""
ENSG00000158882,TOMM40L,fbg,grey,-0.0147060321997447,0.348501423761085,0.000783,33.1426,1830,0.00581623434559225,TRUE,""
ENSG00000158966,CACHD1,cad,null,0.00615643572346766,0.94684707139927,0.0001561,17.3477,3904,0.00427775164907492,TRUE,""
ENSG00000159023,EPB41,cad,grey,0.185988948446322,0.270112404338981,1.972e-05,11.234,3713,0.0114019769105742,TRUE,""
ENSG00000159023,EPB41,t2d,null,0.0189141303504734,0.933586496294755,7.602e-06,11.234,2225,0.00446610744441869,TRUE,""
ENSG00000159063,ALG8,cad,grey,0.119042523594496,0.0955807045456294,1.48e-05,18.6908,4036,0.00916251885543053,TRUE,""
ENSG00000159063,ALG8,fbg,null,0.026665525285167,0.514941407043905,0.002656,18.6908,1731,0.00687324718645073,TRUE,""
ENSG00000159069,FBXW5,cad,null,-0.0103280636128242,0.939611968724493,,8.6011,,,FALSE,GWAS 区域无数据
ENSG00000159110,IFNAR2,t2d,null,0.0144459750417015,0.648608453120181,0.0003171,42.6035,886,0.0107104292495134,TRUE,""
ENSG00000159110,IFNAR2,fbg,null,0.000802554168983419,0.973844536648733,0.00163,42.6035,1548,0.00416785779398273,TRUE,""
ENSG00000159111,MRPL10,fbg,null,0.00307622619617738,0.871864744932721,6.917e-05,28.879,1375,0.00445036913523174,TRUE,""
ENSG00000159189,C1QC,fbg,grey,-0.0420945287641155,0.185659381979118,0.002044,19.0274,1563,0.00970053969414732,TRUE,""
ENSG00000159202,UBE2Z,fbg,null,0.000933998326149067,0.955695871316436,6.917e-05,41.2938,1336,0.00447095249526457,TRUE,""
ENSG00000159216,RUNX1,cad,grey,-0.194598260509176,0.37636410621678,0.0002334,6.3,1928,0.00194180030622398,TRUE,""
ENSG00000159231,CBR3,t2d,grey,0.0322541274157188,0.164454826104283,0.0009789,84.0775,1280,0.00123855053269848,TRUE,""
ENSG00000159267,HLCS,t2d,grey,-0.0339404988390376,0.235944236122478,4.816e-05,50.9872,1354,0.00796452919777383,TRUE,""
ENSG00000159346,ADIPOR1,t2d,grey,0.0710743043066955,0.4151783194999,0.002394,16.4887,2481,0.0055162008447666,TRUE,""
ENSG00000159363,ATP13A2,t2d,null,0.0442749003786127,0.518558117191478,0.0006923,20.4655,2189,0.00472372035212215,TRUE,""
ENSG00000159388,BTG2,cad,grey,0.0202893614595826,0.37092777927468,0.0001225,52.4358,4750,0.00623298988471052,TRUE,""
ENSG00000159388,BTG2,fbg,null,-0.00596745925281842,0.628477445586286,0.003817,52.4358,1672,0.00554206654317879,TRUE,""
ENSG00000159423,ALDH4A1,fbg,null,-0.0522766267985896,0.591901551980899,0.003273,15.1702,2156,0.0132526996029539,TRUE,""
ENSG00000159433,STARD9,t2d,null,-0.0935711584803374,0.502647657047254,0.0003028,10.4018,1981,0.00534633015096394,TRUE,""
ENSG00000159445,THEM4,cad,grey,0.0311411507336965,0.366572271510342,2.85e-11,81.7303,3800,4.62776720226226e-08,TRUE,""
ENSG00000159496,RGL4,fbg,null,-0.0116515785270572,0.824140895741885,0.0008835,15.2769,1452,0.00537043406977803,TRUE,""
ENSG00000159592,GPBP1L1,cad,null,0.053758454829619,0.800846092097225,1.755e-05,6.58,3015,0.00487462964781505,TRUE,""
ENSG00000159674,SPON2,t2d,grey,-0.14634222992519,0.167535758638406,0.0005456,20.2748,2078,0.0128939040782,TRUE,""
ENSG00000159674,SPON2,cad,null,0.0131445116699272,0.861536494020255,8.678e-05,20.2748,5601,0.00344782772802211,TRUE,""
ENSG00000159713,TPPP3,t2d,null,-0.133873848202328,0.534460065197794,0.0002947,15.8701,1886,0.0110897845307261,TRUE,""
ENSG00000159720,ATP6V0D1,cad,grey,0.0360287710440134,0.396812187858312,0.0004551,55.5974,2906,0.0127952189190012,TRUE,""
ENSG00000159723,AGRP,t2d,null,-0.0583096800587148,0.794706355990651,0.0002947,15.04,1882,0.00933061735387892,TRUE,""
ENSG00000159733,ZFYVE28,t2d,grey,-0.0597192105142119,0.335118416091873,6.993e-07,23.7208,2325,0.000766484038725525,TRUE,""
ENSG00000159784,FAM131B,fbg,null,-0.0211883393715162,0.599583190937392,0.002478,17.5821,1133,0.00559042184170716,TRUE,""
ENSG00000159842,ABR,fbg,null,0.0103842456893693,0.617075077451974,0.003633,25.1741,1349,0.00491425541107298,TRUE,""
ENSG00000159860,FAM115D,fbg,grey,0.016185874997248,0.122236355448012,0.002779,21.5001,1296,0.0131270228604255,TRUE,""
ENSG00000159860,FAM115D,t2d,null,0.0104732132335134,0.687360954877516,0.0007935,21.5001,1922,0.00422136093302994,TRUE,""
ENSG00000159873,CCDC117,cad,grey,-0.0803648558751402,0.161513318467542,6.778e-07,18.5587,3601,0.000432527849510886,TRUE,""
ENSG00000159882,ZNF230,fbg,grey,0.0958506055433634,0.249249615183582,6.372e-05,9.8424,1514,0.00844785367933655,TRUE,""
ENSG00000159882,ZNF230,t2d,null,-0.135637649353816,0.510605772861378,1.27e-05,9.8424,2308,0.00594598552286172,TRUE,""
ENSG00000160014,CALM3,fbg,grey,0.0585976125207853,0.272047035406008,2.253e-05,20.3125,1097,0.0111822680163867,TRUE,""
ENSG00000160087,UBE2J2,cad,grey,-0.167095151507737,0.390708428304394,0.0001901,8.8646,2289,0.00763589582584023,TRUE,""
ENSG00000160097,FNDC5,t2d,grey,0.150122448922917,0.408146100261111,0.0004059,7.7997,1926,0.104474156686971,TRUE,""
ENSG00000160111,CPAMD8,cad,grey,-0.0527688464725282,0.180887254373119,1.438e-13,32.0434,5474,1.95599763485178e-10,TRUE,""
ENSG00000160111,CPAMD8,fbg,null,0.0144420000872183,0.504985075093846,0.001792,32.0434,1242,0.00556279334579926,TRUE,""
ENSG00000160180,TFF3,t2d,grey,0.0885055912749106,0.365043255498737,0.001718,25.0924,1310,0.000319224620944663,TRUE,""
ENSG00000160183,TMPRSS3,t2d,null,-0.0237298695942955,0.598668814257765,0.001718,29.7151,1237,0.000686261760459963,TRUE,""
ENSG00000160183,TMPRSS3,fbg,null,0.000593246739857387,0.977206399475098,0.0006597,29.7151,2487,0.0040778861099737,TRUE,""
ENSG00000160185,UBASH3A,fbg,grey,-0.0236135938422026,0.122236355448012,0.0006597,64.288,2444,0.00426958852218589,TRUE,""
ENSG00000160191,PDE9A,t2d,grey,0.0608560387976368,0.228767490506914,0.0002629,75.9094,555,0.00688197266378003,TRUE,""
ENSG00000160191,PDE9A,cad,null,0.00984435921726478,0.790963055258609,3.429e-07,75.9094,1438,0.000235420261914895,TRUE,""
ENSG00000160199,PKNOX1,fbg,null,0.00290181118664515,0.871864744932721,0.0006597,30.6705,2165,0.0036922105376169,TRUE,""
ENSG00000160200,CBS,fbg,grey,-0.0479026792322928,0.0713444578493436,0.0006597,109.8598,2083,0.00369844766746666,TRUE,""
ENSG00000160200,CBS,t2d,null,0.0100160147485703,0.848003317995623,7.781e-07,109.8598,657,0.0142166213643385,TRUE,""
ENSG00000160201,U2AF1,fbg,null,-0.00182469115483126,0.889537951249028,0.0006597,32.7186,2054,0.00428688477757943,TRUE,""
ENSG00000160207,HSF2BP,fbg,grey,0.0478179339745835,0.43881634294658,0.0007094,8.6041,1713,0.00484508706797603,TRUE,""
ENSG00000160216,AGPAT3,cad,null,-0.00398905521704679,0.973986635391853,2.504e-05,13.3388,1965,0.00070767626539586,TRUE,""
ENSG00000160223,ICOSLG,cad,grey,0.0378948636282362,0.285612267507573,2.504e-05,25.796,2179,0.0038472598047332,TRUE,""
ENSG00000160229,ZNF66P,cad,grey,0.0212064458466314,0.451075516414075,3.973e-05,22.2951,6576,0.00286968355107821,TRUE,""
ENSG00000160229,ZNF66P,fbg,grey,-0.0199829970477873,0.18539535544347,0.001598,22.2951,1302,0.0105256593295161,TRUE,""
ENSG00000160294,MCM3AP,fbg,null,0.00174984962396926,0.897332123936804,0.0008637,52.5812,1194,0.00455767699514791,TRUE,""
ENSG00000160298,C21orf58,fbg,grey,0.0273120253121662,0.33317326895895,0.0008637,19.4187,1149,0.00597276975540319,TRUE,""
ENSG00000160305,DIP2A,cad,grey,-0.0123943220335209,0.411402194666121,,139.1488,,,FALSE,GWAS 区域无数据
ENSG00000160305,DIP2A,t2d,null,-0.00377218496672377,0.857555183155439,,139.1488,,,FALSE,GWAS 区域无数据
ENSG00000160307,S100B,t2d,grey,-0.0241322283541753,0.0508929927625076,,85.9608,,,FALSE,GWAS 区域无数据
ENSG00000160325,CACFD1,cad,null,0.0122179861848121,0.805758374776525,1.09e-05,18.449,,,FALSE,对齐后仅 0 变异(<10)
ENSG00000160336,ZNF761,t2d,grey,-0.0812372208396267,0.193995214348397,0.002338,24.591,1060,0.00985690372259233,TRUE,""
ENSG00000160345,C9orf116,cad,grey,-0.164961461230658,0.261519464324923,1.833e-06,5.6601,,,FALSE,对齐后仅 0 变异(<10)
ENSG00000160352,ZNF714,fbg,null,0.0112514136829682,0.821979274262541,0.001598,12.7483,1355,0.00610538635249414,TRUE,""
ENSG00000160392,C19orf47,fbg,grey,0.0822037371246932,0.333173268958951,0.0004863,12.9917,1280,0.0130809131245228,TRUE,""
ENSG00000160408,ST6GALNAC6,fbg,grey,-0.020785228145322,0.0827950413183351,0.00318,60.4325,1119,0.0259532479050489,TRUE,""
ENSG00000160410,SHKBP1,t2d,grey,-0.0226439884946565,0.445761643145975,0.0003116,69.2286,1734,0.00636184834828244,TRUE,""
ENSG00000160505,NLRP4,t2d,grey,-0.0852906122567095,0.475050524053953,0.0006306,11.1306,1813,0.00540777364608806,TRUE,""
ENSG00000160685,ZBTB7B,fbg,null,-0.00153355733609029,0.979543663087131,0.002818,11.607,910,0.00471390119773706,TRUE,""
ENSG00000160695,VPS11,cad,grey,0.0753852669426702,0.0661361164718292,2.875e-07,34.7097,4422,0.00140575811531717,TRUE,""
ENSG00000160714,UBE2Q1,cad,null,-0.017257899608232,0.9129727813132,6.693e-15,17.6033,3293,2.18293584287664e-10,TRUE,""
ENSG00000160741,CRTC2,t2d,grey,0.450661214644428,0.0664812697397482,1.713e-06,6.584,2884,0.00350434868668551,TRUE,""
ENSG00000160746,ANO10,t2d,null,0.0230969617390182,0.7325223685108,0.0005548,18.8877,2776,0.0038417141434499,TRUE,""
ENSG00000160766,GBAP1,cad,null,0.000262495994149552,0.986920511076487,6.693e-15,61.2499,3196,8.92751299276979e-11,TRUE,""
ENSG00000160781,PAQR6,t2d,null,-0.00211639478682091,0.857555183155439,0.0001772,121.5228,2078,0.00336914811046976,TRUE,""
ENSG00000160783,PMF1,t2d,grey,-0.095122902414985,0.359843860321171,0.0001772,12.9942,2057,0.00492320054234197,TRUE,""
ENSG00000160783,PMF1,cad,null,0.0312904284259819,0.676922239021379,5.535e-05,12.9942,3494,0.00251348141602388,TRUE,""
ENSG00000160785,SLC25A44,cad,null,-0.139923102521419,0.704457418583588,5.535e-05,8.3214,3445,0.0085518936833488,TRUE,""
ENSG00000160789,LMNA,t2d,null,-0.0343237181581088,0.70379077382436,0.0001772,35.8864,1946,0.00877925016508629,TRUE,""
ENSG00000160791,CCR5,t2d,null,-0.0076189272244937,0.87926680668961,1.686e-08,25.4258,3491,3.3916037670929e-05,TRUE,""
ENSG00000160813,PPP1R35,t2d,grey,-0.186236939391166,0.32718584953302,2.337e-07,8.3131,1438,0.00124387803488538,TRUE,""
ENSG00000160856,FCRL3,cad,grey,-0.0476409930679886,0.123688697568071,5.535e-05,103.1215,6161,0.00236836013828927,TRUE,""
ENSG00000160867,FGFR4,cad,null,0.0440671186827711,0.580784750376872,1.556e-06,14.918,3029,0.0017544737583154,TRUE,""
ENSG00000160877,NACC1,cad,null,0.0348405214013322,0.691324083387309,3.849e-05,9.2542,4191,0.00305515656867303,TRUE,""
ENSG00000160883,HK3,t2d,null,0.0519003614782601,0.744543372864634,6.133e-05,9.9276,1224,0.00478007397394681,TRUE,""
ENSG00000160883,HK3,cad,null,-0.0125276734602697,0.912905061879697,0.0007366,9.9276,2819,0.00303628573218261,TRUE,""
ENSG00000160908,ZNF394,cad,grey,0.487913913960257,0.178087612432949,1.698e-06,9.7382,3415,0.00482842098485828,TRUE,""
ENSG00000160917,CPSF4,fbg,grey,-0.111033473309677,0.191325944180682,0.002549,13.534,942,0.0208361710937398,TRUE,""
ENSG00000161010,C5orf45,cad,grey,-0.192327506527694,0.348703563127618,9.249e-06,13.6799,4639,0.00748152610944025,TRUE,""
ENSG00000161179,YDJC,cad,null,-0.0455269219055322,0.648474580103536,0.001146,10.9089,4112,0.00356391910603148,TRUE,""
ENSG00000161180,CCDC116,t2d,null,-0.0684771794360894,0.800635097738236,0.0003626,6.2405,1649,0.00452308607387184,TRUE,""
ENSG00000161202,DVL3,t2d,grey,0.187855810258899,0.213650592879456,8.449e-05,9.16,2686,0.00725532759705809,TRUE,""
ENSG00000161249,DMKN,fbg,null,0.166806032121334,0.515692221611729,0.007285,13.8724,1300,0.0273557675377052,TRUE,""
ENSG00000161277,THAP8,fbg,grey,-0.0586177088050056,0.0524533879436808,0.007285,19.4344,1243,0.023096422253071,TRUE,""
ENSG00000161381,PLXDC1,cad,null,-0.0124650823335237,0.679827587935345,0.0001905,36.8076,10,1.38660425275754e-06,TRUE,""
ENSG00000161551,ZNF577,t2d,grey,-0.162865715545115,0.174551412565566,0.0001214,18.1551,2987,0.0143057373325881,TRUE,""
ENSG00000161558,TMEM143,fbg,null,-0.00578447939685428,0.889537951249028,0.005501,15.386,1396,0.00430342083883297,TRUE,""
ENSG00000161570,CCL5,t2d,grey,0.113771137269716,0.308004813057859,0.0004728,16.3409,295,3.67496385705284e-05,TRUE,""
ENSG00000161570,CCL5,cad,null,-0.0140859503286315,0.856716443934854,0.0002372,16.3409,496,0.000960623380415168,TRUE,""
ENSG00000161640,SIGLEC11,fbg,null,0.00406391103112197,0.756923103409378,0.006314,51.739,1165,0.00508104182600411,TRUE,""
ENSG00000161653,NAGS,cad,null,0.00897103770306747,0.94684707139927,7.357e-09,7.9359,213,0.00442818522896993,TRUE,""
ENSG00000161664,ASB16,fbg,null,0.0121580250183952,0.836882810464227,0.002502,10.0842,1079,0.00442365205248858,TRUE,""
ENSG00000161681,SHANK1,cad,null,0.0650059690978544,0.707660466654553,0.0008115,6.0654,4841,0.00356273537161551,TRUE,""
ENSG00000161692,DBF4B,t2d,grey,0.0470476521449706,0.334902701099473,2.278e-09,43.7309,125,4.34265633198252e-05,TRUE,""
ENSG00000161692,DBF4B,fbg,grey,-0.0331076070649793,0.077154257688104,0.002502,43.7309,881,0.0277009217029079,TRUE,""
ENSG00000161714,PLCD3,cad,null,0.10278916330464,0.813432670174537,2.333e-07,5.0374,130,3.7570879887135e-05,TRUE,""
ENSG00000161904,LEMD2,cad,null,-0.0231605399465349,0.675275389995957,2.151e-11,21.4763,5701,6.7857885279792e-08,TRUE,""
ENSG00000161920,MED11,cad,null,-0.0145630648447861,0.833256914830536,8.33e-05,14.6406,5665,0.00257715171023257,TRUE,""
ENSG00000161921,CXCL16,fbg,null,-0.00154187845839873,0.879569359634668,0.0002989,57.7218,1691,0.00375286118451883,TRUE,""
ENSG00000161944,ASGR2,fbg,null,0.0020614204132839,0.870683232746339,0.001727,81.6197,1574,0.0146602851622715,TRUE,""
ENSG00000161956,SENP3,cad,grey,0.240190966734642,0.143216484185245,0.0002708,10.2676,5220,0.00769309141797975,TRUE,""
ENSG00000161973,CCDC42,cad,grey,0.164695867817,0.253097908947115,7.635e-05,6.8238,5107,0.0043586424390065,TRUE,""
ENSG00000161981,SNRNP25,fbg,null,0.0284609530101571,0.696184458032407,0.0009201,56.8225,563,0.0323297967517038,TRUE,""
ENSG00000162076,FLYWCH2,fbg,grey,-0.0133369583522524,0.344942578828616,0.001245,50.2964,950,0.0108488444168077,TRUE,""
ENSG00000162078,ZG16B,fbg,null,-0.0053802701478854,0.668235141795249,0.001245,44.2464,1032,0.00455267694765475,TRUE,""
ENSG00000162086,ZNF75A,cad,null,0.0297977137466859,0.504985075093846,0.0005765,25.918,4661,0.00383983874988561,TRUE,""
ENSG00000162104,ADCY9,t2d,null,0.0287938816316356,0.585999172905987,2.214e-05,62.0984,2525,0.0052222249593732,TRUE,""
ENSG00000162129,CLPB,cad,grey,0.457017591153816,0.0910427861256162,0.0004224,8.431,4309,0.0309740642444857,TRUE,""
ENSG00000162129,CLPB,t2d,null,-0.253665727200054,0.532817174245873,8.635e-25,8.431,2258,2.41322187877169e-13,TRUE,""
ENSG00000162139,NEU3,t2d,grey,-0.289640727766216,0.422564412904905,0.0005805,4.9519,2830,0.0059538517909326,TRUE,""
ENSG00000162290,DCP1A,cad,grey,0.096275967066648,0.398809120942746,1.223e-08,9.9838,4768,8.45304888833139e-05,TRUE,""
ENSG00000162298,SYVN1,fbg,null,0.0729289601688928,0.562624686915214,0.003257,4.9436,955,0.00551495809583622,TRUE,""
ENSG00000162300,ZFPL1,fbg,null,0.0971403623662956,0.717113780535016,0.003257,4.581,981,0.00586617822431368,TRUE,""
ENSG00000162337,LRP5,t2d,null,-0.00316961834876047,0.993565516836334,0.0001353,5.0783,1912,0.00546495853673722,TRUE,""
ENSG00000162366,PDZK1IP1,fbg,null,0.00388474952095364,0.747012853671546,0.001204,88.1892,1572,0.00752904468288524,TRUE,""
ENSG00000162368,CMPK1,fbg,grey,-0.0181286544657173,0.462160389897216,0.001204,24.5305,1591,0.00535060151216857,TRUE,""
ENSG00000162373,BEND5,t2d,grey,0.278296638915251,0.140914880043338,0.005429,15.3498,1698,0.0267069458355189,TRUE,""
ENSG00000162373,BEND5,cad,null,0.0162339706033896,0.889755289255431,5.424e-05,15.3498,2552,0.00489110170945588,TRUE,""
ENSG00000162373,BEND5,fbg,null,0.0104361239593219,0.878759172731833,0.002151,15.3498,1460,0.00724645373156427,TRUE,""
ENSG00000162383,SLC1A7,t2d,null,0.0510626067261088,0.651926878111678,0.001828,28.7825,2684,0.00949748145688695,TRUE,""
ENSG00000162390,ACOT11,cad,null,0.0116139662194598,0.849579350391596,1.855e-22,16.57,5100,1.22225112283627e-18,TRUE,""
ENSG00000162402,USP24,cad,null,0.0342735030512001,0.78972582092805,8.038e-28,18.3461,4955,3.09332862514476e-18,TRUE,""
ENSG00000162419,GMEB1,cad,grey,0.27993001837984,0.342368939489614,7.2e-06,5.9348,3335,0.00638306752781584,TRUE,""
ENSG00000162438,CTRC,t2d,null,-0.000886905517088316,0.98030114827788,1.768e-05,23.4805,3019,0.00197650527334049,TRUE,""
ENSG00000162444,RBP7,t2d,grey,0.0482693647320552,0.436700030722758,6.783e-05,30.6212,2061,0.00519351723100875,TRUE,""
ENSG00000162482,AKR7A3,fbg,grey,-0.0300906916538705,0.49924658287522,0.001418,14.4434,1992,0.00553260147992132,TRUE,""
ENSG00000162512,SDC3,fbg,grey,-0.0587877961364416,0.179318236045376,0.000104,14.1344,2165,0.00986429154815226,TRUE,""
ENSG00000162517,PEF1,cad,grey,-0.102634192509483,0.0556465970612932,0.0004072,19.2141,2833,0.0157838334098083,TRUE,""
ENSG00000162522,KIAA1522,fbg,grey,-0.0610540293958982,0.380064326291355,0.00205,22.8906,1033,0.0155124840033205,TRUE,""
ENSG00000162526,TSSK3,cad,null,0.0706428714017081,0.858790429120605,7.588e-05,4.8413,2307,0.00586559703025073,TRUE,""
ENSG00000162543,UBXN10,t2d,grey,0.242239102776478,0.143668838251693,2.273e-06,10.3387,3176,0.0101804044292756,TRUE,""
ENSG00000162545,CAMK2N1,cad,grey,0.0675755373922115,0.306436812734698,2.942e-05,23.4393,4682,0.00640905530841302,TRUE,""
ENSG00000162594,IL23R,t2d,null,0.0511965545641766,0.502482879227815,0.0001849,19.7507,3018,0.00492729326213447,TRUE,""
ENSG00000162594,IL23R,cad,null,-0.025149184698192,0.640738381802541,0.0002924,19.7507,4196,0.00314587481375141,TRUE,""
ENSG00000162604,TM2D1,fbg,null,0.0049363040698088,0.732271676747657,0.0007042,46.7186,1764,0.004760983476173,TRUE,""
ENSG00000162620,LRRIQ3,fbg,null,0.00504850012548882,0.78118295086715,5.638e-06,32.0502,1881,0.00481074861008685,TRUE,""
ENSG00000162630,B3GALT2,fbg,null,-0.0198529977641363,0.778518657215875,0.002174,8.0674,1692,0.00464875864613551,TRUE,""
ENSG00000162642,C1orf52,t2d,grey,-0.164655205421689,0.365860033041956,7.252e-05,9.1709,3635,0.00637987383050461,TRUE,""
ENSG00000162643,WDR63,fbg,grey,0.0141418073019991,0.332197561388374,3.356e-06,36.6412,2229,0.00615950056271827,TRUE,""
ENSG00000162643,WDR63,t2d,null,-0.00309352034731231,0.931970538872759,7.252e-05,36.6412,3455,0.00368386181841608,TRUE,""
ENSG00000162654,GBP4,fbg,null,0.00824927007863068,0.731705934672859,0.002997,25.8932,1658,0.00440778362113933,TRUE,""
ENSG00000162676,GFI1,cad,null,-0.0765198431430383,0.577553375112029,0.0001951,10.2165,2918,0.00468747375929475,TRUE,""
ENSG00000162688,AGL,t2d,null,0.0314100625523829,0.768668006560809,0.002178,14.1417,2849,0.00446138632255545,TRUE,""
ENSG00000162688,AGL,fbg,null,0.0100512200167625,0.808451451773901,0.0007049,14.1417,2009,0.00397969488508179,TRUE,""
ENSG00000162695,SLC30A7,t2d,null,-0.0206433333756313,0.881742753876688,0.000206,15.3674,3166,0.00555979067530657,TRUE,""
ENSG00000162702,ZNF281,t2d,null,0.00218223277322348,0.954690030337856,1.129e-06,27.0375,4706,0.00102091331670655,TRUE,""
ENSG00000162714,ZNF496,t2d,null,0.00413711523320929,0.94021471189421,0.005598,23.3946,3943,0.00383998933251116,TRUE,""
ENSG00000162722,TRIM58,cad,grey,-0.0581499674830879,0.0580232285815164,0.001028,41.5072,5237,0.0522784168413028,TRUE,""
ENSG00000162729,IGSF8,t2d,null,0.0114240576633507,0.891155601487891,0.001063,20.2555,3239,0.00453001644266414,TRUE,""
ENSG00000162734,PEA15,fbg,null,-0.00680625869901042,0.714474277651148,0.004225,39.2286,1759,0.00523582601234166,TRUE,""
ENSG00000162735,PEX19,cad,grey,0.221545407356377,0.0994684819503751,2.348e-05,20.5034,5277,0.0265957814263879,TRUE,""
ENSG00000162755,KLHDC9,cad,grey,0.127415390947945,0.422791725490873,0.0005448,13.8452,5185,0.00771980133210755,TRUE,""
ENSG00000162757,C1orf74,t2d,null,-0.116583891457436,0.869400138188399,7.866e-06,7.3942,3650,0.0128627302424381,TRUE,""
ENSG00000162769,FLVCR1,cad,grey,0.0222291374079245,0.376664919719375,8.176e-06,50.8684,5121,0.00343159850040084,TRUE,""
ENSG00000162769,FLVCR1,fbg,null,-0.00728824177309001,0.608076879465923,0.001554,50.8684,1800,0.00672712070820318,TRUE,""
ENSG00000162775,RBM15,fbg,null,0.0262562377788731,0.508426146432504,0.002859,18.6484,1870,0.0096937394551249,TRUE,""
ENSG00000162804,SNED1,cad,grey,-0.450948550876116,0.19908842468133,0.0001469,8.4282,2867,0.0193413756866477,TRUE,""
ENSG00000162817,C1orf115,cad,null,-0.00416663637943757,0.871491147543711,0.0002492,51.793,5165,0.00397792253011916,TRUE,""
ENSG00000162852,CNST,cad,null,-0.0114287344923773,0.876685395448225,0.001028,14.0173,6955,0.00272142174190015,TRUE,""
ENSG00000162873,KLHDC8A,cad,null,-0.0129468034726687,0.950164661941506,0.0001446,6.8385,4672,0.00355328235083687,TRUE,""
ENSG00000162878,PKDCC,fbg,null,0.020997421029999,0.583426134426407,0.0003379,13.2053,2544,0.00420324771797103,TRUE,""
ENSG00000162882,HAAO,t2d,null,0.041700593512651,0.643067191064241,6.687e-28,16.1218,3820,3.80176148727222e-24,TRUE,""
ENSG00000162888,C1orf147,fbg,null,0.00177238869566094,0.916166996259808,0.001884,15.9487,1217,0.00464667654289594,TRUE,""
ENSG00000162889,MAPKAPK2,fbg,null,-0.0101793734515631,0.928287214829656,0.001884,10.5591,1192,0.00712798061875386,TRUE,""
ENSG00000162910,MRPL55,t2d,grey,-0.099235459453594,0.162236114404696,0.000834,20.6247,3087,0.00987463210459688,TRUE,""
ENSG00000162924,REL,t2d,null,-0.0198743937041491,0.868835667192575,2.29e-15,16.081,2766,2.61699307830767e-11,TRUE,""
ENSG00000162929,KIAA1841,t2d,null,-0.00834452660884384,0.704133350204302,2.29e-15,69.5179,2541,1.9704150770745e-11,TRUE,""
ENSG00000162929,KIAA1841,cad,null,-0.00111260354784585,0.944054023280193,3.154e-06,69.5179,3904,0.00139135987073564,TRUE,""
ENSG00000162961,DPY30,t2d,null,0.108507118750681,0.734271103025853,0.004232,6.0342,2239,0.00579779567949409,TRUE,""
ENSG00000162999,DUSP19,cad,null,-0.0826152925382283,0.50792702409201,0.0002836,13.8762,3592,0.00866789688179079,TRUE,""
ENSG00000163016,ALMS1P,t2d,grey,-0.0467390058563861,0.0691858366491052,0.0006866,24.3364,2153,0.0224697503992485,TRUE,""
ENSG00000163029,SMC6,t2d,null,-0.012391740869902,0.719183260164793,0.000112,58.8426,4386,0.00403514943493412,TRUE,""
ENSG00000163040,CCDC74A,cad,null,0.00278311677834291,0.877731041501716,0.003083,23.6681,2245,0.00321048093221145,TRUE,""
ENSG00000163050,ADCK3,fbg,grey,-0.0286145573280988,0.0686809456631793,0.007316,91.9149,1782,0.00712705591977434,TRUE,""
ENSG00000163053,SLC16A14,cad,null,0.127693512433077,0.617075077451974,0.0001277,4.7139,3796,0.00303660683940753,TRUE,""
ENSG00000163071,SPATA18,fbg,grey,-0.0156443108903118,0.49813992156856,0.000746,23.5446,771,0.00477854550746228,TRUE,""
ENSG00000163082,SGPP2,t2d,grey,-0.308046794956502,0.157802790690306,0.002148,6.5286,2374,0.0177366669479426,TRUE,""
ENSG00000163082,SGPP2,cad,grey,-0.122673502416306,0.437830430868302,9.302e-05,6.5286,3392,0.00635173281910924,TRUE,""
ENSG00000163093,BBS5,t2d,null,-0.211312013349126,0.520316800507367,7.157e-07,7.5624,3048,0.00808098552209947,TRUE,""
ENSG00000163125,RPRD2,fbg,grey,0.0348451273928645,0.260589034273618,0.0002148,12.3386,663,0.00787163418454497,TRUE,""
ENSG00000163126,ANKRD23,cad,null,-0.0186322716033198,0.934194404692542,0.0004989,8.5689,1299,0.00519077191584206,TRUE,""
ENSG00000163141,BNIPL,t2d,grey,0.0641418466619681,0.147950562490078,9.493e-06,37.7431,2465,0.0113357365500995,TRUE,""
ENSG00000163155,LYSMD1,cad,null,-0.0301438349659792,0.68489168859197,2.85e-11,15.1185,3732,6.01198493211782e-08,TRUE,""
ENSG00000163161,ERCC3,cad,grey,-0.0375867542039458,0.144202845553275,8.784e-06,43.4894,3586,0.0045745517137068,TRUE,""
ENSG00000163166,IWS1,t2d,grey,-0.112220929473916,0.18789505017039,0.0002361,21.0569,2262,0.0108610585444049,TRUE,""
ENSG00000163171,CDC42EP3,t2d,grey,-0.0599050588068584,0.418796684420646,0.0002391,22.5824,4443,0.00493720159575133,TRUE,""
ENSG00000163214,DHX57,t2d,grey,-0.0854075451328495,0.0827514759030596,0.0003961,30.0114,3025,0.0173851175923913,TRUE,""
ENSG00000163219,ARHGAP25,t2d,grey,0.0838046739319525,0.178406057753558,0.001437,23.1094,3172,0.00919574684218895,TRUE,""
ENSG00000163220,S100A9,t2d,grey,-0.0760646996682612,0.290552404389806,1.713e-06,30.2607,2848,0.00265278779460582,TRUE,""
ENSG00000163221,S100A12,cad,null,-0.0104373382610416,0.775096962195985,0.001035,80.2684,3993,0.00415433309595962,TRUE,""
ENSG00000163235,TGFA,t2d,grey,0.183110657813243,0.0646808438473685,0.0004902,21.1353,3654,0.0301162692569871,TRUE,""
ENSG00000163235,TGFA,cad,null,0.0142792714808492,0.850179902198761,1.22e-06,21.1353,5176,0.000830999921001625,TRUE,""
ENSG00000163249,CCNYL1,cad,grey,0.168477705217716,0.251229386848851,0.0001627,11.3703,2859,0.00848036527067973,TRUE,""
ENSG00000163291,PAQR3,t2d,null,0.227542212281278,0.500512102322694,0.000416,9.5113,1970,0.0109879165859536,TRUE,""
ENSG00000163312,HELQ,fbg,grey,-0.0922277196125033,0.247862996149615,0.0005935,6.7336,1699,0.0097086154907929,TRUE,""
ENSG00000163328,GPR155,cad,grey,0.0343765193248933,0.473579798269008,5.85e-05,21.7206,2427,0.00358122769486523,TRUE,""
ENSG00000163344,PMVK,cad,grey,-0.0418427684918548,0.450617496684764,6.693e-15,18.292,3093,8.89830280593074e-11,TRUE,""
ENSG00000163344,PMVK,t2d,null,0.0194617527869092,0.800141053963404,1.713e-06,18.292,1921,0.000922204343632137,TRUE,""
ENSG00000163346,PBXIP1,t2d,null,0.0194446599947106,0.770944829560146,1.713e-06,20.9864,1927,0.000919497585790631,TRUE,""
ENSG00000163354,DCST2,fbg,null,-0.00362969004893964,0.979543663087131,0.002818,4.904,909,0.00286394169637031,TRUE,""
ENSG00000163359,COL6A3,t2d,grey,0.125891573934276,0.229600384163469,0.0004264,24.4163,2249,0.0136945509401982,TRUE,""
ENSG00000163359,COL6A3,fbg,null,0.0145539391831533,0.730223992825289,0.003173,24.4163,1962,0.0072813861205673,TRUE,""
ENSG00000163378,EOGT,fbg,grey,-0.0223600330144842,0.198542793686662,0.000718,32.1216,2040,0.00890287548843938,TRUE,""
ENSG00000163382,APOA1BP,fbg,null,0.000587582399321188,0.976536189986223,0.001098,30.0059,1551,0.00406653601325153,TRUE,""
ENSG00000163386,NBPF10,cad,null,0.0339598696847307,0.679025635130094,0.0002967,5.663,60,0.0028778526685768,TRUE,""
ENSG00000163389,POGLUT1,t2d,null,-0.0179799145676359,0.674206294447154,0.000402,59.1055,3520,0.00811267702027436,TRUE,""
ENSG00000163399,ATP1A1,cad,grey,0.314532415033628,0.207114911830897,0.0001516,4.5921,3213,0.00577551335359487,TRUE,""
ENSG00000163406,SLC15A2,fbg,null,0.00707685399066011,0.707660466654553,0.00302,30.0808,1604,0.00422682222513676,TRUE,""
ENSG00000163412,EIF4E3,t2d,null,0.00778115764231325,0.886403006367064,1.379e-06,57.2056,2973,0.00055732845363515,TRUE,""
ENSG00000163444,TMEM183A,fbg,grey,-0.0180289298844969,0.2870949517261,0.001466,26.6012,1623,0.00646017092616156,TRUE,""
ENSG00000163449,TMEM169,cad,null,0.00918848302671966,0.83903733185664,1.555e-12,25.1837,3324,0.00287379586668838,TRUE,""
ENSG00000163449,TMEM169,fbg,null,-0.00706806386670743,0.807306380150854,2.113e-05,25.1837,2062,0.00425622454161306,TRUE,""
ENSG00000163468,CCT3,fbg,grey,0.0228144582235175,0.149534833950161,0.001098,38.2049,1236,0.00938080680997078,TRUE,""
ENSG00000163472,TMEM79,cad,grey,0.0166605906324556,0.300335455676674,5.535e-05,63.9812,3638,0.00203062738246815,TRUE,""
ENSG00000163507,KIAA1524,t2d,grey,-0.0789254496374604,0.26197337369113,0.0003432,28.5936,3422,0.00921180043170419,TRUE,""
ENSG00000163512,AZI2,t2d,grey,0.0359214988318239,0.419267732920394,0.0009668,31.1589,3911,0.00492017848949098,TRUE,""
ENSG00000163519,TRAT1,fbg,grey,-0.0470117605768701,0.0500912804442534,0.001502,36.3254,1885,0.0389696013669851,TRUE,""
ENSG00000163527,STT3B,t2d,null,-0.0439777596367151,0.694830880642112,2.532e-05,20.5348,3859,0.00233277059456222,TRUE,""
ENSG00000163528,CHCHD4,t2d,grey,-0.118885994156982,0.478136885574884,3.474e-06,6.1278,3839,0.00247348354086657,TRUE,""
ENSG00000163545,NUAK2,t2d,grey,-0.0297348688450638,0.453254704753736,9.455e-06,35.7891,2944,0.00311669080037798,TRUE,""
ENSG00000163576,EFHB,t2d,null,-0.012183219863259,0.52379920995388,0.0004801,66.5117,3713,0.00435507053608146,TRUE,""
ENSG00000163590,PPM1L,fbg,grey,-0.0260886593460203,0.446917899337001,0.002303,36.5939,1725,0.0112196823925581,TRUE,""
ENSG00000163590,PPM1L,cad,null,-0.0367173724129175,0.543187473895302,0.0003685,36.5939,4389,0.00687179469789309,TRUE,""
ENSG00000163597,SNHG16,fbg,grey,-0.00686095717336131,0.491767700760523,0.000889,48.0851,1588,0.00452981751403922,TRUE,""
ENSG00000163602,RYBP,t2d,grey,-0.0199291588632847,0.403468306235755,1.379e-06,59.6927,3499,0.000810423008843879,TRUE,""
ENSG00000163607,GTPBP8,fbg,grey,-0.0377143244600635,0.059333466754994,0.000353,31.0441,1860,0.0235927540197377,TRUE,""
ENSG00000163608,C3orf17,fbg,grey,0.0556240612655516,0.357572759228743,0.000353,29.1407,1844,0.0173413446817303,TRUE,""
ENSG00000163624,CDS1,t2d,null,-0.113346121321771,0.546798707074727,0.001881,7.38,2012,0.00472833539664998,TRUE,""
ENSG00000163624,CDS1,cad,null,-0.0554672508595901,0.686573982946944,0.0003013,7.38,2598,0.0034043948586232,TRUE,""
ENSG00000163625,WDFY3,fbg,grey,0.0401248998129842,0.398809120942746,0.0008604,11.9776,1722,0.00563735592819683,TRUE,""
ENSG00000163626,COX18,t2d,null,-0.234720441492307,0.523518574588213,0.002553,5.6015,1438,0.00657965749552144,TRUE,""
ENSG00000163629,PTPN13,fbg,grey,-0.086321838998232,0.133614402537716,0.0008234,11.0967,1565,0.0159503940038902,TRUE,""
ENSG00000163629,PTPN13,t2d,null,-0.052752234943364,0.710796544657712,2.511e-05,11.0967,2135,0.00455292810383588,TRUE,""
ENSG00000163633,C4orf36,t2d,grey,-0.148089894738416,0.43156474912376,2.511e-05,7.4892,2577,0.00669583141504603,TRUE,""
ENSG00000163633,C4orf36,cad,null,0.0105778496241725,0.937728620843449,2.309e-05,7.4892,3206,0.00305135130483043,TRUE,""
ENSG00000163659,TIPARP,t2d,grey,-0.342198476240245,0.279983172635236,1.097e-05,12.5145,3507,0.0119065930569389,TRUE,""
ENSG00000163660,CCNL1,t2d,null,0.00486353167604656,0.902723027603871,1.097e-05,39.9673,3704,0.00275104103881879,TRUE,""
ENSG00000163661,PTX3,fbg,grey,0.140596402852179,0.191703742822855,0.004969,5.8874,1956,0.00922206237251967,TRUE,""
ENSG00000163710,PCOLCE2,cad,null,-0.0805723554337302,0.55508074885533,7.016e-07,7.9531,4537,0.00150002600211094,TRUE,""
ENSG00000163710,PCOLCE2,fbg,null,-0.00447624196854057,0.950164661941506,0.008711,7.9531,1772,0.00391394675383856,TRUE,""
ENSG00000163735,CXCL5,t2d,null,-0.00359631078307847,0.928995355702441,2.606e-06,70.1639,1795,0.00700960618461438,TRUE,""
ENSG00000163738,MTHFD2L,fbg,null,0.0342111513032122,0.763357099203955,0.0001044,13.6342,1493,0.0109353108254452,TRUE,""
ENSG00000163743,RCHY1,cad,null,-0.0056983516307947,0.799703117833374,1.637e-10,53.1014,3168,1.92874337366169e-06,TRUE,""
ENSG00000163754,GYG1,t2d,grey,-0.0480927479900717,0.283590175619393,8.452e-05,22.1012,3557,0.0047357829057083,TRUE,""
ENSG00000163788,SNRK,fbg,grey,0.0711978677155442,0.0718606382258516,0.002533,15.7114,1531,0.0216775515975111,TRUE,""
ENSG00000163788,SNRK,cad,null,-0.0214723728031006,0.766561943282691,1.05e-05,15.7114,4337,0.00287357210893937,TRUE,""
ENSG00000163807,KIAA1143,fbg,grey,0.0194917885309336,0.196938679952046,0.0001969,31.6603,1630,0.00815163871741983,TRUE,""
ENSG00000163817,SLC6A20,fbg,grey,-0.0597276131883474,0.423710797166793,0.0001969,6.88,1829,0.00745867209850509,TRUE,""
ENSG00000163818,LZTFL1,fbg,grey,0.0527867064273846,0.252020914350514,0.0001969,19.4684,1846,0.0122357287940832,TRUE,""
ENSG00000163832,ELP6,fbg,null,0.0109907929529018,0.852408287000742,0.002281,10.8386,816,0.00535931133824231,TRUE,""
ENSG00000163840,DTX3L,fbg,grey,0.0234344498215858,0.457124710034358,6.79e-09,22.0274,1821,6.05679976394222e-05,TRUE,""
ENSG00000163873,GRIK3,fbg,grey,-0.0849596565508154,0.192564416267239,0.0008783,8.8154,1321,0.00916922906298997,TRUE,""
ENSG00000163875,MEAF6,t2d,grey,0.0379698061200073,0.430268430191647,0.000359,54.8141,2566,0.0117200916603238,TRUE,""
ENSG00000163882,POLR2H,cad,null,-0.0493085907559024,0.682472947499482,0.0001281,9.6125,4665,0.00330242614280564,TRUE,""
ENSG00000163885,CCDC37,fbg,null,0.0156571111639067,0.826844797716898,0.001693,7.2012,1927,0.00806693556685186,TRUE,""
ENSG00000163900,TMEM41A,t2d,grey,-0.307846161503131,0.136967412262295,3.854e-57,6.6718,2388,2.49830506785063e-08,TRUE,""
ENSG00000163932,PRKCD,fbg,grey,0.022432067165833,0.43316699063013,0.0003896,23.0117,1376,0.00602415495109279,TRUE,""
ENSG00000163939,PBRM1,t2d,null,0.110333331073857,0.628477445586286,6.238e-08,7.1448,2075,9.14068835633039e-05,TRUE,""
ENSG00000163975,MFI2,t2d,grey,-0.100465075888255,0.466518500923146,5.627e-06,11.9766,2080,0.00407081358077166,TRUE,""
ENSG00000163975,MFI2,cad,null,0.0321488242842417,0.752162308378054,0.0001971,11.9766,4961,0.00358021278103369,TRUE,""
ENSG00000163995,ABLIM2,cad,null,0.0857163515819093,0.504985075093846,0.0001239,9.6657,8379,0.00448645288118713,TRUE,""
ENSG00000164011,ZNF691,fbg,null,-0.0402439144754028,0.759511416075572,0.0001169,6.6121,1564,0.00659078385176931,TRUE,""
ENSG00000164032,H2AFZ,t2d,null,0.0215650193983346,0.6245856448124,3.14e-05,22.8708,2450,0.00483950611211306,TRUE,""
ENSG00000164032,H2AFZ,fbg,null,0.000468804769529014,0.978438177451517,0.005222,22.8708,1886,0.00452371179668718,TRUE,""
ENSG00000164061,BSN,fbg,grey,-0.0463958311608443,0.406952608509977,0.0001937,7.8573,691,0.00761080215611953,TRUE,""
ENSG00000164080,RAD54L2,t2d,null,-0.0787257171659336,0.705394356717494,0.0004635,6.3038,1511,0.0042650761513911,TRUE,""
ENSG00000164082,GRM2,fbg,grey,-0.0305884176441055,0.246419131076524,0.0005376,29.6779,713,0.0111405124477412,TRUE,""
ENSG00000164086,DUSP7,fbg,grey,0.101164992234998,0.49041106256261,0.0005376,4.7221,782,0.00573622239044308,TRUE,""
ENSG00000164096,C4orf3,t2d,grey,0.0309066866995825,0.396381576737308,0.000867,35.2195,2493,0.00544056480541801,TRUE,""
ENSG00000164117,FBXO8,t2d,null,0.00307581109498618,0.992612285555623,0.0007971,5.7464,2461,0.00504539434100458,TRUE,""
ENSG00000164120,HPGD,fbg,grey,-0.0122671522752217,0.440452945294225,0.001852,46.5666,1773,0.00395205402443995,TRUE,""
ENSG00000164120,HPGD,t2d,null,-0.0159018640604726,0.680511892901687,0.0007971,46.5666,2364,0.118495929907967,TRUE,""
ENSG00000164125,FAM198B,fbg,null,-0.00512591488121483,0.583426134426407,0.00331,86.3651,1451,0.00898798558435632,TRUE,""
ENSG00000164134,NAA15,fbg,null,0.00953503321191343,0.908140272657433,0.002489,11.2008,1620,0.00580053153341877,TRUE,""
ENSG00000164142,FAM160A1,fbg,grey,0.0199511776129415,0.349538991650093,0.0003528,20.9316,1227,0.00577793633036776,TRUE,""
ENSG00000164172,MOCS2,fbg,null,0.000941942197476835,0.976536189986223,0.0006786,18.8332,2374,0.00408586773905542,TRUE,""
ENSG00000164175,SLC45A2,fbg,null,-0.0316824156308982,0.585440934568927,0.001671,12.7432,1925,0.00607513259540987,TRUE,""
ENSG00000164181,ELOVL7,fbg,grey,-0.0452918247411259,0.061703404877095,3.16e-05,25.5713,1681,0.0245254730655376,TRUE,""
ENSG00000164237,CMBL,t2d,null,-0.00393773905385994,0.918724277407713,0.0008044,81.964,4364,0.0065145575247566,TRUE,""
ENSG00000164241,C5orf63,cad,grey,-0.0628900462914155,0.493842236243828,0.000564,9.7902,4184,0.0032231039200635,TRUE,""
ENSG00000164244,PRRC1,t2d,null,0.0166672336840701,0.813980460416918,0.0001348,21.3198,2426,0.0027262625793324,TRUE,""
ENSG00000164252,AGGF1,fbg,grey,-0.0956716098351676,0.171180318164682,7.201e-06,9.6244,2205,0.00631733602799581,TRUE,""
ENSG00000164253,WDR41,t2d,grey,-0.0488860586069789,0.0662163141482933,1.188e-12,70.7267,2765,2.34211470993661e-07,TRUE,""
ENSG00000164253,WDR41,fbg,grey,-0.0141740643298341,0.173478578848781,7.201e-06,70.7267,2120,0.0973315820807668,TRUE,""
ENSG00000164258,NDUFS4,cad,grey,-0.0850395290973133,0.112588159649099,8.893e-05,13.4126,4320,0.0112945944892955,TRUE,""
ENSG00000164283,ESM1,cad,null,-0.0191838307642134,0.673716649749524,2.012e-07,22.1387,4347,0.000415402309755283,TRUE,""
ENSG00000164291,ARSK,cad,null,0.137426829999547,0.591554054889021,0.000782,5.6155,3453,0.00481102095977125,TRUE,""
ENSG00000164292,RHOBTB3,cad,null,-0.0892527948110351,0.743821136938435,0.000782,9.6567,3259,0.0071191561113717,TRUE,""
ENSG00000164296,TIGD6,fbg,null,0.0136167685313964,0.820211678728453,0.0004124,11.8159,2036,0.00542617855958436,TRUE,""
ENSG00000164306,CCDC111,fbg,grey,0.0281562485974113,0.352250687955077,2.239e-06,13.613,1804,0.00448213813460165,TRUE,""
ENSG00000164306,CCDC111,cad,null,0.00633515593441754,0.904483147958832,6.266e-06,13.613,3529,0.0037338119080639,TRUE,""
ENSG00000164309,CMYA5,t2d,grey,0.440207664426354,0.199288219843223,3.761e-07,6.7385,2293,0.000430306030256107,TRUE,""
ENSG00000164323,KIAA1430,t2d,null,-0.0147494890465895,0.676922239021379,0.0004283,44.8897,1910,0.00409474814087187,TRUE,""
ENSG00000164327,RICTOR,fbg,grey,0.0636937521950031,0.381573905705021,0.00203,9.6875,2239,0.00692379759665127,TRUE,""
ENSG00000164330,EBF1,t2d,null,-0.170557766555025,0.740128511604947,1.062e-05,6.1594,2789,0.00611887437654804,TRUE,""
ENSG00000164332,UBLCP1,t2d,null,-0.0168724048234174,0.851268623688206,1.062e-05,16.9879,2767,0.00374655036803181,TRUE,""
ENSG00000164346,NSA2,cad,null,0.00889283950483008,0.612939241393459,3.636e-05,46.7891,4016,0.00432880567074905,TRUE,""
ENSG00000164346,NSA2,fbg,null,0.00372258397876608,0.70173553985783,0.000167,46.7891,2159,0.00504378760110365,TRUE,""
ENSG00000164347,GFM2,fbg,null,-0.00377343519231344,0.889537951249028,0.000167,23.5278,2180,0.00376564872631637,TRUE,""
ENSG00000164366,CCDC127,cad,grey,-0.029815041690573,0.20854522523803,0.004671,50.6348,3281,0.00482715581201945,TRUE,""
ENSG00000164406,LEAP2,fbg,grey,-0.0771512449442371,0.0915072499234822,0.00427,12.4165,1934,0.015767707573222,TRUE,""
ENSG00000164406,LEAP2,t2d,null,0.0428618027467984,0.711106547594804,0.003207,12.4165,2000,0.00424340646118681,TRUE,""
ENSG00000164430,MB21D1,cad,grey,0.0485221230123374,0.310446438696633,2.179e-05,23.2445,4126,0.00448635341798669,TRUE,""
ENSG00000164442,CITED2,cad,null,-0.0361859119279643,0.562624686915214,6.673e-05,16.0079,4479,0.00326570787524318,TRUE,""
ENSG00000164465,DCBLD1,t2d,null,-0.013533231845596,0.714474277651148,3.048e-06,49.1214,3183,0.00197473395024578,TRUE,""
ENSG00000164483,SAMD3,t2d,grey,-0.0656766349530174,0.110081687211018,4.145e-05,62.8172,4423,0.00555888936451014,TRUE,""
ENSG00000164483,SAMD3,fbg,grey,0.0138501747179833,0.389176850174411,0.0002292,62.8172,2564,0.00802352240201391,TRUE,""
ENSG00000164494,PDSS2,fbg,grey,0.021434238114127,0.302867777010297,0.0106,28.2352,1984,0.00644738996111115,TRUE,""
ENSG00000164494,PDSS2,cad,null,-0.0119779565931886,0.751496544187975,3.995e-05,28.2352,3910,0.00272684921983797,TRUE,""
ENSG00000164535,DAGLB,fbg,null,0.00337120627834034,0.759943064406937,0.0002071,71.7034,1472,0.00596175640102778,TRUE,""
ENSG00000164574,GALNT10,fbg,grey,-0.0627035913688393,0.255544012295895,0.0004241,23.439,2213,0.017768174341181,TRUE,""
ENSG00000164574,GALNT10,t2d,null,0.00151092991250215,0.990776106493309,0.0002719,23.439,3274,0.0069161387274382,TRUE,""
ENSG00000164587,RPS14,t2d,null,-0.0293744135989471,0.628992026367237,0.002964,26.0073,2252,0.00501437893727844,TRUE,""
ENSG00000164603,C7orf60,fbg,null,-0.0333365374261083,0.811807228003433,0.005244,10.5869,1761,0.0103453070322949,TRUE,""
ENSG00000164604,GPR85,cad,null,0.0448382560794399,0.647220356947693,0.0003036,10.3362,4113,0.00305128969692043,TRUE,""
ENSG00000164626,KCNK5,cad,grey,-0.158206993231076,0.34345107683441,7.631e-12,6.0633,6191,0.13187924128933,TRUE,""
ENSG00000164626,KCNK5,fbg,null,-0.00292975913390882,0.975070165131246,1.947e-06,6.0633,2450,0.00275430975818808,TRUE,""
ENSG00000164654,MIOS,t2d,null,0.0382907089396818,0.70996668978451,0.0006012,14.0349,4475,0.00671952097653057,TRUE,""
ENSG00000164654,MIOS,fbg,null,0.00935995107414444,0.82237620599534,0.0002071,14.0349,2480,0.00570727088503746,TRUE,""
ENSG00000164669,INTS4L1,fbg,grey,0.0522267066572458,0.220271518788167,0.009589,10.6771,1066,0.00980496439098695,TRUE,""
ENSG00000164669,INTS4L1,cad,null,0.00412316105188782,0.958025455470674,0.0007088,10.6771,3832,0.00269266432937707,TRUE,""
ENSG00000164683,HEY1,cad,null,0.00396453762898795,0.856895178104153,0.0001413,46.3881,2693,0.0027970008586523,TRUE,""
ENSG00000164684,ZNF704,fbg,grey,-0.153471683161209,0.25707429868483,3.135e-05,7.0423,1605,0.00638469349580413,TRUE,""
ENSG00000164691,TAGAP,fbg,grey,-0.0646394877457701,0.131633295181901,0.001914,26.9866,2274,0.0232034060726987,TRUE,""
ENSG00000164691,TAGAP,cad,null,-0.0178088384605693,0.804361562650309,4.74e-89,26.9866,5400,4.68575775415293e-29,TRUE,""
ENSG00000164707,SLC13A4,t2d,null,-0.00135751094039727,0.984657011841237,0.0009196,25.8237,3514,0.00491476728097164,TRUE,""
ENSG00000164715,LMTK2,fbg,null,-0.00965171802614233,0.915053427839804,0.002259,29.5077,1470,0.0171451857924567,TRUE,""
ENSG00000164751,PEX2,cad,null,0.0202332749998589,0.897463696683179,0.0004569,20.8346,3240,0.00920512933123418,TRUE,""
ENSG00000164764,SBSPON,fbg,grey,-0.13875606511193,0.225465985004507,0.001761,4.5746,2150,0.00613884751672125,TRUE,""
ENSG00000164776,PHKG1,t2d,grey,0.0842377334300093,0.0935879207479145,0.003677,18.8881,3320,0.0208849204063183,TRUE,""
ENSG00000164776,PHKG1,fbg,grey,0.0253728112740992,0.21129954733371,0.0004936,18.8881,1170,0.0102025215128118,TRUE,""
ENSG00000164808,KIAA0146,cad,grey,-0.0809258410298365,0.398207109968035,0.01068,9.7972,1464,0.00456807779805329,TRUE,""
ENSG00000164815,ORC5,fbg,null,0.00400097485522872,0.922905718287002,0.00251,12.228,2037,0.00560797444334229,TRUE,""
ENSG00000164823,OSGIN2,cad,grey,-0.0338289730367543,0.263292015513095,0.001304,33.0536,2255,0.00512271499638452,TRUE,""
ENSG00000164823,OSGIN2,t2d,null,0.0102512039505316,0.816104535888477,0.001353,33.0536,1745,0.00431527134647917,TRUE,""
ENSG00000164849,GPR146,cad,grey,0.024499369479827,0.296726844041481,1.883e-08,63.1992,5857,0.000136100424455397,TRUE,""
ENSG00000164902,PHAX,cad,grey,0.150413658354645,0.375931946615349,0.000564,9.973,4589,0.00781013575364974,TRUE,""
ENSG00000164904,ALDH7A1,t2d,null,0.0213445106218625,0.611750895339301,0.0004062,30.0884,3043,0.00698606260557638,TRUE,""
ENSG00000164916,FOXK1,cad,null,-0.00770420534492784,0.7603016088484,1.054e-05,35.8146,7362,0.00182694531657406,TRUE,""
ENSG00000164919,COX6C,fbg,grey,-0.0161670083978324,0.329560259960621,0.001284,45.7793,1306,0.00705173341873553,TRUE,""
ENSG00000164924,YWHAZ,fbg,grey,-0.0242193110054801,0.222939094167741,0.001878,27.3829,1911,0.00801616895626805,TRUE,""
ENSG00000164924,YWHAZ,t2d,null,-0.000621007974499489,0.990149823544462,0.0004261,27.3829,1630,0.0039624040593214,TRUE,""
ENSG00000164930,FZD6,fbg,grey,0.0278734370432733,0.0549945959282303,0.001151,57.9394,2081,0.0130151897152131,TRUE,""
ENSG00000164934,DCAF13,t2d,grey,0.124226101569865,0.0979514274431053,6.26e-05,14.4291,2505,0.00462840393050114,TRUE,""
ENSG00000164934,DCAF13,fbg,grey,0.0219222532182114,0.432034892005007,0.001151,14.4291,2165,0.00789991628703355,TRUE,""
ENSG00000164941,INTS8,fbg,grey,-0.0357825612241278,0.089130925517086,0.0001498,25.3699,2292,0.0147360435121812,TRUE,""
ENSG00000164949,GEM,fbg,grey,-0.102193631790109,0.0934605072058715,0.003532,8.7842,1805,0.0168086712007636,TRUE,""
ENSG00000164951,PDP1,t2d,grey,0.0883132448787478,0.189625322086302,4.545e-09,20.2495,2420,0.000436773741190087,TRUE,""
ENSG00000164951,PDP1,cad,null,-0.0113670513210269,0.819591685650043,3.528e-07,20.2495,3143,0.000421072911035671,TRUE,""
ENSG00000164961,KIAA0196,t2d,grey,0.314691968245186,0.264761567159798,6.06e-06,13.5901,1622,0.0113243183796113,TRUE,""
ENSG00000164961,KIAA0196,fbg,grey,-0.0689201418057638,0.414852187798404,0.0001238,13.5901,1886,0.0107762131271022,TRUE,""
ENSG00000164978,NUDT2,t2d,grey,0.0395314312462309,0.215680749361015,1.36e-09,98.9207,2603,2.14306623256227e-06,TRUE,""
ENSG00000164978,NUDT2,cad,grey,-0.0206779794211054,0.344942578828616,0.001145,98.9207,4625,0.00533213215828176,TRUE,""
ENSG00000164978,NUDT2,fbg,grey,0.0191575397577888,0.124394878470488,0.001671,98.9207,1411,0.0060807783736972,TRUE,""
ENSG00000164985,PSIP1,cad,null,0.140544654633404,0.509837393048038,4.746e-06,8.5744,6890,0.00391138965197592,TRUE,""
ENSG00000165028,NIPSNAP3B,cad,grey,-0.0400210873783986,0.497669668348683,3.591e-12,26.0529,,,FALSE,对齐后仅 0 变异(<10)
ENSG00000165029,ABCA1,cad,grey,0.0769302375063167,0.294460296006904,3.591e-12,15.0396,,,FALSE,对齐后仅 0 变异(<10)
ENSG00000165055,METTL2B,cad,null,0.00228099404212428,0.932463513418651,6.92e-05,34.1274,4100,0.00277041722205041,TRUE,""
ENSG00000165066,NKX6-3,t2d,grey,0.0556168130458086,0.440024466872261,3.159e-22,18.8265,3318,3.97312503837014e-18,TRUE,""
ENSG00000165071,TMEM71,t2d,null,-0.0199952933497887,0.577553375112029,0.002752,42.212,2522,0.00646697655134686,TRUE,""
ENSG00000165092,ALDH1A1,cad,null,-0.00208925091819344,0.937728620843449,0.0001516,42.7677,,,FALSE,对齐后仅 0 变异(<10)
ENSG00000165115,KIF27,cad,null,0.00613678594134852,0.962169857845561,6.97e-05,28.2604,,,FALSE,对齐后仅 0 变异(<10)
ENSG00000165121,RP11-213G2.3,cad,null,0.00435656022765288,0.889875664640676,6.041e-05,14.8454,,,FALSE,对齐后仅 0 变异(<10)
ENSG00000165185,KIAA1958,t2d,grey,0.259884286056711,0.415897449222734,1.578e-05,5.9321,,,FALSE,对齐后仅 0 变异(<10)
ENSG00000165233,C9orf89,cad,null,-0.0127245444451724,0.544474508963011,0.0002419,37.5425,,,FALSE,对齐后仅 0 变异(<10)
ENSG00000165238,WNK2,fbg,grey,-0.050409774479546,0.125707617716504,0.009316,17.3022,1803,0.0132796490439455,TRUE,""
ENSG00000165272,AQP3,cad,null,0.0234542785867187,0.666636174393206,0.0003904,21.1001,5258,0.00316535068251219,TRUE,""
ENSG00000165280,VCP,fbg,grey,-0.0141826677922201,0.363302140886898,0.007417,37.455,1389,0.00584343134121436,TRUE,""
ENSG00000165282,PIGO,cad,grey,0.0577819831898693,0.165757617863569,0.0001172,24.2921,4308,0.0062975430636389,TRUE,""
ENSG00000165300,SLITRK5,t2d,grey,-0.167040386115263,0.222939094167741,0.0002931,12.2855,2837,0.0143915965723968,TRUE,""
ENSG00000165392,WRN,fbg,grey,-0.027252001131617,0.250143871274301,0.0002533,30.0455,1765,0.00913113675592855,TRUE,""
ENSG00000165392,WRN,t2d,null,-0.0284368707460352,0.634610556736476,2.796e-09,30.0455,3530,2.80927874731556e-06,TRUE,""
ENSG00000165416,SUGT1,fbg,null,0.00423306462857025,0.897332123936804,0.003591,16.7628,1710,0.00380711763399628,TRUE,""
ENSG00000165417,GTF2A1,t2d,null,0.0313677980054449,0.804581123305239,0.0009692,13.2396,3033,0.00460174161605463,TRUE,""
ENSG00000165458,INPPL1,fbg,grey,0.0360239744687476,0.444446702634924,2.919e-08,25.694,1310,0.000162402714811183,TRUE,""
ENSG00000165490,C11orf82,cad,grey,0.0470091022625754,0.432034892005007,1.69e-05,15.2681,5134,0.00280769255276829,TRUE,""
ENSG00000165490,C11orf82,t2d,null,-0.049145879638147,0.555362566713577,0.0003412,15.2681,3670,0.0040882954581951,TRUE,""
ENSG00000165501,LRR1,cad,grey,0.0207143762050752,0.365591537564832,0.000909,52.3567,3452,0.00457225086420567,TRUE,""
ENSG00000165501,LRR1,t2d,null,0.0167168650076045,0.609273256070766,0.0005449,52.3567,2375,0.00435636752340273,TRUE,""
ENSG00000165507,C10orf10,t2d,grey,-0.297582438114162,0.0546600593303424,0.001591,11.7227,2553,0.0299557395496708,TRUE,""
ENSG00000165511,C10orf25,cad,null,-0.00159986524476437,0.988762560820416,1.91e-06,11.0883,3734,0.00200176445420928,TRUE,""
ENSG00000165511,C10orf25,fbg,null,-0.0047995957342931,0.94021471189421,0.004023,11.0883,1946,0.0048198578351603,TRUE,""
ENSG00000165548,TMEM63C,fbg,null,-0.00103128277243486,0.925307750889347,0.0002794,46.1835,2239,0.00371704150660776,TRUE,""
ENSG00000165630,PRPF18,t2d,grey,-0.123861482907754,0.454612324841824,0.000694,11.8098,4948,0.00670599435689611,TRUE,""
ENSG00000165655,ZNF503,fbg,null,0.000709576815736753,0.955695871316436,0.0009215,45.5844,1445,0.00428830982057294,TRUE,""
ENSG00000165671,NSD1,t2d,grey,0.596368780579951,0.145570414599435,0.003896,4.8495,1126,0.0116890295106592,TRUE,""
ENSG00000165678,GHITM,cad,grey,-0.0544804719689716,0.376734772631607,3.928e-05,32.1181,833,0.000396634297489003,TRUE,""
ENSG00000165682,CLEC1B,cad,null,-0.0137768035078958,0.511663282695868,0.0003213,58.3685,5531,0.00349837981154332,TRUE,""
ENSG00000165685,TMEM52B,t2d,grey,0.150537359568406,0.41786742785345,0.000372,6.7342,3551,0.00837843760813645,TRUE,""
ENSG00000165688,PMPCA,fbg,grey,-0.172820731363662,0.064532234261389,0.0004699,6.2712,1106,0.0228578976418108,TRUE,""
ENSG00000165695,AK8,t2d,null,-0.015918509618212,0.873597250496537,2.519e-05,14.3463,,,FALSE,对齐后仅 0 变异(<10)
ENSG00000165698,C9orf9,t2d,null,0.272868332990597,0.511824124219656,2.519e-05,5.3491,,,FALSE,对齐后仅 0 变异(<10)
ENSG00000165724,ZMYND19,cad,null,0.126164183188067,0.711258997505724,,8.3536,,,FALSE,GWAS 区域无数据
ENSG00000165730,STOX1,cad,grey,0.0459667051110779,0.106974931829809,2.088e-05,81.3446,1157,0.000621551812502279,TRUE,""
ENSG00000165732,DDX21,t2d,null,0.0361150196861784,0.894705134640172,1.248e-07,8.8554,623,0.00685505058708006,TRUE,""
ENSG00000165792,METTL17,t2d,null,0.00496944984192101,0.894565000443449,0.0004196,35.2486,3114,0.0039436390925242,TRUE,""
ENSG00000165863,C10orf82,fbg,null,-0.0676191930539587,0.693310696531825,0.003445,7.223,2006,0.00903633711424074,TRUE,""
ENSG00000165915,SLC39A13,cad,grey,-0.302699436364308,0.0636192624279564,1.897e-06,6.7502,3111,0.00142839389386519,TRUE,""
ENSG00000165917,RAPSN,cad,null,-0.0143118342856888,0.890294922852369,1.897e-06,9.4865,3146,0.000258037654869398,TRUE,""
ENSG00000165923,AGBL2,cad,null,0.029458493313915,0.847501193268095,1.897e-06,9.0636,3699,0.000355988371464517,TRUE,""
ENSG00000165948,IFI27L1,cad,null,-0.00863371598558671,0.666443297771752,8.439e-10,47.4851,5749,2.20045309902967e-06,TRUE,""
ENSG00000165949,IFI27,fbg,null,-0.0056667780730623,0.785062868547559,0.0001168,28.1744,2368,0.00387339204814784,TRUE,""
ENSG00000165996,PTPLA,fbg,null,0.0127332627370825,0.698684565645401,0.002147,16.7429,2261,0.0040047935303765,TRUE,""
ENSG00000166016,ABTB2,cad,null,-0.0148002719408322,0.676922239021379,0.000763,30.0124,5995,0.00291980076915413,TRUE,""
ENSG00000166025,AMOTL1,fbg,null,-0.00171802259348522,0.990613339346548,0.0002126,13.8966,2094,0.0183243954376433,TRUE,""
ENSG00000166035,LIPC,cad,null,-0.0209893511777655,0.668235141795249,7.243e-06,37.869,5167,0.00405956103858735,TRUE,""
ENSG00000166105,GLB1L3,fbg,grey,-0.0558309648085287,0.317310507862914,0.0006696,10.5144,2168,0.0063593761885261,TRUE,""
ENSG00000166128,RAB8B,cad,grey,-0.324583363067868,0.46743017787843,0.0001436,5.9113,4861,0.00957547529745472,TRUE,""
ENSG00000166140,ZFYVE19,fbg,null,0.00337785563097584,0.684558919367902,0.0002523,68.6946,1175,0.00455412020424368,TRUE,""
ENSG00000166147,FBN1,fbg,grey,0.0287925413316251,0.277605418363564,0.00276,23.3046,1717,0.00756286369889353,TRUE,""
ENSG00000166167,BTRC,t2d,null,0.0347677311041657,0.799312244990797,0.0004887,15.3581,201,0.00563408633966551,TRUE,""
ENSG00000166169,POLL,t2d,grey,-0.189280935335861,0.13514487229351,0.0004887,11.9214,310,0.0079480667228878,TRUE,""
ENSG00000166171,DPCD,t2d,grey,0.423861268301351,0.063571609667478,0.0004887,11.2371,314,0.00512813043298076,TRUE,""
ENSG00000166226,CCT2,cad,null,0.0191417517268796,0.773242947954209,3.856e-05,15.7035,5442,0.00184869708371109,TRUE,""
ENSG00000166260,COX11,cad,grey,0.034948638420169,0.280977976266314,5.797e-07,35.143,222,6.5429020794958e-05,TRUE,""
ENSG00000166260,COX11,t2d,null,0.00962353811569872,0.8271246295057,8.068e-06,35.143,178,1.80307735964934e-05,TRUE,""
ENSG00000166266,CUL5,cad,null,0.0224634001398684,0.711706471507654,7.099e-08,39.0746,5010,0.000164366639080726,TRUE,""
ENSG00000166272,WBP1L,t2d,grey,-0.106289095302422,0.182422439451736,0.0009079,16.2861,383,0.00435424970688438,TRUE,""
ENSG00000166275,C10orf32,cad,grey,-0.0358955192207932,0.138138553626745,9.632e-10,79.3827,613,3.07475095043576e-05,TRUE,""
ENSG00000166278,C2,t2d,grey,0.151097958882319,0.409085878336163,3.715e-19,9.4807,998,1.3316104834294e-14,TRUE,""
ENSG00000166321,NUDT13,fbg,grey,-0.0275559384736695,0.355967119733731,0.0005477,37.0265,821,0.0114133221226171,TRUE,""
ENSG00000166340,TPP1,cad,null,0.00676228278357787,0.795927918181723,5.609e-13,45.0399,7138,2.90051351970726e-09,TRUE,""
ENSG00000166359,WDR88,t2d,grey,0.160323110776364,0.182422439451736,5.137e-08,12.2584,3024,0.000408577455760028,TRUE,""
ENSG00000166387,PPFIBP2,fbg,grey,-0.0148827794096615,0.235030456586428,5.144e-07,99.2588,2761,0.00143589951758907,TRUE,""
ENSG00000166398,KIAA0355,cad,null,0.00835115144744395,0.884583528000224,0.0004679,38.5159,4355,0.00581801310539187,TRUE,""
ENSG00000166401,SERPINB8,fbg,grey,-0.0171925568231099,0.202309241991172,0.0005847,58.3665,2527,0.00950084084402089,TRUE,""
ENSG00000166405,RIC3,cad,grey,-0.117338643021421,0.101359571316826,7.785e-06,23.3179,6906,0.011313872546235,TRUE,""
ENSG00000166435,XRRA1,t2d,null,-0.00296740604563823,0.858274230547456,0.0005805,110.7575,2881,0.0041627232520526,TRUE,""
ENSG00000166439,RNF169,cad,grey,-0.0401154775464524,0.292079175875861,5.577e-07,23.7976,4059,0.000406893525803608,TRUE,""
ENSG00000166444,ST5,cad,grey,-0.0868765369525633,0.317310507862914,6.257e-12,10.6542,6001,1.82664006628765e-08,TRUE,""
ENSG00000166452,AKIP1,t2d,grey,0.0343932640530475,0.140048684560218,0.0003753,71.8103,3765,0.00389921788146463,TRUE,""
ENSG00000166471,TMEM41B,t2d,null,0.00019681849074106,0.991774531673497,0.0004632,51.0335,4017,0.00448969701209375,TRUE,""
ENSG00000166483,WEE1,t2d,null,-0.0414801005376434,0.547073936768484,0.0007035,24.0308,4092,0.00490586875593255,TRUE,""
ENSG00000166501,PRKCB,t2d,null,0.0029783274292306,0.928490976066494,0.001308,73.3927,3344,0.00479923558098628,TRUE,""
ENSG00000166503,HDGFRP3,t2d,grey,-0.0539648458620163,0.352250687955077,0.0001225,55.7102,1727,0.0393057076283438,TRUE,""
ENSG00000166508,MCM7,t2d,null,0.0610038226284925,0.582498938257663,4.153e-07,30.422,1649,0.00313072891220234,TRUE,""
ENSG00000166529,ZSCAN21,cad,grey,0.0738775237321268,0.0739560376138907,1.698e-06,23.868,2610,0.00234457070782735,TRUE,""
ENSG00000166546,BEAN1,cad,grey,0.291074611009866,0.0577014590116585,0.0007039,15.2594,4467,0.0363103231238692,TRUE,""
ENSG00000166664,CHRFAM7A,cad,null,0.0183963393912748,0.557232907570128,0.0005087,21.7455,2764,0.00520989183681771,TRUE,""
ENSG00000166736,HTR3A,cad,grey,0.206981855531401,0.141045152484582,1.833e-05,11.2069,5161,0.0105160895113069,TRUE,""
ENSG00000166750,SLFN5,cad,grey,0.0135597172047715,0.351231423953114,0.0002372,76.884,1211,0.0121718844388601,TRUE,""
ENSG00000166750,SLFN5,t2d,null,0.00197232250251222,0.919339446157432,0.0004728,76.884,917,0.060666549272722,TRUE,""
ENSG00000166770,AC004696.2,t2d,grey,-0.06664818423179,0.156854472588338,0.0006306,17.1913,1995,0.0123180839963432,TRUE,""
ENSG00000166780,C16orf45,cad,null,0.0436028718597808,0.520316800507367,5.946e-07,18.3364,2596,0.000660590065797739,TRUE,""
ENSG00000166796,LDHC,t2d,null,0.020766992025018,0.548506235500147,0.001519,75.9624,3926,0.00645182628072299,TRUE,""
ENSG00000166797,FAM96A,cad,null,0.0230718154293285,0.746294336814333,3.895e-08,16.2139,4011,0.000301985300223819,TRUE,""
ENSG00000166800,LDHAL6A,cad,grey,0.365045646571837,0.0801183137276342,0.0006597,6.7946,5640,0.0138189342156027,TRUE,""
ENSG00000166823,MESP1,cad,null,0.00217891735050706,0.94684707139927,9.86e-27,31.7923,3708,0.00271998706175101,TRUE,""
ENSG00000166831,RBPMS2,t2d,null,-0.0272299883887916,0.513825544458124,0.0002841,92.5116,1876,0.00919408433362737,TRUE,""
ENSG00000166845,C18orf54,fbg,grey,0.0403730660099263,0.390133657897216,0.003327,22.0843,1720,0.00910598935626014,TRUE,""
ENSG00000166847,DCTN5,cad,grey,0.0183273355119362,0.229015581254345,2e-04,133.822,5742,0.00368766784144543,TRUE,""
ENSG00000166855,CLPX,cad,null,-0.0536163493620926,0.660953939892624,3.895e-08,8.2845,3663,0.000268223859286438,TRUE,""
ENSG00000166860,ZBTB39,t2d,null,0.109628783613826,0.750091649800551,0.001047,6.9454,1639,0.00783379403117357,TRUE,""
ENSG00000166896,XRCC6BP1,t2d,null,0.00448246474883854,0.790375694602622,0.001463,63.4646,2560,0.00479976765200393,TRUE,""
ENSG00000166896,XRCC6BP1,cad,null,-0.00405556334418725,0.743224552275968,4.918e-09,63.4646,3668,2.2349597634826e-05,TRUE,""
ENSG00000166897,ELFN2,cad,grey,-0.424393587108907,0.114813225892495,0.000155,5.7589,4360,0.0151971344760032,TRUE,""
ENSG00000166908,PIP4K2C,t2d,null,0.0105713965197537,0.91042696974349,0.001463,15.1541,2206,0.00387918389448064,TRUE,""
ENSG00000166927,MS4A7,cad,null,0.010014819744175,0.782654008414754,0.0004562,28.3862,4451,0.00275926485995946,TRUE,""
ENSG00000166928,MS4A14,t2d,grey,-0.0219786984765573,0.333527553519331,0.002863,78.7764,2820,0.00446180701471715,TRUE,""
ENSG00000166974,MAPRE2,cad,grey,0.0838244091181,0.0643135495912274,2.591e-05,31.4276,,,FALSE,对齐后仅 0 变异(<10)
ENSG00000166979,EVA1C,t2d,null,0.0138650836822398,0.774200187925369,0.0002278,41.0193,1209,0.0110009238099362,TRUE,""
ENSG00000166987,MBD6,cad,grey,-0.158241723304949,0.270780981335679,4.918e-09,9.3306,3191,4.37893633316459e-05,TRUE,""
ENSG00000166987,MBD6,fbg,grey,0.0927623895235908,0.22463863892378,0.0007165,9.3306,1279,0.0102769580275622,TRUE,""
ENSG00000167004,PDIA3,cad,grey,0.0688239285441237,0.401632246433539,0.001459,12.1223,2209,0.00461158589983204,TRUE,""
ENSG00000167037,SGSM1,fbg,grey,-0.0320162091395372,0.326892579781518,0.001004,25.2693,1478,0.00960133981468654,TRUE,""
ENSG00000167065,DUSP18,cad,null,0.0159906904845316,0.60227847004513,2.001e-07,90.0398,4313,0.000242774715480265,TRUE,""
ENSG00000167094,TTC16,fbg,grey,-0.0248469330653404,0.125707617716504,0.00318,35.0996,1124,0.0117476914714091,TRUE,""
ENSG00000167100,SAMD14,fbg,grey,0.0706791729438649,0.194528913974972,0.000533,11.2407,1312,0.00975654476359145,TRUE,""
ENSG00000167105,TMEM92,cad,null,-0.0102537581980345,0.787282371350769,1.63e-15,29.4113,171,0.0213431370394389,TRUE,""
ENSG00000167113,COQ4,cad,null,0.326542031431332,0.50952694326248,0.0009675,5.6133,,,FALSE,对齐后仅 0 变异(<10)
ENSG00000167118,URM1,t2d,grey,-0.202112606821674,0.085354288149458,1.354e-05,27.9837,,,FALSE,对齐后仅 0 变异(<10)
ENSG00000167123,CERCAM,cad,null,0.110252361176064,0.846271761861261,0.0009675,5.4316,,,FALSE,对齐后仅 0 变异(<10)
ENSG00000167182,SP2,t2d,null,0.00421031205774479,0.983882216327235,0.002056,8.3254,141,6.57006944899136e-05,TRUE,""
ENSG00000167191,GPRC5B,cad,null,-0.031228168970611,0.923484675856636,1.736e-05,8.6289,5532,0.00481652390314673,TRUE,""
ENSG00000167207,NOD2,t2d,grey,0.0300952430382056,0.165886747660934,0.002687,110.1102,2811,0.010976424032859,TRUE,""
ENSG00000167208,SNX20,cad,null,-0.171802661503067,0.666791563255851,0.0001322,6.4877,4838,0.0108670385157686,TRUE,""
ENSG00000167208,SNX20,fbg,null,0.0424888302641995,0.95297253113014,0.0001364,6.4877,1618,0.0398141093230732,TRUE,""
ENSG00000167220,HDHD2,t2d,null,0.0139427192352756,0.869933709270718,0.001696,35.6474,,,FALSE,对齐后仅 0 变异(<10)
ENSG00000167261,DPEP2,cad,null,0.0104547421715131,0.756298745303894,0.0004551,27.5177,3302,0.00266421586708988,TRUE,""
ENSG00000167264,DUS2L,t2d,grey,0.0211421039994308,0.332834129502409,0.0008627,74.6032,2155,0.00595565230964592,TRUE,""
ENSG00000167286,CD3D,fbg,null,0.018442477486332,0.65672128656377,0.0005425,15.2792,1822,0.00626052502479724,TRUE,""
ENSG00000167291,TBC1D16,cad,null,-0.019097854439019,0.518822668670191,3.156e-05,32.4414,,,FALSE,对齐后仅 0 变异(<10)
ENSG00000167291,TBC1D16,fbg,null,-0.00620680269268118,0.738882680363527,0.001125,32.4414,1832,0.00475742111174095,TRUE,""
ENSG00000167323,STIM1,cad,grey,-0.0715485485142762,0.225085949837533,0.0007019,18.3476,6516,0.00589443791867816,TRUE,""
ENSG00000167323,STIM1,fbg,null,0.0135362118810793,0.671389024011197,3.192e-05,18.3476,2290,0.0032317302783075,TRUE,""
ENSG00000167325,RRM1,fbg,null,0.00478160094456355,0.738882680363527,3.192e-05,47.2686,2516,0.00396626961389107,TRUE,""
ENSG00000167377,ZNF23,t2d,null,0.0027640247454471,0.952534901838573,6.914e-06,31.9177,2627,0.00275805609105721,TRUE,""
ENSG00000167378,IRGQ,fbg,grey,0.0678656675080348,0.41325337549364,0.0003202,6.4636,1459,0.0052002851116897,TRUE,""
ENSG00000167378,IRGQ,t2d,null,0.110595902605686,0.591554054889021,0.0009212,6.4636,2167,0.00523886219788753,TRUE,""
ENSG00000167394,ZNF668,fbg,null,-0.00379103444424266,0.778518657215875,0.007129,43.5068,569,0.00503675865277543,TRUE,""
ENSG00000167528,ZNF641,t2d,grey,0.0738103167644167,0.0673053400273079,4.223e-06,116.4093,2755,0.00523564306610503,TRUE,""
ENSG00000167528,ZNF641,cad,grey,-0.0313768553047115,0.308004813057859,4.614e-05,116.4093,4111,0.00228901448548558,TRUE,""
ENSG00000167535,CACNB3,t2d,grey,0.0341098962584174,0.362352761244011,3.342e-07,48.1071,2226,0.00752122837628124,TRUE,""
ENSG00000167536,DHRS13,t2d,null,-0.00814636354039012,0.92339838633312,0.002609,21.7365,146,2.75332445084271e-05,TRUE,""
ENSG00000167595,C19orf55,t2d,null,-0.0261838890061047,0.931693545566772,1.012e-05,7.4456,1831,0.00302951545440172,TRUE,""
ENSG00000167634,NLRP7,cad,grey,0.0971456725275481,0.468981059723151,4.205e-06,7.6556,4815,0.00286083621208392,TRUE,""
ENSG00000167637,ZNF283,t2d,null,-0.107609851549045,0.577731712443528,1.27e-05,8.0012,2323,0.00498970988738333,TRUE,""
ENSG00000167641,PPP1R14A,t2d,grey,0.0561171199854433,0.269832541889272,0.0003942,30.3924,2709,0.00750778826721344,TRUE,""
ENSG00000167645,YIF1B,cad,grey,0.0260837936703315,0.484680040754928,1.651e-05,47.9372,4302,0.0104433387670966,TRUE,""
ENSG00000167680,SEMA6B,fbg,null,0.112649760696666,0.759694222703075,0.005244,6.8908,1141,0.0193645909874618,TRUE,""
ENSG00000167711,SERPINF2,cad,null,-0.00225484627065375,0.921462580014784,4.112e-17,42.2592,5887,6.41698737930395e-13,TRUE,""
ENSG00000167769,ACER1,fbg,null,0.02324489298279,0.723213982794208,0.0002912,10.1116,1367,0.00559499174707741,TRUE,""
ENSG00000167770,OTUB1,t2d,null,-0.0240203339621652,0.948321445737026,2.221e-06,9.7976,1808,0.00438987319770321,TRUE,""
ENSG00000167775,CD320,t2d,grey,0.117168013340181,0.32610872489296,0.0006088,31.261,1820,0.0163806291124294,TRUE,""
ENSG00000167780,SOAT2,fbg,grey,-0.0660907438384931,0.0574331196320036,0.0008486,20.4517,2234,0.0276658421041929,TRUE,""
ENSG00000167797,CDK2AP2,cad,null,-0.133006076646995,0.703945415151674,3.001e-05,6.9473,2981,0.00814163876222297,TRUE,""
ENSG00000167799,NUDT8,t2d,grey,-0.545555204553204,0.0700045567116686,0.007666,5.9506,1060,0.0180097300160096,TRUE,""
ENSG00000167840,ZNF232,cad,grey,0.075346068443223,0.343736364253884,8.33e-05,20.9142,6149,0.00765684342414686,TRUE,""
ENSG00000167851,CD300A,cad,null,-0.0144639011714659,0.785062868547559,0.0016,40.2706,,,FALSE,对齐后仅 0 变异(<10)
ENSG00000167861,HID1,cad,grey,-0.19413927901864,0.0554600886277371,5.543e-05,9.1917,,,FALSE,对齐后仅 0 变异(<10)
ENSG00000167863,ATP5H,fbg,null,0.0010016364039308,0.968093126294339,0.001944,15.9988,1361,0.00616604495007096,TRUE,""
ENSG00000167874,TMEM88,t2d,grey,-0.20367229070046,0.066005864906583,0.0007091,15.8768,2071,0.02337252832165,TRUE,""
ENSG00000167904,TMEM68,fbg,null,0.0275115919629057,0.600411028614905,8.55e-05,14.234,1995,0.00526753077076128,TRUE,""
ENSG00000167912,RP11-25K19.1,t2d,null,-0.0111331772064427,0.848935998880548,1.749e-05,26.9387,1827,0.00294634385425649,TRUE,""
ENSG00000167972,ABCA3,fbg,grey,-0.194228145266127,0.101763504951258,0.001245,13.0556,1096,0.0456029385374391,TRUE,""
ENSG00000167972,ABCA3,cad,null,-0.0582684435798381,0.552909077394367,1.83e-07,13.0556,4647,0.000418880609872735,TRUE,""
ENSG00000168003,SLC3A2,t2d,grey,-0.296959782309399,0.262899084716929,2.877e-05,6.1739,2540,0.00770491668555555,TRUE,""
ENSG00000168003,SLC3A2,fbg,grey,-0.175869385639547,0.108435903410357,0.0003106,6.1739,1159,0.0159399299414793,TRUE,""
ENSG00000168004,HRASLS5,t2d,null,-0.0211498738144807,0.841480581121794,2.221e-06,8.8998,1829,0.00160003730023289,TRUE,""
ENSG00000168014,C2CD3,t2d,grey,0.250571872148509,0.17825290619606,1.02e-17,7.4136,2708,8.18715016099519e-10,TRUE,""
ENSG00000168040,FADD,t2d,null,0.0025485778188654,0.949534671480319,0.0006526,34.8569,2452,0.00377029528001244,TRUE,""
ENSG00000168056,LTBP3,cad,null,-0.0165796820052274,0.621906120018,2.291e-11,41.1803,3041,1.16332260142303e-07,TRUE,""
ENSG00000168060,NAALADL1,fbg,grey,-0.0279764732745471,0.182422439451736,0.003257,26.6886,990,0.00961025958592688,TRUE,""
ENSG00000168118,RAB4A,t2d,grey,-0.0559724849470354,0.414447545405588,1.864e-09,20.6914,2640,2.40264307449856e-05,TRUE,""
ENSG00000168118,RAB4A,fbg,grey,0.0299571046195401,0.235030456586428,0.001227,20.6914,1472,0.00944287623524325,TRUE,""
ENSG00000168152,THAP9,fbg,grey,-0.171315732704976,0.107155507032273,0.0005935,6.0263,1657,0.0158989485789444,TRUE,""
ENSG00000168172,HOOK3,t2d,grey,-1.2910701277474,0.126884950779664,0.0006104,5.2646,2397,0.126302387460739,TRUE,""
ENSG00000168229,PTGDR,t2d,null,-0.0102114394198287,0.694128620182635,1.514e-05,63.5038,3296,0.00357191090179297,TRUE,""
ENSG00000168237,GLYCTK,t2d,grey,0.0243563583477059,0.47015786285767,6.238e-08,50.4891,1767,9.46126430079684e-05,TRUE,""
ENSG00000168237,GLYCTK,fbg,null,0.00889943862704639,0.539940330191881,0.0003896,50.4891,850,0.00383022021466,TRUE,""
ENSG00000168246,UBTD2,cad,null,0.0841597617049444,0.649436283726755,0.0005802,8.4601,3978,0.00425658130823682,TRUE,""
ENSG00000168260,C14orf183,t2d,null,0.0553114979285514,0.529869571302304,2.446e-05,14.0111,2674,0.00456767235912928,TRUE,""
ENSG00000168269,FOXI1,cad,null,0.0688994657205632,0.652202736613936,0.0001875,7.9511,4978,0.00336923149882489,TRUE,""
ENSG00000168273,SMIM4,t2d,null,-0.0591337286085765,0.708179885309606,6.238e-08,14.9108,2012,0.000166534693673341,TRUE,""
ENSG00000168288,MMADHC,t2d,grey,0.215701487567054,0.182422439451736,2.783e-05,16.78,1892,0.0107782442028023,TRUE,""
ENSG00000168288,MMADHC,cad,null,0.0626230125194674,0.607052248071005,0.0001311,16.78,2955,0.00380443142409038,TRUE,""
ENSG00000168297,PXK,fbg,null,0.00877871419568582,0.585440934568927,3.039e-05,33.4469,1470,0.00465912926321717,TRUE,""
ENSG00000168385,SEPT2,fbg,null,-0.00753049592574827,0.522895216724075,0.0001751,103.6091,1011,0.00693585838399395,TRUE,""
ENSG00000168386,FILIP1L,fbg,grey,0.139060258946802,0.369958168208807,0.0001092,6.6377,1854,0.00863992900080069,TRUE,""
ENSG00000168405,CMAHP,fbg,null,-0.000413317962094549,0.958025455470674,4.732e-05,76.481,2603,0.00370685500676118,TRUE,""
ENSG00000168461,RAB31,t2d,grey,0.0400786092356124,0.289034989408595,0.0005088,39.0122,4536,0.00668120260247667,TRUE,""
ENSG00000168461,RAB31,cad,null,-0.012296846015472,0.647220356947693,0.0002073,39.0122,7221,0.00287173806129388,TRUE,""
ENSG00000168476,REEP4,cad,grey,0.0362376924731734,0.261883181151682,1.044e-11,46.7699,5496,3.91272515259601e-08,TRUE,""
ENSG00000168497,SDPR,cad,null,-0.00699878408647023,0.950930384556175,0.00138,10.0994,1979,0.00315506015983122,TRUE,""
ENSG00000168522,FNTA,cad,null,-0.0684149141421931,0.714474277651148,0.00117,7.3311,3579,0.00413371101346276,TRUE,""
ENSG00000168528,SERINC2,fbg,null,0.00124770008362834,0.922905718287002,0.000104,42.6499,1411,0.00371894665453988,TRUE,""
ENSG00000168566,SNRNP48,fbg,null,0.000786732246132588,0.968718427417968,4.332e-06,43.1638,2677,0.00443561084669852,TRUE,""
ENSG00000168575,SLC20A2,t2d,grey,0.0671668903786565,0.0779848563822661,3.159e-22,34.2435,2647,1.46105336632277e-17,TRUE,""
ENSG00000168575,SLC20A2,fbg,grey,-0.0219126025348809,0.13784315525934,0.001998,34.2435,1030,0.0112879837390735,TRUE,""
ENSG00000168591,TMUB2,fbg,null,0.0203763908603874,0.668235141795249,0.002502,13.1034,1079,0.00464842109333965,TRUE,""
ENSG00000168594,ADAM29,t2d,grey,0.105504826325698,0.419534609348899,0.001294,10.9218,1871,0.005795652380226,TRUE,""
ENSG00000168653,NDUFS5,fbg,grey,-0.00725114451081556,0.401632246433539,0.0002863,71.6482,1513,0.00808455662992834,TRUE,""
ENSG00000168653,NDUFS5,cad,null,-0.0044622427758865,0.786247641141202,9.106e-06,71.6482,3727,0.00248108563775447,TRUE,""
ENSG00000168661,ZNF30,t2d,null,0.0178318260239666,0.650197114470759,1.012e-05,37.057,2051,0.00459586003891208,TRUE,""
ENSG00000168672,FAM84B,t2d,null,0.0322910708117193,0.510461244989542,3.95e-07,57.2419,2002,0.00287025881523794,TRUE,""
ENSG00000168675,LDLRAD4,t2d,grey,-0.0887291412252696,0.0998523980900194,0.00468,23.4833,3536,0.0150971363588113,TRUE,""
ENSG00000168685,IL7R,fbg,grey,0.0147113302601416,0.489894777830357,0.0001212,34.8508,2131,0.00492143304678081,TRUE,""
ENSG00000168710,AHCYL1,t2d,null,-0.0497210672072403,0.734002760778089,2.834e-06,12.5299,2224,0.00303676518112621,TRUE,""
ENSG00000168724,DNAJC21,t2d,grey,0.0958841755299475,0.160002458706997,1.287e-05,20.5931,4254,0.00563701092747334,TRUE,""
ENSG00000168724,DNAJC21,fbg,grey,-0.0319613918433159,0.232654673754248,0.0001212,20.5931,1897,0.00719558685083538,TRUE,""
ENSG00000168754,FAM178B,t2d,null,0.061813278636596,0.793394868265903,0.0002378,6.3232,838,0.00432847431387379,TRUE,""
ENSG00000168765,GSTM4,fbg,grey,-0.0100700930450401,0.122865441229318,0.001876,88.2507,1635,0.0133467849384936,TRUE,""
ENSG00000168792,ABHD15,t2d,grey,0.042884216824823,0.176807784123209,0.002609,45.5544,186,0.00747706609454414,TRUE,""
ENSG00000168795,ZBTB5,fbg,grey,-0.0488158422627587,0.331753366775936,0.00309,12.0307,1902,0.00631636694917298,TRUE,""
ENSG00000168824,NSG1,t2d,null,-0.00312674622127937,0.829619285835578,1.918e-05,108.4076,3302,0.0013007987937961,TRUE,""
ENSG00000168826,ZBTB49,cad,null,-0.00865812818285304,0.802587348634153,2.352e-07,30.3495,6606,0.000396386272372831,TRUE,""
ENSG00000168878,SFTPB,cad,grey,-0.0692837643122901,0.325582413807624,1.813e-23,14.5919,5039,6.53800563039476e-20,TRUE,""
ENSG00000168883,USP39,fbg,grey,0.0133493595915331,0.342764082783861,0.0003968,50.8219,1750,0.00924072617385917,TRUE,""
ENSG00000168890,TMEM150A,t2d,null,-0.00803505652974811,0.949105759830423,0.0006453,13.2213,3640,0.00442930843963293,TRUE,""
ENSG00000168894,RNF181,t2d,grey,-0.133397057982933,0.344027943080483,0.0006453,7.0731,3637,0.00659960727881922,TRUE,""
ENSG00000168894,RNF181,cad,grey,-0.166746322478667,0.105738681329251,1.813e-23,7.0731,5057,9.82530461888697e-09,TRUE,""
ENSG00000168894,RNF181,fbg,null,-0.0106111296122788,0.845827892312862,0.0003968,7.0731,1762,0.00435402027901572,TRUE,""
ENSG00000168904,LRRC28,cad,grey,0.0626719160538414,0.190733870767433,4.379e-05,40.9661,5492,0.00735756201319913,TRUE,""
ENSG00000168913,ENHO,fbg,null,0.00290927267924874,0.97582537985171,0.003941,5.5273,1377,0.00401425298926051,TRUE,""
ENSG00000168958,MFF,t2d,null,-0.00621404510350418,0.899271023823828,2.794e-08,28.6267,2917,0.000154583052030214,TRUE,""
ENSG00000168970,JMJD7-PLA2G4B,cad,null,-0.0449258735903242,0.562624686915214,4.326e-07,5.2785,3898,0.00977967027583074,TRUE,""
ENSG00000168995,SIGLEC7,fbg,grey,-0.0375645234266176,0.217740662761456,0.001116,20.6735,1915,0.0104707086131362,TRUE,""
ENSG00000168995,SIGLEC7,cad,null,0.0113402334872808,0.793093953356308,0.0008115,20.6735,5303,0.00288571010624789,TRUE,""
ENSG00000169018,FEM1B,cad,null,0.0555952098710102,0.578514721507944,0.002069,11.1704,3937,0.00341685263432858,TRUE,""
ENSG00000169047,IRS1,cad,null,0.00644929132170201,0.871864744932721,8.235e-06,26.3111,3823,0.0057889672243826,TRUE,""
ENSG00000169071,ROR2,t2d,grey,0.209281952266196,0.143353956720821,1.151e-08,25.3668,,,FALSE,对齐后仅 0 变异(<10)
ENSG00000169071,ROR2,fbg,grey,0.0620869791723047,0.333348455410026,0.0002433,25.3668,2001,0.0145820687489602,TRUE,""
ENSG00000169118,CSNK1G1,t2d,grey,-0.0795493947496167,0.333710695743566,5.545e-10,25.9562,2370,4.32420999762507e-06,TRUE,""
ENSG00000169118,CSNK1G1,fbg,null,-0.0205731193317974,0.514288986716092,0.0003134,25.9562,1147,0.00634537654143471,TRUE,""
ENSG00000169122,FAM110B,fbg,grey,0.0660253360534783,0.13784315525934,0.0008507,12.4013,2331,0.0108913624579498,TRUE,""
ENSG00000169155,ZBTB43,t2d,null,-0.0036976578980348,0.974539921301469,0.0002159,14.4142,,,FALSE,对齐后仅 0 变异(<10)
ENSG00000169220,RGS14,fbg,null,-0.0116390353510435,0.753304047285912,0.001176,16.8227,1078,0.00426998138472803,TRUE,""
ENSG00000169231,THBS3,cad,grey,-0.0146913423613905,0.476750625768757,6.693e-15,75.7161,3205,1.59171033904026e-10,TRUE,""
ENSG00000169231,THBS3,fbg,null,0.00794126614129217,0.531971058097401,0.002818,75.7161,921,0.0116006411372891,TRUE,""
ENSG00000169245,CXCL10,fbg,grey,-0.0288724498643147,0.205274503664272,0.00309,23.2591,1844,0.0079130190648872,TRUE,""
ENSG00000169245,CXCL10,cad,null,0.0106372183710633,0.805981023569994,1.637e-10,23.2591,3468,1.67761584295723e-06,TRUE,""
ENSG00000169251,NMD3,cad,null,-0.00154883880915067,0.960775588379686,0.0003685,23.1259,4342,0.00280709378945335,TRUE,""
ENSG00000169258,GPRIN1,fbg,grey,0.0385268617663371,0.137583964946946,0.001176,21.0077,1004,0.0116835261638125,TRUE,""
ENSG00000169313,P2RY12,cad,grey,-0.0723984429790675,0.109598583399116,5.217e-05,23.463,4833,0.00952430720537128,TRUE,""
ENSG00000169371,SNUPN,cad,grey,-0.0409503095872068,0.131570777772524,1.066e-05,39.8315,2945,0.012139291162948,TRUE,""
ENSG00000169385,RNASE2,cad,null,-0.0132549914735901,0.6467129796159,0.0002985,57.7681,5406,0.0118478666165381,TRUE,""
ENSG00000169397,RNASE3,cad,null,-0.0134948975304463,0.6467129796159,0.0002985,50.4037,5250,0.0118686462177379,TRUE,""
ENSG00000169410,PTPN9,cad,grey,-0.315628167398649,0.0780853899368555,3.717e-05,6.2597,2930,0.011983606454268,TRUE,""
ENSG00000169429,IL8,t2d,null,-0.0346427946069676,0.690089082072019,3.361e-06,28.5201,1616,0.00831715244220168,TRUE,""
ENSG00000169429,IL8,fbg,null,-0.020345768261235,0.612260551190215,0.0001044,28.5201,1430,0.00954939187918654,TRUE,""
ENSG00000169432,SCN9A,t2d,grey,0.058811313410923,0.0881705162959529,0.0003778,43.6892,2863,0.00507179353814084,TRUE,""
ENSG00000169432,SCN9A,fbg,grey,-0.0172454227295188,0.208368424819709,0.0004711,43.6892,1858,0.00890573965921935,TRUE,""
ENSG00000169435,RASSF6,fbg,grey,0.0678087208742323,0.445083972938247,0.0001044,21.1871,1433,0.0166519825456506,TRUE,""
ENSG00000169439,SDC2,fbg,null,0.00763488450262239,0.871864744932721,0.0001498,11.6561,1922,0.00428231337155963,TRUE,""
ENSG00000169490,TM2D2,cad,grey,0.0400104439733563,0.300910532935171,0.000509,26.6437,3501,0.00462877362573549,TRUE,""
ENSG00000169504,CLIC4,t2d,null,-0.0139807850586782,0.770183536019218,3.757e-06,32.9082,1987,0.00451241005377192,TRUE,""
ENSG00000169504,CLIC4,fbg,null,-0.0268861251128428,0.617075077451974,0.000818,32.9082,1235,0.0131434064664081,TRUE,""
ENSG00000169567,HINT1,t2d,null,0.0188885438683711,0.887849686162036,0.003925,20.86,1810,0.0111682518750063,TRUE,""
ENSG00000169570,DTWD2,fbg,null,-0.013074545737724,0.674956824198369,0.003935,17.6378,1893,0.00417484483630174,TRUE,""
ENSG00000169598,DFFB,fbg,grey,-0.0634090025505035,0.258884225947615,0.0005946,9.7914,2317,0.00760798588136617,TRUE,""
ENSG00000169621,APLF,cad,null,-0.0781293554228348,0.736532607191453,4.329e-06,8.0596,5088,0.00288455916067051,TRUE,""
ENSG00000169635,HIC2,fbg,null,0.0280790248215207,0.731034305380085,0.0002249,6.9604,1484,0.00428214211291023,TRUE,""
ENSG00000169692,AGPAT2,cad,null,-0.055590482656959,0.652003680990715,,11.5572,,,FALSE,GWAS 区域无数据
ENSG00000169733,RFNG,cad,null,-0.00472447028705554,0.972958244759335,0.0001852,6.6195,,,FALSE,对齐后仅 0 变异(<10)
ENSG00000169738,DCXR,cad,null,-0.00326434327069179,0.86043207594678,0.0001852,74.0522,,,FALSE,对齐后仅 0 变异(<10)
ENSG00000169752,NRG4,fbg,grey,-0.284657547533763,0.172682041418748,0.002266,4.9094,977,0.0342819916441026,TRUE,""
ENSG00000169756,LIMS1,cad,grey,0.269518794304577,0.164580351486275,8.538e-05,5.3867,3628,0.00683282685502542,TRUE,""
ENSG00000169813,HNRNPF,fbg,null,0.010072373732359,0.702199590874297,9.468e-05,22.932,2181,0.00428342244821958,TRUE,""
ENSG00000169826,CSGALNACT2,t2d,grey,0.0587334646623978,0.44748452032444,5.02e-06,14.0409,4031,0.00262660662383171,TRUE,""
ENSG00000169855,ROBO1,cad,null,0.0296001960509733,0.734394503436344,0.007875,11.4256,4840,0.00277979180301284,TRUE,""
ENSG00000169877,AHSP,t2d,grey,0.134580004536405,0.16095432166643,1.523e-05,19.8395,1058,0.0110118046120093,TRUE,""
ENSG00000169884,WNT10B,cad,grey,0.0699496010643392,0.317310507862914,7.484e-05,14.5045,3535,0.00268059066116887,TRUE,""
ENSG00000169908,TM4SF1,cad,grey,0.133117899113403,0.0593966462442372,0.000148,14.2404,5246,0.0143998401988638,TRUE,""
ENSG00000169918,OTUD7A,fbg,null,-0.0338254945747334,0.649436283726755,0.003991,7.803,1225,0.00440217824392253,TRUE,""
ENSG00000169926,KLF13,cad,null,0.052238775779105,0.515692221611729,0.0009961,13.264,3696,0.00375477666953226,TRUE,""
ENSG00000169972,PUSL1,cad,null,0.0330393268896789,0.667195641190915,2.571e-07,15.2795,2384,0.000897044217941339,TRUE,""
ENSG00000169992,NLGN2,cad,null,0.103703111126634,0.581619684639375,0.0002708,9.189,5448,0.00499153431131442,TRUE,""
ENSG00000169994,MYO7B,cad,grey,-0.0530665557393107,0.173176121354355,8.784e-06,26.3596,3531,0.00456547948776667,TRUE,""
ENSG00000170011,MYRIP,fbg,null,0.00777429119445882,0.900523550339774,0.002521,8.7622,1661,0.00406553819198409,TRUE,""
ENSG00000170035,UBE2E3,t2d,grey,-0.127454832870121,0.178680919493138,0.000485,15.5102,1917,0.00965788725414657,TRUE,""
ENSG00000170049,KCNAB3,fbg,grey,-0.0223910170553243,0.453254704753736,0.001727,21.3335,1250,0.00550946748400701,TRUE,""
ENSG00000170085,SIMC1,cad,grey,0.0672813390973352,0.259843728464039,0.0007366,19.0153,2982,0.0061112919688976,TRUE,""
ENSG00000170085,SIMC1,t2d,null,-0.0412098201971178,0.627571000048828,6.133e-05,19.0153,1454,0.00421393502559853,TRUE,""
ENSG00000170128,GPR25,cad,null,0.0375938066049791,0.583426134426407,1.769e-08,16.0689,6103,0.000118892433912056,TRUE,""
ENSG00000170185,USP38,fbg,null,-0.00429132939259223,0.871178155583461,0.003293,24.887,1319,0.00413075357266662,TRUE,""
ENSG00000170191,NANP,t2d,grey,-0.0577692666141085,0.0763693458268968,0.004102,42.9331,2875,0.0173644004299238,TRUE,""
ENSG00000170209,ANKK1,fbg,null,0.00168248326968883,0.949105759830423,0.0001673,31.7388,2372,0.00525672697650458,TRUE,""
ENSG00000170231,FABP6,t2d,null,0.14054386695227,0.740655124332731,0.007621,5.727,2816,0.00800687864468802,TRUE,""
ENSG00000170231,FABP6,fbg,null,-0.104660326453818,0.559668927199412,0.0001104,5.727,2031,0.00833537570980476,TRUE,""
ENSG00000170248,PDCD6IP,t2d,null,-0.00659832519075005,0.813467545487738,0.0002309,57.2979,3495,0.00415307220838666,TRUE,""
ENSG00000170248,PDCD6IP,fbg,null,0.00314205961464288,0.768668006560809,0.001736,57.2979,1512,0.00780183359554949,TRUE,""
ENSG00000170260,ZNF212,t2d,null,0.00897431229150269,0.819764330638924,9.227e-05,35.7019,2622,0.0036513010324243,TRUE,""
ENSG00000170260,ZNF212,fbg,null,0.00448715614575135,0.778518657215875,0.0002164,35.7019,1409,0.00391796397371977,TRUE,""
ENSG00000170264,FAM161A,t2d,null,-0.0684354821838533,0.862245866807126,0.003666,6.8503,2430,0.0106937787131604,TRUE,""
ENSG00000170266,GLB1,cad,grey,0.0851920907686011,0.127911874878751,0.0004607,21.2009,5852,0.00866754283618352,TRUE,""
ENSG00000170271,C5orf4,fbg,null,-0.0052748048384125,0.561479628322256,0.0004241,58.2023,2102,0.00383765951182876,TRUE,""
ENSG00000170364,SETMAR,t2d,null,0.087384250793782,0.544474508963011,0.001159,25.74,4800,0.0090784232934981,TRUE,""
ENSG00000170364,SETMAR,fbg,null,0.0209722201905077,0.810330256604408,0.0001321,25.74,2740,0.0114357690038306,TRUE,""
ENSG00000170365,SMAD1,t2d,grey,-0.182000881445571,0.142007972959867,0.003392,11.345,1649,0.0108318156933321,TRUE,""
ENSG00000170430,MGMT,fbg,null,-0.00179814259825277,0.754660563059686,0.0002695,97.7871,2676,0.00391122625072584,TRUE,""
ENSG00000170473,WIBG,fbg,null,-0.00985282512753234,0.880764615259515,0.0007165,9.4029,1177,0.00485374681984981,TRUE,""
ENSG00000170485,NPAS2,fbg,grey,0.0573647951134792,0.373130382664481,0.0005498,17.5793,1983,0.010924664115566,TRUE,""
ENSG00000170500,LONRF2,t2d,grey,-0.0979662982369644,0.323475119098362,0.0004319,13.8203,2990,0.00600463527711922,TRUE,""
ENSG00000170540,ARL6IP1,cad,null,-0.0063218995389615,0.836090649580926,0.0002745,32.2978,3873,0.00270285687465896,TRUE,""
ENSG00000170542,SERPINB9,cad,null,0.013295315283987,0.529629670287596,0.000163,50.9799,6573,0.00348852113861965,TRUE,""
ENSG00000170604,IRF2BP1,fbg,null,-0.0545686404221683,0.729227098416628,2.253e-05,5.8206,1145,0.0054023377343534,TRUE,""
ENSG00000170629,DPY19L2P2,cad,null,0.0522642792519462,0.807306380150854,0.00045,12.8657,3204,0.00773504437649536,TRUE,""
ENSG00000170632,ARMC10,cad,null,0.0410926103685079,0.812268919201515,0.0003996,8.0854,3051,0.00376631982781116,TRUE,""
ENSG00000170677,SOCS6,cad,null,-0.0481604230321742,0.653635135144609,0.001345,8.5496,,,FALSE,对齐后仅 0 变异(<10)
ENSG00000170684,ZNF296,cad,grey,0.185615366103042,0.33399329651116,2.135e-35,5.0409,4120,0.00109796552601692,TRUE,""
ENSG00000170791,CHCHD7,cad,null,0.0353124277715201,0.59710278471826,0.002926,18.4533,3315,0.00384852393424145,TRUE,""
ENSG00000170832,USP32,fbg,grey,-0.425172777850838,0.0871685914322744,0.01847,4.8795,692,0.0334058133623509,TRUE,""
ENSG00000170835,CEL,cad,grey,-0.0946836593219788,0.118920179211572,1.09e-05,16.4887,,,FALSE,对齐后仅 0 变异(<10)
ENSG00000170846,AC093323.3,cad,null,-0.0201062991110824,0.614069193807047,0.0007186,44.3532,8410,0.00592364038063582,TRUE,""
ENSG00000170854,MINA,cad,grey,0.094885118881177,0.151149261231948,0.0006772,16.6395,4098,0.0080570920508886,TRUE,""
ENSG00000170854,MINA,t2d,null,0.0394466224562197,0.667026480534161,0.01485,16.6395,2903,0.00453313153812125,TRUE,""
ENSG00000170871,KIAA0232,fbg,null,0.0174285234711576,0.640738381802541,4.359e-05,28.5968,2391,0.00689297182879629,TRUE,""
ENSG00000170873,MTSS1,t2d,null,-0.0143552438085224,0.680511892901687,6.06e-06,45.3349,2004,0.00429393117334961,TRUE,""
ENSG00000170899,GSTA4,cad,null,0.0235674111646945,0.57987218409371,3.114e-05,23.271,5956,0.00210529071748925,TRUE,""
ENSG00000170954,ZNF415,fbg,null,0.00259619030950089,0.886403006367064,0.001442,47.9934,1825,0.005449061684687,TRUE,""
ENSG00000170955,PRKCDBP,fbg,null,-0.00492886295181725,0.744741090227158,0.0007164,65.5813,3211,0.00565915734316195,TRUE,""
ENSG00000171033,PKIA,cad,null,0.0164338552142238,0.548506235500147,0.0002474,80.2238,2887,0.00354297236394275,TRUE,""
ENSG00000171044,XKR6,fbg,grey,0.0196967632608553,0.472294969945709,0.0006266,20.7464,2933,0.00476303517936152,TRUE,""
ENSG00000171097,CCBL1,cad,null,-0.0331046752118359,0.518822668670191,0.001032,21.3375,,,FALSE,对齐后仅 0 变异(<10)
ENSG00000171109,MFN1,cad,null,-0.0282201180568604,0.645904258226149,0.0009638,42.6886,4501,0.00721380268317665,TRUE,""
ENSG00000171115,GIMAP8,t2d,grey,0.0548119467630512,0.122514753054031,6.489e-05,39.6191,2372,0.0103461200546278,TRUE,""
ENSG00000171115,GIMAP8,fbg,null,0.00404350426940541,0.771569465555293,0.0009979,39.6191,1448,0.00384455242226575,TRUE,""
ENSG00000171121,KCNMB3,cad,null,0.0737223667143205,0.543115774987961,0.0009638,9.933,4376,0.00491429940687935,TRUE,""
ENSG00000171148,TADA3,fbg,null,0.0102870224018793,0.551684329116147,0.0008667,43.4948,2023,0.00605356905458094,TRUE,""
ENSG00000171150,SOCS5,t2d,null,-0.0177010940130125,0.875539211578405,0.0003009,13.0617,4036,0.00367078475502816,TRUE,""
ENSG00000171159,C9orf16,t2d,null,-0.0476355183111716,0.650994566520519,0.0008263,14.1719,,,FALSE,对齐后仅 0 变异(<10)
ENSG00000171208,NETO2,cad,grey,-0.518324089637173,0.108644295603582,0.009884,7.6032,1546,0.018323710431475,TRUE,""
ENSG00000171219,CDC42BPG,cad,null,0.0584149759442943,0.655848516614694,2.776e-11,8.3529,2927,3.82730673858626e-07,TRUE,""
ENSG00000171291,ZNF439,t2d,grey,-0.0767554344511941,0.329357006541483,5.394e-06,25.2331,2388,0.00315590866766559,TRUE,""
ENSG00000171320,ESCO2,fbg,null,-0.0400194598343568,0.698684565645401,1.424e-06,4.8913,2435,0.00456646430679451,TRUE,""
ENSG00000171368,TPPP,fbg,grey,-0.0514616163625184,0.239994715798025,0.001713,15.976,1094,0.0086482124103137,TRUE,""
ENSG00000171368,TPPP,cad,null,0.0186137761311237,0.818301791692596,1.628e-05,15.976,4621,0.00337941035108001,TRUE,""
ENSG00000171408,PDE7B,t2d,grey,-0.182520852709907,0.272910088317559,3.936e-05,8.8575,1692,0.00543052140775203,TRUE,""
ENSG00000171421,MRPL36,t2d,grey,0.0183552743549394,0.317310507862914,1.262e-05,34.9218,3441,0.00574925543456284,TRUE,""
ENSG00000171421,MRPL36,fbg,grey,-0.0100954008952167,0.169131444702671,0.001503,34.9218,2396,0.00936440214954565,TRUE,""
ENSG00000171428,NAT1,cad,grey,0.129056019956474,0.0955807045456294,4.598e-09,13.0554,9611,2.97753642725321e-05,TRUE,""
ENSG00000171488,LRRC8C,t2d,grey,-0.0278105134872319,0.368120250693519,0.003181,57.3466,2195,0.0152986531136072,TRUE,""
ENSG00000171488,LRRC8C,fbg,null,-0.00270379992236976,0.821351959007176,0.0003532,57.3466,1650,0.00384060327242817,TRUE,""
ENSG00000171497,PPID,t2d,grey,-0.262966538498267,0.156014309112822,0.004679,8.2012,1696,0.0102956368040187,TRUE,""
ENSG00000171497,PPID,cad,grey,-0.256500148207326,0.054939442232871,2.651e-05,8.2012,2445,0.0123696178314471,TRUE,""
ENSG00000171517,LPAR3,cad,grey,0.0237891038040958,0.455648238135702,0.0007501,34.4678,4495,0.00405402390809967,TRUE,""
ENSG00000171574,ZNF584,t2d,grey,0.0641990066156922,0.269045576986181,0.05163,29.1126,981,0.00720722475415114,TRUE,""
ENSG00000171574,ZNF584,fbg,null,0.00672561021688204,0.766239544861786,0.001716,29.1126,791,0.00473032922727555,TRUE,""
ENSG00000171617,ENC1,t2d,grey,-0.0181516589364611,0.338433537969168,0.0001562,112.8807,2825,0.0124966190398163,TRUE,""
ENSG00000171649,ZIK1,cad,grey,-0.0580277926407514,0.196938679952046,0.0005571,22.4889,4081,0.00664009275214386,TRUE,""
ENSG00000171649,ZIK1,fbg,null,0.0152322955681973,0.536808016981021,0.001451,22.4889,1534,0.00489986087411967,TRUE,""
ENSG00000171735,CAMTA1,t2d,grey,0.0603023830572566,0.283976771750912,2.626e-06,30.9938,3231,0.0054683666208594,TRUE,""
ENSG00000171735,CAMTA1,cad,null,0.00861462615103666,0.832678459363729,0.0001354,30.9938,5372,0.00316535561212117,TRUE,""
ENSG00000171763,SPATA5L1,fbg,grey,-0.00716938872378636,0.166863357885141,0.0006507,116.9899,1355,0.00937533848016109,TRUE,""
ENSG00000171766,GATM,cad,grey,0.0145626146242179,0.365591537564832,0.001267,70.1172,3844,0.00483525440517816,TRUE,""
ENSG00000171790,SLFNL1,fbg,grey,0.171138803613186,0.294279159891131,0.007063,8.6269,1725,0.0169076877345041,TRUE,""
ENSG00000171790,SLFNL1,cad,null,0.0198998608852542,0.941811925991299,5.64e-05,8.6269,4443,0.00598231608481703,TRUE,""
ENSG00000171793,CTPS1,cad,null,0.0150553569813771,0.548506235500147,5.64e-05,38.7671,4465,0.00323097211983021,TRUE,""
ENSG00000171812,COL8A2,cad,null,0.177213771861924,0.675678556624869,2.34e-06,7.3495,2726,0.0100219976966101,TRUE,""
ENSG00000171823,FBXL14,t2d,grey,-0.257665945994642,0.322905021200285,0.0008417,5.9101,3357,0.00525793632026353,TRUE,""
ENSG00000171843,MLLT3,cad,grey,0.130464939677565,0.116594177101116,5.035e-05,13.7369,5637,0.00914730063883827,TRUE,""
ENSG00000171860,C3AR1,cad,grey,-0.031679825620772,0.180665204600018,0.0003748,137.2626,4560,0.314849384245687,TRUE,""
ENSG00000171861,RNMTL1,fbg,grey,0.0508638501780455,0.288587892348957,0.004464,18.1976,1126,0.00973703075520547,TRUE,""
ENSG00000171862,PTEN,fbg,null,0.0130889380925464,0.802587348634153,0.001143,6.5906,1577,0.00910831881306039,TRUE,""
ENSG00000171970,ZNF57,cad,null,-0.0744860553173432,0.822524603370215,6.73e-06,5.6494,6131,0.00311876612239936,TRUE,""
ENSG00000171988,JMJD1C,cad,null,0.0325079866893703,0.833256914830536,0.0002762,6.4891,219,0.00018309491225188,TRUE,""
ENSG00000172009,THOP1,fbg,null,0.0158853646714847,0.541126024471668,0.0019,23.5502,1139,0.0048283563813334,TRUE,""
ENSG00000172031,EPHX4,t2d,grey,-0.141422845634665,0.167685457047239,0.0003562,32.2445,2429,0.0215113524851168,TRUE,""
ENSG00000172031,EPHX4,cad,grey,0.120593124184598,0.100633315583104,0.0001336,32.2445,3493,0.0218399419567593,TRUE,""
ENSG00000172037,LAMB2,cad,grey,0.174553745719253,0.319712187660016,3.318e-09,18.4475,2495,1.84574865265752e-05,TRUE,""
ENSG00000172046,USP19,cad,null,-0.0432898394529991,0.809261146695181,3.48e-11,5.2639,2488,0.00020626100527862,TRUE,""
ENSG00000172057,ORMDL3,cad,null,0.00771068707788906,0.650671023604874,5.366e-06,107.6179,287,0.010853309766092,TRUE,""
ENSG00000172086,KRCC1,cad,null,-0.0431550816369912,0.582802486605459,0.008567,15.9044,2139,0.004163440904512,TRUE,""
ENSG00000172113,NME6,t2d,grey,0.0910863661240529,0.0594817837003186,9.104e-06,28.4542,1255,0.00788513324467579,TRUE,""
ENSG00000172113,NME6,fbg,grey,0.0377977437657635,0.0727943929305393,0.002281,28.4542,589,0.020586186147544,TRUE,""
ENSG00000172171,TEFM,t2d,grey,0.0361951541556254,0.407599712663706,3.31e-05,45.2842,314,0.0315159990854595,TRUE,""
ENSG00000172172,MRPL13,t2d,null,-0.0550493674596217,0.676922239021379,0.000651,11.1612,2022,0.00420361817675256,TRUE,""
ENSG00000172183,ISG20,fbg,grey,-0.0339674554189374,0.0782604822073618,0.002619,53.6242,1720,0.0175584413313253,TRUE,""
ENSG00000172197,MBOAT1,fbg,null,0.00349624377914787,0.892505031135259,3.27e-06,25.2769,2458,0.00127219337734224,TRUE,""
ENSG00000172215,CXCR6,t2d,null,0.0386717632662027,0.725324774655607,1.686e-08,23.8913,4402,7.22723675506618e-05,TRUE,""
ENSG00000172243,CLEC7A,t2d,grey,0.0747951606637963,0.0797233397526446,0.000372,46.9047,3581,0.0148763337922818,TRUE,""
ENSG00000172264,MACROD2,t2d,grey,-0.175355938593739,0.446541183638091,0.0003491,10.3345,4439,0.00889298165335037,TRUE,""
ENSG00000172292,CERS6,t2d,null,0.0354285760693529,0.65672128656377,0.0001292,17.7879,2052,0.00636107462532145,TRUE,""
ENSG00000172301,COPRS,fbg,grey,-0.0391298305494245,0.283976771750912,0.001513,18.4326,1107,0.00914550531150161,TRUE,""
ENSG00000172346,CSDC2,cad,grey,-0.109142215719415,0.304233441044976,8.097e-05,11.4499,3455,0.00515678367091588,TRUE,""
ENSG00000172349,IL16,fbg,grey,-0.0225796524725565,0.0915072499234822,0.0001816,45.0278,1758,0.0378922932700097,TRUE,""
ENSG00000172366,FAM195A,fbg,null,0.0207875454052907,0.791236045636806,0.0009201,6.7053,942,0.00480731616171941,TRUE,""
ENSG00000172456,FGGY,t2d,grey,0.0908690623208375,0.313084026055933,0.0006754,22.486,2300,0.00853128214996914,TRUE,""
ENSG00000172466,ZNF24,t2d,grey,-0.0524521734994391,0.355459954445084,0.002936,22.3794,,,FALSE,对齐后仅 0 变异(<10)
ENSG00000172469,MANEA,cad,grey,-0.0141295314857985,0.239819289625164,1.02e-06,84.2687,3904,0.000776368528467581,TRUE,""
ENSG00000172493,AFF1,fbg,grey,-0.105987683866976,0.148613996455212,0.0008234,8.7273,1706,0.0109165349424143,TRUE,""
ENSG00000172538,FAM170B,t2d,null,0.0112900250622545,0.917607199040523,4.566e-06,11.5962,934,0.00220480997033033,TRUE,""
ENSG00000172548,NIPAL4,t2d,grey,0.133276037025991,0.132132101129189,1.962e-05,15.9027,3221,0.00530564173441506,TRUE,""
ENSG00000172590,MRPL52,cad,null,-0.0105169356331307,0.635089022632529,0.0001667,55.2834,4204,0.00246842947103787,TRUE,""
ENSG00000172602,RND1,cad,null,-0.146303601674318,0.702739210255869,7.484e-05,10.7657,3522,0.00774353673958465,TRUE,""
ENSG00000172638,EFEMP2,cad,null,-0.00321676666326653,0.924636843472467,2.291e-11,45.2203,3108,1.29322251740642e-07,TRUE,""
ENSG00000172653,C17orf66,t2d,grey,-0.226466127245855,0.1722000840178,0.0004728,17.465,304,0.000300001172488929,TRUE,""
ENSG00000172775,FAM192A,fbg,null,-0.0223597196090059,0.719314574375423,9.169e-05,18.1635,1778,0.00794645451736708,TRUE,""
ENSG00000172794,RAB37,fbg,null,0.0403621893442912,0.635725114509718,0.001944,11.4612,1631,0.00749483409716648,TRUE,""
ENSG00000172795,DCP2,t2d,grey,-0.0453431251712425,0.131982707862376,6.381e-06,44.715,3509,0.00696998087474632,TRUE,""
ENSG00000172845,SP3,t2d,grey,0.226992008326873,0.317310507862914,7.821e-06,7.0163,1803,0.00529492312228802,TRUE,""
ENSG00000172893,DHCR7,cad,grey,-0.365646587388915,0.0853255698048197,8.319e-07,5.6624,4811,0.000506476562683741,TRUE,""
ENSG00000172893,DHCR7,t2d,null,-0.14063330284189,0.65271044057584,0.001829,5.6624,2551,0.00488274072681849,TRUE,""
ENSG00000172977,KAT5,t2d,grey,0.179151667290014,0.350195306939971,1.634e-07,6.9461,1817,0.000391176136127272,TRUE,""
ENSG00000172985,SH3RF3,cad,grey,0.0429305392864025,0.309807995209414,8.538e-05,24.4976,2434,0.00477512461205018,TRUE,""
ENSG00000173110,HSPA6,cad,grey,0.0440493189665917,0.407599712663706,0.0005435,14.3675,5640,0.00709651253150952,TRUE,""
ENSG00000173114,LRRN3,fbg,null,0.0274629412888211,0.744358565335066,0.001772,9.7159,1656,0.00593382762540501,TRUE,""
ENSG00000173166,RAPH1,fbg,grey,0.134451733418966,0.123935805672742,0.001715,7.9165,1279,0.0148307788902417,TRUE,""
ENSG00000173175,ADCY5,t2d,grey,-0.607044031689162,0.0721802092333169,5.933e-29,5.1763,3006,0.00038627397399926,TRUE,""
ENSG00000173193,PARP14,fbg,null,0.00282844441136415,0.913130385349696,6.79e-09,51.3569,1797,6.1702610909489e-05,TRUE,""
ENSG00000173212,MAB21L3,cad,grey,0.167104873486971,0.447254584875199,0.0004777,12.4508,3474,0.0109129917843671,TRUE,""
ENSG00000173226,IQCB1,t2d,grey,-0.0230630677368564,0.491344447051669,0.0004137,70.4902,3488,0.00489042883572888,TRUE,""
ENSG00000173230,GOLGB1,fbg,grey,0.0239390138622488,0.435737195806964,0.00227,69.0342,1671,0.00565067526570802,TRUE,""
ENSG00000173269,MMRN2,cad,grey,-0.220961427100749,0.322174119021662,2.434e-21,7.7475,441,0.000366585929339441,TRUE,""
ENSG00000173334,TRIB1,fbg,null,-0.0230333431391357,0.761866768188248,8.212e-06,7.5952,1980,0.00309225616275152,TRUE,""
ENSG00000173369,C1QB,t2d,null,0.000718046562517305,0.981446217528624,0.0006609,53.7034,2526,0.0038897047802391,TRUE,""
ENSG00000173401,GLIPR1L1,t2d,grey,-0.203015662875482,0.127259097658065,6.855e-05,10.2149,2936,0.0112608615472499,TRUE,""
ENSG00000173406,DAB1,t2d,null,-0.0130831189222195,0.795217092363781,0.0006961,45.7747,3517,0.00640940518326252,TRUE,""
ENSG00000173457,PPP1R14B,fbg,null,0.0163772419000963,0.726338697648762,0.004269,9.164,995,0.00571444810833073,TRUE,""
ENSG00000173517,PEAK1,cad,grey,0.0921854412720826,0.0514905811821035,1.05e-06,19.3395,4067,0.177143861472234,TRUE,""
ENSG00000173531,MST1,t2d,null,0.0161929511268546,0.882398805966683,9.597e-07,12.3713,1420,0.000833228842015619,TRUE,""
ENSG00000173535,TNFRSF10C,t2d,null,0.0324173901294599,0.543023386439557,0.001193,32.3481,3228,0.0055304655368003,TRUE,""
ENSG00000173542,MOB1B,t2d,grey,0.704086511447728,0.0983184038511892,4.1e-05,8.0281,1808,0.0311442567528529,TRUE,""
ENSG00000173545,ZNF622,t2d,null,-0.0534395515029439,0.638972569384193,0.0004954,12.6333,3183,0.004098691569482,TRUE,""
ENSG00000173548,SNX33,cad,null,-0.0381130178013645,0.684558919367902,1.066e-05,12.1202,2962,0.00301881650816787,TRUE,""
ENSG00000173567,GPR113,fbg,grey,-0.0741129347889447,0.164866539747909,1.006e-07,12.0087,1175,0.000486618392030064,TRUE,""
ENSG00000173567,GPR113,t2d,null,-0.0266806565240201,0.851268623688206,5.159e-21,12.0087,2092,0.00522309156836853,TRUE,""
ENSG00000173578,XCR1,t2d,null,0.0431877784780199,0.681805947544645,1.686e-08,12.9393,4329,4.94257668975544e-05,TRUE,""
ENSG00000173585,CCR9,t2d,null,0.00235032301047279,0.980054963609524,1.686e-08,15.0165,4415,7.64132869453347e-05,TRUE,""
ENSG00000173588,CCDC41,cad,null,-0.0243908987456315,0.693992594099858,1.056e-12,16.014,5682,9.17733942589508e-10,TRUE,""
ENSG00000173621,LRFN4,cad,grey,0.0494122137593782,0.0619481514134812,4.872e-09,40.3463,2710,0.012872838917971,TRUE,""
ENSG00000173653,RCE1,cad,null,0.0063940978922519,0.936237255972025,2.291e-11,21.1119,2684,0.0038081888207528,TRUE,""
ENSG00000173692,PSMD1,fbg,null,0.00755384067888335,0.754660563059686,4.638e-06,23.5638,1711,0.00321341658682154,TRUE,""
ENSG00000173706,HEG1,t2d,grey,0.0813234949790115,0.135220800573275,3.841e-07,26.3036,3765,0.00321373268605644,TRUE,""
ENSG00000173726,TOMM20,t2d,grey,0.24075902319753,0.0709877902594543,1.456e-05,13.7537,3043,0.0266004955448827,TRUE,""
ENSG00000173757,STAT5B,cad,grey,0.131287737532307,0.450307809206988,1.242e-05,10.2935,160,3.30248692596297e-05,TRUE,""
ENSG00000173811,CCDC13-AS1,t2d,null,-0.0215864717595812,0.519857969800158,0.001514,19.4423,3332,0.00590369869242376,TRUE,""
ENSG00000173821,RNF213,cad,grey,-0.459250974983022,0.248965289982326,3.156e-05,6.1011,,,FALSE,对齐后仅 0 变异(<10)
ENSG00000173825,TIGD3,fbg,null,0.025104400263343,0.695572285478057,0.003257,12.7623,945,0.00598328587657174,TRUE,""
ENSG00000173838,MARCH10,t2d,null,0.0313500733073881,0.802587348634153,0.01533,16.6383,75,5.1116430237706e-05,TRUE,""
ENSG00000173838,MARCH10,cad,null,-0.060610141727617,0.523888659409192,8.514e-10,16.6383,98,7.5159306732911e-05,TRUE,""
ENSG00000173838,MARCH10,fbg,null,-0.00209000488715921,0.968093126294339,0.004369,16.6383,828,0.00607335484965878,TRUE,""
ENSG00000173848,NET1,cad,null,-0.0427589492307326,0.609604353481759,0.0001085,17.7242,7920,0.00466606653697261,TRUE,""
ENSG00000173852,DPY19L1,t2d,null,0.0116953644177815,0.691046048356371,3.499e-05,66.6796,4140,0.00376211478588851,TRUE,""
ENSG00000173868,PHOSPHO1,t2d,null,0.00802062733121386,0.921216796388704,4.818e-08,19.9735,169,0.000465655319328318,TRUE,""
ENSG00000173875,ZNF791,fbg,grey,-0.0403815924094153,0.332197561388374,0.0004275,14.0787,1052,0.00624130812317857,TRUE,""
ENSG00000173890,GPR160,fbg,grey,0.00762514908944889,0.419982497240339,8.184e-10,49.2751,1612,5.93939454288836e-06,TRUE,""
ENSG00000173905,GOLIM4,t2d,null,-0.0197085355725286,0.724838262475138,0.0003683,38.884,2752,0.00646103794294444,TRUE,""
ENSG00000173905,GOLIM4,fbg,null,0.00537505515614415,0.810330256604408,7.057e-05,38.884,1481,0.00598515296379978,TRUE,""
ENSG00000173915,USMG5,cad,grey,-0.0304576843821393,0.138138553626745,0.0001888,87.5307,498,0.00305990243368732,TRUE,""
ENSG00000173988,LRRC63,cad,null,-0.0156059647402063,0.693992594099858,3.685e-05,10.3507,3880,0.00246941759437958,TRUE,""
ENSG00000174004,LRRC33,cad,grey,0.0259053254876268,0.317310507862914,0.0001155,35.8922,4736,0.00418215854589404,TRUE,""
ENSG00000174007,CEP19,t2d,null,-0.000644877267478675,0.980541330250361,5.627e-06,53.4224,1961,0.00232351311295325,TRUE,""
ENSG00000174059,CD34,fbg,grey,-0.106452097310501,0.0726741286768933,0.002234,11.6652,2020,0.0227322187862267,TRUE,""
ENSG00000174080,CTSF,fbg,null,0.00281046097224335,0.797068494359122,0.003257,73.8165,718,0.00551139545102041,TRUE,""
ENSG00000174099,MSRB3,t2d,null,-0.0875122910521141,0.689156516779352,9.179e-17,6.5088,1897,5.32061293389685e-07,TRUE,""
ENSG00000174099,MSRB3,fbg,null,0.0300823500491642,0.722710426810277,0.0004273,6.5088,1431,0.00408444780698021,TRUE,""
ENSG00000174106,LEMD3,t2d,grey,0.0411337670542735,0.254602855011452,9.179e-17,56.1415,1943,8.24290878321499e-13,TRUE,""
ENSG00000174123,TLR10,fbg,grey,0.0497894736006136,0.246906995624742,0.00143,15.7203,2028,0.00891711299118484,TRUE,""
ENSG00000174123,TLR10,cad,null,0.0441315788732711,0.571925908937657,3.565e-07,15.7203,6573,0.000463019260610155,TRUE,""
ENSG00000174136,RGMB,t2d,grey,0.0230158818939829,0.494262964942366,0.0009304,47.7283,3000,0.016222520068719,TRUE,""
ENSG00000174136,RGMB,fbg,null,-0.00724574059625388,0.583426134426407,0.004843,47.7283,1591,0.00465153371467353,TRUE,""
ENSG00000174137,FAM53A,t2d,grey,0.0573783148831705,0.138982206349332,0.0005456,41.3311,2079,0.00924553271694866,TRUE,""
ENSG00000174194,AGAP8,t2d,grey,-0.00883040314720012,0.453254704753736,4.566e-06,54.6443,481,0.000125137878120287,TRUE,""
ENSG00000174194,AGAP8,fbg,null,0.000441520157360006,0.927564826606211,0.005763,54.6443,1331,0.00407966761138134,TRUE,""
ENSG00000174197,MGA,fbg,grey,0.04111159111129,0.200105868954852,0.002544,15.9709,1228,0.00866023489820024,TRUE,""
ENSG00000174233,ADCY6,fbg,null,-0.0191085104358677,0.91273530224508,0.0001674,7.1048,1320,0.00852121919646062,TRUE,""
ENSG00000174255,ZNF80,fbg,grey,-0.0175029499353824,0.396168007039194,0.0001059,28.4752,1369,0.0046328417312539,TRUE,""
ENSG00000174373,RALGAPA1,cad,null,-0.008530971679926,0.771282550375262,3.943e-06,34.9983,3632,0.00393322249750333,TRUE,""
ENSG00000174437,ATP2A2,cad,grey,0.403685373565377,0.283976771750912,3.715e-27,10.2299,3192,1.42355528212113e-13,TRUE,""
ENSG00000174444,RPL4,fbg,null,-0.0171915033203417,0.851268623688206,1.71e-05,5.6659,1735,0.00378492328412467,TRUE,""
ENSG00000174446,SNAPC5,t2d,null,-0.0144492013558299,0.901206065798636,4.578e-06,20.3209,3346,0.00396802437627832,TRUE,""
ENSG00000174482,LINGO2,t2d,null,-0.0288425268878131,0.648166585340886,5.402e-06,28.9508,4832,0.00389053169474132,TRUE,""
ENSG00000174482,LINGO2,cad,null,0.00736404941816506,0.871178155583461,0.0001106,28.9508,7060,0.00326921849910618,TRUE,""
ENSG00000174483,BBS1,t2d,grey,0.0671991074902179,0.476155211447359,1.634e-07,15.0977,1574,0.000322915095575228,TRUE,""
ENSG00000174483,BBS1,fbg,null,-0.0094314536828376,0.802587348634153,0.003257,15.0977,705,0.00561295063800624,TRUE,""
ENSG00000174500,GCSAM,t2d,null,-0.0130676240647416,0.831716977781815,0.001495,20.8339,4083,0.00381449385453453,TRUE,""
ENSG00000174500,GCSAM,fbg,null,0.00614947014811369,0.796357116257739,0.000353,20.8339,2175,0.00382200610326983,TRUE,""
ENSG00000174501,ANKRD36C,t2d,null,0.0425845531161379,0.665669631939866,0.0002378,12.3254,622,0.00434740908287648,TRUE,""
ENSG00000174527,MYO1H,t2d,null,-0.0691819388255502,0.837339296202113,0.0002702,7.5635,2380,0.00725240229552378,TRUE,""
ENSG00000174529,TMEM81,cad,grey,0.124849668801998,0.0622646015352178,0.0001225,15.4668,5418,0.0126349906905614,TRUE,""
ENSG00000174579,MSL2,cad,grey,-0.103563990552135,0.262419987102973,6.082e-15,10.0834,3082,7.6465374381366e-11,TRUE,""
ENSG00000174606,ANGEL2,cad,null,0.01394539680193,0.546210515044642,8.176e-06,44.5217,5051,0.0030455795314092,TRUE,""
ENSG00000174611,KY,fbg,grey,0.0560411647898779,0.122236355448012,0.0007636,16.0385,2072,0.0118916669236972,TRUE,""
ENSG00000174652,ZNF266,t2d,grey,-0.0371682895393185,0.374062797490883,0.00503,152.755,2351,0.00762589073815594,TRUE,""
ENSG00000174652,ZNF266,cad,null,-0.0173170439899097,0.563625518315708,1.212e-06,152.755,5208,0.00507789218993096,TRUE,""
ENSG00000174672,BRSK2,cad,grey,-0.164497225134856,0.215980130951564,0.0002549,6.7473,6601,0.00553584166629476,TRUE,""
ENSG00000174672,BRSK2,fbg,grey,0.0968956257643674,0.205976780516933,8.684e-05,6.7473,1397,0.00795447373288286,TRUE,""
ENSG00000174705,SH3PXD2B,fbg,grey,0.0191077239238097,0.317310507862914,0.001911,31.2519,1967,0.00647333490033465,TRUE,""
ENSG00000174744,BRMS1,fbg,grey,0.842306764177843,0.0581272742106314,0.003257,7.5205,697,0.0598348916032291,TRUE,""
ENSG00000174749,C4orf32,t2d,grey,-0.0560671541567381,0.119813814205544,0.001057,44.716,1758,0.0300966900695223,TRUE,""
ENSG00000174791,RIN1,t2d,null,0.0312758910962601,0.694272519769132,1.634e-07,53.903,1693,0.00127643811736799,TRUE,""
ENSG00000174792,C4orf26,fbg,grey,-0.0589265782945198,0.317310507862914,0.00309,8.9733,1746,0.00613379069258719,TRUE,""
ENSG00000174837,EMR1,fbg,null,-0.000528705995928736,0.954431397113681,0.000867,69.7126,1408,0.00404405173482463,TRUE,""
ENSG00000174844,DNAH12,cad,null,0.149320439378358,0.504985075093846,0.001291,5.0261,5359,0.0259542670834545,TRUE,""
ENSG00000174844,DNAH12,fbg,null,-0.00439177762877524,0.971510179466646,3.039e-05,5.0261,1601,0.030589398619205,TRUE,""
ENSG00000174917,C19orf70,t2d,grey,0.708957409792677,0.12134505471651,0.002095,9.8391,1366,0.0467669220054324,TRUE,""
ENSG00000174928,C3orf33,t2d,null,0.0583160889602491,0.735740012142954,7.06e-05,8.1433,2947,0.00502982478954169,TRUE,""
ENSG00000174928,C3orf33,fbg,null,0.0237584066134348,0.731034305380085,0.0009516,8.1433,1673,0.00397997307094066,TRUE,""
ENSG00000174944,P2RY14,t2d,null,0.00409510485077512,0.931038382848813,1.026e-10,38.9793,2930,7.21140436114846e-07,TRUE,""
ENSG00000174944,P2RY14,fbg,null,0.00409510485077512,0.826251081180617,0.002574,38.9793,1769,0.00505128163819343,TRUE,""
ENSG00000174945,AMZ1,t2d,null,-0.0949408915767685,0.673011624647545,3.091e-07,7.8852,4405,0.000127108559323633,TRUE,""
ENSG00000174953,DHX36,fbg,grey,0.0268170467603196,0.113345509219526,0.0009516,37.6366,1742,0.0149945374388201,TRUE,""
ENSG00000175003,SLC22A1,fbg,grey,-0.0174657473329437,0.47015786285767,0.004257,26.444,2399,0.00555843934504579,TRUE,""
ENSG00000175040,CHST2,cad,grey,-0.0863427289542932,0.239819289625164,7.016e-07,13.7133,4518,0.00481294952419585,TRUE,""
ENSG00000175110,MRPS22,fbg,null,0.00849599161472831,0.925307750889347,0.0008459,6.2739,1640,0.00388065714824272,TRUE,""
ENSG00000175115,PACS1,cad,null,-0.0220693953991784,0.606116346057759,2.291e-11,26.4382,2915,1.58048582672367e-07,TRUE,""
ENSG00000175161,CADM2,fbg,null,-0.0333703646503363,0.693625785030416,0.006713,6.7844,1719,0.00430492674842794,TRUE,""
ENSG00000175166,PSMD2,cad,grey,0.0289217801565842,0.317310507862914,0.0001283,23.5331,4613,0.0042688159761357,TRUE,""
ENSG00000175203,DCTN2,t2d,grey,-0.348263089755034,0.162997225876686,0.001463,5.7038,2105,0.00938604591166983,TRUE,""
ENSG00000175221,MED16,fbg,null,-0.00613701819104946,0.648014841940182,0.008906,62.2139,843,0.00384041951102042,TRUE,""
ENSG00000175262,C1orf127,cad,null,0.0289586405137328,0.855725415320072,7.382e-08,6.4491,5250,0.000184934676599667,TRUE,""
ENSG00000175274,TP53I11,fbg,null,-0.0968679820144892,0.897031839071741,2.992e-13,20.1447,2406,8.49841803297173e-09,TRUE,""
ENSG00000175305,CCNE2,fbg,grey,-0.108212457337884,0.0659578992594125,0.0001498,9.376,2288,0.0180413723321997,TRUE,""
ENSG00000175309,AGXT2L2,cad,grey,0.0606098392731832,0.366406064176293,1.556e-06,13.023,3298,0.00207221769597244,TRUE,""
ENSG00000175324,LSM1,cad,grey,0.30588242630978,0.173097284263863,0.001869,5.423,3374,0.00782692697382904,TRUE,""
ENSG00000175348,TMEM9B,fbg,null,-0.0105554526840395,0.597289822267907,5.144e-07,47.9982,1725,0.00221177147039354,TRUE,""
ENSG00000175354,PTPN2,t2d,null,-0.00848355667245496,0.945017067376838,0.00468,12.5373,3917,0.0041460406548707,TRUE,""
ENSG00000175356,SCUBE2,fbg,null,0.0451538096582878,0.871178155583461,5.144e-07,4.582,1698,0.0112010882135708,TRUE,""
ENSG00000175376,EIF1AD,t2d,grey,0.59333409287982,0.254286301125597,1.634e-07,8.2969,1887,0.00089999105266309,TRUE,""
ENSG00000175390,EIF3F,fbg,null,0.0168984334061575,0.51108906411744,5.144e-07,22.0229,2481,0.00154597404821187,TRUE,""
ENSG00000175395,ZNF25,t2d,grey,-0.0697278170934867,0.379633693005718,0.01156,29.1909,2604,0.00989903190627651,TRUE,""
ENSG00000175463,TBC1D10C,t2d,null,0.068087753206706,0.762738364415744,6.546e-05,11.4997,1033,0.00809183274205574,TRUE,""
ENSG00000175470,PPP2R2D,fbg,null,0.00424941921963463,0.846529514964004,0.0003513,16.8627,2148,0.0037017201590827,TRUE,""
ENSG00000175471,MCTP1,t2d,grey,0.0162157151489509,0.483116624043432,0.00155,61.2744,1854,0.00579718123410534,TRUE,""
ENSG00000175482,POLD4,fbg,null,0.0588347937200341,0.553033702717282,0.004057,9.9157,687,0.00848187957316252,TRUE,""
ENSG00000175567,UCP2,cad,grey,0.0298918566243487,0.465184169003017,0.0005133,54.3202,3913,0.0157339729712929,TRUE,""
ENSG00000175575,PAAF1,t2d,grey,0.0351788641325852,0.336036887070343,8.635e-25,84.4191,2447,9.28412260115153e-14,TRUE,""
ENSG00000175591,P2RY2,cad,grey,0.0360199426387273,0.29549000800397,0.0004224,33.2507,3640,0.00505233375895711,TRUE,""
ENSG00000175606,TMEM70,cad,grey,-0.100460845416496,0.160736926801772,3.531e-06,19.0195,2940,0.00580006631868419,TRUE,""
ENSG00000175764,TTLL11,fbg,null,0.00695067630534146,0.900523550339774,0.005443,10.2169,1773,0.0050786667907122,TRUE,""
ENSG00000175800,OR52B3P,t2d,null,0.0078522262888486,0.65183134797548,0.002391,30.41,4884,0.00421470735839252,TRUE,""
ENSG00000175841,FAM172BP,t2d,null,-0.0306246889381204,0.90725243906868,0.001789,5.1476,3201,0.00511841770457912,TRUE,""
ENSG00000175854,SWI5,cad,grey,0.369836298891925,0.09093688958367,0.0009675,6.0627,,,FALSE,对齐后仅 0 变异(<10)
ENSG00000175866,BAIAP2,cad,null,-0.00631701833163257,0.825607162004183,3.156e-05,32.2866,,,FALSE,对齐后仅 0 变异(<10)
ENSG00000175873,AC004840.9,cad,null,-0.00903735417290465,0.559668927199412,1.883e-08,40.3658,7834,0.00010690159103034,TRUE,""
ENSG00000175894,TSPEAR,cad,grey,0.124915579507743,0.0885446783367852,2.504e-05,12.984,1993,0.00292928528971656,TRUE,""
ENSG00000175920,DOK7,fbg,grey,0.0248349378252613,0.0841186947979135,0.003244,31.5665,1336,0.0170841229693958,TRUE,""
ENSG00000175928,LRRN1,fbg,null,-0.0111475272947415,0.635725114509718,0.0001321,28.7418,3007,0.00477383788921164,TRUE,""
ENSG00000175931,UBE2O,fbg,grey,0.0306310491395434,0.21129954733371,0.000889,22.968,1547,0.00814013661158035,TRUE,""
ENSG00000175985,PLEKHD1,fbg,grey,-0.0147309796956691,0.472788907323068,0.001389,29.3573,2055,0.0060563812015961,TRUE,""
ENSG00000176049,JAKMIP2,cad,null,-0.0145720951677856,0.643589048142027,0.001603,73.8625,3336,0.00654774482356068,TRUE,""
ENSG00000176125,UFSP1,fbg,null,0.00312515512247637,0.828819213786263,0.0007455,46.709,986,0.00376425946578263,TRUE,""
ENSG00000176142,TMEM39A,cad,grey,-0.120912921572783,0.186156863266151,0.0002005,11.4438,4801,0.00652417296802674,TRUE,""
ENSG00000176155,CCDC57,cad,null,-0.000888709098395484,0.972958244759335,0.0001852,40.9819,,,FALSE,对齐后仅 0 变异(<10)
ENSG00000176209,C8orf40,cad,grey,0.0152756401901078,0.28454034772542,0.00117,68.9336,4032,0.0035609523297272,TRUE,""
ENSG00000176222,ZNF404,cad,null,-0.0196341991049118,0.64244305767423,2.135e-35,21.5543,4385,8.53488732961152e-17,TRUE,""
ENSG00000176225,RTTN,cad,null,0.111330991253013,0.511269174876245,0.002943,10.516,,,FALSE,对齐后仅 0 变异(<10)
ENSG00000176293,ZNF135,cad,null,0.00962978093941312,0.836518144383217,0.0005571,16.1225,2514,0.00307418685585916,TRUE,""
ENSG00000176293,ZNF135,fbg,null,0.00296300951981942,0.906347316282193,0.001716,16.1225,1100,0.00417117357404482,TRUE,""
ENSG00000176387,HSD11B2,t2d,null,0.166661233136222,0.812568815468984,0.0002947,4.6404,1873,0.00892471759330486,TRUE,""
ENSG00000176401,EID2B,fbg,null,-0.0430414424800183,0.751496544187975,0.0004863,15.6766,1267,0.0144491691317083,TRUE,""
ENSG00000176428,VPS37D,t2d,grey,0.190418592019887,0.205576535768442,3.176e-06,6.0653,886,0.00372403123198328,TRUE,""
ENSG00000176438,SYNE3,fbg,grey,-0.0475476558968845,0.241426553382044,0.0001168,13.2291,2893,0.00775902927859519,TRUE,""
ENSG00000176463,SLCO3A1,cad,grey,0.0180206564992658,0.374062797490882,0.0009093,60.1989,4900,0.0136994272094956,TRUE,""
ENSG00000176472,ZNF575,t2d,grey,0.0589904894176472,0.271332121892765,0.0009212,30.3518,2132,0.00887003795290078,TRUE,""
ENSG00000176473,WDR25,fbg,grey,-0.020133476271337,0.113959193634688,6.494e-05,73.7006,1678,0.00371015407926845,TRUE,""
ENSG00000176593,CTD-2368P22.1,cad,grey,0.0203689189788964,0.403118014218166,0.0005571,32.8954,2667,0.00404463804819999,TRUE,""
ENSG00000176593,CTD-2368P22.1,t2d,null,0.0187713567060418,0.580303690461236,0.006525,32.8954,1649,0.00470524264152305,TRUE,""
ENSG00000176595,KBTBD11,fbg,null,0.00102196431938026,0.962902466387905,0.002066,34.7716,2993,0.00501658423583876,TRUE,""
ENSG00000176623,RMDN1,fbg,grey,-0.02466366257759,0.13784315525934,0.001171,29.8706,1469,0.0112527142573844,TRUE,""
ENSG00000176641,RNF152,cad,grey,0.293467985903827,0.0708478257810241,2.018e-08,6.6011,,,FALSE,对齐后仅 0 变异(<10)
ENSG00000176659,C20orf197,fbg,null,-0.00715583215620545,0.700522394103849,5.274e-06,37.3028,2631,0.00239809205201495,TRUE,""
ENSG00000176749,CDK5R1,cad,null,0.00187787208577667,0.876685395448225,1.194e-08,88.1754,1325,0.00186544687099443,TRUE,""
ENSG00000176749,CDK5R1,fbg,null,-0.000208652453975185,0.975070165131246,0.001513,88.1754,1698,0.00383184945997674,TRUE,""
ENSG00000176783,RUFY1,fbg,grey,0.00901652091478515,0.129486728502174,0.002403,92.6607,1806,0.0122759680742656,TRUE,""
ENSG00000176824,AC009951.1,t2d,grey,0.262996498626707,0.0837792702905663,7.453e-05,6.4749,1351,0.0228233163062767,TRUE,""
ENSG00000176834,VSIG10,fbg,null,-0.00243812898848281,0.93436605637943,1.696e-05,46.8721,2154,0.009178207957988,TRUE,""
ENSG00000176853,FAM91A1,cad,grey,0.0986278768045173,0.379738414018375,7.67e-23,11.6468,3081,0.00569776043954005,TRUE,""
ENSG00000176853,FAM91A1,fbg,null,0.0288296870659358,0.658590180841495,0.000626,11.6468,1946,0.00548753518007736,TRUE,""
ENSG00000176871,WSB2,fbg,null,-0.00278656795077883,0.93436605637943,0.000219,40.7146,2124,0.00978369988135018,TRUE,""
ENSG00000176915,ANKLE2,fbg,grey,-0.0252443368840918,0.190977693467857,1.324e-05,29.3605,675,0.00736135417187386,TRUE,""
ENSG00000176946,THAP4,cad,null,0.0420532851126244,0.639248343034235,0.0001469,11.334,1300,0.0034873832891992,TRUE,""
ENSG00000177096,FAM109B,t2d,grey,-0.0342361587783513,0.446116847721283,3.538e-05,30.0614,2415,0.00405229833725397,TRUE,""
ENSG00000177098,SCN4B,fbg,null,0.0388614902031146,0.649436283726755,0.0005425,6.7759,1864,0.00473483273107129,TRUE,""
ENSG00000177103,DSCAML1,cad,grey,0.193693682692146,0.270112404338981,7.033e-13,10.5843,6046,7.99467450304698e-09,TRUE,""
ENSG00000177105,RHOG,t2d,grey,-0.141090198015063,0.391365938307552,2.112e-06,14.3548,3706,0.00764149469380357,TRUE,""
ENSG00000177105,RHOG,cad,null,0.0297031995821186,0.806535441920889,0.0007019,14.3548,6461,0.00456212094706222,TRUE,""
ENSG00000177112,MRVI1-AS1,t2d,grey,0.0773135029827581,0.149867399068654,0.000119,32.9477,5223,0.0149020512973568,TRUE,""
ENSG00000177112,MRVI1-AS1,fbg,null,0.0111675059863984,0.580132294034059,0.004647,32.9477,2591,0.0065662007680183,TRUE,""
ENSG00000177156,TALDO1,cad,null,0.0411016134774613,0.738882680363527,8.347e-06,12.568,5170,0.00374136121090889,TRUE,""
ENSG00000177200,CHD9,cad,grey,-0.104004967869529,0.0900914983292912,1.115e-05,16.9779,5255,0.00989634214076941,TRUE,""
ENSG00000177272,KCNA3,t2d,grey,0.17158055101576,0.0709877902594543,2e-07,13.4851,3347,0.00957839020629049,TRUE,""
ENSG00000177283,FZD8,cad,grey,0.111076330740457,0.482995690247368,0.0005259,6.3893,4453,0.00389908255154038,TRUE,""
ENSG00000177301,KCNA2,fbg,grey,0.151965512384155,0.179561867612366,0.002859,5.8496,2018,0.0115440018066328,TRUE,""
ENSG00000177302,TOP3A,fbg,null,-0.00220362471309363,0.922905718287002,0.0008559,24.2175,897,0.0037261734996105,TRUE,""
ENSG00000177335,C8orf31,t2d,null,0.000691649331008102,0.980541330250361,1.618e-08,50.2682,254,0.000548683562070466,TRUE,""
ENSG00000177335,C8orf31,cad,null,-0.0127955126236499,0.550658149743449,0.0002362,50.2682,2437,0.00404663570021171,TRUE,""
ENSG00000177369,RP1-62O9.3,fbg,grey,0.10841376687598,0.234365227693259,0.0006376,6.0036,1317,0.00707422382658612,TRUE,""
ENSG00000177406,RP11-218M22.1,t2d,grey,0.0176485508618632,0.407510345313093,1.124e-05,73.9486,2498,0.00411365860570096,TRUE,""
ENSG00000177406,RP11-218M22.1,cad,grey,-0.0234596590724767,0.119436571746115,0.0001935,73.9486,5094,0.00431569705079784,TRUE,""
ENSG00000177409,SAMD9L,cad,null,0.00198411051613875,0.948559264755632,0.0006654,72.081,3098,0.00592508645754878,TRUE,""
ENSG00000177426,TGIF1,cad,null,-0.00314086551857245,0.904956096468146,1.512e-06,43.3129,6797,0.00199839110717576,TRUE,""
ENSG00000177426,TGIF1,fbg,null,0.00902998836589578,0.652003680990715,6.707e-05,43.3129,2254,0.00637980909708057,TRUE,""
ENSG00000177427,SMCR7,t2d,grey,0.322339122809605,0.061402176525732,1.718e-09,7.6165,1697,7.12338853585493e-05,TRUE,""
ENSG00000177427,SMCR7,cad,grey,0.150019465961703,0.232654673754248,9.507e-10,7.6165,3059,4.50465846703159e-06,TRUE,""
ENSG00000177463,NR2C2,fbg,grey,-0.125089497328829,0.214080075786953,0.004006,11.5864,1891,0.0163809160306447,TRUE,""
ENSG00000177508,IRX3,fbg,null,-0.0026446971485586,0.815502576593791,2.084e-07,70.0909,2254,0.00675360692891741,TRUE,""
ENSG00000177565,TBL1XR1,t2d,null,-0.0249096416805108,0.915765450104956,0.0003662,5.2737,3265,0.00535947659306145,TRUE,""
ENSG00000177590,RP5-1051J4.6,t2d,null,-0.00309739853469137,0.909298000037977,6.489e-05,21.5529,2277,0.0033960493126762,TRUE,""
ENSG00000177606,JUN,fbg,null,-0.000625056315418385,0.974266251454282,0.0008544,28.3811,2089,0.00379760078976799,TRUE,""
ENSG00000177674,AGTRAP,fbg,null,0.017626140484603,0.530064880329334,0.002302,27.0733,1309,0.00606256059038417,TRUE,""
ENSG00000177685,EFCAB4A,cad,grey,-0.02837627674869,0.374062797490882,8.347e-06,33.6985,5361,0.00373138056280838,TRUE,""
ENSG00000177685,EFCAB4A,fbg,grey,-0.0155182763469399,0.344176157124169,0.0008733,33.6985,1039,0.00671576887688608,TRUE,""
ENSG00000177707,PVRL3,fbg,grey,-0.0555071009469706,0.317310507862914,0.003583,10.1253,2041,0.00660356961316867,TRUE,""
ENSG00000177710,SLC35G5,fbg,grey,-0.0467562805387055,0.129486728502174,0.0006266,14.6964,2374,0.010943750643882,TRUE,""
ENSG00000177728,KIAA0195,cad,grey,0.0570982612559892,0.423710797166793,5.543e-05,15.9403,,,FALSE,对齐后仅 0 变异(<10)
ENSG00000177731,FLII,cad,null,0.104449768296426,0.679499985922466,9.507e-10,11.7623,3083,6.04088193050497e-06,TRUE,""
ENSG00000177807,KCNJ10,t2d,null,-0.00581472796300005,0.939459380990615,0.001063,18.3335,3250,0.0037456689042989,TRUE,""
ENSG00000177868,CCDC23,fbg,grey,-0.0151625531241206,0.288008758003942,0.0001169,144.1869,1574,0.0102341045185575,TRUE,""
ENSG00000177873,ZNF619,cad,grey,0.0635740263766335,0.463355149269596,0.0007777,11.5917,4349,0.00350438309232062,TRUE,""
ENSG00000177873,ZNF619,fbg,grey,0.0404561986033122,0.396168007039194,0.002521,11.5917,1651,0.00573198977012183,TRUE,""
ENSG00000177873,ZNF619,t2d,null,-0.010114049650828,0.936598778628595,0.007152,11.5917,2854,0.00423243314515461,TRUE,""
ENSG00000177943,MAMDC4,cad,null,-0.0487363531912136,0.641561092893931,,8.4492,,,FALSE,GWAS 区域无数据
ENSG00000177989,ODF3B,fbg,null,-0.0039948973672105,0.844882420504495,0.0007649,33.3471,807,0.00562193751864312,TRUE,""
ENSG00000178026,FAM211B,cad,grey,-0.0565917992785674,0.225085949837533,3.73e-09,18.9274,4283,3.04886658804751e-06,TRUE,""
ENSG00000178057,NDUFAF3,t2d,null,0.0691720867921279,0.511879473640126,9.597e-07,13.5218,1528,0.000760496340142434,TRUE,""
ENSG00000178078,STAP2,cad,grey,0.0957915312072071,0.325308999731375,5.626e-06,9.8498,5544,0.00309917317432626,TRUE,""
ENSG00000178093,TSSK6,cad,grey,-0.10308097933602,0.172682041418748,3.179e-07,17.2101,4725,0.00125932353626293,TRUE,""
ENSG00000178093,TSSK6,t2d,null,-0.01472585419086,0.886403006367064,4.131e-12,17.2101,2209,2.27855498438148e-08,TRUE,""
ENSG00000178105,DDX10,fbg,null,0.00264348583705434,0.944378761640749,0.0005168,20.2006,1329,0.00530273418896507,TRUE,""
ENSG00000178127,NDUFV2,fbg,grey,0.0270810354123474,0.397466925422593,0.003606,9.7645,2347,0.00700257591792321,TRUE,""
ENSG00000178149,DALRD3,fbg,null,-0.0175282025134016,0.617075077451974,0.0001937,15.7135,668,0.0047419872162819,TRUE,""
ENSG00000178162,AC140481.1,cad,null,0.0267866515126775,0.793566431658028,0.001081,7.2804,1365,0.00540408135372662,TRUE,""
ENSG00000178163,ZNF518B,cad,null,-0.0112037147003479,0.7603016088484,4.079e-05,26.1473,8005,0.00259743440459623,TRUE,""
ENSG00000178175,ZNF366,t2d,null,0.0861101435814079,0.783527311615771,0.0003044,5.1678,2301,0.00440984106142232,TRUE,""
ENSG00000178202,KDELC2,fbg,null,0.00443175903858865,0.69635620053955,0.0005168,72.3425,1489,0.00543224968604617,TRUE,""
ENSG00000178222,RNF212,t2d,null,0.0215841788957497,0.786707745258045,0.0005456,18.9661,2041,0.00370194262261793,TRUE,""
ENSG00000178295,GEN1,t2d,null,-0.0422870115998631,0.57268433313998,0.000112,18.4584,4381,0.00301494780772748,TRUE,""
ENSG00000178342,KCNG2,cad,null,0.0517729540590805,0.561479628322256,0.0006519,12.2895,,,FALSE,对齐后仅 0 变异(<10)
ENSG00000178430,AC006111.1,cad,grey,0.0490692551832645,0.492893296439634,0.0004398,6.6748,5183,0.00401979305465906,TRUE,""
ENSG00000178440,LINC00843,fbg,null,0.0251364820789903,0.524539436435313,0.005763,7.4401,1110,0.00497979382822453,TRUE,""
ENSG00000178445,GLDC,t2d,null,0.0281246125758104,0.597865489443746,0.0001096,30.3191,5549,0.00437635425604671,TRUE,""
ENSG00000178449,COX14,fbg,grey,0.0223674266916822,0.15964990164281,0.004027,32.2462,1076,0.010167708436839,TRUE,""
ENSG00000178585,CTNNBIP1,t2d,null,0.0386426890962725,0.556374370426907,6.783e-05,27.3511,2062,0.00427748184726177,TRUE,""
ENSG00000178585,CTNNBIP1,fbg,null,0.00257617927308483,0.920344325445942,0.0002507,27.3511,1202,0.00469385151539804,TRUE,""
ENSG00000178623,GPR35,cad,grey,0.0496915513173391,0.0702423294450998,0.0001469,34.3737,3323,0.0136530468620086,TRUE,""
ENSG00000178636,RP11-455G16.1,fbg,grey,0.0217701178592183,0.19743671740097,0.0008275,16.4901,1603,0.0122976496518625,TRUE,""
ENSG00000178636,RP11-455G16.1,cad,null,0.00187673429820847,0.954690030337856,1.229e-14,16.4901,3162,1.68437900549351e-10,TRUE,""
ENSG00000178718,RPP25,cad,grey,-0.448046244134485,0.379039162521092,2.412e-06,7.711,2879,0.00822895715382348,TRUE,""
ENSG00000178726,THBD,cad,grey,0.03673618160279,0.327716664719426,0.0008393,45.9224,5853,0.00695138497691907,TRUE,""
ENSG00000178726,THBD,t2d,null,0.0115798833313142,0.824801199566985,3.343e-08,45.9224,4326,2.64827538202899e-05,TRUE,""
ENSG00000178732,GP5,cad,null,-0.00223316661398727,0.976186087108502,0.0005802,17.1645,6556,0.00617360939879359,TRUE,""
ENSG00000178802,MPI,cad,grey,-0.049064609253352,0.0569302235802096,2.412e-06,35.6976,2914,0.00777650706465551,TRUE,""
ENSG00000178803,ADORA2A-AS1,fbg,grey,0.102685614102361,0.165412255542075,0.001004,6.2083,1483,0.00882250675859951,TRUE,""
ENSG00000178852,EFCAB13,t2d,grey,-0.192798879043019,0.146785320227104,0.0002575,18.4557,,,FALSE,对齐后仅 0 变异(<10)
ENSG00000178971,CTC1,cad,grey,-0.0245273778654449,0.129205752509275,7.635e-05,85.077,4991,0.00397492356621719,TRUE,""
ENSG00000178988,MRFAP1L1,cad,null,0.0267351016879042,0.947794862895948,0.0007186,6.6231,8423,0.00733200955269381,TRUE,""
ENSG00000178996,SNX18,cad,grey,0.0559499796487226,0.249098268106654,2.012e-07,19.6274,4575,0.000719853540535956,TRUE,""
ENSG00000178996,SNX18,fbg,grey,-0.0312661650978156,0.235030456586428,0.0008602,19.6274,2164,0.00854987899053523,TRUE,""
ENSG00000178999,AURKB,fbg,grey,0.0334205807084642,0.126162397742482,0.001727,18.5821,1384,0.0129763740294898,TRUE,""
ENSG00000179023,KLHDC7A,cad,grey,0.110308737757774,0.143115898802514,0.0001008,13.1366,5930,0.00660827746852541,TRUE,""
ENSG00000179051,RCC2,cad,grey,0.0464971750895189,0.220900199114485,6.958e-05,25.9662,4946,0.00535770967934237,TRUE,""
ENSG00000179057,IGSF22,fbg,grey,0.0493955114954202,0.0864762654936656,0.0008575,19.5096,2023,0.0174336479634294,TRUE,""
ENSG00000179085,DPM3,t2d,grey,-0.224613286760566,0.0605575319647696,1.713e-06,10.8045,1893,0.00491919566820142,TRUE,""
ENSG00000179104,TMTC2,fbg,null,0.0280171519381531,0.544474508963011,0.003828,12.7057,2105,0.00474292210560141,TRUE,""
ENSG00000179115,FARSA,fbg,grey,0.0290145714991356,0.359317338329571,0.0004275,20.245,984,0.00769511258378952,TRUE,""
ENSG00000179152,TCAIM,fbg,null,0.0308373542225887,0.69635620053955,0.0033,8.3162,1489,0.00530054524868913,TRUE,""
ENSG00000179241,LDLRAD3,t2d,grey,-0.1084533872198,0.429455672144667,0.002771,10.3929,4182,0.0049562747592468,TRUE,""
ENSG00000179242,CDH4,cad,null,-0.00396519513206708,0.958748503692605,1.364e-08,11.8453,2411,0.00307585389241924,TRUE,""
ENSG00000179262,RAD23A,t2d,grey,0.147095881232461,0.315011511616041,5.394e-06,25.5322,1809,0.00544633004078677,TRUE,""
ENSG00000179262,RAD23A,cad,null,-0.00697136877878964,0.94576397329967,3.849e-05,25.5322,4303,0.00618836661993419,TRUE,""
ENSG00000179262,RAD23A,fbg,null,0.0146398744354582,0.813467545487738,0.0004275,25.5322,976,0.0106590206961947,TRUE,""
ENSG00000179295,PTPN11,t2d,grey,-0.136891679267037,0.29549000800397,0.0007675,10.6521,1703,0.0124826817734071,TRUE,""
ENSG00000179295,PTPN11,fbg,grey,-0.10065564651988,0.0591882466367507,0.0029,10.6521,1000,0.0344899833736064,TRUE,""
ENSG00000179361,ARID3B,cad,grey,0.134500782510284,0.0522368760834801,7.557e-07,13.1498,3022,0.00412431022930828,TRUE,""
ENSG00000179387,ELMOD2,cad,null,-0.150292391931875,0.518179726334666,0.001277,4.9477,2664,0.0038804666564857,TRUE,""
ENSG00000179409,GEMIN4,cad,grey,0.0876043946059317,0.157642940610696,4.375e-05,26.4142,4883,0.0104904823725276,TRUE,""
ENSG00000179409,GEMIN4,fbg,null,0.020216398755215,0.514288986716092,0.004464,26.4142,1080,0.00645729041959486,TRUE,""
ENSG00000179456,ZBTB18,cad,null,0.0732021506090198,0.681102669021842,0.003528,6.0766,4161,0.00559956329250488,TRUE,""
ENSG00000179526,SHARPIN,fbg,grey,-0.0696430836363507,0.0622646015352178,0.002155,25.9862,802,0.0392261771960337,TRUE,""
ENSG00000179528,LBX2,fbg,null,0.00609521689363084,0.858897500094722,0.001765,21.6766,1776,0.00547291588138272,TRUE,""
ENSG00000179562,GCC1,t2d,null,-0.0362771380781125,0.549881206922431,0.001682,26.0801,2879,0.00556277841243051,TRUE,""
ENSG00000179583,CIITA,cad,null,0.0387839634578465,0.530581466777187,0.0005174,16.5183,7419,0.00319871563931534,TRUE,""
ENSG00000179593,ALOX15B,cad,null,-0.0288452594257696,0.895721545768517,7.635e-05,15.9202,4910,0.00905992451244426,TRUE,""
ENSG00000179598,PLD6,t2d,null,-0.0260102935741984,0.511663282695868,1.718e-09,59.5295,2496,2.35263656366027e-05,TRUE,""
ENSG00000179604,CDC42EP4,fbg,null,-0.0226132472876505,0.606447146740021,0.001944,13.3386,2204,0.0044458339568334,TRUE,""
ENSG00000179639,FCER1A,t2d,null,-0.0137123777148806,0.813467545487738,0.001625,27.0636,3769,0.00425004544152397,TRUE,""
ENSG00000179750,APOBEC3B,fbg,null,-0.00230831941388503,0.909526060036958,0.0001325,37.0317,1352,0.00479572865095853,TRUE,""
ENSG00000179862,CITED4,fbg,grey,0.0330803193339333,0.21129954733371,0.002092,64.5751,1667,0.00624452050423118,TRUE,""
ENSG00000179912,R3HDM2,fbg,grey,0.0865163045145865,0.289680155734686,0.0007165,7.3565,1090,0.00774630929041122,TRUE,""
ENSG00000179914,ITLN1,t2d,null,-0.000950883535589227,0.975578776710838,0.001063,38.1289,3004,0.00471641161723134,TRUE,""
ENSG00000179915,NRXN1,t2d,grey,-0.0585462115718336,0.368794267918584,6.238e-05,14.4822,4428,0.00494533934134474,TRUE,""
ENSG00000179979,CRIPAK,cad,grey,-0.0140047771643525,0.484680040754928,8.678e-05,73.7138,5639,0.00418585319215375,TRUE,""
ENSG00000179979,CRIPAK,fbg,grey,0.00917554365940338,0.408754766219334,0.0002037,73.7138,1148,0.0076357650142435,TRUE,""
ENSG00000180071,ANKRD18A,cad,null,0.0443504109883764,0.695941676240891,0.000298,11.3711,3585,0.00425791070143633,TRUE,""
ENSG00000180113,TDRD6,cad,grey,0.154000211406501,0.382356164291107,0.0001115,17.0316,5371,0.00917140459076789,TRUE,""
ENSG00000180185,FAHD1,t2d,grey,0.0382488854659082,0.419470941682658,0.008967,52.0858,1630,0.00766820451080174,TRUE,""
ENSG00000180228,PRKRA,t2d,grey,-0.270947161753841,0.246381324928673,0.0002032,18.1116,2001,0.0207550285448897,TRUE,""
ENSG00000180233,ZNRF2,cad,grey,0.480328319134247,0.0944427540912154,0.0008151,12.0576,5687,0.0409717303053136,TRUE,""
ENSG00000180263,FGD6,t2d,grey,-0.0270834154223404,0.492540019829815,0.001317,30.8674,4294,0.00633794340668876,TRUE,""
ENSG00000180263,FGD6,fbg,null,-0.00309524747683891,0.845297478259299,8.641e-06,30.8674,2236,0.00420394260193472,TRUE,""
ENSG00000180316,PNPLA1,fbg,grey,-0.03031155600308,0.485821758188089,0.0004404,13.5064,1728,0.00497510997303541,TRUE,""
ENSG00000180346,TIGD2,fbg,null,0.00816079517321059,0.850344219267564,0.001061,21.8116,1840,0.00681473011790839,TRUE,""
ENSG00000180353,HCLS1,t2d,grey,0.037146088730583,0.295157233557039,0.0004137,70.8706,3371,0.0121683725661297,TRUE,""
ENSG00000180354,C7orf41,cad,null,0.0905617550812089,0.583779562227661,0.001134,16.5994,5743,0.00984037099360676,TRUE,""
ENSG00000180385,AC034193.5,t2d,grey,0.189688319032462,0.122865441229318,0.002637,11.2168,3594,0.0150955629403055,TRUE,""
ENSG00000180398,MCFD2,t2d,grey,-0.0459676074477431,0.33666062732208,0.0003009,41.5757,3843,0.00662952416785479,TRUE,""
ENSG00000180509,KCNE1,cad,grey,0.0565099158764904,0.0734020682325408,0.0001426,34.779,1832,0.00116195662295585,TRUE,""
ENSG00000180539,C9orf139,cad,grey,0.2319835877054,0.120221118336468,,5.9878,,,FALSE,GWAS 区域无数据
ENSG00000180549,FUT7,cad,grey,0.01468736222018,0.37705619893811,,55.0513,,,FALSE,GWAS 区域无数据
ENSG00000180767,CHST13,cad,grey,-0.0208055426761041,0.0639599374657294,0.0002647,124.8335,6055,0.00396265693191975,TRUE,""
ENSG00000180767,CHST13,fbg,null,0.00147295877352949,0.813980460416918,0.001693,124.8335,2009,0.0115049327081047,TRUE,""
ENSG00000180771,SRSF8,t2d,null,-0.054170701430816,0.609604353481759,0.001637,14.4541,3072,0.00532171397677103,TRUE,""
ENSG00000180776,ZDHHC20,t2d,grey,-0.0381918592253574,0.440024466872261,0.001658,28.2817,2965,0.00488700388963023,TRUE,""
ENSG00000180787,ZFP3,t2d,grey,0.171196690425686,0.349325997505789,4.411e-14,7.5901,3190,6.89127614726905e-09,TRUE,""
ENSG00000180834,MAP6D1,cad,grey,0.010607517160372,0.497409451259859,0.0001283,64.9423,4466,0.00278663638479058,TRUE,""
ENSG00000180871,CXCR2,cad,grey,-0.0421027021901966,0.16046517805143,3.778e-05,30.8703,1900,0.00646130131162444,TRUE,""
ENSG00000180875,GREM2,fbg,grey,-0.0291737739548492,0.477377817921635,0.0007871,16.4737,2466,0.0057013858686716,TRUE,""
ENSG00000180881,CAPS2,t2d,grey,-0.108147247391648,0.192302646043489,6.855e-05,16.7027,2948,0.00879882656534306,TRUE,""
ENSG00000180881,CAPS2,fbg,grey,-0.030449224993765,0.349538991650093,0.0003493,16.7027,2131,0.00575345286770941,TRUE,""
ENSG00000180884,ZNF792,fbg,grey,-0.0168701307824775,0.383771766671715,0.007285,25.9176,1414,0.00535481987733103,TRUE,""
ENSG00000180891,CUEDC1,fbg,grey,0.0237714850995425,0.440452945294225,0.0006559,20.2175,1541,0.00561675142841731,TRUE,""
ENSG00000180914,OXTR,fbg,null,0.00194137599718986,0.976536189986223,0.0008667,9.1521,2601,0.00426945397863913,TRUE,""
ENSG00000181004,BBS12,cad,grey,0.0499352116768357,0.354201475138791,0.001663,22.3402,3147,0.00484398596369044,TRUE,""
ENSG00000181016,C7orf53,fbg,null,0.00259950559866643,0.863886790544927,0.002297,37.5694,1682,0.00430193213019003,TRUE,""
ENSG00000181019,NQO1,t2d,null,0.0124062339190279,0.854536481393919,3.882e-09,30.155,2042,1.36769184494121e-05,TRUE,""
ENSG00000181031,RPH3AL,fbg,null,0.00795278731967035,0.747012853671546,0.004464,30.0342,747,0.00735814766428372,TRUE,""
ENSG00000181045,SLC26A11,cad,null,0.0339707074968427,0.689156516779352,3.156e-05,11.6928,,,FALSE,对齐后仅 0 变异(<10)
ENSG00000181061,HIGD1A,cad,grey,-0.1407201797759,0.174735823215247,0.0004812,10.9676,4852,0.00832075437664346,TRUE,""
ENSG00000181104,F2R,t2d,grey,0.0286579668188597,0.458126425559177,3.027e-08,42.9003,2518,0.00200943289117923,TRUE,""
ENSG00000181192,DHTKD1,fbg,null,0.0073958002959366,0.731705934672859,0.0002063,28.8808,2349,0.00427691705660158,TRUE,""
ENSG00000181215,C4orf50,fbg,grey,0.138976431083591,0.0596027337700864,4.359e-05,9.3417,2319,0.0291227787226746,TRUE,""
ENSG00000181218,HIST3H2A,cad,grey,-0.0545068274640801,0.232304160207264,3.954e-07,25.2105,4439,0.00186432713790692,TRUE,""
ENSG00000181222,POLR2A,cad,grey,-0.0932277236140049,0.417742017975973,0.0002708,8.8363,5322,0.016890055243491,TRUE,""
ENSG00000181315,ZNF322,fbg,null,-0.00230223763824789,0.821351959007176,0.0002114,22.5409,1836,0.00379431103201648,TRUE,""
ENSG00000181396,OGFOD3,cad,grey,0.0376547565700067,0.355360112018659,0.0001367,23.0197,,,FALSE,对齐后仅 0 变异(<10)
ENSG00000181396,OGFOD3,fbg,grey,-0.0277780991090213,0.21129954733371,0.0006282,23.0197,893,0.00917258319819787,TRUE,""
ENSG00000181458,TMEM45A,fbg,grey,0.033745534967457,0.0845274725159049,0.0001092,36.2705,1652,0.0184418312014974,TRUE,""
ENSG00000181467,RAP2B,t2d,null,-0.0599845070575363,0.840045826140373,2.082e-10,6.4222,3478,3.74730572034716e-06,TRUE,""
ENSG00000181481,RNF135,cad,null,0.0400778960224517,0.842129668428942,2.902e-10,15.6652,451,0.0205924313379554,TRUE,""
ENSG00000181513,ACBD4,fbg,grey,0.0633025922934235,0.0659578992594125,0.002502,14.7998,677,0.0200744196672351,TRUE,""
ENSG00000181585,TMIE,fbg,null,-0.0187179608346426,0.637934810590957,0.001618,15.0856,1212,0.00461612506948634,TRUE,""
ENSG00000181649,PHLDA2,cad,grey,0.0637005663302487,0.18431484365715,3.436e-05,15.3596,5984,0.00608231745840267,TRUE,""
ENSG00000181649,PHLDA2,fbg,null,0.0107546410687433,0.718016387438887,1.615e-05,15.3596,1711,0.00363847358728007,TRUE,""
ENSG00000181666,HKR1,t2d,grey,0.0713898330178063,0.0922697703378473,0.001424,33.1003,2333,0.0155320274831841,TRUE,""
ENSG00000181744,C3orf58,t2d,grey,0.0703223707083387,0.276326966118891,0.0005956,21.6519,3379,0.00760245059866665,TRUE,""
ENSG00000181751,C5orf30,cad,null,-0.0270356632189483,0.924721364300349,0.00262,11.7916,3795,0.0119537270726881,TRUE,""
ENSG00000181778,TMEM252,fbg,null,-0.00450494930190125,0.828819213786263,0.001017,27.9313,1276,0.00459399098330339,TRUE,""
ENSG00000181826,RELL1,fbg,grey,-0.19716078004314,0.3877876816066,0.0001916,7.5147,2394,0.0179879008099779,TRUE,""
ENSG00000181885,CLDN7,fbg,null,-0.0291425162080961,0.593802857207703,0.001727,14.52,1476,0.00647333893804698,TRUE,""
ENSG00000181894,ZNF329,cad,null,0.00966298183661015,0.759260815924473,0.0005571,31.51,2321,0.00310397076475295,TRUE,""
ENSG00000181915,ADO,t2d,grey,0.0830817444647362,0.119813814205544,8.427e-05,26.9951,506,0.0513707245202523,TRUE,""
ENSG00000182013,PNMAL1,t2d,null,-0.00467802221951608,0.869073725074896,7.791e-06,52.4649,1542,0.00345812623747145,TRUE,""
ENSG00000182048,TRPC2,t2d,null,0.0305332209982571,0.67840974731987,8.746e-10,25.5585,2920,4.26396164051717e-06,TRUE,""
ENSG00000182048,TRPC2,fbg,null,-0.00598690607808962,0.831509517776774,1.615e-05,25.5585,1878,0.0116579838668325,TRUE,""
ENSG00000182118,FAM89A,t2d,null,0.00364420081430352,0.901745388954132,0.0001878,50.1065,4034,0.00388700791479317,TRUE,""
ENSG00000182141,ZNF708,t2d,grey,0.0604243339168883,0.206983058311127,0.001229,28.4071,4754,0.0079473499689247,TRUE,""
ENSG00000182149,IST1,t2d,grey,-0.111264838281924,0.0729563843791335,6.914e-06,12.7495,2614,0.0117554025289401,TRUE,""
ENSG00000182150,ERCC6L2,cad,null,0.0194490917743644,0.841480581121794,8.993e-05,14.0087,,,FALSE,对齐后仅 0 变异(<10)
ENSG00000182154,MRPL41,cad,null,-0.0402550912220516,0.674956824198369,,11.4142,,,FALSE,GWAS 区域无数据
ENSG00000182165,TP53TG1,t2d,grey,0.0385945988608411,0.41325337549364,0.001889,30.4084,2910,0.00583929285053261,TRUE,""
ENSG00000182180,MRPS16,cad,null,0.0417038459562844,0.564779052623049,1.866e-05,23.2421,428,0.00143847064857783,TRUE,""
ENSG00000182183,FAM159A,fbg,grey,0.0177942276567085,0.328695814040283,0.001522,42.0516,1372,0.00834435899517799,TRUE,""
ENSG00000182183,FAM159A,t2d,null,0.0245729810497403,0.587779877112124,0.001114,42.0516,2303,0.00666584526124932,TRUE,""
ENSG00000182197,EXT1,t2d,grey,0.0955055203606873,0.0849297139577665,8.073e-06,32.2597,1904,0.064160517876181,TRUE,""
ENSG00000182218,HHIPL1,t2d,grey,-0.166999620014558,0.443279727088509,1.197e-05,6.9015,1762,0.00471517852115177,TRUE,""
ENSG00000182230,FAM153B,fbg,null,0.00210285794014737,0.796357116257739,0.004046,53.0988,1573,0.00396499998032103,TRUE,""
ENSG00000182308,DCAF4L1,fbg,grey,-0.180831195911913,0.0591882466367508,0.001515,9.0012,2078,0.101394399382306,TRUE,""
ENSG00000182308,DCAF4L1,t2d,null,-0.112115341465386,0.630786488109031,1.816e-05,9.0012,4976,0.006643408322482,TRUE,""
ENSG00000182310,LINC00085,cad,null,-0.00313278042006379,0.965320293449223,0.0005593,15.2847,5801,0.00316748545128784,TRUE,""
ENSG00000182310,LINC00085,fbg,null,0.0177524223803615,0.662911145572604,0.001116,15.2847,2177,0.00493909152156392,TRUE,""
ENSG00000182372,CLN8,t2d,grey,-0.09029468074075,0.0801183137276342,6.662e-05,29.9974,5173,0.0160952380622434,TRUE,""
ENSG00000182389,CACNB4,t2d,null,0.086169049586432,0.584262074231711,7.512e-05,11.9811,2331,0.00486089653763152,TRUE,""
ENSG00000182393,IFNL1,cad,grey,-0.0385828324724626,0.486646683566024,0.0007574,25.7617,4192,0.00547177401384622,TRUE,""
ENSG00000182393,IFNL1,t2d,null,-0.0156742756919379,0.83903733185664,0.0003116,25.7617,2419,0.00609425974488385,TRUE,""
ENSG00000182512,GLRX5,t2d,grey,0.0558962221108084,0.18517115131359,0.0002075,33.5797,3214,0.00923035911807382,TRUE,""
ENSG00000182512,GLRX5,fbg,null,-0.0126557484024472,0.516565503095008,0.0002344,33.5797,2757,0.00521230416947769,TRUE,""
ENSG00000182534,MXRA7,fbg,null,0.000468526476741298,0.976186087108502,0.000889,80.5977,1665,0.0078906421763275,TRUE,""
ENSG00000182544,MFSD5,fbg,grey,0.0240277616693801,0.142466754827972,0.0008486,32.5946,2144,0.0102992707130359,TRUE,""
ENSG00000182578,CSF1R,fbg,grey,-0.020360632298038,0.330566734834094,0.0004124,31.4725,2063,0.00697322099422395,TRUE,""
ENSG00000182580,EPHB3,fbg,null,-0.000615221489337721,0.974266251454282,8.794e-05,28.8792,1448,0.00351248769659826,TRUE,""
ENSG00000182586,LINC00334,cad,null,0.0236327418018472,0.790375694602622,0.001779,10.4167,1810,0.000420371595166559,TRUE,""
ENSG00000182600,C2orf82,t2d,grey,-0.335035199671329,0.0813585718041446,7.507e-05,9.7049,2027,0.0178747739632349,TRUE,""
ENSG00000182747,SLC35D3,t2d,null,0.0205178046447859,0.63496697517521,3.936e-05,36.2357,2504,0.00493528798382722,TRUE,""
ENSG00000182747,SLC35D3,cad,null,-0.00218274517497723,0.945393072235116,0.00134,36.2357,3981,0.00346614184042328,TRUE,""
ENSG00000182810,DDX28,t2d,grey,0.275965775301331,0.165925097632956,0.0008627,8.5786,2148,0.0117955286533732,TRUE,""
ENSG00000182810,DDX28,cad,grey,0.201268272212249,0.177908672960897,0.0004551,8.5786,3315,0.00907660040481637,TRUE,""
ENSG00000182866,LCK,t2d,grey,0.50166083738577,0.439950249877051,0.0004059,5.2273,1216,0.0105589107476685,TRUE,""
ENSG00000182871,COL18A1,fbg,grey,0.0109298264554108,0.192564416267239,0.0007375,85.6081,1850,0.00680740882333709,TRUE,""
ENSG00000182885,GPR97,fbg,grey,-0.0162512216290934,0.395325086245385,0.002001,34.5547,1762,0.00668811256995694,TRUE,""
ENSG00000182901,RGS7,fbg,null,0.0370940707335246,0.527662046790784,0.0007871,11.327,2233,0.0054922048144462,TRUE,""
ENSG00000182919,C11orf54,fbg,grey,0.0107119277797861,0.381573905705021,2.2e-100,46.4456,1985,2.46952715130721e-96,TRUE,""
ENSG00000182919,C11orf54,t2d,null,-0.00191284424639038,0.950779127092922,5.847e-30,46.4456,3479,1.03368878461266e-25,TRUE,""
ENSG00000183060,LYSMD4,fbg,null,-0.0137342042850946,0.533520127186025,7.024e-05,53.7409,2201,0.00571761736110278,TRUE,""
ENSG00000183077,AFMID,cad,grey,-0.202686676932673,0.455539287086232,3.002e-06,9.9243,,,FALSE,对齐后仅 0 变异(<10)
ENSG00000183087,GAS6,fbg,grey,0.0225069412490612,0.398809120942745,0.001169,18.9754,871,0.0047882856098425,TRUE,""
ENSG00000183091,NEB,fbg,null,0.00397072777246916,0.913651642276487,0.00175,36.969,2011,0.00999907950929496,TRUE,""
ENSG00000183092,BEGAIN,cad,null,-0.00475403650037277,0.730223992825289,9.627e-05,78.4378,4252,0.00269937791713204,TRUE,""
ENSG00000183155,RABIF,t2d,grey,-0.189750349344406,0.299929136337537,8.788e-07,7.8249,2418,0.00318850030922249,TRUE,""
ENSG00000183160,TMEM119,t2d,grey,0.109756042356977,0.397466925422593,0.0002702,43.1067,2921,0.0265029191318807,TRUE,""
ENSG00000183172,C22orf32,fbg,null,-0.00705750240589102,0.634786973282518,0.005453,102.7066,1447,0.00753841951658291,TRUE,""
ENSG00000183207,RUVBL2,fbg,null,0.0228089692208407,0.799614415360277,0.006604,17.2782,1271,0.0110256516790973,TRUE,""
ENSG00000183246,RIMBP3C,fbg,null,-0.0705717530741805,0.820878589145356,0.0002249,11.2007,1449,0.0503829788202241,TRUE,""
ENSG00000183260,ABHD16B,fbg,grey,0.120880766651904,0.285438504621253,0.001274,11.6509,1025,0.0156918562916704,TRUE,""
ENSG00000183260,ABHD16B,t2d,null,0.132454457076023,0.691991537251249,0.005321,11.6509,420,6.42227714737898e-05,TRUE,""
ENSG00000183309,ZNF623,t2d,null,-0.024359711351128,0.732754742460857,1.618e-08,20.3908,,,FALSE,对齐后仅 7 变异(<10)
ENSG00000183309,ZNF623,cad,null,-0.0234897216600163,0.647220356947692,0.0002362,20.3908,1033,0.020487796943053,TRUE,""
ENSG00000183354,KIAA2026,cad,null,0.0388138546025867,0.518822668670191,6.315e-05,16.7725,5981,0.0031592490015591,TRUE,""
ENSG00000183386,FHL3,fbg,grey,-0.0170925844920309,0.327716664719426,0.001293,103.6953,1568,0.0055377776244781,TRUE,""
ENSG00000183426,NPIP,fbg,null,0.00205022880232992,0.754660563059686,0.01645,39.084,776,0.00405798347642407,TRUE,""
ENSG00000183439,TRIM61,cad,grey,0.115444731201499,0.104162558830439,0.002041,13.3517,3508,0.0232654403373066,TRUE,""
ENSG00000183444,AC004967.8,cad,grey,-0.0269669873236892,0.357241064007957,0.001016,15.4557,4146,0.0042105281937811,TRUE,""
ENSG00000183474,GTF2H2C,fbg,null,-0.00840474933461255,0.920344325445942,0.01148,12.3511,643,0.0167868032959559,TRUE,""
ENSG00000183475,ASB7,t2d,grey,0.259165944748058,0.210378532571651,0.004395,8.4996,2896,0.0139628151854492,TRUE,""
ENSG00000183486,MX2,cad,null,-0.0106926076639162,0.842889997154009,3.429e-07,36.0432,2611,0.000962782687498604,TRUE,""
ENSG00000183513,COA5,cad,grey,0.0750617543022015,0.17402778894999,7.84e-05,18.5773,3194,0.0071675361146733,TRUE,""
ENSG00000183527,PSMG1,t2d,grey,0.0970296114935095,0.228558028316351,0.0005752,21.647,1784,0.00890514423587842,TRUE,""
ENSG00000183527,PSMG1,cad,null,-0.0156234120201414,0.779928843550604,0.0001081,21.647,2488,0.00682790546974275,TRUE,""
ENSG00000183542,KLRC4,cad,null,0.0173172278373251,0.596519838726618,0.0003213,16.6581,5877,0.00374497481548362,TRUE,""
ENSG00000183579,ZNRF3,fbg,grey,-0.0935587706860353,0.305650988197024,0.001228,7.2637,1372,0.00893603692675141,TRUE,""
ENSG00000183605,SFXN4,cad,null,0.00368780548511745,0.841480581121794,5.557e-07,105.1189,765,0.0405628453630252,TRUE,""
ENSG00000183615,FAM167B,cad,grey,0.134806429457053,0.202309241991172,7.588e-05,19.1899,2239,0.0134083268381115,TRUE,""
ENSG00000183617,MRPL54,cad,null,0.000896684170612753,0.94684707139927,0.0007477,67.8644,5507,0.00443343012609183,TRUE,""
ENSG00000183647,ZNF530,cad,null,0.0198281177248083,0.971797834945534,0.0005571,6.0049,4021,0.00675677438427224,TRUE,""
ENSG00000183655,KLHL25,fbg,grey,-0.100882289566635,0.222939094167741,0.00276,6.8579,2482,0.0074926929721333,TRUE,""
ENSG00000183657,PP13439,fbg,grey,-0.00860675735887705,0.370341784125815,8.184e-10,32.2392,1767,4.79417932776349e-07,TRUE,""
ENSG00000183682,BMP8A,cad,null,-0.0358710198959479,0.525765815271962,9.106e-06,19.7202,3595,0.00666039648136495,TRUE,""
ENSG00000183688,FAM101B,cad,grey,0.0779762366704205,0.213778211996613,4.375e-05,19.2018,3679,0.00715441354273583,TRUE,""
ENSG00000183688,FAM101B,fbg,null,0.00254270336968763,0.941670256652406,0.004464,19.2018,871,0.00469431713504218,TRUE,""
ENSG00000183718,TRIM52,fbg,grey,0.0451694344770635,0.461218374590665,0.001253,10.9014,764,0.00576697767712558,TRUE,""
ENSG00000183722,LHFP,fbg,grey,-0.0241959470294662,0.457568175062507,0.001137,18.9089,2475,0.00545635930958598,TRUE,""
ENSG00000183723,CMTM4,t2d,grey,-0.557356382341993,0.317310507862914,0.0002947,9.0861,2826,0.0202448101141082,TRUE,""
ENSG00000183734,ASCL2,cad,grey,0.0440265625842699,0.0692681686768146,3.436e-05,46.0847,6714,0.016407963878646,TRUE,""
ENSG00000183735,TBK1,t2d,grey,-0.146238476602926,0.0506367447894727,9.179e-17,31.4035,1775,0.0389631592967144,TRUE,""
ENSG00000183751,TBL3,fbg,grey,0.138413149498797,0.158588094568376,0.003639,7.2488,1099,0.0185314007849864,TRUE,""
ENSG00000183773,AIFM3,fbg,grey,0.10414684819522,0.0533819511385757,0.0002249,24.8669,961,0.0618450800712624,TRUE,""
ENSG00000183813,CCR4,t2d,null,-0.017834952208381,0.800552924922785,0.0002309,23.8279,3515,0.00424637701500933,TRUE,""
ENSG00000183814,LIN9,cad,grey,-0.0645963979736759,0.463355149269596,5.41e-06,12.0835,5017,0.00298097821754949,TRUE,""
ENSG00000183822,CTA-833B7.2,cad,grey,0.054946081031432,0.364803543676989,0.000155,7.4596,4959,0.00462662722110527,TRUE,""
ENSG00000183889,PKD1P1,cad,null,0.00342167767032461,0.892505031135259,5.946e-07,17.8873,4157,0.000588035537781938,TRUE,""
ENSG00000183891,TTC32,fbg,grey,0.00841486412366337,0.453254704753736,0.0006389,81.5497,2451,0.00890997900858255,TRUE,""
ENSG00000183891,TTC32,t2d,null,-0.0136240657240264,0.639094284016711,2.826e-05,81.5497,4060,0.00628145120535942,TRUE,""
ENSG00000183914,DNAH2,cad,null,-0.0757648828707692,0.537710350300799,7.635e-05,11.705,4889,0.00455008679991015,TRUE,""
ENSG00000183960,KCNH8,cad,null,0.00650224420809258,0.962612853295523,4.009e-06,8.0998,4813,0.00240813608229093,TRUE,""
ENSG00000183977,PP2D1,fbg,grey,0.0722088011574178,0.440452945294225,0.0005625,5.583,1599,0.00556570904554071,TRUE,""
ENSG00000183977,PP2D1,cad,null,-0.106976001714693,0.544474508963011,4.564e-05,5.583,5527,0.00345848524833116,TRUE,""
ENSG00000184005,ST6GALNAC3,t2d,null,0.0150028449243126,0.74147786049033,9.531e-05,38.3708,3528,0.00408795322236257,TRUE,""
ENSG00000184009,ACTG1,cad,grey,0.128383604340331,0.104549135567974,3.156e-05,13.2978,,,FALSE,对齐后仅 0 变异(<10)
ENSG00000184047,DIABLO,cad,null,0.0368090913753574,0.523518574588213,0.0006576,16.3308,3004,0.00328744841632854,TRUE,""
ENSG00000184113,CLDN5,t2d,grey,-0.04355316497506,0.364292322660251,0.001319,35.0413,1816,0.00648272198910277,TRUE,""
ENSG00000184164,CRELD2,fbg,grey,-0.0129628174804208,0.196120745095134,0.0007649,77.3117,2144,0.00585386192238161,TRUE,""
ENSG00000184203,PPP1R2,cad,null,0.00704750534070231,0.907124205990156,0.0001155,7.9591,5709,0.00384235741332509,TRUE,""
ENSG00000184208,C22orf46,cad,grey,-0.33028069391872,0.444446702634924,8.097e-05,5.2911,3574,0.0118153918122031,TRUE,""
ENSG00000184220,CMSS1,t2d,grey,0.0343695468230172,0.206768926296321,0.001789,47.4836,3179,0.010980677371802,TRUE,""
ENSG00000184221,OLIG1,t2d,grey,0.0401109122498581,0.149009774089831,0.0003171,73.5996,868,0.00097354686544325,TRUE,""
ENSG00000184271,POU6F1,cad,null,0.00273259747073374,0.922905718287002,2.734e-06,35.7362,3741,0.00136275014098165,TRUE,""
ENSG00000184277,TM2D3,fbg,null,0.00416017725031748,0.883085590508198,0.003619,21.2806,1287,0.00404971800565062,TRUE,""
ENSG00000184293,CLECL1,fbg,null,-0.00123386525515602,0.900523550339774,0.002978,79.6529,2012,0.00723390338605115,TRUE,""
ENSG00000184350,MRGPRE,fbg,grey,-0.0173848932807577,0.49813992156856,1.615e-05,19.413,1757,0.00319870319409598,TRUE,""
ENSG00000184384,MAML2,fbg,grey,0.133926602410264,0.264685639371351,0.003394,7.7087,2125,0.011246379514147,TRUE,""
ENSG00000184445,KNTC1,fbg,grey,0.0312363115209653,0.462525949847147,0.004144,20.3524,822,0.00769810576130196,TRUE,""
ENSG00000184489,PTP4A3,cad,grey,-0.0745975792609626,0.251081168760486,0.0003772,19.625,3353,0.0119107430917447,TRUE,""
ENSG00000184500,PROS1,t2d,grey,-0.0758130988589809,0.259463716493134,9.517e-08,16.6981,1059,0.000396780816395343,TRUE,""
ENSG00000184517,ZFP1,fbg,null,-0.00362986506387038,0.808451451773901,0.001167,50.1742,1510,0.0161404916796452,TRUE,""
ENSG00000184545,DUSP8,cad,grey,-0.101148904205653,0.444731596522484,0.0002549,11.0987,6470,0.00765122168982011,TRUE,""
ENSG00000184575,XPOT,cad,grey,-0.0697770747331432,0.37092777927468,0.0008048,12.382,3098,0.00406124754946076,TRUE,""
ENSG00000184584,TMEM173,fbg,null,-0.0204335686967778,0.530363658980336,0.001141,27.7814,926,0.0074850376243882,TRUE,""
ENSG00000184602,SNN,cad,null,-0.190815524963042,0.565917676519681,0.0003121,8.5105,7639,0.00732768992375741,TRUE,""
ENSG00000184669,OR7E14P,t2d,null,0.00998495625030048,0.638972569384193,2.089e-20,49.4038,3189,1.978194350375e-16,TRUE,""
ENSG00000184719,RNLS,fbg,grey,-0.0224261181561721,0.458126425559177,0.001143,18.2555,2118,0.00486896782305114,TRUE,""
ENSG00000184838,PRR16,fbg,null,0.00855302467273912,0.858897500094722,0.0007668,15.6507,2207,0.0055375931441902,TRUE,""
ENSG00000184857,TMEM186,cad,grey,-0.301561697670215,0.147793765338126,0.0002623,6.4708,9429,0.00834770825991259,TRUE,""
ENSG00000184857,TMEM186,t2d,null,-0.0657952794916834,0.824140895741885,3.225e-07,6.4708,6210,0.00145251354021264,TRUE,""
ENSG00000184900,SUMO3,t2d,grey,0.231329698217364,0.0988714427605439,0.0002073,18.0311,661,0.000207711358394834,TRUE,""
ENSG00000184900,SUMO3,fbg,grey,-0.0460698975263395,0.392802835278636,0.0007375,18.0311,1761,0.00901295740678876,TRUE,""
ENSG00000184900,SUMO3,cad,null,-0.0558720033830075,0.568677698092648,3.655e-05,18.0311,1732,0.00258145145589377,TRUE,""
ENSG00000184922,FMNL1,cad,grey,0.126199047601932,0.350084072884968,2.333e-07,7.982,174,7.2578282034119e-05,TRUE,""
ENSG00000184939,ZFP90,fbg,null,0.00154043201920431,0.828819213786263,5.479e-06,102.4734,927,0.00372503667305417,TRUE,""
ENSG00000185015,CA13,t2d,grey,0.0950918712916341,0.0996934774056042,0.0005545,25.2699,925,0.0128573581284468,TRUE,""
ENSG00000185015,CA13,fbg,null,0.00633945808610894,0.785062868547559,0.003891,25.2699,979,0.00423087938579119,TRUE,""
ENSG00000185033,SEMA4B,fbg,grey,0.0313684476667646,0.18517115131359,0.0008607,30.0178,1712,0.0111519696340767,TRUE,""
ENSG00000185041,RP11-321E2.6,cad,grey,-0.202177800251507,0.0900914983292912,9.68e-06,7.2256,6213,0.00644395712277151,TRUE,""
ENSG00000185087,FAM169B,fbg,null,-0.0266317713727486,0.510193396248432,7.024e-05,17.9496,2309,0.00531416322360289,TRUE,""
ENSG00000185088,RPS27L,t2d,grey,-0.125529603087183,0.472135827584969,2.577e-10,12.2948,3662,1.19970499761913e-06,TRUE,""
ENSG00000185088,RPS27L,fbg,grey,-0.121200996084177,0.112987770277812,2.727e-07,12.2948,1938,0.00555202560733287,TRUE,""
ENSG00000185133,INPP5J,t2d,null,0.0320144770179397,0.957579336522843,0.0004537,4.7353,3148,0.00568183535336564,TRUE,""
ENSG00000185168,LINC00482,fbg,grey,0.0273786640500733,0.265435219655808,5.288e-05,16.2746,1312,0.00931133726833651,TRUE,""
ENSG00000185201,IFITM2,cad,grey,-0.0685946435230477,0.0916866102495143,8.347e-06,22.669,3381,0.0100006939955722,TRUE,""
ENSG00000185271,KLHL33,t2d,grey,0.136764619547262,0.470590262820613,0.0004196,5.5373,2515,0.00489559884053097,TRUE,""
ENSG00000185271,KLHL33,fbg,null,-0.0359906893545426,0.639248343034235,0.001305,5.5373,1830,0.00431646632118942,TRUE,""
ENSG00000185305,ARL15,fbg,grey,-0.0332471048008759,0.402474929547394,0.0008602,19.1827,2328,0.00724869438549413,TRUE,""
ENSG00000185338,SOCS1,t2d,null,-0.0768400328475681,0.646360896588277,0.0002645,9.0178,3965,0.0042860171231606,TRUE,""
ENSG00000185339,TCN2,fbg,grey,-0.0183227850871972,0.179029242883863,0.0006238,49.5248,1494,0.00443280527322485,TRUE,""
ENSG00000185386,MAPK11,cad,null,-0.00787094790258054,0.955072524829377,0.0001068,6.9825,3492,0.00324501940013935,TRUE,""
ENSG00000185404,SP140L,cad,grey,0.0451034550785588,0.116083133738655,0.0001277,87.3113,3537,0.0038718373193443,TRUE,""
ENSG00000185432,METTL7A,fbg,null,-0.00630116376830833,0.707660466654552,0.0002794,33.8985,1193,0.00460742990026014,TRUE,""
ENSG00000185442,FAM174B,cad,null,0.0110052126082902,0.795927918181723,3.604e-06,22.0514,5873,0.00277916519279563,TRUE,""
ENSG00000185475,TMEM179B,cad,grey,-0.105470048413903,0.164580351486275,0.0001538,13.839,4269,0.00693938152151246,TRUE,""
ENSG00000185480,PARPBP,t2d,grey,-0.154099737327365,0.417637746651113,0.000119,8.6741,2993,0.00979512173399242,TRUE,""
ENSG00000185482,STAC3,t2d,null,-0.0661102480268329,0.595512889285081,0.001047,11.5566,1772,0.00449317584143848,TRUE,""
ENSG00000185483,ROR1,t2d,null,0.0453776910899127,0.841480581121794,1.816e-06,7.2973,2885,0.00317016109350396,TRUE,""
ENSG00000185513,L3MBTL1,t2d,grey,-0.160060945043209,0.430989228420108,0.0002956,6.2992,1233,0.000470145898130899,TRUE,""
ENSG00000185585,OLFML2A,cad,grey,0.254459243086381,0.0589067186156619,0.0001471,7.2719,,,FALSE,对齐后仅 0 变异(<10)
ENSG00000185591,SP1,fbg,null,-0.0132995214242599,0.514941407043905,0.0008486,25.1436,1873,0.00625138907218076,TRUE,""
ENSG00000185596,WASH3P,cad,grey,0.0220656153562043,0.252239176189789,0.01244,28.6888,939,0.00653313455677438,TRUE,""
ENSG00000185608,MRPL40,fbg,null,-0.00970073229882469,0.844548777837679,0.0001662,18.3158,1708,0.00587167242581228,TRUE,""
ENSG00000185633,NDUFA4L2,fbg,null,-0.0273763134814933,0.8078169693465,0.0007165,5.5097,1043,0.00853428341068287,TRUE,""
ENSG00000185640,KRT79,fbg,grey,-0.0424449486155678,0.227862855875692,0.0008486,17.1356,2139,0.00866077897878809,TRUE,""
ENSG00000185664,PMEL,t2d,grey,0.17451423324886,0.266520525805011,0.0008094,9.979,1669,0.00890766440701337,TRUE,""
ENSG00000185670,ZBTB3,cad,null,0.0858940448420468,0.845952170860705,0.0001538,6.4771,4294,0.00800377926102116,TRUE,""
ENSG00000185792,NLRP9,t2d,grey,-0.356792291563046,0.223654644270267,0.001376,4.9223,1707,0.00679219139735112,TRUE,""
ENSG00000185811,IKZF1,cad,grey,0.0335691493406956,0.304577450342942,0.0002032,54.7517,5630,0.00685034404531801,TRUE,""
ENSG00000185862,EVI2B,fbg,null,-0.0243849461662197,0.564779052623049,0.006224,13.7761,1059,0.00571948913009868,TRUE,""
ENSG00000185880,TRIM69,t2d,grey,0.0885505359765341,0.139892765510505,0.0007789,37.1283,1703,0.0178126592767601,TRUE,""
ENSG00000185880,TRIM69,cad,null,0.00428470335370326,0.920344325445942,0.001267,37.1283,3189,0.00407467062593421,TRUE,""
ENSG00000185899,TAS2R60,t2d,grey,-0.0793450370167853,0.267104142255223,0.0007549,17.9447,1999,0.00721321638792544,TRUE,""
ENSG00000185899,TAS2R60,cad,grey,-0.0985273536582059,0.0596552087936773,0.0007078,17.9447,2915,0.0166408237928467,TRUE,""
ENSG00000185899,TAS2R60,fbg,grey,0.0340050158643365,0.278660494899244,0.002779,17.9447,1184,0.00786337831933303,TRUE,""
ENSG00000185920,PTCH1,t2d,null,-0.0371036498316932,0.536364018285471,0.002035,35.3051,,,FALSE,对齐后仅 0 变异(<10)
ENSG00000185946,RNPC3,t2d,grey,-0.213453806000815,0.263447609665502,0.000131,8.613,2797,0.00671971058051791,TRUE,""
ENSG00000185989,RASA3,cad,grey,-0.058906775889984,0.193057503035078,0.0001795,24.4934,1359,0.00700875190824791,TRUE,""
ENSG00000186010,NDUFA13,t2d,grey,-0.144492015377744,0.13766675807651,4.131e-12,15.04,2200,3.46790029809941e-08,TRUE,""
ENSG00000186010,NDUFA13,fbg,null,-0.00501708386728277,0.905237629455841,0.0007539,15.04,953,0.00488481100002347,TRUE,""
ENSG00000186020,ZNF529,cad,null,-0.00499645115628145,0.907124205990156,1.651e-05,24.9377,3202,0.00177759730421305,TRUE,""
ENSG00000186026,ZNF284,t2d,grey,0.119684292321518,0.435590430382112,1.27e-05,12.4613,2178,0.00792965045360087,TRUE,""
ENSG00000186026,ZNF284,cad,null,0.037726570405696,0.723594799835612,2.135e-35,12.4613,4212,4.59820782101602e-31,TRUE,""
ENSG00000186047,DLEU7,cad,grey,-0.0906127323811295,0.386124674283814,0.0002025,10.2149,3633,0.00388032195614895,TRUE,""
ENSG00000186056,MATN1-AS1,t2d,null,-0.0171800668178514,0.901745388954132,0.0001701,7.6473,2965,0.00383655441151789,TRUE,""
ENSG00000186063,AIDA,fbg,grey,-0.44519940726989,0.488744120386507,0.001503,6.896,1105,0.105618767584932,TRUE,""
ENSG00000186063,AIDA,t2d,null,-0.274539634483099,0.621777079324282,0.0001163,6.896,1191,0.0113090678142938,TRUE,""
ENSG00000186081,KRT5,fbg,null,-0.00720851838396501,0.761866768188248,0.0002794,21.6019,2044,0.00576161312468043,TRUE,""
ENSG00000186106,ANKRD46,t2d,null,-0.0755486542443064,0.599137646373948,1.544e-05,9.66,1632,0.00266540234922077,TRUE,""
ENSG00000186106,ANKRD46,cad,null,-0.0147412008281574,0.888382767911091,4.698e-07,9.66,2677,0.00267449739693887,TRUE,""
ENSG00000186115,CYP4F2,cad,null,0.0701745717919488,0.566419019946403,1.532e-05,9.7978,5970,0.00328115251998669,TRUE,""
ENSG00000186132,C2orf76,cad,grey,0.0579432703456917,0.156580407089635,0.0003369,14.0598,3090,0.0083090474575797,TRUE,""
ENSG00000186141,POLR3C,t2d,grey,-0.19588124838221,0.250143871274301,0.005793,5.6088,42,0.00680323059796217,TRUE,""
ENSG00000186153,WWOX,t2d,grey,0.0948302404611672,0.113586011002459,7.553e-05,23.3401,7408,0.0118363001504395,TRUE,""
ENSG00000186162,CIDECP,cad,null,-0.0547473462585767,0.659446150240903,3.918e-05,8.0209,5797,0.00274705549985438,TRUE,""
ENSG00000186174,BCL9L,cad,null,-0.0422432483077356,0.809261146695181,2.875e-07,5.8605,4473,0.000176422850846306,TRUE,""
ENSG00000186184,POLR1D,fbg,null,-0.000457066557107642,0.975070165131246,5.129e-08,52.1386,2196,0.000129430908526367,TRUE,""
ENSG00000186188,FFAR4,cad,grey,0.0362031139479489,0.317310507862914,0.0003615,26.1209,461,0.000731807922763603,TRUE,""
ENSG00000186188,FFAR4,fbg,null,-0.00184083630243808,0.933586496294755,0.0007423,26.1209,1882,0.00427091424902579,TRUE,""
ENSG00000186205,MARC1,t2d,grey,-0.0706484374393897,0.339422335862052,0.0001163,38.157,3654,0.0122336746820949,TRUE,""
ENSG00000186265,BTLA,fbg,grey,-0.153794800183256,0.131357076458327,0.000353,9.064,2176,0.0202513731190513,TRUE,""
ENSG00000186272,ZNF17,t2d,null,-0.0466773931710383,0.767646670678346,0.0006306,9.8956,2648,0.00458170918095924,TRUE,""
ENSG00000186272,ZNF17,fbg,null,0.00897642176366121,0.892505031135259,0.001451,9.8956,1627,0.00445807081143877,TRUE,""
ENSG00000186318,BACE1,fbg,grey,-0.0141612941871597,0.49813992156856,0.0005425,26.3066,2371,0.00453299464824216,TRUE,""
ENSG00000186350,RXRA,fbg,grey,0.132059600112738,0.136392147794979,0.0001011,7.7193,2164,0.0156768218102254,TRUE,""
ENSG00000186354,C9orf47,cad,grey,0.154207302479219,0.206532441214479,0.000419,8.2954,,,FALSE,对齐后仅 0 变异(<10)
ENSG00000186399,GOLGA8R,cad,grey,0.0636410567062639,0.374809766196449,0.0005087,16.2335,2803,0.00558842861276601,TRUE,""
ENSG00000186407,CD300E,cad,null,-0.0155805337596382,0.701930313171014,7.124e-05,23.7596,,,FALSE,对齐后仅 0 变异(<10)
ENSG00000186409,CCDC30,t2d,grey,0.2471699933507,0.0589067186156619,2.469e-05,10.9587,2499,0.0205540766222109,TRUE,""
ENSG00000186468,RPS23,t2d,grey,0.0493749406232649,0.166170104682876,0.0007942,119.9,1982,0.0177928834227753,TRUE,""
ENSG00000186468,RPS23,cad,null,0.00502892913755476,0.844274735076052,0.0005573,119.9,2941,0.00298134506968744,TRUE,""
ENSG00000186480,INSIG1,t2d,grey,0.0490686643628138,0.0610107247477557,0.002819,56.8012,2618,0.0606456678288923,TRUE,""
ENSG00000186480,INSIG1,fbg,null,-0.00265236023582777,0.802587348634153,0.001768,56.8012,2248,0.0043808212442085,TRUE,""
ENSG00000186487,MYT1L,t2d,grey,-0.0952748095995485,0.161513318467542,0.0002062,20.5472,4273,0.00999609859201064,TRUE,""
ENSG00000186496,ZNF396,cad,null,-0.00477117564549989,0.858274230547457,2.591e-05,37.125,,,FALSE,对齐后仅 0 变异(<10)
ENSG00000186501,TMEM222,cad,null,0.0705348762116813,0.698386084925716,1.852e-06,15.5354,2767,0.00194981094835198,TRUE,""
ENSG00000186532,SMYD4,t2d,null,-0.00816238423339642,0.887730533640355,0.0005755,26.0803,1696,0.00413779372619059,TRUE,""
ENSG00000186567,CEACAM19,fbg,null,-0.00669474951105762,0.87583596638341,6.372e-05,13.294,1418,0.00361954120538907,TRUE,""
ENSG00000186577,C6orf1,t2d,grey,0.303591274187795,0.179403930222965,1.01e-06,8.4116,3388,0.0019291168578588,TRUE,""
ENSG00000186594,MIR22HG,cad,grey,0.0172875510442015,0.421957219878855,4.112e-17,40.6045,5944,8.75368976092911e-13,TRUE,""
ENSG00000186638,KIF24,t2d,grey,0.130081020962009,0.476677546858551,1.36e-09,15.4875,2583,1.57025423736064e-06,TRUE,""
ENSG00000186654,PRR5,fbg,grey,-0.0464854964623229,0.303286223069842,0.002212,12.4141,2720,0.00660063412788183,TRUE,""
ENSG00000186665,C17orf58,cad,null,0.133663604998512,0.763819070228277,1.199e-05,5.1148,,,FALSE,对齐后仅 0 变异(<10)
ENSG00000186666,BCDIN3D,t2d,null,-0.10150919611374,0.852030333287899,3.342e-07,5.9842,1827,0.000818445454888282,TRUE,""
ENSG00000186687,LYRM7,t2d,null,0.037623833746966,0.817087559659947,0.003925,16.0459,1808,0.00725194463262668,TRUE,""
ENSG00000186765,FSCN2,cad,grey,0.155154323799794,0.264136875256031,3.156e-05,6.6587,,,FALSE,对齐后仅 0 变异(<10)
ENSG00000186792,HYAL3,fbg,grey,-0.0295697005422288,0.150038940526236,0.0001937,82.2807,828,0.0096664395941155,TRUE,""
ENSG00000186806,VSIG10L,t2d,null,-0.044532700746714,0.695572285478057,0.0001214,15.4622,2754,0.00572639188509984,TRUE,""
ENSG00000186812,ZNF397,t2d,grey,-0.507732772935673,0.082382895623028,0.002936,16.746,,,FALSE,对齐后仅 0 变异(<10)
ENSG00000186814,ZSCAN30,t2d,null,-0.0255434508007042,0.809937757315164,0.002936,10.7858,,,FALSE,对齐后仅 0 变异(<10)
ENSG00000186815,TPCN1,cad,null,-0.0446631303563774,0.730781595021254,2.564e-08,12.1575,4793,0.000113267178001215,TRUE,""
ENSG00000186827,TNFRSF4,cad,grey,0.0936201002738901,0.103267833634915,0.0001901,23.818,2190,0.0146793023294488,TRUE,""
ENSG00000186834,HEXIM1,t2d,grey,0.23316188428999,0.101763504951258,2.278e-09,8.945,52,3.13004044646802e-06,TRUE,""
ENSG00000186854,TRABD2A,t2d,grey,0.112846577538248,0.226372497018036,0.0042,30.8912,3099,0.0197358007444939,TRUE,""
ENSG00000186908,ZDHHC17,t2d,grey,0.127131596780585,0.0561543240552473,7.873e-05,32.5626,3641,0.0334167845409081,TRUE,""
ENSG00000187037,GPR141,cad,null,0.0127291336939172,0.697358341877476,0.0001534,29.3467,6805,0.00260824450169287,TRUE,""
ENSG00000187049,TMEM216,cad,null,0.00168746333730111,0.98030114827788,4.149e-05,21.0581,4092,0.00286401795879731,TRUE,""
ENSG00000187051,RPS19BP1,cad,grey,0.164852576837847,0.412403041383546,4.396e-08,5.3805,3222,0.00277539324474667,TRUE,""
ENSG00000187051,RPS19BP1,fbg,null,-0.0263764122940555,0.808451451773901,0.0001325,5.3805,1269,0.00391526371039655,TRUE,""
ENSG00000187097,ENTPD5,cad,null,-0.0432119132524128,0.674075861571692,3.601e-10,18.1212,4020,1.57149724608526e-05,TRUE,""
ENSG00000187109,NAP1L1,t2d,null,-0.0168103374601423,0.713552924831084,6.855e-05,13.4549,2833,0.00379711134326362,TRUE,""
ENSG00000187135,VSTM2B,t2d,grey,0.289127244627215,0.235030456586428,2.139e-05,4.6106,2718,0.00474465905756062,TRUE,""
ENSG00000187135,VSTM2B,cad,grey,-0.243475574422918,0.167799088355472,7.3e-05,4.6106,4598,0.00590737484881139,TRUE,""
ENSG00000187135,VSTM2B,fbg,null,0.00304344468028648,0.974266251454282,0.0006328,4.6106,2117,0.00316050760634921,TRUE,""
ENSG00000187145,MRPS21,fbg,grey,-0.0178167227932336,0.0915072499234822,0.0002148,36.1969,607,0.0159568192722745,TRUE,""
ENSG00000187164,KIAA1598,fbg,grey,0.00605707469334123,0.409371590694505,0.003445,143.1194,2150,0.0109520206647502,TRUE,""
ENSG00000187193,MT1X,cad,null,-0.00614619660923311,0.7924288824046,1.194e-09,47.951,6231,2.94677167386209e-06,TRUE,""
ENSG00000187210,GCNT1,fbg,null,0.0106145577932722,0.738882680363527,0.002093,20.1106,2625,0.00452632860461736,TRUE,""
ENSG00000187231,SESTD1,t2d,grey,0.0578664136731307,0.176582909707466,1.577e-06,63.1457,2956,0.0521305575456884,TRUE,""
ENSG00000187231,SESTD1,cad,grey,0.0277758785631027,0.355967119733731,0.0001479,63.1457,3805,0.00885707063505702,TRUE,""
ENSG00000187240,DYNC2H1,cad,null,-0.0671475226342593,0.617075077451974,1.115e-28,7,6681,1.17439420549342e-08,TRUE,""
ENSG00000187240,DYNC2H1,fbg,null,0.0324160454096424,0.671389024011197,0.002424,7,2608,0.00906855496423594,TRUE,""
ENSG00000187266,EPOR,cad,grey,-0.0696105600213861,0.104162558830439,1.931e-36,30.7412,4670,1.91771428047976e-32,TRUE,""
ENSG00000187391,MAGI2,cad,grey,-0.177629290183363,0.237869838089298,0.0003194,7.0874,5604,0.00571068380147672,TRUE,""
ENSG00000187456,RDM1,t2d,grey,0.248918309648693,0.239406878796789,0.0004728,8.2958,352,5.83569868338972e-05,TRUE,""
ENSG00000187498,COL4A1,fbg,grey,0.0560055935673975,0.161513318467542,7.05e-06,20.023,2373,0.0151399731734339,TRUE,""
ENSG00000187522,HSPA14,cad,null,0.0452798079377195,0.728940945890887,0.0002857,13.7339,7081,0.00461704399321877,TRUE,""
ENSG00000187546,AGMO,fbg,grey,-0.0358927388631315,0.288008758003942,1.975e-20,14.9308,2668,4.56102755104333e-17,TRUE,""
ENSG00000187555,USP7,t2d,grey,-0.40517218569376,0.276572896217917,3.225e-07,7.5863,5958,0.00308399812720728,TRUE,""
ENSG00000187556,NANOS3,cad,null,0.0838137459278517,0.643722802327308,3.849e-05,5.5882,4774,0.00414537138698223,TRUE,""
ENSG00000187605,TET3,t2d,grey,0.200965513780948,0.162236114404696,0.0006866,6.8916,2183,0.00975502242930438,TRUE,""
ENSG00000187621,TCL6,fbg,null,0.00875155907031205,0.886403006367064,0.0002344,14.6391,2676,0.00645726004312549,TRUE,""
ENSG00000187626,ZKSCAN4,fbg,grey,0.0340979838130358,0.307123411639191,0.00628,25.0572,1253,0.00998984713171661,TRUE,""
ENSG00000187688,TRPV2,cad,grey,0.0671716807112933,0.173176121354355,5.824e-05,20.8636,3838,0.00723220091781315,TRUE,""
ENSG00000187742,SECISBP2,t2d,grey,0.122994614789563,0.125653638015176,3.61e-05,31.6365,,,FALSE,对齐后仅 0 变异(<10)
ENSG00000187764,SEMA4D,cad,null,0.0173413220322471,0.512356753300256,0.0003021,39.0051,,,FALSE,对齐后仅 0 变异(<10)
ENSG00000187775,DNAH17,cad,null,0.0128832043280387,0.926453576888167,3.002e-06,7.2912,,,FALSE,对齐后仅 0 变异(<10)
ENSG00000187800,PEAR1,fbg,null,0.00799828345689724,0.865158523562643,0.001098,18.2792,1775,0.00632638857349796,TRUE,""
ENSG00000187801,ZFP69B,cad,null,0.0900657605144537,0.699522655082611,9.106e-06,7.6106,4265,0.00484430029111131,TRUE,""
ENSG00000187837,HIST1H1C,fbg,grey,-0.0496985481787245,0.0915072499234822,0.0003799,19.3403,2181,0.0156768142099422,TRUE,""
ENSG00000187838,PLSCR3,fbg,null,0.0109610498227447,0.509837393048038,0.001727,38.2672,1406,0.00634725163377893,TRUE,""
ENSG00000187862,TTC24,t2d,null,-0.0287595861597146,0.617075077451974,0.0001772,24.5728,2806,0.00429586896804257,TRUE,""
ENSG00000187866,FAM122A,fbg,null,0.0219907256689989,0.826844797716898,0.001017,5.602,1463,0.00419525574158828,TRUE,""
ENSG00000187950,OVCH1,t2d,null,-0.0131878919226471,0.950164661941506,0.006766,8.4459,5551,0.00535835109762131,TRUE,""
ENSG00000187984,ANKRD19P,fbg,grey,0.0471587658768908,0.0915072499234822,0.009316,18.1709,1783,0.015901817555278,TRUE,""
ENSG00000187990,HIST1H2BG,cad,grey,0.051628938855901,0.374062797490883,3.212e-06,38.8729,5909,0.00300480779054163,TRUE,""
ENSG00000188002,RP11-43F13.1,fbg,grey,0.0133560369932663,0.130149271197461,0.001503,46.4476,2152,0.0165406461875958,TRUE,""
ENSG00000188026,RILPL1,cad,null,0.0271036976579384,0.772786170857627,1.914e-18,24.3687,4054,0.00167356859289708,TRUE,""
ENSG00000188037,CLCN1,fbg,grey,0.0278045409818302,0.052684253378283,0.002478,42.3442,1153,0.016987894486428,TRUE,""
ENSG00000188039,NWD1,cad,null,-0.0397153644723021,0.742817152223402,1.438e-13,6.1179,5804,9.77218557051721e-06,TRUE,""
ENSG00000188042,ARL4C,fbg,null,0.0156890067826204,0.536808016981021,0.001054,23.8256,2926,0.00468610637730441,TRUE,""
ENSG00000188056,TREML4,t2d,grey,-0.0124170486750198,0.307333408792036,2.625e-07,126.4994,3574,0.00106847983027862,TRUE,""
ENSG00000188076,SCGB1C1,t2d,null,0.00956593131654958,0.733536093959496,0.004104,30.4193,773,0.00487738160682369,TRUE,""
ENSG00000188092,GPR89B,cad,grey,0.0634745670025135,0.419267732920394,6.933e-05,7.305,3217,0.004847571992038,TRUE,""
ENSG00000188130,MAPK12,cad,null,-0.114666570173912,0.566123119370813,0.0001068,4.6851,3560,0.00444736236718659,TRUE,""
ENSG00000188171,ZNF626,t2d,grey,0.0405066686815781,0.124394878470488,0.001229,50.1033,4386,0.0132061060658089,TRUE,""
ENSG00000188186,LAMTOR4,cad,grey,-0.0464775546927184,0.155301459227123,1.698e-06,27.9334,2611,0.00130065161776932,TRUE,""
ENSG00000188211,NCR3LG1,cad,null,-0.0450601520437705,0.563179729625262,6.174e-08,12.4199,4842,1.69772549545365e-05,TRUE,""
ENSG00000188215,DCUN1D3,cad,null,0.0188495958670211,0.819591685650043,1.736e-05,7.3946,3877,0.00166494206681464,TRUE,""
ENSG00000188234,AGAP4,t2d,null,0.000773246445367994,0.95910077028586,0.001591,41.4518,711,0.0037952379056153,TRUE,""
ENSG00000188234,AGAP4,cad,null,0.000773246445367994,0.943056670967043,0.00139,41.4518,1109,0.00276238368469189,TRUE,""
ENSG00000188234,AGAP4,fbg,null,-0.000773246445367994,0.900523550339774,0.004023,41.4518,741,0.00394181030231466,TRUE,""
ENSG00000188243,COMMD6,fbg,grey,0.0539220266576741,0.295324879212805,0.0003788,14.8278,2412,0.00966963637784101,TRUE,""
ENSG00000188266,AGPHD1,t2d,grey,-0.158452169934078,0.479369457910652,5.434e-06,5.9469,3259,0.00304122038623585,TRUE,""
ENSG00000188305,C19orf35,cad,grey,0.0325220347746611,0.212553247537617,6.73e-06,44.7297,5531,0.0149067592470231,TRUE,""
ENSG00000188375,H3F3C,t2d,grey,-0.0611783039344596,0.426565823540547,1.499e-05,25.7579,4552,0.00642874105016666,TRUE,""
ENSG00000188385,JAKMIP3,t2d,null,0.0737202919117107,0.631820065704664,0.1233,14.1638,26,5.31161265881403e-06,TRUE,""
ENSG00000188428,BLOC1S5,fbg,null,0.00650705244426696,0.778518657215875,4.332e-06,22.116,2458,0.00288609574191178,TRUE,""
ENSG00000188549,C15orf52,cad,grey,-0.0361079607857916,0.388649568058315,4.326e-07,16.5376,4097,0.00020835091292095,TRUE,""
ENSG00000188573,FBLL1,cad,null,0.0126739859282159,0.769267377333356,0.000216,24.1899,3904,0.00351389763314716,TRUE,""
ENSG00000188599,NPIPP1,fbg,grey,0.0164369489135519,0.0870606034173402,0.01645,34.748,861,0.0236040351704418,TRUE,""
ENSG00000188603,CLN3,cad,null,-0.0244624148525333,0.51688913507259,0.0002338,23.245,2926,0.00278636656573453,TRUE,""
ENSG00000188636,LDOC1L,t2d,null,-0.0164626815056879,0.642706835862847,3.358e-10,73.378,2782,2.20698778056626e-06,TRUE,""
ENSG00000188641,DPYD,fbg,null,-0.00256712797434022,0.895317338291782,6.129e-05,31.7027,1581,0.0046017297592249,TRUE,""
ENSG00000188647,PTAR1,t2d,grey,0.157176720585303,0.0689551586100704,0.0004649,28.7547,,,FALSE,对齐后仅 0 变异(<10)
ENSG00000188647,PTAR1,cad,null,0.0136455673820038,0.817494086363381,0.0002393,28.7547,,,FALSE,对齐后仅 0 变异(<10)
ENSG00000188647,PTAR1,fbg,null,-0.00404313107614927,0.902046185045065,0.001017,28.7547,2127,0.00756564840401805,TRUE,""
ENSG00000188649,CC2D2B,cad,null,0.0293660781757689,0.755348940471261,1.675e-06,24.7211,353,0.00280301400394962,TRUE,""
ENSG00000188659,FAM154B,t2d,null,-0.0228715721847527,0.662911145572604,0.0001225,35.6213,1637,0.00987555770290205,TRUE,""
ENSG00000188676,IDO2,cad,grey,-0.111704913101692,0.195975282680321,0.000509,10.3763,5448,0.00671479832210621,TRUE,""
ENSG00000188676,IDO2,t2d,null,0.0372349710338974,0.757593887004886,0.001959,10.3763,3980,0.0043356878035992,TRUE,""
ENSG00000188707,C7orf29,fbg,grey,-0.0098896244288271,0.498741913600147,0.0002164,50.0526,1422,0.00699185866058247,TRUE,""
ENSG00000188725,SMIM15,t2d,null,0.120655254715251,0.594971496951515,0.002769,5.5432,2091,0.00636315779757296,TRUE,""
ENSG00000188846,RPL14,cad,grey,0.0218845254550429,0.423710797166793,0.0007777,33.8669,4389,0.00373264856868233,TRUE,""
ENSG00000188878,FBF1,t2d,grey,0.089910848582557,0.419534609348899,0.00137,7.1421,,,FALSE,对齐后仅 0 变异(<10)
ENSG00000188897,CTD-3088G3.8,fbg,null,0.015538663475214,0.693625785030416,0.004219,12.6557,2046,0.00410420867224554,TRUE,""
ENSG00000188906,LRRK2,cad,grey,-0.0429133554958971,0.0658731731272365,0.0006247,39.2571,5260,0.00895833462469423,TRUE,""
ENSG00000188933,USP32P1,cad,grey,0.148755691589008,0.147449843502701,9.507e-10,7.7254,4133,2.3170630166288e-05,TRUE,""
ENSG00000189043,NDUFA4,t2d,grey,-0.194141428396351,0.348501423761085,0.0001076,6.8622,6295,0.00543269469058878,TRUE,""
ENSG00000189067,LITAF,fbg,grey,-0.148559113418222,0.275312886521962,0.004219,14.0355,2298,0.0229222796499362,TRUE,""
ENSG00000189077,TMEM120A,cad,null,0.0341396792546349,0.655636292192115,0.002977,17.1729,2728,0.00393470530430628,TRUE,""
ENSG00000189091,SF3B3,cad,null,0.0216958596086732,0.623265147627004,3.847e-07,22.9714,2763,0.000206046789074257,TRUE,""
ENSG00000189114,BLOC1S3,cad,null,-0.0517603620888969,0.63316792885669,2.135e-35,14.3683,4211,2.86176984183892e-31,TRUE,""
ENSG00000189134,NKAPL,t2d,grey,-0.572720400600176,0.0688277337986849,0.001543,6.5651,2426,0.0315911422435425,TRUE,""
ENSG00000189143,CLDN4,cad,grey,-0.110148968565438,0.125707617716504,0.0002877,9.6121,1799,0.00541292562116601,TRUE,""
ENSG00000189171,S100A13,t2d,null,-0.0181148641073821,0.541126024471668,1.713e-06,40.9652,2894,0.00184726433522984,TRUE,""
ENSG00000189180,ZNF33A,t2d,grey,0.383571411990723,0.159222200583359,0.01156,8.113,2485,0.00990522837983627,TRUE,""
ENSG00000189180,ZNF33A,fbg,null,0.0272482423818547,0.809756060860832,0.01411,8.113,1005,0.00742843450933244,TRUE,""
ENSG00000189182,KRT77,t2d,null,0.00357661159072393,0.964745862834608,2.338e-05,38.6292,3415,0.00649027801629788,TRUE,""
ENSG00000189283,FHIT,fbg,grey,-0.0620127784082061,0.122009984772333,2.77e-05,42.2255,2946,0.0325821618787032,TRUE,""
ENSG00000189306,RRP7A,cad,null,-0.00516222534144784,0.826511328276404,1.721e-06,71.5279,5054,0.00320510680081952,TRUE,""
ENSG00000189306,RRP7A,fbg,null,0.000967917251521469,0.943056670967043,6.316e-05,71.5279,1737,0.0223162175835148,TRUE,""
ENSG00000189403,HMGB1,t2d,grey,-0.288900778619543,0.0795871742256823,0.0001358,7.8463,2450,0.0181941306111592,TRUE,""
ENSG00000189419,RP11-168G16.1,t2d,grey,-0.148168439542543,0.281949901640982,0.004395,8.1174,3186,0.00658449542873418,TRUE,""
ENSG00000189430,NCR1,cad,grey,0.0846975449253354,0.482995690247368,4.205e-06,9.8775,4824,0.00331676727212418,TRUE,""
ENSG00000196092,PAX5,cad,grey,-0.191388778374413,0.371933680494178,0.000209,4.6417,5200,0.00419608023754561,TRUE,""
ENSG00000196141,SPATS2L,cad,null,0.00808719041336763,0.860735015234121,6.945e-08,21.9677,2514,0.00206146472780448,TRUE,""
ENSG00000196152,ZNF79,fbg,grey,0.00950298133098033,0.458126425559177,0.00318,43.0238,1349,0.00520538944579777,TRUE,""
ENSG00000196159,FAT4,fbg,grey,0.0576769404825973,0.475050524053953,0.004769,7.6631,1950,0.00544535402671942,TRUE,""
ENSG00000196182,STK40,fbg,grey,0.0738415082549306,0.393691925690234,0.0008783,6.967,1231,0.00629192459880755,TRUE,""
ENSG00000196188,CTSE,cad,null,0.0284762884570118,0.52893693322248,0.00216,10.5058,3664,0.00465154493075659,TRUE,""
ENSG00000196193,AC034229.1,fbg,null,-0.0229366588396357,0.617075077451974,0.002262,6.2066,2639,0.00765879050414448,TRUE,""
ENSG00000196199,MPHOSPH8,fbg,null,-0.0188735015507076,0.608076879465923,0.003586,18.7112,1785,0.00527577267145423,TRUE,""
ENSG00000196208,GREB1,t2d,grey,-0.349799660197565,0.222112436538958,0.0001428,5.265,3663,0.0231037116612179,TRUE,""
ENSG00000196220,SRGAP3,cad,grey,0.078654087018222,0.359317338329571,0.0004763,12.4048,5875,0.00500506096556994,TRUE,""
ENSG00000196236,XPNPEP3,cad,null,-0.0194036977492489,0.738882680363527,4.396e-08,17.3845,2889,0.000247124620024687,TRUE,""
ENSG00000196262,PPIA,fbg,grey,-0.0273208974913549,0.282374728330258,3.509e-53,27.8449,1441,1.46105250371262e-48,TRUE,""
ENSG00000196263,ZNF471,fbg,grey,0.0269304401417106,0.277605418363564,0.001451,25.1007,1867,0.00734231415741219,TRUE,""
ENSG00000196296,ATP2A1,fbg,grey,0.0419220183810092,0.416504786576218,0.002072,11.0022,592,0.00583614799659707,TRUE,""
ENSG00000196323,ZBTB44,t2d,grey,0.599144586361184,0.142743974330811,0.000598,5.6999,3175,0.0157949709657875,TRUE,""
ENSG00000196323,ZBTB44,fbg,null,-0.0218438130444182,0.894924596681529,0.0002601,5.6999,2158,0.0156616603253039,TRUE,""
ENSG00000196331,HIST1H2BO,fbg,grey,-0.165748987854251,0.0552802925860208,0.0002114,7.41,1434,0.0247826585808977,TRUE,""
ENSG00000196352,CD55,t2d,null,-0.00614985562506139,0.729583958726504,0.000686,98.3057,2861,0.0041050752698367,TRUE,""
ENSG00000196353,CPNE4,fbg,null,0.0322476090803089,0.627783826989789,3.687e-05,8.6125,1974,0.00345502553638634,TRUE,""
ENSG00000196378,ZNF34,fbg,null,-0.00179459950263077,0.922905718287002,0.02063,29.5609,388,0.00375942392474102,TRUE,""
ENSG00000196381,ZNF781,t2d,null,0.0196144055396194,0.759511416075572,0.0003942,18.2657,2281,0.0050190068486695,TRUE,""
ENSG00000196417,ZNF765,cad,null,0.0115662404524038,0.905557350848683,4.138e-05,6.9607,5272,0.00384646601955729,TRUE,""
ENSG00000196466,ZNF799,cad,grey,-0.191764664495478,0.196250609103058,3.849e-05,6.4708,4412,0.0063025955505409,TRUE,""
ENSG00000196470,SIAH1,t2d,grey,-0.104428109371618,0.276326966118891,2.716e-05,14.6093,2368,0.00547758369343669,TRUE,""
ENSG00000196476,C20orf96,t2d,grey,0.0316602871187502,0.447557298702989,0.0006886,33.527,1658,0.00509296747826598,TRUE,""
ENSG00000196476,C20orf96,cad,grey,-0.0459074163221877,0.133614402537716,0.0008998,33.527,4174,0.00836651011082002,TRUE,""
ENSG00000196497,IPO4,cad,grey,-0.115482500311225,0.241915356714959,0.0002795,11.3758,4588,0.00848978004100423,TRUE,""
ENSG00000196497,IPO4,fbg,null,0.00524920455960115,0.926227228722227,0.005151,11.3758,2081,0.00644076075655556,TRUE,""
ENSG00000196504,PRPF40A,fbg,null,0.0125273792934425,0.761866768188248,0.002654,13.2192,1996,0.00417561411745793,TRUE,""
ENSG00000196505,GDAP2,cad,null,0.133478971199754,0.680885261099467,6.759e-05,11.9011,3813,0.0120435250389732,TRUE,""
ENSG00000196510,ANAPC7,t2d,grey,0.200732909810602,0.0579463075174187,0.0003157,11.7909,1467,0.0186364800821419,TRUE,""
ENSG00000196511,TPK1,fbg,null,0.00423485007204157,0.738882680363527,0.01246,57.3202,1612,0.00443565713793813,TRUE,""
ENSG00000196526,AFAP1,fbg,grey,-0.011917873797751,0.0690363479944153,0.000309,131.4109,2331,0.00399050949045688,TRUE,""
ENSG00000196547,MAN2A2,cad,grey,0.0798006478198657,0.177557216071333,9.86e-27,26.7667,4198,3.11559380491254e-22,TRUE,""
ENSG00000196562,SULF2,t2d,grey,0.0582309447782109,0.0673179364432696,1.929e-09,64.1614,1056,9.96836515399088e-06,TRUE,""
ENSG00000196565,HBG2,t2d,grey,-0.0274156999678477,0.198542793686662,0.001326,38.4676,6465,0.0102344302684578,TRUE,""
ENSG00000196565,HBG2,fbg,grey,0.00609237777063283,0.480261302753423,0.002421,38.4676,3670,0.0044356770986804,TRUE,""
ENSG00000196569,LAMA2,cad,grey,0.0991764662819685,0.242205653654004,0.0001103,12.3834,4962,0.00506954224024506,TRUE,""
ENSG00000196569,LAMA2,fbg,null,0.00718670045521511,0.879569359634668,0.0002292,12.3834,2185,0.00383736655697347,TRUE,""
ENSG00000196584,XRCC2,fbg,null,0.0116957592410579,0.685179538328076,0.0003701,22.4169,1697,0.00457443029352157,TRUE,""
ENSG00000196605,ZNF846,fbg,grey,0.0518166297315627,0.304742757088453,0.001457,11.5161,1204,0.00795921721682711,TRUE,""
ENSG00000196611,MMP1,t2d,grey,0.143598724380449,0.213535471603718,0.001701,12.6206,4752,0.0104179810145659,TRUE,""
ENSG00000196648,GOLGA6L9,fbg,grey,-0.0112968789861997,0.49813992156856,0.008639,12.0012,864,0.00480941539240521,TRUE,""
ENSG00000196652,ZKSCAN5,cad,grey,0.0681507102718113,0.215855599312234,1.698e-06,31.1269,3402,0.00189359355523092,TRUE,""
ENSG00000196653,ZNF502,cad,grey,-0.0161935224418811,0.331972101198306,1.05e-05,86.5208,5042,0.0372280635431507,TRUE,""
ENSG00000196655,TRAPPC4,t2d,grey,0.0206878096041755,0.205528317513702,0.0001065,102.8311,2782,0.0126310176564,TRUE,""
ENSG00000196659,TTC30B,cad,grey,0.148267411155488,0.342433943038893,0.0002296,7.7908,3355,0.00685173834897303,TRUE,""
ENSG00000196663,TECPR2,fbg,null,-0.128030441488575,0.524539436435313,0.0003881,9.4609,1247,0.0138278482985096,TRUE,""
ENSG00000196668,LINC00173,cad,grey,0.0681094881756992,0.481812842354615,0.0002321,18.1297,4271,0.00632018299266741,TRUE,""
ENSG00000196670,ZFP62,cad,grey,0.0307715600780497,0.435737195806964,9.249e-06,22.1497,4750,0.00418325719843138,TRUE,""
ENSG00000196678,ERI2,fbg,grey,-0.0873631282391808,0.137583964946946,0.009007,9.0779,1187,0.0119520989898003,TRUE,""
ENSG00000196689,TRPV1,t2d,null,0.087378099928477,0.604987669676503,4.411e-14,8.972,2440,4.50202614095206e-10,TRUE,""
ENSG00000196704,AMZ2,t2d,null,0.00213036260869817,0.942371793878732,0.000236,26.9892,,,FALSE,对齐后仅 0 变异(<10)
ENSG00000196715,VKORC1L1,fbg,null,-0.00136848076187843,0.922905718287002,0.009589,43.7782,816,0.00509958346236997,TRUE,""
ENSG00000196724,ZNF418,t2d,grey,-0.0456807664364502,0.494965553780772,0.006525,40.1343,1900,0.00774919711852466,TRUE,""
ENSG00000196730,DAPK1,cad,grey,0.0123719174385529,0.317310507862914,0.0006783,88.0458,,,FALSE,对齐后仅 0 变异(<10)
ENSG00000196730,DAPK1,fbg,null,-0.00206198623975882,0.920344325445942,0.0001835,88.0458,2317,0.00627401656549798,TRUE,""
ENSG00000196743,GM2A,cad,grey,-0.0178340422202587,0.123688697568071,0.0001958,109.9907,4194,0.0144099241587296,TRUE,""
ENSG00000196787,HIST1H2AG,cad,grey,0.510948319080904,0.216044984907641,0.0001327,7.3564,5332,0.0173684868331347,TRUE,""
ENSG00000196793,ZNF239,cad,null,0.017005536230464,0.52932793778425,3.504e-24,40.822,5811,1.56276020937785e-20,TRUE,""
ENSG00000196810,CTBP1-AS1,cad,null,0.0102359747308808,0.812433265726068,8.678e-05,21.6001,5579,0.00278481884623987,TRUE,""
ENSG00000196812,ZSCAN16,t2d,grey,0.120936361203187,0.259233298673899,0.001543,19.4284,2634,0.0104100180539501,TRUE,""
ENSG00000196814,MVB12B,fbg,null,-0.00131236572603506,0.871864744932721,0.0009504,61.0633,1689,0.00378542347048402,TRUE,""
ENSG00000196839,ADA,t2d,grey,0.0291907256981638,0.351430496651043,6.744e-08,33.5486,1145,0.010004849175015,TRUE,""
ENSG00000196843,ARID5A,fbg,null,0.0101510869596559,0.65672128656377,0.01572,27.9612,451,0.00489905994761699,TRUE,""
ENSG00000196850,PPTC7,t2d,null,-0.0906819019712702,0.509837393048038,0.0003157,16.2818,1308,0.00781356299902043,TRUE,""
ENSG00000196878,LAMB3,t2d,grey,-0.130143038620956,0.312295706132238,7.866e-06,12.6744,3461,0.00593705342995603,TRUE,""
ENSG00000196911,KPNA5,fbg,null,-0.0543360264948985,0.590258451314772,0.001034,13.7334,1997,0.0106502685739144,TRUE,""
ENSG00000196914,ARHGEF12,fbg,null,-0.0353287473493376,0.718016387438887,8.915e-05,6.5497,2064,0.00540816436487526,TRUE,""
ENSG00000196917,HCAR1,t2d,null,0.00649039404602963,0.91042696974349,6.805e-13,22.0776,1870,1.08024011592856e-05,TRUE,""
ENSG00000196927,AC009093.1,t2d,null,0.00725741704111812,0.888659990388187,1.426e-06,14.3089,495,0.000831453934828915,TRUE,""
ENSG00000196951,RP11-425I13.3,t2d,null,-0.00196885075163866,0.988352463924111,0.001465,7.5349,1882,0.00701167929189459,TRUE,""
ENSG00000196975,ANXA4,fbg,null,-0.0107592172036737,0.51108906411744,0.0006826,37.1911,1905,0.00523973276900951,TRUE,""
ENSG00000197013,ZNF429,fbg,grey,0.0106073248966205,0.259233298673899,0.001598,64.8374,1448,0.00750115013635865,TRUE,""
ENSG00000197020,ZNF100,t2d,grey,-0.0295203581621431,0.204693449114837,0.001229,66.3049,4449,0.00881973484211508,TRUE,""
ENSG00000197037,ZSCAN25,fbg,null,0.0624631557655282,0.561914617797129,0.01989,13.8026,874,0.0153346293034417,TRUE,""
ENSG00000197045,GMFB,fbg,grey,0.0929384509222499,0.20918343139104,0.0004523,10.288,1739,0.0111759454248903,TRUE,""
ENSG00000197045,GMFB,t2d,null,0.079169791526361,0.664315843967284,0.0005687,10.288,2332,0.00548822742749932,TRUE,""
ENSG00000197093,GAL3ST4,t2d,grey,-0.107196857194656,0.0648698702799592,2.337e-07,27.8959,1627,0.00342107783338697,TRUE,""
ENSG00000197121,PGAP1,t2d,null,-0.0377978465236954,0.749752661315172,0.001481,11.687,1390,0.00582588925996106,TRUE,""
ENSG00000197124,ZNF682,t2d,grey,0.234232513638432,0.0738996693296293,4.131e-12,12.7666,3560,7.3824927993044e-08,TRUE,""
ENSG00000197124,ZNF682,cad,null,-0.0139424115260971,0.88135342328068,3.179e-07,12.7666,5849,0.00057584738015166,TRUE,""
ENSG00000197128,ZNF772,t2d,grey,-0.0199933303992395,0.470952440870632,0.0006306,50.4826,2680,0.00546863177950174,TRUE,""
ENSG00000197134,ZNF257,t2d,grey,-0.0642700005925428,0.31171599740689,0.001229,22.0805,4360,0.0064573140552305,TRUE,""
ENSG00000197136,PCNXL3,t2d,null,-0.0319626823101808,0.666919425572451,1.634e-07,17.2119,1824,0.00017987167467728,TRUE,""
ENSG00000197146,AL133458.1,t2d,grey,-0.00569832942006897,0.464920120624581,0.0006813,102.5808,2673,0.00489941730025816,TRUE,""
ENSG00000197157,SND1,t2d,grey,-0.0956449492316934,0.177389260175536,0.001682,21.4758,2620,0.00995093565842434,TRUE,""
ENSG00000197217,ENTPD4,fbg,null,0.00467277452550337,0.802587348634153,0.0007443,34.2837,2019,0.00441917031537986,TRUE,""
ENSG00000197223,C1D,fbg,grey,-0.0204515409538611,0.235603931976013,0.003092,19.9823,2658,0.0103958470048333,TRUE,""
ENSG00000197253,TPSB2,cad,grey,-0.0110550525204638,0.357910002895183,1.83e-07,40.9794,6036,0.000638045785131197,TRUE,""
ENSG00000197323,TRIM33,cad,null,0.00935698762028927,0.933586496294755,4.159e-10,13.2908,4122,3.95866908113618e-06,TRUE,""
ENSG00000197324,LRP10,cad,grey,-0.0588193629600326,0.23820423879927,0.0001667,27.7906,4153,0.00653989839039239,TRUE,""
ENSG00000197329,PELI1,fbg,grey,0.034853319598432,0.255804407976616,0.006967,25.4888,1592,0.0103901127888527,TRUE,""
ENSG00000197381,ADARB1,t2d,null,-0.0353210710151075,0.557232907570128,0.0002073,27.2115,862,0.0490417130970134,TRUE,""
ENSG00000197442,MAP3K5,cad,grey,0.0171870850174406,0.334588749819927,0.00134,41.408,3636,0.00318602881227478,TRUE,""
ENSG00000197467,COL13A1,cad,null,0.0465979745713314,0.604987669676503,7.632e-06,11.3988,1071,0.00059045511139424,TRUE,""
ENSG00000197496,SLC2A10,t2d,null,-0.386106028401101,0.507380928284211,2.148e-08,5.1752,943,0.00243330955604108,TRUE,""
ENSG00000197498,RPF2,t2d,grey,-0.0636150434775377,0.0902885535999874,0.0001294,46.5853,3100,0.0133531690520306,TRUE,""
ENSG00000197535,MYO5A,cad,grey,-0.0866241890939631,0.105571888006339,1.106e-05,25.2731,4872,0.0107155424708432,TRUE,""
ENSG00000197548,ATG7,cad,grey,0.0321263952907203,0.482241043015876,4.427e-06,28.8112,5656,0.001914186158858,TRUE,""
ENSG00000197555,SIPA1L1,t2d,grey,0.174667509375217,0.138603200410297,0.0006832,11.5914,3051,0.01148266606514,TRUE,""
ENSG00000197557,TTC30A,fbg,null,0.0117901957047231,0.92968966605199,0.0003023,8.6538,2206,0.00752756972593383,TRUE,""
ENSG00000197558,SSPO,cad,grey,0.0548523523156789,0.0533061542229773,0.0002817,44.9902,3880,0.00513316092065534,TRUE,""
ENSG00000197566,ZNF624,t2d,null,-0.0529749019302993,0.611408098966448,6.771e-06,21.0959,2320,0.00421369468579847,TRUE,""
ENSG00000197594,ENPP1,t2d,grey,-0.149086728211607,0.497409451259859,2.427e-08,6.7963,3375,6.35223880654185e-05,TRUE,""
ENSG00000197604,AC022532.1,fbg,grey,0.018662934531308,0.122865441229318,0.0005736,19.7878,2711,0.0136581321642946,TRUE,""
ENSG00000197604,AC022532.1,cad,null,-0.00138243959491171,0.950930384556175,7.632e-06,19.7878,800,0.0330822321494602,TRUE,""
ENSG00000197608,ZNF841,t2d,null,0.0304157435622491,0.831640199877087,0.0001214,12.8655,2699,0.00608939763657996,TRUE,""
ENSG00000197646,PDCD1LG2,fbg,grey,0.0324497697141288,0.0918508439618683,0.001593,21.7143,2132,0.017086783907148,TRUE,""
ENSG00000197694,SPTAN1,t2d,grey,0.277879458632998,0.436200085658528,1.354e-05,6.4313,,,FALSE,对齐后仅 0 变异(<10)
ENSG00000197694,SPTAN1,fbg,grey,0.14166403773447,0.288587892348957,0.004001,6.4313,1384,0.00998913301268617,TRUE,""
ENSG00000197697,HIST1H2BE,cad,grey,-0.254381741152833,0.20854522523803,3.212e-06,5.0996,5856,0.0043249927905598,TRUE,""
ENSG00000197701,ZNF595,cad,null,0.0446175919932285,0.563179729625262,8.678e-05,14.6701,3099,0.00324365805137419,TRUE,""
ENSG00000197705,KLHL14,t2d,null,0.0663121602214126,0.814544125581979,0.000337,5.0969,,,FALSE,对齐后仅 0 变异(<10)
ENSG00000197714,ZNF460,t2d,null,0.0486313783060153,0.559038899322727,0.0006306,18.9333,2604,0.00508181320722805,TRUE,""
ENSG00000197721,CR1L,fbg,null,-0.0164571328038414,0.51371680889053,0.002234,18.6383,1934,0.00924846355463544,TRUE,""
ENSG00000197723,HSPB9,fbg,null,-0.0134229104260916,0.841480581121794,0.001126,6.5318,1040,0.00494656886317709,TRUE,""
ENSG00000197728,RPS26,fbg,grey,-0.0218820129197072,0.104162558830439,0.0007165,40.5133,1098,0.0116511307513698,TRUE,""
ENSG00000197747,S100A10,cad,null,-0.047481565602699,0.524539436435313,2.85e-11,23.4909,3759,1.04202128827085e-07,TRUE,""
ENSG00000197776,KLHDC1,fbg,grey,0.0664618141018998,0.377585975474249,0.004693,7.9921,1548,0.00667513010828413,TRUE,""
ENSG00000197816,C9orf174,cad,null,0.0123718164640309,0.85209919520661,0.0005707,14.2181,,,FALSE,对齐后仅 0 变异(<10)
ENSG00000197841,ZNF181,fbg,null,0.00539380113674977,0.693625785030416,0.008024,39.3248,1507,0.0042653739230727,TRUE,""
ENSG00000197885,NKIRAS1,fbg,null,0.00262084603265751,0.950164661941506,0.0008078,13.5834,2037,0.00386548559858412,TRUE,""
ENSG00000197894,ADH5,fbg,grey,0.0539321829350228,0.220042508648351,0.01068,21.4139,1795,0.0133352291164516,TRUE,""
ENSG00000197930,ERO1L,fbg,grey,-0.0167888007239655,0.317310507862914,0.0005409,73.207,2181,0.00704585249640415,TRUE,""
ENSG00000197937,ZNF347,t2d,grey,-0.0654210859612191,0.486978879232671,0.002338,15.4801,1253,0.00512674201928284,TRUE,""
ENSG00000197937,ZNF347,fbg,null,-0.00918190680157462,0.808451451773901,0.001442,15.4801,1825,0.00375029852634259,TRUE,""
ENSG00000197948,FCHSD1,t2d,null,0.0514093406950332,0.629555244773719,2.81e-05,13.9912,2285,0.00402529797989202,TRUE,""
ENSG00000197951,ZNF71,fbg,null,-0.00850674953591698,0.813980460416918,0.001451,16.6379,1871,0.00413365220630002,TRUE,""
ENSG00000197958,RPL12,fbg,grey,-0.00345268531335202,0.458126425559177,0.00318,53.4284,1323,0.00482375038587403,TRUE,""
ENSG00000197958,RPL12,t2d,null,-0.00120093402203549,0.919339446157432,0.0002159,53.4284,,,FALSE,对齐后仅 0 变异(<10)
ENSG00000197961,ZNF121,t2d,grey,-0.0756831050563317,0.287609531179083,0.00503,32.5456,2399,0.0121689103444367,TRUE,""
ENSG00000197965,MPZL1,cad,null,0.0308652490094746,0.743797021123916,0.0009678,38.1134,5499,0.00980846860274839,TRUE,""
ENSG00000197982,C1orf122,fbg,null,0.000570480603344855,0.977206399475098,0.0008783,28.5939,1597,0.00418839393120645,TRUE,""
ENSG00000197989,SNHG12,cad,grey,0.0516295757056977,0.251158104958492,7.2e-06,18.9804,3621,0.00465318435323134,TRUE,""
ENSG00000197992,CLEC9A,fbg,grey,-0.0181259810436948,0.275312886521963,0.0037,47.4346,2084,0.00794642975241784,TRUE,""
ENSG00000198001,IRAK4,fbg,grey,0.0391481556005821,0.401308997816551,0.0009106,21.3701,2070,0.00943151042808893,TRUE,""
ENSG00000198001,IRAK4,t2d,null,0.0666351584690759,0.562110100859941,0.001846,21.3701,3276,0.00758470423235288,TRUE,""
ENSG00000198018,ENTPD7,fbg,null,0.0268167748650944,0.82237620599534,9.625e-05,7.3014,1629,0.0060487259679052,TRUE,""
ENSG00000198026,ZNF335,fbg,null,0.0354094002238103,0.698684565645401,0.001635,6.0008,2096,0.00425778417632002,TRUE,""
ENSG00000198046,ZNF667,fbg,null,-0.00824179176102761,0.813980460416918,0.001451,17.1618,1832,0.00465713708496022,TRUE,""
ENSG00000198056,PRIM1,fbg,null,-0.0220749339791741,0.565917676519681,0.0007165,24.5292,807,0.0076019524989168,TRUE,""
ENSG00000198093,ZNF649,t2d,grey,-0.192264453094174,0.201806113376503,0.0001214,14.5345,2999,0.0126143521367775,TRUE,""
ENSG00000198105,ZNF248,t2d,grey,-0.0741628571500442,0.386902560476589,0.003254,26.8543,2694,0.00984833366600336,TRUE,""
ENSG00000198130,HIBCH,cad,null,-0.0150692006424394,0.611497870744714,0.0004439,53.2171,2621,0.00305013508880251,TRUE,""
ENSG00000198131,ZNF544,t2d,grey,0.0263826412250253,0.410630376179832,0.05163,46.9652,1198,0.00397604238603882,TRUE,""
ENSG00000198133,TMEM229B,fbg,null,-0.00745000329748294,0.661748776081758,0.001945,29.5888,1476,0.00427989947350894,TRUE,""
ENSG00000198156,A-575C2.4,fbg,grey,-0.0284262163526895,0.222939094167741,0.002072,9.0571,931,0.00720159906747621,TRUE,""
ENSG00000198171,DDRGK1,t2d,null,0.00457201566814358,0.900523550339774,3.884e-06,42.0227,3894,0.00921642554032157,TRUE,""
ENSG00000198178,CLEC4C,fbg,grey,-0.0114128308034026,0.14096087839135,0.003952,128.2981,1301,0.0395237844332391,TRUE,""
ENSG00000198189,HSD17B11,cad,grey,-0.0223449246714009,0.325178960006528,2.309e-05,59.3234,3527,0.00392161693834055,TRUE,""
ENSG00000198208,RPS6KL1,fbg,null,-0.00881540600773348,0.684558919367902,0.001686,26.2495,1492,0.00405793476779962,TRUE,""
ENSG00000198218,QRICH1,fbg,null,-0.0133966539054214,0.541126024471668,0.0001937,29.0767,680,0.00493295897019444,TRUE,""
ENSG00000198276,UCKL1,cad,grey,-0.0635030559564544,0.121714042693831,4.23e-06,33.9783,2488,0.0426928667081788,TRUE,""
ENSG00000198286,CARD11,fbg,null,0.00710495847128444,0.627783826989789,0.0006516,39.8703,2145,0.00438023387636213,TRUE,""
ENSG00000198301,SDAD1,cad,grey,0.0384860714650062,0.398207109968035,1.637e-10,10.2022,3511,2.38263220690881e-06,TRUE,""
ENSG00000198324,FAM109A,fbg,null,-0.0206162795156106,0.607592160418171,0.001915,16.3048,598,0.00651101562039467,TRUE,""
ENSG00000198346,ZNF813,cad,grey,0.0767012016203408,0.170385012125484,4.138e-05,10.6202,5255,0.0067232361390788,TRUE,""
ENSG00000198363,ASPH,fbg,grey,0.0494608203613991,0.0522368760834801,0.008579,35.6282,2212,0.0397336299796341,TRUE,""
ENSG00000198363,ASPH,t2d,null,0.0354719014713064,0.560588765569159,0.000235,35.6282,2645,0.00651362160418504,TRUE,""
ENSG00000198369,SPRED2,cad,grey,-0.128934897028882,0.339957937657812,2.401e-07,19.5455,5140,0.000963444969084313,TRUE,""
ENSG00000198380,GFPT1,fbg,null,-0.00647664078434172,0.595245548732816,0.0006826,62.395,1714,0.0160460882308231,TRUE,""
ENSG00000198382,UVRAG,t2d,null,-0.020817731299768,0.816765347834865,0.0004482,16.1612,2575,0.00369422638244023,TRUE,""
ENSG00000198417,MT1F,fbg,null,0.00299368746799819,0.771569465555293,9.169e-05,72.1478,1938,0.00675800031637234,TRUE,""
ENSG00000198477,ZNF280B,cad,grey,0.183427327970554,0.342543034520399,0.001057,5.3768,4948,0.0038594609141321,TRUE,""
ENSG00000198513,ATL1,fbg,grey,0.0404215450042092,0.333173268958951,0.00145,12.0384,1841,0.0057151784137945,TRUE,""
ENSG00000198518,HIST1H4E,fbg,grey,0.0462244551852794,0.113959193634688,0.0002114,18.8688,2063,0.0160881188781254,TRUE,""
ENSG00000198520,C1orf228,t2d,grey,0.0574259011680404,0.311372801296993,0.0007634,25.4163,1907,0.0062469718254856,TRUE,""
ENSG00000198520,C1orf228,cad,null,-0.0168075808296703,0.673716649749524,0.0001713,25.4163,3067,0.00271744148565379,TRUE,""
ENSG00000198546,ZNF511,cad,null,-0.159707763839243,0.504985075093846,,6.3234,,,FALSE,GWAS 区域无数据
ENSG00000198561,CTNND1,t2d,grey,-0.312228894148408,0.110726389709909,1.881e-07,7.1458,3715,0.000835982687321932,TRUE,""
ENSG00000198576,ARC,cad,grey,-0.0674054265397301,0.140566636048714,0.0002362,17.6282,2952,0.00995117521771841,TRUE,""
ENSG00000198590,C3orf35,t2d,null,0.0735881614041363,0.662911145572604,0.005872,8.2235,3036,0.00442087701300147,TRUE,""
ENSG00000198598,MMP17,cad,null,-0.0378690548650501,0.653954118781056,1.958e-05,12.1361,4045,0.00222753454032652,TRUE,""
ENSG00000198626,RYR2,cad,null,-0.00507054404577326,0.911528237909377,0.0001036,24.5733,6486,0.00279111170896358,TRUE,""
ENSG00000198663,C6orf89,cad,grey,0.0619275210239098,0.49041106256261,3.484e-08,17.1551,5787,0.000314707784249257,TRUE,""
ENSG00000198668,CALM1,cad,grey,0.0434394161436738,0.376664919719375,5.181e-05,24.8438,4388,0.00460239105677507,TRUE,""
ENSG00000198682,PAPSS2,cad,null,-0.0122591950821761,0.734622498505584,2.434e-21,28.5486,498,0.00272053257768282,TRUE,""
ENSG00000198690,FAN1,t2d,null,-0.00186597335877522,0.929393771944136,4.944e-05,80.7849,2027,0.0107706638681605,TRUE,""
ENSG00000198711,C1orf191,cad,grey,-0.149111940963274,0.166170104682876,1.855e-22,5.8031,4570,3.14388127284969e-05,TRUE,""
ENSG00000198711,C1orf191,t2d,null,-0.0894671645779647,0.565651091313294,0.001828,5.8031,2530,0.0233032327071255,TRUE,""
ENSG00000198711,C1orf191,fbg,null,-0.0149111940963274,0.802587348634153,0.002695,5.8031,1805,0.00604306554376479,TRUE,""
ENSG00000198718,FAM179B,cad,null,0.102098586248252,0.589796856653851,0.004337,10.2673,3462,0.00606608781393396,TRUE,""
ENSG00000198721,ECI2,fbg,grey,0.0207605709750283,0.272740113942454,6.972e-05,26.0804,2676,0.0062980514500425,TRUE,""
ENSG00000198721,ECI2,cad,null,-0.00305302514338651,0.930099780966425,2.816e-05,26.0804,6583,0.00236258217788198,TRUE,""
ENSG00000198730,CTR9,cad,null,0.061192784677755,0.593278639087062,1.949e-07,13.5904,7087,0.00135639364765689,TRUE,""
ENSG00000198734,F5,cad,grey,0.0226784504725349,0.173176121354355,3.138e-12,72.2636,6630,7.23178410901039e-09,TRUE,""
ENSG00000198734,F5,t2d,null,0.00516724187981808,0.821979274262541,0.0002453,72.2636,5199,0.00536370713913652,TRUE,""
ENSG00000198743,SLC5A3,cad,grey,-0.0702906157541296,0.239819289625164,0.0001426,16.6524,1700,0.00131769343862109,TRUE,""
ENSG00000198743,SLC5A3,fbg,null,0.00734379567580458,0.821351959007176,0.00163,16.6524,1746,0.00382059949920274,TRUE,""
ENSG00000198752,CDC42BPB,fbg,null,-0.0106485430266319,0.578514721507944,0.0003881,32.2579,1176,0.00498088920083973,TRUE,""
ENSG00000198754,OXCT2,cad,grey,0.0701442627152979,0.295812938228253,9.106e-06,8.4686,3713,0.00652647883856597,TRUE,""
ENSG00000198771,RCSD1,t2d,null,-0.0197523791881488,0.560974031478011,0.002254,41.4442,3419,0.00468129564945339,TRUE,""
ENSG00000198780,FAM169A,fbg,null,-0.0278127723949131,0.812779285408195,0.000167,5.2354,2112,0.00376386603166288,TRUE,""
ENSG00000198783,ZNF830,t2d,null,-0.028849141570492,0.890954302215031,0.0007579,10.4529,652,0.000190031091796299,TRUE,""
ENSG00000198791,CNOT7,t2d,null,-0.215525271001911,0.631227393032445,7.963e-05,6.732,5935,0.00806098113587292,TRUE,""
ENSG00000198796,ALPK2,t2d,grey,0.0401220864582113,0.438339659586755,3.905e-05,27.4513,,,FALSE,对齐后仅 0 变异(<10)
ENSG00000198818,SFT2D1,t2d,null,0.0125144260549314,0.669403879429095,0.0006813,36.2642,4138,0.00438929090331609,TRUE,""
ENSG00000198818,SFT2D1,fbg,null,-0.00428125101879231,0.710318348253685,0.001683,36.2642,2924,0.00437584863144545,TRUE,""
ENSG00000198830,HMGN2,fbg,null,-0.0104296619240896,0.90573404555763,0.008789,12.4243,979,0.0044941280300265,TRUE,""
ENSG00000198832,RP3-412A9.11,cad,grey,-0.0219079780950891,0.419656375617377,0.001344,36.759,4448,0.00361882920379593,TRUE,""
ENSG00000198832,RP3-412A9.11,t2d,null,-0.000952520786743005,0.979802548390434,0.0004537,36.759,3164,0.00250848778763923,TRUE,""
ENSG00000198837,DENND4B,cad,grey,-0.0879143168883488,0.240429857397095,6.693e-15,26.7014,4197,3.25463620409729e-10,TRUE,""
ENSG00000198841,KTI12,t2d,grey,0.37707766648584,0.217787592002139,0.0002295,9.9481,1825,0.0169790225622172,TRUE,""
ENSG00000198841,KTI12,cad,grey,0.216654273287917,0.356249472510239,0.0008757,9.9481,3116,0.00939722474795333,TRUE,""
ENSG00000198848,CES1,fbg,null,-0.00573843088630712,0.617075077451974,9.169e-05,40.4359,2230,0.00841357430283669,TRUE,""
ENSG00000198853,RUSC2,fbg,grey,0.0341073145679601,0.166170104682876,0.007461,25.8262,1380,0.0123083795133123,TRUE,""
ENSG00000198853,RUSC2,cad,null,-0.010737487919543,0.805390554754072,0.0001172,25.8262,4409,0.00315642477191294,TRUE,""
ENSG00000198855,FICD,cad,grey,0.1490649674214,0.241030964418943,3.311e-06,8.1052,4610,0.00373993178515826,TRUE,""
ENSG00000198863,RUNDC1,fbg,null,-0.0221092894540579,0.564779052623049,0.008988,15.1741,845,0.00476215652331853,TRUE,""
ENSG00000198873,GRK5,cad,null,-0.00335821521229766,0.960122388323255,5.557e-07,15.8606,687,0.00013500119524878,TRUE,""
ENSG00000198887,SMC5,fbg,grey,0.115013107632073,0.0856599034048343,0.001017,10.2546,2271,0.0405383178456537,TRUE,""
ENSG00000198892,SHISA4,cad,null,-0.0512113821726409,0.548506235500147,1.097e-10,13.5301,5310,1.35664386509278e-06,TRUE,""
ENSG00000198894,KIAA1737,t2d,grey,-0.0149876802356462,0.449760749581585,1.085e-05,70.5307,3810,0.00375712597031037,TRUE,""
ENSG00000198898,CAPZA2,fbg,grey,0.0212820003102325,0.254749500528113,0.004791,34.2296,1552,0.00858627511915998,TRUE,""
ENSG00000198917,C9orf114,fbg,grey,-0.0642521836872632,0.370197276411458,0.003991,19.0158,1475,0.0131375233936365,TRUE,""
ENSG00000198919,DZIP3,cad,grey,0.0395287141271692,0.072868923820995,0.0004911,51.137,4608,0.0142586450198774,TRUE,""
ENSG00000198939,ZFP2,cad,grey,-0.103199241061426,0.355967119733731,1.556e-06,12.4185,5372,0.006636331529802,TRUE,""
ENSG00000198939,ZFP2,fbg,null,-0.0386997153980346,0.539455648469799,0.002403,12.4185,1957,0.00625316760588444,TRUE,""
ENSG00000198945,L3MBTL3,fbg,null,0.00198292592687954,0.797068494359122,0.0002292,94.6341,2577,0.00608378987740984,TRUE,""
ENSG00000198952,SMG5,fbg,null,-0.00105929009958011,0.849944540437619,0.001098,123.6902,1166,0.00383306355684578,TRUE,""
ENSG00000198961,PJA2,fbg,grey,0.0135845780695876,0.360566735097472,0.003167,57.1178,1971,0.00411011297676627,TRUE,""
ENSG00000199023,MIR339,t2d,grey,0.164397666025048,0.294814158063055,3.189e-07,7.1529,1260,0.00037447682122444,TRUE,""
ENSG00000199023,MIR339,fbg,null,-0.0283959604952355,0.658590180841495,0.007487,7.1529,851,0.00572948300394328,TRUE,""
ENSG00000199133,MIRLET7D,t2d,grey,-0.0651036939109778,0.491767700760523,0.000458,11.3393,,,FALSE,对齐后仅 0 变异(<10)
ENSG00000199370,U3,fbg,null,0.00543564384492863,0.596519838726618,0.0002164,20.4964,2255,0.00443534968569964,TRUE,""
ENSG00000199753,SNORD104,cad,grey,0.118006768524302,0.473579798269008,2.017e-05,7.6396,86,2.99743298392553e-05,TRUE,""
ENSG00000199804,RNA5SP383,cad,null,-0.00263304180319825,0.972492190799539,0.0002795,5.4584,4511,0.00392356312420369,TRUE,""
ENSG00000200127,Y_RNA,t2d,null,-0.02369960465674,0.885591365909621,2.466e-08,5.2233,125,0.0238091615400702,TRUE,""
ENSG00000200170,Y_RNA,cad,grey,-0.176854764468159,0.459974469845556,0.0001185,4.9537,395,0.000182578815009317,TRUE,""
ENSG00000200204,RNU1-22P,cad,null,-0.00592731254922942,0.71255930200628,0.001299,22.4214,4069,0.0028896099446119,TRUE,""
ENSG00000200714,Y_RNA,cad,null,0.017626484100284,0.641561092893931,0.000146,9.481,2890,0.00288750414758394,TRUE,""
ENSG00000201678,Y_RNA,cad,null,0.0472868871398765,0.50798927481078,7.484e-05,7.1425,3490,0.00247869245731566,TRUE,""
ENSG00000201772,SNORA5C,t2d,null,-0.0988553297303087,0.507464612174167,4.25e-09,7.7146,3360,9.1442759056498e-06,TRUE,""
ENSG00000201784,SNORD14A,cad,grey,-0.0757540568064958,0.370438561044783,6.174e-08,87.7226,4577,0.00039854571997311,TRUE,""
ENSG00000203363,AC012454.4,t2d,grey,-0.0127062120273372,0.282374728330258,0.0006453,51.1123,3519,0.0076634714400493,TRUE,""
ENSG00000203497,RP11-313D6.4,t2d,grey,0.230714543774103,0.0569871857187708,0,10.7684,458,0.00380125299225431,TRUE,""
ENSG00000203644,AC083799.1,cad,grey,0.118478326118719,0.0911580482741381,3.656e-05,10.8916,3782,0.0144305961255507,TRUE,""
ENSG00000203644,AC083799.1,fbg,grey,0.0640055325009174,0.0932355987798769,0.007868,10.8916,1162,0.0224196139590561,TRUE,""
ENSG00000203697,CAPN8,cad,grey,0.0567161770320319,0.450941606478325,8.505e-06,13.8089,4244,0.00222791996130878,TRUE,""
ENSG00000203697,CAPN8,t2d,null,-0.0393540820222262,0.714669994929239,0.02351,13.8089,1846,0.00485234641008108,TRUE,""
ENSG00000203697,CAPN8,fbg,null,0.00694483800392227,0.867632334778193,0.0002694,13.8089,1109,0.00430851738504911,TRUE,""
ENSG00000203730,TEDDM1,fbg,null,0.0274013536686188,0.580515713596355,0.00788,13.1477,1854,0.00553969749642067,TRUE,""
ENSG00000203734,ECT2L,cad,null,0.0545879562936611,0.546210515044642,6.673e-05,10.0379,4866,0.00336343976316596,TRUE,""
ENSG00000203739,RP11-296O14.3,cad,grey,-0.0350163364040259,0.349538991650093,0.0001149,12.2862,3724,0.00437369898534767,TRUE,""
ENSG00000203791,METTL10,fbg,null,-0.00818890599661571,0.698684565645401,0.0008266,26.0676,2023,0.00388407409852177,TRUE,""
ENSG00000203797,DDO,t2d,grey,0.0329220584814675,0.229157612948031,0.0001294,47.5577,3172,0.00610136147439011,TRUE,""
ENSG00000203799,CCDC162P,fbg,grey,-0.0602760087023503,0.227862855875692,0.02071,10.7287,1655,0.00852556367385189,TRUE,""
ENSG00000203865,ATP1A1OS,fbg,grey,0.0132688983494445,0.188244713282316,0.0008496,30.1951,1721,0.0104570431679558,TRUE,""
ENSG00000203867,RBM20,cad,null,0.00278715747573981,0.974266251454282,8.686e-07,10.9801,938,0.000639482936234591,TRUE,""
ENSG00000203871,C6orf164,cad,grey,-0.0184372998589088,0.120286678925942,0.0001335,37.8892,3487,0.00728653322177937,TRUE,""
ENSG00000203872,C6orf163,fbg,null,-0.0134296290515462,0.6467129796159,0.0007523,25.2735,1940,0.00639843037499188,TRUE,""
ENSG00000204010,IFIT1B,t2d,null,0.0083693662709237,0.925307750889347,4.347e-07,17.5018,479,9.06455846025638e-05,TRUE,""
ENSG00000204103,MAFB,fbg,grey,0.0304185108600919,0.279661048232695,1.853e-05,23.4068,1840,0.00534308966851178,TRUE,""
ENSG00000204138,PHACTR4,cad,grey,0.0558504454622909,0.129486728502174,7.2e-06,27.344,3434,0.00739640805388887,TRUE,""
ENSG00000204147,ASAH2B,t2d,grey,0.442650615885611,0.0857634568236315,0.001192,7.0884,522,0.00121779452009066,TRUE,""
ENSG00000204160,ZDHHC18,t2d,null,0.011775183414769,0.820211678728453,1.251e-07,40.7023,1455,0.000435024685154779,TRUE,""
ENSG00000204160,ZDHHC18,fbg,null,0.0141302200977228,0.504985075093846,1.967e-05,40.7023,961,0.00917985256327345,TRUE,""
ENSG00000204161,C10orf128,t2d,null,-0.00201723743410465,0.955695871316436,4.566e-06,55.5914,848,0.00445873382386228,TRUE,""
ENSG00000204161,C10orf128,fbg,null,-0.00242068492092558,0.871178155583461,0.007371,55.5914,2002,0.00391795468268349,TRUE,""
ENSG00000204241,RP11-713P17.3,cad,grey,0.115486601492419,0.0617436925315738,0.0001463,21.8293,6350,0.0229651969109952,TRUE,""
ENSG00000204261,XXbac-BPG246D15.8,fbg,null,-0.00404903370212583,0.698684565645401,0.0001221,20.5436,976,0.00625401662252604,TRUE,""
ENSG00000204267,TAP2,cad,grey,0.0228922338415723,0.34368838499279,2.804e-13,35.3627,4116,1.15099433026828e-07,TRUE,""
ENSG00000204347,BTBD17,fbg,null,-0.00566334474696383,0.771569465555293,0.001944,25.5065,1811,0.00379698254543573,TRUE,""
ENSG00000204356,NELFE,fbg,null,-0.012890280505708,0.675814188135396,0.0009282,15.5264,686,0.00694381577785043,TRUE,""
ENSG00000204381,LAYN,cad,null,-0.210292691756508,0.533463757483788,7.75e-07,8.4699,4637,0.000804004636944817,TRUE,""
ENSG00000204406,MBD5,t2d,grey,-0.114564522024198,0.235359128148723,0.0003035,13.7808,1859,0.00659285762680164,TRUE,""
ENSG00000204475,NCR3,cad,null,0.016166404801228,0.644412333769812,2.804e-13,30.2595,2676,6.12014933540136e-08,TRUE,""
ENSG00000204482,LST1,fbg,null,-0.00815250636721317,0.874539745432806,0.0009282,21.4294,468,0.0114802906918115,TRUE,""
ENSG00000204514,ZNF814,t2d,null,0.0396585686330676,0.590922284925472,0.006525,17.5435,1965,0.00448399664438489,TRUE,""
ENSG00000204604,ZNF468,t2d,null,0.00364730711792994,0.948225701716544,0.002338,24.3167,1708,0.00375685122956809,TRUE,""
ENSG00000204604,ZNF468,fbg,null,0.00364730711792994,0.87583596638341,0.001442,24.3167,1971,0.00362174251550127,TRUE,""
ENSG00000204745,AC083899.3,cad,grey,-0.0627299749746075,0.317310507862914,0.0009525,7.1405,1303,0.00516400901957234,TRUE,""
ENSG00000204745,AC083899.3,fbg,grey,0.0249074900634471,0.465555404903429,0.000572,7.1405,600,0.00827120265198297,TRUE,""
ENSG00000204767,FAM196B,cad,null,-0.104097296070099,0.523279796752506,0.0001875,5.1084,4891,0.00520992165839773,TRUE,""
ENSG00000204832,ST8SIA6-AS1,cad,null,0.0241131294009852,0.877356649781307,2.926e-05,12.8079,5826,0.00734026476715773,TRUE,""
ENSG00000204839,MROH6,fbg,grey,-0.01439599650366,0.239994715798025,0.001464,38.5905,999,0.00907025469691898,TRUE,""
ENSG00000204859,ZBTB48,cad,grey,0.0591957948508485,0.235944236122478,0.0001892,28.6777,5544,0.0070538953861844,TRUE,""
ENSG00000204860,FAM201A,cad,null,0.0598135972506763,0.695941676240891,0.000298,8.6355,3494,0.00426847272752919,TRUE,""
ENSG00000204882,GPR20,fbg,null,0.0163307612275625,0.681282050502956,0.002125,20.518,1658,0.0072289819736342,TRUE,""
ENSG00000204959,RP4-798C17.5,cad,grey,-0.0126777250557801,0.49041106256261,0.0009483,23.4034,3043,0.0034155945639393,TRUE,""
ENSG00000204991,SPIRE2,fbg,grey,-0.0143353560244467,0.258884225947615,0.007567,46.7312,832,0.00413380252293107,TRUE,""
ENSG00000205018,RP11-830F9.6,cad,null,0.0168949930926131,0.646222393819314,4.843e-05,12.2763,6848,0.00256646246713616,TRUE,""
ENSG00000205045,SLFN12L,cad,null,-0.00777072623270879,0.775096962195985,0.0002372,19.7214,1028,0.00872418915581168,TRUE,""
ENSG00000205047,FLJ00104,cad,grey,0.0298258505026342,0.304054371764733,2.384e-05,50.0294,7585,0.00313111709170094,TRUE,""
ENSG00000205047,FLJ00104,t2d,null,-0.00967324881166515,0.817494086363381,0.000593,50.0294,2633,0.0353243726649338,TRUE,""
ENSG00000205078,SYCE1L,t2d,grey,0.0587137066027789,0.227310058016444,4.286e-05,24.5049,6834,0.257678739155043,TRUE,""
ENSG00000205085,FAM71F2,t2d,null,-0.0113596598289051,0.838585047747096,0.0007483,18.5598,2310,0.0052762911792546,TRUE,""
ENSG00000205133,TRIQK,fbg,null,0.0193947349254148,0.707660466654552,0.006679,10.9611,1519,0.0052639126011544,TRUE,""
ENSG00000205181,LINC00654,fbg,grey,0.0468927540282914,0.230139340443417,0.001057,16.0531,2534,0.00920012885407778,TRUE,""
ENSG00000205189,ZBTB10,t2d,null,0.0350760272073858,0.769764521126951,0.0002595,8.167,1568,0.0111339358716582,TRUE,""
ENSG00000205209,SCGB2B2,cad,null,0.0611694852149318,0.747012853671546,0.0004679,5.074,4406,0.00421413468380818,TRUE,""
ENSG00000205213,LGR4,t2d,null,0.0544016470891497,0.60525812795874,6.607e-06,15.0001,3651,0.00281978722941133,TRUE,""
ENSG00000205220,PSMB10,cad,grey,0.146778743200385,0.42725764959836,0.0004551,12.2214,3283,0.00784276106066239,TRUE,""
ENSG00000205220,PSMB10,t2d,null,0.114318059607992,0.656280047517793,0.0002947,12.2214,2107,0.0129586274596784,TRUE,""
ENSG00000205268,PDE7A,t2d,grey,0.109259854020045,0.438472757402879,0.0004227,13.9843,1595,0.00623546993994121,TRUE,""
ENSG00000205269,TMEM170B,t2d,grey,0.0348054256951209,0.451564704472657,0.000239,27.8997,4195,0.00513195693891515,TRUE,""
ENSG00000205339,IPO7,cad,grey,0.138967527818094,0.0581272742106314,6.257e-12,9.2808,5559,3.96191359617709e-08,TRUE,""
ENSG00000205352,PRR13,cad,grey,0.105511900595627,0.10307254820389,9.28e-13,19.1074,3454,2.35801832722716e-08,TRUE,""
ENSG00000205356,TECPR1,fbg,grey,-0.0255477389120247,0.0667530151696345,0.002259,65.6097,1487,0.0189187304442584,TRUE,""
ENSG00000205361,MT1DP,t2d,null,-0.133655742716657,0.600411028614905,0.0007795,7.0544,3577,0.00694375484606117,TRUE,""
ENSG00000205482,AC007000.12,cad,grey,-0.0720685574030995,0.0637488054940495,0.0003194,16.9762,3190,0.0409510213754086,TRUE,""
ENSG00000205559,CTA-384D8.20,fbg,grey,0.0149049435820863,0.317310507862914,0.0007649,21.8482,744,0.00622528742880227,TRUE,""
ENSG00000205611,RP4-610C12.4,cad,grey,-0.0712358229463466,0.13784315525934,0.01658,8.1905,187,0.00939064625598236,TRUE,""
ENSG00000205702,CYP2D7P1,t2d,grey,-0.0180678043572592,0.311515011363349,3.538e-05,37.2542,2448,0.0042999876380847,TRUE,""
ENSG00000205710,C17orf107,cad,null,-0.00688777999797665,0.914120123827297,8.33e-05,23.1112,5924,0.00455317451535173,TRUE,""
ENSG00000205744,DENND1C,cad,grey,0.148660255136569,0.235448315465431,3.244e-05,6.8257,6229,0.00637627677460618,TRUE,""
ENSG00000205763,RP9P,cad,grey,0.161927703307125,0.111995902497665,1.845e-05,8.4129,6024,0.00670290822818542,TRUE,""
ENSG00000205837,LINC00487,fbg,null,-0.0184519851623004,0.662572917836399,0.0002047,19.6005,2681,0.00707902847757031,TRUE,""
ENSG00000205846,CLEC6A,cad,grey,-0.0520619152962095,0.126370723502247,0.0003748,33.3178,4417,0.0106751292091083,TRUE,""
ENSG00000205846,CLEC6A,t2d,null,-0.00340591969227539,0.941261662806894,0.000372,33.3178,1506,0.00445290485714625,TRUE,""
ENSG00000205853,RFPL3S,fbg,grey,0.0346609059710032,0.31024604927602,0.001084,30.3863,2151,0.0129790388622431,TRUE,""
ENSG00000205853,RFPL3S,t2d,null,-0.016074623059016,0.855725415320072,0.0004537,30.3863,4105,0.0058169491111934,TRUE,""
ENSG00000205890,RP11-473M20.5,cad,grey,-0.0378798168671115,0.171422578752,0.001299,24.448,4059,0.00933678242950012,TRUE,""
ENSG00000206249,CTD-2308N23.2,t2d,grey,-0.147643368098053,0.210753205321511,0.0001777,9.346,971,0.00225269743251298,TRUE,""
ENSG00000206530,WDR52,fbg,grey,-0.0218770754290431,0.333173268958951,0.000353,24.3937,1724,0.00572058788028369,TRUE,""
ENSG00000206531,CD200R1L,cad,null,-0.00434946333202066,0.890294922852369,0.001065,29.212,5997,0.00263197952241361,TRUE,""
ENSG00000206549,PRSS50,t2d,grey,0.243030663388096,0.178680919493138,1.686e-08,10.357,2876,0.00011754432874633,TRUE,""
ENSG00000206559,ZCWPW2,cad,null,-0.344146485889759,0.547146968398198,0.0001786,5.1475,5655,0.0129581149539466,TRUE,""
ENSG00000206965,RNU6-5,t2d,grey,0.229689441992733,0.174202515426395,0.0004334,7.2271,1549,0.0183072277219693,TRUE,""
ENSG00000206965,RNU6-5,cad,grey,0.102415638637453,0.378674131279743,5.85e-05,7.2271,2395,0.00770674987442288,TRUE,""
ENSG00000207034,Y_RNA,cad,null,0.0118474014559944,0.880764615259515,0.0007239,5.136,6825,0.00307731575590114,TRUE,""
ENSG00000207042,U6,cad,grey,-0.103613431537919,0.0723975288152624,0.0006153,6.488,2144,0.0115802948558138,TRUE,""
ENSG00000207110,U1,fbg,grey,0.0228981013885227,0.133614402537716,0.001849,16.0053,2427,0.0121320696480652,TRUE,""
ENSG00000207445,SNORD15B,fbg,null,0.0163923556370638,0.900523550339774,0.001013,7.1428,1580,0.00811357284491903,TRUE,""
ENSG00000207498,U6,cad,grey,0.0517578823445473,0.48283234964991,0.0002666,5.0406,4665,0.00357448450388545,TRUE,""
ENSG00000207697,MIR573,t2d,null,0.0298175373773261,0.870912128275923,0.0001159,5.474,4156,0.00424314761281473,TRUE,""
ENSG00000207736,MIR657,cad,null,0.0061627596006406,0.920344325445942,3.156e-05,9.0308,,,FALSE,对齐后仅 0 变异(<10)
ENSG00000207790,MIR29B2,t2d,null,0.034147132379011,0.7325223685108,0.000686,5.7335,3087,0.00498665355104418,TRUE,""
ENSG00000207790,MIR29B2,fbg,null,-0.00126470860663004,0.975070165131246,0.002234,5.7335,2000,0.00656183711103206,TRUE,""
ENSG00000207973,MIR589,cad,grey,0.161718550029345,0.475050524053953,2.104e-08,4.5922,6840,0.00544135311937553,TRUE,""
ENSG00000211445,GPX3,fbg,grey,-0.0241696060816245,0.304407737821377,0.0005283,27.9334,2205,0.00743102954491565,TRUE,""
ENSG00000211455,STK38L,cad,grey,-0.252026417066565,0.086778112570945,7.687e-05,10.5235,5683,0.0163449690947031,TRUE,""
ENSG00000211553,AC118278.1,cad,grey,0.0127817809331495,0.149675682559884,8.678e-05,65.4334,3300,0.00426430382891695,TRUE,""
ENSG00000211584,SLC48A1,t2d,null,-0.0275668489497423,0.539306928489264,4.223e-06,52.6406,3660,0.00261702227843563,TRUE,""
ENSG00000211584,SLC48A1,cad,null,-0.0031123861717451,0.925638751480094,4.614e-05,52.6406,5106,0.00315753053592549,TRUE,""
ENSG00000211599,IGKV5-2,t2d,null,0.246478784622772,0.715816715465627,0.01611,4.6183,1025,0.0112553527433893,TRUE,""
ENSG00000211638,IGLV8-61,cad,null,0.00938915588766305,0.719314574375423,0.001057,62.3454,4363,0.0103847853225298,TRUE,""
ENSG00000211642,IGLV10-54,cad,null,-0.00623058545959201,0.605388868880522,0.001057,36.8889,4567,0.00317387575734884,TRUE,""
ENSG00000211670,IGLV3-9,cad,null,-0.025099156582782,0.55508074885533,2.084e-07,10.3071,4772,0.00339806286873531,TRUE,""
ENSG00000211672,IGLV4-3,fbg,null,-0.00550598684210973,0.8078169693465,0.0008835,12.1213,1812,0.00652667443195924,TRUE,""
ENSG00000211677,IGLC2,fbg,grey,-0.0167481699942899,0.287405814744335,0.0008835,45.729,1844,0.00437660915399814,TRUE,""
ENSG00000211688,TRGJP2,t2d,grey,-0.0240288589458004,0.277759649640792,0.0001323,27.4737,5030,0.00691123802923025,TRUE,""
ENSG00000211694,TRGV10,cad,null,0.00318533445041487,0.92372335369345,0.0002225,20.9579,6791,0.00423070631426128,TRUE,""
ENSG00000211701,TRGV1,cad,null,-0.0118842477512622,0.773242947954209,0.0002225,8.7551,6622,0.00278736896467601,TRUE,""
ENSG00000211706,TRBV6-1,fbg,null,0.00129754299397471,0.871864744932721,0.0004369,28.3614,1423,0.00396566841784919,TRUE,""
ENSG00000211707,TRBV7-1,fbg,null,0.000515170596224317,0.922905718287002,0.0004369,53.145,1404,0.00397158852444661,TRUE,""
ENSG00000211713,TRBV6-4,cad,null,-0.0115716828251391,0.826844797716898,0.0007078,8.6941,3277,0.00315660491344077,TRUE,""
ENSG00000211714,TRBV7-3,fbg,grey,0.00499397210278131,0.391365938307552,0.0004369,51.6666,1415,0.0056206196022085,TRUE,""
ENSG00000211721,TRBV6-5,cad,grey,0.0259913843422325,0.383597396584469,0.0007078,25.1093,3301,0.00604958015427305,TRUE,""
ENSG00000211724,TRBV6-6,fbg,null,0.0699879905908441,0.51569222161173,0.0004369,13.3479,1342,0.00436834293040249,TRUE,""
ENSG00000211734,TRBV5-1,cad,grey,-0.0263424386182407,0.128074458684967,5.148e-05,29.3368,3335,0.00295429777528768,TRUE,""
ENSG00000211746,TRBV19,cad,grey,-0.0311454956471965,0.101436081138559,0.0007078,22.5962,3230,0.0100514370600312,TRUE,""
ENSG00000211747,TRBV20-1,t2d,null,0.0021936837578996,0.948225701716544,0.0007549,16.9066,2084,0.00376586093166023,TRUE,""
ENSG00000211747,TRBV20-1,cad,null,0.0122846290442378,0.623265147627004,0.0007078,16.9066,3246,0.00313618054877629,TRUE,""
ENSG00000211747,TRBV20-1,fbg,null,-0.00833599828001848,0.552679335565412,0.002478,16.9066,1393,0.00466990255834782,TRUE,""
ENSG00000211776,TRAV2,fbg,grey,-0.0631716307352804,0.289680155734686,0.001305,5.1818,2647,0.00870549556504943,TRUE,""
ENSG00000211777,TRAV3,cad,grey,0.154916479377801,0.0832481301900284,0.0001667,9.0916,5705,0.0103790674384309,TRUE,""
ENSG00000211779,TRAV5,t2d,null,0.0480161105802256,0.526791507814832,0.001168,9.4674,4223,0.00438059524039071,TRUE,""
ENSG00000211790,TRAV8-4,cad,grey,0.0228299586973105,0.429339402797795,0.0001667,15.9203,5837,0.00368854956350587,TRUE,""
ENSG00000211791,TRAV13-2,cad,null,-0.053960001867073,0.533316840771454,0.0001667,5.2222,5845,0.00425451310286489,TRUE,""
ENSG00000211816,TRAV38-1,t2d,grey,0.021261970688813,0.447057008108802,0.001213,32.0897,3746,0.00805193507939842,TRUE,""
ENSG00000211817,TRAV38-2DV8,t2d,null,-0.0206452046581033,0.711106547594804,0.001213,10.7786,3715,0.00408438912161522,TRUE,""
ENSG00000211829,TRDC,t2d,grey,0.0872185325440955,0.304233441044976,0.001213,15.639,3074,0.0113532093897128,TRUE,""
ENSG00000211840,TRAJ49,t2d,null,-0.0115981890419178,0.870683232746339,0.001213,7.9512,3030,0.00411462386967304,TRUE,""
ENSG00000211850,TRAJ39,fbg,null,0.0159346633335534,0.617075077451974,0.001745,7.0275,2517,0.00436490899125284,TRUE,""
ENSG00000211886,TRAJ3,cad,null,0.0169493812577429,0.671763599100528,0.0001667,9.1294,4789,0.0026016430114494,TRUE,""
ENSG00000211970,IGHV4-61,cad,null,-0.0129063823373051,0.511363275765339,0.01604,24.4986,1307,0.00476744490265202,TRUE,""
ENSG00000211972,IGHV3-66,cad,null,0.00258831624475525,0.734622498505584,0.01604,59.6597,1307,0.00288104077961122,TRUE,""
ENSG00000211976,IGHV3-73,cad,null,-0.0139588395039041,0.717300494430804,0.01604,11.1571,1307,0.00295137157111912,TRUE,""
ENSG00000212084,AL121914.1,cad,null,-0.0278923735713938,0.738882680363527,0.0002149,5.382,2044,0.00250802776385254,TRUE,""
ENSG00000212293,SNORA16,t2d,grey,-0.0218513210341573,0.0947441823119761,1.792e-11,42.2239,2479,9.91655386523576e-08,TRUE,""
ENSG00000212293,SNORA16,fbg,null,-0.00380742714989105,0.786707745258045,0.0003918,42.2239,2229,0.0048217323848422,TRUE,""
ENSG00000212607,SNORA45,t2d,grey,-0.10136642483696,0.476155211447359,0.0003753,7.944,4013,0.00477314487761643,TRUE,""
ENSG00000213049,RP11-436I9.4,cad,null,-0.0184556069913943,0.588518882160993,0.0003213,11.0673,4424,0.0031893647546879,TRUE,""
ENSG00000213057,C1orf220,cad,grey,-0.0338408373192732,0.381573905705021,0.0007444,25.5444,5331,0.00370805748488795,TRUE,""
ENSG00000213057,C1orf220,fbg,null,-0.00759692266351031,0.722710426810277,0.0006314,25.5444,1667,0.00397995966382413,TRUE,""
ENSG00000213064,SFT2D2,t2d,grey,-0.120806214564823,0.19971886424532,0.0002453,14.5691,3645,0.00832692271975761,TRUE,""
ENSG00000213066,FGFR1OP,t2d,grey,0.0813635364286904,0.34447757029994,0.0006813,37.5813,2696,0.0127381835637892,TRUE,""
ENSG00000213071,LPAL2,t2d,null,0.0219523988026923,0.937074486238219,3.129e-10,4.862,3205,0.00291778482786539,TRUE,""
ENSG00000213139,CRYGS,fbg,null,-0.00418904846234857,0.897332123936804,5.479e-05,16.9967,1757,0.00318138812130535,TRUE,""
ENSG00000213149,CNN2P9,cad,grey,-0.0361581129547206,0.34090381592813,4.674e-05,12.3074,4580,0.00262402807158972,TRUE,""
ENSG00000213185,FAM24B,t2d,grey,-0.175871443795953,0.167142700437544,0.0007731,11.5002,592,0.00015549268193338,TRUE,""
ENSG00000213185,FAM24B,fbg,null,0.0118122611504744,0.812779285408195,0.001095,11.5002,2385,0.00461528718143516,TRUE,""
ENSG00000213212,NCLP1,cad,null,-0.00570947476317699,0.810767037225103,,18.4293,,,FALSE,GWAS 区域无数据
ENSG00000213231,TCL1B,fbg,null,0.00601772374316722,0.731705934672859,0.0002344,32.0841,2639,0.00424649213422767,TRUE,""
ENSG00000213246,SUPT4H1,t2d,grey,0.0666685630843337,0.0997980774822682,4.275e-05,51.8032,161,9.54747532170128e-05,TRUE,""
ENSG00000213277,RP11-332O19.3,t2d,null,0.0359070728271367,0.792114444041872,0.0009079,12.2559,316,8.72708424817102e-05,TRUE,""
ENSG00000213277,RP11-332O19.3,fbg,null,-0.0200657171681058,0.724949369674133,0.0004215,12.2559,1349,0.00679894386956462,TRUE,""
ENSG00000213281,NRAS,cad,null,0.0991214923107887,0.62250184302538,4.159e-10,5.7355,4096,1.05126003216919e-05,TRUE,""
ENSG00000213433,RP11-54C4.1,t2d,null,-0.011790323178964,0.512110129838952,0.0001521,37.1148,3238,0.00489697361471539,TRUE,""
ENSG00000213433,RP11-54C4.1,fbg,null,0.00699425951294473,0.723687129428604,0.009201,37.1148,2396,0.00919996053721539,TRUE,""
ENSG00000213445,SIPA1,t2d,null,-0.071620319868066,0.579069416222994,1.634e-07,18.8876,1839,0.000340544557944097,TRUE,""
ENSG00000213445,SIPA1,fbg,null,-0.0273288062654462,0.623054874994852,0.003257,18.8876,886,0.0138297685796142,TRUE,""
ENSG00000213462,ERV3-1,t2d,null,0.00491096088540225,0.761282195603013,0.01878,122.1255,3344,0.00402205244065069,TRUE,""
ENSG00000213463,SYNJ2BP,cad,grey,-0.327453822711174,0.130209988754016,6.147e-05,9.0698,5192,0.0119008042195768,TRUE,""
ENSG00000213516,RBMXL1,t2d,grey,-0.102456268442257,0.102487633765882,0.004956,22.3963,2447,0.0140456427502231,TRUE,""
ENSG00000213516,RBMXL1,cad,grey,-0.0373290280371015,0.409620641491042,1.678e-06,22.3963,3535,0.00239269404194609,TRUE,""
ENSG00000213523,SRA1,fbg,null,0.00702367785644239,0.606447146740021,0.004014,51.0928,1108,0.00453486723660581,TRUE,""
ENSG00000213542,RP11-467H10.1,t2d,grey,0.0385515274690037,0.400020759588224,4.221e-06,15.0786,1848,0.00510366979303737,TRUE,""
ENSG00000213551,DNAJC9,t2d,grey,0.0996351070922129,0.41228692726495,1.309e-05,12.697,314,0.00456713515049671,TRUE,""
ENSG00000213614,HEXA,cad,null,-0.0789075982239848,0.742726974158001,0.0003602,9.6998,3206,0.00606305013495831,TRUE,""
ENSG00000213625,LEPROT,t2d,grey,0.058186030668218,0.0784936943143855,6.719e-07,72.3889,2925,0.00435876766795901,TRUE,""
ENSG00000213672,NCKIPSD,cad,grey,-0.018073321495253,0.41821391318549,3.48e-11,29.8502,2345,4.61061286192626e-07,TRUE,""
ENSG00000213699,SLC35F6,cad,grey,-0.102350859796757,0.0533344069622796,2.645e-07,17.812,3420,0.00432334726791504,TRUE,""
ENSG00000213713,PIGCP1,fbg,null,-0.00133088015473433,0.802587348634153,0.001123,43.6911,1647,0.00434264888897382,TRUE,""
ENSG00000213742,RP4-694B14.5,cad,grey,0.0859688099761672,0.467058901715173,0.001357,11.2053,3704,0.00860720842382905,TRUE,""
ENSG00000213782,DDX47,cad,grey,-0.115793438242512,0.397466925422593,0.0003961,8.4107,5608,0.00428767018489977,TRUE,""
ENSG00000213782,DDX47,t2d,null,-0.0800027391493718,0.634786973282518,0.00023,8.4107,3562,0.00459666494331794,TRUE,""
ENSG00000213809,KLRK1,t2d,grey,0.111177681861324,0.114616670745644,0.0007751,20.3004,3565,0.013186229205825,TRUE,""
ENSG00000213839,RP11-3J10.4,t2d,grey,0.0274507206719356,0.491025139870094,0.0002048,18.791,3313,0.00605553958296908,TRUE,""
ENSG00000213839,RP11-3J10.4,cad,null,0.00639263358113569,0.823003032839829,0.000298,18.791,5266,0.00343692629327407,TRUE,""
ENSG00000213901,SLC23A3,cad,grey,0.0250750707876213,0.33399329651116,3.778e-05,50.8809,2964,0.00568883976141289,TRUE,""
ENSG00000213901,SLC23A3,fbg,grey,0.017156627381004,0.222939094167741,0.001446,50.8809,1450,0.00572360196735808,TRUE,""
ENSG00000213903,LTB4R,cad,grey,0.0703596787114613,0.243345009148763,0.0002795,17.6491,4662,0.00546547463361683,TRUE,""
ENSG00000213918,DNASE1,fbg,null,0.00225701963221655,0.906347316282193,0.0001091,16.9794,1254,0.00391144302151801,TRUE,""
ENSG00000213949,ITGA1,fbg,grey,0.0608015041396662,0.196938679952046,0.0006786,33.3702,2329,0.0244882108596995,TRUE,""
ENSG00000213971,RP11-15H20.6,t2d,null,-0.0340408845949701,0.854085592695337,0.009144,6.1745,3998,0.00486974575420688,TRUE,""
ENSG00000213976,CTD-2561J22.2,t2d,grey,-0.0577830924810331,0.327829749104351,0.001229,11.6805,4756,0.00576975992423945,TRUE,""
ENSG00000213995,CARKD,t2d,grey,-0.0396531148062694,0.285612267507573,1.275e-05,64.7404,2997,0.0082957487102445,TRUE,""
ENSG00000213995,CARKD,fbg,grey,-0.0113294613732198,0.423710797166793,7.05e-06,64.7404,2404,0.0066017007878671,TRUE,""
ENSG00000214013,GANC,cad,null,-0.0627608952795209,0.770541497710554,0.0001307,14.95,3296,0.00456356718539982,TRUE,""
ENSG00000214022,REPIN1,fbg,grey,-0.0669103796217823,0.275312886521962,0.0002164,31.6445,1415,0.0220800031820471,TRUE,""
ENSG00000214076,CPSF1P1,t2d,grey,0.0608499086579391,0.311223436849471,0.0004537,11.9523,4184,0.00377556642840716,TRUE,""
ENSG00000214140,PRCD,cad,null,-0.0793985136169735,0.569379541379991,5.543e-05,5.1132,,,FALSE,对齐后仅 0 变异(<10)
ENSG00000214174,AMZ2P1,fbg,grey,-0.0254169683061694,0.0955807045456294,0.0101,55.5382,1375,0.00985605069614062,TRUE,""
ENSG00000214193,SH3D21,cad,grey,0.130246922352679,0.309177618947532,3.492e-07,7.3115,3109,0.00457429662644764,TRUE,""
ENSG00000214253,FIS1,t2d,null,0.0352462066976697,0.536455493807192,2.337e-07,52.8154,2459,0.00154807559415655,TRUE,""
ENSG00000214274,ANG,cad,null,0.00105845432962825,0.944054023280193,0.0002985,67.496,5187,0.00266017304660105,TRUE,""
ENSG00000214293,RSBN1L-AS1,t2d,null,0.00502273710479956,0.8948012616508,4.221e-06,23.6287,2791,0.00329168873958745,TRUE,""
ENSG00000214331,RP11-252A24.2,cad,null,0.0237497765679949,0.724132540388919,3.43e-16,11.2323,5852,4.86576162746354e-12,TRUE,""
ENSG00000214357,NEURL1B,t2d,null,0.0325520490457286,0.902790199050649,0.002764,7.1433,2533,0.0067597365400039,TRUE,""
ENSG00000214465,SMARCE1P6,cad,null,0.0155166358576397,0.841480581121794,2.645e-07,5.5838,3505,0.000776120353718165,TRUE,""
ENSG00000214548,MEG3,cad,grey,0.0263360373086311,0.117192626080971,9.627e-05,53.8793,4171,0.00778751104436567,TRUE,""
ENSG00000214659,KRT8P26,cad,grey,0.0814914173980388,0.199951364850716,2.291e-11,16.5578,3088,2.35419341124039e-07,TRUE,""
ENSG00000214706,IFRD2,fbg,grey,-0.0744798805190506,0.149534833950161,0.0001937,11.1668,829,0.00996470646363612,TRUE,""
ENSG00000214708,AC090616.2,fbg,grey,-0.0255874135487294,0.341492955343765,0.001513,10.4237,1343,0.0111488269314333,TRUE,""
ENSG00000214783,POLR2J4,cad,null,-0.00147130649512895,0.943056670967043,1.314e-07,21.2039,4803,0.000843229641636384,TRUE,""
ENSG00000214867,SRSF9P1,t2d,null,-0.0268943710870824,0.895317338291782,4.816e-05,4.5955,1143,0.000427236511120765,TRUE,""
ENSG00000214975,PPIAP29,cad,null,0.0498816519866218,0.510605772861378,3.212e-06,14.9941,7714,0.00179083020090058,TRUE,""
ENSG00000215014,AL645728.1,cad,null,0.0121524835041304,0.518822668670191,1.326e-08,23.6531,3171,1.90234036607419e-05,TRUE,""
ENSG00000215068,AC025171.1,cad,null,0.155643980746979,0.544316081393424,0.0007869,7.3432,5197,0.00585235764274244,TRUE,""
ENSG00000215190,LINC00680,cad,grey,0.0139549050384458,0.167293602655168,3.243e-13,67.4028,1554,2.68286001193883e-05,TRUE,""
ENSG00000215302,CTD-3092A11.1,t2d,grey,0.0773072151392411,0.283439089766425,4.944e-05,18.4222,1825,0.0260222653177208,TRUE,""
ENSG00000215305,VPS16,fbg,grey,-0.011765257675653,0.453254704753736,0.0005591,47.2468,2129,0.00743568489828014,TRUE,""
ENSG00000215421,ZNF407,t2d,null,-0.0825938415764532,0.621538629656824,0.0002799,8.3611,,,FALSE,对齐后仅 0 变异(<10)
ENSG00000215424,MCM3AP-AS1,fbg,null,-0.00644452193660509,0.820211678728453,0.0008637,24.7666,1221,0.00538176869518635,TRUE,""
ENSG00000215481,BCRP3,cad,grey,-0.0273368728980034,0.367248483693673,3.73e-09,15.6918,4278,2.20570219754318e-06,TRUE,""
ENSG00000215493,XXbac-B562F10.11,t2d,grey,-0.214120596403617,0.371933680494178,0.0003626,4.9496,1616,0.0106840247155888,TRUE,""
ENSG00000215769,hsa-mir-6080,t2d,grey,-0.132729331231766,0.11930620485951,3.949e-08,9.0451,107,0.0135953089884442,TRUE,""
ENSG00000215769,hsa-mir-6080,cad,null,-0.00327726743782139,0.959618036952282,5.213e-05,9.0451,141,0.000342576072032309,TRUE,""
ENSG00000215912,TTC34,t2d,grey,-0.0468492092765918,0.484680040754928,0.002706,15.4226,585,0.00522260517980226,TRUE,""
ENSG00000215914,MMP23A,cad,grey,0.0580803200864897,0.0618112824463884,1.326e-08,9.7102,3470,0.00010038873651725,TRUE,""
ENSG00000216197,AP001623.1,t2d,grey,-0.116948285186574,0.0699089739364695,0.001718,8.4602,1361,0.00175171492256787,TRUE,""
ENSG00000217078,RP1-13D10.3,cad,grey,0.0686570559789871,0.0517373785856707,1.235e-05,25.6294,5793,0.0317064284050562,TRUE,""
ENSG00000217083,RP1-245M18.2,fbg,null,0.00334110129260809,0.859924253238214,4.732e-05,11.5924,2719,0.003386494267643,TRUE,""
ENSG00000217576,RP11-64P12.8,fbg,grey,-0.0722928009044982,0.485821758188089,0.003591,4.6342,1491,0.00559085310696882,TRUE,""
ENSG00000217644,RP4-803A2.1,t2d,grey,0.0202558483208895,0.49041106256261,0.0004059,20.9285,2069,0.00483600533260644,TRUE,""
ENSG00000217644,RP4-803A2.1,cad,grey,0.0219438356809637,0.286616361405448,7.588e-05,20.9285,3144,0.00480659391399102,TRUE,""
ENSG00000218073,RP1-13D10.2,t2d,null,-0.00338652968891364,0.951270720304243,4.025e-06,24.0934,4056,0.00432835689771832,TRUE,""
ENSG00000218186,KRT8P43,t2d,grey,-0.0518010188527301,0.423710797166793,0.0001991,7.9668,5394,0.00512034931217397,TRUE,""
ENSG00000218357,LL22NC03-75H12.2,cad,grey,-0.0697721441894915,0.186156863266151,0.0002041,11.5828,5845,0.00620640002843276,TRUE,""
ENSG00000218422,AC016773.1,cad,grey,0.0203032327575005,0.053628579127419,8.678e-05,49.4575,5555,0.0121504358522035,TRUE,""
ENSG00000218631,RP3-395C13.1,cad,null,-0.0238821446260242,0.668235141795249,0.0002649,8.9915,4788,0.00402215061070094,TRUE,""
ENSG00000218713,RP1-34L19.1,fbg,null,-0.00151574654679828,0.867632334778193,0.009144,34.2525,2375,0.00538056153138235,TRUE,""
ENSG00000218809,RP1-229K20.5,t2d,grey,0.0688992950376469,0.189990890593895,2.625e-07,18.6248,3578,0.00188798226440249,TRUE,""
ENSG00000219200,RNASEK,fbg,grey,-0.0343485672016209,0.399729035501385,0.001279,24.8744,1578,0.0094356638122671,TRUE,""
ENSG00000219200,RNASEK,cad,null,0.0164586884507767,0.832880112467705,0.0002708,24.8744,5671,0.0048886899317842,TRUE,""
ENSG00000219665,CTD-2006C1.2,cad,null,-0.0351450314745188,0.877323986031853,1.566e-11,8.5149,4448,1.10437198669576e-07,TRUE,""
ENSG00000219755,RP1-199J3.5,fbg,grey,0.0191642132079956,0.148613996455212,0.0003655,17.8734,2026,0.0115130478277205,TRUE,""
ENSG00000219755,RP1-199J3.5,cad,null,-0.00184271280846112,0.940511598005378,3.777e-05,17.8734,4042,0.00289389023903965,TRUE,""
ENSG00000220267,ACTBP8,fbg,grey,-0.00530762312342574,0.232654673754248,0.0006941,81.6283,2036,0.00686777191626039,TRUE,""
ENSG00000220267,ACTBP8,t2d,null,-0.000573797094424404,0.95910077028586,0.002279,81.6283,2619,0.00454460779984406,TRUE,""
ENSG00000220378,KRT8P42,fbg,grey,0.0260355044174601,0.383771766671715,0.01408,6.4188,2030,0.00564979792058788,TRUE,""
ENSG00000220378,KRT8P42,t2d,null,0.0134998911794238,0.861079633584653,0.0001051,6.4188,2653,0.00391764902452096,TRUE,""
ENSG00000220517,ASS1P1,cad,grey,-0.0180499368212019,0.409620641491042,3.212e-06,19.3127,7509,0.00157955305444825,TRUE,""
ENSG00000220586,TUBBP9,t2d,grey,-0.047700363551296,0.061703404877095,2.625e-07,31.4896,4769,0.00381576400271342,TRUE,""
ENSG00000221500,SNORD100,fbg,grey,-0.0380259425864709,0.159900760298068,0.0009308,20.0541,2287,0.00849352606943497,TRUE,""
ENSG00000221598,MIR1249,fbg,null,-0.0368609418185546,0.561479628322256,0.003153,4.5936,2350,0.00297278697817442,TRUE,""
ENSG00000221743,Z95152.1,fbg,grey,0.0244738184488912,0.0559063806460285,0.0004404,18.1225,1708,0.0247738611454159,TRUE,""
ENSG00000221743,Z95152.1,t2d,null,-0.0180729736237966,0.558301743578421,0.0001289,18.1225,3622,0.00449440623046717,TRUE,""
ENSG00000221743,Z95152.1,cad,null,-0.0150608113531638,0.504985075093846,8.534e-10,18.1225,5307,4.02671424047922e-06,TRUE,""
ENSG00000221817,RP11-137L10.6,t2d,grey,0.397112168157025,0.0939643280595918,1.309e-05,5.0979,258,0.00671713061659379,TRUE,""
ENSG00000221866,PLXNA4,cad,null,-0.00480465929194557,0.933586496294755,0.0002018,16.8062,4508,0.00271335302656078,TRUE,""
ENSG00000221890,NPTXR,t2d,grey,-0.0560928016218788,0.345753978677278,0.002069,31.4153,1722,0.00797751469064215,TRUE,""
ENSG00000221890,NPTXR,fbg,null,0.00623253351354208,0.78331623830721,0.0001491,31.4153,1314,0.0046291868108723,TRUE,""
ENSG00000221946,FXYD7,cad,grey,0.0416251276938793,0.277605418363564,4.085e-05,32.4996,4216,0.00593296965532115,TRUE,""
ENSG00000221946,FXYD7,fbg,null,-0.021907961944147,0.716129568855565,0.007285,32.4996,1368,0.0136329390771725,TRUE,""
ENSG00000221968,FADS3,cad,null,0.0776760039908328,0.696184458032407,4.149e-05,8.8731,3865,0.00417680707920451,TRUE,""
ENSG00000222009,BTBD19,t2d,null,0.0487428312596898,0.748673956210688,0.0007634,9.7979,1955,0.00518500023032504,TRUE,""
ENSG00000222020,AC062017.1,fbg,grey,-0.0174784949710897,0.374062797490883,0.0001751,27.4495,2036,0.00723511501141671,TRUE,""
ENSG00000223510,CDRT15,fbg,null,-0.00112863594675797,0.883085590508198,0.0004847,27.4203,2772,0.00392020348807046,TRUE,""
ENSG00000223519,RP11-439E19.8,fbg,null,-0.00255800985122345,0.851268623688206,0.001642,17.381,1911,0.00384216398446683,TRUE,""
ENSG00000223561,AC003090.1,fbg,null,0.0252399140287184,0.561479628322256,9.528e-05,10.3744,2525,0.0127317760971699,TRUE,""
ENSG00000223573,TINCR,t2d,null,-0.037980968758818,0.886403006367064,0.002095,7.956,1313,0.00803806201325299,TRUE,""
ENSG00000223622,GSTA6P,t2d,grey,0.0565602903069794,0.100792092707838,2.993e-05,14.9071,4254,0.0129937677617434,TRUE,""
ENSG00000223629,DEFA8P,t2d,null,0.0119646345108983,0.732754742460857,0.0003905,17.3493,4646,0.0039688921428941,TRUE,""
ENSG00000223704,RP1-90L6.2,cad,grey,0.0250800161087956,0.359843860321171,8.302e-05,22.4774,6099,0.00578718085578532,TRUE,""
ENSG00000223722,RP11-467L13.5,t2d,grey,-0.017050516161778,0.402852048826046,1.499e-05,38.1142,4504,0.00537470102536772,TRUE,""
ENSG00000223725,AC007879.5,t2d,null,-0.0508262764503243,0.554871443695732,3.745e-06,8.7659,1811,0.00169696455417534,TRUE,""
ENSG00000223779,RP11-403I13.4,cad,grey,0.458652648914341,0.157040837600909,1.84e-06,5.373,525,0.676472848642151,TRUE,""
ENSG00000223820,CFL1P1,fbg,grey,0.0757468433337301,0.110992040456491,0.001143,4.9942,1561,0.018332850385773,TRUE,""
ENSG00000223935,AC008074.3,t2d,grey,-0.0333342807822249,0.204848971310736,9.81e-12,30.1008,3115,2.50615314358645e-07,TRUE,""
ENSG00000224043,AC016725.4,cad,null,-0.00969901041325077,0.887992336880331,4.399e-06,9.3756,2037,0.00354284999545656,TRUE,""
ENSG00000224067,RP11-430K21.2,t2d,grey,0.0720163834874389,0.177714325380176,1.578e-05,15.6573,,,FALSE,对齐后仅 0 变异(<10)
ENSG00000224067,RP11-430K21.2,fbg,grey,0.0191656504442378,0.385163873930437,0.0008985,15.6573,2106,0.00596218920042931,TRUE,""
ENSG00000224078,SNHG14,cad,grey,-0.106178958472713,0.487108412415213,2.156e-05,12.0733,6740,0.00690647857840985,TRUE,""
ENSG00000224086,LL22NC03-86G7.1,t2d,grey,-0.0431421390761342,0.0834929318418181,0.0003626,28.455,1580,0.0174429186467316,TRUE,""
ENSG00000224183,SDHDP6,cad,grey,0.0168336902354116,0.0846829459575784,8.928e-06,64.6851,3126,0.00994499101463451,TRUE,""
ENSG00000224287,MSL3P1,cad,grey,0.0667640810048142,0.261519464324923,5.558e-08,15.236,4368,0.000676703091179309,TRUE,""
ENSG00000224287,MSL3P1,t2d,null,-0.0396411730966084,0.634786973282518,0.0009593,15.236,2544,0.00438888072867716,TRUE,""
ENSG00000224358,RP11-466F5.8,t2d,null,-0.0247898801418016,0.670836674740339,0.0002468,13.5516,4390,0.00616039426793892,TRUE,""
ENSG00000224474,AL355490.1,fbg,null,0.0231889705007475,0.790271981569015,0.0001258,6.6729,1630,0.0103984004053371,TRUE,""
ENSG00000224536,RP11-134G8.7,cad,grey,-0.0206662020142509,0.453254704753736,1.097e-10,15.6475,5626,1.3606084886569e-06,TRUE,""
ENSG00000224596,RP11-202P11.1,fbg,grey,0.015737406728385,0.482241043015876,0.0008466,20.1002,1986,0.00561474924187205,TRUE,""
ENSG00000224638,AC106900.6,cad,null,-0.0177685344271155,0.765315881209824,5.85e-05,16.3733,2678,0.0032190931082954,TRUE,""
ENSG00000224650,IGHV3-74,fbg,grey,-0.0299389136157698,0.381573905705021,0.03855,6.9296,423,0.00591392073391557,TRUE,""
ENSG00000224652,AC139666.1,fbg,null,0.0407145455631557,0.700522394103849,0.000657,5.7709,844,0.00485308731572113,TRUE,""
ENSG00000224660,SH3BP5-AS1,fbg,null,0.00453796822341001,0.661748776081758,0.003517,34.3256,2032,0.00632718863317327,TRUE,""
ENSG00000224739,AC016735.1,t2d,grey,-0.113659086976028,0.154293598329644,6.687e-28,8.7512,3749,1.87718580681028e-11,TRUE,""
ENSG00000224769,AC069213.1,cad,null,-0.0105561324390497,0.836518144383217,0.0001155,16.7472,5533,0.00280913199968446,TRUE,""
ENSG00000224805,LINC00853,fbg,grey,0.0242603960087596,0.11163003635549,0.001204,21.4023,1555,0.0184033090995777,TRUE,""
ENSG00000224877,C17orf89,t2d,grey,0.0831807661670003,0.317310507862914,2.341e-05,21.5944,,,FALSE,对齐后仅 0 变异(<10)
ENSG00000224886,BEND3P3,cad,grey,-0.0321538713492308,0.323554655973369,1.724e-11,15.24,779,0.0354183313927403,TRUE,""
ENSG00000224950,RP5-1086K13.1,cad,null,-0.0100582548717437,0.691175538942666,6.759e-05,21.3863,3106,0.00370395387621106,TRUE,""
ENSG00000225032,RP11-228B15.4,cad,null,-0.00609182774752405,0.684169826249014,0.000257,28.3111,,,FALSE,对齐后仅 0 变异(<10)
ENSG00000225094,SETP20,fbg,grey,-0.0391914598250966,0.352250687955077,0.001511,6.3172,1668,0.00809893091186487,TRUE,""
ENSG00000225177,RP11-390P2.4,fbg,grey,0.0144738110985266,0.372450881005206,0.001017,34.1959,1880,0.0065292061149759,TRUE,""
ENSG00000225205,AC093818.1,cad,grey,0.0316520964968329,0.423710797166793,1.339e-05,22.9844,3794,0.0034905429032136,TRUE,""
ENSG00000225218,AP001628.6,fbg,grey,0.0826978183026118,0.0708478257810242,0.0006597,6.4473,2298,0.0290523678496148,TRUE,""
ENSG00000225231,AC091814.2,t2d,grey,-0.0153993111785257,0.224945154267061,0.000372,74.4795,3391,0.00726839066689615,TRUE,""
ENSG00000225231,AC091814.2,fbg,grey,-0.00513310372617522,0.303681109722319,0.002978,74.4795,2044,0.00773848648984627,TRUE,""
ENSG00000225234,TRAPPC12-AS1,cad,grey,0.0700090229265194,0.0513819637660028,5.717e-05,21.4733,7044,0.0162650922703769,TRUE,""
ENSG00000225331,AP001055.6,cad,null,0.0176555548263726,0.842956491509772,2.504e-05,17.8045,2257,0.00166851843820928,TRUE,""
ENSG00000225373,AC008993.5,cad,grey,0.0480997842907657,0.237869838089298,0.001489,10.214,2210,0.00374224412235332,TRUE,""
ENSG00000225402,AC010878.3,t2d,null,-0.00849347635809349,0.790963055258609,0.0002391,22.8175,4355,0.00340980675625358,TRUE,""
ENSG00000225402,AC010878.3,fbg,null,0.00656314082216315,0.595245548732816,0.0003389,22.8175,2183,0.00432297053447674,TRUE,""
ENSG00000225411,RP11-764K9.1,cad,grey,-0.0887556518423711,0.143216484185245,0.0001007,7.1639,,,FALSE,对齐后仅 0 变异(<10)
ENSG00000225434,RP11-63P12.6,t2d,null,-0.0137825658880937,0.65183134797548,0.0003702,19.8983,,,FALSE,对齐后仅 0 变异(<10)
ENSG00000225450,RP3-508I15.14,fbg,null,-0.0201030284219062,0.523279796752506,0.0001491,19.4167,1335,0.00619223882453374,TRUE,""
ENSG00000225465,RFPL1-AS1,t2d,grey,-0.0630353413861221,0.389892085643516,9.169e-09,10.8259,2663,1.07742248967236e-05,TRUE,""
ENSG00000225476,AC013437.6,cad,null,0.000898938330507919,0.956302165815335,2.765e-09,31.4452,2776,0.000267203823718344,TRUE,""
ENSG00000225490,RP4-610C12.3,cad,grey,-0.0425003589209535,0.386124674283814,0.01658,16.0738,187,0.00585101201965847,TRUE,""
ENSG00000225507,AC069282.6,t2d,null,-0.00653403573129974,0.819764330638924,7.199e-05,19.2738,4698,0.00345933009256406,TRUE,""
ENSG00000225527,RP11-383B4.4,fbg,grey,-0.0150629878931088,0.0607927235305228,0.0005834,24.6545,2399,0.0208937183375722,TRUE,""
ENSG00000225535,AC068610.3,fbg,grey,-0.0349377957433354,0.477904197979373,0.006199,6.161,1315,0.00486117226773328,TRUE,""
ENSG00000225544,KB-1027C11.4,fbg,grey,0.0675155810045071,0.228558028316351,0.0002249,6.4814,1329,0.0138596771491287,TRUE,""
ENSG00000225578,NCBP2-AS1,fbg,grey,-0.0240248228023968,0.216721062179052,0.000657,11.0869,1031,0.00860873193534041,TRUE,""
ENSG00000225611,RP11-70C1.1,t2d,null,-0.0109821040901272,0.624428772569,0.001514,31.7448,3293,0.00510932274290674,TRUE,""
ENSG00000225612,AC099552.2,cad,null,0.0151029096854158,0.788917520844718,1.95e-05,16.1775,6413,0.00443183011507901,TRUE,""
ENSG00000225614,ZNF469,cad,grey,0.260810940545526,0.0928492747495967,4.843e-05,7.0987,7184,0.0149310382125599,TRUE,""
ENSG00000225632,RP5-997D24.3,fbg,grey,0.0421756198469897,0.136392147794979,0.002695,12.3111,1849,0.0161700705711953,TRUE,""
ENSG00000225632,RP5-997D24.3,cad,null,0.0265103896181078,0.608911450415323,1.855e-22,12.3111,4675,2.01697825163005e-18,TRUE,""
ENSG00000225733,FGD5-AS1,cad,grey,0.0127150630143211,0.324931165476837,3.207e-11,36.7187,5216,8.41686671122055e-08,TRUE,""
ENSG00000225808,DNAJC19P5,fbg,grey,0.0116996084352381,0.330213359465853,0.0003023,21.915,2235,0.00683667533790307,TRUE,""
ENSG00000225828,FAM229A,cad,null,0.0211985928954911,0.858790429120605,7.588e-05,14.0653,2288,0.00782446833855217,TRUE,""
ENSG00000225830,ERCC6,fbg,null,-0.00361323708124553,0.922905718287002,0.007371,13.5435,1805,0.00377814927689625,TRUE,""
ENSG00000225889,AC074289.1,fbg,grey,-0.0099267299771526,0.230139340443416,0.003442,40.446,1610,0.0101683060909946,TRUE,""
ENSG00000225891,RP3-476K8.3,fbg,null,-0.0272144441858347,0.541126024471668,0.008789,5.8092,962,0.00548288624597811,TRUE,""
ENSG00000225931,RP3-395M20.7,cad,null,-0.0270009032653638,0.839129155428647,9.974e-10,9.0931,4574,3.31421089715821e-06,TRUE,""
ENSG00000225940,AC022431.2,cad,grey,0.0209711937231126,0.431477021974336,3.737e-08,20.8684,4290,9.37038857274189e-05,TRUE,""
ENSG00000225948,RP11-554I8.1,cad,grey,-0.0327073911416721,0.212487988247632,0.0001085,42.68,7270,0.00832949900094308,TRUE,""
ENSG00000225963,AC009950.2,cad,null,-0.0107327432944552,0.824140895741885,0.0001277,9.1328,3770,0.00297356762803679,TRUE,""
ENSG00000225985,RP11-214F16.3,fbg,grey,-0.0385027345590272,0.365591537564832,0.0002351,6.5011,1936,0.00827686296234801,TRUE,""
ENSG00000225986,RP3-340N1.5,fbg,grey,0.0296488866932632,0.402121784699465,1.131e-05,7.7464,1751,0.0049805568260753,TRUE,""
ENSG00000225992,TRGVA,cad,grey,-0.0200170186688554,0.332917547895039,0.0002225,20.0736,6767,0.00451951871815765,TRUE,""
ENSG00000226029,RP4-798A10.2,fbg,null,0.0058021302395312,0.703238583398932,0.003642,27.2836,1253,0.0054535853881246,TRUE,""
ENSG00000226104,AC011475.1,cad,grey,0.127149312406686,0.0793643945944879,1.931e-36,5.6517,4735,1.09807216151963e-05,TRUE,""
ENSG00000226137,BAIAP2-AS1,cad,grey,0.018478163042508,0.423710797166793,3.156e-05,36.3622,,,FALSE,对齐后仅 0 变异(<10)
ENSG00000226137,BAIAP2-AS1,fbg,grey,-0.0260674085778238,0.0927918472265709,5.288e-05,36.3622,1369,0.0215961190468444,TRUE,""
ENSG00000226155,AC124944.3,cad,null,-0.0249553458341724,0.527156276786672,0.0001155,11.3501,4918,0.0037453994272071,TRUE,""
ENSG00000226278,PSPHP1,t2d,null,0.00805274118672618,0.748289567260516,0.001266,69.255,3824,0.0184379266139722,TRUE,""
ENSG00000226281,RP1-80N2.2,t2d,grey,0.0618144153716358,0.102273849647735,3.342e-11,21.9335,4851,6.29060571517074e-07,TRUE,""
ENSG00000226312,CFLAR-AS1,t2d,grey,-0.124341572565225,0.218937685698941,9.651e-05,7.6127,1801,0.00961436209230886,TRUE,""
ENSG00000226334,RP11-217B7.2,cad,grey,0.0149871622176234,0.334588749819927,3.591e-12,22.7143,,,FALSE,对齐后仅 0 变异(<10)
ENSG00000226337,RP11-274B18.4,fbg,null,-0.00249779636225156,0.828819213786263,0.001017,23.0158,1342,0.00455465078310227,TRUE,""
ENSG00000226380,AC058791.1,fbg,grey,-0.0545873238119666,0.106765534268082,0.001196,13.7364,1569,0.0133635241324527,TRUE,""
ENSG00000226393,IFNA20P,fbg,grey,-0.0291582712564743,0.317310507862914,1.296e-06,8.265,2175,0.00242517154284043,TRUE,""
ENSG00000226445,XXyac-YX65C7_A.2,cad,null,-0.0137865584041079,0.765167966048581,0.0005413,16.8811,5756,0.00367781536756567,TRUE,""
ENSG00000226471,CTA-292E10.6,fbg,grey,-0.0556221358506217,0.293129068088163,0.002673,5.4671,1355,0.00874985885372948,TRUE,""
ENSG00000226496,LINC00323,t2d,grey,-0.212676982303555,0.223243461130903,0.002085,6.9343,1287,0.000329339394120586,TRUE,""
ENSG00000226496,LINC00323,cad,null,-0.0179096406150362,0.884352001477485,1.872e-06,6.9343,2637,0.000786395140158675,TRUE,""
ENSG00000226524,RP1-102H19.6,t2d,null,-0.00311617984323421,0.897986641842342,0.002279,23.0606,2562,0.00383366902913561,TRUE,""
ENSG00000226624,CTA-351J1.1,fbg,grey,-0.0854545096514122,0.490893192138033,0.0002851,4.6027,1715,0.00357451445877438,TRUE,""
ENSG00000226645,AP006216.10,t2d,null,-0.0330444421361562,0.665669631939866,3.64e-05,6.5558,4036,0.00371594653066898,TRUE,""
ENSG00000226660,TRBV2,fbg,null,0.00165106694734616,0.871864744932721,0.0004369,22.2887,1453,0.00373922427904361,TRUE,""
ENSG00000226677,IGBP1P1,cad,grey,-0.131071906397951,0.30387033128374,4.674e-05,7.8482,4008,0.00413373447801305,TRUE,""
ENSG00000226686,AC012309.5,t2d,grey,-0.0338420259486594,0.115256444552306,0.001424,24.525,2261,0.01326960933412,TRUE,""
ENSG00000226763,SRRM5,cad,grey,0.227633484772848,0.0531951480420193,2.135e-35,7.375,4234,0.018331028638558,TRUE,""
ENSG00000226763,SRRM5,fbg,grey,0.0804566627214377,0.214080075786953,0.0003202,7.375,1462,0.00829827558259639,TRUE,""
ENSG00000226833,AC097724.3,t2d,grey,-0.0638697249731715,0.334486574070831,9.451e-06,9.6375,3926,0.00520605480508741,TRUE,""
ENSG00000226833,AC097724.3,fbg,grey,0.0277025313136647,0.289680155734686,4.831e-11,9.6375,2162,1.12388674140818e-07,TRUE,""
ENSG00000226853,AC010894.3,t2d,grey,-0.17748436403497,0.132132101129189,7.821e-06,4.8619,1557,0.00542501868119646,TRUE,""
ENSG00000226856,AC093901.1,cad,grey,0.0465695338325084,0.349011728223858,5.021e-05,20.1365,3696,0.00337918656682482,TRUE,""
ENSG00000226862,RP11-569A11.1,cad,null,-0.00707758668387877,0.917607199040523,1.097e-10,6.2882,4697,1.50982478712558e-06,TRUE,""
ENSG00000226891,RP11-182I10.3,fbg,null,0.00694062674268677,0.676922239021379,0.001752,16.0278,2118,0.00473817797599231,TRUE,""
ENSG00000226920,RP5-1068B5.3,fbg,grey,-0.0997641304238475,0.215297197625348,0.001227,7.218,1535,0.0114054597818232,TRUE,""
ENSG00000226981,FAM108A7P,t2d,grey,0.060301196502194,0.0695523729283394,0.003033,17.518,1388,0.0203021685772219,TRUE,""
ENSG00000227001,NBPF2P,fbg,grey,-0.0060650151809542,0.358137983510638,0.001058,45.4359,1710,0.00586958227234384,TRUE,""
ENSG00000227001,NBPF2P,cad,null,0.000713531197759317,0.95309266714744,2.942e-05,45.4359,5017,0.00144597089632338,TRUE,""
ENSG00000227012,RP1-97J1.2,cad,grey,0.0253666141261449,0.143867728481615,1.608e-05,23.1802,3971,0.00774502731527111,TRUE,""
ENSG00000227017,AC007036.6,t2d,grey,0.0575216389529412,0.186358504597951,2.569e-07,12.7112,4036,0.00185166275344479,TRUE,""
ENSG00000227028,SLC8A1-AS1,cad,grey,0.0342713457500608,0.0622646015352178,8.958e-05,20.7217,5345,0.014158598314504,TRUE,""
ENSG00000227051,C14orf132,t2d,null,0.00523371133838525,0.846529514964004,0.0002075,65.2301,3440,0.00447415565818151,TRUE,""
ENSG00000227124,ZNF717,cad,grey,0.0133884614272177,0.34090381592813,0.0007655,34.9526,4013,0.00465207876189291,TRUE,""
ENSG00000227135,GCSAML-AS1,t2d,grey,0.0521001300876949,0.383979022432548,0.005598,14.0154,3855,0.00591604639330708,TRUE,""
ENSG00000227155,RP11-165F24.3,t2d,grey,0.122524196479148,0.258293064655504,7.097e-06,7.4935,4243,0.00562282700934784,TRUE,""
ENSG00000227191,TRGC2,t2d,grey,-0.0199501945433959,0.383771766671716,0.0001323,40.5613,5036,0.00728675958638487,TRUE,""
ENSG00000227195,RP3-410C9.1,fbg,grey,0.044243297423367,0.348501423761085,0.002393,10.0567,498,0.00596750058434163,TRUE,""
ENSG00000227195,RP3-410C9.1,t2d,null,-0.0058991063231156,0.959618036952282,0.01482,10.0567,1181,0.00392432039422737,TRUE,""
ENSG00000227242,RP11-325P15.3,t2d,null,0.000828803651627793,0.961094232136074,6.862e-07,55.3568,1375,0.000231556655143597,TRUE,""
ENSG00000227295,ELL2P1,fbg,grey,0.031207107951519,0.159649901642811,0.001098,9.9601,2185,0.0102260157644657,TRUE,""
ENSG00000227295,ELL2P1,t2d,null,-0.0214982299221575,0.698386084925716,0.002956,9.9601,4299,0.0040312561170684,TRUE,""
ENSG00000227355,RP11-162D16.2,t2d,grey,-0.0749585899759468,0.0610107247477557,6.202e-07,14.1884,,,FALSE,对齐后仅 0 变异(<10)
ENSG00000227355,RP11-162D16.2,fbg,null,-0.00607772351156325,0.707660466654552,0.004221,14.1884,1593,0.00399348384556061,TRUE,""
ENSG00000227403,AC009299.3,cad,grey,-0.0116992882907025,0.254140149455582,2.414e-07,43.7218,2085,0.00353527920294773,TRUE,""
ENSG00000227456,LINC00310,t2d,grey,-0.0658261621996254,0.406952608509977,0.001964,8.9062,1067,0.000448072696518192,TRUE,""
ENSG00000227512,RP11-413M3.4,t2d,null,0.0541127573409917,0.846669078746991,,4.5676,,,FALSE,GWAS 区域无数据
ENSG00000227533,SLC2A1-AS1,cad,null,-0.0043909092682697,0.711484561017985,3.967e-05,45.7118,3582,0.00220956286305854,TRUE,""
ENSG00000227598,RP1-167A14.2,t2d,grey,-0.0106951034381777,0.464920120624581,0.0006813,38.3477,2666,0.00480556708705338,TRUE,""
ENSG00000227671,RP11-488L18.4,t2d,grey,-0.0664178562403388,0.0947441823119761,0.005598,26.1094,3900,0.0159555518245723,TRUE,""
ENSG00000227678,RP11-73O6.3,cad,null,0.00809352881983438,0.817494086363381,4.711e-05,23.8137,5847,0.00219694837532518,TRUE,""
ENSG00000227719,AC006042.6,t2d,grey,-0.106037762058156,0.0806658866178128,0.0006012,8.3909,5461,0.0151311918075941,TRUE,""
ENSG00000227741,RP11-536C5.7,cad,null,-0.0373076015709463,0.635725114509718,2.348e-05,5.3672,5260,0.00296829041209386,TRUE,""
ENSG00000227776,AKR1D1P1,cad,grey,-0.0654142948742404,0.428391983443105,0.001367,11.8824,5761,0.0092228659848275,TRUE,""
ENSG00000227799,AC012358.4,cad,null,0.00427241123420273,0.944054023280193,2.751e-05,6.9446,5760,0.00335628337154982,TRUE,""
ENSG00000227855,DPY19L2P3,cad,grey,0.0267508069896533,0.481292445201842,0.001134,12.7538,5635,0.00417797517210007,TRUE,""
ENSG00000227905,RP11-380G5.4,cad,grey,0.25973985038976,0.0674958090598305,2.434e-21,6.2133,744,0.000487308711470048,TRUE,""
ENSG00000227963,RP5-1074L1.1,t2d,null,0.0173655530515304,0.692396893892571,2e-07,15.3715,2892,0.00255355889403065,TRUE,""
ENSG00000227963,RP5-1074L1.1,cad,null,-0.0149536706832623,0.628119757486285,1.793e-05,15.3715,4012,0.00249289108680793,TRUE,""
ENSG00000227963,RP5-1074L1.1,fbg,null,0.00627089415749709,0.718016387438887,0.002859,15.3715,1829,0.00473599152281204,TRUE,""
ENSG00000227986,TRIM60P18,t2d,null,0.00476652692051098,0.832290604654577,0.01878,28.0035,2525,0.00423662621500676,TRUE,""
ENSG00000228037,RP3-395M20.9,cad,null,-0.0133977617946555,0.839129155428647,9.974e-10,14.9483,4541,3.25330934281815e-06,TRUE,""
ENSG00000228050,TOP3BP1,cad,null,0.0147318728063505,0.521880450615299,0.001057,26.0415,4564,0.00513162571328974,TRUE,""
ENSG00000228058,RP11-552D4.1,t2d,null,0.00141904183791677,0.989070416337843,1.864e-09,10.4467,3612,2.41979421540071e-05,TRUE,""
ENSG00000228106,RP11-452F19.3,fbg,grey,0.0533853857339124,0.110890597528893,0.001503,13.5021,1041,0.0280761440663325,TRUE,""
ENSG00000228107,AP000692.9,cad,null,0.0413779518720378,0.573286181271378,1.22e-05,8.7839,1977,0.00159788736083027,TRUE,""
ENSG00000228146,CASP16,t2d,grey,-0.0668876785155593,0.445761643145975,2.214e-05,13.1603,1598,0.00398746633988091,TRUE,""
ENSG00000228157,AC007952.5,t2d,grey,-0.0180865699846978,0.403118014218166,1.172e-05,37.8163,1269,0.00854434444142123,TRUE,""
ENSG00000228157,AC007952.5,cad,grey,0.0218102755697826,0.133614402537716,2.458e-09,37.8163,2603,0.00014760288647228,TRUE,""
ENSG00000228203,RNF144A-AS1,t2d,null,-0.0141488708132456,0.869175486772197,5.234e-05,7.3375,3966,0.00328985897984888,TRUE,""
ENSG00000228216,RP11-367F23.1,cad,grey,-0.027578113511391,0.368892015232629,0.0003091,13.915,,,FALSE,对齐后仅 0 变异(<10)
ENSG00000228274,RP3-508I15.9,fbg,grey,-0.02404643352955,0.34661443250305,0.0001491,9.8575,1344,0.0101404210607531,TRUE,""
ENSG00000228274,RP3-508I15.9,t2d,null,-0.036069650294325,0.572273832532262,0.002069,9.8575,1916,0.00475463478610761,TRUE,""
ENSG00000228318,AP001610.5,fbg,grey,-0.00575876779310938,0.485821758188089,0.0003116,27.2524,2509,0.00489712732687982,TRUE,""
ENSG00000228329,AC097495.3,t2d,grey,-0.0816129457823909,0.30157682640995,0.001437,9.7856,3158,0.00932560835320906,TRUE,""
ENSG00000228340,RP5-1043L13.1,fbg,null,-0.0334635197718231,0.518822668670191,5.274e-06,7.8522,2776,0.00217499324289492,TRUE,""
ENSG00000228389,AC068039.4,t2d,grey,-0.0148544703598582,0.300910532935171,8.156e-05,45.3796,2429,0.00645789535322126,TRUE,""
ENSG00000228403,RP11-563N6.6,fbg,grey,-0.0211272861765567,0.265156633625956,0.007371,12.1595,1929,0.0123311029419617,TRUE,""
ENSG00000228409,CCT6P1,t2d,null,0.00640915895994591,0.761282195603013,0.01407,29.2058,1844,0.00408783058254225,TRUE,""
ENSG00000228439,TSTD3,t2d,null,0.00896479050419192,0.666919425572451,0.0001279,28.1319,3043,0.00385488345738436,TRUE,""
ENSG00000228444,LMO7-AS1,fbg,null,-0.000508418906351104,0.974266251454282,0.0008019,12.6982,2406,0.00370501429394246,TRUE,""
ENSG00000228446,AC073052.1,cad,grey,-0.0329226126883935,0.348501423761085,1.023e-07,15.5744,3224,0.00592934065697318,TRUE,""
ENSG00000228451,SDAD1P1,cad,null,-0.0149983521876542,0.59743694916693,9.647e-07,23.2442,6924,0.000619338805326409,TRUE,""
ENSG00000228452,RP5-994D16.9,t2d,null,-0.00655382562755153,0.823220892751275,2.469e-05,22.6415,2519,0.00397810581878615,TRUE,""
ENSG00000228476,CSTP1,t2d,null,-0.0567493292777539,0.585999172905987,0.004102,7.0805,5246,0.0061180233928891,TRUE,""
ENSG00000228486,AC017099.3,cad,null,0.0126626713199906,0.539940330191881,0.0004989,43.2832,2163,0.00465977165708176,TRUE,""
ENSG00000228495,RP3-523C21.1,t2d,grey,0.0789850162507137,0.419771242383785,2.427e-08,8.0053,3323,7.4581267125033e-05,TRUE,""
ENSG00000228506,RP11-98I9.4,t2d,grey,-0.0168645263372745,0.227310058016444,0.0001279,66.3806,3049,0.00623132534699267,TRUE,""
ENSG00000228623,ZNF883,t2d,null,0.082675180484629,0.546392540969256,0.0004284,19.5749,,,FALSE,对齐后仅 0 变异(<10)
ENSG00000228653,RP11-321E8.2,cad,null,0.0194696964059722,0.638571533177075,0.0007088,10.2806,3869,0.00341615437086462,TRUE,""
ENSG00000228663,PSMD10P1,t2d,grey,0.0872022022512107,0.384821085392298,3.432e-06,6.2061,1159,0.0394761914378105,TRUE,""
ENSG00000228672,PROB1,t2d,grey,-0.15882209760982,0.160092090674302,0.00547,10.7897,1169,0.0102647893214033,TRUE,""
ENSG00000228692,RP5-826L7.1,t2d,grey,0.110062222020335,0.0801183137276342,0.0003839,15.655,3588,0.0334870725351879,TRUE,""
ENSG00000228701,RP11-251A15.4,cad,null,-0.00380927584183273,0.812433265726068,1.058e-06,24.2092,734,0.00406500113169036,TRUE,""
ENSG00000228719,RP5-1119A7.14,t2d,null,0.0156426173763624,0.851268623688206,0.000251,6.5523,2712,0.00396178094681356,TRUE,""
ENSG00000228719,RP5-1119A7.14,fbg,null,-0.0125140939010899,0.698684565645401,0.003134,6.5523,2121,0.00408333828298469,TRUE,""
ENSG00000228775,RP5-894A10.5,cad,grey,0.00629368047508193,0.497409451259859,5.449e-06,52.0006,3424,0.00442451771820109,TRUE,""
ENSG00000228775,RP5-894A10.5,t2d,null,0.00115936219277825,0.928490976066494,2.611e-05,52.0006,2170,0.00277028865081541,TRUE,""
ENSG00000228784,AC013400.2,fbg,grey,0.0336797923442499,0.189351486043285,0.0006389,18.7035,2458,0.00878791124290392,TRUE,""
ENSG00000228801,RP11-110G21.1,t2d,grey,0.106274960288918,0.11514760619062,0.002877,11.6559,2094,0.0175220152742019,TRUE,""
ENSG00000228804,RP11-211G3.3,t2d,grey,-0.0654700692326453,0.18375947113462,4.385e-13,11.7619,3168,8.04015625964907e-09,TRUE,""
ENSG00000228960,OR2A9P,cad,grey,-0.0211768693661091,0.204358769913803,0.0009483,28.6126,3073,0.00821915765559086,TRUE,""
ENSG00000228998,RP11-697E2.7,fbg,grey,-0.00960043549847518,0.472294969945709,0.0008607,31.4753,1761,0.00484930050295329,TRUE,""
ENSG00000229036,RP1-20N2.6,t2d,null,-0.0378520001145269,0.566701119222339,4.275e-05,10.7779,2538,0.00496724526425787,TRUE,""
ENSG00000229052,RP11-386I23.1,fbg,grey,-0.0268623387607422,0.391365938307552,0.001528,7.2101,1305,0.00616713858529455,TRUE,""
ENSG00000229056,AC020571.3,cad,grey,-0.0577347097741643,0.443008217236531,0.0001422,6.3263,2772,0.00427983669588458,TRUE,""
ENSG00000229106,RP11-4M23.2,cad,null,0.0555228304230129,0.629267134854082,2.061e-05,6.6234,3615,0.00238299503727579,TRUE,""
ENSG00000229127,AC007038.7,t2d,null,0.0240376782820049,0.665669631939866,4.604e-05,10.8003,1799,0.00465450104118319,TRUE,""
ENSG00000229153,EPHA1-AS1,fbg,grey,0.00863249535490584,0.278660494899244,0.002779,41.214,1207,0.00786267257225029,TRUE,""
ENSG00000229162,RP11-84D1.1,fbg,grey,0.0363016182867678,0.317310507862914,0.000818,6.4892,1289,0.00677507637851218,TRUE,""
ENSG00000229180,GS1-124K5.11,t2d,null,0.0210300081915472,0.589662040180909,0.01052,16.9302,2088,0.00485532762512148,TRUE,""
ENSG00000229205,LINC00200,fbg,null,0.0336582149422018,0.622339550672908,0.003307,12.6959,2459,0.00893016706619116,TRUE,""
ENSG00000229314,ORM1,fbg,null,-0.00525391543157517,0.578514721507944,0.0002867,61.0617,2587,0.00397178301600173,TRUE,""
ENSG00000229358,AC018633.4,fbg,grey,0.00517479922800651,0.461218374590665,0.0005646,55.3128,2212,0.0282968040184401,TRUE,""
ENSG00000229473,RGS17P1,fbg,null,0.0191279623082446,0.617075077451974,0.003434,6.199,1779,0.00489988946387879,TRUE,""
ENSG00000229515,FLT1P1,fbg,grey,-0.00714280958306292,0.398809120942745,0.0001969,32.5675,1707,0.00535725017968916,TRUE,""
ENSG00000229539,RP11-119B16.2,cad,null,-0.000948210910124568,0.97008634014818,2.117e-05,21.2944,6493,0.00287201281719339,TRUE,""
ENSG00000229590,MSX2P1,fbg,grey,-0.0101354091233001,0.434655471356171,0.00224,43.3267,1451,0.00538952283749485,TRUE,""
ENSG00000229628,AC073115.7,cad,grey,0.0285579152886751,0.28351177934117,3.64e-08,18.6208,6807,0.000369844556680161,TRUE,""
ENSG00000229628,AC073115.7,fbg,null,0.00849019103176828,0.541126024471668,0.002227,18.6208,2272,0.00541320984963706,TRUE,""
ENSG00000229647,AC007879.7,cad,grey,-0.0360605367983102,0.309312028034449,0.001386,12.5441,2859,0.00456406491649997,TRUE,""
ENSG00000229648,AC016753.7,t2d,null,0.0101962698857996,0.659937107321187,0.00221,29.5086,3644,0.00516059201249494,TRUE,""
ENSG00000229656,RP11-462L8.1,t2d,grey,0.257675958636073,0.317310507862914,0.0005253,4.627,4245,0.00935530522904133,TRUE,""
ENSG00000229677,RP11-383F6.1,fbg,grey,-0.0227732146279989,0.434655471356171,0.001846,8.1384,1466,0.0120152942235127,TRUE,""
ENSG00000229677,RP11-383F6.1,t2d,null,-0.0127530001916794,0.859339364707836,0.0005263,8.1384,2292,0.00402784051480119,TRUE,""
ENSG00000229692,SOS1-IT1,t2d,grey,0.149791483165881,0.381151603559063,0.0003961,6.9822,2899,0.00957713407269618,TRUE,""
ENSG00000229692,SOS1-IT1,fbg,null,0.0223093698332163,0.742817152223402,0.002244,6.9822,1755,0.00864019945432598,TRUE,""
ENSG00000229727,AC013460.1,t2d,null,-0.0559610482062216,0.751188081991049,5.234e-05,4.6228,3383,0.00379209739715667,TRUE,""
ENSG00000229728,RP11-314N13.3,t2d,grey,0.0445027315276612,0.478075227276107,0.000536,13.2917,3510,0.00679882663477525,TRUE,""
ENSG00000229769,TRBV10-2,cad,grey,-0.0150027095379906,0.368120250693519,0.0007078,41.81,3328,0.00386551127203255,TRUE,""
ENSG00000229808,RP11-456P18.2,cad,grey,0.105129686061934,0.0754403596268004,0.0005435,16.9304,5382,0.0267835281110423,TRUE,""
ENSG00000229808,RP11-456P18.2,t2d,null,0.023654179363935,0.802587348634153,0.001249,16.9304,3663,0.0105249917579874,TRUE,""
ENSG00000229809,ZNF688,fbg,grey,0.137169472314542,0.202482800382933,0.007129,8.4195,497,0.0122944070178103,TRUE,""
ENSG00000229894,GK3P,t2d,null,-0.0711160840366448,0.570102033612566,0.0001345,4.6952,2317,0.00476011351213534,TRUE,""
ENSG00000229931,RP1-151F17.1,cad,null,0.00126564177730665,0.994950131430799,1.235e-05,5.8607,5785,0.00610859944107514,TRUE,""
ENSG00000229988,HBBP1,cad,null,-0.0397613202350655,0.764177155622095,5.609e-13,6.6862,8536,1.84945476831386e-07,TRUE,""
ENSG00000230071,RPL4P6,fbg,null,-0.025380393027531,0.531971058097401,0.0001153,5.8451,1025,0.00498111514235495,TRUE,""
ENSG00000230084,RP4-613B23.1,fbg,grey,-0.0238298805089707,0.365115640660603,0.002533,14.941,1571,0.00942919221178442,TRUE,""
ENSG00000230091,TMEM254-AS1,cad,grey,0.0640660555875807,0.169557704860616,0.0004667,25.3787,807,0.000373658219829357,TRUE,""
ENSG00000230124,RP5-1180C10.2,fbg,grey,0.0119271163931514,0.381573905705021,0.0003106,24.1437,2013,0.00555298671110646,TRUE,""
ENSG00000230149,RP3-508I15.19,t2d,grey,0.193001462094739,0.238453215486607,0.002069,5.5707,1893,0.00879090242487635,TRUE,""
ENSG00000230319,AL022476.2,fbg,grey,-0.025626597424563,0.302423598900007,6.316e-05,7.9683,2007,0.00613337143314156,TRUE,""
ENSG00000230373,GOLGA6L5,fbg,null,0.00091557862894467,0.937074486238219,0.001572,24.2912,1419,0.00470694451121866,TRUE,""
ENSG00000230424,RP1-43E13.2,fbg,grey,0.0343015684395944,0.397466925422593,0.001418,8.6725,1937,0.00882086922792363,TRUE,""
ENSG00000230445,LRRC37A6P,t2d,grey,-0.303183355382782,0.0632908322333453,0.006871,7.5144,3932,0.0207024838367636,TRUE,""
ENSG00000230537,RP11-305L7.1,t2d,grey,-0.0348528229671685,0.0941926785362718,1.151e-08,33.833,,,FALSE,对齐后仅 0 变异(<10)
ENSG00000230587,AC093609.1,t2d,grey,0.051767984810913,0.189097706098514,6.687e-28,15.5967,3856,4.87458405217149e-24,TRUE,""
ENSG00000230606,AC159540.1,t2d,null,-0.00194397333577811,0.86605252103331,0.00254,54.0011,1331,0.00397394489579048,TRUE,""
ENSG00000230633,RP11-37E23.5,cad,grey,0.0183431333901239,0.245331054113535,1.189e-10,31.94,3735,2.48791000508e-07,TRUE,""
ENSG00000230701,FBXW4P1,fbg,grey,0.0300934768811687,0.457568175062507,0.0008835,10.0154,1464,0.00599076461178508,TRUE,""
ENSG00000230715,RP11-274B21.4,fbg,null,0.000173455090538919,0.976536189986223,0.005595,62.8574,1146,0.00389782216733101,TRUE,""
ENSG00000230730,AC074011.2,cad,grey,-0.0188410452751493,0.0741455311114069,1.259e-05,37.5076,5269,0.0287078734432262,TRUE,""
ENSG00000230733,AC092171.4,cad,grey,0.159647965830184,0.0587579600808189,2.104e-08,8.2836,6825,0.000203264922217403,TRUE,""
ENSG00000230747,AC021188.4,t2d,grey,0.107275451262108,0.13514487229351,0.0002378,8.7806,647,0.0114933224178532,TRUE,""
ENSG00000230825,AC005532.5,cad,grey,0.0155106570456116,0.317310507862914,2.104e-08,24.6316,7197,3.09787699408626e-05,TRUE,""
ENSG00000230896,RP11-767N6.7,t2d,grey,0.146951909842401,0.120437188394991,0.0007634,6.6592,2115,0.0188706418750491,TRUE,""
ENSG00000230953,RP4-631H13.6,t2d,grey,-0.0894168340521663,0.178406057753558,0.001114,8.3179,2609,0.00840472931822866,TRUE,""
ENSG00000230982,DSTNP1,cad,grey,-0.016078818293661,0.435590430382112,,20.2155,,,FALSE,GWAS 区域无数据
ENSG00000231050,RP1-140A9.1,fbg,grey,-0.00763483496028011,0.232654673754248,0.002196,31.9225,640,0.00730622683499198,TRUE,""
ENSG00000231187,RP11-38L15.3,cad,null,-0.0439445532178303,0.702444696338871,0.00112,5.5599,612,0.00455981213316183,TRUE,""
ENSG00000231202,TRGVB,fbg,grey,0.0194404825839487,0.113959193634688,0.001746,16.2744,2571,0.0123908862309532,TRUE,""
ENSG00000231259,AC125232.1,fbg,grey,-0.0047180478469387,0.434655471356171,0.000572,54.5622,656,0.0108488513060344,TRUE,""
ENSG00000231259,AC125232.1,t2d,null,-0.0090586518661223,0.5434561598092,0.0006453,54.5622,994,0.00437592210881621,TRUE,""
ENSG00000231305,RP11-723O4.2,t2d,null,0.0161606167567194,0.851268623688206,0.0001286,15.7628,2572,0.00455180534534571,TRUE,""
ENSG00000231305,RP11-723O4.2,cad,null,-0.0116715565465196,0.84615250852728,0.0001836,15.7628,4201,0.00302455006422457,TRUE,""
ENSG00000231312,AC007246.3,cad,grey,0.0302600564235949,0.309177618947532,8.958e-05,14.7076,4838,0.00444007307846386,TRUE,""
ENSG00000231345,RP11-564C4.6,cad,grey,-0.00970528037194209,0.145353824895129,1.4e-05,60.4358,835,0.00597266140973601,TRUE,""
ENSG00000231365,RP11-418J17.1,fbg,grey,-0.00757966663076585,0.198542793686662,0.001686,44.4212,1734,0.0117665387851718,TRUE,""
ENSG00000231386,AC007395.4,fbg,grey,-0.00855145465769354,0.145795140951976,0.001085,34.7422,2038,0.0108714193674267,TRUE,""
ENSG00000231393,RP11-331F9.3,t2d,null,0.0853319013094587,0.549413339029627,0.0001264,6.5864,2786,0.00749879590591996,TRUE,""
ENSG00000231419,LINC00689,t2d,null,-0.0277371843413717,0.56037911774616,0.0009079,21.8981,1998,0.00451451547745311,TRUE,""
ENSG00000231419,LINC00689,cad,null,-0.00663280495119757,0.846972707794471,0.0009955,21.8981,3775,0.00275082626022213,TRUE,""
ENSG00000231437,RP11-88H9.1,fbg,grey,0.0488467060371387,0.233461530493144,0.003243,8.5038,2070,0.0112692709174156,TRUE,""
ENSG00000231453,AC018470.4,t2d,grey,0.0908269425744273,0.312078862383083,7.821e-06,10.1905,1528,0.00548882490380862,TRUE,""
ENSG00000231466,CTA-246H3.11,cad,null,0.00902662691783529,0.903198689029561,0.001144,7.1649,5148,0.00348653494473336,TRUE,""
ENSG00000231581,RP5-997D24.5,fbg,null,0.00355906935924957,0.625286305140081,0.002695,38.9034,1790,0.00567479363722929,TRUE,""
ENSG00000231584,FAHD2CP,cad,null,-0.0153530897671182,0.696661882488179,0.001857,11.1019,1308,0.00307544174247605,TRUE,""
ENSG00000231611,AP006216.11,cad,null,0.0882011723545687,0.696124020168597,7.033e-13,6.1585,5934,2.07310099928383e-05,TRUE,""
ENSG00000231613,RP5-943J3.1,cad,null,0.00334272272349872,0.699522655082611,2.178e-05,48.084,3444,0.00227909935813909,TRUE,""
ENSG00000231621,AC013264.2,t2d,null,-0.00603914983917499,0.571213608372943,0.001481,64.8356,1392,0.00551716336964506,TRUE,""
ENSG00000231721,AC058791.2,fbg,null,0.00522516535369925,0.617075077451974,0.001196,22.7133,1624,0.00428753399951512,TRUE,""
ENSG00000231752,EMBP1,cad,grey,-0.0467010058340529,0.271332121892765,0.005054,11.3245,106,0.00544920959080709,TRUE,""
ENSG00000231964,RP11-67C2.2,t2d,grey,0.0673652980014798,0.354844386050124,0.001591,10.3854,1493,0.00757302157874539,TRUE,""
ENSG00000231970,RP11-452K12.7,cad,grey,0.0594230405086266,0.363302140886898,1.955e-06,6.4035,624,0.0136826503086083,TRUE,""
ENSG00000232053,AC009784.3,cad,grey,0.264964731764271,0.0639351829874655,0.0003479,9.7188,5035,0.022864736180143,TRUE,""
ENSG00000232065,AC023797.1,cad,null,-0.0361671495824523,0.552679335565412,0.0001155,6.8528,4578,0.0034192477888233,TRUE,""
ENSG00000232118,BACH1-AS1,t2d,null,-0.022595627453418,0.661128117889932,5.451e-05,8.7656,1763,0.000750992966455961,TRUE,""
ENSG00000232125,DYTN,cad,null,0.035061048744824,0.841480581121794,0.001357,6.4581,3093,0.00358010834784734,TRUE,""
ENSG00000232208,RP3-477M7.5,t2d,null,0.00307629532031693,0.882225851923449,6.783e-05,28.0315,2015,0.00301602643097065,TRUE,""
ENSG00000232216,IGHV3-43,cad,null,-0.00462005566805134,0.815166464860674,0.01604,20.5607,1307,0.0038907681311245,TRUE,""
ENSG00000232216,IGHV3-43,fbg,null,0.00154001855601711,0.898418383157776,0.03855,20.5607,458,0.00543871859096822,TRUE,""
ENSG00000232224,LINC00202-1,t2d,null,0.0541000291495528,0.565291296994401,0.0079,12.7499,3954,0.00482704567320086,TRUE,""
ENSG00000232254,CSF2RBP1,t2d,null,-0.0226811070236482,0.812998822226794,0.000251,7.1948,2484,0.00427363518125666,TRUE,""
ENSG00000232284,GNG12-AS1,cad,null,0.0358949526233109,0.519682035331273,0.0002924,16.9477,4263,0.00386215257292493,TRUE,""
ENSG00000232303,RP11-205M20.7,cad,null,-0.00142675387377753,0.972492190799539,0.0003904,9.2337,6303,0.00263425614366965,TRUE,""
ENSG00000232303,RP11-205M20.7,fbg,null,0.0128407848639978,0.561479628322256,0.0001706,9.2337,2281,0.00514736932269337,TRUE,""
ENSG00000232354,VIPR1-AS1,cad,null,-0.0101593213019291,0.717300494430804,0.000308,14.6076,4827,0.00277580178132059,TRUE,""
ENSG00000232388,LINC00493,t2d,grey,-0.033653252941446,0.357995197081633,0.0008121,20.0574,4374,0.00691505776853868,TRUE,""
ENSG00000232504,AC105053.4,t2d,grey,-0.0934179892752564,0.111154974055163,0.0006453,9.8705,3439,0.0141533684207269,TRUE,""
ENSG00000232528,RP4-673D20.3,t2d,null,0.0182958569328152,0.603769568459547,3.884e-06,16.6208,4160,0.00291411731248344,TRUE,""
ENSG00000232528,RP4-673D20.3,fbg,null,0.00312368289096844,0.836882810464227,0.002887,16.6208,2680,0.00410008161186485,TRUE,""
ENSG00000232533,AC093673.5,cad,grey,0.0598629316026115,0.137216038879824,0.0007078,18.5072,2720,0.0155584308119411,TRUE,""
ENSG00000232539,AP000288.2,t2d,grey,-0.123531153150923,0.250143871274301,0.0003171,7.0908,881,0.000533903243164735,TRUE,""
ENSG00000232546,RP11-458F8.1,fbg,grey,0.010182397934037,0.41325337549364,0.007575,18.0934,1255,0.00601585321000992,TRUE,""
ENSG00000232559,GS1-124K5.12,fbg,null,0.00233675039040452,0.802587348634153,0.008703,34.9173,975,0.00562086725960423,TRUE,""
ENSG00000232573,RPL3P4,cad,null,0.00148128742171964,0.989900465142906,2.885e-16,5.0075,5131,0.0112309365480939,TRUE,""
ENSG00000232630,PRPS1P2,t2d,grey,-0.0350170319967018,0.445761643145975,6.104e-05,15.3465,,,FALSE,对齐后仅 0 变异(<10)
ENSG00000232630,PRPS1P2,fbg,grey,-0.0126290935070072,0.477904197979373,0.007229,15.3465,1228,0.00451593857946038,TRUE,""
ENSG00000232677,LINC00665,fbg,null,-0.00365634009163046,0.870484201959357,0.007285,29.4807,1089,0.0111986261077137,TRUE,""
ENSG00000232680,AC002511.3,t2d,null,-0.0054309172384398,0.940951444465206,1.012e-05,8.1948,1757,0.0017825648793396,TRUE,""
ENSG00000232686,ARID4B-IT1,t2d,grey,0.10568601852212,0.37705619893811,1.456e-05,6.4713,2964,0.00752470504638721,TRUE,""
ENSG00000232686,ARID4B-IT1,cad,grey,0.0777689570257108,0.380810175904879,0.0001261,6.4713,4760,0.00575122428435194,TRUE,""
ENSG00000232706,FAM22HP,cad,grey,-0.0663343904800066,0.269832541889272,1.4e-05,6.3553,821,0.000550168180582327,TRUE,""
ENSG00000232710,RP4-669P10.16,t2d,grey,0.199079427060096,0.141727646648091,3.538e-05,4.5873,2452,0.0115442644164476,TRUE,""
ENSG00000232713,AC010733.5,fbg,grey,0.0300670700690079,0.272740113942453,0.0003863,7.9872,1475,0.00700783342895142,TRUE,""
ENSG00000232719,RP11-13J8.1,cad,grey,0.0760830352115438,0.474047484682854,1.652e-32,5.068,2540,0.00477703897073368,TRUE,""
ENSG00000232759,AC002480.3,cad,null,0.0221169642849969,0.552679335565412,1.711e-05,12.1357,6257,0.00296136505489142,TRUE,""
ENSG00000232788,AC078883.3,t2d,null,0.0086114556417695,0.736149675971848,8.156e-05,26.7021,2446,0.00428155701729619,TRUE,""
ENSG00000232807,RP11-536K7.3,cad,grey,-0.0495936749902839,0.0629740028648041,0.0001085,17.7984,7736,0.0158208084361548,TRUE,""
ENSG00000232859,LYRM9,cad,null,0.0162216838707551,0.700522394103849,0.0277,24.2274,638,0.00879589653890734,TRUE,""
ENSG00000232926,AC000078.5,fbg,grey,0.00649596399504102,0.43881634294658,0.0008333,26.1091,1532,0.00487460266164658,TRUE,""
ENSG00000232956,SNHG15,t2d,null,0.026734607841415,0.650042100820665,4.25e-09,27.4894,3051,9.19010078929542e-06,TRUE,""
ENSG00000233006,AC034220.3,fbg,grey,0.00992701589258971,0.342764082783861,0.003583,27.6467,1451,0.00621401457606875,TRUE,""
ENSG00000233077,RP11-290F20.2,cad,grey,-0.0867529662362211,0.0923105810118989,5.444e-08,11.7725,1736,0.0114534142898278,TRUE,""
ENSG00000233077,RP11-290F20.2,fbg,grey,0.03951125194917,0.163335906964225,0.0002977,11.7725,1867,0.0101080577295633,TRUE,""
ENSG00000233175,CTD-2020K17.3,cad,null,-0.00151428662038353,0.937728620843449,2.333e-07,24.4763,176,0.00245195444874966,TRUE,""
ENSG00000233175,CTD-2020K17.3,fbg,null,0.000605714648153414,0.956892098247027,0.002502,24.4763,637,0.00451783177499484,TRUE,""
ENSG00000233184,RP11-421L21.3,fbg,grey,-0.00975856397257581,0.21614570699231,0.0009393,35.725,2086,0.00941230336612834,TRUE,""
ENSG00000233236,AP001171.1,t2d,grey,-0.0260082120002802,0.299055232507361,4.287e-05,21.9626,1530,0.00823854576582022,TRUE,""
ENSG00000233236,AP001171.1,cad,grey,0.0147700957038628,0.419656375617377,0.001294,21.9626,2118,0.000910544480475066,TRUE,""
ENSG00000233266,HMGB1P31,cad,null,0.0104482285805572,0.569379541379991,0.0003928,22.0367,5742,0.00308305677291366,TRUE,""
ENSG00000233337,UBE2FP3,fbg,null,0.0122382444898372,0.722710426810277,0.002859,6.1331,2380,0.0050580564951632,TRUE,""
ENSG00000233387,RP11-342D11.3,cad,null,-0.00611201941682686,0.786247641141202,2.473e-06,19.4176,5543,0.000643689670220788,TRUE,""
ENSG00000233387,RP11-342D11.3,fbg,null,0.00191000606775839,0.879569359634668,0.003705,19.4176,2185,0.00402871146329279,TRUE,""
ENSG00000233429,HOTAIRM1,fbg,grey,0.00443712951367113,0.208368424819709,0.0002529,74.2322,2313,0.00469593420362704,TRUE,""
ENSG00000233452,STXBP5-AS1,t2d,null,-0.0284274058275223,0.537047450955428,0.00081,13.0441,3235,0.00452447988363108,TRUE,""
ENSG00000233452,STXBP5-AS1,cad,null,0.0198991840792656,0.546210515044642,5.929e-05,13.0441,4499,0.00313075118668789,TRUE,""
ENSG00000233578,RP5-1022P6.3,cad,null,-0.0157668156958428,0.735185880692844,0.0002561,10.3088,6866,0.00327716192133282,TRUE,""
ENSG00000233578,RP5-1022P6.3,fbg,null,-0.0130247607922179,0.617075077451974,0.001057,10.3088,2533,0.00512159233000989,TRUE,""
ENSG00000233609,RP11-62H7.2,fbg,null,0.00195551175052767,0.738882680363527,7.614e-10,42.3015,2578,1.49238663959632e-06,TRUE,""
ENSG00000233614,DDX11L10,cad,grey,-0.0106431215279604,0.391365938307552,0.0002309,36.4601,2707,0.00434231586906447,TRUE,""
ENSG00000233621,RP11-422J8.1,t2d,grey,0.0262228480204753,0.234483393018555,0.000359,77.6787,2593,0.00417499640485127,TRUE,""
ENSG00000233621,RP11-422J8.1,cad,null,-0.006862053687601,0.671389024011197,4.129e-10,77.6787,4150,9.72618034918779e-06,TRUE,""
ENSG00000233673,ANAPC1P1,cad,null,-0.0381716269352247,0.514713999645175,0.000473,14.5112,1914,0.00378654812712778,TRUE,""
ENSG00000233730,RP4-666F24.3,cad,grey,0.106458336732079,0.416504786576218,4.159e-10,5.0611,4392,0.00202091726205567,TRUE,""
ENSG00000233730,RP4-666F24.3,fbg,null,0.0225200327702475,0.759943064406937,0.001272,5.0611,1822,0.0039872945706561,TRUE,""
ENSG00000233755,RP4-799D16.1,t2d,null,-0.0267789182307232,0.532936680761137,1.251e-07,13.037,1910,0.00176458357456079,TRUE,""
ENSG00000233791,RP11-134P9.1,cad,null,0.00502404111065912,0.94684707139927,0.0001225,19.4434,4696,0.00993929723728888,TRUE,""
ENSG00000233806,AC131097.3,cad,null,0.00518419527655956,0.633938683881346,0.02118,48.0397,443,0.00307515258029875,TRUE,""
ENSG00000233820,RP11-535M15.2,fbg,grey,-0.048024392954584,0.278660494899244,0.0007976,13.8816,1438,0.0100758526181657,TRUE,""
ENSG00000233850,AC103563.8,t2d,null,0.0666279646153656,0.725101998894464,0.0001824,7.2013,379,0.00452324570057858,TRUE,""
ENSG00000233899,RP4-742C19.8,t2d,grey,0.0719157552770216,0.224293681815482,0.0003255,8.7931,1755,0.00811867318295762,TRUE,""
ENSG00000233929,MT1XP1,t2d,grey,-0.027728176787898,0.426349141743277,1.768e-05,16.2865,2060,0.0029571025702787,TRUE,""
ENSG00000233930,RP13-25N22.1,t2d,grey,0.0200923761344508,0.453254704753736,8.392e-05,39.9523,1829,0.00412410133841048,TRUE,""
ENSG00000233937,CTC-338M12.4,fbg,null,-0.0194805957927924,0.533795755724387,0.001253,10.6566,761,0.00649553242283424,TRUE,""
ENSG00000233961,RP11-87H9.2,cad,grey,-0.109049790631238,0.143216484185245,0.0001007,5.8307,,,FALSE,对齐后仅 0 变异(<10)
ENSG00000234076,TPRG1-AS1,cad,null,-0.00419876982014099,0.968512734117354,0.0002117,5.2998,4882,0.0160236664234766,TRUE,""
ENSG00000234175,RP11-730A19.9,cad,grey,-0.0545922698623087,0.462720219158845,6.377e-10,5.8739,7158,6.98476203453769e-05,TRUE,""
ENSG00000234199,AC010982.1,t2d,null,0.00741682167678297,0.825871154703571,0.01147,45.7739,2036,0.00836171843023145,TRUE,""
ENSG00000234222,RP11-315I20.1,cad,grey,-0.0492960908280006,0.0808521928418444,0.0002967,15.4927,60,0.0133269875766963,TRUE,""
ENSG00000234263,RP3-325F22.3,fbg,null,0.008496166723011,0.785062868547559,0.000343,8.6045,1704,0.00390590033163851,TRUE,""
ENSG00000234281,AC007970.1,fbg,grey,-0.0381049081685461,0.175468950513596,0.0002283,6.8222,1680,0.00907096316713188,TRUE,""
ENSG00000234281,AC007970.1,cad,null,-0.0344758692953513,0.504985075093846,0.000298,6.8222,3168,0.00343157529158322,TRUE,""
ENSG00000234286,AC006026.13,t2d,grey,-0.0157324083397519,0.233140619428362,2.622e-05,39.098,4663,0.00502428953127321,TRUE,""
ENSG00000234327,AC012146.7,t2d,grey,-0.0311741724128625,0.299055232507361,4.411e-14,58.2977,3167,2.19402891538206e-08,TRUE,""
ENSG00000234336,JAZF1-AS1,cad,grey,0.039824814671895,0.271332121892765,2.432e-05,23.4483,5956,0.00374926379865112,TRUE,""
ENSG00000234389,AC007278.3,fbg,null,0.00224297391042535,0.671389024011197,6e-05,76.2984,2082,0.00798713535505689,TRUE,""
ENSG00000234420,ZNF37BP,t2d,grey,0.068912368817183,0.344027943080483,5.02e-06,17.0347,2953,0.00415365769165805,TRUE,""
ENSG00000234425,RP11-528G1.2,t2d,null,0.0403843528620936,0.548506235500147,0.001063,7.8293,3088,0.00436185361147103,TRUE,""
ENSG00000234484,RP1-55C23.7,fbg,null,-0.00184464393573395,0.738882680363527,0.0009308,47.7116,2307,0.00382876699664682,TRUE,""
ENSG00000234494,AC003665.1,fbg,grey,0.039399785705999,0.272740113942454,0.000547,6.3998,1353,0.0104923461247558,TRUE,""
ENSG00000234553,AC022431.3,cad,grey,0.0382065760488492,0.245758110306171,3.737e-08,11.6348,4284,0.00010328387261249,TRUE,""
ENSG00000234553,AC022431.3,fbg,grey,0.0158704238972143,0.383771766671715,0.0004019,11.6348,1967,0.00622099510026254,TRUE,""
ENSG00000234608,MAPKAPK5-AS1,t2d,grey,0.0277389176300948,0.472294969945709,0.0003157,37.8137,1385,0.00531226951754224,TRUE,""
ENSG00000234608,MAPKAPK5-AS1,fbg,null,0.00321610639189505,0.845297478259299,0.001915,37.8137,787,0.0052897217587721,TRUE,""
ENSG00000234614,AL450992.2,cad,grey,0.0791065645707243,0.241030964418943,2.85e-11,11.2427,3818,1.08914240214822e-07,TRUE,""
ENSG00000234618,RPSAP9,t2d,null,0.0370985647644441,0.684306640652092,3.419e-12,6.8925,,,FALSE,对齐后仅 0 变异(<10)
ENSG00000234771,RP11-395P17.3,fbg,null,-0.00607655789866551,0.709823590643094,0.00318,41.945,1064,0.00601368575383753,TRUE,""
ENSG00000234810,RP11-466L17.1,cad,null,-0.105573399952626,0.520316800507367,8.038e-28,5.0168,4852,0.00221349641438186,TRUE,""
ENSG00000234882,EIF3EP1,cad,grey,-0.0993871647676189,0.108324623558236,2.179e-05,15.2787,4086,0.0149949064853803,TRUE,""
ENSG00000234883,MIR155HG,t2d,grey,0.499131366091845,0.0743956131067338,0.003795,6.7308,1324,0.00108871975888324,TRUE,""
ENSG00000234883,MIR155HG,fbg,null,-0.0221388912379447,0.854536481393919,0.0008981,6.7308,1964,0.00731113533539717,TRUE,""
ENSG00000234902,AC007879.2,fbg,grey,-0.0188529016771893,0.464347229392465,4.062e-05,11.435,1716,0.00642305568630234,TRUE,""
ENSG00000234902,AC007879.2,t2d,null,-0.0370773732984724,0.574180909103245,3.745e-06,11.435,1989,0.00151453654866176,TRUE,""
ENSG00000235027,AC068580.6,cad,grey,0.110945892709477,0.106400957105162,0.0002549,9.8729,6287,0.0163452896781407,TRUE,""
ENSG00000235052,RP1-150O5.3,cad,null,-0.0305672740803002,0.726934399917106,2.061e-05,4.7409,3452,0.00514989995106647,TRUE,""
ENSG00000235138,RP11-374P20.4,cad,grey,-0.132139998665583,0.265311770602781,1.833e-06,4.6091,,,FALSE,对齐后仅 0 变异(<10)
ENSG00000235150,RP11-186O14.4,t2d,null,-0.038645143956105,0.559668927199412,0.007221,10.5598,547,8.52028503244446e-05,TRUE,""
ENSG00000235191,NUCB1-AS1,t2d,null,0.0128897861440413,0.784403635120709,0.001253,14.525,924,0.00533728106298618,TRUE,""
ENSG00000235231,AP000351.10,t2d,null,0.0061304635778307,0.622042443234244,0.0009148,54.8456,2094,0.00918274034893553,TRUE,""
ENSG00000235257,AC093415.2,cad,grey,0.0717355931898989,0.317310507862914,0.0003187,8.5823,4468,0.00603576475585071,TRUE,""
ENSG00000235257,AC093415.2,t2d,null,-0.0190142536165997,0.844274735076052,0.005872,8.5823,3009,0.0054830317046738,TRUE,""
ENSG00000235271,RP1-90L6.3,fbg,grey,-0.0242925377067484,0.0619481514134812,2.787e-05,21.4024,3080,0.0286560571739664,TRUE,""
ENSG00000235351,AC114730.11,cad,grey,0.0486678684118839,0.054939442232871,0.0001469,12.8922,991,0.0198063863569791,TRUE,""
ENSG00000235374,SSR4P1,cad,grey,-0.0189136549092393,0.450941606478325,3.655e-05,19.2133,1500,0.00911410412835755,TRUE,""
ENSG00000235505,RP11-693N9.2,fbg,grey,0.0269815136994055,0.458463485620218,0.003109,23.9026,1927,0.00918929930260262,TRUE,""
ENSG00000235531,RP11-383H13.1,t2d,null,-0.0354604198798497,0.522406905507948,7.37e-05,18.1994,2654,0.005704468128934,TRUE,""
ENSG00000235568,NFAM1,t2d,null,0.020163761607085,0.936237255972025,3.538e-05,8.8273,2565,0.00437337214855243,TRUE,""
ENSG00000235579,AC007283.4,fbg,null,0.0289268272518293,0.591554054889021,0.001904,5.3746,1585,0.00586298432356521,TRUE,""
ENSG00000235782,RP3-333A15.1,t2d,grey,0.0712266262836875,0.0795871742256823,1.044e-05,13.1323,2451,0.0349959814477689,TRUE,""
ENSG00000235958,UBOX5-AS1,t2d,null,-0.00923833945668603,0.819764330638924,3.884e-06,13.4933,3916,0.00265487992985102,TRUE,""
ENSG00000235978,AC018816.3,t2d,null,0.000672921532832656,0.978438177451517,0.0002609,22.0458,4580,0.0034293797357843,TRUE,""
ENSG00000235978,AC018816.3,fbg,null,-0.00504691149624492,0.649436283726755,0.0001321,22.0458,2510,0.00416694511319521,TRUE,""
ENSG00000236114,RP11-517P14.7,cad,grey,-0.101742389573322,0.290594574719311,3.504e-24,6.0211,5637,1.90713665873437e-05,TRUE,""
ENSG00000236137,RP11-27K13.3,fbg,grey,0.0904709767200722,0.0619481514134812,0.0008496,9.578,1564,0.0474070668293574,TRUE,""
ENSG00000236137,RP11-27K13.3,cad,null,0.0258488504914492,0.727970796961297,6.759e-05,9.578,3325,0.00529281324832461,TRUE,""
ENSG00000236144,AD000090.2,t2d,grey,-0.0564287579582983,0.234046392046217,1.012e-05,15.6411,1854,0.00451131072578353,TRUE,""
ENSG00000236209,AC104135.2,t2d,null,-0.00652855514967639,0.56037911774616,0.002355,57.5904,2949,0.00708577091829996,TRUE,""
ENSG00000236213,AC006369.2,fbg,null,0.0013914833998971,0.771569465555293,0.0003389,48.2114,2354,0.00373183528549445,TRUE,""
ENSG00000236255,AC009404.2,t2d,grey,-0.12680632698706,0.0980623108556022,4.556e-05,13.7261,2785,0.0150177265684654,TRUE,""
ENSG00000236278,PEBP1P3,t2d,grey,0.194204855670403,0.261404826096038,0.001744,4.8541,3953,0.00940636084894205,TRUE,""
ENSG00000236278,PEBP1P3,cad,grey,-0.154299748340868,0.222066092856628,4.243e-05,4.8541,5286,0.00703291488637266,TRUE,""
ENSG00000236304,AP001189.4,cad,null,-0.00777108348475529,0.507867300814076,4.758e-11,57.4433,4369,0.00230664587824098,TRUE,""
ENSG00000236320,SLFN14,t2d,grey,-0.327716379573261,0.0523218450165436,0.0004728,8.0479,650,0.000258280078800484,TRUE,""
ENSG00000236320,SLFN14,fbg,grey,-0.094494906993517,0.154376307933322,0.001691,8.0479,1395,0.0175153769837172,TRUE,""
ENSG00000236383,LINC00854,t2d,null,-0.0325963684609021,0.793394868265903,3.78e-09,9.6806,135,0.00747411520019274,TRUE,""
ENSG00000236397,DDX11L2,t2d,grey,0.0205271621369836,0.122514753054031,0.01131,79.5741,1742,0.00496477202946627,TRUE,""
ENSG00000236403,RP11-447M12.2,fbg,null,-0.0139157281611566,0.548506235500147,0.0001011,29.0198,2089,0.010861206612135,TRUE,""
ENSG00000236432,AC097662.2,t2d,grey,0.0854333315672774,0.387320978067789,2.794e-08,15.561,2957,0.000597853976209556,TRUE,""
ENSG00000236525,AC007278.2,fbg,grey,0.00946067299643813,0.185974874255209,6e-05,32.1398,2085,0.00952384521347362,TRUE,""
ENSG00000236682,AC068282.3,t2d,grey,-0.0120970303461488,0.204506267563147,0.0002361,76.2731,2193,0.0087530637410527,TRUE,""
ENSG00000236753,AC018642.1,cad,null,-0.00471393072250333,0.907698485974457,1.368e-23,12.5883,4044,0.00183738107245496,TRUE,""
ENSG00000236756,DNAJC9-AS1,t2d,grey,0.228851309292581,0.291633261467857,1.309e-05,4.706,327,0.000706645104957571,TRUE,""
ENSG00000236778,INTS6-AS1,cad,null,-0.0238080596196669,0.6467129796159,0.0002025,22.0296,3098,0.00359282512705078,TRUE,""
ENSG00000236790,LINC00299,t2d,grey,-0.177155013755616,0.334285804496348,0.001211,7.1449,2903,0.00607269656206294,TRUE,""
ENSG00000236810,RP5-886K2.3,t2d,grey,0.0873562519454746,0.177015982874804,0.003197,9.1621,2085,0.00883152176473571,TRUE,""
ENSG00000236830,CBR3-AS1,t2d,grey,-0.0484006635771247,0.149009774089831,0.0009789,17.4486,1264,0.000406102643187557,TRUE,""
ENSG00000236878,AC012363.7,fbg,grey,0.0338085381902653,0.0955807045456294,0.0007235,10.4989,1611,0.0150885386981262,TRUE,""
ENSG00000236935,AP003774.1,cad,null,-0.00419786957444675,0.564431895351643,0.0003938,72.8827,3039,0.00326197741202405,TRUE,""
ENSG00000236977,ANKRD44-IT1,t2d,null,0.061577863876674,0.574814164356031,0.001481,5.4384,1457,0.00533969607006774,TRUE,""
ENSG00000237037,RP4-669P10.18,t2d,grey,0.0859442675618333,0.317310507862914,3.538e-05,11.9966,2455,0.00784915162723805,TRUE,""
ENSG00000237037,RP4-669P10.18,fbg,null,0.00741964899814388,0.844045631821958,6.316e-05,11.9966,1456,0.00733709977629433,TRUE,""
ENSG00000237054,PRMT5-AS1,t2d,grey,-0.072774797053091,0.322431439043554,0.001213,8.8136,2337,0.00702049666950027,TRUE,""
ENSG00000237054,PRMT5-AS1,cad,null,0.0185807992475977,0.731705934672859,0.0001667,8.8136,4069,0.00313911765336449,TRUE,""
ENSG00000237135,DDX10P1,fbg,null,-0.0047915421105656,0.69635620053955,0.0009483,24.7688,2046,0.00525469587286843,TRUE,""
ENSG00000237181,AC147651.4,cad,null,-0.042417510340066,0.728424377268948,1.038e-05,8.5525,4470,0.00268785761182201,TRUE,""
ENSG00000237190,CDKN2AIPNL,cad,null,-0.0373470635969261,0.854183078110751,0.0002223,14.3225,3442,0.00887326358446289,TRUE,""
ENSG00000237217,AC008074.5,cad,null,0.0165511295834402,0.554948352553592,2.401e-07,20.9194,4678,0.000409584126033251,TRUE,""
ENSG00000237240,U47924.25,cad,grey,-0.102768888544239,0.0646808438473685,6.152e-10,6.9865,4744,4.87329383308777e-06,TRUE,""
ENSG00000237240,U47924.25,fbg,null,0.0113140060782648,0.752162308378054,0.003216,6.9865,1483,0.00830783735055885,TRUE,""
ENSG00000237248,RP11-118B22.2,fbg,grey,0.0284605859009343,0.153127451019669,0.002978,36.4809,1768,0.0284969969567333,TRUE,""
ENSG00000237276,ANO7L1,cad,null,0.0132945286114364,0.5910511282285,6.958e-05,41.4661,3707,0.00428647412854883,TRUE,""
ENSG00000237301,RP4-680D5.2,fbg,grey,0.0134774126219208,0.247578913503389,0.001479,17.4107,1474,0.0065582072324912,TRUE,""
ENSG00000237356,AL163953.3,t2d,grey,0.2469637012675,0.147617050592047,0.0005687,4.8277,2924,0.00917780480852749,TRUE,""
ENSG00000237356,AL163953.3,fbg,grey,-0.0791375396326796,0.325582413807624,0.003122,4.8277,1803,0.00915385964755563,TRUE,""
ENSG00000237419,RP11-885N19.6,cad,null,-0.00631559973709657,0.82846812706095,,14.5157,,,FALSE,GWAS 区域无数据
ENSG00000237437,ASS1P12,cad,grey,-0.0835568891235223,0.317310507862914,0.0003904,5.4128,6138,0.00537190362887566,TRUE,""
ENSG00000237437,ASS1P12,t2d,null,0.0235003750659907,0.837927275162676,2.834e-09,5.4128,4259,4.79662135534836e-05,TRUE,""
ENSG00000237438,CECR7,cad,grey,-0.0134063391016968,0.173622508487857,0.0005369,49.61,4592,0.00714070314868947,TRUE,""
ENSG00000237471,AC073115.6,t2d,null,-0.0104637553007907,0.802587348634153,0.0001468,15.7955,4759,0.003654673998423,TRUE,""
ENSG00000237471,AC073115.6,fbg,null,0.0100088094181476,0.541126024471668,0.002227,15.7955,2255,0.00555670010860445,TRUE,""
ENSG00000237513,RP11-325F22.2,t2d,grey,0.0356778674801977,0.0845274725159049,1.49e-08,28.6724,3178,0.0161069143097197,TRUE,""
ENSG00000237517,DGCR5,fbg,null,-0.00605972769106514,0.826844797716898,0.0001662,18.1122,1857,0.00412376928646788,TRUE,""
ENSG00000237604,AP001056.1,fbg,null,0.000855610050160579,0.984356207118252,0.0007375,8.3988,1749,0.00592963128642215,TRUE,""
ENSG00000237637,FRY-AS1,fbg,null,0.00749156327454702,0.524539436435313,0.0003918,18.8667,2156,0.00480383688287476,TRUE,""
ENSG00000237693,IRGM,t2d,grey,-0.267315552995288,0.258040578093647,0.002964,9.9265,2460,0.01422243171494,TRUE,""
ENSG00000237702,TRBV3-1,fbg,null,0.00142897055746399,0.871864744932721,0.0004369,25.7529,1446,0.00373431218131291,TRUE,""
ENSG00000237781,RP11-54A4.2,fbg,null,0.00651897432470155,0.948408179199802,0.0002148,13.8046,732,0.0199956246897347,TRUE,""
ENSG00000237805,AC015849.2,cad,null,0.00669557696904837,0.826251081180617,0.0002372,17.7084,453,0.000527238624455551,TRUE,""
ENSG00000237805,AC015849.2,fbg,null,-0.00074395299656093,0.96455013508576,0.001691,17.7084,1238,0.00566867751762065,TRUE,""
ENSG00000237840,FAM21FP,cad,null,0.000834792541479651,0.958025455470674,0.00139,26.6468,1487,0.00279791311014393,TRUE,""
ENSG00000237851,RP1-67K17.4,fbg,grey,0.0417159363715168,0.255149281100581,0.002826,9.7926,1991,0.0131612162699112,TRUE,""
ENSG00000237877,AC097500.2,t2d,grey,0.115704353196927,0.107013151147522,0.0001218,7.3287,2017,0.0152195986381488,TRUE,""
ENSG00000237892,KLF7-IT1,cad,grey,0.0516278279076271,0.495770621909408,0.001386,5.8773,2752,0.00421296287699551,TRUE,""
ENSG00000237927,RP3-393E18.2,t2d,null,0.0220385857095412,0.675678556624869,3.129e-10,27.8994,3547,9.07954305132528e-07,TRUE,""
ENSG00000237938,RP11-288I21.1,fbg,null,-0.00450772892726977,0.797068494359122,0.001479,13.9874,1403,0.00433352315055244,TRUE,""
ENSG00000237943,PRKCQ-AS1,fbg,grey,-0.0119704661856111,0.212800508179614,0.002801,91.553,2749,0.015225044389368,TRUE,""
ENSG00000237977,RP3-430N8.8,t2d,grey,-0.0209057027234764,0.348908337114016,0.0004537,26.2416,3095,0.00518169689347265,TRUE,""
ENSG00000237990,CNTN4-AS1,fbg,null,0.00192897681931984,0.900523550339774,0.001667,17.0741,2961,0.00467564402546969,TRUE,""
ENSG00000238042,RP11-815M8.1,t2d,grey,-0.0219173342444099,0.273412340113948,0.0001163,28.252,2474,0.00652547148353836,TRUE,""
ENSG00000238062,AC105344.2,t2d,grey,-0.0870004946784955,0.484680040754928,0.0002114,6.7422,1713,0.00522642699206101,TRUE,""
ENSG00000238078,RP11-295M18.2,fbg,grey,-0.00863742853095061,0.274064638609823,0.0007661,25.0807,1854,0.00692036647378057,TRUE,""
ENSG00000238121,LINC00426,fbg,grey,-0.0139680259850818,0.182422439451736,0.000186,41.6611,2364,0.00949147015941506,TRUE,""
ENSG00000238142,RP11-108M9.4,t2d,null,0.00197805150351915,0.939459380990615,0.001256,22.4791,2145,0.00383615598020664,TRUE,""
ENSG00000238142,RP11-108M9.4,cad,null,-0.000659350501173051,0.972492190799539,6.958e-05,22.4791,3753,0.00261714308384136,TRUE,""
ENSG00000238150,AC008753.3,cad,null,-0.0648248324939334,0.542394927467182,1.291e-05,4.6105,5293,0.00551652194267938,TRUE,""
ENSG00000238160,AC116366.5,t2d,grey,0.0816989248379026,0.253592601370205,0.003207,12.4384,1787,0.0111878054978065,TRUE,""
ENSG00000238160,AC116366.5,fbg,grey,-0.0441293462628087,0.115379274211945,0.003583,12.4384,1500,0.0191462665459139,TRUE,""
ENSG00000238186,RP11-656D10.6,cad,grey,-0.124177073566111,0.357572759228743,9.106e-06,6.8785,4232,0.00927773164561249,TRUE,""
ENSG00000238186,RP11-656D10.6,t2d,null,-0.0386928562561072,0.843633699541536,0.001053,6.8785,2741,0.0100140455733606,TRUE,""
ENSG00000238198,RP11-31F15.2,t2d,null,-0.0399094993558728,0.63017433816751,1.834e-06,6.8132,1819,0.00250143608531642,TRUE,""
ENSG00000238201,AC114752.3,fbg,null,-0.0051932532424044,0.606447146740021,0.003442,24.2591,1571,0.00464715787309968,TRUE,""
ENSG00000238460,AC068587.2,t2d,grey,0.131694417887027,0.415349336139075,5.15e-07,4.7469,3899,0.00928540903481739,TRUE,""
ENSG00000238975,snoU13,fbg,null,0.00238289541044821,0.954431397113681,0.003243,6.0314,1838,0.00425079028728253,TRUE,""
ENSG00000239219,RP11-379K17.4,t2d,grey,-0.0892365731377195,0.424882213634753,6.678e-05,13.2474,2997,0.0053809331535462,TRUE,""
ENSG00000239219,RP11-379K17.4,cad,null,-0.0451830750064402,0.573175961296804,0.0001434,13.2474,4502,0.00376036330786829,TRUE,""
ENSG00000239219,RP11-379K17.4,fbg,null,-0.00451830750064402,0.916166996259808,7.249e-08,13.2474,1638,0.000375937756178434,TRUE,""
ENSG00000239235,AC008280.5,t2d,grey,0.123274944805498,0.20475654921552,0.0001901,9.6972,4451,0.0131936244830943,TRUE,""
ENSG00000239264,TXNDC5,cad,grey,-0.269226787178848,0.145795140951976,2.597e-06,6.4181,6682,0.00902420986800758,TRUE,""
ENSG00000239265,CLRN1-AS1,t2d,grey,0.0465834059011259,0.353111234506006,1.026e-10,24.4694,2897,8.49368530985848e-07,TRUE,""
ENSG00000239282,GATSL3,t2d,grey,-0.132714908553955,0.0559541719910542,9.169e-09,20.182,2965,2.95764658078887e-05,TRUE,""
ENSG00000239335,RP11-745O10.2,t2d,grey,0.0134995391244742,0.402474929547394,9.179e-17,69.0804,2853,6.82334128430822e-13,TRUE,""
ENSG00000239388,ASB14,t2d,grey,0.227084911000924,0.0885736271717574,2.6e-06,13.3014,4085,0.00569059817645359,TRUE,""
ENSG00000239419,Metazoa_SRP,cad,null,-0.116766077582814,0.534460065197794,0.0007078,5.0465,2544,0.00735507014081459,TRUE,""
ENSG00000239704,CDRT4,cad,null,-0.0116062523595996,0.722710426810277,0.002499,31.989,5356,0.00310655792873702,TRUE,""
ENSG00000239779,WBP1,t2d,null,0.0633293631702271,0.777034381777513,0.00275,7.6475,2575,0.00571281653090588,TRUE,""
ENSG00000239779,WBP1,fbg,null,-0.0158323407925568,0.858897500094722,0.001765,7.6475,1759,0.0056897752463215,TRUE,""
ENSG00000239855,IGKV1-6,t2d,null,-0.131776929694748,0.653378222115001,0.01611,5.46,918,0.0115723465087246,TRUE,""
ENSG00000239857,GET4,fbg,grey,-0.0179903136657138,0.37951629965665,0.007487,26.5781,796,0.00562175583770282,TRUE,""
ENSG00000239887,C1orf226,fbg,null,0.0202148492314113,0.714474277651148,0.0001711,12.0062,2405,0.00493907055790258,TRUE,""
ENSG00000239911,PRKAG2-AS1,fbg,null,-0.0541562005575578,0.703945415151674,0.0003701,5.2047,1343,0.0106684147566582,TRUE,""
ENSG00000239941,RP11-246A10.1,t2d,grey,0.100259018314047,0.323554655973369,2.082e-10,5.519,3220,3.26361407056425e-05,TRUE,""
ENSG00000239941,RP11-246A10.1,fbg,null,0.0182289124207359,0.651547872829126,0.0002751,5.519,1822,0.00536991314477541,TRUE,""
ENSG00000239998,LILRA2,fbg,null,-0.00719910398600608,0.57377540363273,0.001442,50.8398,1357,0.00590862789058029,TRUE,""
ENSG00000240057,RP11-572M11.4,t2d,grey,0.0626332108210732,0.141727646648091,9.163e-07,16.9105,3847,0.00223413119075287,TRUE,""
ENSG00000240291,RP11-499P20.2,cad,grey,0.0132577075281238,0.0650626231730501,2.926e-05,61.1752,6534,0.0124612828625594,TRUE,""
ENSG00000240344,PPIL3,fbg,grey,-0.0207326693429102,0.453254704753736,0.001904,133.1048,1552,0.00483908022611935,TRUE,""
ENSG00000240399,RP1-228P16.1,fbg,grey,-0.017111753765068,0.0547250725205242,0.0001674,31.6438,1819,0.0271434874797908,TRUE,""
ENSG00000240401,AC012358.8,cad,grey,-0.118992795127829,0.402950363170514,2.751e-05,5.7344,5755,0.0479322099411419,TRUE,""
ENSG00000240445,FOXO3B,fbg,grey,0.0125165999749323,0.345753978677278,0.0008559,20.563,751,0.00653301524971706,TRUE,""
ENSG00000240694,PNMA2,cad,grey,0.0767412791457096,0.190079208997743,9.647e-07,17.6044,7011,0.000795926659654525,TRUE,""
ENSG00000240694,PNMA2,fbg,null,-0.0121170440756384,0.707660466654553,0.001454,17.6044,2562,0.00409555893455295,TRUE,""
ENSG00000240710,RP11-430C7.4,t2d,grey,0.055154724498601,0.410630376179832,9.455e-06,8.7416,3471,0.00372323690113237,TRUE,""
ENSG00000240710,RP11-430C7.4,fbg,null,0.0050912053383324,0.846529514964004,0.005261,8.7416,2199,0.00381844886760328,TRUE,""
ENSG00000240864,IGKV1-16,t2d,null,0.0705854072665869,0.66195956408547,0.02037,9.8763,657,0.0112619125284356,TRUE,""
ENSG00000240891,PLCXD2,t2d,grey,0.398496742964906,0.262899084716929,0.001495,4.6005,3773,0.00525819976782596,TRUE,""
ENSG00000240954,RPL4P1,t2d,grey,-0.0344145812246785,0.469746505385684,0.001168,12.9321,4226,0.00505877722846103,TRUE,""
ENSG00000241015,TPM3P9,cad,null,0.00647606437517337,0.582319373576693,4.138e-05,52.579,5228,0.0172163248470301,TRUE,""
ENSG00000241106,HLA-DOB,fbg,grey,-0.00995735529846625,0.304742757088453,0.0001221,44.5045,933,0.00956371793847889,TRUE,""
ENSG00000241134,RP5-1051J4.4,cad,grey,-0.0188837382505454,0.333437507366653,1.353e-20,45.7979,4466,1.9625022471331e-16,TRUE,""
ENSG00000241157,RP11-3K24.1,t2d,grey,0.0328323061733981,0.11903815356799,2.464e-08,48.1319,98,0.0110459783646971,TRUE,""
ENSG00000241163,RP11-398A8.3,t2d,grey,0.0512806688192163,0.233859282692745,1.379e-06,19.7129,3327,0.000657481753874668,TRUE,""
ENSG00000241170,RP11-147I3.1,cad,grey,0.0469515373575033,0.317310507862914,4.758e-11,17.8888,4056,7.20917225028741e-07,TRUE,""
ENSG00000241170,RP11-147I3.1,t2d,null,-0.0276678702285287,0.672239138726747,0.0005805,17.8888,2873,0.00403634377726872,TRUE,""
ENSG00000241351,IGKV3-11,t2d,null,0.132287891766871,0.680312276748766,0.01611,4.9489,786,0.0115746102315909,TRUE,""
ENSG00000241399,CD302,cad,null,-0.0132621616057279,0.738882680363527,0.0005249,45.7938,3310,0.0050889852400706,TRUE,""
ENSG00000241399,CD302,fbg,null,0.00454702683624957,0.841480581121794,0.0001329,45.7938,1783,0.00650811991678695,TRUE,""
ENSG00000241528,RP1-130H16.16,t2d,null,0.0178720787401226,0.819443443126355,9.169e-09,8.0332,2870,5.99392780357832e-06,TRUE,""
ENSG00000241679,RP11-80H8.4,cad,grey,-0.043825246919502,0.239819289625164,7.016e-07,10.9861,4474,0.00481664028306127,TRUE,""
ENSG00000241837,ATP5O,cad,null,-0.0192959039691096,0.725680482382069,5.782e-19,18.3871,1776,0.0139257141987468,TRUE,""
ENSG00000242052,RP11-190C22.1,fbg,grey,-0.0294681268512516,0.260589034273618,0.001023,8.0472,1685,0.00898012885133812,TRUE,""
ENSG00000242110,AMACR,cad,grey,-0.0370242650157917,0.342112252616964,0.000259,36.5382,6089,0.00567128579468876,TRUE,""
ENSG00000242114,MTFP1,cad,grey,0.0988302663546469,0.0694648236677966,2.001e-07,19.3522,4178,0.0012754772537191,TRUE,""
ENSG00000242114,MTFP1,fbg,grey,0.0427147761363304,0.156580407089635,0.0006238,19.3522,1522,0.0116319845089109,TRUE,""
ENSG00000242125,SNHG3,fbg,null,0.0207104727595078,0.744543372864634,1.967e-05,17.577,1055,0.0112267609866309,TRUE,""
ENSG00000242154,RP4-778K6.3,t2d,null,0.0237312850863101,0.810586542214324,0.0002161,7.6676,2832,0.00545916211180079,TRUE,""
ENSG00000242265,PEG10,cad,null,0.0043772494951339,0.930099780966425,3.392e-05,20.2633,3394,0.00251204153824322,TRUE,""
ENSG00000242324,RP4-576H24.2,t2d,grey,0.0705577758478793,0.311963252967035,3.884e-06,14.7085,3845,0.0043674839703895,TRUE,""
ENSG00000242324,RP4-576H24.2,fbg,null,0.00930432208983023,0.872881074217134,0.002887,14.7085,2656,0.00611733183484602,TRUE,""
ENSG00000242550,SERPINB10,cad,grey,-0.0355803685841104,0.221623602459394,4.479e-05,73.2857,,,FALSE,对齐后仅 0 变异(<10)
ENSG00000242588,RP11-274B21.1,cad,null,-0.00323447243696261,0.930099780966425,0.000361,23.1841,4092,0.00267432580180444,TRUE,""
ENSG00000242612,DECR2,cad,grey,0.0236747642360226,0.208167370333965,0.0002309,54.5183,3948,0.00386604816611715,TRUE,""
ENSG00000243056,EIF4EBP3,cad,null,-0.0797824310910799,0.611830211094122,0.0001316,6.796,2260,0.00590085174916085,TRUE,""
ENSG00000243244,STON1,t2d,null,-0.0222071014571998,0.712092231180222,0.005283,22.6062,4341,0.00430328097716875,TRUE,""
ENSG00000243302,RP11-274B21.2,fbg,null,0.000193913854948229,0.975070165131246,0.005595,38.2309,1146,0.00389888782536874,TRUE,""
ENSG00000243323,PTPRVP,fbg,grey,0.0181573742306013,0.203114836343132,0.0004556,17.1576,1855,0.00872972719513924,TRUE,""
ENSG00000243417,RP11-555K12.1,cad,grey,-0.0334789241398402,0.435590430382112,2.802e-05,10.1917,2930,0.00333902618375604,TRUE,""
ENSG00000243449,C4orf48,cad,null,-0.0243518587514742,0.829467463683656,5.553e-06,8.2898,5477,0.00244707396321703,TRUE,""
ENSG00000243544,Metazoa_SRP,t2d,grey,0.0567230710920054,0.0825172121529694,0.0004137,20.6613,3378,0.015945974478411,TRUE,""
ENSG00000243544,Metazoa_SRP,fbg,null,-0.0028720542325066,0.813980460416918,0.00227,20.6613,1612,0.00419634714788193,TRUE,""
ENSG00000243627,AP000322.53,cad,grey,0.0870096437082907,0.360825570956311,0.0001426,7.8092,1836,0.000988531857692041,TRUE,""
ENSG00000243628,RP11-18I14.7,fbg,grey,-0.00950670154916094,0.119813814205544,0.0004215,39.367,987,0.00948699555700329,TRUE,""
ENSG00000243664,RPS29P12,cad,null,0.0023026776388981,0.907124205990156,9.249e-06,21.8453,4549,0.00275327627605472,TRUE,""
ENSG00000243701,RP11-446H18.3,fbg,null,-0.021136312470416,0.559668927199412,8.605e-05,7.3677,1834,0.00482377849359175,TRUE,""
ENSG00000243725,TTC4,t2d,null,-0.0330126240020534,0.538300749018723,0.001828,25.8806,3039,0.00454074639132657,TRUE,""
ENSG00000243789,JMJD7,fbg,grey,0.020412222255657,0.247578913503389,0.002544,13.9373,1216,0.00871854367665809,TRUE,""
ENSG00000243795,RP11-572M11.3,fbg,null,0.000581441907560992,0.95309266714744,0.000353,21.2902,1768,0.00401015361962463,TRUE,""
ENSG00000243797,CTB-111H14.1,t2d,grey,0.301223677863339,0.0871284179813883,0.0004314,4.8563,3071,0.0304969130854508,TRUE,""
ENSG00000243927,MRPS6,fbg,null,0.0034353365444264,0.821351959007176,0.002337,36.2701,1770,0.00381909212797292,TRUE,""
ENSG00000243960,RP11-552M11.4,fbg,grey,-0.03441438655093,0.457568175062507,0.002859,5.0849,2382,0.00492359266079234,TRUE,""
ENSG00000244041,RP1-90J20.7,t2d,grey,-0.026809016177641,0.419044064996388,0.003567,46.4437,4066,0.00672996324644556,TRUE,""
ENSG00000244063,AC024704.2,fbg,null,0.00556012182419293,0.760862912213715,0.007595,16.947,1660,0.00653333260707681,TRUE,""
ENSG00000244071,RPL9P33,cad,null,-0.0124206186534966,0.775096962195985,0.0005593,12.5171,5556,0.0036636652142678,TRUE,""
ENSG00000244071,RPL9P33,fbg,null,-0.00451658860127148,0.867632334778193,0.001116,12.5171,2132,0.00556012054944188,TRUE,""
ENSG00000244357,Metazoa_SRP,t2d,grey,0.0452016619757256,0.492242181257444,1.72e-05,8.4873,4424,0.00218969249138765,TRUE,""
ENSG00000244405,ETV5,fbg,null,-0.0115674336967029,0.760862912213715,5.479e-05,21.5429,1489,0.00461977593066579,TRUE,""
ENSG00000244462,RBM12,cad,null,0.0431771797169402,0.706137056836058,6.84e-12,8.4094,1107,5.48078515981199e-06,TRUE,""
ENSG00000244480,AC005154.7,cad,grey,-0.0597320659607985,0.346837735489548,9.184e-05,15.7709,5539,0.0120165840291993,TRUE,""
ENSG00000244509,APOBEC3C,fbg,grey,-0.0352264084751335,0.397909410228383,0.0001325,38.5999,1356,0.0147005868916337,TRUE,""
ENSG00000244515,KRT18P34,t2d,null,-0.0241779274123788,0.82604232532775,1.097e-05,10.7061,3710,0.00280587755568997,TRUE,""
ENSG00000244556,RP11-128A6.2,cad,grey,0.0714507538588418,0.166562681737386,0.000361,8.2091,4464,0.00777298401947563,TRUE,""
ENSG00000244560,RP4-800G7.2,cad,grey,0.0610457322681733,0.0842582674795722,0.0002817,41.8786,4600,0.0178324494757277,TRUE,""
ENSG00000244607,CCDC13,cad,grey,-0.0381452738970965,0.407346960940474,0.0004812,26.8066,4906,0.00446839197646874,TRUE,""
ENSG00000244723,ASLP1,t2d,null,-0.0139048459816714,0.620565176166909,0.0009148,26.6701,1928,0.00561422705383617,TRUE,""
ENSG00000244879,GABPB1-AS1,t2d,null,-0.0119119511091749,0.63017433816751,3.891e-07,69.6069,3366,0.00168192858269508,TRUE,""
ENSG00000244945,RP11-1379J22.2,fbg,null,-0.0115661421733982,0.738882680363527,0.002403,7.9429,1798,0.00486956846559384,TRUE,""
ENSG00000245008,RP11-744N12.3,fbg,grey,0.0603479907562329,0.37577150825113,0.0001632,5.2381,2090,0.00581012403237659,TRUE,""
ENSG00000245156,RP11-867G23.3,t2d,grey,-0.142670718582151,0.219503994929322,1.634e-07,4.8032,1714,0.0148117952136212,TRUE,""
ENSG00000245275,CTB-157D17.1,t2d,null,0.0401812636631134,0.589038505260458,0.0002719,8.6763,3194,0.00378333130807292,TRUE,""
ENSG00000245534,RP11-219B17.1,t2d,grey,-0.0852280033772496,0.188064469834716,6.903e-05,11.222,3377,0.0120686747212665,TRUE,""
ENSG00000245534,RP11-219B17.1,fbg,null,0.0204811480984088,0.50952694326248,0.008843,11.222,2294,0.00688378277655542,TRUE,""
ENSG00000245552,RP11-712B9.2,fbg,null,0.112896792783635,0.534564994294914,0.0002126,6.8648,2222,0.0116805268446889,TRUE,""
ENSG00000245571,AP001258.4,cad,grey,-0.245621777065686,0.25867277054961,4.161e-06,6.5816,4514,0.0137668814843978,TRUE,""
ENSG00000245648,RP11-277P12.20,fbg,grey,0.01180298065158,0.449195604488527,0.003867,16.7645,1841,0.00581663084567394,TRUE,""
ENSG00000245648,RP11-277P12.20,t2d,null,-0.014753725814475,0.706661108363665,0.0007751,16.7645,3565,0.00461180970912727,TRUE,""
ENSG00000245667,RP5-940J5.8,t2d,grey,0.0805207002862921,0.32818424412387,1.523e-06,7.4573,2370,0.00153705529550191,TRUE,""
ENSG00000245719,RP11-34F13.2,t2d,null,-0.079193380202932,0.585440934568927,1.3e-05,6.217,2593,0.00460538940232149,TRUE,""
ENSG00000245937,CTC-228N24.3,fbg,null,0.00754595151978791,0.524539436435313,0.009801,47.3745,2008,0.00513193312571302,TRUE,""
ENSG00000246067,RP11-113K21.5,cad,null,-0.000346158182407345,0.987725337120244,1.69e-05,21.4282,4777,0.00238625050291637,TRUE,""
ENSG00000246100,CTC-774J1.2,fbg,grey,0.0248314519258405,0.154157201104144,0.001912,30.1556,2259,0.0126182000298815,TRUE,""
ENSG00000246100,CTC-774J1.2,cad,null,-0.0148117432540101,0.641392006697977,2.021e-05,30.1556,5077,0.00320504018484833,TRUE,""
ENSG00000246214,RP11-260E18.1,cad,null,-0.00445105287223777,0.919193822126393,9.68e-06,11.3013,5482,0.0027736311095217,TRUE,""
ENSG00000246223,C14orf64,t2d,grey,-0.146717167923279,0.198012725077436,0.0008717,11.173,4150,0.0327950424056644,TRUE,""
ENSG00000246263,KB-431C1.4,t2d,grey,0.0218217079891632,0.312134812558399,3.385e-05,31.9521,2229,0.00577446010766614,TRUE,""
ENSG00000246334,PRR7-AS1,fbg,null,0.00726903740609218,0.761866768188248,0.001176,9.8859,1165,0.00391787454134199,TRUE,""
ENSG00000246339,EXTL3-AS1,t2d,null,-0.0503490596011516,0.535091124596743,2.818e-05,7.2188,3241,0.00374274786854086,TRUE,""
ENSG00000246363,RP11-13A1.1,fbg,grey,-0.0209103359770736,0.247578913503389,0.005169,18.3342,1448,0.00743340433910252,TRUE,""
ENSG00000246375,RP11-10L7.1,t2d,grey,-0.0922675674484637,0.104599918552922,2.511e-05,19.9234,1832,0.0250772990067903,TRUE,""
ENSG00000246430,RP11-16M8.2,fbg,grey,-0.15379807391934,0.109598583399116,8.55e-05,5.4611,1986,0.0167902279471726,TRUE,""
ENSG00000246430,RP11-16M8.2,cad,null,0.0961237961995872,0.539192141149036,0.002926,5.4611,3819,0.00828792517033934,TRUE,""
ENSG00000246465,RP11-57A19.2,cad,null,-0.0178546707978181,0.681926207868363,0.0002338,9.7693,3326,0.00281409422095994,TRUE,""
ENSG00000246548,RP11-7F17.5,t2d,grey,-0.0144972822999478,0.400088372454833,1.085e-05,35.3007,3633,0.00377787343571424,TRUE,""
ENSG00000246575,AC093162.5,fbg,grey,0.0107852804437608,0.366406064176293,0.0003968,18.3464,1865,0.00557841005237223,TRUE,""
ENSG00000246731,CTD-2514K5.2,cad,null,-0.0302426971053723,0.909089674944665,0.001525,6.7025,,,FALSE,对齐后仅 0 变异(<10)
ENSG00000246763,CTC-463N11.3,cad,grey,0.257429839682693,0.0650626231730501,0.001102,6.7137,4000,0.0150591634334973,TRUE,""
ENSG00000246898,CTD-2258A20.4,cad,grey,0.00787522747182028,0.376024020505459,0.0007039,56.8551,4586,0.0031923302760769,TRUE,""
ENSG00000246898,CTD-2258A20.4,t2d,null,0.00729187728872248,0.551684329116147,0.0002947,56.8551,3123,0.00447815404375426,TRUE,""
ENSG00000247287,RP11-902B17.1,cad,grey,0.105639891825916,0.311223436849471,0.0002353,5.6157,4147,0.00638637337517426,TRUE,""
ENSG00000247400,DNAJC3-AS1,t2d,grey,-0.0601246975058031,0.335566110230856,0.0002316,19.4548,2561,0.00579204429637484,TRUE,""
ENSG00000247572,CTC-281B15.1,t2d,grey,0.0230219147191679,0.366533816380381,0.0002486,39.239,2697,0.0113058063663366,TRUE,""
ENSG00000248278,RP11-463M16.4,t2d,grey,0.150838860123819,0.117042788229434,4.818e-08,7.5311,130,9.22299248919152e-05,TRUE,""
ENSG00000248278,RP11-463M16.4,cad,null,-0.0286871451769226,0.675275389995957,8.199e-10,7.5311,174,0.000140708223663483,TRUE,""
ENSG00000248333,CDK11B,cad,null,0.0402461363238222,0.521506023912167,1.326e-08,16.6304,3338,3.62140168486908e-05,TRUE,""
ENSG00000248429,RP11-597D13.9,fbg,grey,-0.012033043391026,0.198542793686662,0.00331,33.2873,1441,0.0115353568951588,TRUE,""
ENSG00000248476,BACH1-IT1,fbg,null,-0.0733562307874227,0.516565503095008,0.0004242,5.1754,2212,0.00493117565938824,TRUE,""
ENSG00000248487,ABHD14A,cad,grey,0.20725023840613,0.384098033535807,1.223e-08,10.8028,3040,0.000210844307009742,TRUE,""
ENSG00000248514,CTC-338M12.1,cad,null,-0.00975295010667353,0.936742243627213,9.249e-06,5.0437,3742,0.00383247928468087,TRUE,""
ENSG00000248632,RP11-366M4.11,t2d,grey,0.0451921169483103,0.347663779997862,0.0001345,17.7216,2277,0.00792182604415044,TRUE,""
ENSG00000248794,CTD-2248H3.1,fbg,null,-0.00260704036606368,0.732271676747657,0.00278,32.8466,1708,0.00489900509164474,TRUE,""
ENSG00000248810,RP11-362F19.1,cad,grey,0.00641620715305429,0.493842236243828,0.0002356,54.4218,2799,0.00414798285360425,TRUE,""
ENSG00000248905,FMN1,t2d,grey,-0.0609467693668894,0.125034429811867,0.0001041,67.3019,3859,0.00417217185950349,TRUE,""
ENSG00000248925,CTD-2083E4.6,t2d,null,0.0157582464093533,0.671629231263251,1.64e-05,16.3024,1280,0.000838004765954324,TRUE,""
ENSG00000249115,HAUS5,cad,null,-0.0323455501086025,0.796077407140949,4.085e-05,11.5086,3879,0.00397104823798199,TRUE,""
ENSG00000249207,RP11-360F5.1,t2d,grey,0.0516405175981235,0.215901514334649,7.585e-06,11.8659,4279,0.00476419342055113,TRUE,""
ENSG00000249307,RP11-438E5.1,cad,grey,0.0952794967368667,0.121635489549275,1.369e-14,8.5226,2598,0.0116637190806129,TRUE,""
ENSG00000249396,RP11-1C1.4,cad,grey,-0.103235058529914,0.41325337549364,3.752e-13,7.3177,6375,9.39193402194835e-09,TRUE,""
ENSG00000249396,RP11-1C1.4,fbg,null,-0.0547057575115783,0.535257786937966,0.002262,7.3177,2616,0.0139672284801122,TRUE,""
ENSG00000249471,ZNF324B,fbg,null,0.0306756079527033,0.659085245942245,0.001716,7.9762,758,0.0045084784877966,TRUE,""
ENSG00000249502,AC006160.5,cad,null,0.00763650199979912,0.782654008414754,9.197e-06,13.2876,5933,0.00170208930136018,TRUE,""
ENSG00000249673,NOP14-AS1,fbg,grey,0.0424404107445315,0.18517115131359,0.003244,16.4876,1259,0.0119960958796553,TRUE,""
ENSG00000249685,RP11-360F5.3,fbg,null,-0.00319767859959997,0.674956824198369,0.00143,30.1255,1784,0.00403299629429835,TRUE,""
ENSG00000249709,ZNF564,fbg,grey,-0.0433226043009101,0.419982497240339,0.003793,6.0699,1052,0.00535612459248088,TRUE,""
ENSG00000249859,PVT1,t2d,null,-0.0221412012665957,0.59743694916693,3.95e-07,32.4793,2262,0.00146538282874,TRUE,""
ENSG00000249898,CTD-2541M15.1,cad,grey,-0.0689619950809779,0.326271627657638,9.516e-05,11.1498,9109,0.0067588058522031,TRUE,""
ENSG00000249931,GOLGA8K,cad,grey,-0.0681707444021447,0.276326966118891,0.001159,7.8083,4061,0.00632247055963034,TRUE,""
ENSG00000250130,RP11-616K22.1,t2d,null,-0.0512345098868901,0.877731041501716,0.0007789,5.0685,1431,0.0120790822301236,TRUE,""
ENSG00000250131,RP11-130F10.1,cad,null,0.0287396054184196,0.875132262024472,0.000515,5.6486,3315,0.00529693010450291,TRUE,""
ENSG00000250132,RP11-359B12.1,cad,grey,-0.147865939108071,0.445531029601004,0.0001935,7.4133,6122,0.00437928281707122,TRUE,""
ENSG00000250138,RP11-848G14.5,cad,null,0.0226997790997683,0.50952694326248,1.023e-05,13.7355,1934,0.0056162636224777,TRUE,""
ENSG00000250155,CTD-2353F22.1,cad,null,-0.00377072373464124,0.747012853671547,0.0003482,69.1148,4628,0.00257948144734999,TRUE,""
ENSG00000250251,PKD1P6,fbg,grey,0.0353158867260308,0.0791643267222243,0.01645,16.5912,863,0.0235448966506674,TRUE,""
ENSG00000250251,PKD1P6,cad,null,0.0147522058475825,0.668235141795249,5.946e-07,16.5912,3037,0.000652359181673541,TRUE,""
ENSG00000250303,RP11-356J5.12,cad,null,-0.0231898794852068,0.66477262525335,7.75e-07,11.3859,4718,0.000200353435804891,TRUE,""
ENSG00000250317,C4orf52,cad,null,-0.00893509528703151,0.947839154035476,6.774e-05,12.6758,5264,0.00443988083131595,TRUE,""
ENSG00000250334,RP11-234K19.2,cad,null,-0.00261912858604826,0.771569465555293,1.369e-14,51.6636,3028,7.50977310653261e-11,TRUE,""
ENSG00000250490,CTD-2324F15.2,fbg,grey,-0.0179108213091638,0.155795591786075,0.0002989,38.9239,2787,0.0151331439174714,TRUE,""
ENSG00000250490,CTD-2324F15.2,t2d,null,0.00936247477524471,0.768091818879866,0.0009488,38.9239,5280,0.00378158073745179,TRUE,""
ENSG00000250548,RP11-47I22.2,t2d,null,0.019254765061989,0.62258680024431,0.0002797,24.2696,3087,0.00684686391896181,TRUE,""
ENSG00000250559,RP11-397D12.6,cad,grey,-0.0270596948059709,0.395325086245385,0.000298,11.6655,5200,0.00391206013925268,TRUE,""
ENSG00000250658,RP11-138B4.1,t2d,null,0.000696817714988227,0.980541330250361,0.002799,19.3179,1814,0.00401479565757439,TRUE,""
ENSG00000250696,RP11-704M14.1,t2d,null,-0.0138843260838591,0.626289142687671,0.0003986,29.9065,3102,0.00604009527522319,TRUE,""
ENSG00000250771,RP11-153M7.3,fbg,null,0.0190377798966107,0.760862912213715,0.0003264,10.3936,1741,0.0111077332028894,TRUE,""
ENSG00000250786,CTD-2001E22.2,t2d,null,0.00893006943365635,0.918308934545483,0.0008044,12.7532,4289,0.00358446056124865,TRUE,""
ENSG00000251000,AC008592.3,fbg,null,-0.000651870340262259,0.95309266714744,2.697e-09,34.1304,1926,7.97618766140873e-06,TRUE,""
ENSG00000251002,AE000661.37,cad,grey,0.0378626144983662,0.0764062068858814,0.0001667,19.7812,5060,0.010113192795663,TRUE,""
ENSG00000251022,THAP9-AS1,t2d,null,-0.0103114829340864,0.574253823351366,0.001075,35.6885,1874,0.00489844365503525,TRUE,""
ENSG00000251050,RP11-168A11.4,t2d,grey,-0.054947393942626,0.152115557750044,3.761e-07,13.3885,2399,0.000355919669500049,TRUE,""
ENSG00000251060,U66061.31,t2d,null,0.00171792427352365,0.882225851923449,0.0007549,52.9637,2106,0.00417947834024552,TRUE,""
ENSG00000251060,U66061.31,fbg,null,-0.00300636747866638,0.524539436435313,0.002478,52.9637,1330,0.00627111476442568,TRUE,""
ENSG00000251075,HTT-AS1,fbg,null,0.00214549903295025,0.917037086176887,0.003244,28.8488,1245,0.0091188333832645,TRUE,""
ENSG00000251093,RP11-414H23.3,t2d,grey,0.151354657485138,0.428096685369846,0.001767,5.6914,1920,0.00891760439327477,TRUE,""
ENSG00000251093,RP11-414H23.3,fbg,null,-0.0228233213668066,0.773439524705324,0.00447,5.6914,1618,0.00842792780610877,TRUE,""
ENSG00000251215,GOLGA5P1,cad,grey,-0.0342390232230248,0.472294969945709,5.304e-06,9.187,5996,0.0019828783665285,TRUE,""
ENSG00000251215,GOLGA5P1,fbg,null,0.0141422052442929,0.587228165762067,0.002775,9.187,2171,0.00514797928065603,TRUE,""
ENSG00000251301,RP11-81H14.2,t2d,grey,0.0125034631331189,0.148613996455212,1.555e-05,69.6199,3136,0.00977436202265872,TRUE,""
ENSG00000251323,RP11-452H21.4,t2d,null,-0.00926068495576552,0.802587348634153,0.002856,20.8158,2740,0.00511928269123179,TRUE,""
ENSG00000251381,CTC-497E21.4,t2d,null,0.00754323282939239,0.648852322436184,0.000109,74.8331,4557,0.00419120382972893,TRUE,""
ENSG00000251390,RP11-276A18.2,cad,grey,-0.035614743103292,0.195624786869267,0.0008998,16.276,5863,0.00719383513604756,TRUE,""
ENSG00000251399,RP11-234K19.1,fbg,null,0.0185359565539519,0.66477262525335,0.002562,4.6198,1559,0.00476784083384436,TRUE,""
ENSG00000251411,RP11-397E7.4,cad,null,0.0187602992040186,0.639248343034235,2.309e-05,10.9233,3214,0.00557014872640586,TRUE,""
ENSG00000251441,RTEL1P1,t2d,grey,-0.105283665756905,0.0830364393775582,0.001057,13.4738,1910,0.0185585905837185,TRUE,""
ENSG00000251442,RP11-792D21.2,cad,null,-0.0105246861095288,0.567709166197353,1.369e-14,77.648,2254,0.00292274986249177,TRUE,""
ENSG00000251450,CTC-459I6.1,t2d,grey,-0.0748237888836547,0.192302646043489,8.438e-07,9.0676,2871,0.00778033574346986,TRUE,""
ENSG00000251450,CTC-459I6.1,fbg,grey,-0.0385015612702301,0.0873255405560041,0.00278,9.0676,1936,0.0200330343710131,TRUE,""
ENSG00000251485,AC068134.10,cad,null,-0.0825988240148123,0.652952423245679,1.148e-06,5.829,3326,0.000668992207608979,TRUE,""
ENSG00000251580,RP11-539L10.3,cad,null,-0.00254683300090134,0.887849686162036,0.0007186,31.0374,8318,0.00352589990682004,TRUE,""
ENSG00000251603,RP11-164P12.4,t2d,grey,-0.0498449094104314,0.224293681815482,2.317e-10,12.6866,1845,3.099650605171e-06,TRUE,""
ENSG00000251603,RP11-164P12.4,cad,null,0.0103843561271732,0.725680482382069,2.802e-05,12.6866,2744,0.00310354519255642,TRUE,""
ENSG00000251606,CTD-2215E18.1,fbg,null,0.0081723583547663,0.684558919367902,2.697e-09,11.7993,1987,5.89404729120655e-06,TRUE,""
ENSG00000251634,RP11-1280N14.3,cad,grey,-0.0343917350224363,0.269386009983435,0.01182,11.8029,26,0.00582296482617999,TRUE,""
ENSG00000251992,SCARNA17,cad,grey,-0.336042476886891,0.0535529886785761,2.569e-05,8.5882,,,FALSE,对齐后仅 0 变异(<10)
ENSG00000252010,SCARNA5,fbg,null,-0.00219407781164949,0.922905718287002,0.0002091,17.4562,2369,0.00401548030939394,TRUE,""
ENSG00000252481,SCARNA13,t2d,null,0.0648358530573451,0.594971496951515,0.0002075,8.3595,3224,0.00449947972654345,TRUE,""
ENSG00000253047,SNORA40,fbg,grey,-0.0701933546872606,0.0826887231350612,0.0002148,5.2025,740,0.0166038873155057,TRUE,""
ENSG00000253047,SNORA40,cad,null,-0.0190354860168842,0.796357116257739,1.286e-09,5.2025,2958,0.00561025355633966,TRUE,""
ENSG00000253106,RP11-158K1.3,t2d,grey,0.352279250385749,0.0559320602023377,6.06e-06,5.9167,2089,0.0333307985940759,TRUE,""
ENSG00000253106,RP11-158K1.3,cad,grey,0.219390992233118,0.0955807045456294,7.67e-23,5.9167,2988,1.12030722590274e-05,TRUE,""
ENSG00000253269,CTB-37A13.1,t2d,null,-0.0163562636174036,0.513210927875975,1.249e-05,20.1327,3539,0.00353187540085674,TRUE,""
ENSG00000253293,HOXA10,t2d,null,-0.00581685988235436,0.986002743281724,1.041e-43,6.1006,3850,4.45579368551958e-06,TRUE,""
ENSG00000253368,TRNP1,t2d,null,-0.118127924480608,0.669451739578227,1.953e-06,9.9607,1221,0.00390802381992277,TRUE,""
ENSG00000253394,LINC00534,fbg,null,-0.0028707791026716,0.879569359634668,0.03124,12.9167,1698,0.00412805130857081,TRUE,""
ENSG00000253520,RP11-798K23.5,fbg,null,-0.00112655360530222,0.937074486238219,0.002403,19.1365,1824,0.00449369210626235,TRUE,""
ENSG00000253522,hsa-mir-146a,cad,null,0.0400548958951258,0.876685395448225,5.475e-05,6.74,4482,0.0054817008585203,TRUE,""
ENSG00000253534,TRBV6-8,fbg,null,-0.00146142763538056,0.871864744932721,0.0004369,24.3827,1382,0.00373608452251787,TRUE,""
ENSG00000253549,RP11-317J10.2,t2d,grey,0.0158167888924467,0.362088653919252,0.0005545,33.7656,1270,0.00713298305411386,TRUE,""
ENSG00000253549,RP11-317J10.2,fbg,null,0.000219677623506204,0.975070165131246,0.003891,33.7656,1053,0.00395533698448067,TRUE,""
ENSG00000253559,OSGEPL1-AS1,cad,grey,0.0295980172854949,0.453254704753736,0.0004439,10.9151,2525,0.00404411146377395,TRUE,""
ENSG00000253559,OSGEPL1-AS1,t2d,null,-0.0308312680057239,0.569911515965334,0.001298,10.9151,1755,0.00504813021787285,TRUE,""
ENSG00000253649,PRSS51,fbg,null,-0.0135772280318152,0.796357116257739,0.0006266,7.4529,2876,0.00385059055962688,TRUE,""
ENSG00000253669,KB-1732A1.1,fbg,null,-0.0122893479029022,0.819202033401183,0.001151,9.8098,2151,0.00432229215515094,TRUE,""
ENSG00000253710,ALG11,t2d,grey,0.0444796157834416,0.447557298702989,3.678e-07,21.9876,2054,0.00384901114760038,TRUE,""
ENSG00000253719,ATXN7L3B,fbg,null,-0.00357395113604778,0.877731041501716,0.0003493,27.1122,1815,0.00483793263208555,TRUE,""
ENSG00000253738,GS1-251I9.4,t2d,null,0.0571041577268737,0.695997947392911,0.001353,15.3203,1158,0.00791896939056929,TRUE,""
ENSG00000253967,RP11-333A23.4,fbg,grey,-0.0107817515256838,0.491767700760523,0.0004601,15.1175,1891,0.00999425034587465,TRUE,""
ENSG00000253982,CTD-2336O2.1,t2d,grey,-0.0289796107648453,0.0816526503109918,6.662e-05,38.3966,5160,0.0179286448752265,TRUE,""
ENSG00000254004,ZNF260,cad,grey,-0.072950469841686,0.226402697791137,1.651e-05,18.2654,3195,0.00468797980494602,TRUE,""
ENSG00000254004,ZNF260,fbg,grey,-0.0447429548362341,0.188750072903293,0.007285,18.2654,1020,0.0129715843869894,TRUE,""
ENSG00000254006,RP11-1D12.2,cad,null,0.00297001247828254,0.931301948464218,2.559e-05,12.4874,2699,0.00191568129235486,TRUE,""
ENSG00000254017,IGHEP2,t2d,null,0.0484686334436078,0.639248343034235,3.013e-15,10.5824,4372,8.24669827807652e-11,TRUE,""
ENSG00000254017,IGHEP2,cad,null,0.00258499378365908,0.972492190799539,8.994e-05,10.5824,6502,0.00517388057366359,TRUE,""
ENSG00000254017,IGHEP2,fbg,null,0.0329586707416533,0.57934082521527,5.227e-09,10.5824,2542,0.000163122925039126,TRUE,""
ENSG00000254206,NPIPL3,fbg,grey,0.0389711008400863,0.116083133738655,0.01934,10.4684,419,0.0140764852293997,TRUE,""
ENSG00000254211,CTB-43E15.4,cad,null,0.0214861050155834,0.560506362142504,6.991e-06,11.7044,4451,0.00174378488276846,TRUE,""
ENSG00000254211,CTB-43E15.4,fbg,null,-0.00385648038741241,0.849944540437619,0.001533,11.7044,2477,0.00448514633783283,TRUE,""
ENSG00000254275,RP11-89M16.1,fbg,grey,0.079755047774077,0.168271909075758,0.0002184,8.0548,2383,0.0179760901122925,TRUE,""
ENSG00000254288,RP11-6I2.3,t2d,null,-0.0650717356494021,0.719109543538825,0.0007985,6.4249,2182,0.00559396836583386,TRUE,""
ENSG00000254352,RP11-578O24.2,t2d,grey,-0.0384073874361206,0.281514632510023,0.0001714,15.7931,2206,0.00633521050438154,TRUE,""
ENSG00000254352,RP11-578O24.2,cad,grey,0.0188117816013652,0.453254704753736,0.0001413,15.7931,2944,0.00393511692520779,TRUE,""
ENSG00000254353,RP11-195E2.4,fbg,null,-0.000782954116962592,0.90743137298496,0.008013,36.9455,639,0.00528044018636774,TRUE,""
ENSG00000254362,RP11-14I17.3,fbg,null,0.00922864376932941,0.65672128656377,0.001454,10.9952,2515,0.00457115734942034,TRUE,""
ENSG00000254396,RP11-56F10.3,t2d,null,0.00616648924722429,0.741649075011745,0.0008722,34.9604,4778,0.00446940595688152,TRUE,""
ENSG00000254429,CTD-2562J17.7,fbg,null,0.00629703264667474,0.805758374776525,0.001013,16.8337,1563,0.00784852323198756,TRUE,""
ENSG00000254470,AP5B1,cad,grey,-0.130122178213887,0.154157201104144,2.291e-11,13.8124,3137,3.30171396072064e-07,TRUE,""
ENSG00000254470,AP5B1,fbg,null,0.0114142261591129,0.747012853671547,0.003257,13.8124,859,0.00394953405476052,TRUE,""
ENSG00000254481,PTP4A2P2,cad,grey,0.0810748337172236,0.11887245375002,0.0001463,11.9754,6418,0.0130525017365231,TRUE,""
ENSG00000254505,CHMP4A,fbg,grey,-0.106410037617157,0.131849285642677,0.005151,18.3374,2101,0.0261718127507137,TRUE,""
ENSG00000254521,SIGLEC12,fbg,grey,0.0115232495526059,0.465555404903429,0.001116,38.1282,2095,0.00948959936031848,TRUE,""
ENSG00000254521,SIGLEC12,cad,null,0.00554823126606951,0.822649978513835,0.0005593,38.1282,5455,0.00309334430463014,TRUE,""
ENSG00000254595,CTD-2010I16.1,fbg,grey,-0.0155699974060896,0.230139340443417,0.0007164,22.8672,2933,0.00936144113157411,TRUE,""
ENSG00000254635,WAC-AS1,fbg,null,-0.000699879156778177,0.913909936512377,0.001934,43.1513,2557,0.00427311311969995,TRUE,""
ENSG00000254685,FPGT,fbg,grey,0.00800230261551519,0.333173268958951,5.638e-06,53.1995,1859,0.00494708375845189,TRUE,""
ENSG00000254703,FLI1-AS1,fbg,null,0.0187162810925363,0.705149527894255,0.0001632,5.5469,2110,0.00412343390665065,TRUE,""
ENSG00000254718,CTD-2184C24.2,fbg,null,-0.0145487198460427,0.649436283726755,0.002871,7.409,1481,0.00440659274853819,TRUE,""
ENSG00000254750,CASP1P2,t2d,grey,-0.0221250334440494,0.335798503195353,0.003341,25.8147,3583,0.00626629795173923,TRUE,""
ENSG00000254760,CTD-2616J11.3,fbg,grey,0.0803642769957941,0.232304160207264,0.001116,6.0156,2029,0.00882065489823645,TRUE,""
ENSG00000254760,CTD-2616J11.3,cad,null,-0.0186893667432079,0.873881476173793,0.0005593,6.0156,5409,0.00318036798159123,TRUE,""
ENSG00000254789,RP11-531H8.2,fbg,grey,-0.00688467447586168,0.26219758140346,0.002256,44.2319,1823,0.00640805335874537,TRUE,""
ENSG00000254812,RP11-661A12.12,fbg,grey,-0.017332093528447,0.173291909533135,0.002155,22.8552,972,0.0152490782505078,TRUE,""
ENSG00000254815,RP11-496I9.1,cad,grey,0.0733556656852102,0.180949304457742,8.347e-06,10.007,4320,0.00530041933995378,TRUE,""
ENSG00000254837,AP001372.2,cad,grey,-0.0418790644639078,0.0676116774205958,0.001882,53.2075,4101,0.0175470793558008,TRUE,""
ENSG00000254860,TMEM9B-AS1,cad,grey,0.017767500410746,0.165834164256516,6.257e-12,52.9001,5783,2.33309860216063e-08,TRUE,""
ENSG00000254860,TMEM9B-AS1,fbg,null,0.00311389182456374,0.662911145572604,5.144e-07,52.9001,1723,0.00187920445448767,TRUE,""
ENSG00000254918,RP11-259P6.1,cad,grey,-0.0985807796882851,0.124910931671284,0.0001463,11.4547,6217,0.00793883111858568,TRUE,""
ENSG00000254952,AP001257.1,fbg,null,-0.0135739200304085,0.841480581121794,3.119e-05,11.3557,1670,0.0121897942156192,TRUE,""
ENSG00000254965,RP11-113K21.2,t2d,grey,-0.106152321342129,0.180576190695732,0.0003412,10.0179,3338,0.0138782442218936,TRUE,""
ENSG00000254995,STX16-NPEPL1,t2d,null,-0.00626066842337523,0.920344325445942,0.0001192,19.1545,1223,0.00548980344712451,TRUE,""
ENSG00000255045,RP11-677M14.2,cad,null,-0.0418121194878037,0.501500208935513,0.0003166,6.5998,5725,0.00318710233927376,TRUE,""
ENSG00000255142,AP006621.6,fbg,grey,0.0137059245219831,0.0577704316108834,0.004036,43.6374,1011,0.00970900056631744,TRUE,""
ENSG00000255142,AP006621.6,cad,null,0.00444516470983236,0.684169826249014,8.347e-06,43.6374,5198,0.00207011054805295,TRUE,""
ENSG00000255197,RP11-750H9.5,t2d,null,-0.0220226844575136,0.539655957159632,2.169e-07,15.01,2205,5.8113760489467e-05,TRUE,""
ENSG00000255221,CARD17,t2d,grey,-0.207949086057023,0.222518650656971,0.003341,11.9879,3577,0.0173410726458383,TRUE,""
ENSG00000255284,AP006621.5,fbg,null,0.00440383024152959,0.552679335565412,0.004036,54.2306,1015,0.0205565858347684,TRUE,""
ENSG00000255306,RP5-901A4.1,t2d,grey,-0.0175951762904231,0.471260218277979,0.007666,26.9041,1439,0.00575672999923602,TRUE,""
ENSG00000255310,AF131215.2,cad,grey,0.0130657279581802,0.278660494899244,4.62e-05,36.8911,7689,0.00393576887658453,TRUE,""
ENSG00000255325,RP11-96B2.1,t2d,null,-0.0446325323926857,0.785988674956416,0.0005968,6.051,1343,0.00768277544831653,TRUE,""
ENSG00000255354,RP11-148O21.2,cad,null,-0.0352188624834406,0.508601444069052,4.62e-05,14.1673,5916,0.00550615803553839,TRUE,""
ENSG00000255468,RP11-867G23.8,cad,grey,-0.123358751955302,0.144560595703453,2.291e-11,5.3501,2810,4.66445469858515e-05,TRUE,""
ENSG00000255468,RP11-867G23.8,t2d,null,0.0180186941058306,0.878444663743922,1.634e-07,5.3501,1683,0.000230091583004498,TRUE,""
ENSG00000255557,RP11-770G2.2,cad,grey,0.0247445407985867,0.199951364850716,2.291e-11,25.9862,3060,2.36502559341409e-07,TRUE,""
ENSG00000255559,ZNF252P-AS1,fbg,grey,-0.0721331349914956,0.417742017975973,0.03288,9.6144,338,0.00946473457499871,TRUE,""
ENSG00000255559,ZNF252P-AS1,t2d,null,0.0705983874384851,0.752709649944638,,9.6144,,,FALSE,GWAS 区域无数据
ENSG00000255571,CTD-2335A18.1,cad,grey,0.0661338217198001,0.195975282680321,9.86e-27,14.2342,3909,5.31928082360662e-08,TRUE,""
ENSG00000255571,CTD-2335A18.1,fbg,grey,0.0432074301902694,0.125707617716504,0.002619,14.2342,1656,0.0120913435965335,TRUE,""
ENSG00000255717,SNHG1,t2d,null,0.0286196960485414,0.835502047467024,2.877e-05,19.1455,2570,0.00872558147695257,TRUE,""
ENSG00000255733,IFNG-AS1,cad,grey,0.011162328440247,0.149675682559884,3.856e-05,67.2358,4604,0.00487975511029198,TRUE,""
ENSG00000255893,RP11-685N10.1,t2d,grey,-0.0129832160584393,0.353557582221532,6.706e-06,47.1446,3161,0.00408417935810341,TRUE,""
ENSG00000255968,RP11-513G19.1,cad,grey,-0.0555347238957617,0.332197561388374,0.0005807,11.1615,5797,0.00703113242355192,TRUE,""
ENSG00000255987,RP11-1094M14.4,t2d,grey,-0.124118058665945,0.0728302282396493,0.0004728,14.0428,676,0.00142327718056316,TRUE,""
ENSG00000256039,RP11-291B21.2,fbg,null,-0.00646262874142772,0.676922239021379,0.003867,17.2164,1982,0.00467275710675772,TRUE,""
ENSG00000256043,CTSO,cad,grey,0.136341762285456,0.268812208488231,0.000417,28.9275,3896,0.0237147537325283,TRUE,""
ENSG00000256060,TRAPPC2P1,cad,grey,0.0257653028993924,0.426892451605502,0.0005571,34.6024,4413,0.00466661049869577,TRUE,""
ENSG00000256060,TRAPPC2P1,fbg,grey,-0.0159922569720366,0.379917247034355,0.001451,34.6024,1642,0.00716399071580246,TRUE,""
ENSG00000256084,RP11-134N1.2,t2d,grey,0.15095116254961,0.119648655954028,1.105e-05,10.8657,3868,0.0138643852653112,TRUE,""
ENSG00000256087,ZNF432,t2d,grey,-0.222570391238193,0.450521762224724,0.0001214,6.6379,2735,0.0110890411268531,TRUE,""
ENSG00000256092,RP13-942N8.1,t2d,grey,-0.0513867221101624,0.483039820580507,6.805e-13,43.2671,2202,9.39154347343202e-09,TRUE,""
ENSG00000256128,RP11-173C20.2,t2d,null,0.0336884499703373,0.804760401488793,0.0005066,19.1385,3132,0.00873504547151727,TRUE,""
ENSG00000256171,GCSHP4,fbg,grey,-0.0404911348653355,0.247862996149615,0.002978,8.1445,1409,0.0108567360760281,TRUE,""
ENSG00000256229,ZNF486,cad,grey,0.0347354718565777,0.197860431493894,3.179e-07,25.9383,5947,0.00173533649419808,TRUE,""
ENSG00000256234,RP11-283G6.4,cad,null,-0.0508491434528196,0.562624686915214,0.0005807,5.4707,5840,0.00325349439754327,TRUE,""
ENSG00000256249,RP11-324E6.6,t2d,null,0.0014605721291162,0.91042696974349,6.805e-13,43.4932,1907,1.07799996559586e-05,TRUE,""
ENSG00000256271,CACNA1C-AS2,t2d,null,-0.00293745732690194,0.959787565031603,1.056e-05,14.6782,3406,0.00374247516281933,TRUE,""
ENSG00000256294,ZNF225,t2d,null,0.241965847753303,0.588344159616097,1.27e-05,7.6839,2200,0.0103227059701176,TRUE,""
ENSG00000256357,RP11-349I1.2,cad,grey,-0.0353102275578791,0.433431393700326,8.439e-10,8.2386,5711,2.291487029212e-06,TRUE,""
ENSG00000256433,RP1-102E24.8,fbg,grey,-0.0149078096061152,0.215297197625348,0.0005969,28.3352,1772,0.0115370476663249,TRUE,""
ENSG00000256448,RP11-809N8.4,t2d,grey,-0.0631779854594239,0.214260366723103,8.635e-25,18.0807,2213,3.2003758000393e-20,TRUE,""
ENSG00000256518,RP11-807H22.5,cad,null,-0.00322333977952635,0.858274230547457,0.0004224,20.0097,4679,0.00251423793109469,TRUE,""
ENSG00000256525,POLG2,fbg,grey,-0.0236056078559811,0.429835204622545,0.0101,15.1326,1142,0.00629615533413384,TRUE,""
ENSG00000256574,OR13A1,cad,grey,0.0237778643264918,0.479773648872755,0.00139,36.3574,2603,0.00473219281745753,TRUE,""
ENSG00000256576,RP13-977J11.2,fbg,null,0.000552159625736847,0.955695871316436,1.324e-05,26.8674,1346,0.00279187603073621,TRUE,""
ENSG00000256581,NLRP9P,t2d,null,0.00864903758651162,0.649436283726755,0.0009278,42.6057,2920,0.00522773848034622,TRUE,""
ENSG00000256612,CYP2B7P1,cad,grey,-0.0771384294490487,0.0676756418768157,2.362e-17,33.8517,3609,7.67240209755725e-13,TRUE,""
ENSG00000256633,RP11-169D4.2,fbg,null,0.00218773179994819,0.771569465555293,2.919e-08,30.5119,987,5.79859798465694e-05,TRUE,""
ENSG00000256660,CLEC12B,t2d,grey,-0.0160602147633994,0.224945154267061,0.000372,123.2009,3672,0.00714965996357308,TRUE,""
ENSG00000256660,CLEC12B,fbg,grey,-0.00535340492113312,0.303681109722319,0.0037,123.2009,2086,0.00775154868211557,TRUE,""
ENSG00000256720,RP11-436I9.6,t2d,grey,0.0264792163155954,0.364419095392323,0.000372,26.7865,2262,0.00690831519420258,TRUE,""
ENSG00000256720,RP11-436I9.6,cad,null,-0.0112027453642904,0.588518882160993,0.0003213,26.7865,4626,0.00312780959656051,TRUE,""
ENSG00000256771,ZNF253,fbg,grey,-0.0529561777984127,0.179561867612366,0.0007539,15.5754,1055,0.0108774852276929,TRUE,""
ENSG00000256913,RP1-102E24.6,fbg,null,-0.00247881058522213,0.922905718287002,0.0005969,7.9721,1697,0.00974293077628496,TRUE,""
ENSG00000256937,RP11-436I9.5,t2d,grey,0.0121662940200196,0.439043439667615,0.000372,39.7266,2244,0.00482958866003032,TRUE,""
ENSG00000256948,RP11-598F7.3,cad,null,0.0318430758492396,0.620308730144087,0.0001935,12.1863,3184,0.00532719914007569,TRUE,""
ENSG00000256973,RP11-359J14.2,fbg,grey,0.096302767873519,0.25748608086621,0.003714,5.4558,1811,0.0157980066564008,TRUE,""
ENSG00000256973,RP11-359J14.2,t2d,null,-0.0537794677735236,0.803705088046636,0.0001584,5.4558,2695,0.00803473744983205,TRUE,""
ENSG00000256973,RP11-359J14.2,cad,null,0.0650356354470518,0.64244305767423,0.0004655,5.4558,4075,0.00678053485826866,TRUE,""
ENSG00000257020,RP11-87C12.4,t2d,grey,0.056063671956218,0.317310507862914,2.075e-09,7.9489,2015,0.00647687940801581,TRUE,""
ENSG00000257052,RP11-881M11.2,fbg,grey,-0.0149559408889309,0.398809120942746,2.59e-11,13.3897,1492,5.458465757858e-08,TRUE,""
ENSG00000257122,RRN3P3,t2d,null,-0.0773668443164297,0.619184828671618,0.001308,8.5912,1583,0.00901730534857626,TRUE,""
ENSG00000257156,RP11-13A1.3,fbg,grey,-0.0479532280901871,0.260589034273618,0.005169,7.4182,1474,0.00701695954432104,TRUE,""
ENSG00000257156,RP11-13A1.3,cad,null,0.0399610234084893,0.604987669676503,8.643e-15,7.4182,2926,5.22953802297015e-10,TRUE,""
ENSG00000257242,RP11-24B21.1,cad,null,0.0240191273431212,0.720984861901671,0.000804,7.5268,4377,0.00276178537271717,TRUE,""
ENSG00000257267,ZNF271,fbg,grey,-0.0216158888486469,0.165412255542075,0.001589,35.3437,1724,0.0097793573671396,TRUE,""
ENSG00000257267,ZNF271,cad,null,0.00955120670056491,0.734394503436344,2.591e-05,35.3437,,,FALSE,对齐后仅 0 变异(<10)
ENSG00000257275,RP11-164H13.1,fbg,null,-0.00485199418762632,0.886403006367064,0.0002344,12.2301,2662,0.00644957202663721,TRUE,""
ENSG00000257285,RP11-298I3.1,cad,null,0.005001211451479,0.753304047285912,0.0001667,32.6293,4079,0.00310959006104187,TRUE,""
ENSG00000257285,RP11-298I3.1,fbg,null,-0.000227327793249045,0.979005461093967,0.001745,32.6293,2314,0.00443015608710175,TRUE,""
ENSG00000257335,MGAM,fbg,grey,-0.0146260817548669,0.448704997513635,0.0004369,30.4251,1598,0.00527474056994045,TRUE,""
ENSG00000257335,MGAM,t2d,null,0.0286671202395391,0.507867300814076,2.611e-05,30.4251,2020,0.00435417598823346,TRUE,""
ENSG00000257354,RP11-631N16.2,t2d,null,0.0534910501940781,0.529869571302304,0.0002986,6.7886,3714,0.00445453460301477,TRUE,""
ENSG00000257511,RP11-278C7.1,t2d,null,-0.0628000611403908,0.62349074696239,1.291e-06,6.3764,5337,0.00190998261220653,TRUE,""
ENSG00000257594,GALNT4,t2d,null,0.00134872066926868,0.938684739206775,0.0003302,76.6137,2215,0.00499793276627209,TRUE,""
ENSG00000257594,GALNT4,fbg,null,-0.00202308100390301,0.791236045636806,0.0007364,76.6137,1588,0.00439820146830773,TRUE,""
ENSG00000257599,RP11-677C1.2,t2d,null,0.0152826004707521,0.809499756514064,0.006766,18.1697,5550,0.00538312037960553,TRUE,""
ENSG00000257605,RP11-680A11.5,cad,null,0.0330832503045976,0.528191424707151,9.28e-13,9.1867,3809,1.06577510573009e-08,TRUE,""
ENSG00000257696,RP11-175P13.2,t2d,grey,0.133769901195281,0.140914880043338,0.00405,11.8181,2796,0.0196707828500163,TRUE,""
ENSG00000257704,PRR24,fbg,null,-0.00120962292163733,0.966414784500238,0.005501,58.4596,1345,0.0111657719329141,TRUE,""
ENSG00000257727,CNPY2,fbg,grey,0.06454744747089,0.185974874255209,0.0007165,19.3186,956,0.0176873758057638,TRUE,""
ENSG00000257743,RP11-1220K2.2,cad,grey,-0.067434480161886,0.125407103635138,4.213e-05,26.2442,3349,0.0115438890378816,TRUE,""
ENSG00000257824,RP11-1049A21.2,cad,null,0.0249764436354715,0.778518657215875,9.28e-13,5.0873,4136,0.0265483018485859,TRUE,""
ENSG00000257924,RP11-493L12.5,t2d,grey,-0.0164808207375476,0.491767700760523,4.223e-06,22.4612,3767,0.00362503141036207,TRUE,""
ENSG00000258102,RP11-809C9.2,fbg,grey,0.0548902818549432,0.275910431690185,0.003552,9.8612,1935,0.0142351822923066,TRUE,""
ENSG00000258130,RP11-347C12.3,cad,null,-0.0471972613522473,0.696824668304046,0.0001223,4.5677,1839,0.0067754757853231,TRUE,""
ENSG00000258136,RP11-864J10.4,t2d,null,-0.0399927689972678,0.731034305380085,0.0002702,5.8306,3393,0.00482004965656243,TRUE,""
ENSG00000258172,RP11-1105G2.4,fbg,grey,-0.0167666445436716,0.182422439451736,0.005033,21.4871,2108,0.0112427792640268,TRUE,""
ENSG00000258289,CHURC1,cad,null,0.02005476008659,0.655926269150078,0.0008211,137.9041,4270,0.0173861105960176,TRUE,""
ENSG00000258311,RP11-644F5.10,fbg,null,-0.00448502225677527,0.811004442719249,0.0007165,74.8921,1226,0.0079376057580029,TRUE,""
ENSG00000258315,C17orf49,fbg,null,0.0178368087760631,0.705595683272677,0.001279,18.56,1575,0.00577786494112066,TRUE,""
ENSG00000258352,RP11-23J18.1,t2d,null,-0.0037867013270277,0.869175486772197,4.223e-06,27.4163,3494,0.00313456871293798,TRUE,""
ENSG00000258376,RP4-647C14.2,t2d,null,0.00731187660678086,0.750752673639858,0.002381,27.3902,3283,0.00412450213680163,TRUE,""
ENSG00000258382,CTD-2313J17.2,fbg,grey,0.0459869244998219,0.453254704753736,0.0008213,5.156,2627,0.00599804558333867,TRUE,""
ENSG00000258398,RP11-218E20.6,fbg,null,0.00325135365321711,0.662911145572604,0.0005409,34.4413,2178,0.00508396884969965,TRUE,""
ENSG00000258439,RP11-173A8.2,t2d,grey,-0.13094459749935,0.201327791983001,1.673e-05,5.7422,2037,0.00931775200859303,TRUE,""
ENSG00000258441,LINC00641,cad,null,0.0264007724763272,0.544144693769952,0.0002985,10.3955,5432,0.00332859149311309,TRUE,""
ENSG00000258473,RP11-7F17.4,fbg,null,0.0033997307188902,0.808451451773901,0.0001049,14.5647,2152,0.0038293559078602,TRUE,""
ENSG00000258499,RP11-862G15.2,t2d,grey,0.0400231007033539,0.486978879232671,0.002596,9.1956,3030,0.00478144449114196,TRUE,""
ENSG00000258499,RP11-862G15.2,cad,grey,0.0315971847658057,0.44563525329039,8.439e-10,9.1956,4808,0.00202559190562429,TRUE,""
ENSG00000258531,BANF1P1,cad,null,-0.010058242646949,0.884583528000224,3.249e-05,5.5383,4139,0.00353083920773903,TRUE,""
ENSG00000258546,RP11-713N11.3,cad,grey,0.0755001130842438,0.126931238256761,7.452e-05,8.1424,6273,0.00848140406338895,TRUE,""
ENSG00000258551,RP11-661P17.1,cad,grey,-0.0163615053649796,0.436700030722758,0.0002361,21.7063,4521,0.00452157839040752,TRUE,""
ENSG00000258572,RP11-1070N10.3,t2d,grey,-0.0290237991156633,0.132022809861922,0.0002075,43.5275,3209,0.0119853618785455,TRUE,""
ENSG00000258623,CTD-2325P2.3,t2d,null,0.0107404148316216,0.945640900275557,9.92e-06,5.4105,3010,0.00337456723269085,TRUE,""
ENSG00000258634,RP4-773N10.4,fbg,grey,-0.0366349315804494,0.247862996149615,0.001876,14.5951,1694,0.00791629357666636,TRUE,""
ENSG00000258686,RP4-773N10.5,t2d,null,0.143729510487425,0.517593873457392,2.834e-06,6.7558,2354,0.00317459939411585,TRUE,""
ENSG00000258689,RP6-65G23.1,t2d,grey,0.0440915613849548,0.43354929020045,0.0004699,10.2804,2798,0.005573548376669,TRUE,""
ENSG00000258704,RP11-85K15.2,cad,null,-0.0165974680063273,0.589662040180909,4.674e-05,21.4516,3963,0.00334287560250795,TRUE,""
ENSG00000258754,CTD-3049M7.1,cad,grey,0.0976768427529469,0.200872488721984,3.604e-06,16.5722,4813,0.00506947482607573,TRUE,""
ENSG00000258760,CTD-2509G16.5,cad,null,0.0251567925508964,0.726338697648762,0.0008211,5.9987,4476,0.00340947191562065,TRUE,""
ENSG00000258760,CTD-2509G16.5,fbg,null,-0.00359382750727091,0.925307750889347,0.0005605,5.9987,1668,0.00474826530403477,TRUE,""
ENSG00000258768,CTD-2292M16.8,t2d,null,0.00369802855471877,0.948374484112812,0.0004196,18.0523,2301,0.00664055974300813,TRUE,""
ENSG00000258824,CTD-2555O16.2,t2d,null,0.0346636123773749,0.525236609352112,0.0008055,11.1022,3077,0.00560373544936533,TRUE,""
ENSG00000258831,RP11-76E17.4,cad,grey,0.0217081031618358,0.179770040387914,3.604e-06,37.5796,4805,0.00528783405823956,TRUE,""
ENSG00000258839,MC1R,t2d,null,0.0424449389683458,0.502391459956463,5.251e-06,68.9649,1722,0.0495678511469708,TRUE,""
ENSG00000258900,HNRPCP,cad,grey,-0.034112893709756,0.19186399240393,4.262e-08,16.7247,4444,0.000716263385749612,TRUE,""
ENSG00000258922,CTD-2313J17.1,cad,grey,-0.0472044844815397,0.213431098000033,3.604e-06,14.6358,5722,0.00835551001892678,TRUE,""
ENSG00000258929,RP11-58E21.3,t2d,null,0.015109355452866,0.65763422889303,2.446e-05,19.1443,2550,0.00462209940400923,TRUE,""
ENSG00000258959,RP11-1017G21.4,cad,null,0.00231718996888115,0.984558037141126,1.748e-07,9.1483,3790,0.00478635023557398,TRUE,""
ENSG00000258976,CTD-2207P18.2,t2d,grey,-0.0854217126590467,0.355967119733731,0.0009467,8.1733,2101,0.00623260562438726,TRUE,""
ENSG00000259005,RP3-449M8.6,cad,grey,0.0179051630487961,0.344553982573777,3.601e-10,24.8791,3815,7.07446500513237e-07,TRUE,""
ENSG00000259015,RP11-109N23.6,t2d,grey,0.039442017589403,0.143604244350832,0.002454,19.9653,2955,0.0106233823864624,TRUE,""
ENSG00000259015,RP11-109N23.6,fbg,null,0.00640511396750989,0.539940330191881,0.002651,19.9653,2211,0.00455104709590155,TRUE,""
ENSG00000259056,DUXAP1,t2d,null,-0.0307765315132637,0.711570338646517,0.0042,9.0668,3081,0.00583333805435565,TRUE,""
ENSG00000259056,DUXAP1,cad,null,0.0104919993795217,0.859924253238214,1.813e-23,9.0668,4466,3.26328512228076e-14,TRUE,""
ENSG00000259062,ACTN1-AS1,fbg,null,-0.00357310920388325,0.927564826606211,0.001389,19.1398,1905,0.0098136875051305,TRUE,""
ENSG00000259070,LINC00639,fbg,grey,0.00911627362917448,0.216721062179052,0.001796,34.1644,1839,0.00958200583774835,TRUE,""
ENSG00000259088,CTD-2017C7.2,cad,grey,0.0650230672410826,0.46045657725458,9.696e-06,6.852,3980,0.0034227376503909,TRUE,""
ENSG00000259143,CTD-2240H23.2,cad,null,0.0142694720257008,0.513541407422535,2.365e-05,22.6195,6134,0.00410408617733413,TRUE,""
ENSG00000259150,RP11-1084I9.3,fbg,null,-0.00843224295497306,0.849944540437619,0.002054,5.1382,2264,0.0048192320481403,TRUE,""
ENSG00000259153,RP6-65G23.3,fbg,null,0.0137447465042181,0.567709166197353,0.006614,9.7936,1754,0.00500735644148451,TRUE,""
ENSG00000259162,RP11-203M5.6,t2d,null,0.00492246636902052,0.93436605637943,0.0004196,10.219,2519,0.00404269698481243,TRUE,""
ENSG00000259182,RP11-424I19.2,cad,grey,-0.0465344548484732,0.352461927180254,0.0008426,11.8011,3676,0.0850068094480681,TRUE,""
ENSG00000259235,RP11-605F22.2,fbg,grey,-0.0111836475235976,0.0544703900274774,0.00276,67.3103,1925,0.046195180866087,TRUE,""
ENSG00000259250,RP11-50C13.1,cad,null,-0.0213892840008295,0.668235141795249,7.243e-06,14.8661,5079,0.00414515643338847,TRUE,""
ENSG00000259287,RP11-3D4.2,t2d,grey,0.158101171390486,0.236911763475742,0.0001338,10.0787,3831,0.0223250887214785,TRUE,""
ENSG00000259291,RP11-617F23.1,cad,null,-0.0236646148165978,0.534803837189754,9.86e-27,11.1872,4038,9.97120403612962e-23,TRUE,""
ENSG00000259293,RP11-355N15.1,cad,null,-0.00937249623265657,0.726338697648762,7.243e-06,13.8682,5012,0.00226419916295285,TRUE,""
ENSG00000259315,RP11-752G15.9,t2d,grey,0.425237011225651,0.0757822232831072,0.0001225,5.782,1519,0.0224697898733778,TRUE,""
ENSG00000259319,RP11-293M10.6,fbg,null,0.0175516807238514,0.595245548732816,0.0001049,7.1844,1602,0.00413122257289435,TRUE,""
ENSG00000259384,GH1,t2d,grey,-0.20456374858386,0.147058519219297,0.0002166,6.2108,154,0.000111458090209494,TRUE,""
ENSG00000259387,RP13-98N21.2,t2d,null,0.00984835168638225,0.513210927875975,0.0001225,50.2962,1613,0.00497577789257797,TRUE,""
ENSG00000259387,RP13-98N21.2,fbg,null,-0.00154483948021682,0.796357116257739,0.008639,50.2962,934,0.00407094342015552,TRUE,""
ENSG00000259408,RP11-3D4.3,fbg,grey,-0.066880850630881,0.108260594348094,0.0009747,4.9049,2554,0.0105792289096099,TRUE,""
ENSG00000259421,CTA-150C2.20,cad,null,-0.00319504037528332,0.889875664640676,3.664e-06,18.9569,3486,0.00301304149273406,TRUE,""
ENSG00000259431,THTPA,cad,null,-0.0822046279545611,0.581619684639375,0.0002795,11.6217,3987,0.00533354769699329,TRUE,""
ENSG00000259483,RP11-930O11.2,cad,null,-0.00641113859139614,0.756298745303894,0.0001803,28.6294,4677,0.00272998219667188,TRUE,""
ENSG00000259488,RP11-154J22.1,t2d,null,-0.0130286270253513,0.845827892312863,0.0001615,20.651,2300,0.00526787787368388,TRUE,""
ENSG00000259520,CTD-2651B20.3,fbg,null,0.00592880142430233,0.636768179585686,0.0006507,24.171,1190,0.00482555814012907,TRUE,""
ENSG00000259562,RP11-762H8.2,fbg,grey,0.0419102124086704,0.126162397742482,0.0001065,12.758,1712,0.012229978380708,TRUE,""
ENSG00000259577,RP11-430B1.2,fbg,null,-0.00372615322538896,0.744741090227158,0.000934,27.8694,1839,0.00547056567576355,TRUE,""
ENSG00000259606,YLPM1,cad,grey,-0.0739817881532808,0.420260061198275,3.601e-10,5.2452,3291,0.000325129153652848,TRUE,""
ENSG00000259641,RP11-279F6.3,t2d,null,0.0397568763194434,0.593278639087062,0.01221,8.4953,2515,0.00492562765488234,TRUE,""
ENSG00000259642,C15orf37,fbg,grey,-0.159604147986687,0.0812306530208798,0.0001816,7.5226,2281,0.050735059210585,TRUE,""
ENSG00000259642,C15orf37,t2d,null,-0.0328596775266708,0.885239971142453,3.94e-06,7.5226,3885,0.00151857667432646,TRUE,""
ENSG00000259658,RP11-89K11.1,t2d,grey,-0.0239876952871324,0.464920120624581,0.01375,21.6053,638,0.00509855412070064,TRUE,""
ENSG00000259679,CTD-2184D3.2,cad,null,0.0091465172755854,0.586538057936862,0.0003237,20.9779,4308,0.00310388288926823,TRUE,""
ENSG00000259684,RP11-120K9.2,fbg,null,0.0024240895401888,0.846529514964004,0.002455,16.8892,1715,0.00585273711188162,TRUE,""
ENSG00000259719,RP11-930O11.1,cad,null,0.0575785841737411,0.586232434178078,0.0001803,7.738,4654,0.00445716317070876,TRUE,""
ENSG00000259755,RP11-505E24.2,t2d,null,-0.0164358859366573,0.843944614104874,0.004395,10.0194,1604,0.00629824939256124,TRUE,""
ENSG00000259755,RP11-505E24.2,cad,null,0.0138061441867922,0.815502576593791,0.0007614,10.0194,3951,0.00437060991328122,TRUE,""
ENSG00000259758,CTA-204B4.6,fbg,grey,0.027084027062473,0.302423598900007,0.001645,8.6834,1872,0.00651998420061811,TRUE,""
ENSG00000259772,RP11-16E12.2,fbg,null,-0.0362633330691388,0.578514721507944,0.003991,8.2719,1204,0.00518645495634823,TRUE,""
ENSG00000259785,RP13-98N21.3,fbg,null,0.00157338921156274,0.796357116257739,0.008639,49.6751,1007,0.00402512917929666,TRUE,""
ENSG00000259799,RP11-554A11.9,cad,grey,-0.0123594297233197,0.282163596701161,7.483e-05,33.1413,4772,0.00389988186445788,TRUE,""
ENSG00000259799,RP11-554A11.9,fbg,null,-0.00281881730531852,0.684558919367902,0.001034,33.1413,1593,0.00419235193008377,TRUE,""
ENSG00000259812,RP11-5N23.3,fbg,grey,0.020075035317051,0.212800508179614,0.002801,54.6586,2749,0.0152264624041969,TRUE,""
ENSG00000259820,AC083843.1,t2d,null,0.018342548449969,0.52379920995388,0.001396,20.6239,1981,0.00451162252413284,TRUE,""
ENSG00000259820,AC083843.1,cad,null,-0.00575452500391183,0.782654008414754,0.0008773,20.6239,2744,0.00286746642670048,TRUE,""
ENSG00000259834,RP11-284N8.3,cad,grey,0.0502581535788607,0.197233459347633,0.0003952,14.4624,4457,0.00771646432398571,TRUE,""
ENSG00000259845,HERC2P10,t2d,null,-0.00123609246732779,0.929393771944136,4.944e-05,59.7669,1939,0.0130974241691952,TRUE,""
ENSG00000259865,RP11-488L18.10,cad,null,-0.0171654788043327,0.508426146432504,0.001028,17.5633,6333,0.0035564632238867,TRUE,""
ENSG00000259869,AL022344.7,cad,grey,-0.0277087349611025,0.351231423953114,3.504e-24,14.722,4664,0.00355759722824985,TRUE,""
ENSG00000259901,RP5-991G20.4,cad,null,-0.0172041263824946,0.858274230547456,2.92e-11,6.4643,5128,3.32357034809063e-06,TRUE,""
ENSG00000259901,RP5-991G20.4,fbg,null,0.0321143692473233,0.575479437698054,0.0003476,6.4643,1664,0.00728928024536222,TRUE,""
ENSG00000259922,RP11-322D14.1,cad,null,0.000918676415224508,0.972492190799539,1.194e-09,14.0567,6171,2.63626769967371e-06,TRUE,""
ENSG00000259940,CTD-3203P2.1,t2d,grey,-0.0173370821562749,0.494653079736033,9.795e-06,23.9592,3711,0.00480674811668336,TRUE,""
ENSG00000259940,CTD-3203P2.1,fbg,grey,-0.0142411746283686,0.150575972824847,0.001369,23.9592,1922,0.0104706742471434,TRUE,""
ENSG00000259972,AC009120.6,cad,null,0.09251865632331,0.574814164356031,3.43e-16,5.1134,5896,0.000178863600753914,TRUE,""
ENSG00000259984,RP11-335G20.7,fbg,null,-0.00408445399478798,0.958462293013569,0.000818,8.353,1283,0.0102662966463857,TRUE,""
ENSG00000260006,RP11-469M7.1,t2d,null,0.0354679630254611,0.798229525623278,9.651e-05,7.1099,1775,0.00663114600277015,TRUE,""
ENSG00000260022,LA16c-306A4.1,cad,grey,0.06640603046283,0.297294155047631,1.83e-07,7.6038,5721,0.00051052262421808,TRUE,""
ENSG00000260022,LA16c-306A4.1,fbg,grey,-0.0439715607118739,0.243345009148762,0.0009201,7.6038,1139,0.00930889681700944,TRUE,""
ENSG00000260032,LINC00657,cad,null,-0.0548332170391136,0.821804066636759,6.84e-12,5.2255,1176,0.0210448434756162,TRUE,""
ENSG00000260051,LA16c-390E6.4,cad,null,-0.00680539466169297,0.813980460416918,1.83e-07,20.7683,5615,0.000344083250534576,TRUE,""
ENSG00000260059,RP11-231E19.1,fbg,null,-0.0269539943060155,0.608514456754163,0.0002489,5.5058,2106,0.00713404939228138,TRUE,""
ENSG00000260063,RP5-968P14.2,fbg,null,-0.0146288873404418,0.844274735076052,1.967e-05,11.2778,988,0.00704010194153754,TRUE,""
ENSG00000260065,CTA-445C9.15,t2d,null,0.00369054733835127,0.787752103714477,0.0002066,89.8577,4021,0.0153510829714534,TRUE,""
ENSG00000260114,CTD-2574D22.4,t2d,grey,-0.106858297115219,0.135220800573275,1.426e-06,8.3969,490,0.1066786866753,TRUE,""
ENSG00000260136,CTD-2270L9.4,t2d,null,0.00754566508862286,0.912409374915366,0.001308,9.8117,3089,0.00491727881092169,TRUE,""
ENSG00000260214,GS1-465N13.1,cad,grey,-0.14017770419935,0.26717615577756,1.253e-24,8.4396,6433,1.08423206866103e-13,TRUE,""
ENSG00000260273,RP11-425D10.10,fbg,grey,-0.0593250402961339,0.49813992156856,0.02071,5.1645,1699,0.00588473142102078,TRUE,""
ENSG00000260276,RP11-77H9.2,t2d,null,-0.0108513994651245,0.7325223685108,3.225e-07,46.1998,6078,0.00318324970435612,TRUE,""
ENSG00000260286,RP3-369A17.5,t2d,grey,0.0352760857990061,0.212487988247632,0.0001991,19.8251,5226,0.0082010960775792,TRUE,""
ENSG00000260286,RP3-369A17.5,cad,null,0.00404205149780278,0.846972707794471,3.212e-06,19.8251,7680,0.00110490131949977,TRUE,""
ENSG00000260296,RP11-395I6.3,fbg,grey,0.0137344058011837,0.423710797166793,0.00143,15.1151,1425,0.0062284418308805,TRUE,""
ENSG00000260296,RP11-395I6.3,cad,null,0.00981028985798836,0.765315881209824,0.0001586,15.1151,5673,0.00307894374740346,TRUE,""
ENSG00000260306,RP11-645C24.5,cad,null,0.00350458437359389,0.7924288824046,0.0004409,41.2236,2076,0.00366814911540053,TRUE,""
ENSG00000260329,RP11-412D9.4,fbg,grey,0.0214828917814789,0.419982497240339,0.004196,8.628,1842,0.00504896739005201,TRUE,""
ENSG00000260336,RP11-395B7.7,fbg,grey,-0.0310416419394088,0.32635536214679,0.0007455,12.6646,1050,0.0104495730741558,TRUE,""
ENSG00000260359,RP11-4F5.2,cad,grey,0.0333299492372793,0.350084072884968,1.211e-08,15.5513,4339,0.00188956425695089,TRUE,""
ENSG00000260359,RP11-4F5.2,t2d,null,-0.0263131178189047,0.592156028908923,8.847e-05,15.5513,2840,0.0042571445268355,TRUE,""
ENSG00000260361,CTD-2313J17.5,t2d,null,-0.00425648493611076,0.944054023280193,0.0003831,13.9361,3296,0.0054260984179721,TRUE,""
ENSG00000260388,LINC00562,t2d,null,0.0332398959076534,0.753729539113066,0.002719,9.5121,3016,0.00823951815785346,TRUE,""
ENSG00000260391,RP11-71H17.7,cad,null,0.0130173775679056,0.632464543594736,1.449e-14,16.6988,4738,4.11204955669885e-11,TRUE,""
ENSG00000260539,RP11-252A24.7,fbg,null,0.0410503491584361,0.670044484259492,0.001167,17.708,1631,0.0274731502831756,TRUE,""
ENSG00000260563,RP13-516M14.1,cad,null,-0.00937214269512134,0.745980687313015,0.0001367,16.1653,,,FALSE,对齐后仅 0 变异(<10)
ENSG00000260641,RP11-1299A16.3,t2d,grey,-0.0218462426886618,0.3877876816066,2.565e-06,25.8046,2768,0.000285102560092374,TRUE,""
ENSG00000260645,RP11-250B2.5,t2d,null,-0.112285282259189,0.649436283726755,6.922e-05,5.2653,3799,0.00490894814329079,TRUE,""
ENSG00000260661,RP11-152L20.3,t2d,null,-0.00736659564106519,0.861933801629757,0.0003831,16.1092,3110,0.00435794338576814,TRUE,""
ENSG00000260698,RP11-439E19.9,cad,grey,0.0789718425642274,0.218106409137644,0.001028,10.9874,6948,0.0125141298963455,TRUE,""
ENSG00000260698,RP11-439E19.9,fbg,null,-0.000674973013369465,0.984946467502462,0.001642,10.9874,1939,0.0107876382444038,TRUE,""
ENSG00000260711,RP11-747H7.3,t2d,grey,0.0398946620228773,0.157557737413096,6.653e-07,19.7084,3089,0.000480401831928047,TRUE,""
ENSG00000260711,RP11-747H7.3,fbg,grey,0.0116673068180113,0.332669938984237,7.169e-05,19.7084,1841,0.00562655522997071,TRUE,""
ENSG00000260766,RP11-226L15.5,t2d,null,0.0125034253495194,0.843299805752649,0.001063,20.1702,3299,0.00832812386026101,TRUE,""
ENSG00000260792,RP11-982M15.8,cad,null,-0.00218557990792809,0.984201338224471,0.0001436,9.556,3466,0.00461359568402264,TRUE,""
ENSG00000260793,RP5-882C2.2,t2d,grey,0.0920372910419048,0.13514487229351,2.278e-09,10.2325,97,1.8663954897711e-05,TRUE,""
ENSG00000260891,RP11-96D1.5,cad,grey,0.0644425381352488,0.421000034652457,0.0004551,10.6801,3316,0.00725823534275712,TRUE,""
ENSG00000260912,RP11-363E7.4,cad,null,0.0523490458075764,0.535884989067038,3.109e-05,7.2892,6615,0.0528446686828343,TRUE,""
ENSG00000260916,CCPG1,t2d,null,-0.0314304797314623,0.674665839676307,9.169e-08,19.037,4666,0.00409074790958156,TRUE,""
ENSG00000260917,RP11-57H14.4,fbg,null,-0.010652484327882,0.558301743578421,7.503e-10,16.7117,2108,5.34198935424043e-06,TRUE,""
ENSG00000260929,RP11-327F22.1,t2d,grey,-0.0507988039610383,0.372228032319485,0.002687,23.6606,2819,0.0094046878534015,TRUE,""
ENSG00000260940,RP4-575N6.5,fbg,grey,0.0180070462949779,0.410206998692259,0.0009393,11.174,2147,0.00560654973705991,TRUE,""
ENSG00000260948,RP11-552M11.8,cad,grey,-0.0136341359107244,0.36162097055701,0.000327,28.2902,4495,0.00380262331743339,TRUE,""
ENSG00000260966,RP11-690D19.3,t2d,null,-0.117207824620756,0.773439524705324,0.001701,4.8624,4815,0.00880532671021875,TRUE,""
ENSG00000260966,RP11-690D19.3,cad,null,0.126461073932921,0.672528448646327,1.115e-28,4.8624,6435,0.000140060220568458,TRUE,""
ENSG00000260997,RP4-647J21.1,fbg,grey,0.00765824758269149,0.340342684915724,3.509e-53,47.7656,1440,1.38609047285734e-48,TRUE,""
ENSG00000261015,RP1-90J20.11,fbg,grey,-0.0109838862448913,0.0870606034173403,0.0009779,52.2436,2316,0.00836763218444472,TRUE,""
ENSG00000261055,RP11-195M16.3,t2d,null,-0.0194929125818083,0.899481958176398,2.834e-06,6.1874,2172,0.00261157109051587,TRUE,""
ENSG00000261056,RP11-454F8.2,t2d,null,0.00672089638382942,0.796077407140949,1.59e-47,21.1815,3765,4.09708168095197e-44,TRUE,""
ENSG00000261098,RP11-819C21.1,t2d,grey,-0.0353380026252792,0.179669884269661,0.0001049,22.2497,4213,0.00841229254770291,TRUE,""
ENSG00000261098,RP11-819C21.1,fbg,null,-0.00400052859908821,0.698684565645401,0.0119,22.2497,1980,0.0040667503763158,TRUE,""
ENSG00000261114,RP11-325K4.2,cad,grey,0.0967214309902274,0.147539915532314,1.194e-09,6.4355,6358,2.14809958517387e-05,TRUE,""
ENSG00000261115,TMEM178B,cad,null,0.0449199206767051,0.583426134426407,6.531e-09,9.9186,3651,0.00235663249595527,TRUE,""
ENSG00000261118,RP11-104N10.1,t2d,grey,0.106848699707708,0.186505480715473,5.251e-06,7.4267,1821,0.00676455479396709,TRUE,""
ENSG00000261118,RP11-104N10.1,fbg,grey,0.0459349550145287,0.150575972824847,0.007567,7.4267,1085,0.0106613529440543,TRUE,""
ENSG00000261139,CTD-2517M14.5,cad,grey,-0.0396755017305062,0.21129954733371,0.01281,12.7804,744,0.00323777541834761,TRUE,""
ENSG00000261172,RP11-356C4.5,cad,grey,0.00747403037451413,0.491122490572394,6.449e-05,44.3942,2961,0.00252751581967986,TRUE,""
ENSG00000261183,RP11-532F12.5,cad,grey,-0.13492095603806,0.109598583399116,4.326e-07,5.5392,3716,0.000893181053781974,TRUE,""
ENSG00000261186,RP11-341N2.1,cad,null,-0.000691040911531118,0.948559264755632,0.02118,45.2196,165,0.00299596679039935,TRUE,""
ENSG00000261188,CTA-445C9.14,fbg,grey,0.0814414021844408,0.264446949800334,2.787e-05,14.1804,3074,0.0123103439062511,TRUE,""
ENSG00000261221,ZNF865,t2d,grey,-0.588062480823172,0.0560413079423145,0.001376,5.5673,1585,0.0285505939961161,TRUE,""
ENSG00000261229,RP11-38G5.4,cad,grey,0.110232499963612,0.292926133201847,2.846e-06,5.5088,5523,0.00274724683069779,TRUE,""
ENSG00000261269,RP11-389C8.2,cad,grey,-0.128989224193708,0.317310507862914,0.001017,6.744,3137,0.00615010143248886,TRUE,""
ENSG00000261270,RP11-325K4.3,cad,grey,0.107562039976085,0.147539915532314,1.194e-09,5.7869,6361,0.000264588910288042,TRUE,""
ENSG00000261280,CTD-3105H18.13,cad,null,0.0577081333577295,0.536808016981021,3.849e-05,4.7941,4319,0.0036582764007869,TRUE,""
ENSG00000261305,RP4-584D14.7,t2d,null,-0.0282758309638932,0.504985075093846,6.489e-05,30.6209,2499,0.00470199615543521,TRUE,""
ENSG00000261366,MANEA-AS1,t2d,null,0.019545635383892,0.817494086363381,0.0006822,9.5421,2781,0.00373465566066012,TRUE,""
ENSG00000261367,RP11-455F5.4,fbg,null,0.0126553318066906,0.764177155622095,0.007129,8.515,449,0.00621215043922694,TRUE,""
ENSG00000261408,TEN1-CDK3,fbg,grey,0.0408632356531283,0.0833256871946906,0.008484,27.4388,1290,0.0228684453865196,TRUE,""
ENSG00000261438,RP11-399O19.8,t2d,null,-0.00779758626633708,0.844405351239815,0.0002255,19.9765,602,0.000159176856457329,TRUE,""
ENSG00000261438,RP11-399O19.8,cad,null,0.00185656815865169,0.950164661941506,0.000142,19.9765,796,0.000255064356644151,TRUE,""
ENSG00000261442,RP11-709D24.6,t2d,null,-0.0397890980051851,0.600411028614905,2.214e-05,9.1482,2980,0.0167436447665752,TRUE,""
ENSG00000261448,CTD-2576D5.4,cad,null,0.0465033593649077,0.720594602249309,0.000495,7.5719,4173,0.00683697638080982,TRUE,""
ENSG00000261451,RP11-981G7.1,cad,grey,0.0568315650232409,0.309922523725974,4.62e-05,8.1002,7218,0.00339423947541037,TRUE,""
ENSG00000261468,RP11-1024P17.1,t2d,grey,0.0431022187294889,0.103842052898997,2.532e-05,22.5075,4019,0.0138029937769514,TRUE,""
ENSG00000261468,RP11-1024P17.1,cad,grey,-0.0280962610977409,0.135823601433694,0.0003844,22.5075,6024,0.00774296015329741,TRUE,""
ENSG00000261533,RP11-15N24.4,t2d,grey,0.127000808910343,0.204358769913803,0.001789,5.1348,2928,0.0078332610717291,TRUE,""
ENSG00000261533,RP11-15N24.4,fbg,null,-0.0218082197118771,0.583426134426407,0.0001092,5.1348,1828,0.00484214285022655,TRUE,""
ENSG00000261556,RP11-296I10.6,t2d,grey,-0.0367630174164031,0.222169623353446,3.882e-09,33.2173,1517,1.81813145072165e-05,TRUE,""
ENSG00000261582,RP4-614O4.11,t2d,grey,-0.0656394697893612,0.289144599327819,1.512e-08,11.6047,529,0.0112711960971939,TRUE,""
ENSG00000261589,CTC-462L7.1,t2d,null,0.0124767904724527,0.524539436435313,5.242e-05,33.2894,99,2.71508387600471e-05,TRUE,""
ENSG00000261589,CTC-462L7.1,cad,null,-0.00534719591676543,0.703238583398932,2.468e-06,33.2894,145,0.000104632115207065,TRUE,""
ENSG00000261609,MIR4720,cad,null,0.00967762507526477,0.892142865338207,9.363e-13,13.1367,8804,4.32719249625076e-09,TRUE,""
ENSG00000261613,RP11-20I23.13,t2d,null,0.00370284882401212,0.738882680363527,0.0001897,60.1154,1756,0.00478379816739282,TRUE,""
ENSG00000261644,RP11-327F22.2,t2d,grey,-0.0225595594606062,0.420707273733805,0.002687,20.3855,2817,0.00494835964308048,TRUE,""
ENSG00000261652,FLJ27352,t2d,null,-0.0270010473030908,0.547540787244958,9.169e-08,22.9931,4588,0.00787995047788782,TRUE,""
ENSG00000261656,CTD-2258A20.5,t2d,grey,0.0827215865859452,0.377836423078147,0.0002947,19.1361,2978,0.0159265796737837,TRUE,""
ENSG00000261656,CTD-2258A20.5,cad,grey,0.0963854200845165,0.0758136822011994,0.0007039,19.1361,4368,0.0314393067652008,TRUE,""
ENSG00000261662,RP5-1042I8.7,cad,null,0.0530188175685604,0.644990187342201,0.001545,10.0249,1210,0.0100473028647989,TRUE,""
ENSG00000261707,RP11-264M12.2,t2d,null,-0.0270240219938543,0.575804286510009,4.286e-05,21.5295,7891,0.00650345099383035,TRUE,""
ENSG00000261731,CTD-2358C21.4,cad,null,0.00251720010833299,0.767931264799907,0.0001226,51.049,1746,0.00287722938526953,TRUE,""
ENSG00000261731,CTD-2358C21.4,fbg,null,-0.00251720010833299,0.585440934568927,0.01483,51.049,459,0.00489554084567272,TRUE,""
ENSG00000261783,RP11-252K23.2,fbg,null,0.00235055900731816,0.707660466654553,0.001168,33.6283,1632,0.00429615705488133,TRUE,""
ENSG00000261801,LOXL1-AS1,cad,grey,0.0231906898908129,0.120728244530823,7.557e-07,28.7682,3650,0.00190439239358941,TRUE,""
ENSG00000261864,RP11-67A1.2,t2d,grey,0.0561922212733389,0.413811684987041,0.0008984,10.9861,2197,0.00597720330526214,TRUE,""
ENSG00000261879,RP11-333E1.1,fbg,grey,0.0309240001224521,0.239406878796789,0.000921,19.3307,1903,0.00764880677890071,TRUE,""
ENSG00000261879,RP11-333E1.1,t2d,null,-0.00309240001224521,0.963328572698744,2.989e-12,19.3307,2980,6.76921576585024e-07,TRUE,""
ENSG00000261996,CTC-281F24.1,fbg,grey,-0.0331173913363109,0.143867728481615,0.001191,57.4746,1930,0.00580442032914621,TRUE,""
ENSG00000261997,RP11-212I21.4,t2d,grey,-0.058453704484194,0.459370145141326,9.445e-05,16.2427,4190,0.0108737245209219,TRUE,""
ENSG00000262061,RP11-1260E13.4,cad,grey,-0.0391228904104212,0.054777749468111,4.375e-05,20.8163,3237,0.017036480146307,TRUE,""
ENSG00000262098,CTD-2561B21.10,cad,grey,-0.0357858202867881,0.17402778894999,3.156e-05,15.0475,,,FALSE,对齐后仅 0 变异(<10)
ENSG00000262152,LINC00514,cad,grey,0.0362896807656748,0.362586419348596,0.001299,10.4027,3881,0.00478969831827958,TRUE,""
ENSG00000262194,CTD-3195I5.5,fbg,null,-0.00284682572365185,0.971510179466646,0.0002989,5.2111,1752,0.00626696481635179,TRUE,""
ENSG00000262227,RP5-1050D4.5,cad,null,0.00739424570591004,0.895317338291782,8.33e-05,9.7185,5971,0.00368655255935631,TRUE,""
ENSG00000262319,CTC-457L16.2,fbg,null,0.000600771683094198,0.94021471189421,0.0008559,35.2852,820,0.00481481172955353,TRUE,""
ENSG00000262339,RP11-1197K16.2,cad,null,0.00135391877077784,0.976536189986223,0.0001367,9.0411,,,FALSE,对齐后仅 0 变异(<10)
ENSG00000262410,RP11-388C12.8,fbg,grey,0.0293166071080851,0.235030456586428,0.0006282,8.0228,735,0.00917266853542269,TRUE,""
ENSG00000262410,RP11-388C12.8,t2d,null,-0.0324025657510415,0.599583190937392,1.536e-05,8.0228,,,FALSE,对齐后仅 0 变异(<10)
ENSG00000262484,CTC-360G5.1,t2d,grey,-0.16813911007072,0.0540009106662555,0.0003942,15.4205,2618,0.0234630822596256,TRUE,""
ENSG00000262692,CTD-3195I5.3,cad,grey,-0.060898633102512,0.218881326542939,1.554e-09,8.4035,5722,0.00614547007637521,TRUE,""
ENSG00000262700,RP11-266L9.3,t2d,grey,0.246870379890109,0.148613996455212,6.877e-05,6.8391,3828,0.0113421119445563,TRUE,""
ENSG00000262745,CTD-2377D24.8,t2d,null,0.0509545417363329,0.686682419422255,0.001552,6.2805,142,0.000232575171375431,TRUE,""
ENSG00000262766,RP11-196G11.4,t2d,grey,0.0517832837535989,0.463355149269597,1.523e-05,7.8776,1145,0.0295972403185613,TRUE,""
ENSG00000262820,RP11-615I2.7,fbg,null,-0.0108079682373708,0.685179538328076,5.479e-06,8.5902,920,0.00364355847099074,TRUE,""
ENSG00000263002,ZNF234,cad,grey,-0.0437815311921093,0.0786419564195394,2.135e-35,41.3891,4286,7.90096194443347e-31,TRUE,""
ENSG00000263004,RP11-166P13.3,t2d,grey,0.0729105444717319,0.136882803217508,0.001103,21.4432,139,2.35826360600084e-05,TRUE,""
ENSG00000263033,RP11-396B14.2,fbg,grey,-0.0425886091921233,0.233461530493144,0.0002398,8.487,1946,0.0113538450249065,TRUE,""
ENSG00000263120,RP5-1107A17.4,fbg,null,-0.00751603994599934,0.846529514964004,0.0004926,5.1544,1964,0.00493153647893602,TRUE,""
ENSG00000263235,RP11-461A8.4,cad,grey,0.0297355411280976,0.133614402537716,0.0004398,33.689,5166,0.00898207353689652,TRUE,""
ENSG00000263326,RP11-266L9.6,cad,null,0.0201685434358438,0.639248343034235,0.0001226,10.1497,6091,0.00294211535879274,TRUE,""
ENSG00000263327,TAPT1-AS1,t2d,null,-0.0133013702032121,0.662911145572604,0.001542,37.958,4066,0.00431582844369614,TRUE,""
ENSG00000263391,AL512428.1,fbg,grey,0.0098439241909313,0.163335906964226,4.732e-05,34.6554,2764,0.00847285865173503,TRUE,""
ENSG00000263412,RP5-890E16.2,t2d,grey,0.145236039185512,0.331069146588288,0.002056,9.2941,137,3.36012018656587e-05,TRUE,""
ENSG00000263412,RP5-890E16.2,cad,grey,-0.106134028635567,0.323636271985197,8.199e-10,9.2941,195,0.000380018992400373,TRUE,""
ENSG00000263568,MIR3916,t2d,null,-0.0201265012527514,0.699227377203947,0.005598,11.6428,3896,0.00454177114389077,TRUE,""
ENSG00000263787,RP11-456D7.1,cad,grey,-0.204295639380623,0.0777244126657601,8.199e-10,4.7566,260,0.00132126095886848,TRUE,""
ENSG00000263818,CTD-2206N4.4,t2d,null,0.0264571339955169,0.662269737666591,8.979e-22,8.8899,17,4.13657055399238e-06,TRUE,""
ENSG00000263823,RP11-326K13.4,t2d,grey,0.133992686759303,0.353353326605505,0.000337,7.8601,,,FALSE,对齐后仅 0 变异(<10)
ENSG00000263843,RP11-649A18.12,t2d,grey,0.0664106150371462,0.215980130951564,0.000984,19.8786,,,FALSE,对齐后仅 0 变异(<10)
ENSG00000264043,RP11-423G4.9,cad,grey,0.149343568348271,0.0779848563822661,3.311e-06,6.9955,4714,0.252399981757426,TRUE,""
ENSG00000264109,MIR4712,cad,grey,-0.00788952505531466,0.448079492505683,0.0002666,54.4113,4705,0.00267765444076951,TRUE,""
ENSG00000264109,MIR4712,t2d,null,-0.00663437334196915,0.639531150082198,3.891e-07,54.4113,3359,0.00168214917726124,TRUE,""
ENSG00000264133,AC006953.1,fbg,grey,-0.0495013909226282,0.177015982874804,0.0003202,6.752,1436,0.0115323111714529,TRUE,""
ENSG00000264133,AC006953.1,t2d,null,0.0568349303185731,0.535257786937966,0.0009212,6.752,2280,0.00588618454098524,TRUE,""
ENSG00000264364,RP11-159D12.9,t2d,grey,0.0605029139861939,0.377585975474249,4.275e-05,11.2675,147,2.91900950981999e-05,TRUE,""
ENSG00000264442,Metazoa_SRP,t2d,null,-0.0918034764734923,0.708179885309606,2.877e-05,4.664,2630,0.00847196718748208,TRUE,""
ENSG00000264469,RP11-173M1.8,cad,grey,-0.0857458577914262,0.114001612943511,,23.7892,,,FALSE,GWAS 区域无数据
ENSG00000264546,RP11-464D20.6,t2d,grey,-0.0253328766776013,0.299929136337537,0.01163,20.7678,145,7.28058029424837e-05,TRUE,""
ENSG00000264553,MIR4257,cad,null,0.0287606440881479,0.8343772713561,1.286e-09,8.056,2893,7.26515134384488e-05,TRUE,""
ENSG00000264695,RP11-178F10.2,cad,grey,-0.202163068401566,0.0814080099163079,1.488e-07,6.4576,,,FALSE,对齐后仅 0 变异(<10)
ENSG00000264772,RP11-186B7.4,t2d,grey,-0.1649112756115,0.430176950358667,0.0007091,5.4705,2186,0.00726350810343229,TRUE,""
ENSG00000264809,AL513344.1,cad,grey,0.0292443570797138,0.43881634294658,1.294e-05,10.1591,5261,0.0022093098026821,TRUE,""
ENSG00000264868,CTB-167B5.2,fbg,grey,-0.00674654618569773,0.317310507862914,0.007847,45.3185,1819,0.00670170609280639,TRUE,""
ENSG00000264885,RP11-815I9.4,fbg,grey,0.0203144921186042,0.345753978677278,0.0008559,11.6735,757,0.00653455791965152,TRUE,""
ENSG00000264968,RP11-387H17.4,t2d,null,-0.0132417792425632,0.825264343778052,8.979e-22,8.7601,204,0.000783997188540178,TRUE,""
ENSG00000265148,BZRAP1-AS1,t2d,grey,-0.0282456318651808,0.478136885574884,4.275e-05,19.2328,152,0.000149760873633417,TRUE,""
ENSG00000265148,BZRAP1-AS1,cad,null,-0.0106499923426092,0.71066155832599,0.001139,19.2328,238,0.000130358095651589,TRUE,""
ENSG00000265298,RP13-104F24.3,fbg,grey,-0.0506655274352776,0.360566735097472,0.0101,5.5634,1263,0.00682187698161629,TRUE,""
ENSG00000265399,RP13-270P17.2,t2d,grey,-0.0351861688003935,0.200545135908884,0.001402,26.9835,3593,0.0106372998483645,TRUE,""
ENSG00000265399,RP13-270P17.2,cad,null,0.00329870332503689,0.861933801629757,1.512e-06,26.9835,6696,0.00207007070865099,TRUE,""
ENSG00000265399,RP13-270P17.2,fbg,null,-0.00137445971876537,0.909526060036958,0.002542,26.9835,2142,0.00511492259872673,TRUE,""
ENSG00000265452,MIR3682,t2d,grey,0.190353123734683,0.137026294519442,0.0001901,5.9174,4492,0.0151007664528292,TRUE,""
ENSG00000265458,RP13-20L14.6,fbg,grey,0.0208802435036792,0.159649901642811,0.0006282,15.983,875,0.01052111341329,TRUE,""
ENSG00000265488,AL359314.1,t2d,null,-0.00321702051088041,0.936867244508368,3.419e-12,15.3919,,,FALSE,对齐后仅 0 变异(<10)
ENSG00000265625,RP11-68I3.11,cad,grey,-0.0608518390312719,0.428555063350619,4.55e-06,6.9455,383,0.00816893610963055,TRUE,""
ENSG00000265666,CTD-2267D19.2,fbg,grey,0.0156098320636216,0.410206998692259,0.0007864,12.89,1155,0.00552123761874473,TRUE,""
ENSG00000265666,CTD-2267D19.2,t2d,null,-0.0178398080727104,0.685430988789488,8.979e-22,12.89,201,0.051073689194027,TRUE,""
ENSG00000265666,CTD-2267D19.2,cad,null,-0.00334496401363321,0.917607199040523,5.366e-06,12.89,279,0.00560328247712572,TRUE,""
ENSG00000265728,RP11-883A18.3,fbg,grey,-0.0353780325383316,0.342112252616964,0.0001615,19.2967,2433,0.0133091365202426,TRUE,""
ENSG00000265907,RP11-737O24.2,t2d,grey,0.0980381259028042,0.465899718527069,0.001402,4.883,3586,0.00486636475523952,TRUE,""
ENSG00000265992,ESRG,fbg,grey,-0.00768693438499969,0.113345509219526,0.00295,59.5263,2111,0.0149628242562295,TRUE,""
ENSG00000265996,MIR3671,t2d,grey,0.151689792414069,0.203513521294854,6.719e-07,5.2959,2886,0.0015204201621463,TRUE,""
ENSG00000266239,MIR3605,fbg,grey,-0.0656782149548783,0.0754403596268004,0.00205,6.6634,1634,0.0287877911711821,TRUE,""
ENSG00000266256,LINC00683,cad,grey,0.021014178023047,0.176734775189797,5.179e-05,25.0589,,,FALSE,对齐后仅 0 变异(<10)
ENSG00000266289,RP11-1C8.6,cad,grey,0.0515076886283843,0.149867399068654,3.078e-07,12.978,3133,0.00289370210870251,TRUE,""
ENSG00000266401,RP11-874J12.4,fbg,null,0.00385499327713216,0.775096962195985,6.707e-05,19.2414,2161,0.00420138035616735,TRUE,""
ENSG00000266405,CBX3P2,fbg,grey,-0.0187438007857002,0.467058901715173,0.0004118,9.4976,2233,0.00539845420083759,TRUE,""
ENSG00000266490,CTD-2349P21.9,fbg,null,-0.00506979029726505,0.830324257655795,0.006224,13.163,1057,0.0059981967946014,TRUE,""
ENSG00000266541,RP11-881L2.1,cad,null,0.025919480941708,0.518822668670191,0.0002073,9.5519,6915,0.0033219041746908,TRUE,""
ENSG00000266631,AC006116.1,t2d,null,-0.0160960706204613,0.829619285835578,0.0006306,6.5371,2140,0.00391649306467014,TRUE,""
ENSG00000266677,RP11-258F1.1,fbg,grey,0.0727033870785861,0.326706554868585,0.0004783,4.7963,980,0.00736029057990627,TRUE,""
ENSG00000266718,RP11-466A19.1,t2d,null,0.00824589157546024,0.889755289255431,0.0001586,12.5879,612,0.00200389630987941,TRUE,""
ENSG00000266865,RP11-848P1.9,fbg,grey,0.125432056445047,0.455264795481192,0.006224,5.5294,1085,0.0115371668940481,TRUE,""
ENSG00000266896,RP1-266L20.9,cad,null,-0.0104578541115795,0.827903407296463,0.0005413,10.6392,4326,0.00405743122612291,TRUE,""
ENSG00000266913,CTC-548K16.2,cad,null,-0.00466088816272691,0.921324515448123,0.0003252,12.7223,5291,0.00369057212368617,TRUE,""
ENSG00000266934,RP11-332H18.3,fbg,null,0.060513131412294,0.521008864971642,0.01148,4.8487,835,0.00964766551039506,TRUE,""
ENSG00000266993,RP4-657D16.3,fbg,null,0.00601013666916167,0.777904188455671,0.001522,13.5759,794,0.00490516807324494,TRUE,""
ENSG00000266999,AC015849.16,fbg,grey,0.0224605804638006,0.470952440870632,0.001691,9.0915,1243,0.00719648957442686,TRUE,""
ENSG00000267009,RP11-120M18.2,fbg,grey,-0.0968106990490146,0.176582909707466,0.003843,4.5995,1532,0.00810762467103723,TRUE,""
ENSG00000267058,RP11-15A1.3,cad,grey,-0.0209891689170327,0.486160475240443,2.135e-35,13.7813,4372,7.49166842190921e-19,TRUE,""
ENSG00000267078,RP11-666A8.9,cad,null,-0.0182030420149118,0.611830211094122,5.543e-05,13.0694,,,FALSE,对齐后仅 0 变异(<10)
ENSG00000267102,RP11-686D22.7,cad,grey,0.0353619352681716,0.45484120188411,0.0002372,14.8876,1157,0.000736326292676221,TRUE,""
ENSG00000267117,AC010525.4,cad,grey,-0.0736454948222832,0.35344495638198,4.205e-06,9.0304,5004,0.00638684274669501,TRUE,""
ENSG00000267127,RP11-795F19.5,t2d,grey,0.0354951846268757,0.25991913524701,2.137e-06,16.5164,,,FALSE,对齐后仅 0 变异(<10)
ENSG00000267149,CTC-550B14.6,cad,grey,0.0140268717110652,0.266520525805011,4.205e-06,39.0405,4867,0.00416891538151185,TRUE,""
ENSG00000267169,CTB-55O6.12,cad,grey,-0.0367379996357961,0.162833658051066,0.0003252,25.6418,5657,0.00991251332409297,TRUE,""
ENSG00000267169,CTB-55O6.12,fbg,null,-0.00491768499061838,0.743726066434849,0.0004275,25.6418,1233,0.00828878222285749,TRUE,""
ENSG00000267194,RP1-193H18.2,cad,grey,0.117896426736624,0.0955807045456294,6.605e-07,5.977,,,FALSE,对齐后仅 0 变异(<10)
ENSG00000267216,AC010642.1,fbg,grey,0.027702328854322,0.467645201991877,0.001716,22.1818,898,0.0130939648619565,TRUE,""
ENSG00000267221,CTD-2132N18.2,cad,grey,-0.0995966483898199,0.257811495146286,9.79e-06,5.6872,635,0.000879253032882924,TRUE,""
ENSG00000267248,CTD-2319I12.4,t2d,null,-0.120709308245976,0.638571533177075,2.464e-08,5.5365,64,0.00865219753506555,TRUE,""
ENSG00000267249,RP11-973H7.3,cad,null,-0.0177761064505874,0.666443297771752,0.000212,10.1064,5895,0.00360542350741267,TRUE,""
ENSG00000267260,CTD-2162K18.4,fbg,grey,0.0415065455339742,0.203114836343132,0.007285,13.1635,994,0.00942560718149418,TRUE,""
ENSG00000267278,MAP3K14-AS1,fbg,null,0.0320189987355589,0.702199590874297,0.002502,5.7699,632,0.00449860608082551,TRUE,""
ENSG00000267283,AC005306.3,cad,null,-0.00864939777681885,0.720984861901671,6.73e-06,23.4499,5505,0.00250202272554369,TRUE,""
ENSG00000267288,RP13-890H12.2,fbg,grey,0.0275364974598881,0.21614570699231,0.002502,12.6501,663,0.0100324612534487,TRUE,""
ENSG00000267336,RP11-773H22.2,cad,null,-0.0119585926283895,0.75831647352629,0.0003551,12.0183,5989,0.00288873678632037,TRUE,""
ENSG00000267342,RP11-552F3.10,fbg,grey,0.0210544596921337,0.237277851868278,0.008484,13.0836,1199,0.00782892455214972,TRUE,""
ENSG00000267383,CTC-260E6.6,cad,null,-0.00810091911547348,0.938090635756536,2.168e-06,6.1124,5948,0.00305715208903543,TRUE,""
ENSG00000267390,RP11-635N19.1,cad,grey,-0.0562932535422068,0.141219635629635,2.018e-08,16.3398,,,FALSE,对齐后仅 0 变异(<10)
ENSG00000267397,RP11-873E20.1,t2d,null,-0.0430403173723734,0.657738267426799,0.002105,7.9564,,,FALSE,对齐后仅 0 变异(<10)
ENSG00000267397,RP11-873E20.1,fbg,null,0.00122972335349638,0.974266251454282,0.002015,7.9564,1887,0.00381890351540739,TRUE,""
ENSG00000267414,RP11-456K23.1,t2d,grey,0.327797086166521,0.0850292707808799,0.0001169,5.6088,,,FALSE,对齐后仅 0 变异(<10)
ENSG00000267416,CTD-2319I12.2,fbg,grey,0.0845200568096366,0.184221436110931,0.01847,6.8299,633,0.0101727556245326,TRUE,""
ENSG00000267440,CTC-501O10.1,t2d,null,-0.0197960837777088,0.78331623830721,2.278e-09,7.0471,127,0.0318157566990951,TRUE,""
ENSG00000267452,RP11-1018N14.5,t2d,grey,-0.0133671823514434,0.361441716755435,1.517e-13,55.7585,94,4.03782487237192e-05,TRUE,""
ENSG00000267470,CTD-3064H18.6,t2d,null,-0.00939118617383231,0.849721578471507,0.0003942,13.6597,2293,0.00465283616465447,TRUE,""
ENSG00000267472,LOC440461,t2d,null,0.00420947731823726,0.958748503692605,0.000236,17.1323,,,FALSE,对齐后仅 0 变异(<10)
ENSG00000267480,RP11-703I16.1,t2d,null,-0.00401071577387147,0.86605252103331,0.002286,24.6678,3969,0.00392365300543199,TRUE,""
ENSG00000267480,RP11-703I16.1,cad,null,-0.00830791124587661,0.623054874994852,0.000212,24.6678,6078,0.00293800320784781,TRUE,""
ENSG00000267491,CTD-2373H9.5,t2d,grey,0.111120035769192,0.197920069602177,0.002943,5.9828,,,FALSE,对齐后仅 0 变异(<10)
ENSG00000267520,RP11-373L24.1,t2d,null,-0.0128051840358011,0.779477504888406,2.29e-15,10.8026,2767,1.85556079909308e-11,TRUE,""
ENSG00000267543,RP11-666A8.7,t2d,null,0.00050652530618043,0.991601370249079,0.0005387,12.7472,,,FALSE,对齐后仅 0 变异(<10)
ENSG00000267546,RP11-666A8.8,fbg,grey,0.0130415670677317,0.453254704753736,0.000889,13.6416,1577,0.00493450978911446,TRUE,""
ENSG00000267546,RP11-666A8.8,cad,null,-0.0195623506015975,0.534803837189754,5.543e-05,13.6416,,,FALSE,对齐后仅 0 变异(<10)
ENSG00000267547,RP11-686D22.4,cad,grey,0.0167592835858883,0.45484120188411,0.0002372,31.4127,1153,0.000678925327162465,TRUE,""
ENSG00000267657,CTB-186H2.2,t2d,grey,0.196837185117707,0.233584314508803,0.0004728,5.2195,363,0.000255981989847431,TRUE,""
ENSG00000267702,RP11-53B2.2,t2d,grey,0.0166766767923994,0.249362688464467,0.00468,42.9726,3442,0.0123957342691842,TRUE,""
ENSG00000267702,RP11-53B2.2,cad,null,0.00458150461329655,0.666443297771752,0.0004757,42.9726,5622,0.00312089545183031,TRUE,""
ENSG00000267744,RP11-799D4.1,fbg,grey,-0.0164398045695515,0.458126425559177,0.001691,9.4163,1950,0.0055980435891254,TRUE,""
ENSG00000267744,RP11-799D4.1,cad,null,0.00714774111719628,0.858274230547457,0.0002372,9.4163,1183,0.000648594405598311,TRUE,""
ENSG00000267758,RP11-358B23.5,t2d,grey,-0.0765364394213942,0.258724172217753,6.228e-06,7.7615,125,0.000133598192663945,TRUE,""
ENSG00000267855,NDUFA7,cad,null,0.00848191096178628,0.823003032839829,3.573e-10,28.2509,6125,1.38614219065788e-06,TRUE,""
ENSG00000267861,AC018755.15,fbg,grey,0.0300678243622037,0.317310507862914,0.001116,9.6393,2103,0.0082632596040816,TRUE,""
ENSG00000267861,AC018755.15,t2d,null,0.034167982229777,0.633938683881346,0.0001214,9.6393,2850,0.00536483770989158,TRUE,""
ENSG00000267892,CTD-2540F13.2,fbg,grey,0.0185875401385825,0.276491247419954,0.003209,14.7612,1283,0.00736335793471988,TRUE,""
ENSG00000267895,SIGLEC19P,fbg,grey,-0.0502378938566194,0.217740662761456,0.001116,6.9884,1909,0.0104806321796631,TRUE,""
ENSG00000267938,AC007292.1,cad,grey,-0.0656615551570786,0.341695924523077,5.626e-06,5.4673,5475,0.00318010121160132,TRUE,""
ENSG00000267940,RP11-290F24.6,t2d,grey,-0.095935921252466,0.251081168760486,0.001326,10.9079,5657,0.00787309292460934,TRUE,""
ENSG00000267959,MIR3188,cad,grey,0.107877826711665,0.354771848484809,1.438e-13,5.6232,5183,2.44936911905848e-05,TRUE,""
ENSG00000267980,AC007292.6,cad,null,-0.021601327468962,0.654325552504765,5.626e-06,18.2452,5567,0.00232000514482846,TRUE,""
ENSG00000267986,AC130469.2,cad,grey,0.0424490100887196,0.358719278473672,3.573e-10,8.2272,5838,2.06779919823994e-06,TRUE,""
ENSG00000268049,CTD-2619J13.9,cad,grey,0.0965472044197722,0.210533121542801,0.0005571,11.4474,1772,0.0110263134527022,TRUE,""
ENSG00000268049,CTD-2619J13.9,fbg,null,0.0006479678148978,0.990149823544462,0.001716,11.4474,817,0.0103158369857147,TRUE,""
ENSG00000268069,AC004466.1,fbg,grey,0.0510373296798816,0.350647889704459,0.0001674,6.1041,1936,0.00833172174722326,TRUE,""
ENSG00000268119,CTD-2561J22.5,cad,grey,-0.0168517866217722,0.137985870280455,3.973e-05,39.6004,6146,0.00580889042002178,TRUE,""
ENSG00000268164,CTD-2337J16.1,cad,grey,0.0176049202668814,0.443279727088509,1.291e-05,16.1726,4582,0.00367123000743447,TRUE,""
ENSG00000268225,CTD-2331H12.5,fbg,grey,-0.0217442153798301,0.251357310325028,0.001442,12.514,1949,0.00731118129397511,TRUE,""
ENSG00000268262,CTC-246B18.8,cad,grey,0.267246067721571,0.416504786576218,0.0007574,5.0515,4125,0.0119269614315156,TRUE,""
ENSG00000268328,AC019206.1,t2d,grey,-0.104287845597123,0.332197561388374,0.0004902,5.8372,3059,0.00679602460533628,TRUE,""
ENSG00000268336,SIGLEC20P,cad,grey,-0.272239688841235,0.317310507862914,0.0008115,4.8833,5304,0.0110849577191859,TRUE,""
ENSG00000268339,AC008537.1,fbg,grey,0.0178301742354429,0.363302140886898,0.0004863,10.4141,1171,0.00589026173081136,TRUE,""
ENSG00000268362,CTD-2017D11.1,t2d,null,-0.0107608253012004,0.514604147356256,0.009144,70.6962,2085,0.00746576888023776,TRUE,""
ENSG00000268402,AL031320.1,fbg,grey,-0.0390885579923258,0.276491247419954,0.002826,6.4589,1930,0.00747166434822047,TRUE,""
ENSG00000268404,AL138781.1,cad,grey,0.0998085765403458,0.425523631521579,0.0009671,5.5537,,,FALSE,对齐后仅 0 变异(<10)
ENSG00000268510,IFNL3P1,t2d,null,0.0147269817572753,0.68370878740079,0.0003116,16.1025,2495,0.00415295943724962,TRUE,""
ENSG00000268516,CTD-3138B18.5,cad,grey,0.0185329053664984,0.342543034520399,0.0005571,22.4051,1999,0.00449873053601805,TRUE,""
ENSG00000268535,RP11-420K14.3,t2d,grey,-0.0194084547277077,0.157175791714437,0.001229,42.9319,4440,0.00490533615157129,TRUE,""
ENSG00000268555,RP11-678G14.3,fbg,grey,0.00751500268545012,0.259233298673899,0.001598,70.6212,1473,0.0075014524719505,TRUE,""
ENSG00000268555,RP11-678G14.3,cad,null,-0.00307431928041141,0.781839172455913,3.973e-05,70.6212,6046,0.00581643303128148,TRUE,""
ENSG00000268573,RP11-158H5.7,cad,grey,0.137833668496643,0.183552240580893,2.591e-05,14.0371,,,FALSE,对齐后仅 0 变异(<10)
ENSG00000268583,CTC-453G23.8,t2d,grey,0.0766141342303232,0.396381576737308,0.001144,5.4128,1824,0.00573115704519745,TRUE,""
ENSG00000268583,CTC-453G23.8,cad,null,0.0308743526002795,0.635725114509718,9.641e-06,5.4128,4695,0.00259046730434942,TRUE,""
ENSG00000268593,CTD-2611O12.6,t2d,grey,-0.05959976948037,0.223654644270267,0.001376,10.9419,1656,0.00822032306853168,TRUE,""
ENSG00000268613,CTD-2620I22.7,fbg,null,0.0261771991636122,0.742817152223402,0.001442,5.3485,1805,0.00575116088057933,TRUE,""
ENSG00000268688,AC007382.1,cad,grey,-0.130333955901218,0.0514905811821035,1.83e-05,6.1201,5758,0.00784519713083863,TRUE,""
ENSG00000268707,RP11-247A12.7,cad,null,-0.0219206040124422,0.590258451314772,0.0003634,36.5238,,,FALSE,对齐后仅 0 变异(<10)
ENSG00000268751,SCGB1B2P,t2d,null,-0.0802813481598159,0.807157641249991,1.012e-05,5.6839,2425,0.00621536666393316,TRUE,""
ENSG00000268751,SCGB1B2P,cad,null,-0.124306603602296,0.593802857207703,0.0004679,5.6839,4482,0.00527539614248652,TRUE,""
ENSG00000268849,SIGLEC22P,cad,null,0.0137789701857001,0.570940671802888,0.0008115,17.7319,5365,0.0033208278554847,TRUE,""
ENSG00000268895,A1BG-AS1,t2d,null,-0.0677836767739289,0.582137935003883,0.05163,20.067,1056,0.0106428785719246,TRUE,""
ENSG00000268913,AC026806.2,t2d,grey,0.0962552388881668,0.332197561388374,0.0003942,7.3378,2674,0.00689690217396032,TRUE,""
ENSG00000268970,CTD-3099C6.11,fbg,grey,-0.0254658408785108,0.206532441214479,0.002248,13.3201,2085,0.00954933658403416,TRUE,""
ENSG00000268995,VN1R82P,t2d,grey,0.121638614606172,0.243345009148763,0.001229,5.9728,4619,0.00852819674880317,TRUE,""
ENSG00000268995,VN1R82P,fbg,grey,0.0459247830655956,0.247578913503389,0.001598,5.9728,1362,0.00817099152425265,TRUE,""
ENSG00000269054,CTD-2619J13.3,cad,grey,0.119103900862597,0.131141593410698,0.0005571,8.1578,1756,0.016270033510358,TRUE,""
ENSG00000269069,CTC-471F3.5,cad,grey,0.525338404239696,0.232976200947823,2.362e-17,4.9667,4065,0.0313531671013174,TRUE,""
ENSG00000269086,CTC-523E23.5,fbg,grey,0.0386002669029979,0.41325337549364,0.008024,10.2923,1483,0.00921838269033758,TRUE,""
ENSG00000269271,CTB-83J4.2,cad,grey,-0.0236257976630098,0.21548019506137,4.205e-06,34.2216,4658,0.00722640475336601,TRUE,""
ENSG00000269271,CTB-83J4.2,t2d,null,0.000650251311825959,0.981446217528624,0.001376,34.2216,645,0.00631547207088953,TRUE,""
ENSG00000269271,CTB-83J4.2,fbg,null,-0.00021675043727532,0.984657011841237,0.001442,34.2216,1341,0.00565966904377205,TRUE,""
ENSG00000269343,ZNF587B,cad,null,0.00233405460777657,0.876685395448225,0.0005571,35.0616,3161,0.00276839113171849,TRUE,""
ENSG00000269399,CTD-3222D19.7,cad,null,0.0122189005870106,0.892142865338207,1.093e-07,4.856,6166,0.0123928891269522,TRUE,""
ENSG00000269399,CTD-3222D19.7,fbg,null,0.00610945029350532,0.900523550339774,0.002338,4.856,1575,0.00405194362136925,TRUE,""
ENSG00000269473,CTD-2619J13.19,t2d,null,-0.0191425299137517,0.657738267426799,0.05163,12.0438,933,0.00430492998272524,TRUE,""
ENSG00000269514,DKFZP779L1853,cad,null,-0.00995582068434137,0.876685395448225,4.614e-05,13.5584,4167,0.00133102829194557,TRUE,""
ENSG00000269553,U62631.5,fbg,grey,-0.092805632473704,0.114813225892495,0.007285,6.5539,1313,0.0206979842617615,TRUE,""
ENSG00000269560,CTD-2192J16.21,cad,null,-0.00564253076960564,0.605388868880522,3.849e-05,36.1895,4455,0.00299476266612414,TRUE,""
ENSG00000269680,CTD-3128G10.6,fbg,grey,0.0594955821043688,0.206983058311127,0.0002912,6.2045,1348,0.0102285447226065,TRUE,""
ENSG00000269693,CTD-2192J16.20,t2d,null,0.071473102530771,0.567709166197353,5.394e-06,10.6479,2261,0.00156246702768115,TRUE,""
ENSG00000269696,AC007228.11,t2d,null,0.00055535439981903,0.982071518823186,0.0006306,26.7007,2080,0.00428455421925146,TRUE,""
ENSG00000269728,RP11-145M9.4,t2d,null,-0.0623829642143163,0.617075077451974,0.0006439,6.8141,3120,0.00582674924361177,TRUE,""
ENSG00000269772,RP11-178G16.5,fbg,null,0.00328558945971876,0.897332123936804,0.00196,9.0304,1054,0.00383552277825525,TRUE,""
ENSG00000269825,CTD-3099C6.9,fbg,null,-0.00181145382089605,0.945640900275557,0.001643,11.9011,2106,0.00725665960857413,TRUE,""
ENSG00000269834,CTD-3018O17.3,fbg,null,0.0014442022927362,0.890829316006346,0.002248,35.9526,2113,0.0059016363793629,TRUE,""
ENSG00000269837,RP11-15H20.5,t2d,null,-0.00403120644504096,0.854085592695337,0.007233,29.4298,3983,0.00421013355322898,TRUE,""
ENSG00000269867,CTD-2583A14.8,cad,null,-0.00474949412632134,0.668235141795249,0.0005571,36.7012,3075,0.00321013463614662,TRUE,""
ENSG00000269892,RP4-761J14.10,cad,grey,-0.0125624348586408,0.448079492505683,6.152e-10,25.98,4763,9.0291330420328e-07,TRUE,""
ENSG00000269896,RP4-740C4.6,fbg,null,0.00525369490414699,0.754660563059686,0.002196,21.8272,993,0.00391320541898209,TRUE,""
ENSG00000269903,RP11-571M6.18,t2d,null,-0.0267214591770928,0.533037056014238,0.001463,12.6942,2336,0.00571590291172249,TRUE,""
ENSG00000269925,RP3-467L1.6,t2d,null,-0.0145205945339688,0.829619285835578,0.001508,8.6841,3039,0.0038688466495512,TRUE,""
ENSG00000269940,RP11-73M18.7,t2d,grey,-0.0376074210232648,0.295072448864971,4.889e-06,17.3986,2355,0.00198761115013339,TRUE,""
ENSG00000269947,RP11-849F2.9,t2d,grey,0.136687639349165,0.0543654840103769,8.727e-05,8.5298,2631,0.0089383668450583,TRUE,""
ENSG00000269949,RP11-738E22.3,t2d,null,0.000574620847405637,0.972804657767472,0.002023,34.3902,2904,0.00417824178944674,TRUE,""
ENSG00000269954,RP11-148O21.6,t2d,grey,-0.102874792059168,0.143641053198329,6.288e-10,8.1825,4001,1.44559977433165e-05,TRUE,""
ENSG00000269982,RP11-1020A11.2,fbg,null,0.00534803345952276,0.870683232746339,0.0008667,9.2423,1929,0.00583691060078218,TRUE,""
ENSG00000270015,RP11-540B6.6,cad,grey,0.0267769107180196,0.349900343997403,0.0009961,23.8231,3136,0.00687876994346537,TRUE,""
ENSG00000270055,CTD-3092A11.2,cad,null,-0.00361697185418528,0.924947982305198,0.0005087,26.6599,2940,0.00647030016900651,TRUE,""
ENSG00000270062,RP11-248J18.3,t2d,null,-0.00292027100741769,0.95137863349785,2.446e-05,12.7001,3263,0.00325268481117958,TRUE,""
ENSG00000270067,CTC-487M23.5,cad,null,-0.0364934125315066,0.812877916072776,4.839e-07,9.9596,4781,0.00130355051160051,TRUE,""
ENSG00000270091,RP11-78O7.2,fbg,grey,-0.0233423560600516,0.0699089739364695,0.01472,18.4291,778,0.0200335692194254,TRUE,""
ENSG00000270107,CTD-2306M10.1,fbg,null,0.00688899848628127,0.606447146740021,0.003158,18.3043,2197,0.00453349810488021,TRUE,""
ENSG00000270108,RP11-73M18.6,t2d,grey,-0.0620827877654532,0.328831316099677,4.889e-06,9.9167,2376,0.0018641981383978,TRUE,""
ENSG00000270120,RP11-327F22.6,cad,null,0.00128399577666078,0.897332123936804,0.0001322,45.4127,4768,0.00284926725553223,TRUE,""
ENSG00000270124,RP11-118F19.1,cad,null,-0.023514635745423,0.617075077451974,1.67e-05,8.1598,8150,0.00201270141582742,TRUE,""
ENSG00000270157,RP5-894A10.6,t2d,null,0.0118283176513847,0.852408287000742,2.611e-05,10.0327,2220,0.00319004607627772,TRUE,""
ENSG00000270164,AC006129.4,t2d,grey,0.0795001726223234,0.183427605484926,0.003371,27.0552,1064,0.0249172185729743,TRUE,""
ENSG00000270167,AL606534.1,cad,null,0.0451855580685077,0.581440340551453,0.0003007,6.2685,4097,0.00416994161586698,TRUE,""
