gene,symbol,outcome,mr_b,mr_p,gwas_min_p,eqtl_F_max,nsnp,pp4,ok,note
ENSG00000000457,SCYL3,fbg,0.0348857534434559,0.121529125955424,4.083e-05,24.4906,2448,0.0118605943655923,TRUE,""
ENSG00000001460,STPG1,fbg,-0.0519667073187354,0.274064638609823,0.000818,10.75,1322,0.00834659614844603,TRUE,""
ENSG00000007923,DNAJC11,fbg,0.275290563249223,0.0537840888623983,0.003485,5.1998,1733,0.0166106049734547,TRUE,""
ENSG00000009780,FAM76A,fbg,0.0618832529834937,0.796357116257739,1.967e-05,5.5569,732,0.0113685025764984,TRUE,""
ENSG00000009790,TRAF3IP3,fbg,0.0304600333823011,0.0488731104972685,0.0002072,37.9842,2101,0.0263992115172315,TRUE,""
ENSG00000010165,METTL13,fbg,0.00620797249195302,0.893929766752772,0.0009163,56.2067,1848,0.00417544489305858,TRUE,""
ENSG00000011007,TCEB3,fbg,-0.0185590290566788,0.0873255405560041,0.000818,59.1265,1224,0.00644087563053552,TRUE,""
ENSG00000023902,PLEKHO1,fbg,-0.0648548844183607,0.226402697791137,0.001744,18.5847,584,0.0155918301974608,TRUE,""
ENSG00000026751,SLAMF7,fbg,0.0359503064747188,0.282374728330258,0.000783,21.2905,1690,0.00809844061671072,TRUE,""
ENSG00000027869,SH2D2A,fbg,0.317884895966638,0.0488731104972685,0.001098,7.2028,1692,0.0494461918478117,TRUE,""
ENSG00000028137,TNFRSF1B,fbg,-0.0354414146053528,0.317310507862914,0.002302,18.4831,1103,0.00714008559279245,TRUE,""
ENSG00000036549,ZZZ3,fbg,0.0503538265699462,0.228153812895039,0.0002061,16.6021,1658,0.00903188304584485,TRUE,""
ENSG00000037637,FBXO42,fbg,0.0388540163191467,0.567709166197353,0.003642,10.9266,1146,0.00535180321503655,TRUE,""
ENSG00000041988,THAP3,fbg,0.0103718637265192,0.808451451773901,0.003485,7.3579,1777,0.00408574390167963,TRUE,""
ENSG00000047410,TPR,fbg,0.0250014414748283,0.393294214421889,0.0002101,24.8733,1507,0.00776576034210151,TRUE,""
ENSG00000049247,UTS2,fbg,-0.0446864397077141,0.281514632510023,0.0001882,51.1912,1673,0.026138497283295,TRUE,""
ENSG00000052723,SIKE1,fbg,0.0535806006945279,0.57268433313998,0.0006516,7.3085,1798,0.00542231564211712,TRUE,""
ENSG00000053371,AKR7A2,fbg,-0.0159292625345125,0.49924658287522,0.001418,27.7489,2030,0.00551916896122825,TRUE,""
ENSG00000054118,THRAP3,fbg,-0.036328552722101,0.898724545227828,0.0008783,12.5034,1187,0.0251586092183335,TRUE,""
ENSG00000054277,OPN3,fbg,0.00754268409852443,0.855725415320072,0.0007871,42.2844,2204,0.00413013336580669,TRUE,""
ENSG00000057252,SOAT1,fbg,0.0105940432814133,0.689156516779352,0.0003106,44.9667,1811,0.00577951475564971,TRUE,""
ENSG00000057757,PITHD1,fbg,-0.340193007612663,0.0488731104972685,0.000818,6.0392,1206,0.0487798467818748,TRUE,""
ENSG00000058453,CROCC,fbg,-0.00260840658381146,0.886403006367064,0.003642,32.5954,1310,0.00423482632993782,TRUE,""
ENSG00000058668,ATP2B4,fbg,0.0593312833597273,0.504985075093846,0.004943,8.3114,1872,0.00822314427108747,TRUE,""
ENSG00000060656,PTPRU,fbg,-0.256832576460286,0.317310507862914,0.003986,11.5872,1529,0.0362299610976179,TRUE,""
ENSG00000060688,SNRNP40,fbg,-0.0264030884725857,0.317310507862914,0.000104,19.0031,1656,0.00603915582888474,TRUE,""
ENSG00000064886,CHI3L2,fbg,-0.0138275519441394,0.153127451019669,0.002859,92.2534,2374,0.00948735692930027,TRUE,""
ENSG00000065600,TMEM206,fbg,0.027825214965362,0.104162558830439,0.001554,30.247,1697,0.0144613301987704,TRUE,""
ENSG00000066027,PPP2R5A,fbg,0.0195527151402112,0.110992040456491,0.001554,94.0222,1692,0.00461431512006505,TRUE,""
ENSG00000066185,ZMYND12,fbg,0.0229005529092831,0.317310507862914,0.0001169,32.6455,1698,0.00827596787792061,TRUE,""
ENSG00000066294,CD84,fbg,0.0337388451199284,0.232654673754248,0.003296,39.2343,1769,0.0156055787379544,TRUE,""
ENSG00000066322,ELOVL1,fbg,-0.056985555285357,0.301951240552087,0.0001169,9.9952,1528,0.00837823641459302,TRUE,""
ENSG00000066557,LRRC40,fbg,-0.0478371392555443,0.641848188772075,0.0195,7.4371,1751,0.00962842378372608,TRUE,""
ENSG00000067208,EVI5,fbg,-0.0186004190980487,0.645516220500695,0.001528,21.9358,1439,0.00675194524128523,TRUE,""
ENSG00000067533,RRP15,fbg,-0.0031630668117396,0.859924253238214,0.0001692,33.7023,2158,0.00397926929039578,TRUE,""
ENSG00000067606,PRKCZ,fbg,-0.0251464454842956,0.480261302753423,0.002196,15.7017,799,0.005139632848948,TRUE,""
ENSG00000070759,TESK2,fbg,-0.0360067843379306,0.0118651734770967,0.000825,38.5594,1149,0.0772602952803596,TRUE,""
ENSG00000072694,FCGR2B,fbg,0.00827202756999921,0.588048156696901,0.000783,65.4578,1923,0.00707043387297359,TRUE,""
ENSG00000073756,PTGS2,fbg,-0.142569816082227,0.0455002638963584,0.0002101,29.2672,1627,0.0664764530434593,TRUE,""
ENSG00000074800,ENO1,fbg,-0.0124124975206608,0.498741913600147,0.0002507,22.1273,1229,0.00500691196814556,TRUE,""
ENSG00000074964,ARHGEF10L,fbg,0.00592292206133621,0.960122388323255,0.003642,5.9185,1972,0.00491192191773848,TRUE,""
ENSG00000075391,RASAL2,fbg,0.0320890044940058,0.705149527894255,1.84e-05,7.7659,1667,0.00394561700418798,TRUE,""
ENSG00000076321,KLHL20,fbg,0.0137920800769579,0.671389024011197,0.002546,18.0672,1029,0.00444580890953752,TRUE,""
ENSG00000076356,PLXNA2,fbg,0.0466330673509989,0.397466925422593,0.0004995,11.4502,2076,0.00653129417578412,TRUE,""
ENSG00000076864,RAP1GAP,fbg,-0.00114986584898429,0.846529514964004,0.001058,101.1046,1664,0.00421301205283748,TRUE,""
ENSG00000077254,USP33,fbg,-0.035524773125969,0.462160389897216,0.0002061,11.4795,1584,0.00523738160896315,TRUE,""
ENSG00000077585,GPR137B,fbg,0.00868988460966159,0.551684329116147,0.003749,51.411,2075,0.0059408479819813,TRUE,""
ENSG00000078618,NRD1,fbg,-0.01573945049398,0.15964990164281,0.001522,34.1451,794,0.0100426947530879,TRUE,""
ENSG00000078900,TP73,fbg,0.0316579885732084,0.78972582092805,0.0005946,5.4636,2094,0.00537818958088312,TRUE,""
ENSG00000079277,MKNK1,fbg,-0.024086392487382,0.107155507032273,0.005284,40.2036,1331,0.0209795258060354,TRUE,""
ENSG00000079335,CDC14A,fbg,0.0037067929671757,0.628477445586286,0.0007049,71.8444,1901,0.00406048371069122,TRUE,""
ENSG00000081692,JMJD4,fbg,0.00879593311631757,0.65672128656377,0.002716,32.3786,1689,0.00483557674490664,TRUE,""
ENSG00000081870,HSPB11,fbg,-0.011183195222531,0.858897500094722,0.002695,12.5891,1903,0.0119598423947373,TRUE,""
ENSG00000081985,IL12RB2,fbg,0.0128028660411239,0.442818848069903,0.0001576,44.2676,2264,0.0188157586978243,TRUE,""
ENSG00000082512,TRAF5,fbg,0.019245398437931,0.491767700760523,0.001556,20.3474,1978,0.00505773202066515,TRUE,""
ENSG00000084072,PPIE,fbg,-0.0116637695254588,0.0113656807384988,0.0002863,123.5903,1297,0.0843931086638669,TRUE,""
ENSG00000084073,ZMPSTE24,fbg,-0.0133288404657606,0.698684565645401,0.0002863,16.0254,1352,0.00425280602105651,TRUE,""
ENSG00000085552,IGSF9,fbg,0.271543473678373,0.0273922381359285,0.004225,9.6821,1801,0.0830612096044205,TRUE,""
ENSG00000085999,RAD54L,fbg,-0.0513871187155332,0.607052248071005,0.000825,6.2237,1145,0.00631536160207867,TRUE,""
ENSG00000088280,ASAP3,fbg,-0.0234285093308516,0.542023387720777,0.005674,18.8782,1295,0.0058528175988587,TRUE,""
ENSG00000090020,SLC9A1,fbg,-0.00294038750978237,0.956892098247027,1.967e-05,11.8995,951,0.00447360961581956,TRUE,""
ENSG00000090432,MUL1,fbg,0.000782395462344919,0.96455013508576,1.131e-05,53.6683,1682,0.00441724652433155,TRUE,""
ENSG00000092850,TEKT2,fbg,-0.0097186511883197,0.900523550339774,0.0008783,8.5378,1094,0.00479865656313356,TRUE,""
ENSG00000092969,TGFB2,fbg,-0.0305224050057103,0.806535441920889,0.0001692,6.8959,2127,0.00603630184841433,TRUE,""
ENSG00000092978,GPATCH2,fbg,-0.119672382897267,0.150575972824847,0.0001692,6.7951,2801,0.0103433401192695,TRUE,""
ENSG00000094975,SUCO,fbg,0.00794316929578512,0.903523023570037,0.0009163,8.0377,1595,0.0040297952340568,TRUE,""
ENSG00000116133,DHCR24,fbg,0.00999171795688582,0.583426134426407,0.003553,30.101,1980,0.00432628735615293,TRUE,""
ENSG00000116138,DNAJC16,fbg,0.0955530265615941,0.129734038294669,0.001479,9.3142,1511,0.0116397671332523,TRUE,""
ENSG00000116151,MORN1,fbg,0.00912700406014816,0.754660563059686,0.002196,18.1359,998,0.00382401819896031,TRUE,""
ENSG00000116157,GPX7,fbg,-0.0286447661494833,0.0429300147848126,0.001522,85.0997,1331,0.0047139097449836,TRUE,""
ENSG00000116161,CACYBP,fbg,0.0464112762900087,0.57377540363273,0.006179,6.8903,1430,0.00451737402876284,TRUE,""
ENSG00000116171,SCP2,fbg,-0.0160007010402695,0.0718606382258516,0.001522,97.5326,1482,0.0064640140904657,TRUE,""
ENSG00000116191,RALGPS2,fbg,-0.0647788689146592,0.483927304446146,0.0006314,9.5848,1726,0.00775825447258477,TRUE,""
ENSG00000116198,CEP104,fbg,0.0117216965230147,0.391365938307552,0.0005946,94.2134,2298,0.00931026324540443,TRUE,""
ENSG00000116199,FAM20B,fbg,-0.0341986332772963,0.169131444702671,0.00103,22.9015,1637,0.00998672810310076,TRUE,""
ENSG00000116205,TCEANC2,fbg,0.0781074677057949,0.542966417403574,0.002695,14.0484,1892,0.016712536639126,TRUE,""
ENSG00000116212,LRRC42,fbg,-0.00700901776328979,0.886403006367064,0.002695,15.0629,1920,0.00503716497068454,TRUE,""
ENSG00000116213,WRAP73,fbg,0.00535774526657568,0.711706471507654,0.0005946,46.4078,1934,0.00571023040819402,TRUE,""
ENSG00000116221,MRPL37,fbg,0.00131512028785326,0.96455013508576,0.002695,24.5712,1816,0.00550778781853757,TRUE,""
ENSG00000116237,ICMT,fbg,-0.0408963594572004,0.409371590694505,0.004622,37.6324,1896,0.0195923742774933,TRUE,""
ENSG00000116254,CHD5,fbg,-0.0267536670416279,0.756923103409378,0.004622,7.5075,1954,0.00581352113909304,TRUE,""
ENSG00000116266,STXBP3,fbg,0.0148197460296157,0.617075077451974,0.0002447,13.6993,1529,0.00489565386150401,TRUE,""
ENSG00000116455,WDR77,fbg,0.0189061037772841,0.627783826989789,0.002859,10.1049,2400,0.00464806790366476,TRUE,""
ENSG00000116459,ATP5F1,fbg,0.0267966353662897,0.808451451773901,0.002859,5.3141,2393,0.00452084726433001,TRUE,""
ENSG00000116478,HDAC1,fbg,0.17765601046189,0.617075077451974,0.002438,7.8941,941,0.0327187759169285,TRUE,""
ENSG00000116514,RNF19B,fbg,0.00852649660664797,0.859924253238214,0.00205,18.6522,1188,0.00623387428914136,TRUE,""
ENSG00000116574,RHOU,fbg,0.00401193193729089,0.826844797716898,0.002716,28.3544,1367,0.00394173219137117,TRUE,""
ENSG00000116641,DOCK7,fbg,0.00351052327880779,0.855725415320072,0.004391,30.3199,1839,0.00402395616798763,TRUE,""
ENSG00000116661,FBXO2,fbg,-0.00276474732933801,0.827287450832149,0.002302,49.6758,1268,0.0064929007451065,TRUE,""
ENSG00000116667,C1orf21,fbg,0.0042215757409811,0.937074486238219,0.004287,12.5491,1629,0.0046025173730071,TRUE,""
ENSG00000116679,IVNS1ABP,fbg,0.0982834559934239,0.193600969171221,0.005466,23.4645,1290,0.0270291500005941,TRUE,""
ENSG00000116690,PRG4,fbg,0.0406554684455262,0.206983058311127,0.0004423,23.095,1458,0.0083269429978768,TRUE,""
ENSG00000116691,MIIP,fbg,-0.0470771232383915,0.150575972824847,0.002302,17.3339,1165,0.0104970878934214,TRUE,""
ENSG00000116698,SMG7,fbg,0.00224295321478942,0.826844797716898,0.004287,84.9036,1968,0.00498824694302396,TRUE,""
ENSG00000116701,NCF2,fbg,0.0457081469884335,0.129486728502174,0.004287,18.2681,1943,0.0119284829881864,TRUE,""
ENSG00000116704,SLC35D1,fbg,0.00746055645801812,0.564779052623049,0.0001146,30.415,2216,0.00442880122980701,TRUE,""
ENSG00000116729,WLS,fbg,-0.0155206373497261,0.230139340443417,0.0001576,79.2477,1911,0.00815929551948786,TRUE,""
ENSG00000116731,PRDM2,fbg,0.0148590270676378,0.906347316282193,0.001715,4.7917,1684,0.00339341491875566,TRUE,""
ENSG00000116741,RGS2,fbg,-0.019659757733804,0.518822668670191,0.002174,18.0468,1654,0.00456831431213639,TRUE,""
ENSG00000116747,TROVE2,fbg,0.0288122698427107,0.595245548732816,0.002174,14.89,1662,0.00443819317362848,TRUE,""
ENSG00000116750,UCHL5,fbg,0.122387128745255,0.078959278765636,0.002174,9.3412,1648,0.0204521836960605,TRUE,""
ENSG00000116786,PLEKHM2,fbg,0.00704595234774788,0.761866768188248,0.001479,25.0855,1434,0.00412292552438621,TRUE,""
ENSG00000116793,PHTF1,fbg,0.0882578318683795,0.236890125596873,0.0006516,22.185,1398,0.0217492833247926,TRUE,""
ENSG00000116815,CD58,fbg,0.00210419918586159,0.983025013502954,0.0008496,8.0515,1792,0.00553426531672349,TRUE,""
ENSG00000116830,TTF2,fbg,0.159998481986171,0.0864762654936656,0.0008496,66.1233,1618,0.0584890686879569,TRUE,""
ENSG00000116857,TMEM9,fbg,0.000374547708819942,0.95910077028586,0.0004556,95.0383,2108,0.00462516936797021,TRUE,""
ENSG00000116874,WARS2,fbg,-0.00997435733009329,0.279661048232695,0.001686,73.7533,1840,0.0114539181181346,TRUE,""
ENSG00000116883,AL591845.1,fbg,0.0050811036048614,0.617075077451974,0.0008783,30.2673,1215,0.0046312888354419,TRUE,""
ENSG00000116898,MRPS15,fbg,-0.0400660264105642,0.461822562879907,0.0008783,17.3264,1225,0.00881966283073427,TRUE,""
ENSG00000116903,EXOC8,fbg,0.0061667777003827,0.775096962195985,0.001787,25.9323,2183,0.00434722292884632,TRUE,""
ENSG00000116906,GNPAT,fbg,0.0123866783450401,0.583426134426407,0.001787,24.4287,2229,0.00427652628663819,TRUE,""
ENSG00000116957,TBCE,fbg,-0.0191824177500544,0.245523853695853,0.00132,33.2317,1771,0.00706190648547891,TRUE,""
ENSG00000116983,HPCAL4,fbg,-0.0116463653600699,0.317310507862914,0.0002863,82.0124,1309,0.00683460703844785,TRUE,""
ENSG00000116990,MYCL1,fbg,0.074509486015028,0.220271518788167,0.0002863,8.2677,1308,0.00721841093762416,TRUE,""
ENSG00000116991,SIPA1L2,fbg,-0.0129386988586083,0.34661443250305,0.0009858,50.3215,2352,0.00420067796634508,TRUE,""
ENSG00000117013,KCNQ4,fbg,-0.0281425975766108,0.753304047285912,0.002092,6.3324,1649,0.00500460651595845,TRUE,""
ENSG00000117016,RIMS3,fbg,0.000946156769671955,0.955695871316436,0.0002863,37.6259,1593,0.00432813098322779,TRUE,""
ENSG00000117036,ETV3,fbg,0.00963831366500806,0.97480783258174,0.001098,5.5024,1986,0.0104975866241538,TRUE,""
ENSG00000117090,SLAMF1,fbg,-0.0674767811637849,0.0581272742106314,0.003296,18.9932,1673,0.0255773200929519,TRUE,""
ENSG00000117091,CD48,fbg,0.015319035829315,0.489894777830357,0.003296,32.9829,1643,0.00629412158751458,TRUE,""
ENSG00000117133,RPF1,fbg,0.0361010493993591,0.617075077451974,3.356e-06,21.5008,2219,0.0127244761309376,TRUE,""
ENSG00000117143,UAP1,fbg,-0.0092782576967365,0.722710426810277,0.0001711,21.1031,2582,0.00373339381494004,TRUE,""
ENSG00000117151,CTBS,fbg,0.0397150525666877,0.133614402537716,3.356e-06,33.5534,2189,0.0179385377964987,TRUE,""
ENSG00000117215,PLA2G2D,fbg,0.0554581548251355,0.627169753539399,1.131e-05,5.4245,1781,0.00381112971698361,TRUE,""
ENSG00000117222,RBBP5,fbg,0.119444741414833,0.169131444702671,0.004246,6.81,2131,0.00950844290081273,TRUE,""
ENSG00000117228,GBP1,fbg,-0.0847380000206906,0.276491247419954,0.002997,7.7459,1623,0.00739988483110086,TRUE,""
ENSG00000117245,KIF17,fbg,0.0839721190646466,0.236329736314398,1.131e-05,9.3928,1755,0.00735572454142858,TRUE,""
ENSG00000117280,RAB7L1,fbg,-0.0303323464903544,0.033903955680783,0.001884,37.4911,1572,0.0358327964766323,TRUE,""
ENSG00000117305,HMGCL,fbg,0.0387009384017186,0.380381827065438,0.000818,22.9187,1152,0.00985717538562507,TRUE,""
ENSG00000117322,CR2,fbg,-0.0222968152683103,0.673716649749524,0.001884,12.6894,1895,0.0049516393400619,TRUE,""
ENSG00000117385,LEPRE1,fbg,0.00846733208398596,0.661748776081758,0.0001169,29.4289,1602,0.00405695020323266,TRUE,""
ENSG00000117394,SLC2A1,fbg,0.190492247262652,0.000387598128150081,0.0001169,10.2437,1531,0.639889601991665,TRUE,""
ENSG00000117395,EBNA1BP2,fbg,0.00992347362074265,0.607052248071005,0.0001169,29.5245,1532,0.00462184492079589,TRUE,""
ENSG00000117408,IPO13,fbg,-0.027246883883665,0.760862912213715,0.0003154,9.146,1462,0.00580344777599765,TRUE,""
ENSG00000117410,ATP6V0B,fbg,-0.0114976948228157,0.778939163028047,0.0003154,24.5712,1462,0.00712997655673674,TRUE,""
ENSG00000117448,AKR1A1,fbg,-0.107995673010906,0.020750145316116,0.000825,12.1964,1087,0.0598847070105423,TRUE,""
ENSG00000117480,FAAH,fbg,0.0134952177644748,0.303286223069842,0.002083,42.365,1191,0.00656014709100676,TRUE,""
ENSG00000117481,NSUN4,fbg,0.00745017234956898,0.303286223069842,0.002083,83.1036,1169,0.00621044032166218,TRUE,""
ENSG00000117500,TMED5,fbg,-0.0204095967985604,0.169131444702671,0.001528,55.1583,1490,0.00783244308650759,TRUE,""
ENSG00000117505,DR1,fbg,0.012056601754393,0.200105868954852,0.001528,62.4301,1490,0.00727877840245095,TRUE,""
ENSG00000117528,ABCD3,fbg,-0.015876938202021,0.272740113942453,0.0001114,38.1419,1849,0.00621149782355347,TRUE,""
ENSG00000117533,VAMP4,fbg,0.0270474415314679,0.441756327424919,0.0009163,19.6763,1902,0.00633176675390356,TRUE,""
ENSG00000117569,PTBP2,fbg,0.00917127294083798,0.458126425559177,6.129e-05,44.7415,1745,0.00591901685726069,TRUE,""
ENSG00000117586,TNFSF4,fbg,0.00581190126199004,0.732271676747657,0.0009562,39.6076,1239,0.0048958079349285,TRUE,""
ENSG00000117592,PRDX6,fbg,0.00768125142260886,0.726338697648762,0.002546,32.3837,1068,0.00523139557359958,TRUE,""
ENSG00000117601,SERPINC1,fbg,-0.0327338569105074,0.150575972824847,0.002546,34.873,1007,0.0163638741571088,TRUE,""
ENSG00000117602,RCAN3,fbg,0.215360072857607,0.0297116662879534,0.000818,12.3812,1257,0.0794977055857208,TRUE,""
ENSG00000117632,STMN1,fbg,0.0166676586021885,0.626131140669092,0.008789,18.5543,1173,0.00534403969575406,TRUE,""
ENSG00000117682,DHDDS,fbg,0.0786313762780223,0.0850292707808799,0.008789,13.9498,969,0.018659134899004,TRUE,""
ENSG00000117691,NENF,fbg,0.0337781235454667,0.182422439451736,0.001554,23.1067,1735,0.00959151863384717,TRUE,""
ENSG00000117697,NSL1,fbg,-0.0246847261791196,0.592730265819558,0.001554,33.0581,1776,0.0117852635675401,TRUE,""
ENSG00000117748,RPA2,fbg,-0.0148329722627569,0.751496544187975,1.967e-05,42.8796,789,0.0150145774673526,TRUE,""
ENSG00000117791,MARC2,fbg,0.0146365341027874,0.716129568855565,0.0007661,9.9405,1854,0.00556147741787722,TRUE,""
ENSG00000117834,SLC5A9,fbg,-0.184491032801106,0.158019253847399,0.001204,6.3523,1806,0.0137429852578242,TRUE,""
ENSG00000117859,OSBPL9,fbg,-0.169456086995723,0.143353956720821,0.001522,12.4624,756,0.0276691444598391,TRUE,""
ENSG00000118193,KIF14,fbg,0.187916647290096,0.299055232507361,0.001614,5.1055,2177,0.0296426578251928,TRUE,""
ENSG00000118197,DDX59,fbg,-0.0047824370720942,0.878349993874022,0.001614,85.1161,2140,0.00438764808897376,TRUE,""
ENSG00000118873,RAB3GAP2,fbg,-0.0480337142371662,0.0362822563270125,0.0007661,22.5738,1901,0.0333494362113523,TRUE,""
ENSG00000119280,C1orf198,fbg,-0.0325846671509137,0.208967264956349,0.001227,26.7173,1979,0.011239564526085,TRUE,""
ENSG00000119285,HEATR1,fbg,-0.0403197663783716,0.317310507862914,0.003749,14.2785,2332,0.00594559403868423,TRUE,""
ENSG00000119535,CSF3R,fbg,-0.199171165073321,0.391365938307552,0.0008783,13.2746,1222,0.033799155758823,TRUE,""
ENSG00000120370,GORAB,fbg,0.0963263934701309,0.109598583399116,0.0003903,45.921,2390,0.0107523129010112,TRUE,""
ENSG00000120948,TARDBP,fbg,-0.173815406255292,0.196120745095134,0.005201,5.3654,1321,0.0128389199793661,TRUE,""
ENSG00000121310,ECHDC2,fbg,-0.0242464995372011,0.0718606382258516,0.001522,71.81,1498,0.00428497935060325,TRUE,""
ENSG00000121644,DESI2,fbg,0.170358148372991,0.0153403612414819,0.0008792,7.4771,1810,0.0732782229990856,TRUE,""
ENSG00000121769,FABP3,fbg,-0.0151955481918049,0.732271676747657,0.000104,8.9674,1518,0.00476864648000381,TRUE,""
ENSG00000121848,RNF115,fbg,-0.0608306505895167,0.0607927235305228,0.01486,11.7797,299,0.0251326185874039,TRUE,""
ENSG00000121940,CLCC1,fbg,0.0437723869365638,0.75594445062856,0.001876,9.2553,1472,0.025534841758831,TRUE,""
ENSG00000121957,GPSM2,fbg,-0.059288782682819,0.293718112751792,0.001876,11.509,1476,0.00816088629531276,TRUE,""
ENSG00000122176,FMOD,fbg,0.330092472385371,0.0699089739364695,0.003817,4.5756,1713,0.0122179667849504,TRUE,""
ENSG00000122224,LY9,fbg,0.00896461418067145,0.725324774655607,0.000783,25.8126,1679,0.00461436305447664,TRUE,""
ENSG00000122417,ODF2L,fbg,0.0120804277753953,0.125707617716504,0.0008768,74.5273,1984,0.010744859177982,TRUE,""
ENSG00000122420,PTGFR,fbg,0.0311683575766359,0.331334906503133,0.0002061,18.9999,1716,0.00672352707104673,TRUE,""
ENSG00000122432,SPATA1,fbg,-0.0505271930860677,0.277605418363564,3.356e-06,12.2412,2205,0.00744908841329998,TRUE,""
ENSG00000122484,RPAP2,fbg,0.0228545309518952,0.21129954733371,0.001528,25.7065,1658,0.00842954398008371,TRUE,""
ENSG00000123685,BATF3,fbg,0.00514497693098909,0.814951943236324,0.001554,41.1086,1760,0.00566327623571719,TRUE,""
ENSG00000123689,G0S2,fbg,-0.100970778331029,0.0345463375262028,0.0002072,16.3095,2109,0.046889113754648,TRUE,""
ENSG00000123836,PFKFB2,fbg,0.0633063860786229,0.317310507862914,0.001884,8.9806,1425,0.0105071578544904,TRUE,""
ENSG00000123838,C4BPA,fbg,0.0168805285540196,0.0955807045456294,0.001884,132.6122,1507,0.0372000506240237,TRUE,""
ENSG00000123843,C4BPB,fbg,-0.00825256028152233,0.628477445586286,0.001884,31.9296,1467,0.00421069100588751,TRUE,""
ENSG00000125703,ATG4C,fbg,-0.0308669601729683,0.129486728502174,0.005053,27.0863,1936,0.0108186267464624,TRUE,""
ENSG00000125945,ZNF436,fbg,-0.00400366124920153,0.954431397113681,0.005674,8.8615,1288,0.00422092714071476,TRUE,""
ENSG00000127125,PPCS,fbg,0.0986933337347153,0.317310507862914,0.0001169,5.9403,1681,0.00638563526569446,TRUE,""
ENSG00000127483,HP1BP3,fbg,-0.170413500787662,0.0310163604667257,1.131e-05,11.4897,1770,0.0461960159036187,TRUE,""
ENSG00000130768,SMPDL3B,fbg,0.00372890055043181,0.900523550339774,1.967e-05,19.0941,804,0.0040512448012396,TRUE,""
ENSG00000130770,ATPIF1,fbg,-0.0196378446714232,0.289680155734686,1.967e-05,32.5716,872,0.0072539797077947,TRUE,""
ENSG00000130772,MED18,fbg,-0.113198934955981,0.331753366775936,1.967e-05,4.7021,919,0.00337889557770839,TRUE,""
ENSG00000130939,UBE4B,fbg,-0.0916397078769042,0.317310507862914,0.005201,24.9617,1127,0.0181881396848363,TRUE,""
ENSG00000131236,CAP1,fbg,-0.0211864651046744,0.391365938307552,0.0002863,16.9074,1351,0.00579202719498731,TRUE,""
ENSG00000131238,PPT1,fbg,0.056592652737798,0.0180965654136911,0.0002863,117.1236,1351,0.0467702832069461,TRUE,""
ENSG00000131686,CA6,fbg,-0.00502477571053534,0.876876835728897,0.0002507,39.4979,1215,0.00928707256996169,TRUE,""
ENSG00000132196,HSD17B7,fbg,0.0331580413994725,0.0482681480094495,0.0001711,18.5822,2577,0.0297779536216713,TRUE,""
ENSG00000132694,ARHGEF11,fbg,-0.00728667754405048,0.861079633584653,0.001098,17.0997,1839,0.00513579362468611,TRUE,""
ENSG00000132698,RAB25,fbg,-0.0515978019001153,0.457124710034358,0.002818,9.8238,932,0.00618370433712931,TRUE,""
ENSG00000132704,FCRL2,fbg,-0.0920743583561474,0.051841878715686,0.001098,13.5319,2201,0.0250990463995614,TRUE,""
ENSG00000132768,DPH2,fbg,-0.131466893870374,0.0656348819693961,0.0003154,10.4772,1464,0.0308113568848737,TRUE,""
ENSG00000132849,INADL,fbg,0.0877396997828747,0.0239416374758644,0.0007042,28.2264,1660,0.0763640160147225,TRUE,""
ENSG00000132879,FBXO44,fbg,-0.0111452367360077,0.827287450832149,0.002302,14.7271,1273,0.00649060129520384,TRUE,""
ENSG00000133048,CHI3L1,fbg,-0.00194891089018475,0.7924288824046,0.003817,82.4898,1637,0.00458417138935304,TRUE,""
ENSG00000133055,MYBPH,fbg,-0.00298595849872948,0.7924288824046,0.003817,59.602,1633,0.00467439949498022,TRUE,""
ENSG00000133059,DSTYK,fbg,0.000348909610737277,0.975070165131246,0.004246,86.4101,2053,0.00470276895915341,TRUE,""
ENSG00000133063,CHIT1,fbg,-0.0010967545012767,0.979005461093967,0.003817,14.7235,1625,0.00456227397613831,TRUE,""
ENSG00000133065,SLC41A1,fbg,-0.0199746683723413,0.33317326895895,0.001884,26.6853,1588,0.00600153715383489,TRUE,""
ENSG00000133226,SRRM1,fbg,0.0484544402002728,0.381573905705021,0.000818,6.9008,1208,0.00557153180820699,TRUE,""
ENSG00000134198,TSPAN2,fbg,0.0275048333062899,0.610448075861918,0.0006516,17.4305,1858,0.0071680926144366,TRUE,""
ENSG00000134202,GSTM3,fbg,0.0498374645645098,0.0141737231063884,0.001876,141.768,1664,0.00921966690671299,TRUE,""
ENSG00000134215,VAV3,fbg,0.00473461608228138,0.700522394103849,0.0002447,98.1797,1847,0.00384865332299858,TRUE,""
ENSG00000134222,PSRC1,fbg,0.0295393670677574,0.0187053618476017,0.001876,52.427,1327,0.0177115749348612,TRUE,""
ENSG00000134243,SORT1,fbg,0.187735406358725,0.00224643980500647,0.001876,10.2362,1364,0.280811118075082,TRUE,""
ENSG00000134247,PTGFRN,fbg,0.110302281284949,0.0619481514134812,0.0008496,20.1837,1632,0.0472056152080407,TRUE,""
ENSG00000134248,LAMTOR5,fbg,-0.0115941081978426,0.518822668670191,0.002859,27.5333,1930,0.00452998224829802,TRUE,""
ENSG00000134256,CD101,fbg,0.0109079971803077,0.416504786576218,0.0008496,58.4668,1630,0.0471815350141001,TRUE,""
ENSG00000134262,AP4B1,fbg,0.00958504395173506,0.680511892901687,0.0006516,25.3524,1407,0.0044469277660753,TRUE,""
ENSG00000134371,CDC73,fbg,-0.146869427633209,0.369207310198107,0.002174,5.2722,1696,0.00692081409857499,TRUE,""
ENSG00000134375,TIMM17A,fbg,0.0266411844619954,0.725324774655607,0.0004556,8.6858,1962,0.00477058136442365,TRUE,""
ENSG00000134686,PHC2,fbg,0.0530071789417708,0.151031528231155,0.00205,18.805,1698,0.012923210692872,TRUE,""
ENSG00000134690,CDCA8,fbg,-0.0388872862355358,0.488744120386507,0.0008783,12.3586,1599,0.00549408871610576,TRUE,""
ENSG00000134697,GNL2,fbg,-0.0116695749039531,0.583426134426407,0.0008783,17.398,1541,0.00627140187178971,TRUE,""
ENSG00000135747,ZNF670,fbg,0.0731167280256468,0.154157201104144,0.001606,13.8295,1858,0.0111087437846188,TRUE,""
ENSG00000135763,URB2,fbg,0.187741090838668,0.227310058016444,0.001227,8.5348,1672,0.0158748160832116,TRUE,""
ENSG00000135821,GLUL,fbg,-0.0207681692902611,0.510605772861378,0.00788,21.3881,1863,0.00548877106217626,TRUE,""
ENSG00000135828,RNASEL,fbg,0.0193578524822992,0.46045657725458,0.00788,28.4088,1716,0.00661008001659264,TRUE,""
ENSG00000136630,HLX,fbg,-0.0226870252909337,0.606447146740021,0.0007661,13.2929,1929,0.00452002362166663,TRUE,""
ENSG00000136634,IL10,fbg,0.00336480653657791,0.913909936512377,0.001884,21.0168,1155,0.00453894691828957,TRUE,""
ENSG00000136643,RPS6KC1,fbg,0.0978967005059046,0.0488731104972685,1.36e-07,11.7786,1817,0.00288715059063378,TRUE,""
ENSG00000137936,BCAR3,fbg,0.00342670585121406,0.943056670967043,0.001528,14.0546,1581,0.0050479026053548,TRUE,""
ENSG00000137944,CCBL2,fbg,-0.00124318091341405,0.925307750889347,0.002997,51.2202,1636,0.00727415604866722,TRUE,""
ENSG00000137947,GTF2B,fbg,0.0172690973024602,0.649436283726755,0.002997,15.4609,1650,0.00466872361755421,TRUE,""
ENSG00000137955,RABGGTB,fbg,0.0278179915907087,0.49924658287522,0.003986,15.7434,2173,0.00562799764702574,TRUE,""
ENSG00000137965,IFI44,fbg,0.0257341372770799,0.636768179585685,0.0002061,11.7587,1779,0.00492977822878658,TRUE,""
ENSG00000137992,DBT,fbg,0.525497280081387,0.0690363479944152,0.0007049,6.1093,1855,0.0567318375999404,TRUE,""
ENSG00000142583,SLC2A5,fbg,-0.00129765037799535,0.948559264755632,0.0002507,27.4342,1192,0.00433069554109428,TRUE,""
ENSG00000142599,RERE,fbg,0.018185363576542,0.106765534268082,0.0001882,57.8675,1366,0.0077776480814412,TRUE,""
ENSG00000142606,MMEL1,fbg,0.0161083234614729,0.0897023897414645,0.002196,33.3215,1122,0.0157174392556469,TRUE,""
ENSG00000142621,FHAD1,fbg,0.0218200943246208,0.332669938984237,0.001479,20.4587,1709,0.00602854605709482,TRUE,""
ENSG00000142632,ARHGEF19,fbg,0.0065756075184605,0.661748776081758,0.003642,76.9987,1147,0.00451906964192133,TRUE,""
ENSG00000142655,PEX14,fbg,-0.0143559964513267,0.49813992156856,0.005201,26.0379,1117,0.00460807699757806,TRUE,""
ENSG00000142675,CNKSR1,fbg,0.0275760771713933,0.558301743578421,0.008789,15.441,914,0.00593752777060725,TRUE,""
ENSG00000142686,C1orf216,fbg,0.0242103105240182,0.78118295086715,0.008769,10.4445,952,0.00655704886563035,TRUE,""
ENSG00000142687,KIAA0319L,fbg,-0.0505292611112777,0.740207218614421,0.007629,14.4247,1029,0.0227863882326025,TRUE,""
ENSG00000142751,GPN2,fbg,0.0590242983985779,0.332669938984237,1.967e-05,8.8802,954,0.00605333039017796,TRUE,""
ENSG00000142798,HSPG2,fbg,0.00571873725951138,0.697358341877476,0.001058,23.4583,1711,0.00462928823921893,TRUE,""
ENSG00000142856,ITGB3BP,fbg,0.0107094799445861,0.302867777010297,0.005053,38.1788,2060,0.00720597005307576,TRUE,""
ENSG00000142892,PIGK,fbg,0.0330578318152424,0.18539535544347,0.0002061,26.3824,1846,0.0104585122184702,TRUE,""
ENSG00000142937,RPS8,fbg,0.0103969198296854,0.509837393048038,0.000825,37.2691,1205,0.00656443285589117,TRUE,""
ENSG00000142959,BEST4,fbg,-0.0450717434117978,0.499675764943554,0.000825,10.663,1201,0.00655486040016772,TRUE,""
ENSG00000143036,SLC44A3,fbg,0.0171862310265574,0.639248343034235,0.0001114,15.4824,1916,0.00410335867645091,TRUE,""
ENSG00000143126,CELSR2,fbg,-0.0238335223997173,0.260589034273618,0.001876,26.8865,1308,0.00704704607655199,TRUE,""
ENSG00000143147,GPR161,fbg,-0.0486436606341856,0.361892593456348,4.083e-05,11.0398,2084,0.00586243534418578,TRUE,""
ENSG00000143153,ATP1B1,fbg,0.0109526626696496,0.514941407043905,4.083e-05,48.1432,2517,0.0103157267575957,TRUE,""
ENSG00000143156,NME7,fbg,0.0132930503423109,0.719822781305135,4.083e-05,47.59,2588,0.00380581021613362,TRUE,""
ENSG00000143158,MPC2,fbg,0.0350041596595661,0.485821758188089,0.0003585,10.5315,2058,0.00522459566019094,TRUE,""
ENSG00000143162,CREG1,fbg,0.00436765603481856,0.824140895741885,0.0003585,32.6033,2058,0.00439820779108229,TRUE,""
ENSG00000143185,XCL2,fbg,0.000926912735299365,0.877731041501716,4.083e-05,54.8445,2102,0.00493917651487938,TRUE,""
ENSG00000143224,PPOX,fbg,0.00392213988310862,0.892505031135259,0.000783,22.6494,1762,0.0042958463365838,TRUE,""
ENSG00000143228,NUF2,fbg,0.0246641243549593,0.693625785030416,0.0001711,9.3819,2475,0.00426315048142764,TRUE,""
ENSG00000143248,RGS5,fbg,-0.0245717230190698,0.411923823660162,0.0001711,23.1027,2549,0.00611838665496486,TRUE,""
ENSG00000143257,NR1I3,fbg,0.144488717979606,0.585440934568927,0.000783,6.3334,1838,0.0129397784570332,TRUE,""
ENSG00000143294,PRCC,fbg,-0.0815390828550938,0.363302140886898,0.001098,6.5488,1679,0.00968927063788849,TRUE,""
ENSG00000143297,FCRL5,fbg,0.00360379798027174,0.545004156790744,0.001098,113.286,2110,0.0052638401780785,TRUE,""
ENSG00000143314,MRPL24,fbg,0.0417653545800742,0.232304160207264,0.001098,18.2642,1665,0.00871724263031811,TRUE,""
ENSG00000143315,PIGM,fbg,0.0528499298161227,0.0297116662879534,0.004225,50.4311,1790,0.0832845797406889,TRUE,""
ENSG00000143320,CRABP2,fbg,-0.00466678400651849,0.935871591256474,0.001098,24.5027,1644,0.0103070397739478,TRUE,""
ENSG00000143353,LYPLAL1,fbg,-0.0274778232368034,0.0332515916209559,0.0007661,28.6848,2050,0.0323846006044234,TRUE,""
ENSG00000143363,PRUNE,fbg,0.0086222904844228,0.814951943236324,0.0002148,22.635,1036,0.00582411483868765,TRUE,""
ENSG00000143365,RORC,fbg,0.0382895942836834,0.6245856448124,0.0002148,10.6922,1352,0.00628546282909549,TRUE,""
ENSG00000143374,TARS2,fbg,0.0438933613272707,0.383771766671716,0.0002148,10.9484,704,0.00554794635872094,TRUE,""
ENSG00000143384,MCL1,fbg,-0.0328188967438771,0.269045576986182,0.0002148,22.7025,752,0.00846204621429772,TRUE,""
ENSG00000143393,PI4KB,fbg,0.134303978993448,0.404656761927286,0.0002148,5.2459,1063,0.00783027901738224,TRUE,""
ENSG00000143416,SELENBP1,fbg,-0.0591328654836587,0.389532704716716,0.0002148,11.1364,1070,0.00750982336400866,TRUE,""
ENSG00000143420,ENSA,fbg,-0.0951475302497791,0.317310507862914,0.0002148,9.5878,769,0.0101413974384841,TRUE,""
ENSG00000143436,MRPL9,fbg,-0.683908505046033,0.410206998692259,0.0002148,9.2594,1313,0.0680186150645921,TRUE,""
ENSG00000143442,POGZ,fbg,-0.0363118394634466,0.164454826104283,0.0002148,27.9413,1093,0.0192075536731051,TRUE,""
ENSG00000143458,GABPB2,fbg,-0.0712987852880423,0.249665269893451,0.0002148,23.5243,1032,0.0196108741981989,TRUE,""
ENSG00000143499,SMYD2,fbg,-0.0131328071320957,0.383771766671715,1.36e-07,24.5534,2312,0.000647868772598473,TRUE,""
ENSG00000143502,SUSD4,fbg,0.0909955025320463,0.0955807045456294,0.0002694,31.6018,940,0.0715367443718358,TRUE,""
ENSG00000143545,RAB13,fbg,-0.0826692891138808,0.214975394149174,9.475e-05,8.0412,1474,0.0121994450806435,TRUE,""
ENSG00000143546,S100A8,fbg,0.0357674219752031,0.327497635771995,9.475e-05,23.39,1596,0.0109156311744942,TRUE,""
ENSG00000143553,SNAPIN,fbg,0.0450677313743682,0.0995459556044277,9.475e-05,20.2368,1450,0.0129274001613745,TRUE,""
ENSG00000143554,SLC27A3,fbg,0.00259290394304341,0.938684739206775,9.475e-05,34.0831,1415,0.00692336914366716,TRUE,""
ENSG00000143575,HAX1,fbg,-0.0242792151198472,0.179318236045376,0.002785,30.3503,1176,0.0102501074343438,TRUE,""
ENSG00000143578,CREB3L4,fbg,0.0658576291253515,0.0155480650128712,9.475e-05,20.271,1484,0.0589260890983525,TRUE,""
ENSG00000143603,KCNN3,fbg,-0.10565378224213,0.360247481293129,0.002785,6.3852,942,0.00854251522841775,TRUE,""
ENSG00000143612,C1orf43,fbg,0.0689317400451923,0.0155480650128712,0.002785,17.2737,1259,0.0649656670847843,TRUE,""
ENSG00000143614,GATAD2B,fbg,-0.0387079218069877,0.625688055872567,9.475e-05,6.1705,1511,0.00512065565995185,TRUE,""
ENSG00000143622,RIT1,fbg,-0.00962646116121146,0.633938683881346,0.002818,24.8124,868,0.00511886760093748,TRUE,""
ENSG00000143624,INTS3,fbg,-0.18548006124085,0.00530543904063803,9.475e-05,8.724,1424,0.146219838968225,TRUE,""
ENSG00000143630,HCN3,fbg,-0.0561104409488265,0.208701910672357,0.002818,8.4078,932,0.00872635478337378,TRUE,""
ENSG00000143633,C1orf131,fbg,0.023877813052949,0.655013325870277,0.001787,15.6547,2240,0.00614878820523782,TRUE,""
ENSG00000143641,GALNT2,fbg,-0.0737486297372031,0.344942578828617,0.001227,8.2047,1915,0.00646819532397424,TRUE,""
ENSG00000143653,SCCPDH,fbg,0.0262318590832299,0.0801183137276342,0.001606,37.9756,1925,0.017184697115923,TRUE,""
ENSG00000143702,CEP170,fbg,0.00520788008643136,0.716129568855565,0.003625,24.7055,1556,0.00419110199427774,TRUE,""
ENSG00000143740,SNAP47,fbg,0.0109976665710169,0.838585047747096,0.002716,16.3145,1691,0.00733156780501123,TRUE,""
ENSG00000143742,SRP9,fbg,0.0235829850292816,0.562624686915214,0.007316,10.0005,1479,0.00540515836170647,TRUE,""
ENSG00000143748,NVL,fbg,-0.0181646868906851,0.567709166197353,0.0002694,37.232,1547,0.00973239127516922,TRUE,""
ENSG00000143753,DEGS1,fbg,0.00119706517280107,0.940951444465206,0.0002694,64.6946,1526,0.0260562638985202,TRUE,""
ENSG00000143756,FBXO28,fbg,-0.00365055091412156,0.759943064406937,0.0002694,67.0841,1514,0.00580157618415568,TRUE,""
ENSG00000143761,ARF1,fbg,0.0242819705752124,0.786952335429884,0.002716,7.2601,1638,0.00560551847650193,TRUE,""
ENSG00000143771,CNIH4,fbg,-0.0287875833100375,0.0306056789477476,0.0002694,49.2926,1609,0.0644631213055056,TRUE,""
ENSG00000143801,PSEN2,fbg,-0.034841451820368,0.258884225947615,0.007316,17.881,1773,0.0071241507905424,TRUE,""
ENSG00000143819,EPHX1,fbg,0.0128028314451135,0.859924253238214,0.007316,12.4368,1487,0.00626025288354243,TRUE,""
ENSG00000143842,SOX13,fbg,0.358148837047056,0.0235648326141071,0.005261,5.8928,2080,0.0484573163105509,TRUE,""
ENSG00000143851,PTPN7,fbg,0.0430727081745138,0.0262682913820423,0.0004556,38.712,1836,0.0473091939872487,TRUE,""
ENSG00000143862,ARL8A,fbg,-0.174896830964608,0.0749415476476243,0.0004556,8.7712,1862,0.0450233067002834,TRUE,""
ENSG00000146463,ZMYM4,fbg,-0.0161558624305507,0.829232300767293,0.001062,7.1921,1034,0.00609149087610809,TRUE,""
ENSG00000151414,NEK7,fbg,0.0275596151677059,0.699227377203946,0.0008815,9.9805,1585,0.00580489900176359,TRUE,""
ENSG00000152382,TADA1,fbg,0.0214664056235707,0.57377540363273,0.001683,14.8657,2188,0.00452044045735762,TRUE,""
ENSG00000152760,TCTEX1D1,fbg,0.00976324507824712,0.548506235500147,0.0001146,38.7557,2184,0.00469742597881614,TRUE,""
ENSG00000152763,WDR78,fbg,-0.0540141340592765,0.624920362458645,0.0001146,7.2121,2216,0.0114437407234458,TRUE,""
ENSG00000152904,GGPS1,fbg,-0.0056181878060364,0.834968706358955,0.00132,31.4545,1741,0.00585139339754339,TRUE,""
ENSG00000153898,MCOLN2,fbg,0.00366434037843841,0.796357116257739,3.356e-06,41.5042,2120,0.00480638752163083,TRUE,""
ENSG00000153904,DDAH1,fbg,0.117735874054172,0.446917899337001,3.356e-06,7.8149,2281,0.0109605498639399,TRUE,""
ENSG00000154027,AK5,fbg,-0.0141945666637569,0.497409451259859,0.0002061,47.9572,1721,0.00657646927878168,TRUE,""
ENSG00000154429,CCSAP,fbg,0.00598156734460603,0.864842812437012,0.001227,47.3039,1503,0.00575232640567739,TRUE,""
ENSG00000154451,GBP5,fbg,0.00802534122671572,0.539940330191881,0.002997,28.2676,1629,0.0045614841410523,TRUE,""
ENSG00000154511,FAM69A,fbg,-0.00306845025997721,0.936237255972025,0.001528,39.079,1323,0.0120825306886204,TRUE,""
ENSG00000155363,MOV10,fbg,0.0216034544810046,0.481093153359666,0.003243,25.4942,1839,0.00676977337755719,TRUE,""
ENSG00000155380,SLC16A1,fbg,-0.0478270793267428,0.175468950513596,0.003243,15.5363,1600,0.00959186402377212,TRUE,""
ENSG00000155761,SPAG17,fbg,0.027608390697333,0.185974874255209,0.001686,16.5182,1880,0.0087587833029438,TRUE,""
ENSG00000156876,SASS6,fbg,0.147860676572054,0.00687782332399803,0.0007049,23.8254,1899,0.163013728202362,TRUE,""
ENSG00000157181,C1orf27,fbg,0.0240828433158141,0.693625785030416,0.0002101,9.6085,1540,0.0041076004980101,TRUE,""
ENSG00000157184,CPT2,fbg,0.0303176069919825,0.248563248217182,0.001522,26.3723,1585,0.00890666700459978,TRUE,""
ENSG00000157216,SSBP3,fbg,-0.0944455947820685,0.393012649581705,0.002695,7.7272,1848,0.00817885846035627,TRUE,""
ENSG00000157881,PANK4,fbg,0.0368390480261005,0.230139340443417,0.002196,20.2892,1092,0.00828473533506528,TRUE,""
ENSG00000157978,LDLRAP1,fbg,-0.00871613027867987,0.185974874255209,0.000818,75.1271,1266,0.0120316924496175,TRUE,""
ENSG00000158006,PAFAH2,fbg,0.00871851858654691,0.681617864273084,0.008789,32.6661,1109,0.00516284086484498,TRUE,""
ENSG00000158286,RNF207,fbg,-0.0189839162534464,0.433856933557041,0.004622,30.4987,1914,0.00746269666642784,TRUE,""
ENSG00000158473,CD1D,fbg,-0.0539864275694734,0.317310507862914,0.001098,10.5508,2188,0.00455743335063344,TRUE,""
ENSG00000158477,CD1A,fbg,-0.0152889556581751,0.468151357247347,0.002608,51.2785,2110,0.00656722207630497,TRUE,""
ENSG00000158481,CD1C,fbg,-0.0283669269624384,0.458126425559177,0.002608,14.4323,2075,0.00445144579502757,TRUE,""
ENSG00000158485,CD1B,fbg,-0.0168148680562686,0.458126425559177,0.002608,24.3475,2070,0.00448129537304934,TRUE,""
ENSG00000158488,CD1E,fbg,-0.00761651392491007,0.640738381802541,0.002608,32.6077,2069,0.00444113303677349,TRUE,""
ENSG00000158710,TAGLN2,fbg,-0.010236556628554,0.596519838726618,0.004225,31.0058,1815,0.00464308345718473,TRUE,""
ENSG00000158711,ELK4,fbg,0.0733059211916082,0.15964990164281,0.004246,10.9061,1571,0.010136326744517,TRUE,""
ENSG00000158716,DUSP23,fbg,0.0561111108602412,0.0577014590116585,0.004225,27.2247,1829,0.0340133307669003,TRUE,""
ENSG00000158769,F11R,fbg,-0.00375212927309988,0.913909936512377,0.000783,18.9117,1703,0.00436741989393027,TRUE,""
ENSG00000158850,B4GALT3,fbg,-1.00965924595536,0.598668814257765,0.000783,15.9272,1762,0.0552311416435245,TRUE,""
ENSG00000158869,FCER1G,fbg,0.0468370854176487,0.166170104682876,0.000783,70.1351,1817,0.00983467840376367,TRUE,""
ENSG00000158874,APOA2,fbg,0.0733024060225203,0.0265037373413258,0.000783,16.6169,1824,0.0421853871519188,TRUE,""
ENSG00000158882,TOMM40L,fbg,-0.0147060321997447,0.348501423761085,0.000783,33.1426,1830,0.00581623434559225,TRUE,""
ENSG00000158966,CACHD1,fbg,-0.0461732679260075,0.437830430868302,0.001752,17.3477,2117,0.00936914586688349,TRUE,""
ENSG00000159164,SV2A,fbg,0.047572649985018,0.544260468638822,0.001744,10.5534,468,0.013779796988159,TRUE,""
ENSG00000159189,C1QC,fbg,-0.0420945287641155,0.185659381979118,0.002044,19.0274,1563,0.00970053969414732,TRUE,""
ENSG00000159388,BTG2,fbg,-0.00596745925281842,0.628477445586286,0.003817,52.4358,1672,0.00554206654317879,TRUE,""
ENSG00000159423,ALDH4A1,fbg,-0.0522766267985896,0.591901551980899,0.003273,15.1702,2156,0.0132526996029539,TRUE,""
ENSG00000159445,THEM4,fbg,0.0214304693221137,0.235944236122478,0.0002148,81.7303,1365,0.00387336184898763,TRUE,""
ENSG00000159588,CCDC17,fbg,0.0915843821504755,0.445083972938247,0.000825,16.2707,1076,0.018812731741957,TRUE,""
ENSG00000159596,TMEM69,fbg,-0.00507981991027122,0.933586496294755,0.000825,9.0174,1106,0.00454837817724555,TRUE,""
ENSG00000160049,DFFA,fbg,-0.0136337006022138,0.518822668670191,0.005201,25.9746,1082,0.0045451975390481,TRUE,""
ENSG00000160087,UBE2J2,fbg,0.0957146984364708,0.530226973027948,0.01538,8.8646,350,0.0124131398894049,TRUE,""
ENSG00000160097,FNDC5,fbg,0.0201657020941232,0.812779285408195,0.00205,7.7997,1149,0.0193971214764251,TRUE,""
ENSG00000160685,ZBTB7B,fbg,-0.00153355733609029,0.979543663087131,0.002818,11.607,910,0.00471390119773706,TRUE,""
ENSG00000160716,CHRNB2,fbg,0.032702384985969,0.331753366775936,0.002785,17.518,977,0.00696046903398872,TRUE,""
ENSG00000160766,GBAP1,fbg,-0.0209996795319641,0.0153403612414819,0.002818,61.2499,926,0.0261988563220212,TRUE,""
ENSG00000160781,PAQR6,fbg,-0.00105819739341045,0.849944540437619,0.001098,121.5228,1131,0.00385908546767402,TRUE,""
ENSG00000162366,PDZK1IP1,fbg,0.00388474952095364,0.747012853671546,0.001204,88.1892,1572,0.00752904468288524,TRUE,""
ENSG00000162368,CMPK1,fbg,-0.0181286544657173,0.462160389897216,0.001204,24.5305,1591,0.00535060151216857,TRUE,""
ENSG00000162373,BEND5,fbg,0.0104361239593219,0.878759172731833,0.002151,15.3498,1460,0.00724645373156427,TRUE,""
ENSG00000162378,ZYG11B,fbg,0.0161377699356963,0.0718606382258516,0.001522,59.7532,1477,0.0215724047136802,TRUE,""
ENSG00000162383,SLC1A7,fbg,-0.0615212129230226,0.21129954733371,0.001522,28.7825,1495,0.0202117514002316,TRUE,""
ENSG00000162402,USP24,fbg,-0.0418898370625779,0.562624686915214,0.00252,18.3461,1993,0.0110023960172586,TRUE,""
ENSG00000162444,RBP7,fbg,-0.0166644235384476,0.479369457910652,0.005201,30.6212,1180,0.00618306024507138,TRUE,""
ENSG00000162482,AKR7A3,fbg,-0.0300906916538705,0.49924658287522,0.001418,14.4434,1992,0.00553260147992132,TRUE,""
ENSG00000162490,DRAXIN,fbg,-0.000527846052141131,0.982656049567221,0.002302,25.2636,1259,0.0053265889663726,TRUE,""
ENSG00000162512,SDC3,fbg,-0.0587877961364416,0.179318236045376,0.000104,14.1344,2165,0.00986429154815226,TRUE,""
ENSG00000162522,KIAA1522,fbg,-0.0610540293958982,0.380064326291355,0.00205,22.8906,1033,0.0155124840033205,TRUE,""
ENSG00000162543,UBXN10,fbg,-0.0140654962902471,0.841480581121794,1.131e-05,10.3387,1757,0.00436648385576627,TRUE,""
ENSG00000162551,ALPL,fbg,-0.0914720934857708,0.00741917106504457,0.001058,15.9286,1690,0.117669497052683,TRUE,""
ENSG00000162572,SCNN1D,fbg,0.0416454644823387,0.429120433490312,0.01538,11.3898,371,0.00677915779622344,TRUE,""
ENSG00000162594,IL23R,fbg,-0.0116764071813034,0.693625785030416,0.0001146,19.7507,2293,0.00417357740401238,TRUE,""
ENSG00000162599,NFIA,fbg,-0.110305064131386,0.0850292707808799,0.0007042,9.9529,1704,0.0191993473529821,TRUE,""
ENSG00000162601,MYSM1,fbg,-0.111037963064696,0.0393406380965115,0.0008544,10.8269,2165,0.0284390638167963,TRUE,""
ENSG00000162604,TM2D1,fbg,0.0049363040698088,0.732271676747657,0.0007042,46.7186,1764,0.004760983476173,TRUE,""
ENSG00000162620,LRRIQ3,fbg,0.00504850012548882,0.78118295086715,5.638e-06,32.0502,1881,0.00481074861008685,TRUE,""
ENSG00000162630,B3GALT2,fbg,-0.0198529977641363,0.778518657215875,0.002174,8.0674,1692,0.00464875864613551,TRUE,""
ENSG00000162643,WDR63,fbg,0.0141418073019991,0.332197561388374,3.356e-06,36.6412,2229,0.00615950056271827,TRUE,""
ENSG00000162650,ATXN7L2,fbg,0.00959615941329382,0.845297478259299,0.001876,9.9563,1501,0.00491450545347099,TRUE,""
ENSG00000162654,GBP4,fbg,0.00824927007863068,0.731705934672859,0.002997,25.8932,1658,0.00440778362113933,TRUE,""
ENSG00000162688,AGL,fbg,0.0100512200167625,0.808451451773901,0.0007049,14.1417,2009,0.00397969488508179,TRUE,""
ENSG00000162692,VCAM1,fbg,-0.0374036614829076,0.0744588055928865,0.0007049,30.842,1989,0.0206850520848132,TRUE,""
ENSG00000162694,EXTL2,fbg,-0.00293769645885335,0.896859459976284,0.0009393,43.218,1992,0.00646098276812357,TRUE,""
ENSG00000162723,SLAMF9,fbg,0.327508112869582,0.0297116662879534,0.004225,7.7684,1791,0.079338528317086,TRUE,""
ENSG00000162729,IGSF8,fbg,-0.023726888993113,0.477377817921635,0.004225,20.2555,1786,0.00582143162320073,TRUE,""
ENSG00000162734,PEA15,fbg,-0.00680625869901042,0.714474277651148,0.004225,39.2286,1759,0.00523582601234166,TRUE,""
ENSG00000162738,VANGL2,fbg,0.0353189691906411,0.716129568855565,0.003296,5.297,1810,0.00404608500860156,TRUE,""
ENSG00000162739,SLAMF6,fbg,-0.0290820634144164,0.409371590694505,0.003296,19.8887,1766,0.00689536938470008,TRUE,""
ENSG00000162757,C1orf74,fbg,0.0286681700305171,0.880764615259515,0.0002072,7.3942,2063,0.0150826902119127,TRUE,""
ENSG00000162769,FLVCR1,fbg,-0.00728824177309001,0.608076879465923,0.001554,50.8684,1800,0.00672712070820318,TRUE,""
ENSG00000162772,ATF3,fbg,0.0678346715317902,0.357572759228743,0.001554,12.0295,1788,0.00916482391649076,TRUE,""
ENSG00000162775,RBM15,fbg,0.0262562377788731,0.508426146432504,0.002859,18.6484,1870,0.0096937394551249,TRUE,""
ENSG00000162783,IER5,fbg,0.00641039063876323,0.617075077451974,0.0003106,39.559,1913,0.00433650608375864,TRUE,""
ENSG00000162817,C1orf115,fbg,-0.0185604711447674,0.276202886617978,0.0007661,51.793,1916,0.00988701654874414,TRUE,""
ENSG00000162851,TFB2M,fbg,-0.0595579792728109,0.219232533281333,0.001606,11.3004,2034,0.00870477395077174,TRUE,""
ENSG00000162877,PM20D1,fbg,0.020808244190905,0.129486728502174,0.001884,43.9073,1575,0.00509696392277721,TRUE,""
ENSG00000162888,C1orf147,fbg,0.00177238869566094,0.916166996259808,0.001884,15.9487,1217,0.00464667654289594,TRUE,""
ENSG00000162889,MAPKAPK2,fbg,-0.0101793734515631,0.928287214829656,0.001884,10.5591,1192,0.00712798061875386,TRUE,""
ENSG00000162892,IL24,fbg,0.0243021894358342,0.419982497240339,0.001884,16.6197,1258,0.0052097323240973,TRUE,""
ENSG00000162910,MRPL55,fbg,-0.021386952468447,0.462160389897216,0.002716,20.6247,1625,0.00538668476786046,TRUE,""
ENSG00000162913,C1orf145,fbg,-0.000404995040363794,0.974266251454282,0.002716,18.3035,1560,0.00375889602858269,TRUE,""
ENSG00000162931,TRIM17,fbg,-0.345429037676674,0.541126024471668,0.002716,5.6189,1405,0.0240550614170008,TRUE,""
ENSG00000162946,DISC1,fbg,0.0196741108577566,0.163335906964226,0.0009858,49.8175,2216,0.00451866636328345,TRUE,""
ENSG00000163041,H3F3A,fbg,0.00166596382151929,0.841480581121794,0.007316,39.7667,1559,0.0043188840023282,TRUE,""
ENSG00000163050,ADCK3,fbg,-0.0286145573280988,0.0686809456631793,0.007316,91.9149,1782,0.00712705591977434,TRUE,""
ENSG00000163125,RPRD2,fbg,0.0348451273928645,0.260589034273618,0.0002148,12.3386,663,0.00787163418454497,TRUE,""
ENSG00000163155,LYSMD1,fbg,-0.0656704976044546,0.117793483920391,0.0002148,15.1185,1031,0.0156009643843684,TRUE,""
ENSG00000163156,SCNM1,fbg,-0.0772562383695686,0.00580458666760179,0.0002148,19.4831,1024,0.236036625088097,TRUE,""
ENSG00000163191,S100A11,fbg,-0.138665434812083,0.0283953365465987,0.0002148,19.3542,1475,0.0811194533731209,TRUE,""
ENSG00000163220,S100A9,fbg,0.0263300883467058,0.377585975474249,9.475e-05,30.2607,1593,0.00863166540230399,TRUE,""
ENSG00000163344,PMVK,fbg,0.059358346000073,0.0490977381009836,0.002818,18.292,903,0.0243855396745645,TRUE,""
ENSG00000163349,HIPK1,fbg,-0.0188580855289199,0.754660563059686,0.0006516,9.3808,1412,0.00441507000097131,TRUE,""
ENSG00000163354,DCST2,fbg,-0.00362969004893964,0.979543663087131,0.002818,4.904,909,0.00286394169637031,TRUE,""
ENSG00000163382,APOA1BP,fbg,0.000587582399321188,0.976536189986223,0.001098,30.0059,1551,0.00406653601325153,TRUE,""
ENSG00000163386,NBPF10,fbg,-0.0565997828078845,0.225465985004507,0.01785,5.663,138,0.00903797002631161,TRUE,""
ENSG00000163393,SLC22A15,fbg,0.0104523351513246,0.360566735097472,0.0008496,66.3686,1904,0.0039609791251061,TRUE,""
ENSG00000163435,ELF3,fbg,0.00684056300139309,0.813980460416918,0.0004556,20.817,1942,0.00414874972016489,TRUE,""
ENSG00000163444,TMEM183A,fbg,-0.0180289298844969,0.2870949517261,0.001466,26.6012,1623,0.00646017092616156,TRUE,""
ENSG00000163468,CCT3,fbg,0.0228144582235175,0.149534833950161,0.001098,38.2049,1236,0.00938080680997078,TRUE,""
ENSG00000163472,TMEM79,fbg,-0.00201076093839981,0.849944540437619,0.001098,63.9812,1192,0.00385230006142123,TRUE,""
ENSG00000163486,SRGAP2,fbg,-0.0181376951020862,0.391365938307552,0.001884,26.872,1214,0.00598912225483944,TRUE,""
ENSG00000163564,PYHIN1,fbg,0.142509899866237,0.0741455311114069,0.00373,31.0361,2023,0.0724076210104912,TRUE,""
ENSG00000163565,IFI16,fbg,0.0331316458702494,0.33834178200169,0.00373,23.8165,2056,0.00674498064858292,TRUE,""
ENSG00000163873,GRIK3,fbg,-0.0849596565508154,0.192564416267239,0.0008783,8.8154,1321,0.00916922906298997,TRUE,""
ENSG00000164008,C1orf50,fbg,0.115529439421208,0.137583964946947,0.0001169,7.5354,1578,0.0113076242096337,TRUE,""
ENSG00000164011,ZNF691,fbg,-0.0402439144754028,0.759511416075572,0.0001169,6.6121,1564,0.00659078385176931,TRUE,""
ENSG00000168118,RAB4A,fbg,0.0299571046195401,0.235030456586428,0.001227,20.6914,1472,0.00944287623524325,TRUE,""
ENSG00000168264,IRF2BP2,fbg,0.0014249554147041,0.981004543302515,0.00132,12.426,2127,0.00484968219756097,TRUE,""
ENSG00000168275,COA6,fbg,-0.0412349412824142,0.261671589062945,0.00132,45.5968,2260,0.00439537888006783,TRUE,""
ENSG00000168528,SERINC2,fbg,0.00124770008362834,0.922905718287002,0.000104,42.6499,1411,0.00371894665453988,TRUE,""
ENSG00000168653,NDUFS5,fbg,-0.00725114451081556,0.401632246433539,0.0002863,71.6482,1513,0.00808455662992834,TRUE,""
ENSG00000168710,AHCYL1,fbg,-0.00710300960103433,0.902937651007571,0.001876,12.5299,1641,0.00480017482599007,TRUE,""
ENSG00000168765,GSTM4,fbg,-0.0100700930450401,0.122865441229318,0.001876,88.2507,1635,0.0133467849384936,TRUE,""
ENSG00000169231,THBS3,fbg,0.00794126614129217,0.531971058097401,0.002818,75.7161,921,0.0116006411372891,TRUE,""
ENSG00000169291,SHE,fbg,0.0417457251443392,0.37577150825113,0.002785,11.9324,1006,0.0060089346112305,TRUE,""
ENSG00000169442,CD52,fbg,0.0455561421338471,0.108435903410357,0.008789,23.7537,939,0.0166072063915032,TRUE,""
ENSG00000169504,CLIC4,fbg,-0.0268861251128428,0.617075077451974,0.000818,32.9082,1235,0.0131434064664081,TRUE,""
ENSG00000169598,DFFB,fbg,-0.0634090025505035,0.258884225947615,0.0005946,9.7914,2317,0.00760798588136617,TRUE,""
ENSG00000170385,SLC30A1,fbg,0.15951181643982,0.107451112978789,0.001556,7.3264,1841,0.0177718549228665,TRUE,""
ENSG00000170989,S1PR1,fbg,-0.0533134983775488,0.21129954733371,0.0009393,12.1434,2152,0.00834612334666543,TRUE,""
ENSG00000171488,LRRC8C,fbg,-0.00270379992236976,0.821351959007176,0.0003532,57.3466,1650,0.00384060327242817,TRUE,""
ENSG00000171492,LRRC8D,fbg,0.00311134636770467,0.821351959007176,0.0003532,41.4808,1665,0.00377191658500023,TRUE,""
ENSG00000171786,NHLH1,fbg,0.0670623672444805,0.491767700760523,0.003296,5.8182,1803,0.00463909230826967,TRUE,""
ENSG00000171790,SLFNL1,fbg,0.171138803613186,0.294279159891131,0.007063,8.6269,1725,0.0169076877345041,TRUE,""
ENSG00000171793,CTPS1,fbg,0.00794588285128234,0.564779052623049,0.007063,38.7671,1710,0.00442180606355482,TRUE,""
ENSG00000171806,METTL18,fbg,0.00925608466880287,0.533520127186025,4.083e-05,56.9851,2414,0.00761369266840852,TRUE,""
ENSG00000172031,EPHX4,fbg,0.0454964968514621,0.328831316099677,0.001561,32.2445,1733,0.0162370991659165,TRUE,""
ENSG00000172260,NEGR1,fbg,-0.00244420715434435,0.826844797716898,0.001316,34.2031,1543,0.0039864502442393,TRUE,""
ENSG00000172456,FGGY,fbg,-0.0165934809455442,0.661748776081758,0.0008544,22.486,1757,0.00635317539485799,TRUE,""
ENSG00000173110,HSPA6,fbg,-0.0382314843860985,0.273412340113948,0.000783,14.3675,1976,0.00897022110512614,TRUE,""
ENSG00000174021,GNG5,fbg,-0.0350923704175191,0.453254704753736,3.356e-06,24.6643,2221,0.0105528188816755,TRUE,""
ENSG00000174059,CD34,fbg,-0.106452097310501,0.0726741286768933,0.002234,11.6652,2020,0.0227322187862267,TRUE,""
ENSG00000174514,MFSD4,fbg,0.055931457202461,0.213778211996613,0.004246,13.3597,1600,0.00944381665756839,TRUE,""
ENSG00000174529,TMEM81,fbg,0.0170249548366362,0.628477445586286,0.004246,15.4668,2154,0.00432423054718906,TRUE,""
ENSG00000174606,ANGEL2,fbg,0.0223126348830881,0.0801183137276342,1.36e-07,44.5217,1829,0.00239549787036347,TRUE,""
ENSG00000175262,C1orf127,fbg,0.038611520684977,0.65672128656377,0.005201,6.4491,1307,0.00475416018428769,TRUE,""
ENSG00000175793,SFN,fbg,0.0768220069517281,0.110992040456491,1.967e-05,11.6981,954,0.0136858197420345,TRUE,""
ENSG00000176022,B3GALT6,fbg,-0.0055639893163088,0.799074192526507,0.01538,57.9229,328,0.00686556569493223,TRUE,""
ENSG00000176083,ZNF683,fbg,0.0369070287229376,0.11163003635549,0.008789,33.5553,958,0.0179130580723581,TRUE,""
ENSG00000176092,AIM1L,fbg,0.0248916484248603,0.617075077451974,0.008789,12.0743,944,0.00474954389675608,TRUE,""
ENSG00000177000,MTHFR,fbg,0.000786380713298405,0.95910077028586,0.002302,93.8007,1321,0.00437797464953034,TRUE,""
ENSG00000177272,KCNA3,fbg,-0.0527940156971569,0.196938679952046,0.002859,13.4851,2030,0.00838431344970974,TRUE,""
ENSG00000177301,KCNA2,fbg,0.151965512384155,0.179561867612366,0.002859,5.8496,2018,0.0115440018066328,TRUE,""
ENSG00000177606,JUN,fbg,-0.000625056315418385,0.974266251454282,0.0008544,28.3811,2089,0.00379760078976799,TRUE,""
ENSG00000177614,PGBD5,fbg,0.0303487403942357,0.531971058097401,0.001227,14.4597,1878,0.00564611521572591,TRUE,""
ENSG00000177628,GBA,fbg,0.0500912227463286,0.0124193306515523,0.002818,20.2622,924,0.0799405057343705,TRUE,""
ENSG00000177674,AGTRAP,fbg,0.017626140484603,0.530064880329334,0.002302,27.0733,1309,0.00606256059038417,TRUE,""
ENSG00000177868,CCDC23,fbg,-0.0151625531241206,0.288008758003942,0.0001169,144.1869,1574,0.0102341045185575,TRUE,""
ENSG00000177888,ZBTB41,fbg,-0.0299513275945191,0.78118295086715,0.01186,5.9098,1272,0.00944817981830878,TRUE,""
ENSG00000178028,DMAP1,fbg,-0.00761780429678661,0.874539745432806,0.0008897,13.9941,1344,0.00447336442996018,TRUE,""
ENSG00000178585,CTNNBIP1,fbg,0.00257617927308483,0.920344325445942,0.0002507,27.3511,1202,0.00469385151539804,TRUE,""
ENSG00000179051,RCC2,fbg,0.0229211426497629,0.288868967123965,0.003642,25.9662,1751,0.00697056984012922,TRUE,""
ENSG00000179085,DPM3,fbg,-0.0327902608409585,0.531971058097401,0.002818,10.8045,923,0.00601501166381863,TRUE,""
ENSG00000179163,FUCA1,fbg,-0.0150708070307441,0.087325540556004,0.000818,63.5772,1123,0.0184857691803299,TRUE,""
ENSG00000179862,CITED4,fbg,0.0330803193339333,0.21129954733371,0.002092,64.5751,1667,0.00624452050423118,TRUE,""
ENSG00000180875,GREM2,fbg,-0.0291737739548492,0.477377817921635,0.0007871,16.4737,2466,0.0057013858686716,TRUE,""
ENSG00000181036,FCRL6,fbg,-0.00282426778455362,0.821979274262541,0.004225,59.2039,1825,0.00464858931461207,TRUE,""
ENSG00000181450,ZNF678,fbg,-0.136348167304709,0.613211556624417,0.002716,5.9849,1718,0.00823502819236783,TRUE,""
ENSG00000181754,AMIGO1,fbg,0.0261930163104367,0.155795591786075,0.001876,29.9011,1528,0.00992477149608674,TRUE,""
ENSG00000181817,LSM10,fbg,0.00883555585252491,0.883651835100635,0.0008783,12.0713,1218,0.00480291134410764,TRUE,""
ENSG00000182183,FAM159A,fbg,0.0177942276567085,0.328695814040283,0.001522,42.0516,1372,0.00834435899517799,TRUE,""
ENSG00000182901,RGS7,fbg,0.0370940707335246,0.527662046790784,0.0007871,11.327,2233,0.0054922048144462,TRUE,""
ENSG00000183155,RABIF,fbg,0.0558089262777664,0.448704997513635,0.001307,7.8249,1646,0.00488927697967071,TRUE,""
ENSG00000183291,SEP15,fbg,0.0346217497958013,0.545004156790744,0.0008768,11.2968,1894,0.0055459340017869,TRUE,""
ENSG00000183347,GBP6,fbg,0.00269261193222217,0.95309266714744,0.0003532,13.1326,1649,0.00536084873759084,TRUE,""
ENSG00000183386,FHL3,fbg,-0.0170925844920309,0.327716664719426,0.001293,103.6953,1568,0.0055377776244781,TRUE,""
ENSG00000183814,LIN9,fbg,0.0234895992631549,0.689156516779352,0.007316,12.0835,1768,0.0045106897359951,TRUE,""
ENSG00000184007,PTP4A2,fbg,-0.0847143549340666,0.396168007039194,0.002438,5.8424,973,0.0058340953388217,TRUE,""
ENSG00000184292,TACSTD2,fbg,0.0123964443394361,0.831293050287566,0.0008544,132.2549,2237,0.00766331245146381,TRUE,""
ENSG00000184588,PDE4B,fbg,0.101314317272246,0.0574331196320036,0.0001146,13.283,2285,0.027999174104132,TRUE,""
ENSG00000184677,ZBTB40,fbg,0.00528290935952144,0.771569465555293,0.001058,30.3242,1658,0.0041507634578691,TRUE,""
ENSG00000185031,RP11-182I10.4,fbg,0.0301004628050859,0.689156516779352,0.001752,6.863,2121,0.00466441835317901,TRUE,""
ENSG00000185220,PGBD2,fbg,0.251157433129705,0.146785320227104,1.67e-05,4.9817,428,0.0238010170153619,TRUE,""
ENSG00000185483,ROR1,fbg,0.0406010920278167,0.670836674740339,0.001752,7.2973,2220,0.00800721962424052,TRUE,""
ENSG00000185946,RNPC3,fbg,-0.0205244044231553,0.786952335429884,0.009176,8.613,1589,0.00469290242830903,TRUE,""
ENSG00000186056,MATN1-AS1,fbg,-0.0618482405442649,0.260589034273618,0.000104,7.6473,2326,0.00719851438294126,TRUE,""
ENSG00000186063,AIDA,fbg,-0.44519940726989,0.488744120386507,0.001503,6.896,1105,0.105618767584932,TRUE,""
ENSG00000186283,TOR3A,fbg,0.000696839294326934,0.977206399475098,0.00103,17.1385,1637,0.00440364421628267,TRUE,""
ENSG00000187145,MRPS21,fbg,-0.0178167227932336,0.0915072499234822,0.0002148,36.1969,607,0.0159568192722745,TRUE,""
ENSG00000187800,PEAR1,fbg,0.00799828345689724,0.865158523562643,0.001098,18.2792,1775,0.00632638857349796,TRUE,""
ENSG00000187862,TTC24,fbg,0.0189551817870846,0.420499160931281,0.001098,24.5728,1544,0.00594102351519878,TRUE,""
ENSG00000188295,ZNF669,fbg,0.00646735458454877,0.75831647352629,0.001606,32.9622,1779,0.00480017912472039,TRUE,""
ENSG00000188404,SELL,fbg,0.0236956329803761,0.0317885988775997,4.083e-05,79.7549,2430,0.00939537326718615,TRUE,""
ENSG00000188529,SRSF10,fbg,-0.0199144498959806,0.467058901715173,0.000818,11.5519,1202,0.00508446402399277,TRUE,""
ENSG00000188641,DPYD,fbg,-0.00256712797434022,0.895317338291782,6.129e-05,31.7027,1581,0.0046017297592249,TRUE,""
ENSG00000188761,BCL2L15,fbg,0.0197209001724143,0.671389024011197,0.0006516,11.5547,1412,0.00445594511606226,TRUE,""
ENSG00000196182,STK40,fbg,0.0738415082549306,0.393691925690234,0.0008783,6.967,1231,0.00629192459880755,TRUE,""
ENSG00000196352,CD55,fbg,-0.00614985562506139,0.381573905705021,0.001884,98.3057,1792,0.00513780741697836,TRUE,""
ENSG00000197056,ZMYM1,fbg,-0.00605669576201731,0.849579350391596,0.001062,30.884,1285,0.00699455923828032,TRUE,""
ENSG00000197568,HHLA3,fbg,0.00836736071363767,0.700522394103849,0.0195,31.9092,1717,0.00517563437536037,TRUE,""
ENSG00000197721,CR1L,fbg,-0.0164571328038414,0.51371680889053,0.002234,18.6383,1934,0.00924846355463544,TRUE,""
ENSG00000197780,TAF13,fbg,-0.0126299709509939,0.848596817655171,0.001876,19.8574,1387,0.0183471816353569,TRUE,""
ENSG00000197852,FAM212B,fbg,0.012559222759629,0.458126425559177,0.003243,29.1071,2215,0.00490698372609593,TRUE,""
ENSG00000197982,C1orf122,fbg,0.000570480603344855,0.977206399475098,0.0008783,28.5939,1597,0.00418839393120645,TRUE,""
ENSG00000198160,MIER1,fbg,-0.0367085319231352,0.0295200906044938,0.0001146,35.8821,2233,0.0381363668966192,TRUE,""
ENSG00000198162,MAN1A2,fbg,-0.00439377083874875,0.845827892312863,0.001279,28.2615,1681,0.00436311178671834,TRUE,""
ENSG00000198483,ANKRD35,fbg,-0.0115780009356635,0.276491247419954,0.01785,43.1813,221,0.00828013980620694,TRUE,""
ENSG00000198492,YTHDF2,fbg,-0.0207343369363826,0.349538991650093,0.003879,14.9962,1013,0.00631851349848675,TRUE,""
ENSG00000198520,C1orf228,fbg,0.0140063173580586,0.531971058097401,0.000825,25.4163,1227,0.00477363002463538,TRUE,""
ENSG00000198626,RYR2,fbg,-0.0224552664884244,0.389176850174411,0.003749,24.5733,2739,0.00608522204809227,TRUE,""
ENSG00000198711,C1orf191,fbg,-0.0149111940963274,0.802587348634153,0.002695,5.8031,1805,0.00604306554376479,TRUE,""
ENSG00000198734,F5,fbg,-0.00660258684643422,0.472294969945709,4.083e-05,72.2636,2552,0.00452900038465827,TRUE,""
ENSG00000198756,GLT25D2,fbg,-0.0111845881644053,0.161513318467542,0.004287,103.5366,1946,0.0158582448187923,TRUE,""
ENSG00000198771,RCSD1,fbg,-0.00592571375644464,0.668235141795249,0.0003585,41.4442,2048,0.00456543814224131,TRUE,""
ENSG00000198830,HMGN2,fbg,-0.0104296619240896,0.90573404555763,0.008789,12.4243,979,0.0044941280300265,TRUE,""
ENSG00000198841,KTI12,fbg,0.0215000423873505,0.877009024888823,0.001522,9.9481,870,0.0100705129174655,TRUE,""
ENSG00000198860,TSEN15,fbg,-0.0325775540920125,0.113959193634688,0.004287,26.7705,1859,0.0128822593580562,TRUE,""
ENSG00000198952,SMG5,fbg,-0.00105929009958011,0.849944540437619,0.001098,123.6902,1166,0.00383306355684578,TRUE,""
ENSG00000201544,SNORA16B,fbg,-0.121108669082713,0.113959193634688,0.001554,5.5077,1687,0.00963439355127731,TRUE,""
ENSG00000202461,Y_RNA,fbg,-0.00817060712423327,0.738882680363527,0.002302,9.0904,1148,0.00469587908217562,TRUE,""
ENSG00000203666,EFCAB2,fbg,0.0188911128988094,0.118170245865335,0.0008792,49.9418,2031,0.00842114631526948,TRUE,""
ENSG00000203697,CAPN8,fbg,0.00694483800392227,0.867632334778193,0.0002694,13.8089,1109,0.00430851738504911,TRUE,""
ENSG00000203705,TATDN3,fbg,-0.0180518269777698,0.302867777010297,0.001554,30.5998,1789,0.00758381360399438,TRUE,""
ENSG00000203730,TEDDM1,fbg,0.0274013536686188,0.580515713596355,0.00788,13.1477,1854,0.00553969749642067,TRUE,""
ENSG00000203739,RP11-296O14.3,fbg,0.0132820586360098,0.517593873457392,0.002546,12.2862,1113,0.00507029809412899,TRUE,""
ENSG00000203761,MSTO2P,fbg,-0.0145773480829622,0.41325337549364,0.002818,14.8418,958,0.0055196477093335,TRUE,""
ENSG00000203804,C1orf138,fbg,-0.0796844079699073,0.269045576986182,0.0002148,8.4415,740,0.0082928220717417,TRUE,""
ENSG00000203865,ATP1A1OS,fbg,0.0132688983494445,0.188244713282316,0.0008496,30.1951,1721,0.0104570431679558,TRUE,""
ENSG00000204060,FOXO6,fbg,-0.0679939985199033,0.0490977381009836,0.007063,11.7867,1729,0.0253375343141948,TRUE,""
ENSG00000204160,ZDHHC18,fbg,0.0141302200977228,0.504985075093846,1.967e-05,40.7023,961,0.00917985256327345,TRUE,""
ENSG00000204624,PTCHD2,fbg,0.0333150074579338,0.57377540363273,0.005343,8.7423,1267,0.00509003577316699,TRUE,""
ENSG00000207709,MIR197,fbg,-0.115025820939596,0.0490977381009836,0.001876,6.7648,1587,0.0264123810540254,TRUE,""
ENSG00000207790,MIR29B2,fbg,-0.00126470860663004,0.975070165131246,0.002234,5.7335,2000,0.00656183711103206,TRUE,""
ENSG00000213047,DENND1B,fbg,-0.0238136414820585,0.598668814257765,0.01186,14.8481,1517,0.0057328903717543,TRUE,""
ENSG00000213057,C1orf220,fbg,-0.00759692266351031,0.722710426810277,0.0006314,25.5444,1667,0.00397995966382413,TRUE,""
ENSG00000213064,SFT2D2,fbg,-0.0930983671875701,0.0109135571481155,4.083e-05,14.5691,2083,0.0856297560296879,TRUE,""
ENSG00000213085,CCDC19,fbg,-0.0161356426348063,0.596519838726618,0.004225,17.9384,1828,0.00464430422815128,TRUE,""
ENSG00000213088,DARC,fbg,-0.0103221659865802,0.544474508963011,0.004225,31.3762,1968,0.00475455938438653,TRUE,""
ENSG00000213190,MLLT11,fbg,0.00706070655939097,0.772218915230022,0.0002148,27.4012,1034,0.00478359750131038,TRUE,""
ENSG00000213240,NOTCH2NL,fbg,0.0228513843939578,0.621777079324282,0.01785,12.8863,138,0.0104025984914074,TRUE,""
ENSG00000213281,NRAS,fbg,0.0371705596165458,0.731705934672859,0.0006516,5.7355,1700,0.00506116644200744,TRUE,""
ENSG00000213516,RBMXL1,fbg,-0.00555964247361087,0.826844797716898,0.002997,22.3963,1631,0.00393341689658902,TRUE,""
ENSG00000213625,LEPROT,fbg,0.00711627713208422,0.583426134426407,0.0001146,72.3889,2043,0.0056884295807528,TRUE,""
ENSG00000214262,ANKRD36BP1,fbg,0.125739313108804,0.03332007983584,4.083e-05,9.6236,2080,0.13880337502238,TRUE,""
ENSG00000215014,AL645728.1,fbg,-0.022178282395038,0.0749961633723513,0.002196,23.6531,554,0.0304779163110626,TRUE,""
ENSG00000215717,TMEM167B,fbg,-0.034249989775292,0.770541497710554,0.001876,16.5661,1373,0.0144507680024529,TRUE,""
ENSG00000215845,TSTD1,fbg,-0.010912470603761,0.533795755724387,0.000783,37.2891,1695,0.0095656617685155,TRUE,""
ENSG00000215902,AL353354.1,fbg,0.0587762575996103,0.0856599034048343,1.967e-05,6.1639,826,0.014975614946043,TRUE,""
ENSG00000218510,LINC00339,fbg,0.00475594935701286,0.662911145572604,0.001058,95.606,1706,0.0661672934783855,TRUE,""
ENSG00000222112,7SK,fbg,-0.0391280754756252,0.0485842439243545,0.00205,13.3527,1636,0.0299718020645839,TRUE,""
ENSG00000223356,RP11-66D17.5,fbg,-0.00714450990654743,0.863112229226665,0.001098,13.5561,1637,0.0104073589230657,TRUE,""
ENSG00000223519,RP11-439E19.8,fbg,-0.00255800985122345,0.851268623688206,0.001642,17.381,1911,0.00384216398446683,TRUE,""
ENSG00000224203,RP11-5K23.3,fbg,-0.00105137340991322,0.877731041501716,0.000783,41.5541,1962,0.00450087444812641,TRUE,""
ENSG00000224515,RP11-5K23.5,fbg,0.00466724385072524,0.906347316282193,0.000783,12.6133,1943,0.00796485742841649,TRUE,""
ENSG00000224616,RP11-305E17.6,fbg,-0.106847170451747,0.00146353664478518,0.0007049,9.7182,1820,0.408419906676924,TRUE,""
ENSG00000224805,LINC00853,fbg,0.0242603960087596,0.11163003635549,0.001204,21.4023,1555,0.0184033090995777,TRUE,""
ENSG00000225079,FTH1P22,fbg,0.147404531856999,0.0278068950269972,0.0008496,5.5333,1678,0.0721957956342034,TRUE,""
ENSG00000225113,RP5-1160K1.3,fbg,-0.0460687589496437,0.0613495523505698,0.001876,9.3386,1585,0.0217338802725731,TRUE,""
ENSG00000225632,RP5-997D24.3,fbg,0.0421756198469897,0.136392147794979,0.002695,12.3111,1849,0.0161700705711953,TRUE,""
ENSG00000225643,RP11-70P17.1,fbg,-0.021503094992788,0.608911450415323,0.000818,6.8853,1266,0.00581866877898058,TRUE,""
ENSG00000225891,RP3-476K8.3,fbg,-0.0272144441858347,0.541126024471668,0.008789,5.8092,962,0.00548288624597811,TRUE,""
ENSG00000225986,RP3-340N1.5,fbg,0.0296488866932632,0.402121784699465,1.131e-05,7.7464,1751,0.0049805568260753,TRUE,""
ENSG00000226026,RP11-57H12.3,fbg,0.0229877898870391,0.427126945094663,0.0001114,7.7368,1827,0.00545786726813884,TRUE,""
ENSG00000226029,RP4-798A10.2,fbg,0.0058021302395312,0.703238583398932,0.003642,27.2836,1253,0.0054535853881246,TRUE,""
ENSG00000226167,AP4B1-AS1,fbg,0.0370156447027092,0.121141516004118,0.0006516,11.8367,1409,0.0157298723121013,TRUE,""
ENSG00000226252,RP1-18D14.7,fbg,0.0891503879818219,0.0955807045456293,0.001204,5.5488,1574,0.0132454134273077,TRUE,""
ENSG00000226822,RP11-356N1.2,fbg,0.00324962581838438,0.617075077451974,0.0002447,36.5114,1854,0.00431670169657429,TRUE,""
ENSG00000226862,RP11-569A11.1,fbg,0.0684166712774948,0.0699089739364695,0.0004556,6.2882,1585,0.0250119777069132,TRUE,""
ENSG00000226891,RP11-182I10.3,fbg,0.00694062674268677,0.676922239021379,0.001752,16.0278,2118,0.00473817797599231,TRUE,""
ENSG00000226920,RP5-1068B5.3,fbg,-0.0997641304238475,0.215297197625348,0.001227,7.218,1535,0.0114054597818232,TRUE,""
ENSG00000227001,NBPF2P,fbg,-0.0060650151809542,0.358137983510638,0.001058,45.4359,1710,0.00586958227234384,TRUE,""
ENSG00000227295,ELL2P1,fbg,0.031207107951519,0.159649901642811,0.001098,9.9601,2185,0.0102260157644657,TRUE,""
ENSG00000227591,RP1-28O10.1,fbg,-0.0108375023558014,0.358137983510638,0.0002072,23.2665,2102,0.00662015364606967,TRUE,""
ENSG00000227630,RP4-781K5.8,fbg,-0.392230674229785,0.0365362140230813,0.00132,8.4982,2039,0.0980952945420108,TRUE,""
ENSG00000227740,RP11-318C24.2,fbg,0.00592477106945623,0.544474508963011,0.006179,25.0391,1778,0.00471066400789379,TRUE,""
ENSG00000227811,RP4-773A18.4,fbg,-0.0262450350200302,0.272396241223776,0.003243,12.7182,2214,0.00894740917586411,TRUE,""
ENSG00000227953,RP11-439E19.3,fbg,-0.00497274455363544,0.851268623688206,0.001642,18.0467,1913,0.00384305251741502,TRUE,""
ENSG00000227963,RP5-1074L1.1,fbg,0.00627089415749709,0.718016387438887,0.002859,15.3715,1829,0.00473599152281204,TRUE,""
ENSG00000228063,RP11-135J2.4,fbg,0.145612489271482,0.0163950718491923,0.000861,5.9221,2073,0.0958982208233379,TRUE,""
ENSG00000228106,RP11-452F19.3,fbg,0.0533853857339124,0.110890597528893,0.001503,13.5021,1041,0.0280761440663325,TRUE,""
ENSG00000228382,ITPKB-IT1,fbg,-0.000849096179398842,0.962019851444415,0.007316,17.4621,1828,0.00512283874342363,TRUE,""
ENSG00000228436,RP5-864K19.4,fbg,-0.156522339676269,0.193600969171221,0.0002863,5.2673,1449,0.0240795461675373,TRUE,""
ENSG00000228452,RP5-994D16.9,fbg,-0.00624173869290622,0.567709166197353,0.0001169,22.6415,1576,0.00477598035310048,TRUE,""
ENSG00000228549,RP11-108M9.3,fbg,0.0149965554444035,0.329878332049875,0.003642,16.0359,1311,0.00748315713325896,TRUE,""
ENSG00000228852,RP11-57H12.5,fbg,-0.024738763758088,0.317310507862914,0.0001114,12.6878,1863,0.541931690444166,TRUE,""
ENSG00000229052,RP11-386I23.1,fbg,-0.0268623387607422,0.391365938307552,0.001528,7.2101,1305,0.00616713858529455,TRUE,""
ENSG00000229106,RP11-4M23.2,fbg,-0.107079744387239,0.0815197340434251,0.000818,6.6234,1171,0.0199846284209293,TRUE,""
ENSG00000229162,RP11-84D1.1,fbg,0.0363016182867678,0.317310507862914,0.000818,6.4892,1289,0.00677507637851218,TRUE,""
ENSG00000229635,RP4-713B5.2,fbg,-0.0298210016861705,0.161513318467542,0.001528,12.125,1474,0.0139715141156611,TRUE,""
ENSG00000229961,RP11-71G12.1,fbg,-0.0766367393853218,0.647568367631056,0.001098,5.6461,1991,0.0121445495789369,TRUE,""
ENSG00000230068,CDC42-IT1,fbg,0.00450015068356661,0.932176815837669,0.001058,5.5016,1677,0.00702838357164496,TRUE,""
ENSG00000230124,RP5-1180C10.2,fbg,0.0119271163931514,0.381573905705021,0.0003106,24.1437,2013,0.00555298671110646,TRUE,""
ENSG00000230138,RP11-117D22.2,fbg,0.022063137994806,0.0955807045456294,0.001522,18.4908,1680,0.0157182104395514,TRUE,""
ENSG00000230424,RP1-43E13.2,fbg,0.0343015684395944,0.397466925422593,0.001418,8.6725,1937,0.00882086922792363,TRUE,""
ENSG00000230489,VAV3-AS1,fbg,0.0238497408952622,0.145795140951976,0.0002447,19.8871,1922,0.0102517427324406,TRUE,""
ENSG00000231050,RP1-140A9.1,fbg,-0.00763483496028011,0.232654673754248,0.002196,31.9225,640,0.00730622683499198,TRUE,""
ENSG00000231365,RP11-418J17.1,fbg,-0.00757966663076585,0.198542793686662,0.001686,44.4212,1734,0.0117665387851718,TRUE,""
ENSG00000231437,RP11-88H9.1,fbg,0.0488467060371387,0.233461530493144,0.003243,8.5038,2070,0.0112692709174156,TRUE,""
ENSG00000231581,RP5-997D24.5,fbg,0.00355906935924957,0.625286305140081,0.002695,38.9034,1790,0.00567479363722929,TRUE,""
ENSG00000231613,RP5-943J3.1,fbg,0.00607767767908858,0.196938679952046,0.0003532,48.084,1636,0.012417079335187,TRUE,""
ENSG00000231663,RP5-827C21.4,fbg,-0.0141249768782483,0.154713857286327,0.00132,39.4675,2257,0.0141211933098304,TRUE,""
ENSG00000231752,EMBP1,fbg,0.00990627396479911,0.689156516779352,0.008489,11.3245,256,0.00463832374538019,TRUE,""
ENSG00000232022,RP5-1109J22.1,fbg,-0.0649077991073683,0.302423598900007,0.002083,6.6794,1211,0.0439406701695083,TRUE,""
ENSG00000232093,RP11-307C12.11,fbg,0.0372424833669305,0.0735385619032396,0.002818,12.7393,906,0.026465291485504,TRUE,""
ENSG00000232347,RP11-488L18.8,fbg,-0.0116020935597361,0.420499160931281,0.001642,16.4648,1698,0.00558382360256927,TRUE,""
ENSG00000232450,RP4-730K3.3,fbg,-0.0367189704466766,0.0955807045456294,0.0006516,14.1406,1395,0.0198031358809928,TRUE,""
ENSG00000232453,RP4-794H19.1,fbg,-0.027413113509775,0.293129068088163,0.0008544,10.4352,2035,0.00631091568403605,TRUE,""
ENSG00000233184,RP11-421L21.3,fbg,-0.00975856397257581,0.21614570699231,0.0009393,35.725,2086,0.00941230336612834,TRUE,""
ENSG00000233337,UBE2FP3,fbg,0.0122382444898372,0.722710426810277,0.002859,6.1331,2380,0.0050580564951632,TRUE,""
ENSG00000233355,CHRM3-AS2,fbg,-0.0113387674158838,0.302423598900007,0.001578,43.4019,2371,0.0123764680334731,TRUE,""
ENSG00000233431,RP11-63N8.3,fbg,0.0158793435929542,0.525985322047422,0.001058,12.1451,1646,0.00597826403517671,TRUE,""
ENSG00000233461,RP11-295G20.2,fbg,-0.0013026770352801,0.950164661941506,0.001787,22.6887,2314,0.00382569085399421,TRUE,""
ENSG00000233621,RP11-422J8.1,fbg,-0.003921173535772,0.665427150454072,0.0008783,77.6787,1574,0.00409526957503732,TRUE,""
ENSG00000233730,RP4-666F24.3,fbg,0.0225200327702475,0.759943064406937,0.001272,5.0611,1822,0.0039872945706561,TRUE,""
ENSG00000233929,MT1XP1,fbg,-0.00990292028139214,0.510605772861378,0.003642,16.2865,1105,0.00566471154182416,TRUE,""
ENSG00000234222,RP11-315I20.1,fbg,0.000478602823572822,0.976536189986223,0.01785,15.4927,139,0.00413246211594306,TRUE,""
ENSG00000234476,RP11-496N12.6,fbg,0.0158464248950172,0.564779052623049,0.007316,7.898,1569,0.0134843446154929,TRUE,""
ENSG00000234518,PTGES3P1,fbg,-0.0247692572413243,0.709351436107037,0.002997,12.2781,1651,0.00608978073077414,TRUE,""
ENSG00000235169,SMIM1,fbg,-0.00564316159528955,0.391365938307552,0.0005946,95.6804,2227,0.00630345564342717,TRUE,""
ENSG00000235241,RP11-108M9.5,fbg,0.0119275400977914,0.698684565645401,0.003642,10.0954,1325,0.00404887627019373,TRUE,""
ENSG00000235782,RP3-333A15.1,fbg,0.00150478787923283,0.937074486238219,0.005554,13.1323,1587,0.00446854413549843,TRUE,""
ENSG00000236137,RP11-27K13.3,fbg,0.0904709767200722,0.0619481514134812,0.0008496,9.578,1564,0.0474070668293574,TRUE,""
ENSG00000236936,RP3-329E20.2,fbg,0.0108535506839748,0.302423598900007,1.131e-05,22.5529,1775,0.00527779187650407,TRUE,""
ENSG00000237276,ANO7L1,fbg,-0.00960160399714854,0.525985322047422,0.003642,41.4661,1106,0.00531547737542491,TRUE,""
ENSG00000237301,RP4-680D5.2,fbg,0.0134774126219208,0.247578913503389,0.001479,17.4107,1474,0.0065582072324912,TRUE,""
ENSG00000237520,RP11-443B7.2,fbg,-0.0105182652761688,0.577054511307163,0.00132,18.8131,1886,0.00696730860767975,TRUE,""
ENSG00000237781,RP11-54A4.2,fbg,0.00651897432470155,0.948408179199802,0.0002148,13.8046,732,0.0199956246897347,TRUE,""
ENSG00000237938,RP11-288I21.1,fbg,-0.00450772892726977,0.797068494359122,0.001479,13.9874,1403,0.00433352315055244,TRUE,""
ENSG00000237993,RP11-159M11.2,fbg,0.0333152892141216,0.47015786285767,0.0008496,4.8298,1849,0.0158196525141843,TRUE,""
ENSG00000238005,RP11-443B7.1,fbg,-0.00871452854347042,0.577054511307163,0.00132,34.4694,1901,0.00703768865590427,TRUE,""
ENSG00000238078,RP11-295M18.2,fbg,-0.00863742853095061,0.274064638609823,0.0007661,25.0807,1854,0.00692036647378057,TRUE,""
ENSG00000238198,RP11-31F15.2,fbg,-0.0716324347413101,0.0287060432176033,0.00326,6.8132,1555,0.0573268936121661,TRUE,""
ENSG00000238287,RP11-656D10.3,fbg,-0.0162751697032258,0.0737955658801398,0.0002863,24.3992,1517,0.019050287309168,TRUE,""
ENSG00000238975,snoU13,fbg,0.00238289541044821,0.954431397113681,0.003243,6.0314,1838,0.00425079028728253,TRUE,""
ENSG00000239887,C1orf226,fbg,0.0202148492314113,0.714474277651148,0.0001711,12.0062,2405,0.00493907055790258,TRUE,""
ENSG00000240038,AMY2B,fbg,-0.00559688069136851,0.786952335429884,0.004494,29.8728,1594,0.00468343220917821,TRUE,""
ENSG00000240710,RP11-430C7.4,fbg,0.0050912053383324,0.846529514964004,0.005261,8.7416,2199,0.00381844886760328,TRUE,""
ENSG00000241609,RP11-367J7.2,fbg,0.0111025545772207,0.33317326895895,0.001098,17.7989,2120,0.00576986084199537,TRUE,""
ENSG00000242125,SNHG3,fbg,0.0207104727595078,0.744543372864634,1.967e-05,17.577,1055,0.0112267609866309,TRUE,""
ENSG00000242349,NPPA-AS1,fbg,-0.0293130624877618,0.0145075422497357,0.002302,38.5879,1303,0.0908736073821361,TRUE,""
ENSG00000243284,VSIG8,fbg,-0.0266642868903621,0.596519838726618,0.004225,10.9416,1839,0.00483671666458058,TRUE,""
ENSG00000243323,PTPRVP,fbg,0.0181573742306013,0.203114836343132,0.0004556,17.1576,1855,0.00872972719513924,TRUE,""
ENSG00000243710,WDR65,fbg,0.00462923812526409,0.960122388323255,0.0001169,7.507,1528,0.0046254762791484,TRUE,""
ENSG00000243725,TTC4,fbg,0.0309493350019251,0.620949226914087,0.003553,25.8806,1917,0.012158337831274,TRUE,""
ENSG00000243960,RP11-552M11.4,fbg,-0.03441438655093,0.457568175062507,0.002859,5.0849,2382,0.00492359266079234,TRUE,""
ENSG00000244038,DDOST,fbg,0.0591168083184024,0.0801183137276342,1.131e-05,25.2919,1756,0.0209207489503426,TRUE,""
ENSG00000253047,SNORA40,fbg,-0.0701933546872606,0.0826887231350612,0.0002148,5.2025,740,0.0166038873155057,TRUE,""
ENSG00000253193,FCGR1C,fbg,-0.0396063083268912,0.159784383015129,0.001744,19.6219,231,0.0224009066774757,TRUE,""
ENSG00000254685,FPGT,fbg,0.00800230261551519,0.333173268958951,5.638e-06,53.1995,1859,0.00494708375845189,TRUE,""
ENSG00000258634,RP4-773N10.4,fbg,-0.0366349315804494,0.247862996149615,0.001876,14.5951,1694,0.00791629357666636,TRUE,""
ENSG00000259834,RP11-284N8.3,fbg,-0.042052740749659,0.0623727874477436,0.002859,14.4624,2023,0.0315850792711812,TRUE,""
ENSG00000259984,RP11-335G20.7,fbg,-0.00408445399478798,0.958462293013569,0.000818,8.353,1283,0.0102662966463857,TRUE,""
ENSG00000260063,RP5-968P14.2,fbg,-0.0146288873404418,0.844274735076052,1.967e-05,11.2778,988,0.00704010194153754,TRUE,""
ENSG00000260698,RP11-439E19.9,fbg,-0.000674973013369465,0.984946467502462,0.001642,10.9874,1939,0.0107876382444038,TRUE,""
ENSG00000260766,RP11-226L15.5,fbg,0.0588396487036208,0.0204036819840422,0.004225,20.1702,1787,0.0869930029845135,TRUE,""
ENSG00000260805,RP11-61J19.4,fbg,-0.0385255356858112,0.0826887231350612,0.001554,10.8225,1765,0.0181454244990765,TRUE,""
ENSG00000260855,RP11-439E19.10,fbg,-0.00434949925711006,0.698684565645401,0.001642,19.826,1904,0.0039439919909824,TRUE,""
ENSG00000260879,RP11-483I13.5,fbg,0.028134477427611,0.0422296406354306,0.0002447,17.137,1818,0.0291213593421269,TRUE,""
ENSG00000260940,RP4-575N6.5,fbg,0.0180070462949779,0.410206998692259,0.0009393,11.174,2147,0.00560654973705991,TRUE,""
ENSG00000260948,RP11-552M11.8,fbg,-0.00498170350584162,0.539940330191881,0.002859,28.2902,2401,0.0046187979974572,TRUE,""
ENSG00000261055,RP11-195M16.3,fbg,-0.00162440938181736,0.978438177451517,0.001876,6.1874,1649,0.00453046814791396,TRUE,""
ENSG00000261654,RP11-96K19.4,fbg,-0.0296488398923218,0.510605772861378,0.002859,6.2545,2178,0.00788040820191576,TRUE,""
ENSG00000261716,RP11-196G18.22,fbg,0.0399483976007819,0.186156863266151,0.001744,14.4829,450,0.017533797716711,TRUE,""
ENSG00000264553,MIR4257,fbg,0.00687754532542668,0.948408179199802,0.0002148,8.056,728,0.019997886076715,TRUE,""
ENSG00000265996,MIR3671,fbg,-0.0323997614865001,0.504985075093846,0.001752,5.2959,2145,0.00613469950759868,TRUE,""
ENSG00000266239,MIR3605,fbg,-0.0656782149548783,0.0754403596268004,0.00205,6.6634,1634,0.0287877911711821,TRUE,""
ENSG00000266993,RP4-657D16.3,fbg,0.00601013666916167,0.777904188455671,0.001522,13.5759,794,0.00490516807324494,TRUE,""
ENSG00000269896,RP4-740C4.6,fbg,0.00525369490414699,0.754660563059686,0.002196,21.8272,993,0.00391320541898209,TRUE,""
ENSG00000269956,MKNK1-AS1,fbg,-0.0200332938353626,0.0718606382258516,0.003175,22.2235,1281,0.020838114694125,TRUE,""
ENSG00000270009,RP1-127C7.6,fbg,-0.0215088932975037,0.288008758003942,0.004287,11.029,1936,0.0154259343203469,TRUE,""
ENSG00000270084,GAS5-AS1,fbg,0.0562836874537436,0.723687129428604,0.002546,4.6126,1025,0.0086358074939792,TRUE,""
ENSG00000003137,CYP26B1,fbg,-0.00256178278054981,0.756923103409378,0.001761,90.9213,1775,0.0053542890684087,TRUE,""
ENSG00000006607,FARP2,fbg,0.012888808035371,0.487403529676025,0.002177,33.7201,913,0.00550243646281642,TRUE,""
ENSG00000008869,HEATR5B,fbg,-0.00168666348647999,0.961094232136074,8.848e-05,19.1439,2482,0.00451632564289923,TRUE,""
ENSG00000018280,SLC11A1,fbg,-0.00307470850726933,0.785062868547559,0.001446,58.3008,1408,0.00401846268539913,TRUE,""
ENSG00000019169,MARCO,fbg,0.00205156580594243,0.94684707139927,0.002078,111.0944,1902,0.00533155916761395,TRUE,""
ENSG00000028116,VRK2,fbg,0.00314847617678713,0.859924253238214,0.01548,30.8609,1924,0.00424924557052368,TRUE,""
ENSG00000034510,TMSB10,fbg,0.0387426247675151,0.42119612399579,0.0003968,11.4048,1834,0.00784419140464066,TRUE,""
ENSG00000035141,FAM136A,fbg,0.00461153834528677,0.855725415320072,0.0006826,23.1593,1796,0.00401652672241792,TRUE,""
ENSG00000054219,LY75,fbg,-0.0164533045813941,0.165412255542075,0.0001329,50.2453,1777,0.00353171307569415,TRUE,""
ENSG00000055044,NOP58,fbg,0.0570431771853722,0.0209145320253757,0.003528,30.2683,1070,0.0674503518040708,TRUE,""
ENSG00000055813,CCDC85A,fbg,-0.0337159544055326,0.203114836343131,0.0001488,19.5583,2050,0.00957326780290667,TRUE,""
ENSG00000057935,MTA3,fbg,-0.0746980763858697,0.0915072499234823,3.935e-05,12.8428,2364,0.00894928146042857,TRUE,""
ENSG00000064012,CASP8,fbg,-0.000674542501357234,0.975070165131246,0.004144,26.2488,1549,0.00397217166607437,TRUE,""
ENSG00000064989,CALCRL,fbg,-0.0219613149725384,0.426688082619747,0.002157,25.126,1611,0.00748340330029854,TRUE,""
ENSG00000065413,ANKRD44,fbg,0.027468420631416,0.504985075093846,0.000372,16.8378,1406,0.00560981149909649,TRUE,""
ENSG00000065548,ZC3H15,fbg,0.0142064677034755,0.864842812437012,0.000946,9.8701,1503,0.00580138328463592,TRUE,""
ENSG00000066032,CTNNA2,fbg,0.0236071233589548,0.366406064176293,0.00315,18.9662,2791,0.00556242277226227,TRUE,""
ENSG00000067066,SP100,fbg,-0.00622020939041948,0.928854847071628,0.0002303,14.3082,1716,0.00651739717460016,TRUE,""
ENSG00000068615,REEP1,fbg,-0.0193167842025361,0.166671389885043,0.0003968,69.6164,1333,0.0103220155924856,TRUE,""
ENSG00000068697,LAPTM4A,fbg,-0.114449671617772,0.0607927235305228,0.0006389,9.2035,2486,0.0207059432247936,TRUE,""
ENSG00000071051,NCK2,fbg,-0.0342064845460944,0.220271518788167,0.0002143,19.6689,2229,0.00783493406338501,TRUE,""
ENSG00000071909,MYO3B,fbg,0.0352066773250725,0.391365938307552,0.0009585,15.158,1833,0.00587493246030521,TRUE,""
ENSG00000071967,CYBRD1,fbg,0.0703379058543052,0.0562503652819669,0.0001889,78.7245,1571,0.0037818095158511,TRUE,""
ENSG00000072163,LIMS2,fbg,-0.0134618159758621,0.317310507862914,0.003468,31.0495,1814,0.00695577160509775,TRUE,""
ENSG00000072195,SPEG,fbg,-0.0193085541563634,0.606447146740021,0.0004866,15.5656,1772,0.0044163006383815,TRUE,""
ENSG00000075292,ZNF638,fbg,0.044736437659871,0.0260271484949186,0.001085,24.8254,2302,0.0415861284012328,TRUE,""
ENSG00000075340,ADD2,fbg,0.0251727858692368,0.434655471356171,0.0006826,17.5858,2007,0.00546294037114632,TRUE,""
ENSG00000075884,ARHGAP15,fbg,-0.0111360948748192,0.603063575093932,0.00533,41.2009,1484,0.00689668299690968,TRUE,""
ENSG00000076003,MCM6,fbg,-0.00609931848169632,0.567709166197353,0.005585,60.0223,1397,0.00411309334808029,TRUE,""
ENSG00000077044,DGKD,fbg,-0.0241125314880863,0.511663282695868,0.001054,15.5006,2475,0.00462770407395726,TRUE,""
ENSG00000077232,DNAJC10,fbg,-0.0225307318152076,0.364803543676989,0.001604,22.8327,1849,0.00573626820774523,TRUE,""
ENSG00000078018,MAP2,fbg,-0.0556589649511818,0.531971058097401,3.321e-08,6.3628,1491,0.000368633061996312,TRUE,""
ENSG00000079246,XRCC5,fbg,-0.0377342849567424,0.175468950513596,2.113e-05,19.7452,2069,0.00798451490720291,TRUE,""
ENSG00000079263,SP140,fbg,-0.0150304381951102,0.43881634294658,0.0002303,28.3689,1808,0.00454343025781998,TRUE,""
ENSG00000081320,STK17B,fbg,-0.0120827333149741,0.617075077451974,0.000372,23.5131,1601,0.00423582939737225,TRUE,""
ENSG00000082146,STRADB,fbg,0.0293908383290707,0.364803543676989,0.004144,10.5789,1418,0.00622492250904093,TRUE,""
ENSG00000082153,BZW1,fbg,-0.217245200084329,0.0186255802874029,0.001904,9.3233,1557,0.0911561909048636,TRUE,""
ENSG00000082258,CCNT2,fbg,-0.00613674698168669,0.710318348253685,3.056e-06,37.6358,1547,0.00223546295242888,TRUE,""
ENSG00000082438,COBLL1,fbg,0.0539734135455075,0.700522394103849,3.252e-05,16.4896,1690,0.0150700395166573,TRUE,""
ENSG00000084090,STARD7,fbg,0.00761124420210385,0.931693545566772,0.004875,5.6481,495,0.00430525354848412,TRUE,""
ENSG00000084733,RAB10,fbg,-0.102882322801303,0.061772591419521,1.006e-07,10.3142,1170,0.00248387015596587,TRUE,""
ENSG00000085978,ATG16L1,fbg,0.00937952939192585,0.698684565645401,0.0002091,22.6956,2395,0.00388633116877402,TRUE,""
ENSG00000088179,PTPN4,fbg,0.0647808936854502,0.121529125955424,0.0007235,13.1526,1642,0.012115398845272,TRUE,""
ENSG00000091106,NLRC4,fbg,0.00600132838392318,0.768668006560809,0.0005319,29.6601,1437,0.00430912297832599,TRUE,""
ENSG00000091436,MLTK,fbg,0.0177454526961662,0.267815129705963,0.0003767,40.2715,2035,0.00798886512296466,TRUE,""
ENSG00000095002,MSH2,fbg,0.00287556105178623,0.836882810464227,0.0001596,70.3922,1888,0.00571035146348072,TRUE,""
ENSG00000114948,ADAM23,fbg,-0.0301932776408185,0.57268433313998,0.001014,12.9259,1660,0.00567762943464878,TRUE,""
ENSG00000114956,DGUOK,fbg,-0.0536073428724548,0.204141176750041,0.001765,24.3415,1437,0.0167578623134755,TRUE,""
ENSG00000114978,MOB1A,fbg,0.177544196677491,0.0163950718491923,0.001765,9.4863,1554,0.0836698466025385,TRUE,""
ENSG00000114982,KANSL3,fbg,-0.0209667825451864,0.716129568855565,0.01572,8.1539,456,0.00438275694196518,TRUE,""
ENSG00000114993,RTKN,fbg,0.0848922117835866,0.475050524053953,0.001765,6.2452,1756,0.00863549014108866,TRUE,""
ENSG00000114999,TTL,fbg,-0.00905648308996155,0.845827892312863,0.00485,13.7581,1445,0.00445060730749923,TRUE,""
ENSG00000115020,PIKFYVE,fbg,-0.426337930634395,0.153127451019669,4.062e-05,5.8096,1602,0.0288308395402015,TRUE,""
ENSG00000115053,NCL,fbg,-0.0581969210266107,0.0379428392351341,4.638e-06,33.4463,1483,0.0367052809218338,TRUE,""
ENSG00000115073,ACTR1B,fbg,0.0344302528272606,0.163874902280053,0.001135,34.5733,911,0.0161468360044073,TRUE,""
ENSG00000115107,STEAP3,fbg,0.0132954884971616,0.317310507862914,0.004408,66.3805,1770,0.00439590482224566,TRUE,""
ENSG00000115112,TFCP2L1,fbg,0.00793289305328839,0.754660563059686,0.0007235,20.7191,1624,0.00394459741457757,TRUE,""
ENSG00000115128,SF3B14,fbg,0.146609698051272,0.129486728502174,0.002303,5.2083,1830,0.00637365640331158,TRUE,""
ENSG00000115129,TP53I3,fbg,-0.0161337740394001,0.284724000775703,0.001688,61.5756,1816,0.0229650988017209,TRUE,""
ENSG00000115137,DNAJC27,fbg,-0.045847396303744,0.19647260583939,0.001482,24.0704,1274,0.0133385631456409,TRUE,""
ENSG00000115159,GPD2,fbg,-0.00355109242566972,0.747012853671546,0.001745,50.0351,1474,0.00395562461755755,TRUE,""
ENSG00000115165,CYTIP,fbg,-0.0447191993104303,0.444446702634924,0.001745,19.2106,1469,0.0258108854807085,TRUE,""
ENSG00000115211,EIF2B4,fbg,0.281160584849375,1.85507974691217e-08,4.225e-25,10.4005,1227,1.64234915346728e-13,TRUE,""
ENSG00000115271,GCA,fbg,-0.276947807470656,0.391365938307552,0.01208,9.3979,1314,0.0330199887933403,TRUE,""
ENSG00000115282,TTC31,fbg,0.0012439897126244,0.982270691196538,0.001765,14.3088,1782,0.00576107710685994,TRUE,""
ENSG00000115289,PCGF1,fbg,0.0104738741565981,0.956500594977862,0.001765,5.0984,1778,0.00767796041561321,TRUE,""
ENSG00000115295,CLIP4,fbg,0.0731473378318447,0.00369340230208357,4.833e-05,21.8972,2370,0.150124105825365,TRUE,""
ENSG00000115306,SPTBN1,fbg,0.0236499302820728,0.14096087839135,0.0005419,39.8152,2237,0.0123189212852622,TRUE,""
ENSG00000115307,AUP1,fbg,0.0236412271111387,0.877731041501716,0.001765,15.0075,1797,0.0120846687868923,TRUE,""
ENSG00000115325,DOK1,fbg,-0.0404447492083107,0.663720229645602,0.001765,8.579,1821,0.00593517386726086,TRUE,""
ENSG00000115355,CCDC88A,fbg,-0.0289473041175508,0.860144302645361,0.0001488,22.71,2274,0.0116208452536003,TRUE,""
ENSG00000115364,MRPL19,fbg,-0.0127098451588033,0.457568175062507,0.001421,36.346,2446,0.00552104245269412,TRUE,""
ENSG00000115415,STAT1,fbg,0.0301975966704753,0.745181071693432,0.009739,7.6487,1604,0.00518585844480533,TRUE,""
ENSG00000115423,DNAH6,fbg,-0.0317493409342105,0.118170245865335,0.00462,27.8421,1839,0.0128522724486776,TRUE,""
ENSG00000115457,IGFBP2,fbg,-0.0257158404705227,0.258632320510385,2.113e-05,41.4985,2112,0.0104605072108811,TRUE,""
ENSG00000115459,ELMOD3,fbg,0.0708972868644491,0.150575972824847,0.0003968,11.5336,1859,0.00825786978176563,TRUE,""
ENSG00000115464,USP34,fbg,0.0353352186247412,0.303286223069842,0.0003863,17.6303,1267,0.00696453916371696,TRUE,""
ENSG00000115486,GGCX,fbg,-0.00939489983611706,0.518822668670191,0.0003968,38.1601,1789,0.0048754884164796,TRUE,""
ENSG00000115504,EHBP1,fbg,-0.0868869574649835,0.462525949847147,0.002791,7.3751,1170,0.00774279244397423,TRUE,""
ENSG00000115525,ST3GAL5,fbg,0.00235766275971748,0.871178155583461,0.0003968,45.5238,1613,0.00451570367233661,TRUE,""
ENSG00000115526,CHST10,fbg,-0.0330054388172798,0.467058901715173,0.001625,12.9423,2034,0.00509146548183827,TRUE,""
ENSG00000115541,HSPE1,fbg,0.00557650185829519,0.879569359634668,0.01852,9.6135,1300,0.00411868481252876,TRUE,""
ENSG00000115561,CHMP3,fbg,-0.00959783701875106,0.661748776081758,0.0003968,23.282,1093,0.00428143117864127,TRUE,""
ENSG00000115602,IL1RL1,fbg,0.0251138642094492,0.317310507862914,6e-05,25.9759,2113,0.00701219427181164,TRUE,""
ENSG00000115607,IL18RAP,fbg,0.00982900009553198,0.530064880329334,6e-05,118.6035,2085,0.00767746925442364,TRUE,""
ENSG00000115641,FHL2,fbg,0.0170830020906606,0.550497415772856,0.002882,41.4619,2210,0.00941806988218784,TRUE,""
ENSG00000115649,CNPPD1,fbg,-0.0202297198599573,0.401632246433539,0.01315,20.2974,1463,0.00535616567429586,TRUE,""
ENSG00000115652,UXS1,fbg,-0.0534157105030891,0.504985075093846,0.0002143,11.33,2403,0.00726663092291007,TRUE,""
ENSG00000115661,STK16,fbg,-0.0532827052254948,0.654609072682014,0.0004866,5.4254,1533,0.00600078768748199,TRUE,""
ENSG00000115677,HDLBP,fbg,0.02305307951263,0.527662046790784,0.0001751,18.4969,1075,0.00582456868291552,TRUE,""
ENSG00000115705,TPO,fbg,0.0318165590816385,0.472294969945709,0.001289,12.7453,1998,0.00475486729752473,TRUE,""
ENSG00000115750,TAF1B,fbg,-0.00619311832141937,0.668235141795249,0.000257,67.5301,2117,0.00395267834098011,TRUE,""
ENSG00000115756,HPCAL1,fbg,-0.00683443646041576,0.670836674740339,0.0004847,38.4337,2174,0.00468979484939042,TRUE,""
ENSG00000115758,ODC1,fbg,-0.0148413873923496,0.920344325445942,0.0004847,13.2081,2214,0.0139782019226987,TRUE,""
ENSG00000115761,NOL10,fbg,-0.0725822893777043,0.275312886521963,0.0004847,8.8286,2233,0.00590860956898704,TRUE,""
ENSG00000115825,PRKD3,fbg,0.0221583788350863,0.118170245865335,0.0003389,40.0918,2565,0.0121821198421001,TRUE,""
ENSG00000115827,DCAF17,fbg,0.212242951222644,0.000442221918825326,0.0001889,10.9026,1491,0.667461058871882,TRUE,""
ENSG00000115828,QPCT,fbg,0.0359200074335325,0.222939094167741,0.0003389,19.2765,2517,0.00763632530836159,TRUE,""
ENSG00000115866,DARS,fbg,-0.00636356925997683,0.567709166197353,0.005585,61.5239,1471,0.00687986480297978,TRUE,""
ENSG00000115875,SRSF7,fbg,-0.12408281072502,0.251357310325028,0.002244,5.5844,1898,0.00750418603804378,TRUE,""
ENSG00000115902,SLC1A4,fbg,-0.00953997320232247,0.640738381802541,0.001176,43.9678,2143,0.00607633065943138,TRUE,""
ENSG00000115904,SOS1,fbg,0.00808287408511455,0.7924288824046,0.002244,32.7706,1808,0.00707213603575405,TRUE,""
ENSG00000115935,WIPF1,fbg,-0.0547108098572496,0.499004876422943,0.0005164,15.4377,1475,0.0106297808683055,TRUE,""
ENSG00000115944,COX7A2L,fbg,-0.0274946716004629,0.0260271484949186,0.0001042,41.9768,2487,0.031183462886801,TRUE,""
ENSG00000115956,PLEK,fbg,0.000729166263686747,0.948559264755632,0.003092,57.9876,2535,0.00566265336708105,TRUE,""
ENSG00000115966,ATF2,fbg,0.241275442144671,0.124394878470488,0.0005164,4.6478,1450,0.0172597990866442,TRUE,""
ENSG00000116001,TIA1,fbg,0.059648857415067,0.145353824895128,0.0006826,24.6845,1759,0.0218386982763099,TRUE,""
ENSG00000116044,NFE2L2,fbg,-0.156126880050614,0.0901808600977078,0.0003023,6.9546,2241,0.0127141900763034,TRUE,""
ENSG00000116095,PLEKHA3,fbg,0.0266149751795551,0.227862855875692,0.0003023,16.517,2034,0.00871528984352005,TRUE,""
ENSG00000116120,FARSB,fbg,0.0322201693187791,0.377585975474249,0.003887,15.0932,2028,0.00603327126045395,TRUE,""
ENSG00000116127,ALMS1,fbg,0.0133160577020154,0.263717761833697,0.001761,51.7601,1293,0.0075005428944812,TRUE,""
ENSG00000118004,COLEC11,fbg,-0.0548941036610287,0.291633261467857,0.001611,18.1787,2177,0.0112463498729208,TRUE,""
ENSG00000118246,FASTKD2,fbg,0.0173751812257486,0.884583528000224,0.001014,9.2033,1596,0.0074736027962179,TRUE,""
ENSG00000118263,KLF7,fbg,-0.0375502603577544,0.472294969945709,0.00142,10.901,1623,0.00516554763388477,TRUE,""
ENSG00000118640,VAMP8,fbg,0.00583949932223488,0.518822668670191,0.0003968,60.7794,1778,0.00464036617695192,TRUE,""
ENSG00000118961,C2orf43,fbg,-0.00260731920942726,0.775096962195985,0.0006389,68.2672,2185,0.00426913246441977,TRUE,""
ENSG00000119042,SATB2,fbg,-0.0775133601828882,0.770541497710554,0.001904,7.7083,1426,0.0150663639824495,TRUE,""
ENSG00000119203,CPSF3,fbg,-0.0372054882741709,0.494396235653322,0.000257,13.1608,1895,0.0105927400418852,TRUE,""
ENSG00000119737,GPR75,fbg,0.101704019581378,0.230139340443417,0.0005419,7.6987,2435,0.0109293500751336,TRUE,""
ENSG00000119760,SUPT7L,fbg,-0.366023423789989,1.41601867785995e-07,4.225e-25,9.726,1328,5.64416706681618e-15,TRUE,""
ENSG00000119771,KLHL29,fbg,-0.105549547137182,0.0389688062455502,0.002303,10.5898,1905,0.0331076089599599,TRUE,""
ENSG00000119772,DNMT3A,fbg,0.0631192010865446,0.179318236045376,0.001482,13.1834,1231,0.0100543429969915,TRUE,""
ENSG00000119782,FKBP1B,fbg,0.0354277307982213,0.295324879212805,0.002303,12.1753,1833,0.00882737830842175,TRUE,""
ENSG00000119787,ATL2,fbg,-0.00476024816622937,0.945947542248377,0.002244,14.3449,2121,0.00707368701519484,TRUE,""
ENSG00000119812,FAM98A,fbg,0.0936165755309948,0.303681109722319,0.0005319,6.8324,2554,0.00696221836792312,TRUE,""
ENSG00000119866,BCL11A,fbg,0.0466953973548991,0.518822668670191,0.0003863,6.7655,1782,0.00461616594152916,TRUE,""
ENSG00000119878,CRIPT,fbg,-0.00381046980095647,0.78118295086715,0.0007606,71.2664,2535,0.00401973788409684,TRUE,""
ENSG00000121964,GTDC1,fbg,-0.00938442396507729,0.935724149629174,0.00533,9.4838,1399,0.00755565045947576,TRUE,""
ENSG00000121966,CXCR4,fbg,-0.0186964819560494,0.832012471360641,0.005585,6.6416,1597,0.00391249994854906,TRUE,""
ENSG00000121988,ZRANB3,fbg,-0.0708704293802181,0.78972582092805,3.056e-06,11.9413,1358,0.00541495781600386,TRUE,""
ENSG00000123609,NMI,fbg,0.0135288058489986,0.43316699063013,0.00175,38.4048,1908,0.00823187642441628,TRUE,""
ENSG00000123612,ACVR1C,fbg,-0.0671421759533962,0.520316800507367,0.001745,10.2065,1516,0.0101151291186806,TRUE,""
ENSG00000123992,DNPEP,fbg,-0.115665207630325,0.273412340113948,0.0004866,22.2765,1724,0.0193732086714269,TRUE,""
ENSG00000124019,FAM124B,fbg,-0.121646359467899,0.0210162562275187,7.308e-05,21.909,2048,0.0898837976722721,TRUE,""
ENSG00000125551,PLGLB2,fbg,0.00204591181908796,0.8078169693465,0.008252,28.9768,682,0.00462992845379508,TRUE,""
ENSG00000127831,VIL1,fbg,-0.00048413688536238,0.975070165131246,0.001446,24.663,1357,0.00385864334610233,TRUE,""
ENSG00000127837,AAMP,fbg,-0.041782461804836,0.383771766671715,0.001446,11.5008,1459,0.00777383688570966,TRUE,""
ENSG00000128641,MYO1B,fbg,-0.00163993323604958,0.97582537985171,0.007458,10.7976,1621,0.00479504509015547,TRUE,""
ENSG00000128694,OSGEPL1,fbg,-0.129003386260239,0.645516220500695,0.0008156,5.4329,1611,0.0185046733499793,TRUE,""
ENSG00000130147,SH3BP4,fbg,0.0599143206854345,0.463355149269596,0.001054,9.804,2302,0.00703879956101099,TRUE,""
ENSG00000130561,SAG,fbg,0.0157500484407542,0.674956824198369,0.001054,14.2011,2436,0.00400585856282872,TRUE,""
ENSG00000132323,ILKAP,fbg,-0.053405567318526,0.257811495146286,0.003173,13.6915,1961,0.00851809662096403,TRUE,""
ENSG00000132329,RAMP1,fbg,0.0269291975352054,0.225465985004507,0.003173,26.4372,2037,0.0084389739738886,TRUE,""
ENSG00000134321,RSAD2,fbg,-0.282356223676055,0.0363470786136818,0.0002047,11.2883,2581,0.080947051791669,TRUE,""
ENSG00000134326,CMPK2,fbg,-0.341849253447347,0.0308431148020149,0.0002047,9.7813,2599,0.0923417024732889,TRUE,""
ENSG00000135622,SEMA4F,fbg,0.140272731352414,0.460693782897693,0.001765,5.6993,1882,0.0145287613555564,TRUE,""
ENSG00000135899,SP110,fbg,-0.0120535770597768,0.465899718527069,0.0002303,51.5912,1843,0.0103999524721981,TRUE,""
ENSG00000135905,DOCK10,fbg,0.00124135498615214,0.944378761640749,7.308e-05,39.4,1966,0.00480986623938777,TRUE,""
ENSG00000135912,TTLL4,fbg,0.0232174073465452,0.272740113942454,0.001446,26.0193,1281,0.00668335081239794,TRUE,""
ENSG00000135929,CYP27A1,fbg,0.000840489232888374,0.903523023570037,0.001446,134.5192,1300,0.00641085116017007,TRUE,""
ENSG00000135931,ARMC9,fbg,0.0360251164017874,0.671389024011197,4.638e-06,6.1767,1590,0.00305790983362036,TRUE,""
ENSG00000135951,TSGA10,fbg,-0.000711102063302449,0.948559264755632,0.001135,85.1447,1449,0.00386238097647464,TRUE,""
ENSG00000135953,MFSD9,fbg,0.00617109826953958,0.617075077451974,6e-05,89.1021,2118,0.00705463971895579,TRUE,""
ENSG00000135974,C2orf49,fbg,0.0165839701250065,0.831509517776774,0.002882,7.2014,2249,0.00565625943573256,TRUE,""
ENSG00000136536,MARCH7,fbg,-0.0106342726277009,0.824140895741885,0.0001749,20.086,1787,0.00637194906609903,TRUE,""
ENSG00000136541,ERMN,fbg,0.0182849341770931,0.919339446157432,0.001745,7.3438,1390,0.0111685728002394,TRUE,""
ENSG00000136560,TANK,fbg,0.0100649730909308,0.477904197979373,0.0001329,38.646,1406,0.0046579847552217,TRUE,""
ENSG00000136710,CCDC115,fbg,-0.118629369425812,0.00638602328270705,0.002808,41.3108,1046,0.338216662488852,TRUE,""
ENSG00000136717,BIN1,fbg,0.0105006852980931,0.115081682899341,0.003468,87.7402,1736,0.0214461016308755,TRUE,""
ENSG00000136718,IMP4,fbg,-0.113919987409035,0.00638602328270706,0.002808,46.6731,1045,0.338206222127854,TRUE,""
ENSG00000136720,HS6ST1,fbg,-0.00342757537725623,0.813980460416918,0.002435,18.7027,1797,0.00420734736618847,TRUE,""
ENSG00000136731,UGGT1,fbg,0.0495269890136767,0.567709166197353,0.002435,8.5807,1739,0.00607802489555193,TRUE,""
ENSG00000138002,IFT172,fbg,0.239206008902595,0.00100374942250761,4.225e-25,8.3747,1287,9.45222933459269e-13,TRUE,""
ENSG00000138018,EPT1,fbg,-0.00398269248680027,0.954860828480677,3.437e-11,13.3826,1172,4.92684132412011e-07,TRUE,""
ENSG00000138028,CGREF1,fbg,0.265027074739539,4.85499477133779e-05,4.225e-25,8.4598,1139,1.71922072036021e-13,TRUE,""
ENSG00000138029,HADHB,fbg,-0.0468914253225954,0.11903815356799,1.006e-07,19.1106,1183,0.000673844745008506,TRUE,""
ENSG00000138061,CYP1B1,fbg,0.0239746105785021,0.247862996149615,0.002244,38.7045,2173,0.0104020327901709,TRUE,""
ENSG00000138069,RAB1A,fbg,-0.0641042608775743,0.590258451314772,0.001176,5.8114,2216,0.00887776672263119,TRUE,""
ENSG00000138073,PREB,fbg,-0.0189978410629134,0.668235141795249,4.225e-25,15.3418,1144,3.89830745905295e-21,TRUE,""
ENSG00000138375,SMARCAL1,fbg,-0.00897992393454905,0.747012853671546,2.113e-05,19.5863,2123,0.00338331252443959,TRUE,""
ENSG00000138378,STAT4,fbg,0.0261010488374406,0.754660563059686,0.009739,6.2044,1606,0.00406882183974464,TRUE,""
ENSG00000138381,ASNSD1,fbg,-0.0103622903736642,0.400398865140674,0.0008156,109.0146,1634,0.00401063268855546,TRUE,""
ENSG00000138386,NAB1,fbg,-0.00269122027184349,0.948559264755632,0.0008156,13.2282,1567,0.00374957120225156,TRUE,""
ENSG00000138398,PPIG,fbg,0.0189786908844686,0.498741913600147,2.63e-99,21.5576,2138,3.82257467383529e-92,TRUE,""
ENSG00000138411,HECW2,fbg,-0.0790595361845775,0.0366580407124022,0.000372,28.8855,1546,0.0630708574585828,TRUE,""
ENSG00000138430,OLA1,fbg,0.10380305744158,0.256318702201653,0.0005164,7.2021,1631,0.00790475448630918,TRUE,""
ENSG00000138433,CIR1,fbg,-0.00865448791333136,0.738882680363527,0.0005164,22.6241,1569,0.00425666553067186,TRUE,""
ENSG00000138439,FAM117B,fbg,-0.00281134921524375,0.916790334119391,0.001715,109.3225,1006,0.00572858052412418,TRUE,""
ENSG00000138448,ITGAV,fbg,0.0240487730734805,0.332197561388374,0.000946,23.6852,1541,0.00635491834780526,TRUE,""
ENSG00000143797,MBOAT2,fbg,0.00222938650834406,0.95910077028586,0.000257,15.9145,1996,0.00451780007343036,TRUE,""
ENSG00000143869,GDF7,fbg,-0.037971896574706,0.690932166515651,0.0006389,13.2152,2260,0.0104077856383059,TRUE,""
ENSG00000143882,ATP6V1C2,fbg,-0.0649163538497029,0.220271518788167,0.0004847,9.4357,2188,0.0144917648449135,TRUE,""
ENSG00000143924,EML4,fbg,0.00148463535696418,0.900523550339774,0.0001042,60.5956,2505,0.00381930777885443,TRUE,""
ENSG00000143951,WDPCP,fbg,-0.0271444010861391,0.195624786869267,0.006967,25.9227,1364,0.0105651846927326,TRUE,""
ENSG00000143952,VPS54,fbg,0.0105923602389575,0.919542441743828,0.006967,11.2749,1512,0.0120115491933114,TRUE,""
ENSG00000144026,ZNF514,fbg,-0.0146786125161201,0.289680155734686,0.004875,74.2762,290,0.0108705520767324,TRUE,""
ENSG00000144115,THNSL2,fbg,0.0120947266737461,0.490893192138033,0.008252,95.9781,704,0.00820218400193017,TRUE,""
ENSG00000144161,ZC3H8,fbg,0.0189467299134808,0.580515713596355,0.00485,19.6263,1338,0.00537722085524274,TRUE,""
ENSG00000144182,LIPT1,fbg,-0.00086121858631809,0.948559264755632,0.002846,65.5543,1474,0.00390088357838668,TRUE,""
ENSG00000144231,POLR2D,fbg,0.00616130148840429,0.761866768188248,0.002768,28.89,1837,0.00415276747321347,TRUE,""
ENSG00000144320,KIAA1715,fbg,0.0410984607573406,0.0529309460298699,0.0005164,25.9215,1853,0.0237087793705634,TRUE,""
ENSG00000144357,UBR3,fbg,-0.0272209628865521,0.389176850174411,4.524e-60,20.1653,1995,1.69798613846206e-55,TRUE,""
ENSG00000144401,METTL21A,fbg,-0.0112013516395002,0.140212543422446,4.062e-05,74.6516,1762,0.0143446414394205,TRUE,""
ENSG00000144407,PTH2R,fbg,-0.276241505471399,0.153127451019669,4.062e-05,8.8893,1668,0.0310504216239445,TRUE,""
ENSG00000144445,KANSL1L,fbg,-0.123454173707398,0.126162397742482,3.321e-08,5.9868,1701,0.000617702535529614,TRUE,""
ENSG00000144524,COPS7B,fbg,0.0507269222730157,0.597653582632867,4.638e-06,6.3693,1410,0.00338103364088648,TRUE,""
ENSG00000144567,FAM134A,fbg,-0.079765840439422,0.366823698716426,0.003943,15.7758,1468,0.0144526335462255,TRUE,""
ENSG00000144579,CTDSP1,fbg,-0.0226354210168682,0.78331623830721,0.001446,7.3424,1399,0.00660678950066567,TRUE,""
ENSG00000144580,RQCD1,fbg,-0.00100084110667955,0.903523023570037,0.001446,48.1538,1258,0.00492669468739821,TRUE,""
ENSG00000150540,HNMT,fbg,0.0329452700569782,0.0748716187250424,0.0002489,30.7941,1939,0.0179526951950692,TRUE,""
ENSG00000150556,LYPD6B,fbg,0.0365543594527218,0.0812306530208798,0.0001001,27.717,1569,0.0201365595679507,TRUE,""
ENSG00000150938,CRIM1,fbg,-0.00916476036383285,0.761866768188248,8.844e-05,17.7989,2719,0.00345131519448936,TRUE,""
ENSG00000151665,PIGF,fbg,0.0180970407813654,0.595245548732816,0.0007606,16.6898,2518,0.00431755527544728,TRUE,""
ENSG00000151687,ANKAR,fbg,0.367327420953063,0.0671026453455155,0.0008156,6.2337,1641,0.0431686358889589,TRUE,""
ENSG00000151689,INPP1,fbg,0.0227080920884772,0.291858170073514,0.0008156,30.5706,1535,0.0076168997908085,TRUE,""
ENSG00000151690,MFSD6,fbg,-0.00044861682957892,0.948559264755632,0.0008156,79.1788,1522,0.00384736554599764,TRUE,""
ENSG00000151692,RNF144A,fbg,0.0416439815781568,0.395325086245385,0.0002047,13.2143,2617,0.00688400871427719,TRUE,""
ENSG00000151694,ADAM17,fbg,0.0100019797608416,0.561479628322256,0.000257,31.9547,1906,0.00368266776394852,TRUE,""
ENSG00000152056,AP1S3,fbg,-0.0137963114666924,0.561479628322256,7.308e-05,23.2203,2069,0.00406843287310748,TRUE,""
ENSG00000152128,TMEM163,fbg,0.0397018642776157,0.0607927235305228,3.056e-06,26.9005,1826,0.0110777187967578,TRUE,""
ENSG00000152253,SPC25,fbg,0.28562408252814,0.000387598128150081,2.63e-99,4.5991,2022,0.00365518689607685,TRUE,""
ENSG00000152256,PDK1,fbg,-0.015324558957414,0.510193396248432,0.0003767,31.1708,1841,0.00591181407194532,TRUE,""
ENSG00000152284,TCF7L1,fbg,0.0315920918351177,0.366406064176293,0.0003968,15.7761,1817,0.00555785730435599,TRUE,""
ENSG00000152527,PLEKHH2,fbg,0.026859452357156,0.0161172310516141,3.935e-05,53.1937,2292,0.0251432658807593,TRUE,""
ENSG00000153208,MERTK,fbg,0.0109942995978671,0.650458734328655,0.003292,63.7253,1271,0.00486181026110957,TRUE,""
ENSG00000153250,RBMS1,fbg,0.147112575226699,0.0686809456631792,0.0001329,8.5907,1772,0.0304127917406752,TRUE,""
ENSG00000153253,SCN3A,fbg,0.154293525249554,0.298339900661963,3.252e-05,5.9873,1780,0.0210493079477072,TRUE,""
ENSG00000153563,CD8A,fbg,0.0254771776569123,0.389176850174411,0.000572,21.6586,920,0.00632610515255814,TRUE,""
ENSG00000153574,RPIA,fbg,-0.113887323047684,0.0301073895699402,0.008252,27.3003,694,0.0866490656808369,TRUE,""
ENSG00000153823,PID1,fbg,-0.0158153726703987,0.428096685369846,0.002079,56.5226,1846,0.00646900219774669,TRUE,""
ENSG00000153827,TRIP12,fbg,-0.0081869991182135,0.920344325445942,0.002599,23.4737,2030,0.0129842321748722,TRUE,""
ENSG00000153832,FBXO36,fbg,0.0435486444202967,0.333173268958951,0.0002303,8.2272,2027,0.0058791442438577,TRUE,""
ENSG00000154518,ATP5G3,fbg,-0.088124228123297,0.127259097658065,0.0005164,12.1511,1439,0.0155268710898121,TRUE,""
ENSG00000155066,PROM2,fbg,-0.207754285531317,0.0110681261249946,0.004875,7.9482,315,0.102562848004721,TRUE,""
ENSG00000155438,MKI67IP,fbg,-0.0168136881930862,0.675275389995957,0.0007235,29.889,1793,0.00944370154996473,TRUE,""
ENSG00000155636,RBM45,fbg,0.0537935575091338,0.0801183137276342,0.0003023,18.5301,1902,0.0162127266424785,TRUE,""
ENSG00000155749,ALS2CR12,fbg,-0.0116249337884633,0.674956824198369,0.004144,19.8665,1496,0.00409920689456342,TRUE,""
ENSG00000156966,B3GNT7,fbg,0.123174217606109,0.0992196360395761,4.638e-06,8.8146,1537,0.0113386016747461,TRUE,""
ENSG00000156973,PDE6D,fbg,0.00434224216893715,0.879569359634668,4.638e-06,20.496,1395,0.00280963515429267,TRUE,""
ENSG00000157827,FMNL2,fbg,-0.0192764102703134,0.583426134426407,0.002654,14.3859,1900,0.00662156717216007,TRUE,""
ENSG00000157833,GAREML,fbg,0.190165044919903,0.237277851868278,1.006e-07,10.1376,1151,0.00171283877459494,TRUE,""
ENSG00000157985,AGAP1,fbg,0.0535158798079101,0.00520415419970022,0.002743,31.4276,1761,0.165396514671905,TRUE,""
ENSG00000157992,KRTCAP3,fbg,0.0651554687982441,1.85507974691217e-08,4.225e-25,32.9934,1268,2.62293725745289e-14,TRUE,""
ENSG00000158019,BRE,fbg,-0.307505055483267,0.000416484561123242,4.225e-25,6.9335,1477,3.69033837019414e-08,TRUE,""
ENSG00000158411,MITD1,fbg,-0.0169696401954543,0.747012853671546,0.002846,21.1132,1476,0.00494663266335979,TRUE,""
ENSG00000158435,CNOT11,fbg,-0.0677534238401358,0.0260271484949186,6e-05,16.2826,2241,0.0474010834033029,TRUE,""
ENSG00000158552,ZFAND2B,fbg,0.0771395759283074,0.436700030722758,0.0004866,5.921,1482,0.00930789781325518,TRUE,""
ENSG00000162878,PKDCC,fbg,0.020997421029999,0.583426134426407,0.0003379,13.2053,2544,0.00420324771797103,TRUE,""
ENSG00000162881,OXER1,fbg,-0.0317531780785844,0.256318702201653,3.935e-05,23.5441,2335,0.0056929229695061,TRUE,""
ENSG00000162882,HAAO,fbg,-0.0658430423883963,0.0955807045456293,3.935e-05,16.1218,2328,0.0164338843973202,TRUE,""
ENSG00000162928,PEX13,fbg,0.0933320409358628,0.0999365539385519,0.0003863,9.7195,1420,0.0137333992945684,TRUE,""
ENSG00000162944,RFTN2,fbg,0.0623996393984867,0.188244713282316,0.01852,14.1481,1279,0.012019687937669,TRUE,""
ENSG00000162949,CAPN13,fbg,-0.0249138673557278,0.684558919367902,0.0025,9.288,2224,0.00416800153621129,TRUE,""
ENSG00000162961,DPY30,fbg,0.05571987179089,0.650994566520519,0.002322,6.0342,1492,0.00610636555084123,TRUE,""
ENSG00000162980,ARL5A,fbg,-0.0515291989951262,0.118170245865335,0.00175,15.7644,1935,0.0162301955036747,TRUE,""
ENSG00000163013,FBXO41,fbg,-0.0862988642694247,0.0505175328225162,0.001761,16.3955,1365,0.0359340371874181,TRUE,""
ENSG00000163017,ACTG2,fbg,-0.0603221575980004,0.396534832588875,0.001761,11.187,1424,0.00751216586634334,TRUE,""
ENSG00000163029,SMC6,fbg,-0.0201365789135907,0.126162397742482,0.000133,58.8426,2373,0.00688138216938634,TRUE,""
ENSG00000163082,SGPP2,fbg,0.0926866462700979,0.272740113942454,0.003887,6.5286,2033,0.00673886640147605,TRUE,""
ENSG00000163161,ERCC3,fbg,0.00490262011355815,0.724132540388919,0.003468,43.4894,1848,0.0044454091916198,TRUE,""
ENSG00000163170,BOLA3,fbg,-0.240926204387567,0.380873128387353,0.001765,5.7186,1522,0.0144581610876113,TRUE,""
ENSG00000163171,CDC42EP3,fbg,-0.00630579566387984,0.833256914830536,0.0003389,22.5824,2338,0.00443539078008035,TRUE,""
ENSG00000163359,COL6A3,fbg,0.0145539391831533,0.730223992825289,0.003173,24.4163,1962,0.0072813861205673,TRUE,""
ENSG00000163449,TMEM169,fbg,-0.00706806386670743,0.807306380150854,2.113e-05,25.1837,2062,0.00425622454161306,TRUE,""
ENSG00000163466,ARPC2,fbg,-0.030800941380066,0.477904197979373,0.001446,12.6902,1468,0.00479014571940898,TRUE,""
ENSG00000163481,RNF25,fbg,-0.0681670565083065,0.769764521126951,0.001446,5.9529,1226,0.0105474139412609,TRUE,""
ENSG00000163482,STK36,fbg,-0.0120618718630067,0.651547872829126,0.001446,19.7374,1229,0.00412158030663275,TRUE,""
ENSG00000163541,SUCLG1,fbg,-0.00522288975448017,0.918308934545483,0.00462,13.6323,1848,0.00472001287380645,TRUE,""
ENSG00000163599,CTLA4,fbg,-0.0240450724851507,0.43881634294658,0.0008337,17.7338,1442,0.00578779489507074,TRUE,""
ENSG00000163803,PLB1,fbg,-0.00564937491344323,0.645904258226149,4.831e-11,46.8952,1991,6.44623349932457e-08,TRUE,""
ENSG00000168288,MMADHC,fbg,-0.0121766968787853,0.861079633584653,0.001501,16.78,1601,0.00489994188132067,TRUE,""
ENSG00000168385,SEPT2,fbg,-0.00753049592574827,0.522895216724075,0.0001751,103.6091,1011,0.00693585838399395,TRUE,""
ENSG00000168497,SDPR,fbg,-0.0244957443026458,0.705149527894255,0.007458,10.0994,1509,0.00479346958377344,TRUE,""
ENSG00000168883,USP39,fbg,0.0133493595915331,0.342764082783861,0.0003968,50.8219,1750,0.00924072617385917,TRUE,""
ENSG00000168894,RNF181,fbg,-0.0106111296122788,0.845827892312862,0.0003968,7.0731,1762,0.00435402027901572,TRUE,""
ENSG00000168899,VAMP5,fbg,-0.00832471422018761,0.580132294034059,0.0003968,55.5935,1762,0.00656102675046368,TRUE,""
ENSG00000168906,MAT2A,fbg,-0.00174373100315151,0.945640900275557,0.0003968,16.4912,1792,0.00548020304445622,TRUE,""
ENSG00000169432,SCN9A,fbg,-0.0172454227295188,0.208368424819709,0.0004711,43.6892,1858,0.00890573965921935,TRUE,""
ENSG00000169599,NFU1,fbg,-0.0276681428052201,0.0934605072058715,0.0006826,22.4439,1667,0.0166159745228371,TRUE,""
ENSG00000169967,MAP3K2,fbg,-0.00514142975703955,0.724132540388919,0.003468,61.2275,1838,0.00439889580408457,TRUE,""
ENSG00000170264,FAM161A,fbg,0.0324168073502463,0.854269623151224,0.0003863,6.8503,1203,0.0119309513017499,TRUE,""
ENSG00000170396,ZNF804A,fbg,0.118143992305309,0.295812938228253,0.00124,6.8884,1439,0.0118169677052016,TRUE,""
ENSG00000170485,NPAS2,fbg,0.0573647951134792,0.373130382664481,0.0005498,17.5793,1983,0.010924664115566,TRUE,""
ENSG00000170500,LONRF2,fbg,-0.0728467345864607,0.116982086023696,0.001625,13.8203,2038,0.0142740119164371,TRUE,""
ENSG00000170634,ACYP2,fbg,-0.0158458719855762,0.155795591786075,0.0005419,52.0516,2367,0.0202983649015098,TRUE,""
ENSG00000172005,MAL,fbg,0.0591007333490698,0.00875125311084811,0.004875,29.1157,262,0.0998839843897462,TRUE,""
ENSG00000172071,EIF2AK3,fbg,0.0586372074015018,0.317310507862914,0.008252,10.2518,693,0.00688383538289455,TRUE,""
ENSG00000173166,RAPH1,fbg,0.134451733418966,0.123935805672742,0.001715,7.9165,1279,0.0148307788902417,TRUE,""
ENSG00000173559,NABP1,fbg,0.125288468661536,0.0749961633723513,0.007458,9.3152,1548,0.0231940121372388,TRUE,""
ENSG00000173567,GPR113,fbg,-0.0741129347889447,0.164866539747909,1.006e-07,12.0087,1175,0.000486618392030064,TRUE,""
ENSG00000173692,PSMD1,fbg,0.00755384067888335,0.754660563059686,4.638e-06,23.5638,1711,0.00321341658682154,TRUE,""
ENSG00000174501,ANKRD36C,fbg,0.0219006273168709,0.561479628322256,0.004875,12.3254,452,0.0046354632631493,TRUE,""
ENSG00000175084,DES,fbg,-0.0892245673590571,0.0455002638963584,0.0004866,15.56,1731,0.0231171461706643,TRUE,""
ENSG00000176824,AC009951.1,fbg,-0.116183192164409,0.0760311410098992,0.003177,6.4749,1321,0.0285190653149362,TRUE,""
ENSG00000177917,ARL6IP6,fbg,-0.0133194818459484,0.761866768188248,0.002654,12.2112,1984,0.00506225890049902,TRUE,""
ENSG00000178562,CD28,fbg,-0.136518456932039,0.0124193306515523,0.001715,8.7478,1378,0.0485384950660019,TRUE,""
ENSG00000178623,GPR35,fbg,0.00615228730595628,0.674956824198369,0.0001751,34.3737,1687,0.00400011916974193,TRUE,""
ENSG00000178752,FAM132B,fbg,0.00519233881224193,0.434655471356171,0.003173,35.7139,1964,0.00515262984681496,TRUE,""
ENSG00000179528,LBX2,fbg,0.00609521689363084,0.858897500094722,0.001765,21.6766,1776,0.00547291588138272,TRUE,""
ENSG00000180228,PRKRA,fbg,0.0896796943833135,0.347217560677249,0.0003023,18.1116,1994,0.0171930397166746,TRUE,""
ENSG00000180398,MCFD2,fbg,-0.0938114437709044,0.182422439451736,0.0002236,41.5757,2333,0.0392128231701183,TRUE,""
ENSG00000180871,CXCR2,fbg,-0.0205250673177209,0.208368424819709,0.001446,30.8703,1488,0.00797563987404552,TRUE,""
ENSG00000180902,D2HGDH,fbg,0.251469270482059,0.0278068950269972,0.002177,21.8806,677,0.157505612621349,TRUE,""
ENSG00000182551,ADI1,fbg,0.010324177545748,0.601851975770549,0.001611,43.049,2287,0.0135743142009604,TRUE,""
ENSG00000183091,NEB,fbg,0.00397072777246916,0.913651642276487,0.00175,36.969,2011,0.00999907950929496,TRUE,""
ENSG00000183513,COA5,fbg,-0.0293344786928144,0.344942578828617,0.001135,18.5773,1295,0.00738320528000607,TRUE,""
ENSG00000183891,TTC32,fbg,0.00841486412366337,0.453254704753736,0.0006389,81.5497,2451,0.00890997900858255,TRUE,""
ENSG00000184182,UBE2F,fbg,0.00137031946863012,0.87583596638341,0.003173,43.6202,1997,0.00382318015500689,TRUE,""
ENSG00000184731,FAM110C,fbg,-0.147890282432587,0.439683802605572,0.00719,8.4586,1064,0.0186376232751823,TRUE,""
ENSG00000186132,C2orf76,fbg,-0.00749854086826598,0.738882680363527,0.004408,14.0598,1736,0.00418221175344127,TRUE,""
ENSG00000187231,SESTD1,fbg,0.00154310436461682,0.927564826606211,0.0001046,63.1457,2204,0.00428596816481208,TRUE,""
ENSG00000188042,ARL4C,fbg,0.0156890067826204,0.536808016981021,0.001054,23.8256,2926,0.00468610637730441,TRUE,""
ENSG00000188177,ZC3H6,fbg,0.0124821361925108,0.747012853671547,0.00485,14.2338,1386,0.00403029046779833,TRUE,""
ENSG00000188452,CERKL,fbg,-0.0574119289900197,0.0225336575784201,0.001066,22.4057,1866,0.0492629702860302,TRUE,""
ENSG00000189292,FAM150B,fbg,-0.0200432072788845,0.561479628322256,0.003551,15.6123,1206,0.00447388600023692,TRUE,""
ENSG00000189350,FAM179A,fbg,-0.0117063792980405,0.564779052623049,8.326e-07,26.2693,2388,0.00123061222098861,TRUE,""
ENSG00000196151,WDSUB1,fbg,0.031764439921022,0.00330870171909502,0.000624,55.5964,2102,0.184123654790127,TRUE,""
ENSG00000196208,GREB1,fbg,-0.00333142533521491,0.977206399475098,3.268e-05,5.265,2241,0.00509589288994487,TRUE,""
ENSG00000196504,PRPF40A,fbg,0.0125273792934425,0.761866768188248,0.002654,13.2192,1996,0.00417561411745793,TRUE,""
ENSG00000196843,ARID5A,fbg,0.0101510869596559,0.65672128656377,0.01572,27.9612,451,0.00489905994761699,TRUE,""
ENSG00000196975,ANXA4,fbg,-0.0107592172036737,0.51108906411744,0.0006826,37.1911,1905,0.00523973276900951,TRUE,""
ENSG00000197121,PGAP1,fbg,-0.0602722417540008,0.189820227402507,0.000372,11.687,1372,0.0123994982498837,TRUE,""
ENSG00000197223,C1D,fbg,-0.0204515409538611,0.235603931976013,0.003092,19.9823,2658,0.0103958470048333,TRUE,""
ENSG00000197329,PELI1,fbg,0.034853319598432,0.255804407976616,0.006967,25.4888,1592,0.0103901127888527,TRUE,""
ENSG00000197557,TTC30A,fbg,0.0117901957047231,0.92968966605199,0.0003023,8.6538,2206,0.00752756972593383,TRUE,""
ENSG00000197872,FAM49A,fbg,0.00244702866189967,0.906347316282193,0.001727,13.0924,2046,0.00411088246223321,TRUE,""
ENSG00000198380,GFPT1,fbg,-0.00647664078434172,0.595245548732816,0.0006826,62.395,1714,0.0160460882308231,TRUE,""
ENSG00000204120,GIGYF2,fbg,0.108026254042056,0.137150488653754,4.638e-06,7.7931,1683,0.00638436093334197,TRUE,""
ENSG00000204217,BMPR2,fbg,0.0450006589841849,0.0129291721727266,0.003528,34.3911,1037,0.084847161459148,TRUE,""
ENSG00000204262,COL5A2,fbg,-0.0124496952375874,0.880764615259515,0.0008156,19.8811,1610,0.011796887703152,TRUE,""
ENSG00000204406,MBD5,fbg,-0.123575214767674,0.00195638837499505,7.116e-05,13.7808,1528,0.217074698479363,TRUE,""
ENSG00000204745,AC083899.3,fbg,0.0249074900634471,0.465555404903429,0.000572,7.1405,600,0.00827120265198297,TRUE,""
ENSG00000204822,MRPL53,fbg,0.00858635643894383,0.624920362458645,0.001765,60.5948,1766,0.00568189624779302,TRUE,""
ENSG00000204843,DCTN1,fbg,0.396541650221999,0.300910532935171,0.001765,12.4363,1740,0.050328212486277,TRUE,""
ENSG00000204872,AC092653.5,fbg,-0.0165599233235787,0.298339900661963,0.001761,28.5543,1300,0.010380480313244,TRUE,""
ENSG00000205639,MFSD2B,fbg,0.0134478456467696,0.920344325445942,0.002303,5.2668,1854,0.00591387948569964,TRUE,""
ENSG00000205837,LINC00487,fbg,-0.0184519851623004,0.662572917836399,0.0002047,19.6005,2681,0.00707902847757031,TRUE,""
ENSG00000212283,SNORD89,fbg,0.0253410039176497,0.0306729200049368,6e-05,55.7345,2236,0.0668300752678039,TRUE,""
ENSG00000213090,AC007256.5,fbg,0.0501323542524015,0.738882680363527,0.004144,8.4388,1430,0.0076179838765062,TRUE,""
ENSG00000213222,AC093724.2,fbg,0.0348180857295087,0.344942578828617,0.009659,12.5791,1041,0.00672161893688339,TRUE,""
ENSG00000213639,PPP1CB,fbg,-0.0225693639222334,0.0239416374758644,1.582e-07,66.1612,2199,0.00593278241308732,TRUE,""
ENSG00000213699,SLC35F6,fbg,0.0987596015582741,0.000858120666393676,4.225e-25,17.812,1142,7.27567800036068e-19,TRUE,""
ENSG00000213901,SLC23A3,fbg,0.017156627381004,0.222939094167741,0.001446,50.8809,1450,0.00572360196735808,TRUE,""
ENSG00000214595,EML6,fbg,-0.0283315646963717,0.101236402173935,0.0005419,30.1385,2178,0.0162288539872205,TRUE,""
ENSG00000217075,AC007401.2,fbg,-0.0126376653852396,0.302423598900007,8.844e-05,16.1623,2699,0.00530587431018126,TRUE,""
ENSG00000218682,AC010150.1,fbg,0.0138570262373306,0.504985075093846,0.0001389,11.6134,1248,0.00598738900425548,TRUE,""
ENSG00000218739,AC007390.5,fbg,0.0223753813909434,0.00949354906709049,0.0003389,27.5149,2524,0.0955208878776077,TRUE,""
ENSG00000221823,PPP3R1,fbg,0.00490052534232347,0.731034305380085,0.003092,40.1804,2663,0.00409137496075669,TRUE,""
ENSG00000222020,AC062017.1,fbg,-0.0174784949710897,0.374062797490883,0.0001751,27.4495,2036,0.00723511501141671,TRUE,""
ENSG00000223522,AC093690.1,fbg,-0.0444507663586412,0.00177805059821686,4.225e-25,14.51,1627,4.45699551281662e-19,TRUE,""
ENSG00000223935,AC008074.3,fbg,-0.0117374228106426,0.255804407976616,0.003442,30.1008,1592,0.0101718688097703,TRUE,""
ENSG00000224041,IGKV3D-15,fbg,0.00887776763546887,0.849579350391596,0.02301,7.718,71,0.00652406345286267,TRUE,""
ENSG00000224043,AC016725.4,fbg,0.0271572291571022,0.494653079736033,3.056e-06,9.3756,1602,0.00293727850527261,TRUE,""
ENSG00000224287,MSL3P1,fbg,0.0740664023647158,0.0265037373413258,0.001054,15.236,2725,0.0348162244742721,TRUE,""
ENSG00000225205,AC093818.1,fbg,-0.0152608322395444,0.510193396248432,0.0003781,22.9844,1849,0.00587274597237682,TRUE,""
ENSG00000225234,TRAPPC12-AS1,fbg,0.0315969926482521,0.110992040456491,0.001611,21.4733,2304,0.0133462300236895,TRUE,""
ENSG00000225402,AC010878.3,fbg,0.00656314082216315,0.595245548732816,0.0003389,22.8175,2183,0.00432297053447674,TRUE,""
ENSG00000225808,DNAJC19P5,fbg,0.0116996084352381,0.330213359465853,0.0003023,21.915,2235,0.00683667533790307,TRUE,""
ENSG00000225889,AC074289.1,fbg,-0.0099267299771526,0.230139340443416,0.003442,40.446,1610,0.0101683060909946,TRUE,""
ENSG00000225964,AC017076.5,fbg,-0.0058159541555376,0.662572917836399,0.0002047,30.6091,2605,0.0070707439241852,TRUE,""
ENSG00000226124,AC073043.2,fbg,0.00100628754670353,0.832012471360641,0.001904,51.6959,1574,0.00411493626961023,TRUE,""
ENSG00000226806,AC011893.3,fbg,-0.00254872705096451,0.567709166197353,0.005585,60.9221,1349,0.00463812386092366,TRUE,""
ENSG00000226833,AC097724.3,fbg,0.0277025313136647,0.289680155734686,4.831e-11,9.6375,2162,1.12388674140818e-07,TRUE,""
ENSG00000226853,AC010894.3,fbg,0.0582582263626238,0.205976780516933,0.0005164,4.8619,1500,0.00624695257729594,TRUE,""
ENSG00000226856,AC093901.1,fbg,-0.0292046229119121,0.276491247419954,0.0001394,20.1365,2197,0.00643776709937085,TRUE,""
ENSG00000227403,AC009299.3,fbg,0.00395975911377623,0.477904197979373,0.0001329,43.7218,1388,0.00469419428505189,TRUE,""
ENSG00000227557,MTND3P9,fbg,0.0016900533461766,0.90743137298496,0.00533,20.5034,1724,0.00552148039907172,TRUE,""
ENSG00000227788,AC012363.8,fbg,0.012629664770414,0.684558919367902,0.0007235,6.371,1588,0.0042485669782344,TRUE,""
ENSG00000228251,AC012442.6,fbg,0.0155543934934327,0.517593873457392,0.00485,9.5196,1411,0.00515288206754891,TRUE,""
ENSG00000228329,AC097495.3,fbg,0.041132924674325,0.252020914350514,0.0006826,9.7856,1970,0.0126282524722864,TRUE,""
ENSG00000228389,AC068039.4,fbg,-0.0181554637731601,0.00729809560399571,0.0001889,45.3796,1593,0.146198283607223,TRUE,""
ENSG00000228590,AC007381.3,fbg,-0.0120034236098492,0.796357116257739,0.0003863,6.7961,1808,0.00393819504831924,TRUE,""
ENSG00000228784,AC013400.2,fbg,0.0336797923442499,0.189351486043285,0.0006389,18.7035,2458,0.00878791124290392,TRUE,""
ENSG00000228925,AC016722.4,fbg,-0.0418015327404281,0.330213359465853,0.0002236,4.7162,2324,0.00471325369071959,TRUE,""
ENSG00000229647,AC007879.7,fbg,0.00354693804573543,0.859924253238214,4.062e-05,12.5441,1708,0.00424966579427555,TRUE,""
ENSG00000229692,SOS1-IT1,fbg,0.0223093698332163,0.742817152223402,0.002244,6.9822,1755,0.00864019945432598,TRUE,""
ENSG00000230002,ALMS1-IT1,fbg,0.0361785834833633,0.363302140886898,0.001761,6.1491,1304,0.00652732516323886,TRUE,""
ENSG00000230730,AC074011.2,fbg,0.0143191944091135,0.0253980459995365,4.831e-11,37.5076,2098,6.59148685732516e-07,TRUE,""
ENSG00000231062,AC103563.9,fbg,0.0666650054018386,0.00849891186920233,0.004875,10.6005,258,0.177956714773199,TRUE,""
ENSG00000231259,AC125232.1,fbg,-0.0047180478469387,0.434655471356171,0.000572,54.5622,656,0.0108488513060344,TRUE,""
ENSG00000231312,AC007246.3,fbg,-0.00252167136863291,0.87583596638341,0.0001311,14.7076,1872,0.00374824930904127,TRUE,""
ENSG00000231386,AC007395.4,fbg,-0.00855145465769354,0.145795140951976,0.001085,34.7422,2038,0.0108714193674267,TRUE,""
ENSG00000231494,AC104634.3,fbg,-0.0322626929487888,0.154003501413637,4.638e-06,15.1343,1425,0.0107514320466985,TRUE,""
ENSG00000231731,AC010976.2,fbg,-0.02790989797916,0.475050524053953,0.003468,6.3294,1842,0.00627623011910649,TRUE,""
ENSG00000231851,AC104655.2,fbg,0.0725474575133133,0.0529309460298699,0.002882,5.119,2178,0.0205704572015979,TRUE,""
ENSG00000231890,AC093391.2,fbg,0.0461279570182718,0.196120745095134,0.005585,15.0954,1509,0.0110908394494123,TRUE,""
ENSG00000232125,DYTN,fbg,-0.0404550562440277,0.668235141795249,0.001014,6.4581,1617,0.00467197202053466,TRUE,""
ENSG00000232713,AC010733.5,fbg,0.0300670700690079,0.272740113942453,0.0003863,7.9872,1475,0.00700783342895142,TRUE,""
ENSG00000232788,AC078883.3,fbg,-0.0108337667751294,0.278660494899244,0.0001889,26.7021,1836,0.00713112813376245,TRUE,""
ENSG00000232931,LINC00342,fbg,0.00570937737909653,0.661748776081758,0.004875,18.182,428,0.00439066667785331,TRUE,""
ENSG00000233266,HMGB1P31,fbg,0.0151974233899013,0.121529125955424,0.0005419,22.0367,2373,0.00981425014865468,TRUE,""
ENSG00000233538,AC017104.2,fbg,0.0231921819635523,0.113345509219526,4.638e-06,16.1893,1474,0.0102437951073614,TRUE,""
ENSG00000233850,AC103563.8,fbg,0.201966017740327,0.00875125311084811,0.004875,7.2013,261,0.0995920158744318,TRUE,""
ENSG00000234028,AC062029.1,fbg,0.0274140181440438,0.289680155734686,0.008252,9.1463,687,0.00730644748215357,TRUE,""
ENSG00000234281,AC007970.1,fbg,-0.0381049081685461,0.175468950513596,0.0002283,6.8222,1680,0.00907096316713188,TRUE,""
ENSG00000234389,AC007278.3,fbg,0.00224297391042535,0.671389024011197,6e-05,76.2984,2082,0.00798713535505689,TRUE,""
ENSG00000234572,AC007880.1,fbg,-0.0434000538849422,0.460895101862432,0.001176,12.0872,1930,0.0152084582190216,TRUE,""
ENSG00000234902,AC007879.2,fbg,-0.0188529016771893,0.464347229392465,4.062e-05,11.435,1716,0.00642305568630234,TRUE,""
ENSG00000234936,AC010883.5,fbg,-0.0456843948157613,0.0124193306515523,3.935e-05,19.4838,2201,0.0780274337633832,TRUE,""
ENSG00000235576,AC092580.4,fbg,0.00629132156296992,0.910287384614292,0.000805,9.4321,2248,0.0101636801263659,TRUE,""
ENSG00000235579,AC007283.4,fbg,0.0289268272518293,0.591554054889021,0.001904,5.3746,1585,0.00586298432356521,TRUE,""
ENSG00000235688,AC116614.1,fbg,0.0178707095526724,0.154376307933322,0.001289,17.7013,1892,0.0108292266197246,TRUE,""
ENSG00000236213,AC006369.2,fbg,0.0013914833998971,0.771569465555293,0.0003389,48.2114,2354,0.00373183528549445,TRUE,""
ENSG00000236255,AC009404.2,fbg,0.0160873698416419,0.595245548732816,0.0001394,13.7261,2034,0.00405179971498194,TRUE,""
ENSG00000236397,DDX11L2,fbg,-0.000673021709409298,0.897332123936804,0.005593,79.5741,1668,0.00879770235348896,TRUE,""
ENSG00000236449,AC018890.6,fbg,-0.0249013154412499,0.302423598900007,0.0005164,9.3633,1456,0.00643278749939845,TRUE,""
ENSG00000236525,AC007278.2,fbg,0.00946067299643813,0.185974874255209,6e-05,32.1398,2085,0.00952384521347362,TRUE,""
ENSG00000236790,LINC00299,fbg,-0.0189808943309589,0.802587348634153,0.000257,7.1449,1988,0.00374068442671856,TRUE,""
ENSG00000236878,AC012363.7,fbg,0.0338085381902653,0.0955807045456294,0.0007235,10.4989,1611,0.0150885386981262,TRUE,""
ENSG00000237217,AC008074.5,fbg,-0.0168889077382043,0.255804407976616,0.003442,20.9194,1591,0.0102566754090501,TRUE,""
ENSG00000237298,TTN-AS1,fbg,-0.0404551001628188,0.709823590643094,0.0003023,5.145,2116,0.00618134156620867,TRUE,""
ENSG00000237522,NONOP2,fbg,-0.154765328024571,0.0850292707808799,0.0003863,5.9968,1480,0.0177965211132696,TRUE,""
ENSG00000237772,AC092620.3,fbg,-0.0446890643627583,0.173291909533135,0.0002489,10.6228,2110,0.0136690578304256,TRUE,""
ENSG00000237803,LINC00211,fbg,-0.00248616879840493,0.617075077451974,0.0003389,47.9769,2159,0.00467378548082336,TRUE,""
ENSG00000238062,AC105344.2,fbg,-0.0150000852893958,0.761866768188248,4.638e-06,6.7422,1668,0.00373065332129255,TRUE,""
ENSG00000238201,AC114752.3,fbg,-0.0051932532424044,0.606447146740021,0.003442,24.2591,1571,0.00464715787309968,TRUE,""
ENSG00000239332,AC016722.2,fbg,-0.0619682266348607,0.480261302753423,0.0002236,8.0868,2410,0.00978850036653999,TRUE,""
ENSG00000239779,WBP1,fbg,-0.0158323407925568,0.858897500094722,0.001765,7.6475,1759,0.0056897752463215,TRUE,""
ENSG00000240344,PPIL3,fbg,-0.0207326693429102,0.453254704753736,0.001904,133.1048,1552,0.00483908022611935,TRUE,""
ENSG00000240356,RPL23AP7,fbg,-0.000614798474804881,0.897332123936804,0.005593,82.2022,1671,0.00877939261452809,TRUE,""
ENSG00000240382,IGKV1-17,fbg,-0.0246419242808736,0.309807995209414,0.008252,18.6314,607,0.0128835043687726,TRUE,""
ENSG00000240834,IGKV1D-12,fbg,-0.00563047759682452,0.571925908937657,0.02301,28.1075,67,0.0060963890790825,TRUE,""
ENSG00000240857,RDH14,fbg,-0.0223427014798116,0.821351959007176,0.000133,5.5579,2477,0.00433038425401949,TRUE,""
ENSG00000240864,IGKV1-16,fbg,0.135163545829634,0.0301073895699402,0.008252,9.8763,631,0.0808377957504181,TRUE,""
ENSG00000241244,IGKV1D-16,fbg,-0.0281819400402476,0.38265442600352,0.02301,13.7723,72,0.0106779506604316,TRUE,""
ENSG00000241294,IGKV2-24,fbg,-0.13346391322891,0.101763504951258,0.008252,7.9194,544,0.0476694922077228,TRUE,""
ENSG00000241399,CD302,fbg,0.00454702683624957,0.841480581121794,0.0001329,45.7938,1783,0.00650811991678695,TRUE,""
ENSG00000241566,IGKV2D-24,fbg,0.174827416912025,0.101763504951258,0.01069,6.0457,113,0.047701813919714,TRUE,""
ENSG00000242282,AC108488.4,fbg,-0.0771975236416409,0.182422439451736,0.001611,6.5338,2214,0.0140838710489812,TRUE,""
ENSG00000242766,IGKV1D-17,fbg,0.022588972978324,0.0846829459575784,0.02301,24.4686,83,0.0297333809606462,TRUE,""
ENSG00000243238,IGKV2-30,fbg,0.11273575963149,0.101763504951258,0.008252,9.3755,456,0.047871018100902,TRUE,""
ENSG00000243244,STON1,fbg,-0.0171925946765418,0.453254704753736,0.0001596,22.6062,2187,0.00448328100561189,TRUE,""
ENSG00000243264,IGKV2D-29,fbg,-0.020616094375962,0.349011728223858,0.01069,20.2059,159,0.0117289480547346,TRUE,""
ENSG00000243491,RP11-521D12.5,fbg,0.0307843303138301,0.289680155734686,0.000257,16.9256,1988,0.00573097034453622,TRUE,""
ENSG00000243565,AC009950.1,fbg,-0.155772455422602,0.281514632510023,0.0002303,5.5628,1805,0.0239250804916352,TRUE,""
ENSG00000243667,WDR92,fbg,-0.0135791115633251,0.617075077451974,0.003092,20.723,2667,0.00432244055863676,TRUE,""
ENSG00000243943,ZNF512,fbg,-0.70867445038026,1.33580281240456e-11,4.225e-25,5.2094,1296,0.708250153057799,TRUE,""
ENSG00000244063,AC024704.2,fbg,0.00556012182419293,0.760862912213715,0.007595,16.947,1660,0.00653333260707681,TRUE,""
ENSG00000246575,AC093162.5,fbg,0.0107852804437608,0.366406064176293,0.0003968,18.3464,1865,0.00557841005237223,TRUE,""
ENSG00000247626,MARS2,fbg,0.0317793290180803,0.13784315525934,0.01852,25.7485,1296,0.0113736206383475,TRUE,""
ENSG00000250565,ATP6V1E2,fbg,0.00263890577327352,0.78118295086715,0.0007606,71.9892,2591,0.00508702864435945,TRUE,""
ENSG00000252010,SCARNA5,fbg,-0.00219407781164949,0.922905718287002,0.0002091,17.4562,2369,0.00401548030939394,TRUE,""
ENSG00000253998,IGKV2-29,fbg,0.0387779148692438,0.101763504951258,0.008252,27.2566,473,0.0477124648114133,TRUE,""
ENSG00000254098,IGKV2-26,fbg,0.122976456287283,0.0405411144974515,0.008252,9.645,530,0.0776724998140317,TRUE,""
ENSG00000257226,CTD-2252P21.1,fbg,0.0570559198696982,0.0856599034048342,0.00533,6.8115,1384,0.0150297044363739,TRUE,""
ENSG00000257800,FNBP1P1,fbg,0.0148498178549586,0.098705338715477,0.001765,35.4648,1509,0.0198875871580874,TRUE,""
ENSG00000258821,AC005041.17,fbg,0.00192158061817653,0.858897500094722,0.001765,25.7684,1760,0.00544750162266574,TRUE,""
ENSG00000259793,RP11-400N9.1,fbg,-0.0100296754170356,0.890294922852369,0.001054,5.4549,2432,0.0069156783831828,TRUE,""
ENSG00000260059,RP11-231E19.1,fbg,-0.0269539943060155,0.608514456754163,0.0002489,5.5058,2106,0.00713404939228138,TRUE,""
ENSG00000261428,RP11-16P6.1,fbg,0.0122345351086943,0.462160389897216,0.003887,20.9306,2037,0.00535962847056501,TRUE,""
ENSG00000267520,RP11-373L24.1,fbg,0.035366698765546,0.0699089739364695,0.0003863,10.8026,1483,0.0195407585595119,TRUE,""
ENSG00000268688,AC007382.1,fbg,0.0352253934868156,0.348501423761085,8.844e-05,6.1201,2604,0.00477430698550903,TRUE,""
ENSG00000269973,RP11-95D17.1,fbg,0.0033077264301119,0.617075077451974,0.0002686,34.7603,2160,0.00414813516240103,TRUE,""
ENSG00000270081,RP5-935K16.1,fbg,-0.00256971872649513,0.651547872829126,0.002768,52.8433,1837,0.119066917520811,TRUE,""
ENSG00000004534,RBM6,fbg,-0.00163493885342226,0.747012853671546,0.0001937,101.8767,745,0.00373817285674468,TRUE,""
ENSG00000010322,NISCH,fbg,-0.0628544128949172,0.288008758003942,0.0003896,9.6286,887,0.00678231847497182,TRUE,""
ENSG00000010327,STAB1,fbg,0.000423457546484942,0.988602036818529,0.0003896,42.026,905,0.00904869579325506,TRUE,""
ENSG00000011376,LARS2,fbg,0.0457408903460294,0.00399206745711651,0.0001969,36.7445,1668,0.220689011408197,TRUE,""
ENSG00000012171,SEMA3B,fbg,-0.220367423538982,0.0488731104972685,0.0001937,5.0238,820,0.0158184667233755,TRUE,""
ENSG00000017260,ATP2C1,fbg,0.0451621749993269,0.329560259960621,0.004527,15.3703,1705,0.00875482949225508,TRUE,""
ENSG00000047849,MAP4,fbg,0.068540508096729,0.0109135571481155,0.002281,21.5129,597,0.0807504656602694,TRUE,""
ENSG00000058063,ATP11B,fbg,-0.000697199466980347,0.97783938988704,0.004755,25.3966,1416,0.00432252534369763,TRUE,""
ENSG00000058866,DGKG,fbg,-0.136690124041356,0.21129954733371,5.479e-05,6.4245,1546,0.00936821953272053,TRUE,""
ENSG00000061938,TNK2,fbg,-0.0321073682291298,0.504985075093846,0.000657,12.1926,935,0.00525465270593327,TRUE,""
ENSG00000064225,ST3GAL6,fbg,-0.0226922969791514,0.150575972824847,0.001995,32.7441,2128,0.0107241270145008,TRUE,""
ENSG00000065485,PDIA5,fbg,0.0175676011751532,0.43881634294658,6.79e-09,16.3145,1800,6.03967914626803e-05,TRUE,""
ENSG00000070087,PFN2,fbg,0.00950726991914758,0.749968182154572,0.005416,62.1656,1737,0.00528040898792973,TRUE,""
ENSG00000070950,RAD18,fbg,0.0584930082392604,0.393294214421889,0.0008667,10.4862,2434,0.0110701706898642,TRUE,""
ENSG00000071282,LMCD1,fbg,0.0137735717657255,0.518822668670191,0.0008667,25.8466,2779,0.00445498675566027,TRUE,""
ENSG00000071794,HLTF,fbg,0.0339157441457234,0.225465985004507,0.005416,20.9932,1830,0.00830087385806303,TRUE,""
ENSG00000073282,TP63,fbg,0.065247579272706,0.465293165648637,0.00038,10.1658,2456,0.00928926899376368,TRUE,""
ENSG00000073803,MAP3K13,fbg,-0.0875813117265066,0.0340864428132273,5.479e-05,16.5765,1441,0.0424320578992903,TRUE,""
ENSG00000074416,MGLL,fbg,-0.0425158389414034,0.363302140886898,0.001693,16.7467,1570,0.00801008272623513,TRUE,""
ENSG00000076201,PTPN23,fbg,0.0969356450468636,0.196938679952046,0.002281,7.2752,864,0.00653828113017882,TRUE,""
ENSG00000076242,MLH1,fbg,-0.00638807208754658,0.665427150454072,7.587e-05,29.9127,1728,0.0047639762418824,TRUE,""
ENSG00000077097,TOP2B,fbg,0.0746152464219414,0.0562503652819669,2.824e-05,15.0291,2274,0.0211865588821824,TRUE,""
ENSG00000080200,CRYBG3,fbg,0.0260878567599935,0.34661443250305,0.007186,19.5784,1503,0.00696290446376507,TRUE,""
ENSG00000080822,CLDND1,fbg,-0.00999650567663111,0.832012471360641,0.001995,12.3971,1985,0.00443716767954006,TRUE,""
ENSG00000082781,ITGB5,fbg,-0.00412866371824916,0.918308934545483,0.001146,17.2344,2087,0.00474385698974305,TRUE,""
ENSG00000082996,RNF13,fbg,-0.0250424065256514,0.0727943929305394,0.005416,46.1633,1742,0.0156796437750466,TRUE,""
ENSG00000083937,CHMP2B,fbg,-0.01628090161932,0.276491247419954,0.002571,40.3129,1815,0.00858443821681368,TRUE,""
ENSG00000085276,MECOM,fbg,0.0379088531199131,0.721891338190708,7.057e-05,9.6158,1681,0.00664484431882806,TRUE,""
ENSG00000088538,DOCK3,fbg,-0.103979249710378,0.130880630802251,0.0005376,11.0936,710,0.0209941645743188,TRUE,""
ENSG00000088543,C3orf18,fbg,-0.106443465401252,0.189820227402507,0.0001937,9.8063,798,0.0124345466864837,TRUE,""
ENSG00000090520,DNAJB11,fbg,0.0680257485101453,0.332197561388374,5.479e-05,8.3733,1824,0.00584594100283236,TRUE,""
ENSG00000090530,LEPREL1,fbg,-0.0158581924145135,0.707660466654553,0.00038,12.3436,2590,0.00402093937069956,TRUE,""
ENSG00000091181,IL5RA,fbg,0.149427314979925,0.250143871274301,0.001667,5.0216,2996,0.00607734293035744,TRUE,""
ENSG00000091513,TF,fbg,0.0330432666963579,0.504985075093846,0.0007636,17.0121,1950,0.00724197627487046,TRUE,""
ENSG00000091972,CD200,fbg,-0.046755624934332,0.330940007555672,0.000353,13.3246,2182,0.0060591115763436,TRUE,""
ENSG00000093217,XYLB,fbg,-0.0193112144526194,0.41325337549364,0.003747,24.8702,1648,0.00556099908610443,TRUE,""
ENSG00000113790,EHHADH,fbg,-0.0663333194652283,0.0184161605763039,5.479e-05,26.159,1356,0.0574501043224888,TRUE,""
ENSG00000113845,TIMMDC1,fbg,0.533264846290127,0.000673858531353761,0.001023,9.962,1764,0.74472199441745,TRUE,""
ENSG00000113916,BCL6,fbg,-0.00828873471472842,0.871178155583461,8.233e-06,12.7161,2193,0.00341836590370785,TRUE,""
ENSG00000113966,ARL6,fbg,0.119805247863281,0.470952440870632,0.007186,4.6029,1452,0.0021598346133767,TRUE,""
ENSG00000114021,NIT2,fbg,0.0190347786553843,0.26219758140346,0.0001092,23.2145,1802,0.00642727032392429,TRUE,""
ENSG00000114124,GRK7,fbg,0.0622968872781512,0.617075077451974,0.0003712,7.0266,1275,0.00735931271117019,TRUE,""
ENSG00000114127,XRN1,fbg,0.0394385638536714,0.410950433473448,0.0003712,16.6429,1467,0.0070607595169972,TRUE,""
ENSG00000114166,KAT2B,fbg,-0.0516571998315618,0.0667530151696345,0.0005625,24.2239,1655,0.0331878170274797,TRUE,""
ENSG00000114302,PRKAR2A,fbg,0.110192398735073,0.0818590179576148,0.0001937,9.4285,644,0.0252297763830956,TRUE,""
ENSG00000114383,TUSC2,fbg,0.149519264471829,0.182422439451736,0.0001937,8.1705,832,0.0135126658619394,TRUE,""
ENSG00000114388,NPRL2,fbg,-0.11116981147078,0.182422439451736,0.0001937,5.1845,837,0.0238705287128858,TRUE,""
ENSG00000114405,C3orf14,fbg,-0.0459389734402461,0.0202016914731079,0.004279,27.8763,2368,0.0524726388931098,TRUE,""
ENSG00000114416,FXR1,fbg,-0.041684407732266,0.777904188455671,0.005756,4.6972,1192,0.00680217296553934,TRUE,""
ENSG00000114439,BBX,fbg,0.00498451473596988,0.898418383157776,8.605e-05,21.3871,1801,0.00573278989534326,TRUE,""
ENSG00000114455,HHLA2,fbg,0.015036916146867,0.897332123936804,0.0005201,4.6874,2008,0.00379641594266459,TRUE,""
ENSG00000114491,UMPS,fbg,0.00784125267816023,0.766239544861786,0.001146,24.9705,2078,0.00457638699200446,TRUE,""
ENSG00000114529,C3orf52,fbg,-0.0796533154058578,0.140566636048714,0.000353,12.2995,2124,0.012975355031941,TRUE,""
ENSG00000114626,ABTB1,fbg,-0.0229382931468922,0.133614402537716,0.001693,54.3094,1601,0.00524384205721976,TRUE,""
ENSG00000114648,KLHL18,fbg,0.0427343368277324,0.398809120942746,0.002281,11.1859,818,0.00557571291452227,TRUE,""
ENSG00000114670,NEK11,fbg,0.0239572858728123,0.239994715798025,0.0001062,34.8565,1955,0.0105674917650432,TRUE,""
ENSG00000114739,ACVR2B,fbg,-0.00957512155663351,0.41325337549364,0.003747,33.6728,1677,0.0055591804596495,TRUE,""
ENSG00000114742,WDR48,fbg,-0.0024154656506011,0.904483147958832,0.002521,81.2764,1781,0.00443316804763423,TRUE,""
ENSG00000114770,ABCC5,fbg,-0.00443875298324979,0.583426134426407,0.001243,105.9776,1584,0.00486206401161425,TRUE,""
ENSG00000114790,ARHGEF26,fbg,-0.0927749836134576,0.623265147627004,0.0009516,5.2711,1738,0.00688361335129275,TRUE,""
ENSG00000114796,KLHL24,fbg,0.0104149054518152,0.345753978677278,0.004755,30.3717,1575,0.00654294729075996,TRUE,""
ENSG00000114805,PLCH1,fbg,0.0169894801030476,0.639248343034235,0.0009516,13.5714,1517,0.00441177979312891,TRUE,""
ENSG00000114812,VIPR1,fbg,0.0218141604148313,0.129486728502174,0.002533,51.4247,1624,0.0061217887127445,TRUE,""
ENSG00000114850,SSR3,fbg,0.0159386332771203,0.775096962195985,0.004969,13.4014,1863,0.00519431801416075,TRUE,""
ENSG00000114857,NKTR,fbg,-0.0174673391230693,0.329878332049875,0.002533,39.7505,1576,0.00766647017805695,TRUE,""
ENSG00000114902,SPCS1,fbg,0.00653959109011638,0.771569465555293,0.0003896,22.2869,1067,0.0038902539063098,TRUE,""
ENSG00000119227,PIGZ,fbg,-0.000935589944297104,0.984043372566196,0.000657,34.6543,1052,0.0116993393482667,TRUE,""
ENSG00000119231,SENP5,fbg,-0.0188381986451772,0.651547872829126,0.000657,12.1228,1034,0.00410000345114067,TRUE,""
ENSG00000121542,SEC22A,fbg,-0.0706419287627741,0.0124193306515523,6.79e-09,20.158,1818,0.000853739967758775,TRUE,""
ENSG00000121570,DPPA4,fbg,-0.0106648578456424,0.822850213878424,0.001502,24.9016,1842,0.00830896344570632,TRUE,""
ENSG00000121578,B4GALT4,fbg,-0.00411916321490265,0.798476611229563,0.001023,68.5856,1828,0.00530504471606658,TRUE,""
ENSG00000121594,CD80,fbg,0.0708725687324561,0.670448961276106,0.001023,5.0231,1775,0.00596458745906258,TRUE,""
ENSG00000121797,CCRL2,fbg,-0.0280822285476074,0.398809120942746,0.0001969,15.4263,1430,0.00539140824461066,TRUE,""
ENSG00000121807,CCR2,fbg,-0.00669035349022334,0.786952335429884,0.0001969,26.2138,1449,0.00453036789466704,TRUE,""
ENSG00000121864,ZNF639,fbg,-0.066392656275457,0.196938679952046,0.001869,10.6878,1528,0.00864348553561361,TRUE,""
ENSG00000121879,PIK3CA,fbg,-0.10609806734894,0.0260271484949187,0.001869,11.5759,1499,0.0422720884551187,TRUE,""
ENSG00000122068,FYTTD1,fbg,-0.00343807310118931,0.977206399475098,0.002936,8.8952,747,0.00837413096707279,TRUE,""
ENSG00000125037,EMC3,fbg,-0.088639027580652,0.246419131076524,0.0008667,5.2273,1948,0.00894435809617616,TRUE,""
ENSG00000127249,ATP13A4,fbg,-0.000541655000198649,0.974266251454282,0.001544,30.1156,1231,0.00377340770931755,TRUE,""
ENSG00000129810,SGOL1,fbg,-0.0936414835749166,0.62349074696239,0.0005625,5.1291,1708,0.00713469916357647,TRUE,""
ENSG00000131370,SH3BP5,fbg,0.0343442866390771,0.487403529676025,0.003517,12.9556,2027,0.00549931496288675,TRUE,""
ENSG00000131378,RFTN1,fbg,-0.00693142487159153,0.796357116257739,0.0002088,20.5055,2005,0.00378795076114104,TRUE,""
ENSG00000131379,C3orf20,fbg,0.0383352852267301,0.150575972824847,0.004006,21.0075,1896,0.0106200442222932,TRUE,""
ENSG00000131389,SLC6A6,fbg,-0.022865442038123,0.208967264956349,0.002998,42.7533,1988,0.00876952287892125,TRUE,""
ENSG00000132155,RAF1,fbg,-0.014141349942799,0.628477445586286,0.001248,18.8808,1975,0.00415580997643971,TRUE,""
ENSG00000132394,EEFSEC,fbg,-0.0216889280865236,0.536808016981021,0.006261,17.2346,1397,0.00499004405721753,TRUE,""
ENSG00000133657,ATP13A3,fbg,-0.0445965308895824,0.520316800507367,0.001544,12.8731,1373,0.00799419996228439,TRUE,""
ENSG00000134072,CAMK1,fbg,-0.0523555511687996,0.464920120624581,0.0008667,12.8519,2032,0.00850942772183714,TRUE,""
ENSG00000134108,ARL8B,fbg,0.033861013751797,0.153127451019669,0.0001321,26.2835,2586,0.0107029866329203,TRUE,""
ENSG00000136514,RTP4,fbg,-0.0216914491134201,0.150575972824847,8.233e-06,37.6199,2161,0.00814168605377033,TRUE,""
ENSG00000138231,DBR1,fbg,0.0160750076925378,0.693625785030416,0.002545,13.4136,1261,0.00434167526172708,TRUE,""
ENSG00000138463,DIRC2,fbg,0.00195904772089898,0.907124205990156,6.79e-09,64.3025,1771,7.23121672447199e-05,TRUE,""
ENSG00000138495,COX17,fbg,0.0314015877311324,0.372450881005206,0.001023,8.421,1699,0.00619427296325787,TRUE,""
ENSG00000138496,PARP9,fbg,-0.0412889407912289,0.559668927199412,6.79e-09,9.0311,1806,4.91788182067769e-05,TRUE,""
ENSG00000144566,RAB5A,fbg,0.528601850520656,0.00766076113517948,0.0005625,24.1185,1593,0.426264696512397,TRUE,""
ENSG00000144642,RBMS3,fbg,0.0168602117945706,0.897986641842342,0.000488,5.2787,2475,0.00436940106733467,TRUE,""
ENSG00000144647,GTDC2,fbg,0.00351246986433255,0.925307750889347,0.002533,13.6872,1668,0.00383197134657824,TRUE,""
ENSG00000144668,ITGA9,fbg,0.0144545415422608,0.544474508963011,0.003747,24.4851,1514,0.00483476345579516,TRUE,""
ENSG00000144671,SLC22A14,fbg,0.107482358527025,0.163335906964225,0.003747,6.8722,1643,0.0100671571727285,TRUE,""
ENSG00000144724,PTPRG,fbg,-0.00162725102949919,0.979543663087131,0.00153,5.5882,2314,0.00455309050431452,TRUE,""
ENSG00000144744,UBA3,fbg,0.00249044710026934,0.950164661941506,0.000718,9.5902,2050,0.00570055162691554,TRUE,""
ENSG00000144749,LRIG1,fbg,-0.0430377952754091,0.0101279905493907,0.0009547,37.0252,2016,0.101575578837821,TRUE,""
ENSG00000144802,NFKBIZ,fbg,-0.00261221135431418,0.897332123936804,0.0002193,27.2566,1580,0.00484403410286494,TRUE,""
ENSG00000144848,ATG3,fbg,-0.0422288544840308,0.704845389162416,0.000353,9.6498,2178,0.0082371722090607,TRUE,""
ENSG00000144852,NR1I2,fbg,0.00293481096152905,0.97582537985171,0.001023,5.8774,1636,0.00380047024588978,TRUE,""
ENSG00000144867,SRPRB,fbg,-0.0160565841718375,0.304742757088453,0.0007636,50.8205,1944,0.0156489959794229,TRUE,""
ENSG00000144893,MED12L,fbg,-0.124542577258713,0.347528523523374,0.002574,8.8151,1766,0.0123257304003236,TRUE,""
ENSG00000144895,EIF2A,fbg,0.00281182006143777,0.880764615259515,0.002574,48.3701,1665,0.00643977191546062,TRUE,""
ENSG00000144909,OSBPL11,fbg,-0.0628792497336349,0.0682232466455102,0.001146,17.5511,2255,0.0205936700467969,TRUE,""
ENSG00000145014,TMEM44,fbg,0.0297895016868098,0.122865441229318,0.001544,29.569,1316,0.013251979503924,TRUE,""
ENSG00000145020,AMT,fbg,0.00215937383734892,0.841480581121794,0.0001937,62.9239,660,0.00417205701604045,TRUE,""
ENSG00000145029,NICN1,fbg,-0.00309974032552093,0.841480581121794,0.0001937,46.8793,663,0.00510049116619351,TRUE,""
ENSG00000145088,EAF2,fbg,0.00493478049929998,0.754660563059686,0.002917,36.0705,1624,0.00418521493588291,TRUE,""
ENSG00000150995,ITPR1,fbg,0.0662355523664597,0.0856599034048342,0.0001321,29.507,2496,0.0298238065714695,TRUE,""
ENSG00000151090,THRB,fbg,0.179514997784331,0.142466754827972,0.0008078,6.5443,2211,0.0133122457599723,TRUE,""
ENSG00000151092,NGLY1,fbg,0.112766799727549,0.0317885988775997,2.824e-05,11.5016,2242,0.0338838794392798,TRUE,""
ENSG00000151093,OXSM,fbg,-0.0618355050007779,0.353111234506006,2.824e-05,10.7025,2224,0.00631174672114883,TRUE,""
ENSG00000151576,QTRTD1,fbg,0.0137968576505503,0.855725415320072,0.0001059,7.5803,1576,0.00361612018108503,TRUE,""
ENSG00000152492,CCDC50,fbg,0.0159743706569009,0.47015786285767,0.0001983,26.3818,2391,0.00499630032682117,TRUE,""
ENSG00000152580,IGSF10,fbg,0.0360772846882591,0.21129954733371,0.0002751,17.6939,1731,0.00792784813705026,TRUE,""
ENSG00000152642,GPD1L,fbg,0.00457092812903505,0.649436283726755,0.001373,59.1111,1675,0.0130524589981187,TRUE,""
ENSG00000152952,PLOD2,fbg,0.0728406403062506,0.32818424412387,0.002116,10.7519,2226,0.00872597035794724,TRUE,""
ENSG00000154165,GPR15,fbg,-0.0510126118085613,0.583426134426407,0.001995,5.9118,2004,0.00478292293724463,TRUE,""
ENSG00000154310,TNIK,fbg,0.0649507400064219,0.137150488653754,8.184e-10,14.9945,1567,7.63719714679058e-07,TRUE,""
ENSG00000154767,XPC,fbg,-0.265869867599344,0.0244489453100894,0.001248,17.698,2094,0.143409399310585,TRUE,""
ENSG00000154781,CCDC174,fbg,-0.0330384009311378,0.141900610277981,0.004006,22.7062,1932,0.0108052034447655,TRUE,""
ENSG00000154813,DPH3,fbg,-0.0109733461956364,0.605764292132078,0.0002088,25.866,1947,0.00408739593072536,TRUE,""
ENSG00000154928,EPHB1,fbg,0.00836050801046288,0.872881074217134,0.0007636,34.0025,1880,0.0120940001742579,TRUE,""
ENSG00000155893,ACPL2,fbg,0.00927984127806704,0.391365938307552,0.0003712,72.2074,1660,0.00716949954051093,TRUE,""
ENSG00000155903,RASA2,fbg,-0.0698018908145084,0.0652195825478357,0.0003712,9.9743,1360,0.0206432594321234,TRUE,""
ENSG00000156976,EIF4A2,fbg,0.0613363518470513,0.317310507862914,5.03e-05,12.1635,1957,0.00683535136333646,TRUE,""
ENSG00000157020,SEC13,fbg,0.00610579921181618,0.617075077451974,0.001729,42.4037,1804,0.00427677938887416,TRUE,""
ENSG00000157036,EXOG,fbg,-0.0105777261591208,0.950779127092922,0.003747,7.6024,1745,0.00991886466875648,TRUE,""
ENSG00000157388,CACNA1D,fbg,0.00182714021761445,0.977206399475098,0.0003896,9.742,1698,0.00419417190823735,TRUE,""
ENSG00000157445,CACNA2D3,fbg,0.000834063529400739,0.974266251454282,0.00295,21.3413,2143,0.00383894371388218,TRUE,""
ENSG00000157500,APPL1,fbg,-0.107764159335771,0.197233459347633,3.039e-05,8.0936,1532,0.00939982264289037,TRUE,""
ENSG00000158234,FAIM,fbg,-0.0124289469593058,0.518822668670191,0.00565,27.2621,1341,0.00467057208926338,TRUE,""
ENSG00000163320,CGGBP1,fbg,0.0108935021799139,0.545410804136332,0.002571,48.7017,1822,0.00596135432701958,TRUE,""
ENSG00000163376,KBTBD8,fbg,-0.0176448967769672,0.747012853671546,0.002642,10.0691,1817,0.00403723139051476,TRUE,""
ENSG00000163378,EOGT,fbg,-0.0223600330144842,0.198542793686662,0.000718,32.1216,2040,0.00890287548843938,TRUE,""
ENSG00000163406,SLC15A2,fbg,0.00707685399066011,0.707660466654553,0.00302,30.0808,1604,0.00422682222513676,TRUE,""
ENSG00000163412,EIF4E3,fbg,-0.0155623152846265,0.443701622367481,0.000913,57.2056,1907,0.00387682683164955,TRUE,""
ENSG00000163421,PROK2,fbg,-0.0150715475148881,0.443701622367481,0.000913,53.7781,1895,0.166911608455552,TRUE,""
ENSG00000163519,TRAT1,fbg,-0.0470117605768701,0.0500912804442534,0.001502,36.3254,1885,0.0389696013669851,TRUE,""
ENSG00000163520,FBLN2,fbg,-0.10275786687078,0.330940007555671,0.001248,6.0514,2004,0.0081120973204261,TRUE,""
ENSG00000163528,CHCHD4,fbg,0.0954985854703623,0.149534833950161,0.001248,6.1278,2108,0.0105633060118399,TRUE,""
ENSG00000163539,CLASP2,fbg,0.0727998685885481,0.241426553382044,0.001736,10.0059,1345,0.00819177544695796,TRUE,""
ENSG00000163558,PRKCI,fbg,-0.0345894803331614,0.458126425559177,8.184e-10,7.9407,1550,2.07498984454746e-05,TRUE,""
ENSG00000163576,EFHB,fbg,0.00238886663985471,0.786952335429884,0.0005625,66.5117,1554,0.00458269108357105,TRUE,""
ENSG00000163577,EIF5A2,fbg,0.31133953348572,7.90149177756325e-05,8.184e-10,8.5467,1581,0.29580051205605,TRUE,""
ENSG00000163590,PPM1L,fbg,-0.0260886593460203,0.446917899337001,0.002303,36.5939,1725,0.0112196823925581,TRUE,""
ENSG00000163607,GTPBP8,fbg,-0.0377143244600635,0.059333466754994,0.000353,31.0441,1860,0.0235927540197377,TRUE,""
ENSG00000163608,C3orf17,fbg,0.0556240612655516,0.357572759228743,0.000353,29.1407,1844,0.0173413446817303,TRUE,""
ENSG00000163634,THOC7,fbg,0.0282720502807129,0.640738381802541,0.0004908,12.3889,2368,0.00588649256068259,TRUE,""
ENSG00000163637,PRICKLE2,fbg,0.0653502691857725,0.317310507862914,0.0004908,8.7,2571,0.00852406126263398,TRUE,""
ENSG00000163659,TIPARP,fbg,-0.123021766251658,0.306057600967143,0.004969,12.5145,1862,0.0175959990531111,TRUE,""
ENSG00000163661,PTX3,fbg,0.140596402852179,0.191703742822855,0.004969,5.8874,1956,0.00922206237251967,TRUE,""
ENSG00000163681,SLMAP,fbg,0.0159596720790449,0.698684565645401,3.039e-05,13.3831,1584,0.00407685849053479,TRUE,""
ENSG00000163684,RPP14,fbg,-0.122910067058707,0.0133727842913177,3.039e-05,13.3152,1407,0.0720876855186294,TRUE,""
ENSG00000163687,DNASE1L3,fbg,0.0205364875534716,0.104162558830439,3.039e-05,29.8796,1364,0.0142493610167377,TRUE,""
ENSG00000163710,PCOLCE2,fbg,-0.00447624196854057,0.950164661941506,0.008711,7.9531,1772,0.00391394675383856,TRUE,""
ENSG00000163751,CPA3,fbg,-0.0373756281322397,0.33317326895895,0.005416,14.2594,1849,0.00580905492029247,TRUE,""
ENSG00000163754,GYG1,fbg,0.00486331159450163,0.785062868547559,0.005416,22.1012,1802,0.00413778755627231,TRUE,""
ENSG00000163788,SNRK,fbg,0.0711978677155442,0.0718606382258516,0.002533,15.7114,1531,0.0216775515975111,TRUE,""
ENSG00000163807,KIAA1143,fbg,0.0194917885309336,0.196938679952046,0.0001969,31.6603,1630,0.00815163871741983,TRUE,""
ENSG00000163812,ZDHHC3,fbg,0.00570997399639453,0.897332123936804,0.0001969,12.4045,1628,0.00395670485133852,TRUE,""
ENSG00000163815,CLEC3B,fbg,0.00185313976666994,0.871864744932721,0.0001969,47.3822,1627,0.00366502121262257,TRUE,""
ENSG00000163817,SLC6A20,fbg,-0.0597276131883474,0.423710797166793,0.0001969,6.88,1829,0.00745867209850509,TRUE,""
ENSG00000163818,LZTFL1,fbg,0.0527867064273846,0.252020914350514,0.0001969,19.4684,1846,0.0122357287940832,TRUE,""
ENSG00000163820,FYCO1,fbg,0.0181724419637094,0.887343305480897,0.0001969,15.9414,1817,0.0138904909039413,TRUE,""
ENSG00000163823,CCR1,fbg,0.043153036567,0.0124193306515523,0.0001969,70.1305,1595,0.00900660878122757,TRUE,""
ENSG00000163827,LRRC2,fbg,-0.257381499916379,0.193600969171221,0.0001969,8.9259,1349,0.0169075467025514,TRUE,""
ENSG00000163832,ELP6,fbg,0.0109907929529018,0.852408287000742,0.002281,10.8386,816,0.00535931133824231,TRUE,""
ENSG00000163840,DTX3L,fbg,0.0234344498215858,0.457124710034358,6.79e-09,22.0274,1821,6.05679976394222e-05,TRUE,""
ENSG00000163885,CCDC37,fbg,0.0156571111639067,0.826844797716898,0.001693,7.2012,1927,0.00806693556685186,TRUE,""
ENSG00000163898,LIPH,fbg,0.251413594032732,0.0955807045456294,5.479e-05,10.3356,1403,0.035160779459893,TRUE,""
ENSG00000163904,SENP2,fbg,0.0809650470353481,0.249520365577285,5.479e-05,8.3253,1415,0.00632553658448082,TRUE,""
ENSG00000163913,IFT122,fbg,0.136187962025663,0.159306615961581,0.007868,9.8195,1061,0.0160469856835926,TRUE,""
ENSG00000163918,RFC4,fbg,0.00804666305889864,0.51108906411744,8.233e-06,46.8179,1952,0.00387921847235531,TRUE,""
ENSG00000163932,PRKCD,fbg,0.022432067165833,0.43316699063013,0.0003896,23.0117,1376,0.00602415495109279,TRUE,""
ENSG00000163933,RFT1,fbg,-0.0434759442074661,0.00482964525593995,0.0003896,34.6411,1314,0.173313391016912,TRUE,""
ENSG00000163935,SFMBT1,fbg,-0.167296191043062,0.0160662356991943,0.0003896,13.8051,1258,0.12217050193579,TRUE,""
ENSG00000163938,GNL3,fbg,0.0234893167787391,0.458126425559177,0.0003896,17.4292,1056,0.0048690028954394,TRUE,""
ENSG00000163939,PBRM1,fbg,0.0735555540492381,0.495353925990435,0.0003896,7.1448,979,0.00665361412401849,TRUE,""
ENSG00000163947,ARHGEF3,fbg,0.0183298550087873,0.404656761927286,0.001123,29.1328,1560,0.0061619130993595,TRUE,""
ENSG00000163958,ZDHHC19,fbg,-0.0144192875250404,0.548506235500147,0.000657,23.7569,841,0.00491983363682389,TRUE,""
ENSG00000164045,CDC25A,fbg,-0.0933430615508286,0.112233142968296,0.002281,10.221,586,0.019973501646756,TRUE,""
ENSG00000164048,ZNF589,fbg,-0.0203002340872571,0.0180965654136911,0.002281,107.285,589,0.015386404198568,TRUE,""
ENSG00000164050,PLXNB1,fbg,0.134248435025266,0.0776132094577024,0.0003735,7.9554,602,0.0197375936075102,TRUE,""
ENSG00000164061,BSN,fbg,-0.0463958311608443,0.406952608509977,0.0001937,7.8573,691,0.00761080215611953,TRUE,""
ENSG00000164062,APEH,fbg,-0.0601960856694593,0.000276513915638115,0.0001937,32.4473,703,0.721897349431957,TRUE,""
ENSG00000164080,RAD54L2,fbg,0.00253953926341721,0.976536189986223,0.0005376,6.3038,714,0.00415929607817398,TRUE,""
ENSG00000164082,GRM2,fbg,-0.0305884176441055,0.246419131076524,0.0005376,29.6779,713,0.0111405124477412,TRUE,""
ENSG00000164086,DUSP7,fbg,0.101164992234998,0.49041106256261,0.0005376,4.7221,782,0.00573622239044308,TRUE,""
ENSG00000168038,ULK4,fbg,-0.00528798110440383,0.531971058097401,0.002591,76.3479,1685,0.00592064905582367,TRUE,""
ENSG00000168237,GLYCTK,fbg,0.00889943862704639,0.539940330191881,0.0003896,50.4891,850,0.00383022021466,TRUE,""
ENSG00000168268,NT5DC2,fbg,0.00878115354484389,0.539940330191881,0.0003896,48.2178,919,0.00408270024929064,TRUE,""
ENSG00000168297,PXK,fbg,0.00877871419568582,0.585440934568927,3.039e-05,33.4469,1470,0.00465912926321717,TRUE,""
ENSG00000168306,ACOX2,fbg,0.110141037162597,0.249520365577285,3.039e-05,7.3984,1628,0.0156161734016415,TRUE,""
ENSG00000168329,CX3CR1,fbg,0.0262881068058167,0.715330967149235,0.002521,20.578,1882,0.0108461700128221,TRUE,""
ENSG00000168386,FILIP1L,fbg,0.139060258946802,0.369958168208807,0.0001092,6.6377,1854,0.00863992900080069,TRUE,""
ENSG00000169255,B3GALNT1,fbg,0.016718498064161,0.410206998692259,0.002303,29.7095,1786,0.00571051236125267,TRUE,""
ENSG00000169359,SLC33A1,fbg,-0.0035173239158146,0.883651835100635,0.0009516,20.3725,1669,0.00497116881307242,TRUE,""
ENSG00000169704,GP9,fbg,0.152995939067749,0.327497635771995,0.006261,5.4581,1110,0.0100903831950841,TRUE,""
ENSG00000169855,ROBO1,fbg,-0.0950322083741773,0.0490977381009836,7.428e-05,11.4256,1547,0.0214857716874196,TRUE,""
ENSG00000169860,P2RY1,fbg,-0.186691065944502,0.0882792317161347,0.0002751,7.0332,1788,0.0201398401854057,TRUE,""
ENSG00000169908,TM4SF1,fbg,-0.11575469488122,0.0103442972029981,0.005416,14.2404,1933,0.112886644823452,TRUE,""
ENSG00000169964,TMEM42,fbg,-0.0360850110991161,0.479369457910652,0.0001969,13.6662,1604,0.00658938832416017,TRUE,""
ENSG00000170011,MYRIP,fbg,0.00777429119445882,0.900523550339774,0.002521,8.7622,1661,0.00406553819198409,TRUE,""
ENSG00000170017,ALCAM,fbg,0.00604206533407445,0.665427150454072,0.001564,60.8868,2092,0.00470666794271912,TRUE,""
ENSG00000170248,PDCD6IP,fbg,0.00314205961464288,0.768668006560809,0.001736,57.2979,1512,0.00780183359554949,TRUE,""
ENSG00000170266,GLB1,fbg,-0.0835216576162756,0.00687782332399803,0.001373,21.2009,1383,0.143796955871765,TRUE,""
ENSG00000170364,SETMAR,fbg,0.0209722201905077,0.810330256604408,0.0001321,25.74,2740,0.0114357690038306,TRUE,""
ENSG00000170819,BFSP2,fbg,-0.0314009693301719,0.249520365577285,0.0007636,14.4526,1828,0.00774916913935717,TRUE,""
ENSG00000170837,GPR27,fbg,-0.187834585428614,0.0180965654136911,0.000913,24.6387,1893,0.166916069351704,TRUE,""
ENSG00000170854,MINA,fbg,0.041578872318718,0.237277851868278,0.003692,16.6395,1508,0.00771947916206103,TRUE,""
ENSG00000170860,LSM3,fbg,0.00604590140141728,0.950164661941506,0.001248,5.0849,2097,0.00342226274504832,TRUE,""
ENSG00000171148,TADA3,fbg,0.0102870224018793,0.551684329116147,0.0008667,43.4948,2023,0.00605356905458094,TRUE,""
ENSG00000172113,NME6,fbg,0.0377977437657635,0.0727943929305393,0.002281,28.4542,589,0.020586186147544,TRUE,""
ENSG00000172215,CXCR6,fbg,0.0319785734701292,0.647349926386126,0.0001969,23.8913,1824,0.00947078154992019,TRUE,""
ENSG00000172340,SUCLG2,fbg,0.000396076616348619,0.976536189986223,0.004856,45.7771,2141,0.00411248516082119,TRUE,""
ENSG00000172936,MYD88,fbg,-0.0212913927667841,0.841480581121794,0.003747,10.014,1535,0.00740229142863439,TRUE,""
ENSG00000172939,OXSR1,fbg,-0.11819075190566,0.27705602503262,0.003747,11.2953,1560,0.0148167194256575,TRUE,""
ENSG00000172995,ARPP21,fbg,-0.0435711666617446,0.627169753539399,7.587e-05,6.7378,1926,0.00607791448517188,TRUE,""
ENSG00000173175,ADCY5,fbg,0.0886693529433608,0.515692221611729,6.79e-09,5.1763,1781,0.00112076201050458,TRUE,""
ENSG00000173193,PARP14,fbg,0.00282844441136415,0.913130385349696,6.79e-09,51.3569,1797,6.1702610909489e-05,TRUE,""
ENSG00000173226,IQCB1,fbg,0.0648648780099086,0.101763504951258,0.00227,70.4902,1672,0.00409604755484943,TRUE,""
ENSG00000173230,GOLGB1,fbg,0.0239390138622488,0.435737195806964,0.00227,69.0342,1671,0.00565067526570802,TRUE,""
ENSG00000173585,CCR9,fbg,0.0611083982722924,0.104162558830439,0.0001969,15.0165,1838,0.0136587735758092,TRUE,""
ENSG00000173706,HEG1,fbg,0.0147860899961839,0.504985075093846,0.001146,26.3036,1991,0.00494738668189567,TRUE,""
ENSG00000173890,GPR160,fbg,0.00762514908944889,0.419982497240339,8.184e-10,49.2751,1612,5.93939454288836e-06,TRUE,""
ENSG00000173905,GOLIM4,fbg,0.00537505515614415,0.810330256604408,7.057e-05,38.884,1481,0.00598515296379978,TRUE,""
ENSG00000174004,LRRC33,fbg,-0.0127254230465535,0.366406064176293,0.000657,35.8922,1054,0.00547659884978835,TRUE,""
ENSG00000174255,ZNF80,fbg,-0.0175029499353824,0.396168007039194,0.0001059,28.4752,1369,0.0046328417312539,TRUE,""
ENSG00000174500,GCSAM,fbg,0.00614947014811369,0.796357116257739,0.000353,20.8339,2175,0.00382200610326983,TRUE,""
ENSG00000174579,MSL2,fbg,0.0143396294610648,0.771569465555293,0.009506,10.0834,1289,0.00459158033162968,TRUE,""
ENSG00000174611,KY,fbg,0.0560411647898779,0.122236355448012,0.0007636,16.0385,2072,0.0118916669236972,TRUE,""
ENSG00000174844,DNAH12,fbg,-0.00439177762877524,0.971510179466646,3.039e-05,5.0261,1601,0.030589398619205,TRUE,""
ENSG00000174928,C3orf33,fbg,0.0237584066134348,0.731034305380085,0.0009516,8.1433,1673,0.00397997307094066,TRUE,""
ENSG00000174944,P2RY14,fbg,0.00409510485077512,0.826251081180617,0.002574,38.9793,1769,0.00505128163819343,TRUE,""
ENSG00000174946,GPR171,fbg,0.0269275940473139,0.674956824198369,0.002574,8.4959,1789,0.00417741350628514,TRUE,""
ENSG00000174953,DHX36,fbg,0.0268170467603196,0.113345509219526,0.0009516,37.6366,1742,0.0149945374388201,TRUE,""
ENSG00000175110,MRPS22,fbg,0.00849599161472831,0.925307750889347,0.0008459,6.2739,1640,0.00388065714824272,TRUE,""
ENSG00000175161,CADM2,fbg,-0.0333703646503363,0.693625785030416,0.006713,6.7844,1719,0.00430492674842794,TRUE,""
ENSG00000175193,PARL,fbg,-0.0138358157602111,0.605764292132078,0.001243,20.3395,1591,0.00422024919330872,TRUE,""
ENSG00000175792,RUVBL1,fbg,-0.0208273572940472,0.453254704753736,0.001693,20.9748,1554,0.00576162893516836,TRUE,""
ENSG00000175928,LRRN1,fbg,-0.0111475272947415,0.635725114509718,0.0001321,28.7418,3007,0.00477383788921164,TRUE,""
ENSG00000176142,TMEM39A,fbg,0.0310033132237906,0.531971058097401,0.001023,11.4438,1793,0.00437493408122378,TRUE,""
ENSG00000177311,ZBTB38,fbg,-0.0350796392326933,0.0529309460298698,0.0003712,27.7864,1501,0.0230762393040809,TRUE,""
ENSG00000177463,NR2C2,fbg,-0.125089497328829,0.214080075786953,0.004006,11.5864,1891,0.0163809160306447,TRUE,""
ENSG00000177707,PVRL3,fbg,-0.0555071009469706,0.317310507862914,0.003583,10.1253,2041,0.00660356961316867,TRUE,""
ENSG00000177873,ZNF619,fbg,0.0404561986033122,0.396168007039194,0.002521,11.5917,1651,0.00573198977012183,TRUE,""
ENSG00000178057,NDUFAF3,fbg,-0.0226793727187304,0.578514721507944,0.0001937,13.5218,668,0.00486618763170364,TRUE,""
ENSG00000178149,DALRD3,fbg,-0.0175282025134016,0.617075077451974,0.0001937,15.7135,668,0.0047419872162819,TRUE,""
ENSG00000178700,DHFRL1,fbg,-0.0299976054324399,0.487403529676025,0.007368,14.7841,701,0.00577796903756916,TRUE,""
ENSG00000178917,ZNF852,fbg,-0.130653859702861,0.0976712014631225,0.0006272,5.7408,1510,0.0113946089406782,TRUE,""
ENSG00000179152,TCAIM,fbg,0.0308373542225887,0.69635620053955,0.0033,8.3162,1489,0.00530054524868913,TRUE,""
ENSG00000180370,PAK2,fbg,-0.0593920205120611,0.335916931887726,0.000657,13.8754,1051,0.00983305535164152,TRUE,""
ENSG00000180767,CHST13,fbg,0.00147295877352949,0.813980460416918,0.001693,124.8335,2009,0.0115049327081047,TRUE,""
ENSG00000180834,MAP6D1,fbg,0.0103283719719412,0.232654673754248,0.001243,64.9423,1591,0.0074625248574502,TRUE,""
ENSG00000180914,OXTR,fbg,0.00194137599718986,0.976536189986223,0.0008667,9.1521,2601,0.00426945397863913,TRUE,""
ENSG00000181458,TMEM45A,fbg,0.033745534967457,0.0845274725159049,0.0001092,36.2705,1652,0.0184418312014974,TRUE,""
ENSG00000181467,RAP2B,fbg,-0.076343918073228,0.524539436435313,0.0002751,6.4222,1869,0.00655320971673812,TRUE,""
ENSG00000181585,TMIE,fbg,-0.0187179608346426,0.637934810590957,0.001618,15.0856,1212,0.00461612506948634,TRUE,""
ENSG00000181744,C3orf58,fbg,0.0204425496245171,0.419982497240339,0.004497,21.6519,2100,0.00504541951629642,TRUE,""
ENSG00000182179,UBA7,fbg,-0.00312638789040949,0.747012853671546,0.0001937,79.4845,725,0.0401622308398722,TRUE,""
ENSG00000182247,UBE2E2,fbg,0.0284248557797872,0.196938679952046,0.0008078,25.0485,1986,0.0085967425443659,TRUE,""
ENSG00000182504,CEP97,fbg,0.0126842224597545,0.731034305380085,0.0002193,15.4365,1629,0.00391023279448158,TRUE,""
ENSG00000182568,SATB1,fbg,0.0187398828287696,0.49813992156856,0.0005625,19.9099,1387,0.00475226975029252,TRUE,""
ENSG00000182580,EPHB3,fbg,-0.000615221489337721,0.974266251454282,8.794e-05,28.8792,1448,0.00351248769659826,TRUE,""
ENSG00000183625,CCR3,fbg,0.0064048344784451,0.884352001477485,0.0001969,77.3022,1585,0.00410010815218956,TRUE,""
ENSG00000183657,PP13439,fbg,-0.00860675735887705,0.370341784125815,8.184e-10,32.2392,1767,4.79417932776349e-07,TRUE,""
ENSG00000183662,FAM19A1,fbg,0.00991601781726803,0.317310507862914,0.003817,58.351,2021,0.00424351398919024,TRUE,""
ENSG00000183960,KCNH8,fbg,0.145216787314068,0.0701701422784365,0.0005625,8.0998,1506,0.0222763852102838,TRUE,""
ENSG00000183977,PP2D1,fbg,0.0722088011574178,0.440452945294225,0.0005625,5.583,1599,0.00556570904554071,TRUE,""
ENSG00000184500,PROS1,fbg,-0.00214565374129191,0.94021471189421,0.007368,16.6981,626,0.00596902426522502,TRUE,""
ENSG00000185485,SDHAP1,fbg,0.0118986482609889,0.141900610277981,0.000657,31.6471,914,0.0109141569419093,TRUE,""
ENSG00000185614,FAM212A,fbg,-0.0690240862824475,0.0306729200049368,0.0001937,15.4554,726,0.0346203081516306,TRUE,""
ENSG00000185621,LMLN,fbg,-0.075692554640875,0.506923077566772,0.005626,15.5171,607,0.0163254138982472,TRUE,""
ENSG00000186265,BTLA,fbg,-0.153794800183256,0.131357076458327,0.000353,9.064,2176,0.0202513731190513,TRUE,""
ENSG00000186792,HYAL3,fbg,-0.0295697005422288,0.150038940526236,0.0001937,82.2807,828,0.0096664395941155,TRUE,""
ENSG00000188313,PLSCR1,fbg,-0.00926641571517589,0.407346960940474,0.002116,37.3759,2081,0.005936613681837,TRUE,""
ENSG00000188846,RPL14,fbg,0.0337386434098578,0.440805726712719,0.002521,33.8669,1684,0.0136995309958838,TRUE,""
ENSG00000188958,UTS2D,fbg,-0.0348317273179161,0.355967119733731,0.0001983,16.5137,2450,0.00637178231304759,TRUE,""
ENSG00000189283,FHIT,fbg,-0.0620127784082061,0.122009984772333,2.77e-05,42.2255,2946,0.0325821618787032,TRUE,""
ENSG00000196220,SRGAP3,fbg,-0.118696167682044,0.0429300147848126,0.0008667,12.4048,2084,0.0354623686574785,TRUE,""
ENSG00000196353,CPNE4,fbg,0.0322476090803089,0.627783826989789,3.687e-05,8.6125,1974,0.00345502553638634,TRUE,""
ENSG00000196428,TSC22D2,fbg,0.000755495327861707,0.978438177451517,0.002574,23.481,1724,0.00428298457335149,TRUE,""
ENSG00000196455,PIK3R4,fbg,-0.0649177172465399,0.259233298673899,0.004527,12.0235,1412,0.00825663744017865,TRUE,""
ENSG00000196549,MME,fbg,-0.0205914111382015,0.65672128656377,0.0009516,13.7309,1477,0.00475617630393805,TRUE,""
ENSG00000196653,ZNF502,fbg,-0.0122074246100334,0.173478578848781,0.0001969,86.5208,1625,0.00621319279257419,TRUE,""
ENSG00000196981,WDR5B,fbg,-0.0126995700754533,0.349538991650093,6.79e-09,48.9934,1806,3.94019985633737e-05,TRUE,""
ENSG00000197548,ATG7,fbg,0.0679596823457544,0.0105233857318094,0.001729,28.8112,2149,0.116924166215641,TRUE,""
ENSG00000197763,TXNRD3,fbg,0.147479040272809,0.118920179211572,0.001693,10.9705,1981,0.0260491056891248,TRUE,""
ENSG00000197885,NKIRAS1,fbg,0.00262084603265751,0.950164661941506,0.0008078,13.5834,2037,0.00386548559858412,TRUE,""
ENSG00000198218,QRICH1,fbg,-0.0133966539054214,0.541126024471668,0.0001937,29.0767,680,0.00493295897019444,TRUE,""
ENSG00000198590,C3orf35,fbg,0.0216435768835695,0.747012853671546,7.587e-05,8.2235,1536,0.00414773658762415,TRUE,""
ENSG00000198919,DZIP3,fbg,0.0178403931016427,0.133614402537716,0.001502,51.137,1903,0.0080547396899694,TRUE,""
ENSG00000199906,RNU5B-2P,fbg,-0.0170664795999592,0.529629670287596,0.002521,8.796,1622,0.00517650352342897,TRUE,""
ENSG00000203644,AC083799.1,fbg,0.0640055325009174,0.0932355987798769,0.007868,10.8916,1162,0.0224196139590561,TRUE,""
ENSG00000206527,PTPLB,fbg,-0.0382208965011465,0.685652533544968,6.79e-09,15.698,1863,0.000113502543022477,TRUE,""
ENSG00000206530,WDR52,fbg,-0.0218770754290431,0.333173268958951,0.000353,24.3937,1724,0.00572058788028369,TRUE,""
ENSG00000206531,CD200R1L,fbg,-0.00434946333202066,0.802587348634153,0.000353,29.212,2021,0.00386216856849032,TRUE,""
ENSG00000206535,LNP1,fbg,-0.00485275586245814,0.903523023570037,0.0001092,13.3372,1712,0.00376524235273721,TRUE,""
ENSG00000206560,ANKRD28,fbg,0.0286056015306166,0.262419987102973,0.0002088,54.5763,1992,0.00699208499083196,TRUE,""
ENSG00000206561,COLQ,fbg,0.00295996027533834,0.871178155583461,0.0004799,35.8926,1987,0.00452442710097533,TRUE,""
ENSG00000206562,METTL6,fbg,-0.00368037030618582,0.880764615259515,0.0004799,19.4686,2029,0.00487720322487322,TRUE,""
ENSG00000206567,AC022007.5,fbg,0.0348639172580968,0.482241043015876,0.0008667,11.9519,1965,0.00564851174434876,TRUE,""
ENSG00000211456,SACM1L,fbg,-0.0340278291498247,0.0252966615419285,0.0001969,49.9567,1814,0.00918411795404763,TRUE,""
ENSG00000213132,AC022498.1,fbg,0.00757373759962784,0.713360245635694,8.233e-06,49.8402,2189,0.00633498681574366,TRUE,""
ENSG00000213139,CRYGS,fbg,-0.00418904846234857,0.897332123936804,5.479e-05,16.9967,1757,0.00318138812130535,TRUE,""
ENSG00000213186,TRIM59,fbg,-0.0732627752833013,0.0129962889907344,0.002303,18.708,1478,0.0757515537507076,TRUE,""
ENSG00000213689,TREX1,fbg,0.0142764627635645,0.345753978677278,0.0003735,27.6057,599,0.00665503776079594,TRUE,""
ENSG00000214021,TTLL3,fbg,0.00907497858588751,0.551684329116147,0.0008667,48.4505,1998,0.00585460305709608,TRUE,""
ENSG00000214706,IFRD2,fbg,-0.0744798805190506,0.149534833950161,0.0001937,11.1668,829,0.00996470646363612,TRUE,""
ENSG00000223387,RP11-408H1.3,fbg,0.0180426250999498,0.0652195825478357,1.217e-06,20.2399,1735,0.0114708482639356,TRUE,""
ENSG00000223797,ENTPD3-AS1,fbg,0.00576930616173349,0.485821758188089,0.002521,29.5709,1648,0.00509687772795911,TRUE,""
ENSG00000224652,AC139666.1,fbg,0.0407145455631557,0.700522394103849,0.000657,5.7709,844,0.00485308731572113,TRUE,""
ENSG00000224660,SH3BP5-AS1,fbg,0.00453796822341001,0.661748776081758,0.003517,34.3256,2032,0.00632718863317327,TRUE,""
ENSG00000224831,RP11-651P23.4,fbg,-0.0291418765697281,0.239406878796789,0.005416,9.6892,1721,0.00746264595491384,TRUE,""
ENSG00000225578,NCBP2-AS1,fbg,-0.0240248228023968,0.216721062179052,0.000657,11.0869,1031,0.00860873193534041,TRUE,""
ENSG00000229515,FLT1P1,fbg,-0.00714280958306292,0.398809120942745,0.0001969,32.5675,1707,0.00535725017968916,TRUE,""
ENSG00000229589,ACVR2B-AS1,fbg,-0.0281140993464029,0.41325337549364,0.003747,11.9912,1667,0.00575594682918568,TRUE,""
ENSG00000229759,MRPS18AP1,fbg,-0.00730359450731306,0.137583964946947,0.002281,47.5429,584,0.0141038308885541,TRUE,""
ENSG00000230084,RP4-613B23.1,fbg,-0.0238298805089707,0.365115640660603,0.002533,14.941,1571,0.00942919221178442,TRUE,""
ENSG00000230266,XXYLT1-AS2,fbg,0.0427425884864754,0.0864762654936656,0.00218,12.105,1121,0.0207242028528481,TRUE,""
ENSG00000230530,LIMD1-AS1,fbg,-0.0736541853621344,0.104162558830439,0.0001969,10.509,1796,0.0138635611863961,TRUE,""
ENSG00000231249,ITPR1-AS1,fbg,0.0105156276356309,0.43881634294658,0.0001321,15.3612,2635,0.00474912300794892,TRUE,""
ENSG00000233252,CRIP1P1,fbg,0.00748957214905013,0.333173268958951,0.001248,24.7925,1935,0.00582298532198867,TRUE,""
ENSG00000233276,GPX1,fbg,0.120733356365453,0.00177805059821687,0.0001937,12.6289,671,0.32542127346392,TRUE,""
ENSG00000233885,YEATS2-AS1,fbg,-0.0202214405561828,0.220271518788167,0.001243,13.2786,1570,0.00735507863913165,TRUE,""
ENSG00000235257,AC093415.2,fbg,-0.00172856851059997,0.96455013508576,0.003747,8.5823,1474,0.00550124167464703,TRUE,""
ENSG00000235978,AC018816.3,fbg,-0.00504691149624492,0.649436283726755,0.0001321,22.0458,2510,0.00416694511319521,TRUE,""
ENSG00000237990,CNTN4-AS1,fbg,0.00192897681931984,0.900523550339774,0.001667,17.0741,2961,0.00467564402546969,TRUE,""
ENSG00000239219,RP11-379K17.4,fbg,-0.00451830750064402,0.916166996259808,7.249e-08,13.2474,1638,0.000375937756178434,TRUE,""
ENSG00000239265,CLRN1-AS1,fbg,0.0656945467836391,0.0124193306515523,0.002574,24.4694,1778,0.107930425901878,TRUE,""
ENSG00000239941,RP11-246A10.1,fbg,0.0182289124207359,0.651547872829126,0.0002751,5.519,1822,0.00536991314477541,TRUE,""
ENSG00000240024,RP11-393B14.1,fbg,-0.00580406256171563,0.637934810590957,0.004755,20.4423,1525,0.00449993995390763,TRUE,""
ENSG00000240890,RP11-65E22.2,fbg,-0.0212871273122053,0.628477445586286,3.687e-05,9.89,2188,0.00306906705590094,TRUE,""
ENSG00000240891,PLCXD2,fbg,-0.019344502085675,0.889537951249028,0.000353,4.6005,2009,0.00354896196970424,TRUE,""
ENSG00000241490,RP11-553L6.2,fbg,0.028587772317745,0.344176157124169,0.0001059,9.0813,1375,0.00595534972051055,TRUE,""
ENSG00000241553,ARPC4,fbg,0.0587561599923091,0.344942578828616,0.0008667,9.4393,2024,0.00642806733246425,TRUE,""
ENSG00000241560,ZBTB20-AS1,fbg,-0.00626667416414636,0.401632246433539,0.0001059,30.7665,1334,0.0043150425658936,TRUE,""
ENSG00000241732,RP11-38P22.2,fbg,-0.118553673480587,0.182422439451736,0.0002751,7.5763,1791,0.0126208909688483,TRUE,""
ENSG00000242052,RP11-190C22.1,fbg,-0.0294681268512516,0.260589034273618,0.001023,8.0472,1685,0.00898012885133812,TRUE,""
ENSG00000242142,SERBP1P3,fbg,0.0123094027917509,0.0118651734770967,0.0003896,41.8187,1278,0.0846284778611849,TRUE,""
ENSG00000243477,NAT6,fbg,-0.0374238724255823,0.13784315525934,0.0001937,21.7454,829,0.00966600884051346,TRUE,""
ENSG00000243544,Metazoa_SRP,fbg,-0.0028720542325066,0.813980460416918,0.00227,20.6613,1612,0.00419634714788193,TRUE,""
ENSG00000243701,RP11-446H18.3,fbg,-0.021136312470416,0.559668927199412,8.605e-05,7.3677,1834,0.00482377849359175,TRUE,""
ENSG00000243795,RP11-572M11.3,fbg,0.000581441907560992,0.95309266714744,0.000353,21.2902,1768,0.00401015361962463,TRUE,""
ENSG00000244161,FLNB-AS1,fbg,0.0189845405326796,0.247578913503389,3.039e-05,13.7605,1368,0.00749426018953767,TRUE,""
ENSG00000244405,ETV5,fbg,-0.0115674336967029,0.760862912213715,5.479e-05,21.5429,1489,0.00461977593066579,TRUE,""
ENSG00000246082,NUDT16P1,fbg,-0.103873996903254,0.0302602800204716,3.687e-05,47.1783,2035,0.065266889897732,TRUE,""
ENSG00000249786,EAF1-AS1,fbg,0.0019339111500724,0.955695871316436,0.0004799,10.3722,2015,0.00437085671452252,TRUE,""
ENSG00000250443,AC128709.1,fbg,-0.0217383372632972,0.489146684739731,0.002936,25.1476,884,0.0177553179900215,TRUE,""
ENSG00000251287,ALG1L2,fbg,-0.0191006287685437,0.0352684072267446,0.007868,45.1424,1147,0.0590500870443615,TRUE,""
ENSG00000253540,FAM86HP,fbg,-0.0380607925189744,0.0352684072267446,0.007868,22.6545,1145,0.064428480019656,TRUE,""
ENSG00000255423,EBLN2,fbg,-0.00993886517417196,0.548506235500147,0.000913,37.4827,2320,0.00495488113242555,TRUE,""
ENSG00000259976,RP11-553L6.5,fbg,0.0971176432021291,0.104162558830439,0.0001059,5.9574,1333,0.0207513918533907,TRUE,""
ENSG00000260391,RP11-71H17.7,fbg,0.0670592177740594,0.190977693467857,0.001146,16.6988,2027,0.0342243345109957,TRUE,""
ENSG00000261533,RP11-15N24.4,fbg,-0.0218082197118771,0.583426134426407,0.0001092,5.1348,1828,0.00484214285022655,TRUE,""
ENSG00000261786,RP4-555D20.2,fbg,0.0020657105706493,0.922905718287002,0.0033,15.0471,1337,0.00379486691198839,TRUE,""
ENSG00000265992,ESRG,fbg,-0.00768693438499969,0.113345509219526,0.00295,59.5263,2111,0.0149628242562295,TRUE,""
ENSG00000268279,RP11-434D12.1,fbg,-0.000614306643866734,0.956892098247027,0.001248,23.3958,2073,0.0043930963923297,TRUE,""
ENSG00000269982,RP11-1020A11.2,fbg,0.00534803345952276,0.870683232746339,0.0008667,9.2423,1929,0.00583691060078218,TRUE,""
ENSG00000270170,RP11-21N3.1,fbg,0.0298674170033377,0.457568175062507,0.000657,6.2039,1033,0.00614826044612506,TRUE,""
ENSG00000013288,MAN2B2,fbg,0.0128872821548029,0.305060822021553,4.359e-05,53.5411,2424,0.0065129954313018,TRUE,""
ENSG00000013810,TACC3,fbg,0.00979393000106058,0.121529125955424,0.0002037,58.6941,1161,0.0130222430531451,TRUE,""
ENSG00000038219,BOD1L1,fbg,-0.113962985942983,0.111110770026242,0.002101,13.0766,2470,0.024454777437615,TRUE,""
ENSG00000047315,POLR2B,fbg,0.0249211199816173,0.349538991650093,2.384e-05,13.8965,1943,0.00595235004289628,TRUE,""
ENSG00000056050,C4orf27,fbg,-0.0309500033109078,0.297155277950559,0.007116,11.4801,1599,0.00974831128784089,TRUE,""
ENSG00000064042,LIMCH1,fbg,0.0120938488436527,0.7924288824046,0.001515,14.4522,1767,0.00497299584543315,TRUE,""
ENSG00000070190,DAPP1,fbg,-0.0182363820535408,0.317310507862914,0.005222,28.5375,1872,0.00642828903337445,TRUE,""
ENSG00000071127,WDR1,fbg,-0.0566185603643284,0.355967119733731,0.005418,22.4981,2193,0.0142149819743133,TRUE,""
ENSG00000071205,ARHGAP10,fbg,0.0149577318028268,0.668235141795249,0.0004718,17.8503,1624,0.00458681976748244,TRUE,""
ENSG00000072840,EVC,fbg,0.159779332193847,0.160465178051431,4.359e-05,8.8113,2466,0.0160738321010571,TRUE,""
ENSG00000073331,ALPK1,fbg,0.00598118157078853,0.698684565645401,0.00136,35.5912,1623,0.00424036575943661,TRUE,""
ENSG00000077684,PHF17,fbg,-0.0204961325690255,0.498741913600147,0.004858,19.9745,1428,0.00503060202502009,TRUE,""
ENSG00000084092,NOA1,fbg,-0.0215449276422303,0.251357310325028,2.384e-05,29.0136,1925,0.00697663946750706,TRUE,""
ENSG00000085871,MGST2,fbg,0.00195409396355814,0.884052961004678,0.002489,42.7817,1492,0.00578202640500151,TRUE,""
ENSG00000087269,NOP14,fbg,0.040553951123013,0.381573905705021,0.003244,12.2151,1260,0.00472111269938162,TRUE,""
ENSG00000087274,ADD1,fbg,0.00402508225483184,0.906347316282193,0.003244,17.597,1249,0.00408882729593898,TRUE,""
ENSG00000090989,EXOC1,fbg,0.032750895699797,0.765515710017058,2.384e-05,9.1912,1593,0.00772092457441692,TRUE,""
ENSG00000091490,SEL1L3,fbg,0.0145099858048376,0.349538991650093,0.002035,35.5755,1748,0.00573774596478194,TRUE,""
ENSG00000109270,LAMTOR3,fbg,-0.00121678490391304,0.97783938988704,0.005222,14.415,1866,0.00448988760830389,TRUE,""
ENSG00000109381,ELF2,fbg,-0.00308151732398181,0.913909936512377,0.002489,23.0628,1658,0.00445365631030632,TRUE,""
ENSG00000109445,ZNF330,fbg,0.0201428311372953,0.374062797490882,0.003783,28.1806,1863,0.00657277421915371,TRUE,""
ENSG00000109452,INPP4B,fbg,0.00259738115008183,0.849944540437619,0.003293,47.8038,1662,0.00462113298353174,TRUE,""
ENSG00000109466,KLHL2,fbg,-0.0127708248972066,0.903936853074247,1.524e-05,9.5892,1779,0.00642569763765046,TRUE,""
ENSG00000109586,GALNT7,fbg,0.00863960238414196,0.87583596638341,0.002439,10.3014,1646,0.00396672906019178,TRUE,""
ENSG00000109606,DHX15,fbg,0.0966739046688778,0.169131444702671,0.006249,8.0738,2184,0.00975800031105187,TRUE,""
ENSG00000109667,SLC2A9,fbg,0.0111555163404473,0.518822668670191,0.005418,29.2452,1933,0.00464872344995357,TRUE,""
ENSG00000109670,FBXW7,fbg,-0.0922780620822455,0.0955807045456294,0.0003264,10.5898,1426,0.0155002312850915,TRUE,""
ENSG00000109684,CLNK,fbg,0.144742588985971,0.0566177779438487,0.005418,7.392,2726,0.0196632901091333,TRUE,""
ENSG00000109736,MFSD10,fbg,-0.00649932331882002,0.836882810464227,0.003244,19.1361,1252,0.00413807947899028,TRUE,""
ENSG00000109756,RAPGEF2,fbg,-0.0135948513331488,0.222939094167741,0.001872,49.6367,1449,0.00743197182965604,TRUE,""
ENSG00000109805,NCAPG,fbg,-0.0737131250050822,0.49813992156856,3.545e-06,4.5813,1980,0.00513491985367849,TRUE,""
ENSG00000109819,PPARGC1A,fbg,-0.0103659838958849,0.440452945294225,0.006249,51.8126,1928,0.0116981547249226,TRUE,""
ENSG00000118777,ABCG2,fbg,-0.0173682956857636,0.714669994929239,0.001061,34.8451,1770,0.0153281840106536,TRUE,""
ENSG00000118804,STBD1,fbg,-0.0753488443688476,0.0145075422497357,0.00309,25.9858,1857,0.0768371764982381,TRUE,""
ENSG00000120519,SLC10A7,fbg,-0.00463500627548603,0.754660563059686,0.01563,38.554,1498,0.00402418236269017,TRUE,""
ENSG00000121895,TMEM156,fbg,0.0105567188769664,0.472294969945709,0.00143,38.6498,1854,0.00489403918905551,TRUE,""
ENSG00000121897,LIAS,fbg,-0.00926802876705404,0.416504786576218,0.00143,45.7615,1627,0.00535721439775523,TRUE,""
ENSG00000124406,ATP8A1,fbg,0.0138635264509185,0.812268919201515,0.001515,24.2668,2023,0.0111335060311526,TRUE,""
ENSG00000125386,FAM193A,fbg,0.0150161619376452,0.791236045636806,0.003244,10.668,1220,0.00422765651230044,TRUE,""
ENSG00000127415,IDUA,fbg,0.0199114909858033,0.227862855875692,0.0002037,24.2984,1058,0.00835013563607384,TRUE,""
ENSG00000128039,SRD5A3,fbg,-0.0121561208578675,0.407346960940474,0.0003695,57.6402,1819,0.0091590327169072,TRUE,""
ENSG00000128040,SPINK2,fbg,-0.000706310934363647,0.984356207118252,2.384e-05,22.9518,1858,0.00538132750307095,TRUE,""
ENSG00000128050,PAICS,fbg,-0.168184821951605,0.00525945733030876,2.384e-05,12.6338,1876,0.592431212576442,TRUE,""
ENSG00000128059,PPAT,fbg,0.0135979272817932,0.561479628322256,2.384e-05,12.6885,1825,0.00391348497336615,TRUE,""
ENSG00000129116,PALLD,fbg,0.0452700595367952,0.43316699063013,0.0004126,11.4025,1662,0.00715393474084974,TRUE,""
ENSG00000130997,POLN,fbg,0.0869096288602994,0.164339171282658,0.0002037,17.212,1094,0.0195748483376638,TRUE,""
ENSG00000132405,TBC1D14,fbg,-0.0309878372973863,0.020750145316116,4.359e-05,48.0441,2298,0.0129171882913209,TRUE,""
ENSG00000132463,GRSF1,fbg,0.215898027615825,0.472645187126825,0.009103,6.1629,1657,0.0169327149391161,TRUE,""
ENSG00000132466,ANKRD17,fbg,0.0516334355497511,0.561479628322256,0.0009093,6.1312,1246,0.00445001418944567,TRUE,""
ENSG00000133256,PDE6B,fbg,0.0256071260499678,0.495965735328731,0.003038,19.8384,938,0.00705385776933323,TRUE,""
ENSG00000134851,TMEM165,fbg,-0.00488072388264327,0.925307750889347,0.0003695,10.941,1800,0.0037973610256442,TRUE,""
ENSG00000134852,CLOCK,fbg,-0.00836513651967414,0.684558919367902,2.384e-05,26.8827,1792,0.00429447719491153,TRUE,""
ENSG00000134962,KLB,fbg,-0.149790671872157,0.199824657332384,0.00143,5.6936,1626,0.00810391525121888,TRUE,""
ENSG00000137441,FGFBP2,fbg,0.0194336222149815,0.154376307933322,0.003444,44.9517,2061,0.00950708376311016,TRUE,""
ENSG00000137460,FHDC1,fbg,-0.0265859222246361,0.385163873930437,0.0003264,22.0944,1516,0.0064180024959094,TRUE,""
ENSG00000138639,ARHGAP24,fbg,-0.00309723911460089,0.791236045636806,0.002355,51.7566,1614,0.00411791094370081,TRUE,""
ENSG00000138640,FAM13A,fbg,-0.0064791101786636,0.718016387438887,0.001061,35.5062,1867,0.00477532307829793,TRUE,""
ENSG00000138641,HERC3,fbg,0.347254528265078,0.0180965654136911,0.001061,13.3274,1928,0.169455144892551,TRUE,""
ENSG00000138658,C4orf21,fbg,0.00205616598914546,0.871864744932721,0.00136,39.9377,1707,0.00390865366683623,TRUE,""
ENSG00000138669,PRKG2,fbg,0.0123907360266576,0.625688055872567,0.001068,28.4019,1692,0.00564901649216353,TRUE,""
ENSG00000138688,KIAA1109,fbg,-0.0313766294689777,0.522895216724075,0.0002643,12.9595,1708,0.00502611655524572,TRUE,""
ENSG00000138735,PDE5A,fbg,-0.0283638588442433,0.383771766671715,0.0008275,15.5279,1704,0.00544528305586784,TRUE,""
ENSG00000138741,TRPC3,fbg,-0.016270863925563,0.389176850174411,0.0002643,33.3015,1671,0.0060934307095694,TRUE,""
ENSG00000138750,NUP54,fbg,-0.0162831246049068,0.467058901715173,0.00309,26.147,1773,0.00516576986894343,TRUE,""
ENSG00000138758,SEPT11,fbg,0.0154030068874452,0.383771766671715,0.004785,31.2017,1905,0.00544861441917729,TRUE,""
ENSG00000138768,USO1,fbg,0.000543377265629705,0.982656049567221,0.00309,21.9788,1757,0.0055437694396272,TRUE,""
ENSG00000138772,ANXA3,fbg,0.0154664462451657,0.651229508747158,0.01192,35.5168,1715,0.00977140928305747,TRUE,""
ENSG00000138778,CENPE,fbg,-0.139964400454639,0.093801736856442,3.835e-05,7.7483,1562,0.0131224278166764,TRUE,""
ENSG00000138780,GSTCD,fbg,-0.0592867761019233,0.0824150447448035,0.002765,19.7124,1551,0.0190826935610823,TRUE,""
ENSG00000138801,PAPSS1,fbg,-0.0233387657133827,0.301703642467004,0.001884,142.8263,1640,0.00474716239262389,TRUE,""
ENSG00000145244,CORIN,fbg,-0.0148132091720574,0.222939094167741,0.007258,53.0509,1611,0.00614067975776409,TRUE,""
ENSG00000145246,ATP10D,fbg,-0.000774255080413396,0.976536189986223,0.007258,22.8501,1606,0.00415660459544845,TRUE,""
ENSG00000145284,SCD5,fbg,-0.0138884083342813,0.113345509219526,0.0005935,90.1013,1671,0.00654326290850835,TRUE,""
ENSG00000145348,TBCK,fbg,0.0174392181872559,0.381573905705021,0.002765,35.2993,1579,0.00780201336743272,TRUE,""
ENSG00000145365,TIFA,fbg,0.0440512434969936,0.303681109722319,0.00136,12.5872,1617,0.00709850130766218,TRUE,""
ENSG00000145375,SPATA5,fbg,-0.0723119325585631,0.636407766483415,0.0002247,6.3784,1484,0.00702766563873355,TRUE,""
ENSG00000145386,CCNA2,fbg,-0.0608153553142725,0.196938679952046,0.0002643,11.7072,1697,0.00804932555387694,TRUE,""
ENSG00000145414,NAF1,fbg,-0.154322731479227,0.0299514589227879,0.004098,10.2655,1845,0.061562117372542,TRUE,""
ENSG00000145423,SFRP2,fbg,-0.0234219159644887,0.475050524053953,0.0003264,18.9987,1760,0.0112076843844725,TRUE,""
ENSG00000145425,RPS3A,fbg,0.137256658520775,0.172682041418748,0.01054,14.1043,1354,0.024710929923497,TRUE,""
ENSG00000145431,PDGFC,fbg,0.0194955506008356,0.467058901715173,0.0007589,21.7795,1777,0.00607379910692214,TRUE,""
ENSG00000145439,CBR4,fbg,-0.00993706562185777,0.588048156696901,0.0004126,47.1064,1654,0.00702281532673108,TRUE,""
ENSG00000145476,CYP4V2,fbg,0.00791337427700324,0.49813992156856,0.000589,66.6661,1999,0.00494247917214667,TRUE,""
ENSG00000150625,GPM6A,fbg,0.0513194053865618,0.00881756378577397,0.003335,38.752,1938,0.227837190822168,TRUE,""
ENSG00000151458,ANKRD50,fbg,0.0271697444072318,0.179770040387914,0.0002247,35.9057,1779,0.0117894563127688,TRUE,""
ENSG00000151466,SCLT1,fbg,0.00782250185285955,0.564779052623049,0.004858,23.2819,1526,0.00514866870522223,TRUE,""
ENSG00000151612,ZNF827,fbg,-0.0016979872173996,0.97582537985171,0.01563,10.483,1241,0.00404286394431121,TRUE,""
ENSG00000151729,SLC25A4,fbg,0.00300349618073075,0.974539921301469,2.239e-06,17.6825,1961,0.00458058905484654,TRUE,""
ENSG00000152795,HNRPDL,fbg,0.0299740351708325,0.822649978513835,0.0005935,7.048,1734,0.00723406103094836,TRUE,""
ENSG00000152953,STK32B,fbg,-0.0749653479448918,0.657223341538559,4.359e-05,16.7707,2517,0.019183014581475,TRUE,""
ENSG00000152990,GPR125,fbg,-0.00875158535416302,0.836882810464227,1.418e-05,14.1398,1824,0.00316669625461058,TRUE,""
ENSG00000153012,LGI2,fbg,-0.0513387677268767,0.317310507862914,0.002035,14.9793,2120,0.00784582114623606,TRUE,""
ENSG00000155011,DKK2,fbg,0.0939891152706619,0.0760311410098993,0.002231,9.3388,1555,0.0187141486737485,TRUE,""
ENSG00000155275,TRMT44,fbg,0.0902845122275967,0.583156102375104,0.000309,7.859,1663,0.0106717950208812,TRUE,""
ENSG00000159733,ZFYVE28,fbg,-0.0410569572285207,0.105738681329251,0.0002037,23.7208,1085,0.0148763131461555,TRUE,""
ENSG00000163071,SPATA18,fbg,-0.0156443108903118,0.49813992156856,0.000746,23.5446,771,0.00477854550746228,TRUE,""
ENSG00000163138,PACRGL,fbg,0.0536195522302606,0.13784315525934,0.0001121,13.8852,2091,0.0100962848210396,TRUE,""
ENSG00000163257,DCAF16,fbg,-0.0580319817427473,0.0682232466455102,3.545e-06,19.0171,1986,0.0141374815501385,TRUE,""
ENSG00000163281,GNPDA2,fbg,0.00397430665971392,0.913909936512377,0.0001337,17.8712,1765,0.00441748141211277,TRUE,""
ENSG00000163293,NIPAL1,fbg,-0.00831712703951655,0.693625785030416,0.007258,27.4152,1474,0.00465654931019421,TRUE,""
ENSG00000163312,HELQ,fbg,-0.0922277196125033,0.247862996149615,0.0005935,6.7336,1699,0.0097086154907929,TRUE,""
ENSG00000163453,IGFBP7,fbg,-0.0217353795891572,0.332669938984237,2.384e-05,25.3013,1964,0.00538018067743034,TRUE,""
ENSG00000163624,CDS1,fbg,-0.0120580980129544,0.87583596638341,0.0008604,7.38,1735,0.00396650282298677,TRUE,""
ENSG00000163625,WDFY3,fbg,0.0401248998129842,0.398809120942746,0.0008604,11.9776,1722,0.00563735592819683,TRUE,""
ENSG00000163629,PTPN13,fbg,-0.086321838998232,0.133614402537716,0.0008234,11.0967,1565,0.0159503940038902,TRUE,""
ENSG00000163644,PPM1K,fbg,0.0104751275792407,0.707660466654552,0.001061,13.6813,1862,0.00466266886914638,TRUE,""
ENSG00000163736,PPBP,fbg,0.592568632175964,0.00209149266047752,0.0001044,4.7724,1383,0.286139531094496,TRUE,""
ENSG00000163737,PF4,fbg,0.214917856705961,0.233140619428362,0.0001044,7.0587,1390,0.0176520562640568,TRUE,""
ENSG00000163738,MTHFD2L,fbg,0.0342111513032122,0.763357099203955,0.0001044,13.6342,1493,0.0109353108254452,TRUE,""
ENSG00000163743,RCHY1,fbg,0.0110615061068368,0.385163873930437,0.00309,53.1014,1672,0.00664577284142334,TRUE,""
ENSG00000164022,AIMP1,fbg,-0.050957393729705,0.357022949173405,0.002231,12.2259,1622,0.00734213879849179,TRUE,""
ENSG00000164032,H2AFZ,fbg,0.000468804769529014,0.978438177451517,0.005222,22.8708,1886,0.00452371179668718,TRUE,""
ENSG00000164038,SLC9B2,fbg,0.0529531912745577,0.366406064176293,3.835e-05,8.4036,1593,0.00542437542804594,TRUE,""
ENSG00000164039,BDH2,fbg,-0.00593149137373229,0.458126425559177,3.835e-05,46.6161,1577,0.00422035709618988,TRUE,""
ENSG00000164112,TMEM155,fbg,-0.379224692333489,0.218409186619242,0.0002643,7.2825,1743,0.0134587619154133,TRUE,""
ENSG00000164117,FBXO8,fbg,0.0215306776649032,0.879049768694381,0.001852,5.7464,1764,0.00549629883026073,TRUE,""
ENSG00000164120,HPGD,fbg,-0.0122671522752217,0.440452945294225,0.001852,46.5666,1773,0.00395205402443995,TRUE,""
ENSG00000164124,TMEM144,fbg,-0.0120995746775177,0.243345009148763,0.00331,72.6294,1445,0.0115497653652187,TRUE,""
ENSG00000164125,FAM198B,fbg,-0.00512591488121483,0.583426134426407,0.00331,86.3651,1451,0.00898798558435632,TRUE,""
ENSG00000164134,NAA15,fbg,0.00953503321191343,0.908140272657433,0.002489,11.2008,1620,0.00580053153341877,TRUE,""
ENSG00000164142,FAM160A1,fbg,0.0199511776129415,0.349538991650093,0.0003528,20.9316,1227,0.00577793633036776,TRUE,""
ENSG00000164144,ARFIP1,fbg,-0.0107529846257408,0.225465985004507,0.0003264,101.9884,1555,0.00641108315344046,TRUE,""
ENSG00000164306,CCDC111,fbg,0.0281562485974113,0.352250687955077,2.239e-06,13.613,1804,0.00448213813460165,TRUE,""
ENSG00000168152,THAP9,fbg,-0.171315732704976,0.107155507032273,0.0005935,6.0263,1657,0.0158989485789444,TRUE,""
ENSG00000168214,RBPJ,fbg,-0.00605233243434042,0.731034305380085,0.001118,32.2924,1677,0.0040203585538584,TRUE,""
ENSG00000168421,RHOH,fbg,0.045065572940402,0.462160389897216,0.00143,9.8745,1486,0.00568724801642201,TRUE,""
ENSG00000168564,CDKN2AIP,fbg,-0.050756977923964,0.370341784125815,0.002102,15.0797,1943,0.00838927625082324,TRUE,""
ENSG00000168818,STX18,fbg,0.0350773475219233,0.697358341877476,0.003419,7.1043,1935,0.0045764081803037,TRUE,""
ENSG00000168824,NSG1,fbg,-0.00110355748986331,0.855725415320072,0.003419,108.4076,1795,0.00492051838880533,TRUE,""
ENSG00000168993,CPLX1,fbg,-0.508745881187745,0.0690363479944153,0.0002037,6.2864,1028,0.0563934473313428,TRUE,""
ENSG00000169019,COMMD8,fbg,-0.0167702662522619,0.693625785030416,0.007258,13.7893,1593,0.00438269571614307,TRUE,""
ENSG00000169026,MFSD7,fbg,-0.030945830032563,0.0754403596268004,0.0002037,27.0451,952,0.0235354667526414,TRUE,""
ENSG00000169245,CXCL10,fbg,-0.0288724498643147,0.205274503664272,0.00309,23.2591,1844,0.0079130190648872,TRUE,""
ENSG00000169299,PGM2,fbg,0.00434042175661467,0.771569465555293,0.0001916,36.4694,2436,0.00381062939273485,TRUE,""
ENSG00000169429,IL8,fbg,-0.020345768261235,0.612260551190215,0.0001044,28.5201,1430,0.00954939187918654,TRUE,""
ENSG00000169435,RASSF6,fbg,0.0678087208742323,0.445083972938247,0.0001044,21.1871,1433,0.0166519825456506,TRUE,""
ENSG00000169744,LDB2,fbg,0.032151181682869,0.401632246433539,0.003444,14.307,2230,0.00525869773832141,TRUE,""
ENSG00000169762,TAPT1,fbg,0.016544076406583,0.364803543676989,0.003444,31.2015,2126,0.00579081772960232,TRUE,""
ENSG00000170153,RNF150,fbg,0.00382161047569312,0.802587348634153,0.003783,80.526,1673,0.0072698516009834,TRUE,""
ENSG00000170185,USP38,fbg,-0.00429132939259223,0.871178155583461,0.003293,24.887,1319,0.00413075357266662,TRUE,""
ENSG00000170448,NFXL1,fbg,0.017293848446354,0.174154713977403,0.007258,168.0507,1590,0.00437022824162467,TRUE,""
ENSG00000170509,HSD17B13,fbg,0.00347853767548727,0.8078169693465,0.0008234,58.8491,1643,0.00438660357446175,TRUE,""
ENSG00000170801,HTRA3,fbg,-0.0176908927529604,0.539940330191881,0.000309,16.6352,1888,0.00405366950081524,TRUE,""
ENSG00000170871,KIAA0232,fbg,0.0174285234711576,0.640738381802541,4.359e-05,28.5968,2391,0.00689297182879629,TRUE,""
ENSG00000170917,NUDT6,fbg,0.0134722749163381,0.689156516779352,0.0002247,23.7386,1533,0.00552733787951779,TRUE,""
ENSG00000171497,PPID,fbg,-0.0689748297700373,0.34661443250305,0.001872,8.2012,1445,0.00638494777434948,TRUE,""
ENSG00000172007,RAB33B,fbg,0.00771049146647855,0.689156516779352,0.002489,32.3196,1582,0.00462327181450255,TRUE,""
ENSG00000172403,SYNPO2,fbg,0.0458561546032475,0.104162558830439,0.0008275,17.9946,1619,0.0143631583513497,TRUE,""
ENSG00000172493,AFF1,fbg,-0.105987683866976,0.148613996455212,0.0008234,8.7273,1706,0.0109165349424143,TRUE,""
ENSG00000173320,STOX2,fbg,0.0897899256280901,0.0955807045456294,2.239e-06,10.7104,1748,0.00972846591540169,TRUE,""
ENSG00000173542,MOB1B,fbg,0.102136006290257,0.546798707074727,0.009103,8.0281,1646,0.0116469269728943,TRUE,""
ENSG00000174123,TLR10,fbg,0.0497894736006136,0.246906995624742,0.00143,15.7203,2028,0.00891711299118484,TRUE,""
ENSG00000174792,C4orf26,fbg,-0.0589265782945198,0.317310507862914,0.00309,8.9733,1746,0.00613379069258719,TRUE,""
ENSG00000175920,DOK7,fbg,0.0248349378252613,0.0841186947979135,0.003244,31.5665,1336,0.0170841229693958,TRUE,""
ENSG00000178222,RNF212,fbg,-0.0788291750975205,0.386501468890751,0.0002037,18.9661,1068,0.0129728976993832,TRUE,""
ENSG00000178636,RP11-455G16.1,fbg,0.0217701178592183,0.19743671740097,0.0008275,16.4901,1603,0.0122976496518625,TRUE,""
ENSG00000178950,GAK,fbg,-0.010729313092491,0.9597199248219,0.0002037,6.7734,1044,0.0154449094590488,TRUE,""
ENSG00000179010,MRFAP1,fbg,-0.0537757437070938,0.263119824546096,4.359e-05,15.5572,2419,0.0077433783138569,TRUE,""
ENSG00000179299,NSUN7,fbg,-0.00678630559579744,0.595245548732816,0.005513,45.8359,1625,0.00548457515678367,TRUE,""
ENSG00000179387,ELMOD2,fbg,-0.00357839028409225,0.978438177451517,0.003783,4.9477,1755,0.0057030422933151,TRUE,""
ENSG00000179979,CRIPAK,fbg,0.00917554365940338,0.408754766219334,0.0002037,73.7138,1148,0.0076357650142435,TRUE,""
ENSG00000180346,TIGD2,fbg,0.00816079517321059,0.850344219267564,0.001061,21.8116,1840,0.00681473011790839,TRUE,""
ENSG00000181004,BBS12,fbg,-0.0245712946346335,0.402121784699465,0.0002643,22.3402,1487,0.00596871791915575,TRUE,""
ENSG00000181215,C4orf50,fbg,0.138976431083591,0.0596027337700864,4.359e-05,9.3417,2319,0.0291227787226746,TRUE,""
ENSG00000181826,RELL1,fbg,-0.19716078004314,0.3877876816066,0.0001916,7.5147,2394,0.0179879008099779,TRUE,""
ENSG00000181982,CCDC149,fbg,-0.00200920320418998,0.94684707139927,0.005541,26.5777,2082,0.0054193156603993,TRUE,""
ENSG00000182308,DCAF4L1,fbg,-0.180831195911913,0.0591882466367508,0.001515,9.0012,2078,0.101394399382306,TRUE,""
ENSG00000182552,RWDD4,fbg,0.075045198869488,0.106519815751505,0.002102,9.8235,1768,0.02396287577014,TRUE,""
ENSG00000184178,SCFD2,fbg,0.0248062347909051,0.636407766483415,0.0003252,18.6566,1552,0.00720477528312224,TRUE,""
ENSG00000185477,GPRIN3,fbg,0.0159302291220085,0.71255930200628,0.001061,15.6148,1832,0.00490124958720114,TRUE,""
ENSG00000185619,PCGF3,fbg,0.0405479542676884,0.251864120013213,0.0002037,45.0172,1000,0.0214527151456429,TRUE,""
ENSG00000186352,ANKRD37,fbg,0.107793575566087,0.176074423405835,2.239e-06,7.596,1853,0.00471078583753616,TRUE,""
ENSG00000188848,BEND4,fbg,-0.179649631237163,0.0168994124245017,0.001515,7.748,2089,0.0507797935051032,TRUE,""
ENSG00000196159,FAT4,fbg,0.0576769404825973,0.475050524053953,0.004769,7.6631,1950,0.00544535402671942,TRUE,""
ENSG00000196526,AFAP1,fbg,-0.011917873797751,0.0690363479944153,0.000309,131.4109,2331,0.00399050949045688,TRUE,""
ENSG00000196810,CTBP1-AS1,fbg,0.0372881936624943,0.110992040456491,0.0002037,21.6001,1080,0.0132252422702526,TRUE,""
ENSG00000196951,RP11-425I13.3,fbg,0.0630032240524372,0.253097908947116,0.002629,7.5349,1697,0.0122468762092845,TRUE,""
ENSG00000197894,ADH5,fbg,0.0539321829350228,0.220042508648351,0.01068,21.4139,1795,0.0133352291164516,TRUE,""
ENSG00000198301,SDAD1,fbg,-0.0219920408371464,0.366406064176293,0.00309,10.2022,1811,0.00558550998580069,TRUE,""
ENSG00000198498,TMA16,fbg,0.00306432594110269,0.974266251454282,0.002918,4.775,1856,0.00304861255610918,TRUE,""
ENSG00000198589,LRBA,fbg,-0.0295106329284096,0.475050524053953,0.0009808,15.0283,1199,0.00496135603716425,TRUE,""
ENSG00000205208,C4orf46,fbg,0.127880525728622,0.273412340113948,0.001872,5.2277,1434,0.00845365968782018,TRUE,""
ENSG00000206113,RP11-503N18.1,fbg,-0.0240045644262617,0.108260594348094,0.0002037,14.2543,1107,0.0142558744704292,TRUE,""
ENSG00000211553,AC118278.1,fbg,-0.00390972122661045,0.444446702634924,0.003038,65.4334,670,0.0359925553652386,TRUE,""
ENSG00000214367,HAUS3,fbg,0.266156395308838,0.152496364246049,0.0002037,5.8668,1096,0.0274676288969516,TRUE,""
ENSG00000214846,RP11-115L11.1,fbg,-0.00181058757607564,0.797068494359122,0.0002743,35.1275,2147,0.00429800030358214,TRUE,""
ENSG00000218422,AC016773.1,fbg,0.00885959247600024,0.121529125955424,0.0002037,49.4575,1163,0.0127425357678516,TRUE,""
ENSG00000224097,RP11-472B18.1,fbg,0.061538873097183,0.504985075093846,0.00143,6.1754,1626,0.00559119056753731,TRUE,""
ENSG00000225094,SETP20,fbg,-0.0391914598250966,0.352250687955077,0.001511,6.3172,1668,0.00809893091186487,TRUE,""
ENSG00000229585,RPL21P44,fbg,0.00861068087404337,0.684558919367902,0.0003252,10.7691,1801,0.00449881892883129,TRUE,""
ENSG00000230069,LRRC37A15P,fbg,0.0233233573189007,0.00209149266047752,3.835e-05,38.1637,1593,0.290868008176145,TRUE,""
ENSG00000234492,RPL34-AS1,fbg,0.198024894605046,0.297566248363504,0.001884,7.9724,1583,0.0105613556445537,TRUE,""
ENSG00000238206,RP11-472B18.2,fbg,-0.0111139315491593,0.536808016981021,0.00143,11.6952,1570,0.00507589028338341,TRUE,""
ENSG00000240669,RP11-555K12.2,fbg,-0.00677156608222972,0.902937651007571,0.0003264,4.8638,1418,0.0040932774871982,TRUE,""
ENSG00000243417,RP11-555K12.1,fbg,0.00291121079476872,0.922280913575799,0.0003264,10.1917,1441,0.00480072364289289,TRUE,""
ENSG00000245685,AF146191.4,fbg,0.00560859483952479,0.559668927199412,0.002818,25.2008,754,0.00673483365672544,TRUE,""
ENSG00000245954,RP11-18H21.1,fbg,-0.00601906544821801,0.402121784699465,0.0003264,69.7729,1458,0.072345962462558,TRUE,""
ENSG00000246560,RP11-10L12.4,fbg,0.0327862735650194,0.00409217282203307,3.835e-05,47.4495,1599,0.277179204827737,TRUE,""
ENSG00000248019,FAM13A-AS1,fbg,0.00402786278245727,0.895658593641375,0.001061,26.2249,1945,0.00697421285905187,TRUE,""
ENSG00000248213,CICP16,fbg,-0.128731193148581,0.0109135571481155,0.004483,7.4208,1826,0.134186844798803,TRUE,""
ENSG00000248280,RP11-33B1.2,fbg,0.00481616829652893,0.778518657215875,0.0008275,41.4688,1622,0.00482850069962182,TRUE,""
ENSG00000248429,RP11-597D13.9,fbg,-0.012033043391026,0.198542793686662,0.00331,33.2873,1441,0.0115353568951588,TRUE,""
ENSG00000248516,RP11-265O12.1,fbg,0.016590159517722,0.567709166197353,0.003419,12.4911,1770,0.00461015283726142,TRUE,""
ENSG00000248810,RP11-362F19.1,fbg,0.0103646423241646,0.0489818065284666,0.003293,54.4218,1881,0.0228613048976007,TRUE,""
ENSG00000248936,RP11-36B15.1,fbg,-0.0290228873774747,0.0570110871742129,0.0001916,15.0776,2436,0.0220976124768986,TRUE,""
ENSG00000248971,KRT8P46,fbg,0.0270939168197138,0.00209149266047752,3.835e-05,32.8526,1593,0.290868004305453,TRUE,""
ENSG00000248991,RP11-73G16.2,fbg,-0.0274222878729977,0.317310507862914,0.0003528,12.643,1242,0.00704907646322011,TRUE,""
ENSG00000249096,RP11-290F5.1,fbg,0.0129115515206298,0.304054371764733,2.239e-06,21.2561,1777,0.00416582540616703,TRUE,""
ENSG00000249592,RP11-440L14.1,fbg,-0.216494644318397,0.0145075422497356,0.0002037,6.0962,1020,0.0781697995693924,TRUE,""
ENSG00000249646,OR7E94P,fbg,0.0984449735576265,0.0833256871946906,0.002562,5.0967,1579,0.018688028354239,TRUE,""
ENSG00000249673,NOP14-AS1,fbg,0.0424404107445315,0.18517115131359,0.003244,16.4876,1259,0.0119960958796553,TRUE,""
ENSG00000249685,RP11-360F5.3,fbg,-0.00319767859959997,0.674956824198369,0.00143,30.1255,1784,0.00403299629429835,TRUE,""
ENSG00000249806,RP11-223C24.1,fbg,0.00213806576357531,0.849944540437619,0.003293,24.2695,1657,0.00461769339768289,TRUE,""
ENSG00000250075,RP11-584P21.2,fbg,-0.00488155985401853,0.818739379343837,0.003139,13.9473,1625,0.00634947541708334,TRUE,""
ENSG00000250317,C4orf52,fbg,-0.0446754764351576,0.539192141149036,0.002035,12.6758,1719,0.00790385750662602,TRUE,""
ENSG00000250673,RP11-6L6.2,fbg,0.0111726419197911,0.0230426200877619,0.01563,57.6378,1474,0.0220544899208443,TRUE,""
ENSG00000250771,RP11-153M7.3,fbg,0.0190377798966107,0.760862912213715,0.0003264,10.3936,1741,0.0111077332028894,TRUE,""
ENSG00000251075,HTT-AS1,fbg,0.00214549903295025,0.917037086176887,0.003244,28.8488,1245,0.0091188333832645,TRUE,""
ENSG00000251288,RP11-10L12.2,fbg,0.0411417062759218,0.00209149266047751,3.835e-05,18.8328,1598,0.290835718313458,TRUE,""
ENSG00000251399,RP11-234K19.1,fbg,0.0185359565539519,0.66477262525335,0.002562,4.6198,1559,0.00476784083384436,TRUE,""
ENSG00000251429,RP11-597D13.7,fbg,-0.0461140638997903,0.215680749361015,0.00331,16.9127,1445,0.0110663224846703,TRUE,""
ENSG00000251442,RP11-792D21.2,fbg,0.0119864480691855,0.227862855875692,0.01082,77.648,1763,0.00567545572061131,TRUE,""
ENSG00000251615,RP11-774O3.3,fbg,0.000262432006583913,0.992746603901876,0.000309,58.0183,1761,0.00695870507956103,TRUE,""
ENSG00000259959,RP11-121C2.2,fbg,-0.00615805955111418,0.222939094167741,0.007258,52.8556,1601,0.00431842778605378,TRUE,""
ENSG00000260091,RP11-33B1.4,fbg,0.0047389750104455,0.778518657215875,0.0008275,40.6534,1624,0.00610654535500529,TRUE,""
ENSG00000260265,RP11-44F21.5,fbg,-0.0145146241006644,0.15219586242879,0.0001044,37.0772,1698,0.0148104439521683,TRUE,""
ENSG00000260296,RP11-395I6.3,fbg,0.0137344058011837,0.423710797166793,0.00143,15.1151,1425,0.0062284418308805,TRUE,""
ENSG00000260404,RP11-384K6.6,fbg,-0.00931238412386438,0.169131444702671,0.004483,35.0471,1874,0.0144908561913431,TRUE,""
ENSG00000263327,TAPT1-AS1,fbg,-0.0309061248839341,0.0108222311173323,0.003444,37.958,2144,0.015989722573124,TRUE,""
ENSG00000268471,DKFZP434I0714,fbg,-0.0579670957041149,0.0841186947979135,0.0003264,7.8782,1420,0.0159328174418526,TRUE,""
ENSG00000013561,RNF14,fbg,0.00213094490370871,0.832012471360641,2.23e-05,59.5935,1857,0.00430843780508913,TRUE,""
ENSG00000035499,DEPDC1B,fbg,0.155701544250512,0.0708478257810241,3.16e-05,5.6723,1564,0.0214756159595212,TRUE,""
ENSG00000038274,MAT2B,fbg,-0.040152168683819,0.303681109722319,0.002125,15.9053,2112,0.00711558832445014,TRUE,""
ENSG00000039319,ZFYVE16,fbg,0.0196396070598982,0.873881476173793,0.00278,7.4625,1980,0.00764972962619244,TRUE,""
ENSG00000043143,PHF15,fbg,-0.100913986184805,0.391365938307552,0.000263,6.7891,1687,0.00840563442498724,TRUE,""
ENSG00000043462,LCP2,fbg,-0.0648850194793069,0.130991357527418,0.0001479,19.9789,2373,0.017469803384417,TRUE,""
ENSG00000044115,CTNNA1,fbg,0.00248387863423909,0.659085245942245,0.001141,111.3478,878,0.00475939428782841,TRUE,""
ENSG00000048140,TSPAN17,fbg,0.000766073947532338,0.97582537985171,0.001176,23.0801,992,0.0038920032692032,TRUE,""
ENSG00000048162,NOP16,fbg,0.00648859518600007,0.883085590508198,0.001176,24.2223,1243,0.00803952703720901,TRUE,""
ENSG00000049167,ERCC8,fbg,0.00834923736873874,0.605764292132078,3.16e-05,34.0484,1683,0.00409328553681395,TRUE,""
ENSG00000049860,HEXB,fbg,0.00611361432375789,0.639248343034235,0.000167,23.5105,2177,0.00368452965282713,TRUE,""
ENSG00000049883,PTCD2,fbg,0.0166401289906974,0.797068494359122,0.0005509,9.4276,1551,0.00424335493064856,TRUE,""
ENSG00000050767,COL23A1,fbg,0.00140747964951164,0.927564826606211,0.002403,20.431,1726,0.00387917850995844,TRUE,""
ENSG00000055147,FAM114A2,fbg,-0.0406417437895762,0.333173268958951,0.0004241,13.1392,2167,0.0057605130407472,TRUE,""
ENSG00000056097,ZFR,fbg,0.00615408927378053,0.961094232136074,0.0006115,5.6804,1992,0.00504238292386525,TRUE,""
ENSG00000058729,RIOK2,fbg,0.126153385728076,0.00766076113517946,2.697e-09,22.5329,2024,0.000319965578250644,TRUE,""
ENSG00000062194,GPBP1,fbg,0.00653836290495863,0.819202033401183,0.0004019,21.7654,2402,0.00426795736996836,TRUE,""
ENSG00000063438,AHRR,fbg,-0.0482674621397431,0.261883181151682,0.006379,16.7621,808,0.00897480472108124,TRUE,""
ENSG00000064651,SLC12A2,fbg,-0.020789815569099,0.53419070026645,0.009801,19.6799,2061,0.00525587150916447,TRUE,""
ENSG00000067248,DHX29,fbg,0.0640649611304,0.564779052623049,0.0008602,5.2756,1964,0.00576370888090078,TRUE,""
ENSG00000068796,KIF2A,fbg,0.00333384029711045,0.922905718287002,0.0008917,16.0163,1832,0.00382832163174388,TRUE,""
ENSG00000069020,MAST4,fbg,-0.00585805104410112,0.529629670287596,0.003158,35.9903,2030,0.00512332441108997,TRUE,""
ENSG00000072364,AFF4,fbg,-0.0588452356195072,0.0727943929305393,0.003789,18.4515,1985,0.0200874703136141,TRUE,""
ENSG00000072682,P4HA2,fbg,0.0872212480771383,0.0489818065284666,0.003274,11.7093,1351,0.0241740741766547,TRUE,""
ENSG00000072786,STK10,fbg,-0.0540535410953054,0.182422439451736,0.001911,21.0754,1838,0.0144533505963848,TRUE,""
ENSG00000074276,CDHR2,fbg,-0.0796560964945672,0.13784315525934,0.001176,5.5345,1028,0.0110654909288128,TRUE,""
ENSG00000081791,KIAA0141,fbg,-0.0160001206198046,0.480261302753423,2.23e-05,24.4139,1836,0.00377799185621443,TRUE,""
ENSG00000082213,C5orf22,fbg,-0.0165993201164597,0.525985322047422,0.0006115,27.8789,2223,0.00585282659336457,TRUE,""
ENSG00000082516,GEMIN5,fbg,0.267140207531215,0.392802835278636,0.0004241,6.1044,2117,0.0187197664000989,TRUE,""
ENSG00000085231,TAF9,fbg,0.000952380505063686,0.948559264755632,0.01148,20.1195,837,0.00380217208402818,TRUE,""
ENSG00000085365,SCAMP1,fbg,0.0321419136404979,0.344942578828617,4.187e-05,18.8287,1905,0.00626742540449151,TRUE,""
ENSG00000086200,IPO11,fbg,0.00835647123522863,0.826844797716898,0.0008917,14.9106,1883,0.00396732650097362,TRUE,""
ENSG00000087116,ADAMTS2,fbg,-0.0247738843945237,0.396168007039194,0.002403,16.8869,2004,0.00553379772059303,TRUE,""
ENSG00000087206,UIMC1,fbg,-0.0735673050229123,0.660643863540858,0.001176,39.5486,804,0.0249579991865242,TRUE,""
ENSG00000092421,SEMA6A,fbg,-0.00115700760311993,0.976536189986223,0.0005977,15.3748,2723,0.00390495010323657,TRUE,""
ENSG00000094880,CDC23,fbg,-0.212140583224421,0.200872488721984,0.00686,8.5311,1319,0.0230359226434181,TRUE,""
ENSG00000112855,HARS2,fbg,0.0376266023612297,0.258884225947615,0.004014,14.7047,1152,0.00714483019122467,TRUE,""
ENSG00000112992,NNT,fbg,-0.0156906309031062,0.508601444069052,0.006533,57.6811,1371,0.0227577781845446,TRUE,""
ENSG00000112996,MRPS30,fbg,0.00608393279611949,0.897332123936804,0.006533,10.4142,1048,0.00388425485805372,TRUE,""
ENSG00000113068,PFDN1,fbg,0.0257897321265838,0.358137983510638,0.001141,22.3736,973,0.00677838349412108,TRUE,""
ENSG00000113083,LOX,fbg,-0.136485675245562,0.0976712014631224,0.0008066,6.8111,1937,0.0139132506475357,TRUE,""
ENSG00000113088,GZMK,fbg,-0.0201886952675078,0.79661377959839,0.0008602,21.9273,2056,0.0119164966571652,TRUE,""
ENSG00000113141,IK,fbg,0.0218794763416243,0.258884225947615,0.004014,28.1356,1137,0.00715837794262097,TRUE,""
ENSG00000113161,HMGCR,fbg,-0.0832514849632852,0.033903955680783,0.000167,14.9667,1879,0.0316380901010127,TRUE,""
ENSG00000113163,COL4A3BP,fbg,0.0702122869281176,0.480261302753423,0.000167,8.3301,1782,0.00819493796529715,TRUE,""
ENSG00000113194,FAF2,fbg,-0.132965956404604,0.0727943929305393,0.001176,8.166,1132,0.019719312776929,TRUE,""
ENSG00000113231,PDE8B,fbg,0.00336246233538565,0.846529514964004,7.201e-06,31.5971,2064,0.00301367645002808,TRUE,""
ENSG00000113240,CLK4,fbg,-0.0142769300940523,0.303286223069842,0.002403,48.455,1840,0.0337175139696431,TRUE,""
ENSG00000113249,HAVCR1,fbg,-0.019258661740987,0.684558919367902,0.001175,10.9007,1950,0.00416452762495495,TRUE,""
ENSG00000113263,ITK,fbg,-0.0419921913397003,0.123935805672742,0.001175,25.4333,2035,0.0150192371366769,TRUE,""
ENSG00000113273,ARSB,fbg,0.0278778574039901,0.0673594261587608,4.187e-05,44.3371,1808,0.0140530835557093,TRUE,""
ENSG00000113282,CLINT1,fbg,0.0237339628799098,0.738882680363527,0.001175,8.249,2144,0.00520913972012192,TRUE,""
ENSG00000113296,THBS4,fbg,-0.0104026649523698,0.909011306646051,0.0004772,6.8444,1853,0.00425230832291718,TRUE,""
ENSG00000113300,CNOT6,fbg,-0.0157669313689,0.261671589062945,0.001253,60.7286,1223,0.0109864632142637,TRUE,""
ENSG00000113312,TTC1,fbg,0.0842287077365516,0.835469224288783,0.0001104,4.844,1959,0.00789048882307722,TRUE,""
ENSG00000113328,CCNG1,fbg,-0.0104808257443987,0.791236045636806,0.002125,14.5051,2077,0.00440192961079243,TRUE,""
ENSG00000113368,LMNB1,fbg,0.0120801219398771,0.457568175062507,0.009801,25.7044,2057,0.00547193620177113,TRUE,""
ENSG00000113391,FAM172A,fbg,-0.102418462535717,0.0552802925860208,0.0001907,15.9888,1163,0.0346575745872081,TRUE,""
ENSG00000113448,PDE4D,fbg,0.00399945756867558,0.846529514964004,3.16e-05,17.9166,1959,0.00371289632432191,TRUE,""
ENSG00000113494,PRLR,fbg,-0.0131728264653155,0.628477445586286,0.0001212,20.2562,1939,0.00413984292147733,TRUE,""
ENSG00000113520,IL4,fbg,0.0630327697650693,0.170034481091517,0.003274,15.811,1696,0.012852719785958,TRUE,""
ENSG00000113532,ST8SIA4,fbg,0.0214072712166355,0.508795560548104,0.002018,30.6602,1737,0.00869678789985559,TRUE,""
ENSG00000113575,PPP2CA,fbg,0.0261030058937589,0.772218915230022,0.00293,6.9913,1711,0.00760348208403359,TRUE,""
ENSG00000113597,TRAPPC13,fbg,-0.0174327482191488,0.458126425559177,0.0004703,21.1303,1804,0.00492176125390623,TRUE,""
ENSG00000113621,TXNDC15,fbg,0.00885441332239681,0.686024978169506,0.000263,51.4594,1593,0.00580075343515751,TRUE,""
ENSG00000113649,TCERG1,fbg,0.0117752450552597,0.827903407296463,0.00607,15.089,1907,0.00563821524914753,TRUE,""
ENSG00000113658,SMAD5,fbg,0.00988261912705911,0.504985075093846,0.000263,81.6843,2144,0.00400157651440884,TRUE,""
ENSG00000113716,HMGXB3,fbg,-0.0142442972260847,0.179318236045376,0.0004124,26.4398,2046,0.0100919579990311,TRUE,""
ENSG00000113732,ATP6V0E1,fbg,0.074056766314251,0.374062797490882,0.001533,9.5642,2252,0.00565032398438161,TRUE,""
ENSG00000118985,ELL2,fbg,0.0251388736240224,0.427126945094663,2.697e-09,12.8265,1952,8.42718962348022e-06,TRUE,""
ENSG00000119048,UBE2B,fbg,0.0385690723159155,0.291633261467857,0.000263,17.9595,1694,0.0120217792707525,TRUE,""
ENSG00000120314,WDR55,fbg,-0.0280029376658753,0.43881634294658,0.004014,50.8335,1151,0.00647225563846999,TRUE,""
ENSG00000120318,ARAP3,fbg,-0.0098520849803837,0.617075077451974,2.23e-05,50.7517,1708,0.00456142343496997,TRUE,""
ENSG00000120708,TGFBI,fbg,0.0269106957470254,0.120728244530823,0.000263,59.4221,2127,0.0260333298237393,TRUE,""
ENSG00000120709,FAM53C,fbg,0.0561506144161971,0.208701910672357,0.004617,13.9482,1143,0.011006094172285,TRUE,""
ENSG00000120725,SIL1,fbg,-0.0155118513912409,0.637934810590957,0.001141,18.264,931,0.00459916409569173,TRUE,""
ENSG00000123643,SLC36A1,fbg,-0.00452982564041161,0.753304047285912,0.002236,75.7612,2281,0.00411047849037672,TRUE,""
ENSG00000124279,FASTKD3,fbg,-0.0163804014756723,0.535884989067038,0.002162,28.1577,2661,0.00599136115124992,TRUE,""
ENSG00000125347,IRF1,fbg,0.0235314429959102,0.702199590874297,0.003274,9.7631,1517,0.00435330682161723,TRUE,""
ENSG00000129625,REEP5,fbg,0.00352829567390579,0.832012471360641,0.002095,32.1622,2462,0.00398297171672749,TRUE,""
ENSG00000130449,ZSWIM6,fbg,0.160092861992964,0.0934605072058715,3.16e-05,5.2225,1680,0.013846740679742,TRUE,""
ENSG00000131507,NDFIP1,fbg,0.00825608438963948,0.651547872829126,2.23e-05,30.1838,1974,0.00297898567579734,TRUE,""
ENSG00000131711,MAP1B,fbg,0.135173823973088,0.0748716187250425,0.0005509,7.4805,1418,0.0250019196580129,TRUE,""
ENSG00000131730,CKMT2,fbg,0.0416606713930786,0.406432114846317,0.00278,18.3132,1720,0.0120630722505898,TRUE,""
ENSG00000132570,PCBD2,fbg,0.0231229530996293,0.851268623688206,0.000263,6.349,1634,0.00567587243372637,TRUE,""
ENSG00000132842,AP3B1,fbg,-0.0116897338524385,0.245523853695853,4.187e-05,67.9114,2072,0.00415210947791258,TRUE,""
ENSG00000132846,ZBED3,fbg,0.00344192888310519,0.87583596638341,7.201e-06,23.9744,2221,0.00310084438957102,TRUE,""
ENSG00000133302,ANKRD32,fbg,-0.0350180309639579,0.331753366775936,0.002509,14.9487,1441,0.00652393307689571,TRUE,""
ENSG00000133398,MED10,fbg,0.0204587348507494,0.155795591786075,0.0002989,38.3847,2781,0.011701003450063,TRUE,""
ENSG00000134056,MRPS36,fbg,-0.0705263324722253,0.49924658287522,0.01062,6.3097,960,0.00972823484030614,TRUE,""
ENSG00000134057,CCNB1,fbg,0.0266635043284504,0.43881634294658,0.01062,16.0219,985,0.00504236372084696,TRUE,""
ENSG00000134061,CD180,fbg,-0.0166990980166668,0.634786973282518,0.003158,20.0011,2205,0.00536233273527302,TRUE,""
ENSG00000134480,CCNH,fbg,0.0504425395935203,0.477377817921635,0.002163,8.6615,1326,0.00378216563631215,TRUE,""
ENSG00000134516,DOCK2,fbg,0.016310821799423,0.624920362458645,0.0001479,21.4132,2691,0.00581898502173468,TRUE,""
ENSG00000134970,TMED7,fbg,0.0580127266155988,0.317310507862914,0.0005977,9.5057,2409,0.00590038848546928,TRUE,""
ENSG00000134982,APC,fbg,0.180386513574592,0.0333653189448041,0.002095,9.8677,2381,0.0499380178852717,TRUE,""
ENSG00000134986,NREP,fbg,-0.00114812041671998,0.958025455470674,0.002095,12.9212,2166,0.00452915523877741,TRUE,""
ENSG00000134987,WDR36,fbg,-0.00934007057374988,0.891533819083154,0.002095,11.3651,1903,0.00543096989223005,TRUE,""
ENSG00000135074,ADAM19,fbg,0.0595101307246154,0.0196306572572907,0.001175,41.7363,2063,0.0354117871386952,TRUE,""
ENSG00000135083,CCNJL,fbg,0.0528585139075978,0.391365938307552,0.0001104,13.9549,2145,0.00755315528554747,TRUE,""
ENSG00000145491,ROPN1L,fbg,0.20292143335157,0.0230426200877618,0.002262,7.9289,2636,0.0635577374919922,TRUE,""
ENSG00000145545,SRD5A1,fbg,-0.0100399413349113,0.495353925990435,0.0002989,28.6387,2637,0.00647847634132461,TRUE,""
ENSG00000145569,FAM105A,fbg,-0.00806190353648065,0.850344219267564,5.02e-05,22.038,1981,0.00659375061257471,TRUE,""
ENSG00000145604,SKP2,fbg,0.00490362179301757,0.841480581121794,0.0001212,36.2997,1958,0.00585886384520769,TRUE,""
ENSG00000145685,LHFPL2,fbg,-0.0517412814407384,0.0638907903728502,4.187e-05,21.5999,1809,0.0213424024096388,TRUE,""
ENSG00000145708,CRHBP,fbg,0.0493181467999897,0.674956824198369,7.201e-06,4.6114,2236,0.00356014148211785,TRUE,""
ENSG00000145725,PPIP5K2,fbg,0.00680986301951801,0.225465985004507,0.00174,73.5418,1756,0.0153258277956033,TRUE,""
ENSG00000145730,PAM,fbg,-0.022127311559607,0.118170245865335,0.00174,172.3943,1848,0.00837046096686187,TRUE,""
ENSG00000145736,GTF2H2,fbg,-0.00116074440143935,0.90743137298496,0.002243,28.1348,655,0.00526758990807853,TRUE,""
ENSG00000145780,FEM1C,fbg,0.025707477152921,0.0202016914731079,0.0005977,49.8532,2422,0.0506587254544093,TRUE,""
ENSG00000145781,COMMD10,fbg,-0.0138994854174106,0.598668814257765,0.0005977,40.4272,2612,0.00594893145272758,TRUE,""
ENSG00000145850,TIMD4,fbg,-0.0292360663316827,0.383771766671715,0.000559,16.4386,1945,0.0054105287724901,TRUE,""
ENSG00000145868,FBXO38,fbg,0.0219484054859315,0.0748716187250424,9.685e-05,42.7633,2134,0.0150413623172526,TRUE,""
ENSG00000145882,PCYOX1L,fbg,-0.00257600169803857,0.791236045636806,9.685e-05,70.2666,2190,0.00759747945057382,TRUE,""
ENSG00000145901,TNIP1,fbg,0.0247825740853611,0.304407737821377,0.0005283,27.2425,2182,0.00743330731001757,TRUE,""
ENSG00000145907,G3BP1,fbg,-0.0892439545471595,0.175468950513596,0.009201,8.3487,2389,0.00898848730141961,TRUE,""
ENSG00000145908,ZNF300,fbg,0.0108091226913501,0.88160399979692,0.0005283,11.5273,2150,0.00918191007496281,TRUE,""
ENSG00000145936,KCNMB1,fbg,-0.03118002155304,0.0850292707808799,0.0001479,34.9736,2354,0.0180949758082604,TRUE,""
ENSG00000146007,ZMAT2,fbg,0.023912110379717,0.241426553382044,0.004014,30.5201,1165,0.00846329360500761,TRUE,""
ENSG00000146021,KLHL3,fbg,-0.00893712097031599,0.651547872829126,0.001974,27.8837,1538,0.0081250749640788,TRUE,""
ENSG00000146054,TRIM7,fbg,0.0151465106335408,0.567709166197353,0.001253,23.3609,815,0.00485676772780683,TRUE,""
ENSG00000146063,TRIM41,fbg,-0.0597838473256804,0.17198490049961,0.001253,16.6734,794,0.0108167163587874,TRUE,""
ENSG00000146083,RNF44,fbg,-0.0333408962179858,0.0856599034048343,0.001176,28.609,1052,0.016313860816545,TRUE,""
ENSG00000150753,CCT5,fbg,0.0147205501285605,0.473132683581412,0.002262,43.4166,2675,0.00623426701632413,TRUE,""
ENSG00000150756,FAM173B,fbg,-0.0276111971598109,0.67286282272179,0.002262,12.1847,2689,0.00668043642400267,TRUE,""
ENSG00000151292,CSNK1G3,fbg,0.0667886192454246,0.510009096007643,0.001611,14.7272,2213,0.0121196224908245,TRUE,""
ENSG00000151876,FBXO4,fbg,-0.121997579383239,0.354771848484809,0.001061,8.5294,1917,0.0160839102684215,TRUE,""
ENSG00000152380,FAM151B,fbg,0.00363014768852096,0.886403006367064,0.00278,24.4716,1983,0.00473189377267471,TRUE,""
ENSG00000152503,TRIM36,fbg,0.0178017614820974,0.349538991650093,0.0005977,28.9953,2227,0.0056313066943513,TRUE,""
ENSG00000152620,NADKD1,fbg,-0.0648101139527592,0.0897023897414645,0.0001212,13.7035,1910,0.0158122094728318,TRUE,""
ENSG00000152700,SAR1B,fbg,-0.0364245529654421,0.305650988197024,0.000263,20.3803,1674,0.00818099568802941,TRUE,""
ENSG00000153044,CENPH,fbg,0.0401099578139935,0.57377540363273,0.01062,7.0942,971,0.0045255094548462,TRUE,""
ENSG00000153140,CETN3,fbg,-0.030914009754565,0.746294336814333,0.00447,12.5382,1569,0.00751258789531654,TRUE,""
ENSG00000153914,SREK1,fbg,0.129973371456883,0.66271323801786,0.0004703,5.0078,1930,0.00832862319094688,TRUE,""
ENSG00000154124,FAM105B,fbg,0.00592352069139872,0.895658593641375,5.02e-05,22.0305,1936,0.00711881132780057,TRUE,""
ENSG00000154153,FAM134B,fbg,0.0155382516253571,0.585440934568927,0.0002491,20.55,1946,0.00449065666269369,TRUE,""
ENSG00000155324,GRAMD3,fbg,0.0028847681848053,0.94684707139927,0.001928,18.4484,2220,0.00542778708360261,TRUE,""
ENSG00000155506,LARP1,fbg,0.0212689635009635,0.182422439451736,0.0004241,33.5366,2163,0.00963803540892244,TRUE,""
ENSG00000155508,CNOT8,fbg,-0.123940717616953,0.461509428341635,0.0004241,11.2532,2120,0.0172745600530389,TRUE,""
ENSG00000155858,LSM11,fbg,0.00701272838999336,0.925307750889347,0.001175,7.574,2097,0.00392271228051299,TRUE,""
ENSG00000156475,PPP2R2B,fbg,0.00994076477557291,0.684558919367902,0.006118,23.2345,1865,0.00424627485492526,TRUE,""
ENSG00000161011,SQSTM1,fbg,-0.0102363496029808,0.605764292132078,0.002403,27.7283,1767,0.00418296187663067,TRUE,""
ENSG00000164172,MOCS2,fbg,0.000941942197476835,0.976536189986223,0.0006786,18.8332,2374,0.00408586773905542,TRUE,""
ENSG00000164175,SLC45A2,fbg,-0.0316824156308982,0.585440934568927,0.001671,12.7432,1925,0.00607513259540987,TRUE,""
ENSG00000164180,TMEM161B,fbg,-0.173587224372506,0.346973356970029,0.0007185,5.435,1200,0.0143706300068893,TRUE,""
ENSG00000164181,ELOVL7,fbg,-0.0452918247411259,0.061703404877095,3.16e-05,25.5713,1681,0.0245254730655376,TRUE,""
ENSG00000164211,STARD4,fbg,0.0184653813597294,0.576749105845063,0.002095,23.0906,2025,0.00583290706819316,TRUE,""
ENSG00000164219,PGGT1B,fbg,0.00827186960562,0.697358341877476,0.0005977,27.3319,2252,0.0045406010253617,TRUE,""
ENSG00000164237,CMBL,fbg,0.00118132171615798,0.941670256652406,0.002262,81.964,2697,0.0044564102437958,TRUE,""
ENSG00000164244,PRRC1,fbg,-0.0333344673681402,0.225465985004507,0.009801,21.3198,1625,0.00831176640773336,TRUE,""
ENSG00000164252,AGGF1,fbg,-0.0956716098351676,0.171180318164682,7.201e-06,9.6244,2205,0.00631733602799581,TRUE,""
ENSG00000164253,WDR41,fbg,-0.0141740643298341,0.173478578848781,7.201e-06,70.7267,2120,0.0973315820807668,TRUE,""
ENSG00000164283,ESM1,fbg,-0.0199831570460556,0.79661377959839,0.0008602,22.1387,2086,0.0119227567627379,TRUE,""
ENSG00000164284,GRPEL2,fbg,0.003809028917457,0.922905718287002,9.685e-05,14.0191,2197,0.0033501453402394,TRUE,""
ENSG00000164291,ARSK,fbg,0.406033815907752,0.00932237604743751,2.697e-09,5.6155,1772,0.000512070068647651,TRUE,""
ENSG00000164296,TIGD6,fbg,0.0136167685313964,0.820211678728453,0.0004124,11.8159,2036,0.00542617855958436,TRUE,""
ENSG00000164309,CMYA5,fbg,-0.038390203292996,0.772993467640966,4.187e-05,6.7385,1882,0.00673431588289182,TRUE,""
ENSG00000164327,RICTOR,fbg,0.0636937521950031,0.381573905705021,0.00203,9.6875,2239,0.00692379759665127,TRUE,""
ENSG00000164332,UBLCP1,fbg,-0.00492111807349673,0.888659990388187,0.0001104,16.9879,1933,0.00584202623430341,TRUE,""
ENSG00000164346,NSA2,fbg,0.00372258397876608,0.70173553985783,0.000167,46.7891,2159,0.00504378760110365,TRUE,""
ENSG00000164347,GFM2,fbg,-0.00377343519231344,0.889537951249028,0.000167,23.5278,2180,0.00376564872631637,TRUE,""
ENSG00000164398,ACSL6,fbg,0.0299681937527664,0.429835204622545,0.00108,17.7103,1362,0.00835838631249992,TRUE,""
ENSG00000164402,SEPT8,fbg,0.106219926141952,0.0408100661166124,0.00427,12.9645,1814,0.0409287759833119,TRUE,""
ENSG00000164404,GDF9,fbg,0.0994286678860885,0.0220026237732584,0.00427,11.1933,1924,0.0524637450878392,TRUE,""
ENSG00000164406,LEAP2,fbg,-0.0771512449442371,0.0915072499234822,0.00427,12.4165,1934,0.015767707573222,TRUE,""
ENSG00000164466,SFXN1,fbg,-0.0228693723700805,0.276202886617978,0.004046,33.7907,1827,0.00957456671720417,TRUE,""
ENSG00000164512,ANKRD55,fbg,0.0257294758892954,0.0684212740474563,0.0004019,73.8326,1949,0.0307488626721292,TRUE,""
ENSG00000164574,GALNT10,fbg,-0.0627035913688393,0.255544012295895,0.0004241,23.439,2213,0.017768174341181,TRUE,""
ENSG00000164587,RPS14,fbg,-0.0430369315519457,0.0638907903728503,0.0004124,26.0073,2130,0.0219599735090759,TRUE,""
ENSG00000164611,PTTG1,fbg,0.0147728329600203,0.651547872829126,0.0001104,11.318,2173,0.0037303842388464,TRUE,""
ENSG00000164615,CAMLG,fbg,0.0056009521182334,0.686024978169506,0.000263,56.7833,1643,0.00581391411363433,TRUE,""
ENSG00000164620,RELL2,fbg,0.0156918881983555,0.473132683581412,2.23e-05,20.1515,1687,0.00520944648648073,TRUE,""
ENSG00000164904,ALDH7A1,fbg,-0.0098758183474289,0.551072455236834,0.001928,30.0884,2179,0.00745112499556682,TRUE,""
ENSG00000165671,NSD1,fbg,-0.439044501040455,0.00427473396017256,0.001176,4.8495,915,0.174210825731024,TRUE,""
ENSG00000168246,UBTD2,fbg,-0.0336639046819778,0.75831647352629,0.001911,8.4601,1880,0.00792953540301419,TRUE,""
ENSG00000168685,IL7R,fbg,0.0147113302601416,0.489894777830357,0.0001212,34.8508,2131,0.00492143304678081,TRUE,""
ENSG00000168724,DNAJC21,fbg,-0.0319613918433159,0.232654673754248,0.0001212,20.5931,1897,0.00719558685083538,TRUE,""
ENSG00000168903,BTNL3,fbg,-0.0120085847940216,0.220575220505702,0.001253,115.1617,983,0.012867618586375,TRUE,""
ENSG00000168916,ZNF608,fbg,-0.0196289157156476,0.745181071693432,0.001713,10.7352,2393,0.00510819981463918,TRUE,""
ENSG00000169220,RGS14,fbg,-0.0116390353510435,0.753304047285912,0.001176,16.8227,1078,0.00426998138472803,TRUE,""
ENSG00000169230,PRELID1,fbg,0.0399388180588707,0.00831782379086037,0.001176,44.6969,1045,0.00690738988050914,TRUE,""
ENSG00000169252,ADRB2,fbg,0.00338929262797118,0.922905718287002,9.685e-05,15.7555,2304,0.00351036740962812,TRUE,""
ENSG00000169258,GPRIN1,fbg,0.0385268617663371,0.137583964946946,0.001176,21.0077,1004,0.0116835261638125,TRUE,""
ENSG00000169570,DTWD2,fbg,-0.013074545737724,0.674956824198369,0.003935,17.6378,1893,0.00417484483630174,TRUE,""
ENSG00000170231,FABP6,fbg,-0.104660326453818,0.559668927199412,0.0001104,5.727,2031,0.00833537570980476,TRUE,""
ENSG00000170234,PWWP2A,fbg,-0.120665681329472,0.00177805059821686,0.0001104,13.4094,1954,0.316293112272429,TRUE,""
ENSG00000170271,C5orf4,fbg,-0.0052748048384125,0.561479628322256,0.0004241,58.2023,2102,0.00383765951182876,TRUE,""
ENSG00000170464,DNAJC18,fbg,0.0474712987554802,0.0384741276674828,0.001141,33.153,955,0.0423510416329816,TRUE,""
ENSG00000171368,TPPP,fbg,-0.0514616163625184,0.239994715798025,0.001713,15.976,1094,0.0086482124103137,TRUE,""
ENSG00000171421,MRPL36,fbg,-0.0100954008952167,0.169131444702671,0.001503,34.9218,2396,0.00936440214954565,TRUE,""
ENSG00000171444,MCC,fbg,-0.00647589729238089,0.674956824198369,0.002331,35.7325,2507,0.0041092569597019,TRUE,""
ENSG00000171522,PTGER4,fbg,-0.00253451135902493,0.916166996259808,0.001061,28.0922,2377,0.00465133017857906,TRUE,""
ENSG00000171617,ENC1,fbg,0.00226895736705763,0.770541497710554,0.000167,112.8807,2134,0.00503588714302838,TRUE,""
ENSG00000171643,S100Z,fbg,-0.00981213709220924,0.893929766752772,7.201e-06,28.7995,2222,0.0113905942850047,TRUE,""
ENSG00000171720,HDAC3,fbg,0.0115851143569533,0.661748776081758,2.23e-05,11.3684,1689,0.00309474990699785,TRUE,""
ENSG00000172062,SMN1,fbg,-0.00600960471355829,0.90743137298496,0.01171,4.8134,534,0.00497803968747833,TRUE,""
ENSG00000172262,ZNF131,fbg,0.0351018121393993,0.332669938984237,0.006533,13.9274,1317,0.00627422846337099,TRUE,""
ENSG00000172795,DCP2,fbg,0.00419138131835014,0.722710426810277,0.002095,44.715,2476,0.00372927132702879,TRUE,""
ENSG00000173545,ZNF622,fbg,0.0239071677776328,0.595245548732816,0.0002491,12.6333,1928,0.00434503372441646,TRUE,""
ENSG00000173926,MARCH3,fbg,0.00410945886301933,0.846529514964004,0.009801,25.7424,1931,0.00380515267198731,TRUE,""
ENSG00000173930,SLCO4C1,fbg,-0.00177398541271167,0.916166996259808,0.00174,26.9287,1874,0.00868828503767072,TRUE,""
ENSG00000174132,FAM174A,fbg,0.00524127652410147,0.674956824198369,0.002018,72.8659,1699,0.00382637870190095,TRUE,""
ENSG00000174136,RGMB,fbg,-0.00724574059625388,0.583426134426407,0.004843,47.7283,1591,0.00465153371467353,TRUE,""
ENSG00000174705,SH3PXD2B,fbg,0.0191077239238097,0.317310507862914,0.001911,31.2519,1967,0.00647333490033465,TRUE,""
ENSG00000175416,CLTB,fbg,-0.00315290108719405,0.796357116257739,0.001176,51.0244,1227,0.00486989316723059,TRUE,""
ENSG00000175471,MCTP1,fbg,0.00780756655319859,0.401632246433539,0.002509,61.2744,1581,0.0090586301779883,TRUE,""
ENSG00000175857,GAPT,fbg,0.00423471766368303,0.738882680363527,0.004573,94.127,2638,0.0177869703550714,TRUE,""
ENSG00000176783,RUFY1,fbg,0.00901652091478515,0.129486728502174,0.002403,92.6607,1806,0.0122759680742656,TRUE,""
ENSG00000176788,BASP1,fbg,0.0107673229894444,0.531971058097401,0.002465,33.063,1938,0.00468321152461702,TRUE,""
ENSG00000177556,ATOX1,fbg,0.0182107482183674,0.220271518788167,0.009201,37.1429,2413,0.00820169590111835,TRUE,""
ENSG00000178175,ZNF366,fbg,-0.0344440574325632,0.786952335429884,0.0005509,5.1678,1586,0.00609910945890703,TRUE,""
ENSG00000178338,ZNF354B,fbg,0.087992274169916,0.185974874255209,0.002403,7.6007,1926,0.00757770886630346,TRUE,""
ENSG00000178913,TAF7,fbg,0.00487946736923049,0.937890037162822,2.23e-05,21.7737,1427,0.00681510370118213,TRUE,""
ENSG00000178996,SNX18,fbg,-0.0312661650978156,0.235030456586428,0.0008602,19.6274,2164,0.00854987899053523,TRUE,""
ENSG00000182230,FAM153B,fbg,0.00210285794014737,0.796357116257739,0.004046,53.0988,1573,0.00396499998032103,TRUE,""
ENSG00000182578,CSF1R,fbg,-0.020360632298038,0.330566734834094,0.0004124,31.4725,2063,0.00697322099422395,TRUE,""
ENSG00000183474,GTF2H2C,fbg,-0.00840474933461255,0.920344325445942,0.01148,12.3511,643,0.0167868032959559,TRUE,""
ENSG00000183718,TRIM52,fbg,0.0451694344770635,0.461218374590665,0.001253,10.9014,764,0.00576697767712558,TRUE,""
ENSG00000184584,TMEM173,fbg,-0.0204335686967778,0.530363658980336,0.001141,27.7814,926,0.0074850376243882,TRUE,""
ENSG00000184838,PRR16,fbg,0.00855302467273912,0.858897500094722,0.0007668,15.6507,2207,0.0055375931441902,TRUE,""
ENSG00000185041,RP11-321E2.6,fbg,0.0687404520855124,0.37092777927468,0.002465,7.2256,1933,0.00776518625738169,TRUE,""
ENSG00000185305,ARL15,fbg,-0.0332471048008759,0.402474929547394,0.0008602,19.1827,2328,0.00724869438549413,TRUE,""
ENSG00000186687,LYRM7,fbg,-0.0763542508394311,0.209643815051784,8.527e-05,16.0459,1180,0.0133245736994085,TRUE,""
ENSG00000188002,RP11-43F13.1,fbg,0.0133560369932663,0.130149271197461,0.001503,46.4476,2152,0.0165406461875958,TRUE,""
ENSG00000196193,AC034229.1,fbg,-0.0229366588396357,0.617075077451974,0.002262,6.2066,2639,0.00765879050414448,TRUE,""
ENSG00000196743,GM2A,fbg,-0.00304855422568524,0.65672128656377,0.002128,109.9907,2195,0.00595984872232645,TRUE,""
ENSG00000196923,PDLIM7,fbg,-0.0108419983498342,0.785062868547559,0.001176,12.2763,1228,0.00398587540674311,TRUE,""
ENSG00000197043,ANXA6,fbg,-0.00613948135010664,0.627783826989789,0.0005283,69.4999,2220,0.00463127730764104,TRUE,""
ENSG00000197208,SLC22A4,fbg,0.0301163769809747,0.0391601575567549,0.003274,51.1268,1422,0.00446441650092423,TRUE,""
ENSG00000197375,SLC22A5,fbg,-0.0046478226237191,0.920344325445942,0.003274,96.3255,1475,0.013217426235393,TRUE,""
ENSG00000197451,HNRNPAB,fbg,-0.0391932503258013,0.175240620983064,0.001176,27.5591,1551,0.0127949603434267,TRUE,""
ENSG00000198780,FAM169A,fbg,-0.0278127723949131,0.812779285408195,0.000167,5.2354,2112,0.00376386603166288,TRUE,""
ENSG00000198865,CCDC152,fbg,-0.027686535221362,0.0273922381359285,0.005293,39.8009,1374,0.0454133997813664,TRUE,""
ENSG00000198939,ZFP2,fbg,-0.0386997153980346,0.539455648469799,0.002403,12.4185,1957,0.00625316760588444,TRUE,""
ENSG00000198961,PJA2,fbg,0.0135845780695876,0.360566735097472,0.003167,57.1178,1971,0.00411011297676627,TRUE,""
ENSG00000202533,Y_RNA,fbg,-0.0219900670062064,0.290446394323729,0.003583,12.4806,1495,0.00748994066641447,TRUE,""
ENSG00000205302,SNX2,fbg,-0.0799022419511709,0.0915072499234822,0.001611,12.0297,1899,0.318639063594963,TRUE,""
ENSG00000205765,C5orf51,fbg,-0.123869787497725,0.225465985004507,0.001061,10.9825,1918,0.016998902525611,TRUE,""
ENSG00000211445,GPX3,fbg,-0.0241696060816245,0.304407737821377,0.0005283,27.9334,2205,0.00743102954491565,TRUE,""
ENSG00000213433,RP11-54C4.1,fbg,0.00699425951294473,0.723687129428604,0.009201,37.1148,2396,0.00919996053721539,TRUE,""
ENSG00000213523,SRA1,fbg,0.00702367785644239,0.606447146740021,0.004014,51.0928,1108,0.00453486723660581,TRUE,""
ENSG00000213949,ITGA1,fbg,0.0608015041396662,0.196938679952046,0.0006786,33.3702,2329,0.0244882108596995,TRUE,""
ENSG00000214944,ARHGEF28,fbg,0.0218762194346387,0.826844797716898,0.002396,5.1072,2232,0.0057238794352508,TRUE,""
ENSG00000221886,C5orf54,fbg,-0.0264245406704558,0.544474508963011,0.0001104,12.3463,2177,0.00419941096185656,TRUE,""
ENSG00000221990,C5orf55,fbg,-0.0427544957822832,0.133614402537716,0.001713,17.5931,883,0.0159440313185318,TRUE,""
ENSG00000225940,AC022431.2,fbg,0.0117296507264867,0.409371590694505,0.0004019,20.8684,1973,0.00960770747783185,TRUE,""
ENSG00000229666,MAST4-AS1,fbg,0.00404388090763165,0.754660563059686,0.003158,17.7703,2082,0.0039140400807001,TRUE,""
ENSG00000230847,RP11-195E2.1,fbg,-0.00113661080508141,0.90743137298496,0.0005509,25.4499,718,0.00516595951040419,TRUE,""
ENSG00000233006,AC034220.3,fbg,0.00992701589258971,0.342764082783861,0.003583,27.6467,1451,0.00621401457606875,TRUE,""
ENSG00000233937,CTC-338M12.4,fbg,-0.0194805957927924,0.533795755724387,0.001253,10.6566,761,0.00649553242283424,TRUE,""
ENSG00000234290,AC116366.6,fbg,-0.0216772545851687,0.363302140886898,0.003583,10.2645,1501,0.00780738255044535,TRUE,""
ENSG00000234511,C5orf58,fbg,-0.0302036461016757,0.43881634294658,0.0001479,13.7237,2387,0.00807389977015765,TRUE,""
ENSG00000234553,AC022431.3,fbg,0.0158704238972143,0.383771766671715,0.0004019,11.6348,1967,0.00622099510026254,TRUE,""
ENSG00000236882,C5orf27,fbg,0.0144741978986812,0.707660466654553,2.697e-09,12.9009,1919,5.36899261463018e-06,TRUE,""
ENSG00000238160,AC116366.5,fbg,-0.0441293462628087,0.115379274211945,0.003583,12.4384,1500,0.0191462665459139,TRUE,""
ENSG00000242110,AMACR,fbg,-0.0131533573082418,0.539455648469799,0.001671,36.5382,1900,0.0061903307559943,TRUE,""
ENSG00000243304,CTC-428G20.1,fbg,-0.091984863990616,0.0526842533782829,0.0005977,6.6759,2243,0.0334288801907472,TRUE,""
ENSG00000243806,CTC-484P3.1,fbg,0.00165251396367406,0.851268623688206,0.002509,39.6605,1511,0.00584492025969356,TRUE,""
ENSG00000244361,RP11-1C1.1,fbg,-0.0492732310078717,0.2625084496557,0.002262,12.9079,2619,0.0178070711839522,TRUE,""
ENSG00000244945,RP11-1379J22.2,fbg,-0.0115661421733982,0.738882680363527,0.002403,7.9429,1798,0.00486956846559384,TRUE,""
ENSG00000245275,CTB-157D17.1,fbg,-0.0410361841665839,0.158019253847399,0.0004241,8.6763,2205,0.00975363501997772,TRUE,""
ENSG00000245812,RP11-175K6.1,fbg,0.0927822140658081,0.0146394990829601,0.000723,6.6355,1998,0.0688113734311044,TRUE,""
ENSG00000245937,CTC-228N24.3,fbg,0.00754595151978791,0.524539436435313,0.009801,47.3745,2008,0.00513193312571302,TRUE,""
ENSG00000246334,PRR7-AS1,fbg,0.00726903740609218,0.761866768188248,0.001176,9.8859,1165,0.00391787454134199,TRUE,""
ENSG00000246859,STARD4-AS1,fbg,-0.0332604055098027,0.163335906964226,0.002095,9.7736,2130,0.00885857458633222,TRUE,""
ENSG00000247199,RP11-373N22.3,fbg,0.0435828759010603,0.0856599034048343,9.685e-05,8.6267,2135,0.0154708180668824,TRUE,""
ENSG00000247516,RP11-480D4.3,fbg,-0.0539718975247379,0.421442272706332,0.002162,5.6276,2915,0.00939275960854389,TRUE,""
ENSG00000247572,CTC-281B15.1,fbg,0.00856186911043433,0.404656761927286,0.00278,39.239,1715,0.0233439845772911,TRUE,""
ENSG00000248092,RP11-159F24.1,fbg,0.151205015572312,0.0570110871742129,0.006533,5.8522,1359,0.0193779997628976,TRUE,""
ENSG00000248175,CTC-428G20.3,fbg,0.0241391518133317,0.258884225947615,0.0005977,21.746,2253,0.00683949508502891,TRUE,""
ENSG00000248275,CTC-338M12.3,fbg,-0.00466904434140919,0.533795755724387,0.001253,67.6103,752,0.00623726247785851,TRUE,""
ENSG00000248445,CTB-118N6.3,fbg,0.0117297745645695,0.6245856448124,0.0005977,25.7615,2719,0.00605079567014202,TRUE,""
ENSG00000248544,CTB-47B11.3,fbg,0.000858603734554212,0.975070165131246,0.001175,8.2306,2023,0.00382696712157253,TRUE,""
ENSG00000248734,CTD-2260A17.1,fbg,0.00492171363477107,0.458126425559177,2.697e-09,34.6603,1952,6.37858209586418e-06,TRUE,""
ENSG00000248791,CTD-2165H16.3,fbg,0.00756684073327683,0.892505031135259,5.02e-05,4.6696,1957,0.00402918414864514,TRUE,""
ENSG00000248794,CTD-2248H3.1,fbg,-0.00260704036606368,0.732271676747657,0.00278,32.8466,1708,0.00489900509164474,TRUE,""
ENSG00000249042,CTD-2015H6.3,fbg,0.00905968985772706,0.861391453934747,0.00278,8.2089,1971,0.00741375471428789,TRUE,""
ENSG00000249092,CTD-2325A15.3,fbg,-0.0132777721436806,0.57377540363273,0.0111,8.3908,1352,0.00455640310012208,TRUE,""
ENSG00000249396,RP11-1C1.4,fbg,-0.0547057575115783,0.535257786937966,0.002262,7.3177,2616,0.0139672284801122,TRUE,""
ENSG00000249412,CTC-563A5.2,fbg,0.101013282277988,0.425091594074585,0.001253,6.3768,1609,0.0158225510686249,TRUE,""
ENSG00000249476,CTD-2587M2.1,fbg,0.00530879417719028,0.360566735097472,0.003167,66.2417,1943,0.00464035103369004,TRUE,""
ENSG00000249572,CTD-2203K17.1,fbg,0.00148528403404753,0.833256914830536,0.001462,36.2518,1880,0.00460779584097054,TRUE,""
ENSG00000249662,RP11-321E2.4,fbg,0.0227141401719809,0.37092777927468,0.002465,22.2857,1936,0.00668528011398133,TRUE,""
ENSG00000249684,RP11-423H2.3,fbg,-0.0149141310054509,0.265435219655808,0.001176,22.4689,1374,0.00951243119755728,TRUE,""
ENSG00000249947,XBP1P1,fbg,-0.0338264813090222,0.523279796752506,0.002095,6.3732,2444,0.00683002815429127,TRUE,""
ENSG00000250081,CTD-2116N20.1,fbg,-0.00019289233069576,0.950164661941506,0.0004703,75.0439,1754,0.00394403787500938,TRUE,""
ENSG00000250274,CTB-114C7.4,fbg,-0.0466197840820118,0.00125618274546358,0.0001479,32.1666,2355,0.451895683446891,TRUE,""
ENSG00000250490,CTD-2324F15.2,fbg,-0.0179108213091638,0.155795591786075,0.0002989,38.9239,2787,0.0151331439174714,TRUE,""
ENSG00000250786,CTD-2001E22.2,fbg,0.0323715016970043,0.393691925690234,0.004449,12.7532,2656,0.00575226430918411,TRUE,""
ENSG00000250918,RP11-497H16.4,fbg,-0.00118447398105118,0.90743137298496,0.08977,24.4215,76,0.0053390297018749,TRUE,""
ENSG00000251000,AC008592.3,fbg,-0.000651870340262259,0.95309266714744,2.697e-09,34.1304,1926,7.97618766140873e-06,TRUE,""
ENSG00000251050,RP11-168A11.4,fbg,0.00710526645809819,0.628477445586286,0.0004772,13.3885,1843,0.00439097131716642,TRUE,""
ENSG00000251093,RP11-414H23.3,fbg,-0.0228233213668066,0.773439524705324,0.00447,5.6914,1618,0.00842792780610877,TRUE,""
ENSG00000251196,RP11-54F2.1,fbg,-0.025983934910301,0.420499160931281,0.002262,7.8871,2581,0.005729470008187,TRUE,""
ENSG00000251215,GOLGA5P1,fbg,0.0141422052442929,0.587228165762067,0.002775,9.187,2171,0.00514797928065603,TRUE,""
ENSG00000251304,RP11-321E2.5,fbg,0.0728650103828526,0.37092777927468,0.002465,6.9471,1934,0.00668420250228793,TRUE,""
ENSG00000251409,AC008592.4,fbg,0.001057445429937,0.95309266714744,2.697e-09,17.5575,1886,7.97715695451527e-06,TRUE,""
ENSG00000251450,CTC-459I6.1,fbg,-0.0385015612702301,0.0873255405560041,0.00278,9.0676,1936,0.0200330343710131,TRUE,""
ENSG00000251606,CTD-2215E18.1,fbg,0.0081723583547663,0.684558919367902,2.697e-09,11.7993,1987,5.89404729120655e-06,TRUE,""
ENSG00000251666,ZNF346-IT1,fbg,0.263257526924167,0.660643863540858,0.001176,4.6655,826,0.0251785525809394,TRUE,""
ENSG00000253269,CTB-37A13.1,fbg,0.00801777628304099,0.419982497240339,0.0001479,20.1327,2724,0.00492972774468776,TRUE,""
ENSG00000253519,AC106801.1,fbg,-0.0346384521159223,0.332669938984237,0.001175,6.1205,2081,0.00609272982909749,TRUE,""
ENSG00000253520,RP11-798K23.5,fbg,-0.00112655360530222,0.937074486238219,0.002403,19.1365,1824,0.00449369210626235,TRUE,""
ENSG00000253736,RP11-779O18.3,fbg,0.0296792018772384,0.169131444702671,0.001911,16.8494,2127,0.0118903418181655,TRUE,""
ENSG00000253921,CTB-113P19.3,fbg,-0.000300340506018328,0.976536189986223,0.009201,20.6083,2387,0.00414685675335322,TRUE,""
ENSG00000254211,CTB-43E15.4,fbg,-0.00385648038741241,0.849944540437619,0.001533,11.7044,2477,0.00448514633783283,TRUE,""
ENSG00000254353,RP11-195E2.4,fbg,-0.000782954116962592,0.90743137298496,0.008013,36.9455,639,0.00528044018636774,TRUE,""
ENSG00000254363,CTB-131B5.5,fbg,0.00777682534228894,0.871864744932721,0.001141,4.6202,885,0.00307161207687051,TRUE,""
ENSG00000261360,CTD-2165H16.4,fbg,0.00776639104881469,0.895658593641375,5.02e-05,13.5333,1943,0.00716155439486785,TRUE,""
ENSG00000269961,CTD-2033C11.1,fbg,-0.0400316622642158,0.6099084929594,0.0004703,4.6323,1924,0.00597775462446229,TRUE,""
ENSG00000270107,CTD-2306M10.1,fbg,0.00688899848628127,0.606447146740021,0.003158,18.3043,2197,0.00453349810488021,TRUE,""
ENSG00000001084,GCLC,fbg,0.0388003366476784,0.222939094167741,0.009144,17.8803,2324,0.00810800988336867,TRUE,""
ENSG00000001167,NFYA,fbg,0.0337441241111077,0.253097908947116,0.001061,29.4863,2307,0.0107506327641914,TRUE,""
ENSG00000001561,ENPP4,fbg,0.0305114991131114,0.0282678923770804,0.00378,59.4337,2135,0.111931937075792,TRUE,""
ENSG00000004809,SLC22A16,fbg,-0.0119433453795478,0.364803543676989,0.0007885,90.9389,1655,0.0132621854272716,TRUE,""
ENSG00000007866,TEAD3,fbg,-0.0163895672982391,0.892505031135259,0.0004404,5.412,1462,0.00445584776236496,TRUE,""
ENSG00000007944,MYLIP,fbg,-0.0302564080213041,0.47015786285767,0.0004179,22.9439,2231,0.00816911546851333,TRUE,""
ENSG00000010017,RANBP9,fbg,0.0519276548524777,0.605764292132078,6.176e-05,5.4322,2056,0.00575015589277252,TRUE,""
ENSG00000010030,ETV7,fbg,-0.0138122134975762,0.302867777010297,0.0004404,66.5424,1752,0.0365260279846582,TRUE,""
ENSG00000013375,PGM3,fbg,0.00918283728626984,0.802587348634153,0.002642,17.1454,1631,0.00493532989321029,TRUE,""
ENSG00000013392,RWDD2A,fbg,0.0146240269476452,0.578514721507944,0.002642,24.3435,1634,0.0048433727014763,TRUE,""
ENSG00000014123,UFL1,fbg,-0.00914877533539403,0.738882680363527,0.00163,19.1909,2348,0.00423941457893713,TRUE,""
ENSG00000021355,SERPINB1,fbg,-0.00951386589146739,0.548506235500147,0.0005453,46.667,2274,0.00479505451297657,TRUE,""
ENSG00000023892,DEF6,fbg,-0.00235805544987613,0.821979274262541,0.0004404,67.043,1374,0.00496892363606067,TRUE,""
ENSG00000024048,UBR2,fbg,0.0876918035981681,0.10488439018766,0.000406,16.3417,1258,0.0312236026182823,TRUE,""
ENSG00000025156,HSF2,fbg,-0.0104728571986704,0.366406064176293,0.005304,49.8677,1910,0.00551173109222235,TRUE,""
ENSG00000025796,SEC63,fbg,0.0210209847658173,0.641848188772074,0.002094,16.8779,1591,0.00592588706369401,TRUE,""
ENSG00000026652,AGPAT4,fbg,0.0725608126169473,0.184810896060643,0.004257,14.964,2458,0.0118968786408096,TRUE,""
ENSG00000026950,BTN3A1,fbg,0.00211304556343529,0.902937651007571,0.0002114,45.1439,1993,0.00368963774920937,TRUE,""
ENSG00000027697,IFNGR1,fbg,-0.00972988230800564,0.786952335429884,0.0001093,17.4126,1939,0.00449876399511527,TRUE,""
ENSG00000028839,TBPL1,fbg,0.00260010020156365,0.903523023570037,0.0003761,18.3728,2035,0.00398353771156683,TRUE,""
ENSG00000029639,TFB1M,fbg,-0.0284817380183728,0.155795591786075,0.001801,27.4053,2221,0.0100316254132347,TRUE,""
ENSG00000030110,BAK1,fbg,0.0189706750227115,0.01913670885411,0.0001221,55.0787,1438,0.0363268479004255,TRUE,""
ENSG00000031691,CENPQ,fbg,0.00408671858204641,0.731034305380085,0.007131,51.0629,1953,0.00378019919087814,TRUE,""
ENSG00000044090,CUL7,fbg,-0.0263444440920576,0.49813992156856,0.0001759,28.3779,1359,0.00878379713061271,TRUE,""
ENSG00000047579,DTNBP1,fbg,-0.00475309235782651,0.844274735076052,0.0004179,47.3231,2134,0.00865696837037124,TRUE,""
ENSG00000047932,GOPC,fbg,0.033058968353394,0.775096962195985,0.0004858,5.1336,1955,0.00494968444595924,TRUE,""
ENSG00000051620,HEBP2,fbg,-0.0453325487420744,0.363302140886898,0.000343,62.1491,2006,0.0119030705960682,TRUE,""
ENSG00000055211,GINM1,fbg,0.0108114363203191,0.348501423761085,0.0004922,44.3515,2407,0.0048963315827529,TRUE,""
ENSG00000056972,TRAF3IP2,fbg,-0.0301355614877959,0.282789483323742,0.001049,34.1963,1807,0.0113629909877217,TRUE,""
ENSG00000060762,MPC1,fbg,0.00151732040282777,0.906347316282193,0.001683,50.1507,2945,0.00411993624675707,TRUE,""
ENSG00000064995,TAF11,fbg,-0.0520727898300871,0.593802857207703,0.0004404,8.0543,1464,0.0446972332652915,TRUE,""
ENSG00000064999,ANKS1A,fbg,0.0041342296621508,0.933586496294755,0.0004404,17.2218,1338,0.0196102258842332,TRUE,""
ENSG00000065029,ZNF76,fbg,0.0060906041667214,0.826251081180617,0.0004404,26.2542,1352,0.00503080073230775,TRUE,""
ENSG00000065491,TBC1D22B,fbg,-0.0812551325066162,0.179949970270285,0.0004466,12.881,2078,0.0129782788763882,TRUE,""
ENSG00000065833,ME1,fbg,-0.0856584795100916,0.0999365539385519,0.002642,10.5979,1601,0.0144079178191804,TRUE,""
ENSG00000066651,TRMT11,fbg,-0.039309713853046,0.49813992156856,0.003995,9.5091,1426,0.00468040964974095,TRUE,""
ENSG00000074706,IPCEF1,fbg,0.0198654134186135,0.660643863540858,0.001688,15.8077,2265,0.0052962217192127,TRUE,""
ENSG00000074935,TUBE1,fbg,0.00498223202082889,0.886403006367064,0.001049,17.8522,1873,0.00438593834686679,TRUE,""
ENSG00000078269,SYNJ2,fbg,0.00121513889965314,0.966764427019273,0.001914,66.4515,1608,0.00690222289760725,TRUE,""
ENSG00000079691,LRRC16A,fbg,-0.00253334878777217,0.754660563059686,0.0003048,77.8265,2622,0.00549319480669245,TRUE,""
ENSG00000079819,EPB41L2,fbg,0.0302513186827058,0.221623602459393,0.002112,25.8022,2360,0.00891765457893825,TRUE,""
ENSG00000079931,MOXD1,fbg,-0.0371859180671533,0.580515713596355,0.0009308,9.937,2261,0.00495520739350149,TRUE,""
ENSG00000079950,STX7,fbg,-0.0746383588244227,0.349900343997403,0.0009308,20.4028,2282,0.0134171458144012,TRUE,""
ENSG00000083099,LYRM2,fbg,-0.0159979867702042,0.738882680363527,0.0002194,11.1264,1880,0.00372935781373495,TRUE,""
ENSG00000085382,HACE1,fbg,0.021973876720788,0.859924253238214,0.0004936,12.1506,1776,0.0129915923821642,TRUE,""
ENSG00000085511,MAP3K4,fbg,-0.158457675086032,0.0362822563270125,0.004257,7.5263,2405,0.0327730771131215,TRUE,""
ENSG00000091831,ESR1,fbg,0.00570766047249872,0.871864744932721,0.001484,14.2898,2519,0.0037273224130703,TRUE,""
ENSG00000091844,RGS17,fbg,0.0252629989626725,0.0760311410098992,2.841e-06,41.9237,2683,0.0130982903297152,TRUE,""
ENSG00000093134,VNN3,fbg,0.00261789560900979,0.738882680363527,0.0009308,93.0384,2317,0.00428411412052177,TRUE,""
ENSG00000095951,HIVEP1,fbg,0.00582393708662689,0.900523550339774,0.0006067,15.254,2563,0.00476268236609133,TRUE,""
ENSG00000095970,TREM2,fbg,0.266338230753295,0.554581334468169,0.001061,5.3928,2281,0.0323232203391477,TRUE,""
ENSG00000096063,SRPK1,fbg,0.026120634987186,0.0897023897414645,0.0004404,38.4914,1671,0.016640737164618,TRUE,""
ENSG00000096092,TMEM14A,fbg,0.0373301269503943,0.185659381979118,0.009144,21.4572,2339,0.0102316573996846,TRUE,""
ENSG00000096093,EFHC1,fbg,0.00444315396493027,0.883085590508198,0.00492,20.0305,2266,0.00415287318333724,TRUE,""
ENSG00000096401,CDC5L,fbg,-0.0963984526603897,0.248019829023138,0.0001759,12.3489,1873,0.013199762677583,TRUE,""
ENSG00000096654,ZNF184,fbg,-0.035837496054937,0.26219758140346,0.0002114,18.3774,1668,0.00673633087319988,TRUE,""
ENSG00000111802,TDP2,fbg,0.0035957833876703,0.911528237909377,4.732e-05,19.6825,2817,0.00347716243496565,TRUE,""
ENSG00000111817,DSE,fbg,-0.00956655872093911,0.536808016981021,0.001034,66.7101,1963,0.0039316273258017,TRUE,""
ENSG00000111837,MAK,fbg,-0.000638828371218161,0.978438177451517,0.001531,27.6968,2394,0.00440249561644342,TRUE,""
ENSG00000111843,TMEM14C,fbg,-0.0292178954592855,0.336281496460678,0.001531,44.381,2312,0.0144843716313456,TRUE,""
ENSG00000111860,CEP85L,fbg,-0.031037104082872,0.201327791983001,0.0002128,23.7552,1950,0.00690934285787735,TRUE,""
ENSG00000111863,ADTRP,fbg,0.00816907353280995,0.585440934568927,0.0006067,20.0367,2514,0.00463992254473306,TRUE,""
ENSG00000111877,MCM9,fbg,-0.0164911897429621,0.583426134426407,0.0002128,16.7478,2118,0.00297659490779689,TRUE,""
ENSG00000111879,FAM184A,fbg,0.00647321703195144,0.922905718287002,0.0002128,8.234,2196,0.00267167468130353,TRUE,""
ENSG00000111880,RNGTT,fbg,0.021468216324287,0.268560789652808,0.0002194,49.0736,1962,0.0107245591790257,TRUE,""
ENSG00000111885,MAN1A1,fbg,0.00758259881479802,0.617075077451974,0.0002128,37.4873,2154,0.0030311085941502,TRUE,""
ENSG00000111886,GABRR2,fbg,-0.0881438165237663,0.00699736376589513,0.0002194,17.9729,1788,0.132578800774832,TRUE,""
ENSG00000111907,TPD52L1,fbg,-0.012822158590574,0.810330256604408,0.0004373,16.0123,1988,0.00655092148727608,TRUE,""
ENSG00000112039,FANCE,fbg,-0.0417760950647182,0.517593873457392,0.0004404,9.3235,1463,0.00505197613592196,TRUE,""
ENSG00000112078,KCTD20,fbg,-0.0302777083360504,0.185659381979118,0.0004404,25.2228,1710,0.00953120492161158,TRUE,""
ENSG00000112110,MRPL18,fbg,0.00296242001382411,0.7924288824046,0.003543,63.3114,2368,0.00429211783866195,TRUE,""
ENSG00000112118,MCM3,fbg,-0.00102817351810977,0.974266251454282,0.00492,17.1481,2282,0.00378173679004733,TRUE,""
ENSG00000112137,PHACTR1,fbg,-0.00244803913160713,0.871178155583461,0.0006067,29.269,2052,0.00478760604542281,TRUE,""
ENSG00000112164,GLP1R,fbg,0.0350559638018225,0.889875664640676,1.947e-06,8.7882,2424,0.00760897001489661,TRUE,""
ENSG00000112167,SAYSD1,fbg,-0.0276547232868851,0.0206520548924176,1.947e-06,70.6764,2447,0.00190063748747879,TRUE,""
ENSG00000112195,TREML2,fbg,-0.0210757081686799,0.757693806578563,0.001061,24.1705,2296,0.011317737287203,TRUE,""
ENSG00000112200,ZNF451,fbg,-0.444554736902941,0.0124193306515523,0.002403,5.1876,1238,0.114459607513571,TRUE,""
ENSG00000112232,KHDRBS2,fbg,0.0232651115587471,0.692585461896193,0.008698,13.0066,1627,0.0062403077091412,TRUE,""
ENSG00000112234,FBXL4,fbg,-0.0436102953017707,0.189351486043285,7.4e-05,17.1422,1987,0.0089127784179512,TRUE,""
ENSG00000112242,E2F3,fbg,0.067680430807972,0.141900610277981,3.27e-06,8.2918,2430,0.00326683155203913,TRUE,""
ENSG00000112249,ASCC3,fbg,-0.0448222536697369,0.133614402537716,0.001236,21.3164,2038,0.0131531820409834,TRUE,""
ENSG00000112282,MED23,fbg,-0.0545772562246086,0.0361498323768589,0.002112,28.7006,2244,0.0472948753720092,TRUE,""
ENSG00000112290,WASF1,fbg,0.00407604453282137,0.925885085858511,0.0007885,17.4337,1743,0.00589394834653292,TRUE,""
ENSG00000112297,AIM1,fbg,0.0184044787200204,0.511663282695868,0.0106,18.3489,2080,0.00474893692799606,TRUE,""
ENSG00000112299,VNN1,fbg,-0.00701297506379926,0.485821758188089,0.0009308,113.2598,2312,0.0040136290763408,TRUE,""
ENSG00000112303,VNN2,fbg,0.00223735703689528,0.738882680363527,0.0009308,92.1967,2316,0.00385352344319615,TRUE,""
ENSG00000112305,SMAP1,fbg,-0.00322801033416674,0.761866768188248,0.001008,54.217,2211,0.00367438743103398,TRUE,""
ENSG00000112306,RPS12,fbg,-0.000587174688099587,0.974266251454282,0.0009308,13.6469,2283,0.00370414024365016,TRUE,""
ENSG00000112312,GMNN,fbg,0.0307218608308063,0.648014841940182,4.732e-05,12.1509,2782,0.00488360201578751,TRUE,""
ENSG00000112320,SOBP,fbg,0.012786568971533,0.836882810464227,0.0106,9.7446,1801,0.00419100559085193,TRUE,""
ENSG00000112339,HBS1L,fbg,0.035718372688972,0.0873255405560041,0.0003761,26.3955,1948,0.0159260437769044,TRUE,""
ENSG00000112367,FIG4,fbg,0.00196748124138653,0.922905718287002,0.0007885,27.092,1781,0.00381438426444148,TRUE,""
ENSG00000112406,HECA,fbg,-0.170818031535778,0.311145900875411,0.004443,8.1893,1855,0.0157187695897545,TRUE,""
ENSG00000112414,GPR126,fbg,-0.0235210300072311,0.397466925422593,0.002826,24.8216,1774,0.00668908209757496,TRUE,""
ENSG00000112486,CCR6,fbg,-0.0223435404323096,0.2870949517261,0.0007851,25.9113,2252,0.00604816167175919,TRUE,""
ENSG00000112531,QKI,fbg,-0.0171915391525539,0.550497415772856,0.001282,49.7639,2661,0.00990036150165519,TRUE,""
ENSG00000112561,TFEB,fbg,-0.251854627159978,0.00837998744101366,0.000406,6.1483,1877,0.134851229763016,TRUE,""
ENSG00000112578,BYSL,fbg,0.0257340427480102,0.148613996455212,0.000406,32.9617,1684,0.0118048569252605,TRUE,""
ENSG00000112584,FAM120B,fbg,0.0117765653370933,0.522172599385723,0.003747,71.0427,1375,0.00518400637155788,TRUE,""
ENSG00000112592,TBP,fbg,0.113205846766782,0.259919135247011,0.003747,13.8653,1152,0.0251332505147221,TRUE,""
ENSG00000112599,GUCA1B,fbg,0.0332300391717257,0.158808288628619,0.000406,20.0048,1589,0.0144911683881042,TRUE,""
ENSG00000112651,MRPL2,fbg,0.00782488505792945,0.786952335429884,0.0001759,22.7041,1360,0.00477500113028898,TRUE,""
ENSG00000112658,SRF,fbg,-0.130025854968622,0.154376307933322,0.0001759,6.3576,1320,0.0113867203101301,TRUE,""
ENSG00000112659,CUL9,fbg,0.0267044113070152,0.649436283726755,0.0001759,13.2501,1295,0.00553982141483423,TRUE,""
ENSG00000112679,DUSP22,fbg,0.0480892687648772,0.672239138726747,0.0008315,8.1008,1592,0.00666177224928525,TRUE,""
ENSG00000112697,TMEM30A,fbg,-0.0254450657340957,0.539026540991256,6.208e-05,29.7665,1680,0.01101826155478,TRUE,""
ENSG00000112701,SENP6,fbg,0.00205536280277441,0.851268623688206,4.021e-05,51.9206,1620,0.00188344976899245,TRUE,""
ENSG00000112739,PRPF4B,fbg,0.0870355822839548,0.383771766671715,6.972e-05,5.5032,2579,0.00522121921831623,TRUE,""
ENSG00000112763,BTN2A1,fbg,0.00171771649332956,0.902937651007571,0.0002114,63.1656,1984,0.00723581120774477,TRUE,""
ENSG00000112773,FAM46A,fbg,-0.162893188521598,0.441756327424919,0.0008051,10.8116,2226,0.0223844117108488,TRUE,""
ENSG00000112782,CLIC5,fbg,-0.0176573906041208,0.606447146740021,0.00378,17.1373,2080,0.00439701839922504,TRUE,""
ENSG00000118402,ELOVL4,fbg,-0.00607927649779029,0.754660563059686,0.002846,29.2798,2283,0.00417714917861786,TRUE,""
ENSG00000118418,HMGN3,fbg,0.00772626788488818,0.918998838261879,0.002846,13.7508,2077,0.00713779355569175,TRUE,""
ENSG00000118420,UBE3D,fbg,-0.0242816090423909,0.680511892901687,0.002642,9.1331,1736,0.00450268263968803,TRUE,""
ENSG00000118432,CNR1,fbg,-0.0102619983354212,0.81444634003896,0.0006941,40.8517,1995,0.0083563927606356,TRUE,""
ENSG00000118503,TNFAIP3,fbg,0.0486653038937514,0.552679335565412,0.000343,6.9494,2115,0.00716615493677059,TRUE,""
ENSG00000118507,AKAP7,fbg,0.0113213063704664,0.377585975474249,0.002112,46.8263,2311,0.00598304178363358,TRUE,""
ENSG00000118515,SGK1,fbg,-0.0218040757464508,0.729227098416628,0.007854,32.8474,2074,0.0161495227903533,TRUE,""
ENSG00000118518,RNF146,fbg,0.0461271479913164,0.235030456586428,0.0009074,14.4122,1473,0.00777710603722336,TRUE,""
ENSG00000118520,ARG1,fbg,0.0190490507002697,0.560689155852094,0.002112,67.6381,2214,0.0262007135086316,TRUE,""
ENSG00000118523,CTGF,fbg,-0.0137962960872049,0.539940330191881,0.002112,24.4309,2257,0.00457219638905976,TRUE,""
ENSG00000118690,ARMC2,fbg,-0.0274106572533044,0.461218374590665,0.002094,18.1212,1592,0.00771411608129208,TRUE,""
ENSG00000119899,SLC17A5,fbg,0.0743484884520899,0.317310507862914,0.001248,13.2793,1909,0.0111762137595277,TRUE,""
ENSG00000120254,MTHFD1L,fbg,0.0253655053524758,0.650814055517744,0.0001793,18.176,2636,0.0118237487742115,TRUE,""
ENSG00000120265,PCMT1,fbg,-0.0182080305853997,0.317310507862914,0.001259,31.2829,2478,0.0062252643350057,TRUE,""
ENSG00000120437,ACAT2,fbg,0.0180816022636444,0.349538991650093,0.003543,28.1902,2372,0.00569150704000749,TRUE,""
ENSG00000120438,TCP1,fbg,0.00323502016428415,0.7924288824046,0.003543,66.3865,2376,0.00475402167410518,TRUE,""
ENSG00000120440,TTLL2,fbg,-0.0021093544225419,0.96989829292834,0.0007851,16.5613,2300,0.00625011142932006,TRUE,""
ENSG00000124490,CRISP2,fbg,0.0595740861040034,0.106765534268082,0.007131,14.7436,1809,0.0147010485022511,TRUE,""
ENSG00000124491,F13A1,fbg,0.0184504457130144,0.227862855875692,1.012e-05,42.0938,2772,0.00691347487599642,TRUE,""
ENSG00000124507,PACSIN1,fbg,0.0528249013712242,0.363302140886898,0.001004,10.0953,1776,0.0059271964914307,TRUE,""
ENSG00000124508,BTN2A2,fbg,-0.0138866051028295,0.465555404903429,0.0002114,34.4205,2042,0.00559227184942396,TRUE,""
ENSG00000124532,MRS2,fbg,0.0156946718730319,0.436700030722758,4.732e-05,31.756,2907,0.00463750787553139,TRUE,""
ENSG00000124535,WRNIP1,fbg,0.0372100823381805,0.480261302753423,0.0005453,13.24,2256,0.0051535643955286,TRUE,""
ENSG00000124549,BTN2A3P,fbg,-0.0341493960073134,0.559668927199412,0.0002114,9.8564,1973,0.00487978444131275,TRUE,""
ENSG00000124562,SNRPC,fbg,0.0162474435298064,0.399729035501384,0.0004404,34.6124,1568,0.00641191581118021,TRUE,""
ENSG00000124564,SLC17A3,fbg,0.0373340937142409,0.0172024012904578,0.000999,37.5397,2410,0.0652020869726263,TRUE,""
ENSG00000124602,UNC5CL,fbg,0.0698912216161672,0.266520525805011,0.001061,12.6334,2308,0.00940952364569638,TRUE,""
ENSG00000124608,AARS2,fbg,-0.00173507333146764,0.979543663087131,0.0001759,10.239,1829,0.00449921555580045,TRUE,""
ENSG00000124613,ZNF391,fbg,0.0218341512945243,0.219232533281333,0.0002114,31.9958,1716,0.00854114212092254,TRUE,""
ENSG00000124614,RPS10,fbg,-0.00536441830466492,0.841480581121794,0.0001221,16.43,1727,0.00652608374418383,TRUE,""
ENSG00000124615,MOCS1,fbg,0.231381195802054,0.0864762654936656,1.947e-06,16.3468,2751,0.032947319054584,TRUE,""
ENSG00000124657,OR2B6,fbg,0.0755436965735908,0.665134047911044,0.0002114,6.2733,1421,0.00851591400242336,TRUE,""
ENSG00000124688,MAD2L1BP,fbg,-0.00204389396247503,0.855725415320072,0.0001759,54.9342,1492,0.00441429382281875,TRUE,""
ENSG00000124693,HIST1H3B,fbg,0.0485190084551088,0.163335906964225,0.0003799,16.3461,2199,0.0107330346695569,TRUE,""
ENSG00000124701,APOBEC2,fbg,0.0746268205100767,0.257811495146285,0.001061,10.2541,2296,0.0077075715122157,TRUE,""
ENSG00000124721,DNAH8,fbg,0.0190139453402481,0.518822668670191,1.947e-06,18.7231,2312,0.00222010203913488,TRUE,""
ENSG00000124731,TREM1,fbg,-0.0208006787910812,0.150575972824847,0.001061,68.2741,2243,0.0287736162012672,TRUE,""
ENSG00000124767,GLO1,fbg,0.0105573548199913,0.419982497240339,1.947e-06,42.1056,2268,0.00242290687687634,TRUE,""
ENSG00000124772,CPNE5,fbg,0.0198048288589483,0.51108906411744,0.0007371,20.6714,1982,0.00512776838846925,TRUE,""
ENSG00000124782,RREB1,fbg,0.0369165008324041,0.172682041418748,4.332e-06,19.7292,2648,0.00716274819357588,TRUE,""
ENSG00000124784,RIOK1,fbg,0.013856018878532,0.458126425559177,4.332e-06,29.1954,2584,0.00355503760424361,TRUE,""
ENSG00000124786,SLC35B3,fbg,-0.0492560387171796,0.0256964190872529,0.001112,31.3812,2540,0.0533151142055804,TRUE,""
ENSG00000124789,NUP153,fbg,0.0771602404112406,0.241426553382044,8.587e-05,8.6488,2006,0.00784856534912878,TRUE,""
ENSG00000124802,EEF1E1,fbg,-0.00268791060880091,0.977206399475098,4.332e-06,6.0443,2489,0.00305912704783407,TRUE,""
ENSG00000124813,RUNX2,fbg,0.0185494311467625,0.197233459347633,0.00378,57.4639,2206,0.0504922250403761,TRUE,""
ENSG00000130023,C6orf70,fbg,-0.0264113193319949,0.509253829342672,0.003747,10.0121,2182,0.00734351028117593,TRUE,""
ENSG00000130338,TULP4,fbg,-0.00465516849830703,0.952155634691786,0.001914,22.7448,2146,0.0116635621430526,TRUE,""
ENSG00000130347,RTN4IP1,fbg,-0.000443933219060975,0.97783938988704,0.0106,26.9022,2132,0.0043144334123814,TRUE,""
ENSG00000130348,QRSL1,fbg,-0.00363719449330983,0.722710426810277,0.0106,55.2144,2169,0.0040437506711162,TRUE,""
ENSG00000131018,SYNE1,fbg,-0.00539388491025343,0.94800091434817,2.841e-06,9.9001,2530,0.00169299208432469,TRUE,""
ENSG00000132423,COQ3,fbg,-0.141846297811602,0.427398753621591,7.4e-05,6.263,2070,0.0103279186323952,TRUE,""
ENSG00000135299,ANKRD6,fbg,-0.065082161548769,0.126567721473707,0.0002194,14.9914,1899,0.0133519876088178,TRUE,""
ENSG00000135341,MAP3K7,fbg,0.0331656395201635,0.289680155734686,0.0006792,19.2858,2244,0.00671173744780406,TRUE,""
ENSG00000135540,NHSL1,fbg,0.0212540530004809,0.317310507862914,0.001017,16.6867,1974,0.00665030977861423,TRUE,""
ENSG00000135549,PKIB,fbg,0.00598876769083836,0.7924288824046,0.004213,27.2381,1933,0.00494172061829199,TRUE,""
ENSG00000135596,MICAL1,fbg,0.0196914914557861,0.23820423879927,0.02071,43.7201,1782,0.0211695094094022,TRUE,""
ENSG00000135604,STX11,fbg,-0.0033562183419757,0.971510179466646,0.0008083,15.7424,2071,0.00998461441039108,TRUE,""
ENSG00000137161,CNPY3,fbg,-0.0172651867899638,0.617075077451974,0.0001759,16.4074,1313,0.0041387223589543,TRUE,""
ENSG00000137166,FOXP4,fbg,0.0143707084001044,0.817494086363381,0.000406,11.1475,1987,0.00475759585815787,TRUE,""
ENSG00000137168,PPIL1,fbg,-0.0289879990743349,0.333173268958951,0.0007371,18.3591,1985,0.00577332627122495,TRUE,""
ENSG00000137177,KIF13A,fbg,-0.0536638759788935,0.154961749568421,8.587e-05,21.0994,1992,0.0140233050897826,TRUE,""
ENSG00000137185,ZSCAN9,fbg,-0.0199359184806475,0.104162558830439,0.00118,59.0829,1275,0.0141848243290196,TRUE,""
ENSG00000137198,GMPR,fbg,0.114289065153588,0.291171315245308,0.0004179,8.8193,2230,0.0108207624089965,TRUE,""
ENSG00000137218,FRS3,fbg,-0.0610491173380047,0.039511146777562,0.000406,20.3824,1802,0.0320381456979349,TRUE,""
ENSG00000137221,TJAP1,fbg,0.180378981681531,0.440805726712719,0.0001759,6.6825,1334,0.0143908165769807,TRUE,""
ENSG00000137225,CAPN11,fbg,-0.028338449730929,0.203988374325891,0.0001759,28.2032,1777,0.00955799667452002,TRUE,""
ENSG00000137261,KIAA0319,fbg,-0.0148317213777149,0.332197561388374,4.732e-05,39.0285,2796,0.00505239280445339,TRUE,""
ENSG00000137265,IRF4,fbg,-0.0763099339438747,0.594304481471203,0.0008315,11.2896,1701,0.0122142881187232,TRUE,""
ENSG00000137266,SLC22A23,fbg,-0.0468336011801338,0.00243543507764288,0.0009779,36.7904,2557,0.269318256997507,TRUE,""
ENSG00000137269,LRRC1,fbg,0.0206363005890603,0.221623602459393,0.01321,38.1865,2527,0.00908146087644726,TRUE,""
ENSG00000137270,GCM1,fbg,0.0116065979813088,0.641848188772074,0.009144,30.3075,2392,0.00575944223853359,TRUE,""
ENSG00000137275,RIPK1,fbg,0.074547440383437,0.444446702634924,0.0009779,30.7735,2335,0.0248570151754618,TRUE,""
ENSG00000137288,MNF1,fbg,-0.0054054118310113,0.802587348634153,0.0001221,15.1405,1490,0.00428375306663227,TRUE,""
ENSG00000137338,PGBD1,fbg,0.0220616877368179,0.536808016981021,0.00628,16.9434,1219,0.00514869294749843,TRUE,""
ENSG00000137364,TPMT,fbg,-0.00641967437799603,0.772993467640966,8.587e-05,52.7545,2067,0.0048667040599332,TRUE,""
ENSG00000137393,RNF144B,fbg,-0.00370411637179951,0.802587348634153,8.587e-05,38.3161,2227,0.00415592090826424,TRUE,""
ENSG00000145945,FAM50B,fbg,-0.00150154776346704,0.95309266714744,0.0009779,35.443,2529,0.00593560135016454,TRUE,""
ENSG00000145949,MYLK4,fbg,-0.00294292639865445,0.834212236432498,0.0005453,29.3139,2282,0.00507828400737082,TRUE,""
ENSG00000145979,TBC1D7,fbg,0.0082017022755669,0.522895216724075,0.0006067,47.7586,2004,0.0363416026958551,TRUE,""
ENSG00000145990,GFOD1,fbg,0.0527348791574901,0.383771766671716,6.176e-05,8.3518,2001,0.0065749936828966,TRUE,""
ENSG00000146070,PLA2G7,fbg,0.0350742282059997,0.330566734834094,0.003084,19.3115,2196,0.0139697163418654,TRUE,""
ENSG00000146072,TNFRSF21,fbg,0.0103210696293352,0.937484918701927,0.0008956,6.8626,2163,0.00605660056846265,TRUE,""
ENSG00000146085,MUT,fbg,0.000406534057922307,0.950164661941506,0.007131,80.5441,1984,0.00389441192107712,TRUE,""
ENSG00000146166,LGSN,fbg,0.0271963235478407,0.00986158866513665,0.001642,52.1115,1633,0.0940952412299693,TRUE,""
ENSG00000146197,SCUBE3,fbg,-0.0788322578165118,0.504985075093846,0.0004404,4.928,1323,0.0138863194886297,TRUE,""
ENSG00000146215,CRIP3,fbg,0.0318357189335631,0.196938679952046,0.0001759,21.9613,1281,0.00850083117029682,TRUE,""
ENSG00000146221,TCTE1,fbg,0.0375385268891049,0.636768179585685,0.0001759,7.7917,1822,0.0047011170016525,TRUE,""
ENSG00000146223,RPL7L1,fbg,-0.00704460456322414,0.693037110067263,0.0001759,20.4101,1291,0.00500835930287425,TRUE,""
ENSG00000146243,IRAK1BP1,fbg,-0.00338230598380026,0.886403006367064,0.002846,33.6231,2131,0.00599139987249852,TRUE,""
ENSG00000146247,PHIP,fbg,0.00337550910269987,0.846529514964004,0.002846,31.5822,2167,0.00378761318733995,TRUE,""
ENSG00000146250,PRSS35,fbg,-0.0117292004375387,0.87583596638341,0.005274,7.5879,1739,0.00496796715428043,TRUE,""
ENSG00000146263,MMS22L,fbg,0.00613100419686808,0.863886790544927,0.00163,14.2195,1868,0.00434585870821949,TRUE,""
ENSG00000146285,SCML4,fbg,-0.0231964407788596,0.254480127188928,0.002094,37.4734,1644,0.0098071875394862,TRUE,""
ENSG00000146373,RNF217,fbg,-0.0457402064269112,0.228378824513482,0.0004373,20.4854,2061,0.0108007647758319,TRUE,""
ENSG00000146376,ARHGAP18,fbg,-0.0169681792678243,0.753304047285912,0.0002292,11.5387,2497,0.00542172164949489,TRUE,""
ENSG00000146409,SLC18B1,fbg,0.00708362778345376,0.564431895351643,0.0009308,77.2651,2285,0.00742621301603151,TRUE,""
ENSG00000146414,SHPRH,fbg,0.0451774593419545,0.113959193634688,0.006627,17.6542,1971,0.01297651298205,TRUE,""
ENSG00000146425,DYNLT1,fbg,0.0616695765148024,0.0163950718491923,0.001914,22.17,2494,0.0683251390873269,TRUE,""
ENSG00000146457,WTAP,fbg,-0.056113011775696,0.359317338329571,0.003543,32.7422,2373,0.0208435988627208,TRUE,""
ENSG00000146476,C6orf211,fbg,0.074543695908036,0.189921689195556,0.0001793,23.0839,2501,0.0186100667473957,TRUE,""
ENSG00000151914,DST,fbg,-0.0782066624697405,0.0897023897414645,0.002403,12.5264,1661,0.0170053077375349,TRUE,""
ENSG00000153157,SYCP2L,fbg,0.0210953326458637,0.182422439451736,0.001531,78.8915,2374,0.00475405266132462,TRUE,""
ENSG00000153162,BMP6,fbg,-0.0210634376579074,0.561479628322256,4.332e-06,15.1826,2615,0.0031054224573047,TRUE,""
ENSG00000154269,ENPP3,fbg,0.0413591747288747,0.344426866305938,0.002112,22.1231,2259,0.00946286676024303,TRUE,""
ENSG00000155085,AKD1,fbg,0.0199464239021655,0.221623602459393,0.0029,35.9827,1866,0.00904262748403404,TRUE,""
ENSG00000155111,CDK19,fbg,0.0183962376579629,0.587228165762067,0.0007885,18.3508,1674,0.00490987015350873,TRUE,""
ENSG00000155130,MARCKS,fbg,0.00990372007531382,0.693625785030416,0.001249,15.6738,1847,0.0042397272401858,TRUE,""
ENSG00000155906,RMND1,fbg,-0.0173982759425995,0.288008758003942,0.0001793,31.8777,2544,0.00608186392346371,TRUE,""
ENSG00000156564,LRFN2,fbg,-0.0279868616290198,0.303286223069842,0.001061,20.3527,2537,0.00674000413095165,TRUE,""
ENSG00000156639,ZFAND3,fbg,0.0919571281404634,0.00825375084789663,0.0003175,26.442,2073,0.163124932823498,TRUE,""
ENSG00000156711,MAPK13,fbg,0.0265193370165746,0.467058901715173,0.0004404,16.109,1729,0.00523180744226406,TRUE,""
ENSG00000157343,ARMC12,fbg,-0.116461674330139,0.0726741286768932,0.0004404,9.6336,1562,0.0228243161264544,TRUE,""
ENSG00000157593,SLC35B2,fbg,-0.0427388844657748,0.365115640660603,0.0001759,19.8871,1820,0.00928551599488979,TRUE,""
ENSG00000158373,HIST1H2BD,fbg,0.00656319999016749,0.275312886521963,0.0003516,97.6353,2060,0.0070156344264245,TRUE,""
ENSG00000161912,ADCY10P1,fbg,0.0128843262593034,0.266520525805011,0.001061,66.2021,2299,0.00960879134567335,TRUE,""
ENSG00000164379,FOXQ1,fbg,0.120259608546374,0.00520415419970022,0.0005453,27.466,2560,0.273464941192303,TRUE,""
ENSG00000164414,SLC35A1,fbg,-0.00309054124967474,0.897332123936804,0.0007523,21.9649,1978,0.00566242311939149,TRUE,""
ENSG00000164442,CITED2,fbg,0.0570202248561862,0.104162558830439,0.004443,16.0079,1792,0.014440692014543,TRUE,""
ENSG00000164458,T,fbg,0.0154719319288113,0.832012471360641,0.001683,7.8718,2931,0.0107378207426845,TRUE,""
ENSG00000164483,SAMD3,fbg,0.0138501747179833,0.389176850174411,0.0002292,62.8172,2564,0.00802352240201391,TRUE,""
ENSG00000164494,PDSS2,fbg,0.021434238114127,0.302867777010297,0.0106,28.2352,1984,0.00644738996111115,TRUE,""
ENSG00000164626,KCNK5,fbg,-0.00292975913390882,0.975070165131246,1.947e-06,6.0633,2450,0.00275430975818808,TRUE,""
ENSG00000164663,USP49,fbg,-0.00470337317879029,0.886403006367064,0.000406,15.2341,1722,0.00514824296155365,TRUE,""
ENSG00000164691,TAGAP,fbg,-0.0646394877457701,0.131633295181901,0.001914,26.9866,2274,0.0232034060726987,TRUE,""
ENSG00000168405,CMAHP,fbg,-0.000413317962094549,0.958025455470674,4.732e-05,76.481,2603,0.00370685500676118,TRUE,""
ENSG00000168477,TNXB,fbg,-0.00189719074883737,0.851268623688206,0.0009282,23.9271,753,0.00391086196309515,TRUE,""
ENSG00000168566,SNRNP48,fbg,0.000786732246132588,0.968718427417968,4.332e-06,43.1638,2677,0.00443561084669852,TRUE,""
ENSG00000168994,PXDC1,fbg,-0.0240409459621459,0.57377540363273,0.0009779,11.9221,2614,0.00436561364264278,TRUE,""
ENSG00000169976,SF3B5,fbg,0.0601009382996872,0.235030456586428,0.0008083,11.2544,2051,0.00771465727883796,TRUE,""
ENSG00000170734,POLH,fbg,0.136476838588329,0.471524995558502,0.0001759,8.4762,1421,0.0145675795575667,TRUE,""
ENSG00000170899,GSTA4,fbg,0.00988310790777512,0.674956824198369,0.009144,23.271,2377,0.00410305315401366,TRUE,""
ENSG00000171217,CLDN20,fbg,-0.0215308609932042,0.775096962195985,0.001801,8.94,2229,0.00434088906059663,TRUE,""
ENSG00000171611,PTCRA,fbg,-0.0513893051632301,0.493842236243828,0.0001759,8.9753,1309,0.00532031352052135,TRUE,""
ENSG00000172197,MBOAT1,fbg,0.00349624377914787,0.892505031135259,3.27e-06,25.2769,2458,0.00127219337734224,TRUE,""
ENSG00000172594,SMPDL3A,fbg,0.00625609550451484,0.673716649749524,0.004213,45.4927,2083,0.00510634161800117,TRUE,""
ENSG00000172673,THEMIS,fbg,0.0542681484318592,0.317310507862914,0.0009074,13.1942,1727,0.00891755717740621,TRUE,""
ENSG00000173214,KIAA1919,fbg,-0.00884694855494265,0.746294336814333,0.0007885,21.9974,1851,0.00427035191717943,TRUE,""
ENSG00000175003,SLC22A1,fbg,-0.0174657473329437,0.47015786285767,0.004257,26.444,2399,0.00555843934504579,TRUE,""
ENSG00000178425,NT5DC1,fbg,-0.0597401329723309,0.0220026237732584,0.001034,21.1416,1881,0.0464164138058198,TRUE,""
ENSG00000180316,PNPLA1,fbg,-0.03031155600308,0.485821758188089,0.0004404,13.5064,1728,0.00497510997303541,TRUE,""
ENSG00000180537,RNF182,fbg,-0.0181439773144417,0.0699089739364695,6.176e-05,100.4112,2067,0.00406863476850679,TRUE,""
ENSG00000180992,MRPL14,fbg,0.00723176064669502,0.605764292132078,0.0001759,39.3775,1771,0.00424797679874646,TRUE,""
ENSG00000181315,ZNF322,fbg,-0.00230223763824789,0.821351959007176,0.0002114,22.5409,1836,0.00379431103201648,TRUE,""
ENSG00000182747,SLC35D3,fbg,0.0222640007847677,0.25707429868483,0.0001093,36.2357,1855,0.0100468069495406,TRUE,""
ENSG00000183137,CEP57L1,fbg,-0.177536881892887,0.0746500233345592,0.02071,7.5341,1610,0.0233049132199852,TRUE,""
ENSG00000184465,WDR27,fbg,0.228190335139996,0.00739369604991586,0.003747,11.6634,2528,0.190747089106178,TRUE,""
ENSG00000185068,GTF2H5,fbg,-0.0329859080403656,0.0565235990622597,0.001914,46.5289,1787,0.0378690292901278,TRUE,""
ENSG00000185250,PPIL6,fbg,-0.118298527583099,0.185659381979118,0.02071,6.0107,1732,0.010126356537781,TRUE,""
ENSG00000186340,THBS2,fbg,-0.00604181148491749,0.900523550339774,0.003747,16.044,2584,0.00572696579362275,TRUE,""
ENSG00000187626,ZKSCAN4,fbg,0.0340979838130358,0.307123411639191,0.00628,25.0572,1253,0.00998984713171661,TRUE,""
ENSG00000187837,HIST1H1C,fbg,-0.0496985481787245,0.0915072499234822,0.0003799,19.3403,2181,0.0156768142099422,TRUE,""
ENSG00000188428,BLOC1S5,fbg,0.00650705244426696,0.778518657215875,4.332e-06,22.116,2458,0.00288609574191178,TRUE,""
ENSG00000189298,ZKSCAN3,fbg,0.0257925298507634,0.267815129705963,0.00628,25.9301,1133,0.0083041866171686,TRUE,""
ENSG00000196331,HIST1H2BO,fbg,-0.165748987854251,0.0552802925860208,0.0002114,7.41,1434,0.0247826585808977,TRUE,""
ENSG00000196569,LAMA2,fbg,0.00718670045521511,0.879569359634668,0.0002292,12.3834,2185,0.00383736655697347,TRUE,""
ENSG00000196591,HDAC2,fbg,0.0223781798282842,0.832012471360641,0.001249,5.0628,1842,0.0141354344765407,TRUE,""
ENSG00000196812,ZSCAN16,fbg,0.0421444895102016,0.347846015098735,0.0002114,19.4284,1345,0.00890687511587061,TRUE,""
ENSG00000196911,KPNA5,fbg,-0.0543360264948985,0.590258451314772,0.001034,13.7334,1997,0.0106502685739144,TRUE,""
ENSG00000197081,IGF2R,fbg,0.105904661090586,0.0764894608968983,0.004257,10.4016,2402,0.0213908579439393,TRUE,""
ENSG00000197442,MAP3K5,fbg,-0.0215619793855163,0.462922803693457,0.0003188,41.408,1868,0.00466248422128079,TRUE,""
ENSG00000197903,HIST1H2BK,fbg,0.00613863119666169,0.693625785030416,0.0002114,41.0324,1677,0.00606668219609502,TRUE,""
ENSG00000198315,ZKSCAN8,fbg,-0.0389265496964483,0.567709166197353,0.0002114,5.6065,1328,0.00724814241175955,TRUE,""
ENSG00000198478,SH3BGRL2,fbg,0.00192204557479601,0.922905718287002,0.002846,27.7829,2100,0.00376009756908845,TRUE,""
ENSG00000198518,HIST1H4E,fbg,0.0462244551852794,0.113959193634688,0.0002114,18.8688,2063,0.0160881188781254,TRUE,""
ENSG00000198721,ECI2,fbg,0.0207605709750283,0.272740113942454,6.972e-05,26.0804,2676,0.0062980514500425,TRUE,""
ENSG00000198818,SFT2D1,fbg,-0.00428125101879231,0.710318348253685,0.001683,36.2642,2924,0.00437584863144545,TRUE,""
ENSG00000198833,UBE2J1,fbg,-0.00355206155351308,0.960122388323255,0.0002194,23.8356,1799,0.0116652373545081,TRUE,""
ENSG00000198945,L3MBTL3,fbg,0.00198292592687954,0.797068494359122,0.0002292,94.6341,2577,0.00608378987740984,TRUE,""
ENSG00000200534,SNORA33,fbg,-0.0329680388090139,0.159900760298068,0.0009308,25.606,2289,0.0108649312143584,TRUE,""
ENSG00000203734,ECT2L,fbg,0.0452300209290335,0.364803543676989,0.001017,10.0379,1890,0.00602763458555728,TRUE,""
ENSG00000203778,FAM229B,fbg,-0.0683372856441361,0.475050524053953,0.001049,5.8636,1887,0.00489089905430404,TRUE,""
ENSG00000203799,CCDC162P,fbg,-0.0602760087023503,0.227862855875692,0.02071,10.7287,1655,0.00852556367385189,TRUE,""
ENSG00000203801,LINC00222,fbg,-0.0648616031571222,0.0253980459995365,0.01361,7.4853,1623,0.0456525595812342,TRUE,""
ENSG00000203813,HIST1H3H,fbg,0.168176309897919,0.38543565018451,0.0002114,4.8687,1441,0.0083201318098398,TRUE,""
ENSG00000203872,C6orf163,fbg,-0.0134296290515462,0.6467129796159,0.0007523,25.2735,1940,0.00639843037499188,TRUE,""
ENSG00000203875,SNHG5,fbg,0.0203446375422509,0.0652195825478357,0.002418,56.1955,2021,0.0564243344891052,TRUE,""
ENSG00000204257,HLA-DMA,fbg,-0.00589735538655477,0.882225851923449,0.0001221,15.2555,1129,0.00632475609792965,TRUE,""
ENSG00000204261,XXbac-BPG246D15.8,fbg,-0.00404903370212583,0.698684565645401,0.0001221,20.5436,976,0.00625401662252604,TRUE,""
ENSG00000204267,TAP2,fbg,0.0126228205294651,0.341293335185355,0.0001221,35.3627,962,0.0113633466914337,TRUE,""
ENSG00000204348,DOM3Z,fbg,-0.196587666289877,0.295812938228253,0.0009282,10.7808,692,0.0395622583882903,TRUE,""
ENSG00000204356,NELFE,fbg,-0.012890280505708,0.675814188135396,0.0009282,15.5264,686,0.00694381577785043,TRUE,""
ENSG00000204410,MSH5,fbg,-0.00657330708985955,0.870309549046334,0.0009282,9.2078,496,0.00597327142289884,TRUE,""
ENSG00000204421,LY6G6C,fbg,0.0467409797593593,0.494653079736033,0.0009282,6.1179,498,0.00624863557048463,TRUE,""
ENSG00000204475,NCR3,fbg,0.000769828800058477,0.973408772365816,0.0009282,30.2595,468,0.00722626803143636,TRUE,""
ENSG00000204482,LST1,fbg,-0.00815250636721317,0.874539745432806,0.0009282,21.4294,468,0.0114802906918115,TRUE,""
ENSG00000204789,ZNF204P,fbg,-0.0179801177763811,0.635725114509718,0.0002114,22.9847,1705,0.00731071843340723,TRUE,""
ENSG00000205269,TMEM170B,fbg,0.0306495539703304,0.0918508439618684,0.0006067,27.8997,2435,0.0148142105493168,TRUE,""
ENSG00000212242,RNA5SP219,fbg,-0.00124089199975491,0.950164661941506,0.000343,9.9759,1698,0.0038263002744841,TRUE,""
ENSG00000213071,LPAL2,fbg,0.201230322358013,0.0955807045456294,0.004257,4.862,2215,0.0127729281278841,TRUE,""
ENSG00000213073,RP11-288H12.3,fbg,-0.00968419189312569,0.50036659904388,0.004257,23.7421,2400,0.00698826326781307,TRUE,""
ENSG00000213079,SCAF8,fbg,-0.00607815252640598,0.846529514964004,0.001688,15.7739,2236,0.00373912076445796,TRUE,""
ENSG00000214975,PPIAP29,fbg,-0.0269360920727758,0.557232907570128,4.732e-05,14.9941,2716,0.00525842392239065,TRUE,""
ENSG00000216775,RP1-152L7.5,fbg,0.0167031636654561,0.301951240552087,0.009144,25.0502,2333,0.00633741704606956,TRUE,""
ENSG00000217083,RP1-245M18.2,fbg,0.00334110129260809,0.859924253238214,4.732e-05,11.5924,2719,0.003386494267643,TRUE,""
ENSG00000217165,ANKRD18EP,fbg,-0.0293186917510604,0.0159413125148013,1.947e-06,21.8771,2444,0.0402056301688152,TRUE,""
ENSG00000217648,RP1-95L4.4,fbg,-0.0404308440059699,0.483927304446146,0.002826,5.7023,1954,0.00758221735020597,TRUE,""
ENSG00000218713,RP1-34L19.1,fbg,-0.00151574654679828,0.867632334778193,0.009144,34.2525,2375,0.00538056153138235,TRUE,""
ENSG00000219607,PPP1R3G,fbg,0.0136887373781288,0.668235141795249,2.203e-05,24.8227,2773,0.00588263398637035,TRUE,""
ENSG00000219755,RP1-199J3.5,fbg,0.0191642132079956,0.148613996455212,0.0003655,17.8734,2026,0.0115130478277205,TRUE,""
ENSG00000219891,ZSCAN12P1,fbg,0.0117055144633886,0.354965907446465,0.0002114,22.2187,1308,0.0108308273409017,TRUE,""
ENSG00000220267,ACTBP8,fbg,-0.00530762312342574,0.232654673754248,0.0006941,81.6283,2036,0.00686777191626039,TRUE,""
ENSG00000220349,RP3-431A14.4,fbg,-0.0236155740268567,0.771569465555293,0.0004404,5.5247,1972,0.00455421475285008,TRUE,""
ENSG00000220378,KRT8P42,fbg,0.0260355044174601,0.383771766671715,0.01408,6.4188,2030,0.00564979792058788,TRUE,""
ENSG00000220586,TUBBP9,fbg,-0.00447890737570855,0.649436283726755,1.947e-06,31.4896,2709,0.0029338591855371,TRUE,""
ENSG00000220614,RP11-480N24.4,fbg,0.0701720305856113,0.0421275374415384,0.0001759,5.5569,1258,0.0169686726892385,TRUE,""
ENSG00000221500,SNORD100,fbg,-0.0380259425864709,0.159900760298068,0.0009308,20.0541,2287,0.00849352606943497,TRUE,""
ENSG00000221743,Z95152.1,fbg,0.0244738184488912,0.0559063806460285,0.0004404,18.1225,1708,0.0247738611454159,TRUE,""
ENSG00000221821,C6orf226,fbg,0.0494902584052265,0.629935112172795,0.0001759,16.7269,1296,0.0138397582752284,TRUE,""
ENSG00000223865,HLA-DPB1,fbg,0.0146937470491753,0.317310507862914,0.0001221,28.2227,1198,0.0070520146563901,TRUE,""
ENSG00000225177,RP11-390P2.4,fbg,0.0144738110985266,0.372450881005206,0.001017,34.1959,1880,0.0065292061149759,TRUE,""
ENSG00000226004,RP11-10J5.1,fbg,0.0170655670919435,0.796357116257739,0.000343,6.9779,2145,0.0044947263440609,TRUE,""
ENSG00000226314,ZNF192P1,fbg,0.0176307237887495,0.453254704753736,0.0002114,21.6359,1327,0.00504004160108872,TRUE,""
ENSG00000228692,RP5-826L7.1,fbg,-0.0218377424643522,0.3967400955726,0.001282,15.655,2591,0.0106518971468913,TRUE,""
ENSG00000229036,RP1-20N2.6,fbg,-0.0350991273789249,0.156580407089635,0.002826,10.7779,1939,0.0117312399039005,TRUE,""
ENSG00000229700,RP1-130G2.1,fbg,0.0645961619720495,0.164454826104283,3.27e-06,5.8125,2363,0.00386622312013162,TRUE,""
ENSG00000232295,RP11-154D6.1,fbg,-0.00124749016992943,0.94800091434817,0.001008,16.9945,2047,0.00550572226261871,TRUE,""
ENSG00000233231,RP4-655C5.1,fbg,0.00443523084906798,0.710318348253685,0.001683,20.7134,2914,0.00444919132572353,TRUE,""
ENSG00000234147,RP3-460G2.2,fbg,0.00584192347096353,0.330940007555671,0.001624,54.671,1402,0.00561773977772069,TRUE,""
ENSG00000234263,RP3-325F22.3,fbg,0.008496166723011,0.785062868547559,0.000343,8.6045,1704,0.00390590033163851,TRUE,""
ENSG00000234426,RP11-459O1.2,fbg,-0.00865189329077056,0.232654673754248,0.0002194,77.2053,2007,0.00740854824551201,TRUE,""
ENSG00000234484,RP1-55C23.7,fbg,-0.00184464393573395,0.738882680363527,0.0009308,47.7116,2307,0.00382876699664682,TRUE,""
ENSG00000234882,EIF3EP1,fbg,0.0434446887906358,0.152323471479945,0.001248,15.2787,1989,0.0176932023394829,TRUE,""
ENSG00000235842,RP11-356I2.2,fbg,-0.000683710745628899,0.991601370249079,0.000343,19.2687,2016,0.0214915924285687,TRUE,""
ENSG00000237851,RP1-67K17.4,fbg,0.0417159363715168,0.255149281100581,0.002826,9.7926,1991,0.0131612162699112,TRUE,""
ENSG00000239650,GUSBP4,fbg,-0.00445425315203969,0.883085590508198,0.01768,8.9921,547,0.00526866279979336,TRUE,""
ENSG00000241106,HLA-DOB,fbg,-0.00995735529846625,0.304742757088453,0.0001221,44.5045,933,0.00956371793847889,TRUE,""
ENSG00000250535,STK19P,fbg,0.051919560005455,0.374062797490882,0.0009282,21.3528,746,0.0130732720609444,TRUE,""
ENSG00000260000,RP3-467N11.1,fbg,-0.0352537660183081,0.732271676747657,0.001236,5.4099,1989,0.00981576336203941,TRUE,""
ENSG00000260273,RP11-425D10.10,fbg,-0.0593250402961339,0.49813992156856,0.02071,5.1645,1699,0.00588473142102078,TRUE,""
ENSG00000261015,RP1-90J20.11,fbg,-0.0109838862448913,0.0870606034173403,0.0009779,52.2436,2316,0.00836763218444472,TRUE,""
ENSG00000261211,RP1-80N2.3,fbg,-0.0161809925293525,0.112233142968296,4.332e-06,24.7542,2659,0.0101100349034387,TRUE,""
ENSG00000261366,MANEA-AS1,fbg,0.0217173726487689,0.518822668670191,0.001589,9.5421,2202,0.00467668503603766,TRUE,""
ENSG00000263391,AL512428.1,fbg,0.0098439241909313,0.163335906964226,4.732e-05,34.6554,2764,0.00847285865173503,TRUE,""
ENSG00000266032,AL357515.1,fbg,-0.0298425551546218,0.290446394323729,0.001372,7.674,1710,0.00744327772776662,TRUE,""
ENSG00000266896,RP1-266L20.9,fbg,-0.0244016595936854,0.369486364619542,0.003747,10.6392,2174,0.0059126035497807,TRUE,""
ENSG00000268402,AL031320.1,fbg,-0.0390885579923258,0.276491247419954,0.002826,6.4589,1930,0.00747166434822047,TRUE,""
ENSG00000002745,WNT16,fbg,0.113382654001041,0.47116289431157,0.003869,7.4121,1518,0.00971754580652707,TRUE,""
ENSG00000004799,PDK4,fbg,-0.00502931030630485,0.855725415320072,0.005132,21.1956,1720,0.00410050467947022,TRUE,""
ENSG00000004864,SLC25A13,fbg,-0.00589374333465167,0.693625785030416,0.005132,39.2185,1891,0.00415969812121906,TRUE,""
ENSG00000004866,ST7,fbg,0.168365968110459,0.0427324342394775,0.002035,8.1406,1610,0.0307784838047928,TRUE,""
ENSG00000005020,SKAP2,fbg,0.00654468831390257,0.208368424819709,0.0005319,123.0209,2280,0.00469798480262949,TRUE,""
ENSG00000005249,PRKAR2B,fbg,-0.0157997514645837,0.724132540388919,1.154e-05,13.5192,1802,0.0039910716434262,TRUE,""
ENSG00000006625,GGCT,fbg,-0.00651205941622551,0.733172020793637,1.153e-05,40.648,2025,0.0047610873977333,TRUE,""
ENSG00000006715,VPS41,fbg,0.0293363525464021,0.378343594395944,0.001746,22.3331,2430,0.00732774914560476,TRUE,""
ENSG00000006747,SCIN,fbg,0.0190797541427936,0.87926680668961,0.0002925,10.9173,3189,0.0053980499628821,TRUE,""
ENSG00000008277,ADAM22,fbg,0.065000669542317,0.533795755724386,0.007847,7.6277,1684,0.00664040941306952,TRUE,""
ENSG00000008282,SYPL1,fbg,0.0178784111097552,0.766239544861786,1.154e-05,10.8944,1806,0.0129695163343777,TRUE,""
ENSG00000009954,BAZ1B,fbg,-0.0462021593779305,0.420499160931281,0.00167,7.4962,547,0.00545265389536111,TRUE,""
ENSG00000013374,NUB1,fbg,-0.0219674037083594,0.457568175062507,0.0003701,20.9248,1711,0.00535257453999461,TRUE,""
ENSG00000048405,ZNF800,fbg,-0.00900418209966218,0.747012853671547,0.00136,19.7061,2329,0.00408804622028965,TRUE,""
ENSG00000055130,CUL1,fbg,-0.0329849559680164,0.511663282695868,0.0002164,11.3106,1941,0.013988062795612,TRUE,""
ENSG00000058091,CDK14,fbg,-0.0583694922464397,0.465555404903429,1.01e-05,8.2059,2542,0.00286677495002676,TRUE,""
ENSG00000059377,TBXAS1,fbg,0.0181435951405692,0.275312886521963,0.002517,34.9783,1294,0.00706622041943199,TRUE,""
ENSG00000059378,PARP12,fbg,0.0455042313117066,0.349538991650093,0.002517,11.344,1228,0.0055969477604774,TRUE,""
ENSG00000064419,TNPO3,fbg,0.00929027404227561,0.498741913600147,0.005595,50.8573,1169,0.0059319066725452,TRUE,""
ENSG00000065883,CDK13,fbg,0.0165531023693334,0.491767700760523,3.662e-05,23.5333,1530,0.00473359232763621,TRUE,""
ENSG00000066923,STAG3,fbg,-0.0178569548898363,0.317310507862914,0.001621,52.3322,775,0.00579971688034061,TRUE,""
ENSG00000070669,ASNS,fbg,0.0061287981550915,0.824140895741885,0.002259,67.4574,1554,0.0068091126124411,TRUE,""
ENSG00000071189,SNX13,fbg,0.126281074136923,0.130991357527418,0.001128,10.4307,2341,0.0177718146887204,TRUE,""
ENSG00000071243,ING3,fbg,0.0493374913328267,0.243345009148763,0.003869,15.0739,1438,0.00788180239894631,TRUE,""
ENSG00000075142,SRI,fbg,0.00886498331590219,0.768668006560809,0.007847,20.079,1777,0.00433449323299381,TRUE,""
ENSG00000075303,SLC25A40,fbg,-0.143535448566989,0.317310507862914,0.007847,7.5716,1624,0.0193539715260338,TRUE,""
ENSG00000075618,FSCN1,fbg,-0.00351230288437783,0.927564826606211,0.002297,25.0382,1148,0.00641773015149646,TRUE,""
ENSG00000075624,ACTB,fbg,-0.0255948674890803,0.617075077451974,0.002297,5.6314,1156,0.00632357509141279,TRUE,""
ENSG00000077063,CTTNBP2,fbg,-0.0449482830892263,0.529629670287596,0.002035,8.5225,1683,0.00829775202817519,TRUE,""
ENSG00000077809,GTF2I,fbg,0.00255016261346439,0.845827892312863,0.00167,29.4309,372,0.00421561394994852,TRUE,""
ENSG00000078053,AMPH,fbg,-0.0147095759948257,0.771569465555293,0.001746,10.7678,2563,0.00482268585511138,TRUE,""
ENSG00000078319,PMS2P1,fbg,-0.0418357459281065,0.397466925422593,0.001621,12.0694,760,0.00714956027406213,TRUE,""
ENSG00000078399,HOXA9,fbg,0.00692733070880164,0.745692505957826,0.0002529,28.2567,2337,0.00459197265143986,TRUE,""
ENSG00000086288,NME8,fbg,-0.000423796223830014,0.974266251454282,0.001746,42.3712,2502,0.00454442221641351,TRUE,""
ENSG00000086289,EPDR1,fbg,-0.0220353878958252,0.048674875673469,0.001746,53.7842,2534,0.0185648629030704,TRUE,""
ENSG00000090263,MRPS33,fbg,-0.0482171524632416,0.199485465867176,0.0004369,25.1031,1362,0.014803470294094,TRUE,""
ENSG00000091129,NRCAM,fbg,0.0150884850537413,0.797068494359122,0.0009456,10.5621,1925,0.00456977393918064,TRUE,""
ENSG00000091140,DLD,fbg,-0.0128092745127177,0.877731041501716,1.154e-05,11.0589,1815,0.00590113636349815,TRUE,""
ENSG00000105793,GTPBP10,fbg,0.0324881023446913,0.168086495435629,1.01e-05,27.8458,2689,0.00607425680431557,TRUE,""
ENSG00000105808,RASA4,fbg,-0.0127022782242666,0.585440934568927,0.0004295,20.2583,944,0.00609110540417573,TRUE,""
ENSG00000105810,CDK6,fbg,-0.210885097696121,0.220042508648351,0.001182,5.4864,1145,0.0111929553583201,TRUE,""
ENSG00000105821,DNAJC2,fbg,-0.00345060066481254,0.954431397113681,0.0004295,10.281,1517,0.00419511785092856,TRUE,""
ENSG00000105835,NAMPT,fbg,-0.0014618748825253,0.974266251454282,1.154e-05,10.8342,1841,0.00345622360734729,TRUE,""
ENSG00000105849,TWISTNB,fbg,-0.118412299504768,0.126437601681579,0.0003703,12.1761,2735,0.0133570120150039,TRUE,""
ENSG00000105854,PON2,fbg,0.0164472055732793,0.297155277950559,0.005132,53.769,1690,0.0104620081294516,TRUE,""
ENSG00000105875,WDR91,fbg,-0.0438021042775774,0.214080075786953,0.002987,16.6613,2347,0.00848086893714765,TRUE,""
ENSG00000105879,CBLL1,fbg,-0.0545509141061267,0.0826887231350612,1.154e-05,19.1857,1874,0.0172623502016245,TRUE,""
ENSG00000105889,STEAP1B,fbg,0.0471636995307852,0.179561867612366,0.0006799,9.63,2431,0.010917641451503,TRUE,""
ENSG00000105928,DFNA5,fbg,-0.0144362243798836,0.317310507862914,4.61e-06,66.1537,2761,0.00242274802470167,TRUE,""
ENSG00000105939,ZC3HAV1,fbg,-0.137058666696772,0.0100020745224961,0.001846,20.6125,1463,0.173565428887844,TRUE,""
ENSG00000105953,OGDH,fbg,-0.0221693282776563,0.57377540363273,3.509e-53,14.4524,1480,5.28628616410464e-43,TRUE,""
ENSG00000105967,TFEC,fbg,-0.0487769447459868,0.397466925422593,0.004791,12.0207,1428,0.00698633545309476,TRUE,""
ENSG00000105968,H2AFV,fbg,-0.0891085766877661,0.233859282692745,3.509e-53,9.9875,1425,1.10064682516802e-19,TRUE,""
ENSG00000105974,CAV1,fbg,-0.0460242552604899,0.574814164356031,0.004791,8.8483,1495,0.00587890074365142,TRUE,""
ENSG00000105982,RNF32,fbg,0.00515320686236523,0.924125711867492,9.34e-05,13.7699,1963,0.00520622066390044,TRUE,""
ENSG00000105983,LMBR1,fbg,-0.0300675209118293,0.554073821889387,9.34e-05,39.8479,1967,0.00562051666151703,TRUE,""
ENSG00000105991,HOXA1,fbg,0.0203505253578037,0.401632246433539,0.0002529,22.6994,2320,0.0051284385103298,TRUE,""
ENSG00000105996,HOXA2,fbg,0.01700115054487,0.208368424819709,0.0002529,45.5177,2320,0.00469850559132482,TRUE,""
ENSG00000105997,HOXA3,fbg,0.0288530636052552,0.477904197979373,0.0002529,12.2883,2319,0.00475878719480415,TRUE,""
ENSG00000106004,HOXA5,fbg,0.0140813070914027,0.477904197979373,0.0002529,27.1189,2324,0.00469609871083278,TRUE,""
ENSG00000106012,IQCE,fbg,-0.0561000170494639,0.360058177326395,0.0006516,15.8978,1990,0.0104905497499085,TRUE,""
ENSG00000106034,CPED1,fbg,-0.0129900802191781,0.292509878183886,0.003869,62.743,1477,0.00399172622115927,TRUE,""
ENSG00000106049,HIBADH,fbg,0.0188856911712046,0.253097908947116,0.0002529,42.8394,2253,0.00818389772877254,TRUE,""
ENSG00000106052,TAX1BP1,fbg,-0.00495671273995406,0.922905718287002,0.0002529,10.7537,2173,0.00381573765177265,TRUE,""
ENSG00000106069,CHN2,fbg,0.01377629261773,0.41325337549364,1.153e-05,57.9862,2262,0.00406244103330626,TRUE,""
ENSG00000106078,COBL,fbg,-0.0288124082427634,0.2870949517261,2.685e-06,20.0513,2284,0.00225436384728933,TRUE,""
ENSG00000106113,CRHR2,fbg,0.00879555235854289,0.826844797716898,0.0006351,13.5749,2007,0.00393281714106275,TRUE,""
ENSG00000106153,CHCHD2,fbg,0.00130029155821447,0.802587348634153,0.0004936,118.0329,1145,0.00647724984777788,TRUE,""
ENSG00000106211,HSPB1,fbg,-0.0288669598957418,0.541126024471668,0.006194,9.1002,791,0.00515790346458141,TRUE,""
ENSG00000106245,BUD31,fbg,0.0538490966715369,0.645516220500695,0.002549,15.0057,948,0.0133180788000516,TRUE,""
ENSG00000106263,EIF3B,fbg,-0.00584324076177653,0.837471960453541,0.0006516,23.2816,1766,0.00483338319480916,TRUE,""
ENSG00000106266,SNX8,fbg,0.018376711346576,0.768668006560809,0.0006516,9.6672,1699,0.00495873992135837,TRUE,""
ENSG00000106299,WASL,fbg,0.00842474083174416,0.775096962195985,7.213e-06,21.0892,1929,0.00443056534232754,TRUE,""
ENSG00000106341,PPP1R17,fbg,0.0437029690660596,0.00427473396017256,0.0005646,44.0101,2533,0.22811940809892,TRUE,""
ENSG00000106348,IMPDH1,fbg,-0.048344582851489,0.479136355375383,0.006194,15.3664,1251,0.0101018432999164,TRUE,""
ENSG00000106355,LSM5,fbg,-0.0201303802881893,0.778518657215875,0.0005646,7.9312,2235,0.00407275454939871,TRUE,""
ENSG00000106366,SERPINE1,fbg,0.0132707438563396,0.876383359901399,0.0007455,9.3402,1090,0.00576663373980903,TRUE,""
ENSG00000106392,C1GALT1,fbg,0.0266430782452799,0.177714325380176,0.0002071,61.0746,2174,0.00440353561951731,TRUE,""
ENSG00000106397,PLOD3,fbg,0.0108042607265988,0.918308934545483,0.0007455,6.5677,1094,0.00475228127396234,TRUE,""
ENSG00000106399,RPA3,fbg,0.0224037398016001,0.65672128656377,0.0002071,12.7937,2642,0.00685404654027015,TRUE,""
ENSG00000106400,ZNHIT1,fbg,0.00228870006531475,0.918308934545483,0.0007455,20.8726,1095,0.00475337475305821,TRUE,""
ENSG00000106415,GLCCI1,fbg,0.0672304105457723,0.418616659971408,0.0002071,13.1406,3178,0.0109419340683635,TRUE,""
ENSG00000106459,NRF1,fbg,-0.0145523954149258,0.915534266607551,0.001196,8.5332,1182,0.00797762332928792,TRUE,""
ENSG00000106477,CEP41,fbg,-0.00924278013117062,0.769764521126951,0.001196,20.7226,1412,0.00509417586593761,TRUE,""
ENSG00000106524,ANKMY2,fbg,0.0579805746546454,0.391365938307552,0.0001929,16.4772,2642,0.00592469045069298,TRUE,""
ENSG00000106526,ACTR3C,fbg,0.0454852343454938,0.658038481336858,0.0002164,8.8059,1414,0.00829596905226189,TRUE,""
ENSG00000106537,TSPAN13,fbg,-0.105912779920439,0.0613495523505698,0.0001929,9.723,2758,0.0200004885772978,TRUE,""
ENSG00000106538,RARRES2,fbg,-0.0809757010784428,0.303681109722319,0.0002164,7.5989,1413,0.00742774677837651,TRUE,""
ENSG00000106546,AHR,fbg,0.0285255452213368,0.519682035331273,0.001128,28.94,2637,0.010450432757397,TRUE,""
ENSG00000106554,CHCHD3,fbg,-0.0535987913990917,0.235030456586428,0.001121,8.4659,1726,0.0120620124356174,TRUE,""
ENSG00000106608,URGCP,fbg,0.485706929928823,0.0259290520986791,3.509e-53,17.8963,1539,4.40167407239427e-47,TRUE,""
ENSG00000106615,RHEB,fbg,-0.104967352521648,0.385322146952956,0.0003701,8.988,1634,0.00731957481455094,TRUE,""
ENSG00000106624,AEBP1,fbg,0.0271216387796971,0.265156633625956,3.509e-53,22.2146,1559,1.39162632677513e-48,TRUE,""
ENSG00000106665,CLIP2,fbg,0.0452314783108637,0.562624686915214,0.00167,12.9426,461,0.00787875297665706,TRUE,""
ENSG00000106683,LIMK1,fbg,-0.023246877792637,0.0323923738782341,0.00167,47.7635,473,0.0321445896489347,TRUE,""
ENSG00000121716,PILRB,fbg,0.00527079607906928,0.385163873930437,0.001621,119.7268,763,0.00691514294959053,TRUE,""
ENSG00000122507,BBS9,fbg,0.0184519628889135,0.564779052623049,0.0005646,18.3171,1865,0.00473747140468044,TRUE,""
ENSG00000122550,KLHL7,fbg,-0.00067079123945407,0.975070165131246,4.61e-06,26.47,2113,0.00257018489962897,TRUE,""
ENSG00000122557,HERPUD2,fbg,-0.0194094341297809,0.317310507862914,0.001791,28.3585,2106,0.00580193766874395,TRUE,""
ENSG00000122565,CBX3,fbg,0.00644380127236721,0.874539745432806,0.0002377,16.5437,2451,0.0115298245944987,TRUE,""
ENSG00000122643,NT5C3,fbg,0.0121275736438577,0.585440934568927,0.0005646,14.1609,2033,0.00457276736040793,TRUE,""
ENSG00000122644,ARL4A,fbg,0.00367080319442368,0.808451451773901,0.0002925,49.6327,3256,0.018539691386187,TRUE,""
ENSG00000122674,CCZ1,fbg,0.000187367636835729,0.979543663087131,0.002297,42.7668,1071,0.00454414339064741,TRUE,""
ENSG00000122779,TRIM24,fbg,0.00486404912018682,0.710318348253685,0.001846,53.1187,1577,0.00447467079841279,TRUE,""
ENSG00000127377,CRYGN,fbg,-0.0437803275394639,0.105437017780125,0.0003701,27.0419,1671,0.019439975253271,TRUE,""
ENSG00000127399,LRRC61,fbg,0.00965402639555312,0.498741913600147,0.0002164,49.6349,1423,0.00679771467628045,TRUE,""
ENSG00000127412,TRPV5,fbg,0.00237449350483619,0.848935998880548,0.002478,31.3891,1224,0.00514660664031743,TRUE,""
ENSG00000127914,AKAP9,fbg,-0.00388149393230731,0.948559264755632,0.001182,9.1407,1174,0.00437093641745476,TRUE,""
ENSG00000127920,GNG11,fbg,-0.0109566715365905,0.88135342328068,0.01089,16.2163,1632,0.00814577090619059,TRUE,""
ENSG00000127947,PTPN12,fbg,-0.0148825681626183,0.344942578828617,0.002003,47.6728,1818,0.00452341929746323,TRUE,""
ENSG00000127952,STYXL1,fbg,-0.00393936544323429,0.662572917836399,0.006194,113.8172,611,0.00650475914383347,TRUE,""
ENSG00000127954,STEAP4,fbg,-0.00738916557027336,0.317310507862914,0.007847,98.6992,1833,0.00820820175788765,TRUE,""
ENSG00000127989,MTERF,fbg,-0.0405910529590207,0.764177155622095,0.001182,4.7693,1241,0.00598411042581981,TRUE,""
ENSG00000127990,SGCE,fbg,-0.00108839157638319,0.948559264755632,0.007796,32.7083,1725,0.00376519258036804,TRUE,""
ENSG00000128512,DOCK4,fbg,-0.0332155029727766,0.762403879061464,0.002297,6.5686,1579,0.00562526722621422,TRUE,""
ENSG00000128534,NAA38,fbg,0.00523506171067783,0.671389024011197,0.002035,47.0944,1711,0.00441002786492084,TRUE,""
ENSG00000128563,PRKRIP1,fbg,-0.0241939778687291,0.3967400955726,0.0004295,33.4277,946,0.00996437892321589,TRUE,""
ENSG00000128567,PODXL,fbg,0.0778009977033544,0.177015982874804,0.001363,12.2467,1931,0.0116160318931507,TRUE,""
ENSG00000128585,MKLN1,fbg,0.138989820574017,0.13784315525934,0.001196,5.8908,1785,0.0104088413119782,TRUE,""
ENSG00000128590,DNAJB9,fbg,0.049549260187148,0.401632246433539,0.0009456,9.3402,2015,0.007605142927285,TRUE,""
ENSG00000128596,CCDC136,fbg,0.00220470750467571,0.94800091434817,0.005595,24.2209,1185,0.00563854198015194,TRUE,""
ENSG00000128604,IRF5,fbg,0.00671068118187896,0.498741913600147,0.005595,78.2625,1185,0.00566865428359101,TRUE,""
ENSG00000130429,ARPC1B,fbg,-0.00302005317622443,0.934938834552087,0.002549,22.9024,954,0.00595312552776822,TRUE,""
ENSG00000131558,EXOC4,fbg,0.0278978379297213,0.764177155622095,0.001121,20.7606,1928,0.0137757539116761,TRUE,""
ENSG00000132434,LANCL2,fbg,-0.0244794408059814,0.467058901715173,0.0004936,17.4183,1776,0.00519296755301111,TRUE,""
ENSG00000133574,GIMAP4,fbg,0.0118841698515424,0.661748776081758,0.0009979,50.7215,1507,0.0103203365460268,TRUE,""
ENSG00000133597,ADCK2,fbg,0.0187448127224738,0.335566110230856,0.0004369,68.7429,1397,0.0146467917548579,TRUE,""
ENSG00000135164,DMTF1,fbg,0.0659088090412847,0.58395350774479,6.921e-05,6.1906,1516,0.005416222447738,TRUE,""
ENSG00000135185,TMEM243,fbg,0.00611082558926081,0.891533819083154,0.0001084,15.7224,1521,0.00532896126857155,TRUE,""
ENSG00000135211,TMEM60,fbg,-0.0105202647744871,0.401632246433539,0.002003,56.9683,2144,0.0128489894840546,TRUE,""
ENSG00000135213,POM121C,fbg,0.000577411467433337,0.954431397113681,0.006194,27.7553,493,0.00422970433320981,TRUE,""
ENSG00000135245,HILPDA,fbg,0.131897781834646,0.0180965654136911,0.006194,8.9535,1189,0.0617851300335644,TRUE,""
ENSG00000136193,SCRN1,fbg,-0.0156587143139905,0.423710797166793,1.153e-05,53.6142,2239,0.00628738179599433,TRUE,""
ENSG00000136231,IGF2BP3,fbg,0.021706529249811,0.724132540388919,4.61e-06,7.17,2248,0.00297266496066787,TRUE,""
ENSG00000136238,RAC1,fbg,-0.00693186871999332,0.831509517776774,0.002297,23.3859,1423,0.00566648318267451,TRUE,""
ENSG00000136247,ZDHHC4,fbg,0.00239060594122424,0.812779285408195,0.0002071,59.9161,1540,0.00452975436134822,TRUE,""
ENSG00000136250,AOAH,fbg,-0.00302844698516401,0.879049768694381,0.001794,78.6119,2127,0.00513286413364002,TRUE,""
ENSG00000136270,TBRG4,fbg,0.0138021327709695,0.487403529676025,3.509e-53,32.1813,1615,9.40833878501208e-49,TRUE,""
ENSG00000136274,NACAD,fbg,-0.0244737561037337,0.234365227693259,3.509e-53,16.6269,1596,2.61667879005785e-48,TRUE,""
ENSG00000136279,DBNL,fbg,0.0349698047345309,0.367371189883198,3.509e-53,32.4071,1518,2.22101674102208e-48,TRUE,""
ENSG00000136280,CCM2,fbg,0.020389461626575,0.106765534268082,3.509e-53,66.4119,1567,1.32811255404743e-48,TRUE,""
ENSG00000146574,CCZ1B,fbg,-0.000151431660996535,0.979543663087131,0.0002071,48.9828,1743,0.00449616727764089,TRUE,""
ENSG00000146592,CREB5,fbg,0.00349713370931397,0.833256914830536,0.0001579,63.6983,2287,0.00413579822362948,TRUE,""
ENSG00000146676,PURB,fbg,-0.0329269530976304,0.702199590874297,3.509e-53,7.0178,1427,3.53053908612023e-08,TRUE,""
ENSG00000146776,ATXN7L1,fbg,-0.0909744225535179,0.482599554301848,0.0002851,5.9171,1695,0.00661068499002516,TRUE,""
ENSG00000146826,C7orf43,fbg,0.027028677244932,0.21129954733371,0.001621,32.8166,779,0.010568017124321,TRUE,""
ENSG00000146830,GIGYF1,fbg,-0.0601173779311827,0.0699089739364695,0.0007455,25.7592,963,0.0291420873346566,TRUE,""
ENSG00000146834,MEPCE,fbg,-0.0199940374402767,0.37092777927468,0.001621,30.1105,791,0.00689379532997468,TRUE,""
ENSG00000146859,TMEM140,fbg,-0.00286238873319405,0.698684565645401,0.002987,83.9614,2310,0.00399548270070842,TRUE,""
ENSG00000146909,NOM1,fbg,-0.0123417529832213,0.567709166197353,9.34e-05,26.4144,1903,0.0105203257362731,TRUE,""
ENSG00000152926,ZNF117,fbg,0.0686183030144008,0.179445027269045,0.009589,22.1305,1141,0.0216543465834331,TRUE,""
ENSG00000155026,RSPH10B,fbg,-0.0428118581124598,0.429835204622545,0.002297,9.9195,1070,0.0143571241858376,TRUE,""
ENSG00000155849,ELMO1,fbg,-0.0181679259712558,0.126931238256761,0.002856,57.0053,2421,0.0171768396196199,TRUE,""
ENSG00000156928,MALSU1,fbg,-0.00439342539197089,0.897332123936804,4.61e-06,8.2776,2202,0.00256761341354145,TRUE,""
ENSG00000157212,PAXIP1,fbg,-0.177342307909346,0.112883234691289,0.001241,6.5239,2161,0.0149552186252345,TRUE,""
ENSG00000157224,CLDN12,fbg,-0.177453073877673,0.0731863770949782,1.01e-05,8.6107,2650,0.153934131440639,TRUE,""
ENSG00000157240,FZD1,fbg,-0.00474815976520813,0.764177155622095,3.175e-05,44.5987,2041,0.0039485816967149,TRUE,""
ENSG00000157764,BRAF,fbg,0.0211040470857433,0.766239544861786,0.0004369,6.2249,1391,0.00569494747606772,TRUE,""
ENSG00000157800,SLC37A3,fbg,-0.00906526305322085,0.552679335565412,0.002517,37.2831,1390,0.00455025117276087,TRUE,""
ENSG00000158321,AUTS2,fbg,-0.00851502620416928,0.70173553985783,0.0008626,37.6276,1457,0.00611359372748022,TRUE,""
ENSG00000158683,PKD1L1,fbg,-0.000755419118932586,0.974266251454282,0.0002562,23.5482,2267,0.00375163170725,TRUE,""
ENSG00000159784,FAM131B,fbg,-0.0211883393715162,0.599583190937392,0.002478,17.5821,1133,0.00559042184170716,TRUE,""
ENSG00000159860,FAM115D,fbg,0.016185874997248,0.122236355448012,0.002779,21.5001,1296,0.0131270228604255,TRUE,""
ENSG00000160917,CPSF4,fbg,-0.111033473309677,0.191325944180682,0.002549,13.534,942,0.0208361710937398,TRUE,""
ENSG00000164535,DAGLB,fbg,0.00337120627834034,0.759943064406937,0.0002071,71.7034,1472,0.00596175640102778,TRUE,""
ENSG00000164597,COG5,fbg,0.0301667519754759,0.0701701422784365,1.154e-05,117.5591,1909,0.00742004428530882,TRUE,""
ENSG00000164603,C7orf60,fbg,-0.0333365374261083,0.811807228003433,0.005244,10.5869,1761,0.0103453070322949,TRUE,""
ENSG00000164604,GPR85,fbg,0.0232494661152652,0.671389024011197,0.008234,10.3362,1686,0.00439598972272847,TRUE,""
ENSG00000164638,SLC29A4,fbg,-0.0506705657984782,0.257811495146286,0.002297,15.0536,1361,0.0084077370881429,TRUE,""
ENSG00000164654,MIOS,fbg,0.00935995107414444,0.82237620599534,0.0002071,14.0349,2480,0.00570727088503746,TRUE,""
ENSG00000164669,INTS4L1,fbg,0.0522267066572458,0.220271518788167,0.009589,10.6771,1066,0.00980496439098695,TRUE,""
ENSG00000164707,SLC13A4,fbg,-0.101813320529795,0.21129954733371,0.002987,25.8237,2035,0.0301303268737818,TRUE,""
ENSG00000164715,LMTK2,fbg,-0.00965171802614233,0.915053427839804,0.002259,29.5077,1470,0.0171451857924567,TRUE,""
ENSG00000164776,PHKG1,fbg,0.0253728112740992,0.21129954733371,0.0004936,18.8881,1170,0.0102025215128118,TRUE,""
ENSG00000164815,ORC5,fbg,0.00400097485522872,0.922905718287002,0.00251,12.228,2037,0.00560797444334229,TRUE,""
ENSG00000164828,SUN1,fbg,0.0712151387011132,0.0365362140230813,0.007487,17.2447,783,0.0328907926896678,TRUE,""
ENSG00000164877,MICALL2,fbg,0.0179743602956045,0.685652533544968,0.002134,14.5486,1036,0.00535891221987315,TRUE,""
ENSG00000164889,SLC4A2,fbg,0.00571197469211553,0.830324257655795,0.0003701,15.1023,1696,0.00498211415880919,TRUE,""
ENSG00000165131,C7orf34,fbg,0.00218833940605587,0.848935998880548,0.002478,43.6597,1242,0.0051488633063977,TRUE,""
ENSG00000169902,TPST1,fbg,0.00099192627876449,0.922905718287002,0.009589,53.8955,878,0.00385865919969343,TRUE,""
ENSG00000169919,GUSB,fbg,-0.0138139416654783,0.596519838726618,0.009589,33.0463,806,0.0160876766752679,TRUE,""
ENSG00000170092,AC018720.10,fbg,0.00158110664188582,0.845827892312863,0.006194,31.2868,476,0.00443554507582412,TRUE,""
ENSG00000170260,ZNF212,fbg,0.00448715614575135,0.778518657215875,0.0002164,35.7019,1409,0.00391796397371977,TRUE,""
ENSG00000171115,GIMAP8,fbg,0.00404350426940541,0.771569465555293,0.0009979,39.6191,1448,0.00384455242226575,TRUE,""
ENSG00000172354,GNB2,fbg,0.111717604361954,0.330566734834094,0.0007455,5.7252,956,0.00604131798183845,TRUE,""
ENSG00000173114,LRRN3,fbg,0.0274629412888211,0.744358565335066,0.001772,9.7159,1656,0.00593382762540501,TRUE,""
ENSG00000174945,AMZ1,fbg,0.0949408915767685,0.327716664719426,0.0006516,7.8852,2111,0.00890102244744969,TRUE,""
ENSG00000176125,UFSP1,fbg,0.00312515512247637,0.828819213786263,0.0007455,46.709,986,0.00376425946578263,TRUE,""
ENSG00000177590,RP5-1051J4.6,fbg,-0.0172077696371743,0.106765534268082,0.0003701,21.5529,1546,0.0130735711134216,TRUE,""
ENSG00000177683,THAP5,fbg,0.140127826618383,0.18727567478139,0.0009456,15.2336,2010,0.0237935100791157,TRUE,""
ENSG00000178381,ZFAND2A,fbg,0.0045747030855193,0.674956824198369,0.003589,101.9121,872,0.0112341116018261,TRUE,""
ENSG00000179428,AC073072.5,fbg,0.0413335175318678,0.416504786576218,0.004175,8.6571,2314,0.00531770201892727,TRUE,""
ENSG00000179562,GCC1,fbg,0.038153541771808,0.108435903410357,0.00136,26.0801,2152,0.0162941904233763,TRUE,""
ENSG00000179869,ABCA13,fbg,-0.0729548742164964,0.397466925422593,0.0002562,8.0368,2172,0.00662085905245233,TRUE,""
ENSG00000181016,C7orf53,fbg,0.00259950559866643,0.863886790544927,0.002297,37.5694,1682,0.00430193213019003,TRUE,""
ENSG00000182165,TP53TG1,fbg,0.0053603609528946,0.768668006560809,0.0005151,30.4084,1492,0.00427744857522917,TRUE,""
ENSG00000184863,RBM33,fbg,-0.0303938433383626,0.639723729547061,9.34e-05,6.4254,2230,0.00593576287751114,TRUE,""
ENSG00000185811,IKZF1,fbg,-0.00217981489225296,0.902937651007571,2.685e-06,54.7517,2139,0.00325273665166212,TRUE,""
ENSG00000185899,TAS2R60,fbg,0.0340050158643365,0.278660494899244,0.002779,17.9447,1184,0.00786337831933303,TRUE,""
ENSG00000186480,INSIG1,fbg,-0.00265236023582777,0.802587348634153,0.001768,56.8012,2248,0.0043808212442085,TRUE,""
ENSG00000187037,GPR141,fbg,-0.0345505057406323,0.0841186947979135,0.001746,29.3467,2564,0.0148322619381155,TRUE,""
ENSG00000187257,RSBN1L,fbg,0.0441334267386252,0.113959193634688,0.002003,19.7269,2076,0.0116012915939346,TRUE,""
ENSG00000187260,WDR86,fbg,-0.000315063358767511,0.976536189986223,0.0003701,48.4835,1696,0.0039649203135637,TRUE,""
ENSG00000187391,MAGI2,fbg,-0.0444073225458409,0.596519838726618,0.005444,7.0874,2527,0.00481954684063322,TRUE,""
ENSG00000187546,AGMO,fbg,-0.0358927388631315,0.288008758003942,1.975e-20,14.9308,2668,4.56102755104333e-17,TRUE,""
ENSG00000188037,CLCN1,fbg,0.0278045409818302,0.052684253378283,0.002478,42.3442,1153,0.016987894486428,TRUE,""
ENSG00000188185,LINC00265,fbg,-0.00247301653246155,0.693625785030416,3.662e-05,38.9921,1553,0.0040808075514946,TRUE,""
ENSG00000188186,LAMTOR4,fbg,0.0246732697751468,0.487965471052699,0.001621,27.9334,779,0.00866221558764056,TRUE,""
ENSG00000188707,C7orf29,fbg,-0.0098896244288271,0.498741913600147,0.0002164,50.0526,1422,0.00699185866058247,TRUE,""
ENSG00000196262,PPIA,fbg,-0.0273208974913549,0.282374728330258,3.509e-53,27.8449,1441,1.46105250371262e-48,TRUE,""
ENSG00000196295,AC005154.6,fbg,0.00644183742506963,0.21129954733371,1.153e-05,52.9618,2069,0.0121136521900401,TRUE,""
ENSG00000196329,GIMAP5,fbg,-0.00290169008215385,0.884052961004678,0.0003701,39.3515,1548,0.00569887121395858,TRUE,""
ENSG00000196511,TPK1,fbg,0.00423485007204157,0.738882680363527,0.01246,57.3202,1612,0.00443565713793813,TRUE,""
ENSG00000196584,XRCC2,fbg,0.0116957592410579,0.685179538328076,0.0003701,22.4169,1697,0.00457443029352157,TRUE,""
ENSG00000196652,ZKSCAN5,fbg,0.00054520568217449,0.986920511076487,0.002549,31.1269,923,0.00773392562933374,TRUE,""
ENSG00000196715,VKORC1L1,fbg,-0.00136848076187843,0.922905718287002,0.009589,43.7782,816,0.00509958346236997,TRUE,""
ENSG00000197037,ZSCAN25,fbg,0.0624631557655282,0.561914617797129,0.01989,13.8026,874,0.0153346293034417,TRUE,""
ENSG00000197343,ZNF655,fbg,-0.0257081209736108,0.751188081991049,0.01989,8.8979,895,0.00559706588086025,TRUE,""
ENSG00000197448,GSTK1,fbg,0.0557470740190807,0.104162558830439,0.002478,44.5226,1272,0.0552380870329691,TRUE,""
ENSG00000197558,SSPO,fbg,-0.00191791441663213,0.966764427019273,0.0002164,44.9902,1323,0.00462656672109348,TRUE,""
ENSG00000198286,CARD11,fbg,0.00710495847128444,0.627783826989789,0.0006516,39.8703,2145,0.00438023387636213,TRUE,""
ENSG00000198420,FAM115A,fbg,0.0539822351116661,0.232654673754248,0.002779,11.6122,1260,0.00765600378334716,TRUE,""
ENSG00000198580,AC073343.1,fbg,-0.0873277339924232,0.407346960940474,0.0002071,4.9001,1639,0.00667119682269548,TRUE,""
ENSG00000198898,CAPZA2,fbg,0.0212820003102325,0.254749500528113,0.004791,34.2296,1552,0.00858627511915998,TRUE,""
ENSG00000199023,MIR339,fbg,-0.0283959604952355,0.658590180841495,0.007487,7.1529,851,0.00572948300394328,TRUE,""
ENSG00000199370,U3,fbg,0.00543564384492863,0.596519838726618,0.0002164,20.4964,2255,0.00443534968569964,TRUE,""
ENSG00000201772,SNORA5C,fbg,-0.0659035531535391,0.277605418363564,3.509e-53,7.7146,1610,1.77676544470234e-10,TRUE,""
ENSG00000204934,ATP6V0E2-AS1,fbg,-0.0226790806454544,0.53419070026645,0.0002164,15.2814,1392,0.00534377557641043,TRUE,""
ENSG00000204947,ZNF425,fbg,-0.112067809593817,0.116083133738655,0.0002164,34.878,1517,0.0508253023302919,TRUE,""
ENSG00000205060,SLC35B4,fbg,0.00515926671597759,0.747012853671547,0.002987,31.5633,2143,0.00398364852575878,TRUE,""
ENSG00000205238,SPDYE2,fbg,0.041958359711898,0.0111341040457298,0.0004295,16.0999,977,0.103361311380772,TRUE,""
ENSG00000205356,TECPR1,fbg,-0.0255477389120247,0.0667530151696345,0.002259,65.6097,1487,0.0189187304442584,TRUE,""
ENSG00000205413,SAMD9,fbg,-0.0395182738444356,0.777904188455671,0.001182,4.9288,1386,0.00966903887797818,TRUE,""
ENSG00000205485,AC004980.7,fbg,0.0129281228819932,0.775096962195985,0.002003,9.5389,966,0.00522447038383626,TRUE,""
ENSG00000205763,RP9P,fbg,0.00181941239670927,0.974266251454282,0.0005646,8.4129,2122,0.00438935133661361,TRUE,""
ENSG00000211706,TRBV6-1,fbg,0.00129754299397471,0.871864744932721,0.0004369,28.3614,1423,0.00396566841784919,TRUE,""
ENSG00000211707,TRBV7-1,fbg,0.000515170596224317,0.922905718287002,0.0004369,53.145,1404,0.00397158852444661,TRUE,""
ENSG00000211714,TRBV7-3,fbg,0.00499397210278131,0.391365938307552,0.0004369,51.6666,1415,0.0056206196022085,TRUE,""
ENSG00000211724,TRBV6-6,fbg,0.0699879905908441,0.51569222161173,0.0004369,13.3479,1342,0.00436834293040249,TRUE,""
ENSG00000211734,TRBV5-1,fbg,0.00125440183896384,0.871864744932721,0.0004369,29.3368,1429,0.00372901041176864,TRUE,""
ENSG00000211747,TRBV20-1,fbg,-0.00833599828001848,0.552679335565412,0.002478,16.9066,1393,0.00466990255834782,TRUE,""
ENSG00000211772,TRBC2,fbg,-0.0199010391951881,0.37951629965665,0.002478,13.2494,1303,0.0050079389470922,TRUE,""
ENSG00000213203,GIMAP1,fbg,-0.00087473479578153,0.95167294673366,0.0003701,37.2158,1543,0.00389707794391284,TRUE,""
ENSG00000214022,REPIN1,fbg,-0.0669103796217823,0.275312886521962,0.0002164,31.6445,1415,0.0220800031820471,TRUE,""
ENSG00000214106,AC093726.6,fbg,-0.00366497335662716,0.808451451773901,0.001241,28.8224,2124,0.00389181832993799,TRUE,""
ENSG00000214194,AC073346.2,fbg,0.0115691285413103,0.515692221611729,0.03931,16.6699,1640,0.00586959126773651,TRUE,""
ENSG00000214783,POLR2J4,fbg,0.0239087305458454,0.0360135690803204,3.509e-53,21.2039,1495,5.96303243325589e-48,TRUE,""
ENSG00000215045,GRID2IP,fbg,0.00339454108925689,0.867632334778193,0.0002071,19.6448,1511,0.00635777163620472,TRUE,""
ENSG00000216895,AC009403.2,fbg,-0.0194879707139313,0.205976780516933,9.34e-05,15.0705,2302,0.00844719023925869,TRUE,""
ENSG00000221866,PLXNA4,fbg,-0.0384372743355646,0.670448961276106,0.001121,16.8062,1873,0.0120245572184509,TRUE,""
ENSG00000222011,FAM185A,fbg,0.0587329452331734,0.576616787147574,0.0004295,18.2774,1102,0.0164201385944886,TRUE,""
ENSG00000223561,AC003090.1,fbg,0.0252399140287184,0.561479628322256,9.528e-05,10.3744,2525,0.0127317760971699,TRUE,""
ENSG00000223886,RP11-251G23.2,fbg,-0.00698799337127983,0.668235141795249,0.0002851,18.4939,1688,0.00463122579314435,TRUE,""
ENSG00000223969,AC002456.2,fbg,-0.0350245678702013,0.246284910264333,1.01e-05,16.9425,2644,0.00964149992959228,TRUE,""
ENSG00000224138,AC000123.4,fbg,0.000556328932472242,0.981867820961016,0.00136,12.7026,2355,0.00533536510377864,TRUE,""
ENSG00000225535,AC068610.3,fbg,-0.0349377957433354,0.477904197979373,0.006199,6.161,1315,0.00486117226773328,TRUE,""
ENSG00000225666,AC005534.9,fbg,0.0114136341420145,0.650994566520519,9.34e-05,10.9654,1946,0.00527468871414674,TRUE,""
ENSG00000226150,AC073343.11,fbg,-0.000405752258376437,0.979543663087131,0.0002071,15.2544,1699,0.00466394527846569,TRUE,""
ENSG00000226329,AC005682.6,fbg,0.0152960329562581,0.154376307933322,0.004175,21.712,2134,0.0108883980057174,TRUE,""
ENSG00000226380,AC058791.1,fbg,-0.0545873238119666,0.106765534268082,0.001196,13.7364,1569,0.0133635241324527,TRUE,""
ENSG00000226624,CTA-351J1.1,fbg,-0.0854545096514122,0.490893192138033,0.0002851,4.6027,1715,0.00357451445877438,TRUE,""
ENSG00000226660,TRBV2,fbg,0.00165106694734616,0.871864744932721,0.0004369,22.2887,1453,0.00373922427904361,TRUE,""
ENSG00000226816,AC005082.12,fbg,-0.000974173325773236,0.87583596638341,4.61e-06,40.6415,2116,0.00261569282906137,TRUE,""
ENSG00000226824,RP4-756H11.3,fbg,0.0004871932546282,0.922905718287002,0.007575,59.0773,1071,0.00679807439362247,TRUE,""
ENSG00000226874,AC005154.8,fbg,0.00784877658152556,0.21129954733371,1.153e-05,54.3108,2063,0.0254396331467121,TRUE,""
ENSG00000227017,AC007036.6,fbg,-0.0098460463072602,0.57628216259003,1.153e-05,12.7112,2121,0.00402315475083769,TRUE,""
ENSG00000227719,AC006042.6,fbg,-0.0660815038913146,0.0201081180781168,0.0002071,8.3909,3231,0.0577856598173004,TRUE,""
ENSG00000227986,TRIM60P18,fbg,-0.001059228204558,0.906347316282193,0.02145,28.0035,1026,0.00422056941551074,TRUE,""
ENSG00000228649,AC005682.5,fbg,0.0126338894692583,0.154376307933322,0.004175,27.5919,2150,0.01087937614253,TRUE,""
ENSG00000228775,RP5-894A10.5,fbg,-0.00198747804476271,0.698684565645401,0.0004369,52.0006,1438,0.00447721497221461,TRUE,""
ENSG00000228960,OR2A9P,fbg,0.00962584971186779,0.421644529402355,0.002779,28.6126,1430,0.00939764216310463,TRUE,""
ENSG00000229153,EPHA1-AS1,fbg,0.00863249535490584,0.278660494899244,0.002779,41.214,1207,0.00786267257225029,TRUE,""
ENSG00000229180,GS1-124K5.11,fbg,-0.0122675047784025,0.396168007039194,0.008703,16.9302,929,0.00588796882778589,TRUE,""
ENSG00000229358,AC018633.4,fbg,0.00517479922800651,0.461218374590665,0.0005646,55.3128,2212,0.0282968040184401,TRUE,""
ENSG00000229413,AC018638.1,fbg,0.000354964035724889,0.975070165131246,0.005595,19.8966,1144,0.0038973942169452,TRUE,""
ENSG00000229628,AC073115.7,fbg,0.00849019103176828,0.541126024471668,0.002227,18.6208,2272,0.00541320984963706,TRUE,""
ENSG00000229677,RP11-383F6.1,fbg,-0.0227732146279989,0.434655471356171,0.001846,8.1384,1466,0.0120152942235127,TRUE,""
ENSG00000230715,RP11-274B21.4,fbg,0.000173455090538919,0.976536189986223,0.005595,62.8574,1146,0.00389782216733101,TRUE,""
ENSG00000230882,AC005077.14,fbg,0.00232123352906279,0.606447146740021,0.006194,47.7711,603,0.0045427888810881,TRUE,""
ENSG00000231202,TRGVB,fbg,0.0194404825839487,0.113959193634688,0.001746,16.2744,2571,0.0123908862309532,TRUE,""
ENSG00000231419,LINC00689,fbg,-0.00783876948777895,0.674956824198369,8.654e-05,21.8981,1030,0.00364290616794343,TRUE,""
ENSG00000231721,AC058791.2,fbg,0.00522516535369925,0.617075077451974,0.001196,22.7133,1624,0.00428753399951512,TRUE,""
ENSG00000232533,AC093673.5,fbg,0.0591238830643077,0.286122384391018,0.002478,18.5072,1137,0.0303776452303659,TRUE,""
ENSG00000232546,RP11-458F8.1,fbg,0.010182397934037,0.41325337549364,0.007575,18.0934,1255,0.00601585321000992,TRUE,""
ENSG00000232559,GS1-124K5.12,fbg,0.00233675039040452,0.802587348634153,0.008703,34.9173,975,0.00562086725960423,TRUE,""
ENSG00000232561,GTF2IP1,fbg,0.000684926338149817,0.954431397113681,0.006194,21.6594,422,0.00408788748632792,TRUE,""
ENSG00000233429,HOTAIRM1,fbg,0.00443712951367113,0.208368424819709,0.0002529,74.2322,2313,0.00469593420362704,TRUE,""
ENSG00000234286,AC006026.13,fbg,-0.00761245564826703,0.146609268931168,4.61e-06,39.098,2207,0.00631778828918248,TRUE,""
ENSG00000234338,RP11-797H7.1,fbg,-0.0650570669516401,0.374062797490883,0.0208,5.214,1159,0.0140278138132511,TRUE,""
ENSG00000235314,AC017116.8,fbg,0.0115452494847607,0.627169753539399,3.509e-53,19.4427,1489,9.17286795750618e-49,TRUE,""
ENSG00000236081,AC074389.9,fbg,-0.00320790969246647,0.969319696640591,0.0006516,9.646,1228,0.0148571069038195,TRUE,""
ENSG00000236609,ZNF853,fbg,-0.0107338729881181,0.754660563059686,0.0002071,11.104,1586,0.00421790334313942,TRUE,""
ENSG00000236753,AC018642.1,fbg,0.0100171027853196,0.645904258226149,0.001196,12.5883,1776,0.004898308756554,TRUE,""
ENSG00000237310,GS1-124K5.4,fbg,0.000236293428665222,0.974266251454282,0.008703,31.3884,889,0.00387955380873538,TRUE,""
ENSG00000237471,AC073115.6,fbg,0.0100088094181476,0.541126024471668,0.002227,15.7955,2255,0.00555670010860445,TRUE,""
ENSG00000237702,TRBV3-1,fbg,0.00142897055746399,0.871864744932721,0.0004369,25.7529,1446,0.00373431218131291,TRUE,""
ENSG00000237738,RNF216-IT1,fbg,0.0464145864756572,0.464920120624581,0.002297,7.6011,1135,0.0117630370579508,TRUE,""
ENSG00000238109,AC004893.10,fbg,-0.00731015383273593,0.689156516779352,0.002549,18.6274,1093,0.00867672853980118,TRUE,""
ENSG00000239857,GET4,fbg,-0.0179903136657138,0.37951629965665,0.007487,26.5781,796,0.00562175583770282,TRUE,""
ENSG00000239911,PRKAG2-AS1,fbg,-0.0541562005575578,0.703945415151674,0.0003701,5.2047,1343,0.0106684147566582,TRUE,""
ENSG00000240204,SMKR1,fbg,-0.0192685001483755,0.707660466654552,0.001196,8.0841,1217,0.00739801968864825,TRUE,""
ENSG00000240758,RP11-155G14.5,fbg,0.0409850250394571,0.453254704753736,0.006194,7.2489,1177,0.0101546614399324,TRUE,""
ENSG00000241057,AC004985.12,fbg,-0.026164728768671,0.0335866128968976,3.509e-53,18.3661,1503,6.28524896121617e-48,TRUE,""
ENSG00000241134,RP5-1051J4.4,fbg,0.0208041184116179,0.0488731104972685,0.0003701,45.7979,1548,0.0227657900610637,TRUE,""
ENSG00000241685,ARPC1A,fbg,-0.0335452747686729,0.769764521126951,0.002549,6.0067,959,0.00551785518763337,TRUE,""
ENSG00000242048,RP13-452N2.1,fbg,0.0121644647137119,0.755716154576793,0.0003701,15.0261,1435,0.00542645283998997,TRUE,""
ENSG00000242265,PEG10,fbg,-0.00787904909124102,0.771569465555293,0.007796,20.2633,1740,0.00392034886847218,TRUE,""
ENSG00000242588,RP11-274B21.1,fbg,0.00452826141174765,0.821351959007176,0.005595,23.1841,1146,0.00387236175853058,TRUE,""
ENSG00000242736,TRBV1,fbg,-0.00124104720600459,0.948559264755632,0.0004369,11.5807,1446,0.0037482516558525,TRUE,""
ENSG00000243302,RP11-274B21.2,fbg,0.000193913854948229,0.975070165131246,0.005595,38.2309,1146,0.00389888782536874,TRUE,""
ENSG00000243317,C7orf73,fbg,0.0378361227857372,0.21129954733371,0.002987,36.0265,2045,0.0301203470262213,TRUE,""
ENSG00000243566,UPK3B,fbg,-0.0103818814505643,0.472788907323068,0.002003,47.9275,968,0.00543527154564733,TRUE,""
ENSG00000243679,RP11-274B21.3,fbg,0.000175502589975087,0.976536189986223,0.005595,59.8012,1145,0.00390052147317513,TRUE,""
ENSG00000244167,RP4-733B9.1,fbg,0.0716007414249279,0.0212771381759598,0.0002071,6.5698,2107,0.032915623322668,TRUE,""
ENSG00000244219,GS1-259H13.2,fbg,0.0375417544137466,0.355967119733731,0.01989,9.4839,875,0.0105729944954963,TRUE,""
ENSG00000244291,C7orf13,fbg,-0.0185933256955791,0.122236355448012,9.34e-05,48.9823,1962,0.0127767574613501,TRUE,""
ENSG00000244479,RP4-798C17.6,fbg,-0.00686043476361321,0.826251081180617,0.002779,13.5929,1436,0.00560521693056659,TRUE,""
ENSG00000244480,AC005154.7,fbg,-0.0611430596449118,0.108507389990774,1.153e-05,15.7709,2022,0.0330245089663518,TRUE,""
ENSG00000244661,TRBV12-1,fbg,0.0172229500746185,0.245523853695853,0.0004369,13.7686,1408,0.00728628292867674,TRUE,""
ENSG00000244701,RP5-894A10.2,fbg,-0.0320478601988506,0.205976780516934,0.0004369,9.9443,1381,0.0112877373873667,TRUE,""
ENSG00000251060,U66061.31,fbg,-0.00300636747866638,0.524539436435313,0.002478,52.9637,1330,0.00627111476442568,TRUE,""
ENSG00000251578,TRBV21-1,fbg,0.0356087518584585,0.272396241223776,0.002478,9.3704,1387,0.00860153657644147,TRUE,""
ENSG00000253188,TRBV6-7,fbg,-0.00106074895729013,0.871864744932721,0.0004369,30.7437,1346,0.00373828912880775,TRUE,""
ENSG00000253534,TRBV6-8,fbg,-0.00146142763538056,0.871864744932721,0.0004369,24.3827,1382,0.00373608452251787,TRUE,""
ENSG00000257335,MGAM,fbg,-0.0146260817548669,0.448704997513635,0.0004369,30.4251,1598,0.00527474056994045,TRUE,""
ENSG00000257743,RP11-1220K2.2,fbg,-0.0320028041446239,0.182422439451736,0.0004369,26.2442,1589,0.0121595265111612,TRUE,""
ENSG00000259628,RP11-467H10.2,fbg,0.0127519147207928,0.707660466654552,0.002003,11.237,1140,0.00774789285677662,TRUE,""
ENSG00000260070,RP11-182J23.1,fbg,0.0123898261766231,0.281514632510023,0.001794,23.1829,2267,0.00810805630398001,TRUE,""
ENSG00000260214,GS1-465N13.1,fbg,0.0380729566961197,0.582319373576693,0.007679,8.4396,2426,0.00548686511270106,TRUE,""
ENSG00000260336,RP11-395B7.7,fbg,-0.0310416419394088,0.32635536214679,0.0007455,12.6646,1050,0.0104495730741558,TRUE,""
ENSG00000260997,RP4-647J21.1,fbg,0.00765824758269149,0.340342684915724,3.509e-53,47.7656,1440,1.38609047285734e-48,TRUE,""
ENSG00000264868,CTB-167B5.2,fbg,-0.00674654618569773,0.317310507862914,0.007847,45.3185,1819,0.00670170609280639,TRUE,""
ENSG00000003987,MTMR7,fbg,-0.130196371956509,0.304742757088453,0.0009851,4.8037,3276,0.00739434965671667,TRUE,""
ENSG00000012232,EXTL3,fbg,0.0655298207043968,0.63316792885669,1.424e-06,5.6931,2008,0.0051225312960039,TRUE,""
ENSG00000020181,GPR124,fbg,-0.00525026652463756,0.834968706358955,0.002331,30.581,1237,0.00588540229073209,TRUE,""
ENSG00000022567,SLC45A4,fbg,0.0131331961304468,0.426688082619747,0.002125,67.1737,1665,0.003844330432505,TRUE,""
ENSG00000034239,EFCAB1,fbg,0.088937826505675,0.0489818065284666,0.00161,12.5013,1260,0.0264437271441855,TRUE,""
ENSG00000035681,NSMAF,fbg,0.019463272145423,0.182422439451736,3.814e-06,42.9271,2115,0.0105482797678383,TRUE,""
ENSG00000038945,MSR1,fbg,0.0138599051271125,0.348501423761085,0.001901,48.7287,2890,0.00473026028229608,TRUE,""
ENSG00000040341,STAU2,fbg,0.037889379380823,0.757252374328236,0.0002485,7.9719,2075,0.00653066193659333,TRUE,""
ENSG00000042832,TG,fbg,0.00958770155271432,0.595245548732816,0.001922,31.4545,2956,0.0044075800527462,TRUE,""
ENSG00000042980,ADAM28,fbg,-0.0296887426518171,0.225465985004507,9.821e-06,23.9348,2180,0.00593744083407484,TRUE,""
ENSG00000066777,ARFGEF1,fbg,-0.0105880437219944,0.883085590508198,0.002881,8.4004,1414,0.00683241950644971,TRUE,""
ENSG00000066827,ZFAT,fbg,-0.0263053208879945,0.458126425559177,0.001133,15.5629,2627,0.00477954960819764,TRUE,""
ENSG00000066855,MTFR1,fbg,0.01135239353656,0.375421607696006,0.0002605,61.1501,1475,0.00769330371747429,TRUE,""
ENSG00000070501,POLB,fbg,0.0502241907310601,0.201745004978068,0.001998,21.1354,1133,0.0128352872385666,TRUE,""
ENSG00000070718,AP3M2,fbg,0.00601398237908361,0.674956824198369,0.001998,38.6628,1198,0.00400634505692293,TRUE,""
ENSG00000070756,PABPC1,fbg,0.00920713846115389,0.794863773596479,0.001284,11.3141,1762,0.00603064701785391,TRUE,""
ENSG00000076554,TPD52,fbg,0.0445217849323096,0.00125618274546358,3.135e-05,56.9053,1496,0.912810257527611,TRUE,""
ENSG00000078674,PCM1,fbg,0.0411995302822733,0.337055214933676,0.0001441,49.5082,3615,0.00728382771649603,TRUE,""
ENSG00000083168,KAT6A,fbg,-0.0140637822700315,0.511663282695868,0.001998,22.5942,1327,0.00476916261744284,TRUE,""
ENSG00000085719,CPNE3,fbg,0.00377174040511162,0.851268623688206,0.001171,28.3145,1506,0.00396938787665134,TRUE,""
ENSG00000085788,DDHD2,fbg,0.0129763133737231,0.645904258226149,0.002331,23.0983,1097,0.00495829770034353,TRUE,""
ENSG00000091879,ANGPT2,fbg,0.190145560153532,0.22463863892378,0.0004184,8.986,3595,0.0308142527035167,TRUE,""
ENSG00000104221,BRF2,fbg,-0.0603711420126944,0.230139340443417,0.002331,12.3834,1242,0.00722291477435474,TRUE,""
ENSG00000104267,CA2,fbg,-0.0190757322791845,0.179029242883863,0.003891,45.1815,1043,0.0577692875440326,TRUE,""
ENSG00000104290,FZD3,fbg,0.0473443381094478,0.120896793300376,1.424e-06,28.4249,2025,0.0167445177876435,TRUE,""
ENSG00000104299,INTS9,fbg,0.0494945529858915,0.504985075093846,1.424e-06,9.3328,1902,0.00601346530915101,TRUE,""
ENSG00000104312,RIPK2,fbg,-0.00486101207363735,0.764177155622095,0.03405,32.9561,1856,0.00389904299517466,TRUE,""
ENSG00000104320,NBN,fbg,-0.00883634147937639,0.544474508963011,0.03124,44.0348,1843,0.00411799173228579,TRUE,""
ENSG00000104325,DECR1,fbg,-0.0138033059109412,0.477181299542089,0.03124,45.8292,1809,0.0129166615651593,TRUE,""
ENSG00000104327,CALB1,fbg,-0.0203059842968884,0.841480581121794,0.03124,16.4901,1762,0.0077439697223249,TRUE,""
ENSG00000104331,IMPAD1,fbg,0.0313603252583432,0.59568750859298,8.55e-05,14.7575,2097,0.00639819281520803,TRUE,""
ENSG00000104361,NIPAL2,fbg,-0.00912196759058584,0.696661882488179,0.001463,49.9821,1427,0.00797133433841178,TRUE,""
ENSG00000104365,IKBKB,fbg,-0.0713860294739065,0.187119325775177,0.001998,15.3273,1149,0.013289839727358,TRUE,""
ENSG00000104375,STK3,fbg,0.0205161694130593,0.832012471360641,0.001463,6.0723,1268,0.077332846145605,TRUE,""
ENSG00000104381,GDAP1,fbg,0.0234266199425727,0.539940330191881,0.0002485,14.3385,1780,0.00445650704811322,TRUE,""
ENSG00000104412,EMC2,fbg,-0.0202507659358597,0.544474508963011,0.001743,15.6742,2157,0.0048097302441522,TRUE,""
ENSG00000104427,ZC2HC1A,fbg,0.00455496439691199,0.753304047285912,0.01764,91.8946,1704,0.00444811710709741,TRUE,""
ENSG00000104450,SPAG1,fbg,-0.0199871816879704,0.165412255542075,0.001284,47.3573,1451,0.0182178049298293,TRUE,""
ENSG00000104472,CHRAC1,fbg,-0.0370995536140377,0.205761612693328,0.001645,28.4184,1896,0.0129360503322605,TRUE,""
ENSG00000104497,SNX16,fbg,-0.00492777033183789,0.419982497240339,0.0009568,92.5098,1891,0.00578844389007919,TRUE,""
ENSG00000104549,SQLE,fbg,0.00208385780559437,0.972492190799539,0.0001238,16.9945,1870,0.00695150426926758,TRUE,""
ENSG00000104613,INTS10,fbg,0.00051085128487708,0.97582537985171,0.0001441,34.8438,2944,0.00354643934598092,TRUE,""
ENSG00000104626,ERI1,fbg,0.0765580342728317,0.0690363479944153,7.614e-10,13.9242,2703,7.73374354881886e-06,TRUE,""
ENSG00000104643,MTMR9,fbg,-0.0219190273218244,0.635725114509718,0.0006266,14.5381,2443,0.00495766723335554,TRUE,""
ENSG00000104691,UBXN8,fbg,0.0997392976186013,0.381573905705021,6.812e-06,6.2379,1607,0.00504490673102112,TRUE,""
ENSG00000104714,ERICH1,fbg,0.0114211358151234,0.475050524053953,0.002066,59.9175,1816,0.00719950220328084,TRUE,""
ENSG00000104722,NEFM,fbg,-0.01794036329915,0.693037110067263,9.821e-06,9.9854,2094,0.00360689800624458,TRUE,""
ENSG00000104725,NEFL,fbg,0.0161976142022799,0.491767700760523,9.821e-06,24.1764,2099,0.00368299285136797,TRUE,""
ENSG00000105339,DENND3,fbg,0.00184679033835987,0.897332123936804,0.002125,35.8517,1668,0.00372972117344037,TRUE,""
ENSG00000120899,PTK2B,fbg,0.0199077211503038,0.113959193634688,0.001163,55.128,2796,0.056783612238975,TRUE,""
ENSG00000120903,CHRNA2,fbg,-0.00606194765610367,0.909011306646051,0.001163,11.7454,2749,0.00410341665010769,TRUE,""
ENSG00000121039,RDH10,fbg,0.0762916867252058,0.202309241991172,0.0002485,11.8607,2113,0.0105966552719796,TRUE,""
ENSG00000123908,EIF2C2,fbg,0.0452779134176728,0.259463716493134,0.001645,19.0943,1818,0.0104806421949067,TRUE,""
ENSG00000129292,PHF20L1,fbg,0.0311219261941843,0.208368424819709,0.001922,22.2653,2882,0.00845485679142458,TRUE,""
ENSG00000130227,XPO7,fbg,0.0216240186165367,0.561479628322256,0.0008768,14.7665,1968,0.00499372887660151,TRUE,""
ENSG00000131203,IDO1,fbg,0.00351651852626107,0.836882810464227,0.008923,32.2183,1838,0.00426945675314111,TRUE,""
ENSG00000132541,HRSP12,fbg,0.00315058721225134,0.871864744932721,0.001463,28.1518,1459,0.0037921877218062,TRUE,""
ENSG00000132561,MATN2,fbg,-0.0169964908930319,0.467058901715173,0.00209,33.5128,1495,0.00690677385308147,TRUE,""
ENSG00000133731,IMPA1,fbg,-0.0134794246916291,0.395325086245385,0.0009568,61.9525,1723,0.00416488305989965,TRUE,""
ENSG00000133739,LRRCC1,fbg,0.0455838351072894,0.11903815356799,0.003891,20.6943,982,0.0152560239058361,TRUE,""
ENSG00000133742,CA1,fbg,-0.383545543584721,0.00881756378577397,0.003891,5.105,1025,0.0635167942718995,TRUE,""
ENSG00000134028,ADAMDEC1,fbg,-0.0186247704550092,0.381573905705021,9.821e-06,24.505,2187,0.00412405702816181,TRUE,""
ENSG00000136573,BLK,fbg,-0.0112339260195202,0.475050524053953,0.0006266,52.0507,2041,0.00787914237365553,TRUE,""
ENSG00000136986,DERL1,fbg,-0.0654398550433321,0.40790488230962,0.000626,12.9883,1882,0.0102130701447237,TRUE,""
ENSG00000137547,MRPL15,fbg,0.0564776767871734,0.179770040387914,0.0002265,14.7017,1906,0.0118654133168411,TRUE,""
ENSG00000137571,SLCO5A1,fbg,-0.032699900986356,0.707660466654553,0.002175,6.4367,1954,0.00403455869995093,TRUE,""
ENSG00000140396,NCOA2,fbg,-0.0830111862875408,0.232039386701996,0.0004601,10.4876,1873,0.010664351134968,TRUE,""
ENSG00000147316,MCPH1,fbg,-0.10596646895862,0.0147269742373694,0.0004184,16.6318,3611,0.079064513712391,TRUE,""
ENSG00000147324,MFHAS1,fbg,0.00249506768571959,0.900523550339774,7.614e-10,28.5363,2435,1.44977881101185e-06,TRUE,""
ENSG00000147364,FBXO25,fbg,0.0685678379891831,0.129953390214931,0.002094,13.6761,1557,0.0129541736467021,TRUE,""
ENSG00000147408,CSGALNACT1,fbg,-0.0136874809265368,0.21129954733371,0.0001441,80.9204,3022,0.00334335902786767,TRUE,""
ENSG00000147419,CCDC25,fbg,-0.0117737787644675,0.401632246433539,1.424e-06,39.893,2444,0.00444349128230226,TRUE,""
ENSG00000147439,BIN3,fbg,-0.00882194896729462,0.552679335565412,0.0007443,38.3362,1716,0.00451662863425032,TRUE,""
ENSG00000147457,CHMP7,fbg,-0.0348148752760027,0.457568175062507,0.0007443,13.2482,1936,0.00546498315175756,TRUE,""
ENSG00000147459,DOCK5,fbg,0.0188239648636948,0.538300749018723,9.821e-06,30.2593,2169,0.00543840389496627,TRUE,""
ENSG00000147471,PROSC,fbg,0.0373808361170647,0.0536285791274191,0.002331,52.0614,1255,0.0419633512502403,TRUE,""
ENSG00000147533,GOLGA7,fbg,-0.0154236190215534,0.567709166197353,0.003148,22.7646,1656,0.00651082310999441,TRUE,""
ENSG00000147548,WHSC1L1,fbg,-0.00640939908025637,0.849944540437619,0.002331,19.4402,1038,0.00453248332014877,TRUE,""
ENSG00000147576,ADHFE1,fbg,-0.00582949871349155,0.467058901715173,0.01177,79.5761,992,0.00459327367118137,TRUE,""
ENSG00000147592,LACTB2,fbg,0.000456081305619878,0.985493807229077,0.0004601,42.4083,1890,0.00669401313483976,TRUE,""
ENSG00000147642,SYBU,fbg,0.0655657166938486,0.429835204622545,0.001743,7.2642,1752,0.00623300589981098,TRUE,""
ENSG00000147684,NDUFB9,fbg,0.0322883654242221,0.291858170073514,0.0001238,17.4832,1998,0.0076462812175447,TRUE,""
ENSG00000147687,TATDN1,fbg,0.0168816864268661,0.827903407296463,0.0001238,7.0744,1984,0.0056117430930899,TRUE,""
ENSG00000147689,FAM83A,fbg,-0.0330203000095065,0.121377006613853,0.000626,41.4997,1942,0.0192898497062064,TRUE,""
ENSG00000147789,ZNF7,fbg,-0.0101823029071022,0.832012471360641,0.02063,11.5801,370,0.00407128851879676,TRUE,""
ENSG00000147799,ARHGAP39,fbg,0.0663412946100787,0.0659578992594125,0.002155,14.0146,453,0.0192211016527051,TRUE,""
ENSG00000153310,FAM49B,fbg,-0.0907265797748167,0.292509878183885,0.0002184,7.8428,2189,0.00655319873963549,TRUE,""
ENSG00000153317,ASAP1,fbg,0.0155478797934354,0.317310507862914,0.0002184,46.6356,2164,0.00508116452706556,TRUE,""
ENSG00000154319,FAM167A,fbg,0.00984268230829535,0.458126425559177,0.0006266,86.8324,2160,0.0078732645689455,TRUE,""
ENSG00000155096,AZIN1,fbg,0.00428411414886812,0.819202033401183,0.001151,33.1787,2142,0.00432742957944621,TRUE,""
ENSG00000155099,TMEM55A,fbg,0.0132192255222442,0.771569465555293,0.0004856,12.0967,1486,0.00430134871468209,TRUE,""
ENSG00000155189,AGPAT5,fbg,0.0609700809774541,0.0265037373413258,0.0004184,20.6203,2970,0.0413378327275076,TRUE,""
ENSG00000155792,DEPTOR,fbg,0.00901648412435004,0.674956824198369,8.913e-05,23.5014,2140,0.00401489588131938,TRUE,""
ENSG00000155975,VPS37A,fbg,-0.0701516732250307,0.523888659409192,0.0009851,14.6669,3216,0.0123582346663454,TRUE,""
ENSG00000156162,DPY19L4,fbg,-0.0302584751922308,0.398809120942746,0.0001498,15.8819,2167,0.0053209774404979,TRUE,""
ENSG00000156170,NDUFAF6,fbg,-0.0114742726821956,0.744741090227158,0.0001498,19.5124,2326,0.00527008964595875,TRUE,""
ENSG00000156471,PTDSS1,fbg,-0.0285862529030983,0.674956824198369,0.0001498,8.0948,2068,0.00401433271290288,TRUE,""
ENSG00000156787,WDR67,fbg,-0.0405150137312862,0.234365227693259,0.000626,17.7154,1941,0.00837816197933476,TRUE,""
ENSG00000156804,FBXO32,fbg,0.031763111131586,0.274064638609823,0.000626,19.6124,1851,0.00698578157482154,TRUE,""
ENSG00000157110,RBPMS,fbg,-0.054487477218001,0.168086495435629,6.812e-06,16.4953,1729,0.00723604793238972,TRUE,""
ENSG00000157168,NRG1,fbg,-0.0347892874142399,0.0347627626222285,0.0002533,103.0136,1912,0.0590891017378563,TRUE,""
ENSG00000158106,RHPN1,fbg,0.0365217815759751,0.359317338329571,0.001464,14.8513,1059,0.0064628053767854,TRUE,""
ENSG00000158863,FAM160B2,fbg,-0.126149501174695,0.0265037373413258,0.0008768,8.6965,1911,0.0422569382235525,TRUE,""
ENSG00000160932,LY6E,fbg,0.0417365936836088,0.331972101198306,0.001464,26.3272,1355,0.0125033082729228,TRUE,""
ENSG00000160959,LRRC14,fbg,0.0050709197311276,0.649436283726755,0.002155,65.4308,480,0.0070817899289587,TRUE,""
ENSG00000160972,PPP1R16A,fbg,0.00464006176629746,0.649436283726755,0.002155,59.7381,492,0.00422986459958496,TRUE,""
ENSG00000164684,ZNF704,fbg,-0.153471683161209,0.25707429868483,3.135e-05,7.0423,1605,0.00638469349580413,TRUE,""
ENSG00000164733,CTSB,fbg,0.0170629841594188,0.330213359465853,0.001847,43.8015,1768,0.00644813296363608,TRUE,""
ENSG00000164751,PEX2,fbg,-0.169959509998815,0.0562503652819668,0.004575,20.8346,2015,0.0707582822883628,TRUE,""
ENSG00000164754,RAD21,fbg,0.000832695457909768,0.950164661941506,7.065e-18,61.1859,1901,1.160776129932e-13,TRUE,""
ENSG00000164764,SBSPON,fbg,-0.13875606511193,0.225465985004507,0.001761,4.5746,2150,0.00613884751672125,TRUE,""
ENSG00000164808,KIAA0146,fbg,-0.0611072677164071,0.232654673754248,0.00161,9.7972,727,0.00765408346239957,TRUE,""
ENSG00000164821,DEFA4,fbg,-0.0439378357593316,0.142466754827972,0.0004184,14.3961,2452,0.0144512626908745,TRUE,""
ENSG00000164823,OSGIN2,fbg,0.00717584276537212,0.680511892901687,0.03124,33.0536,1879,0.00457215398245032,TRUE,""
ENSG00000164919,COX6C,fbg,-0.0161670083978324,0.329560259960621,0.001284,45.7793,1306,0.00705173341873553,TRUE,""
ENSG00000164924,YWHAZ,fbg,-0.0242193110054801,0.222939094167741,0.001878,27.3829,1911,0.00801616895626805,TRUE,""
ENSG00000164930,FZD6,fbg,0.0278734370432733,0.0549945959282303,0.001151,57.9394,2081,0.0130151897152131,TRUE,""
ENSG00000164934,DCAF13,fbg,0.0219222532182114,0.432034892005007,0.001151,14.4291,2165,0.00789991628703355,TRUE,""
ENSG00000164941,INTS8,fbg,-0.0357825612241278,0.089130925517086,0.0001498,25.3699,2292,0.0147360435121812,TRUE,""
ENSG00000164949,GEM,fbg,-0.102193631790109,0.0934605072058715,0.003532,8.7842,1805,0.0168086712007636,TRUE,""
ENSG00000164961,KIAA0196,fbg,-0.0689201418057638,0.414852187798404,0.0001238,13.5901,1886,0.0107762131271022,TRUE,""
ENSG00000164983,TMEM65,fbg,0.0950412556058282,0.0607927235305228,0.0001238,11.1985,1959,0.0207026186560449,TRUE,""
ENSG00000165102,HGSNAT,fbg,-0.0516868280018747,0.68489168859197,0.001998,9.5268,624,0.00853720950621258,TRUE,""
ENSG00000165392,WRN,fbg,-0.027252001131617,0.250143871274301,0.0002533,30.0455,1765,0.00913113675592855,TRUE,""
ENSG00000167034,NKX3-1,fbg,-0.00507817432922232,0.595245548732816,0.0007443,113.9195,2143,0.00600129749837625,TRUE,""
ENSG00000167632,TRAPPC9,fbg,0.012523699203231,0.302423598900007,0.001645,46.2156,2138,0.00650928418171085,TRUE,""
ENSG00000167904,TMEM68,fbg,0.0275115919629057,0.600411028614905,8.55e-05,14.234,1995,0.00526753077076128,TRUE,""
ENSG00000168300,PCMTD1,fbg,0.00600622164963412,0.797634069055974,0.006966,26.9036,2057,0.00494233023398267,TRUE,""
ENSG00000168495,POLR3D,fbg,-0.0348084027701005,0.524539436435313,0.0008768,10.7376,1827,0.00480208159508452,TRUE,""
ENSG00000168522,FNTA,fbg,0.0570124284518276,0.586800554652582,0.001998,7.3311,667,0.00648676813031896,TRUE,""
ENSG00000168575,SLC20A2,fbg,-0.0219126025348809,0.13784315525934,0.001998,34.2435,1030,0.0112879837390735,TRUE,""
ENSG00000168615,ADAM9,fbg,-0.024454779520267,0.383771766671715,0.002331,19.6526,1197,0.00551765494532148,TRUE,""
ENSG00000169085,C8orf46,fbg,0.0487446862579233,0.241915356714959,0.01177,44.8216,982,0.00482224519498848,TRUE,""
ENSG00000169122,FAM110B,fbg,0.0660253360534783,0.13784315525934,0.0008507,12.4013,2331,0.0108913624579498,TRUE,""
ENSG00000169439,SDC2,fbg,0.00763488450262239,0.871864744932721,0.0001498,11.6561,1922,0.00428231337155963,TRUE,""
ENSG00000169490,TM2D2,fbg,-0.00733524806178199,0.731034305380085,0.002331,26.6437,1100,0.00415105392822647,TRUE,""
ENSG00000170727,BOP1,fbg,-0.0672375431620055,0.479028991883895,0.002155,7.5081,650,0.00867113824904357,TRUE,""
ENSG00000171044,XKR6,fbg,0.0196967632608553,0.472294969945709,0.0006266,20.7464,2933,0.00476303517936152,TRUE,""
ENSG00000171056,SOX7,fbg,0.474561667483367,0.089130925517086,0.0006266,6.0739,2996,0.0146982250922511,TRUE,""
ENSG00000171316,CHD7,fbg,0.0263543195399341,0.200105868954852,0.0001837,25.2751,1971,0.00897608355170303,TRUE,""
ENSG00000171320,ESCO2,fbg,-0.0400194598343568,0.698684565645401,1.424e-06,4.8913,2435,0.00456646430679451,TRUE,""
ENSG00000171428,NAT1,fbg,-0.0258112039912948,0.552679335565412,0.0001441,13.0554,3665,0.00410054975999835,TRUE,""
ENSG00000172748,ZNF596,fbg,-0.0243652042981315,0.637934810590957,0.002094,11.6888,1309,0.00453059338396128,TRUE,""
ENSG00000173334,TRIB1,fbg,-0.0230333431391357,0.761866768188248,8.212e-06,7.5952,1980,0.00309225616275152,TRUE,""
ENSG00000173530,TNFRSF10D,fbg,0.103520905375668,0.016982020380087,0.0007443,12.724,1910,0.0584178993170281,TRUE,""
ENSG00000173535,TNFRSF10C,fbg,0.00494502561296846,0.854269623151224,0.0007443,32.3481,1905,0.00593685120656465,TRUE,""
ENSG00000173566,NUDT18,fbg,-0.0220528797873694,0.026676697809209,0.0008768,70.4235,1917,0.0208174288340396,TRUE,""
ENSG00000175305,CCNE2,fbg,-0.108212457337884,0.0659578992594125,0.0001498,9.376,2288,0.0180413723321997,TRUE,""
ENSG00000175445,LPL,fbg,-0.0321272283728342,0.0738996693296294,0.0002061,59.4384,2946,0.0117288621174188,TRUE,""
ENSG00000175606,TMEM70,fbg,-0.0930193013115704,0.0200408930414643,0.0002485,19.0195,1891,0.0775446576933176,TRUE,""
ENSG00000176595,KBTBD11,fbg,0.00102196431938026,0.962902466387905,0.002066,34.7716,2993,0.00501658423583876,TRUE,""
ENSG00000176623,RMDN1,fbg,-0.02466366257759,0.13784315525934,0.001171,29.8706,1469,0.0112527142573844,TRUE,""
ENSG00000176853,FAM91A1,fbg,0.0288296870659358,0.658590180841495,0.000626,11.6468,1946,0.00548753518007736,TRUE,""
ENSG00000177669,MBOAT4,fbg,0.0480061862067123,0.289680155734686,6.812e-06,16.0204,1685,0.00770397952119138,TRUE,""
ENSG00000177710,SLC35G5,fbg,-0.0467562805387055,0.129486728502174,0.0006266,14.6964,2374,0.010943750643882,TRUE,""
ENSG00000178538,CA8,fbg,-0.0198610413743085,0.416504786576218,3.814e-06,23.3019,1777,0.00407537853576588,TRUE,""
ENSG00000179041,RRS1,fbg,-0.0783098414810121,0.458126425559177,0.01177,4.7563,997,0.00616539764757362,TRUE,""
ENSG00000179526,SHARPIN,fbg,-0.0696430836363507,0.0622646015352178,0.002155,25.9862,802,0.0392261771960337,TRUE,""
ENSG00000179632,MAF1,fbg,-0.0414784331219924,0.0302602800204716,0.002155,51.0473,801,0.0379248521045592,TRUE,""
ENSG00000179698,KIAA1875,fbg,-0.0373550037613021,0.0302602800204716,0.002155,48.5761,800,0.0653874619947308,TRUE,""
ENSG00000179886,TIGD5,fbg,-0.000989403271855106,0.950164661941506,0.002155,31.0931,989,0.00380217182007547,TRUE,""
ENSG00000180921,FAM83H,fbg,-0.0295053352540747,0.515692221611729,0.002155,14.5856,905,0.0057490267892946,TRUE,""
ENSG00000181097,RP11-429J17.2,fbg,0.00484751145363002,0.780191283863633,0.002155,32.5243,932,0.00530882706713778,TRUE,""
ENSG00000182319,SGK223,fbg,0.000977564138992754,0.975070165131246,7.614e-10,16.5519,1827,1.43876767854293e-06,TRUE,""
ENSG00000182325,FBXL6,fbg,-0.0715248978529347,0.637934810590957,0.002155,5.8218,595,0.011105864272744,TRUE,""
ENSG00000183117,CSMD1,fbg,-0.0691580683934758,0.0899517708216063,0.001056,19.9001,5643,0.0214067161360768,TRUE,""
ENSG00000183309,ZNF623,fbg,0.0321896185711334,0.247578913503389,0.002155,20.3908,979,0.0073184041745715,TRUE,""
ENSG00000183665,TRMT12,fbg,0.016038385614903,0.216721062179052,0.0001238,108.8938,1943,0.0134009887446417,TRUE,""
ENSG00000183808,RBM12B,fbg,0.0278231385101757,0.813980460416918,0.003532,5.1178,1745,0.00370859062726662,TRUE,""
ENSG00000184489,PTP4A3,fbg,0.0169875675544766,0.681282050502955,0.002125,19.625,1672,0.00719998080026617,TRUE,""
ENSG00000184661,CDCA2,fbg,0.0721488908130035,0.274064638609823,9.821e-06,8.6191,2171,0.00559311467837097,TRUE,""
ENSG00000185015,CA13,fbg,0.00633945808610894,0.785062868547559,0.003891,25.2699,979,0.00423087938579119,TRUE,""
ENSG00000185697,MYBL1,fbg,-0.0238190998407969,0.49813992156856,0.002881,12.696,985,0.00490763308603312,TRUE,""
ENSG00000185728,YTHDF3,fbg,-0.0150361726865691,0.591554054889021,0.009256,23.8671,1823,0.00577683192011904,TRUE,""
ENSG00000186106,ANKRD46,fbg,0.00552795031055901,0.925307750889347,0.001284,9.66,1626,0.00379155307508533,TRUE,""
ENSG00000187954,CYHR1,fbg,-0.0224823578335058,0.617075077451974,0.002155,12.6445,510,0.0043408153481865,TRUE,""
ENSG00000196378,ZNF34,fbg,-0.00179459950263077,0.922905718287002,0.02063,29.5609,388,0.00375942392474102,TRUE,""
ENSG00000197217,ENTPD4,fbg,0.00467277452550337,0.802587348634153,0.0007443,34.2837,2019,0.00441917031537986,TRUE,""
ENSG00000198042,MAK16,fbg,0.0209662994874032,0.383771766671715,0.0008932,22.9225,1608,0.0054171955417294,TRUE,""
ENSG00000198363,ASPH,fbg,0.0494608203613991,0.0522368760834801,0.008579,35.6282,2212,0.0397336299796341,TRUE,""
ENSG00000204839,MROH6,fbg,-0.01439599650366,0.239994715798025,0.001464,38.5905,999,0.00907025469691898,TRUE,""
ENSG00000204882,GPR20,fbg,0.0163307612275625,0.681282050502956,0.002125,20.518,1658,0.0072289819736342,TRUE,""
ENSG00000205133,TRIQK,fbg,0.0193947349254148,0.707660466654552,0.006679,10.9611,1519,0.0052639126011544,TRUE,""
ENSG00000207110,U1,fbg,0.0228981013885227,0.133614402537716,0.001849,16.0053,2427,0.0121320696480652,TRUE,""
ENSG00000214597,TMEM249,fbg,-0.00490522131261545,0.705149527894255,0.002155,19.5188,597,0.00473944771650573,TRUE,""
ENSG00000221914,PPP2R2A,fbg,-0.00345840081251245,0.954860828480677,0.001454,10.3598,2523,0.00628428864487757,TRUE,""
ENSG00000222267,U6,fbg,-0.0520510149609742,0.0219248852983418,0.0002061,14.2237,2830,0.0685122727438954,TRUE,""
ENSG00000222570,AF216667.1,fbg,-0.0117219173073001,0.381573905705021,0.001922,14.7848,2786,0.0149841861374965,TRUE,""
ENSG00000228801,RP11-110G21.1,fbg,-0.000636377007718072,0.979543663087131,0.006966,11.6559,2011,0.00478736635963356,TRUE,""
ENSG00000233609,RP11-62H7.2,fbg,0.00195551175052767,0.738882680363527,7.614e-10,42.3015,2578,1.49238663959632e-06,TRUE,""
ENSG00000240694,PNMA2,fbg,-0.0121170440756384,0.707660466654553,0.001454,17.6044,2562,0.00409555893455295,TRUE,""
ENSG00000241511,RPS15AP24,fbg,0.355518073045791,0.0230426200877618,6.812e-06,5.2122,1686,0.0444021113621027,TRUE,""
ENSG00000245025,RP11-875O11.1,fbg,-0.0123076720479103,0.417474325169508,0.0007443,18.0803,1814,0.00609719215418137,TRUE,""
ENSG00000245164,RP11-622O11.2,fbg,-0.0120297067739847,0.596519838726618,8.212e-06,11.0938,1927,0.00339062549312711,TRUE,""
ENSG00000246089,RP11-115C21.2,fbg,-0.0225887366578814,0.0147269742373694,0.0004184,32.8314,3853,0.078758104358065,TRUE,""
ENSG00000246339,EXTL3-AS1,fbg,-0.00205506365718986,0.950164661941506,1.424e-06,7.2188,1995,0.00355463350326679,TRUE,""
ENSG00000246430,RP11-16M8.2,fbg,-0.15379807391934,0.109598583399116,8.55e-05,5.4611,1986,0.0167902279471726,TRUE,""
ENSG00000246582,RP11-1149O23.3,fbg,0.00539164949792076,0.590258451314772,0.0007443,77.1838,1915,0.00564423301098758,TRUE,""
ENSG00000250031,RP11-114M5.1,fbg,0.0240772892220582,0.617075077451974,3.814e-06,4.9831,2252,0.00618153843440772,TRUE,""
ENSG00000251136,RP11-37B2.1,fbg,0.00165180354657439,0.846529514964004,0.03405,54.5356,1850,0.00408714029386501,TRUE,""
ENSG00000253106,RP11-158K1.3,fbg,0.0940247109570505,0.172682041418748,0.0001238,5.9167,1984,0.0155342021013014,TRUE,""
ENSG00000253210,RP11-809O17.1,fbg,-0.0052007700067907,0.214080075786953,0.002125,59.6372,1644,0.00863842429927911,TRUE,""
ENSG00000253394,LINC00534,fbg,-0.0028707791026716,0.879569359634668,0.03124,12.9167,1698,0.00412805130857081,TRUE,""
ENSG00000253483,CTC-756D1.1,fbg,-0.0326781850154949,0.235030456586428,0.0007443,7.5083,2046,0.00749520381277893,TRUE,""
ENSG00000253549,RP11-317J10.2,fbg,0.000219677623506204,0.975070165131246,0.003891,33.7656,1053,0.00395533698448067,TRUE,""
ENSG00000253595,CTD-3064M3.1,fbg,-0.00105041620431875,0.950164661941506,0.002125,18.4217,1661,0.00383440752943536,TRUE,""
ENSG00000253616,RP11-875O11.3,fbg,-0.00175761905244524,0.75831647352629,0.0007443,52.7779,1868,0.00462802336486406,TRUE,""
ENSG00000253649,PRSS51,fbg,-0.0135772280318152,0.796357116257739,0.0006266,7.4529,2876,0.00385059055962688,TRUE,""
ENSG00000253669,KB-1732A1.1,fbg,-0.0122893479029022,0.819202033401183,0.001151,9.8098,2151,0.00432229215515094,TRUE,""
ENSG00000253967,RP11-333A23.4,fbg,-0.0107817515256838,0.491767700760523,0.0004601,15.1175,1891,0.00999425034587465,TRUE,""
ENSG00000253982,CTD-2336O2.1,fbg,-0.00332873907434034,0.617075077451974,0.002066,38.3966,2736,0.00450962537585437,TRUE,""
ENSG00000253986,CTC-756D1.3,fbg,-0.00920443427067473,0.744358565335066,0.0007443,12.088,2060,0.0057648755945964,TRUE,""
ENSG00000254006,RP11-1D12.2,fbg,0.0308881297741384,0.115081682899341,0.0002605,12.4874,1452,0.013465688705086,TRUE,""
ENSG00000254064,CTD-2530N21.4,fbg,0.0131984680649069,0.43316699063013,0.0008768,15.5274,1819,0.00586270330229025,TRUE,""
ENSG00000254275,RP11-89M16.1,fbg,0.079755047774077,0.168271909075758,0.0002184,8.0548,2383,0.0179760901122925,TRUE,""
ENSG00000254288,RP11-6I2.3,fbg,0.206325015473714,0.00471204704986215,0.0002485,6.4249,1878,0.258782625550643,TRUE,""
ENSG00000254352,RP11-578O24.2,fbg,-0.00391912116695108,0.768668006560809,0.01764,15.7931,1722,0.00438899342668369,TRUE,""
ENSG00000254362,RP11-14I17.3,fbg,0.00922864376932941,0.65672128656377,0.001454,10.9952,2515,0.00457115734942034,TRUE,""
ENSG00000254432,RP11-33I11.2,fbg,-0.0640948448339304,0.468151357247347,0.0001837,5.4962,1970,0.0117804472332053,TRUE,""
ENSG00000254802,AC022182.3,fbg,0.0137673701345052,0.490893192138033,0.0001837,29.5831,1977,0.00683960848089735,TRUE,""
ENSG00000254812,RP11-661A12.12,fbg,-0.017332093528447,0.173291909533135,0.002155,22.8552,972,0.0152490782505078,TRUE,""
ENSG00000255050,RP11-661A12.9,fbg,0.000238455351068117,0.976536189986223,0.001464,28.6123,994,0.00400922287979519,TRUE,""
ENSG00000255310,AF131215.2,fbg,-0.00462325758520224,0.472294969945709,0.0006266,36.8911,2838,0.00477591017728399,TRUE,""
ENSG00000255354,RP11-148O21.2,fbg,-0.0514737220911824,0.133614402537716,0.0006266,14.1673,1989,0.0132584921139512,TRUE,""
ENSG00000255518,RP11-148O21.4,fbg,-0.0124810440932591,0.208701910672357,0.0006266,24.913,1976,0.00879424690100074,TRUE,""
ENSG00000255559,ZNF252P-AS1,fbg,-0.0721331349914956,0.417742017975973,0.03288,9.6144,338,0.00946473457499871,TRUE,""
ENSG00000259758,CTA-204B4.6,fbg,0.027084027062473,0.302423598900007,0.001645,8.6834,1872,0.00651998420061811,TRUE,""
ENSG00000259891,CTA-204B4.2,fbg,0.022857514173487,0.475050524053953,0.001645,9.4316,1898,0.00649338943432178,TRUE,""
ENSG00000261220,RP11-629O1.2,fbg,0.0420372254858867,0.473579798269008,0.001922,26.3536,2946,0.0180590282310146,TRUE,""
ENSG00000261451,RP11-981G7.1,fbg,0.0568315650232409,0.0593334667549941,0.0006266,8.1002,2847,0.0458672493594342,TRUE,""
ENSG00000261542,RP11-16E18.3,fbg,-0.0223870907996519,0.591554054889021,0.009256,14.739,1823,0.005773615255605,TRUE,""
ENSG00000266289,RP11-1C8.6,fbg,-0.00190769217142164,0.925885085858511,0.001151,12.978,2119,0.00517739970646543,TRUE,""
ENSG00000269918,AF131215.9,fbg,-0.00468261034500952,0.472294969945709,0.0006266,36.4235,2844,0.00477525825963034,TRUE,""
ENSG00000005238,FAM214B,fbg,-0.053872816884183,0.793677293317389,0.007417,8.6849,1404,0.0160702402682914,TRUE,""
ENSG00000056586,RC3H2,fbg,0.0786359377408013,0.154961749568421,0.004648,14.4607,1650,0.0137567959333852,TRUE,""
ENSG00000059769,DNAJC25,fbg,0.0707367082867561,0.161513318467542,0.0008985,15.6854,2135,0.0135210639378703,TRUE,""
ENSG00000070061,IKBKAP,fbg,0.0116872054160018,0.769764521126951,7.815e-08,18.1801,3046,0.000375054384002157,TRUE,""
ENSG00000070610,GBA2,fbg,-0.0145425607767959,0.347528523523374,0.007461,58.5195,1343,0.0100450056693201,TRUE,""
ENSG00000081377,CDC14B,fbg,0.108284837427135,0.260589034273618,0.0007976,7.3583,1513,0.00958207355841636,TRUE,""
ENSG00000085265,FCN1,fbg,0.00472591235571535,0.480261302753423,0.0001011,93.6653,2094,0.00462413983989892,TRUE,""
ENSG00000090054,SPTLC1,fbg,-0.128012314214338,0.195163472029178,0.0002433,7.9258,1763,0.00981111708952478,TRUE,""
ENSG00000095261,PSMD5,fbg,-0.0122220569218269,0.57377540363273,0.004221,26.2149,1608,0.00453324596976074,TRUE,""
ENSG00000095321,CRAT,fbg,0.00921259513947807,0.303286223069842,0.003991,69.949,1557,0.00588276891631944,TRUE,""
ENSG00000095397,DFNB31,fbg,-0.0115176525752599,0.531971058097401,0.0002867,30.7472,2642,0.00456152695413035,TRUE,""
ENSG00000106686,SPATA6L,fbg,0.121603004690579,0.0955807045456294,5.227e-09,14.3447,2806,0.000361321860367044,TRUE,""
ENSG00000106692,FKTN,fbg,-0.00781474511268795,0.855725415320072,0.002124,13.641,2234,0.0039971586681624,TRUE,""
ENSG00000106733,NMRK1,fbg,0.00363320638427649,0.680511892901687,0.0006592,110.4152,2273,0.00406203967707675,TRUE,""
ENSG00000106771,TMEM245,fbg,0.0147004450166281,0.205976780516934,7.815e-08,48.2876,2937,0.000537620528377604,TRUE,""
ENSG00000106780,MEGF9,fbg,-0.00586070807742579,0.606447146740021,0.004221,54.0871,1796,0.00518928908772728,TRUE,""
ENSG00000106785,TRIM14,fbg,-0.026151782427857,0.406952608509977,0.0001855,20.871,2065,0.00656012798656944,TRUE,""
ENSG00000106804,C5,fbg,0.0186867194425867,0.0915072499234822,0.004221,76.0214,1665,0.0161590872963153,TRUE,""
ENSG00000106829,TLE4,fbg,-0.0695677874255715,0.0660863042116771,0.0006887,17.34,2545,0.0237806591781498,TRUE,""
ENSG00000106868,SUSD1,fbg,0.00220547927933109,0.796357116257739,0.0008985,91.9172,2194,0.00385517431691183,TRUE,""
ENSG00000106976,DNM1,fbg,-0.0364555434251777,0.787752103714477,0.00318,16.0972,1140,0.0157552327231883,TRUE,""
ENSG00000106992,AK1,fbg,-0.037822013518245,0.0827950413183351,0.00318,26.5199,1118,0.0259770750992068,TRUE,""
ENSG00000106993,CDC37L1,fbg,0.011387912924287,0.879569359634668,5.227e-09,7.7412,2772,7.15714510931499e-05,TRUE,""
ENSG00000107020,PLGRKT,fbg,-0.00687421086982542,0.363302140886898,0.001593,79.4361,2191,0.00412283081863541,TRUE,""
ENSG00000107099,DOCK8,fbg,0.0111145919249348,0.545994183707463,0.0008017,50.8876,2074,0.00742645715742383,TRUE,""
ENSG00000107104,KANK1,fbg,-0.005818131864035,0.69494231503817,0.0008017,50.0004,2656,0.0064089663472724,TRUE,""
ENSG00000107175,CREB3,fbg,0.0822596085076417,0.175468950513596,0.007461,9.0883,1340,0.00938251367379216,TRUE,""
ENSG00000107185,RGP1,fbg,0.0232802116084797,0.155795591786075,0.007461,33.5285,1352,0.01005282961256,TRUE,""
ENSG00000107201,DDX58,fbg,-0.018930946999606,0.383771766671715,0.0001706,25.3854,2381,0.00512408097600508,TRUE,""
ENSG00000107223,EDF1,fbg,0.314256090752623,0.0494969674357421,0.0004699,5.7713,914,0.0393555357269886,TRUE,""
ENSG00000107242,PIP5K1B,fbg,-0.00785294279311657,0.828819213786263,0.001017,17.0362,1536,0.00454313221370181,TRUE,""
ENSG00000107249,GLIS3,fbg,-0.00110310235382334,0.97582537985171,5.227e-09,16.0518,2934,5.33691341109162e-05,TRUE,""
ENSG00000107263,RAPGEF1,fbg,-0.00363579671857155,0.78118295086715,0.002076,84.5443,1763,0.00463360092789522,TRUE,""
ENSG00000107282,APBA1,fbg,-0.147294672948459,0.129486728502174,0.001017,5.6155,2101,0.0115462500030918,TRUE,""
ENSG00000107341,UBE2R2,fbg,-0.00832748473498275,0.906347316282193,0.001671,8.4482,1702,0.0067471744291861,TRUE,""
ENSG00000119314,PTBP3,fbg,0.00137134490274276,0.948559264755632,0.0008985,23.3188,2188,0.00353337066007497,TRUE,""
ENSG00000119318,RAD23B,fbg,0.00633278237706061,0.808451451773901,0.001373,22.4101,2418,0.00461352845617996,TRUE,""
ENSG00000119321,FKBP15,fbg,0.00300017979749362,0.939611968724493,0.0008985,26.2303,2322,0.00736436432098543,TRUE,""
ENSG00000119328,FAM206A,fbg,-0.00241912339465121,0.851268623688206,7.815e-08,22.5538,3001,0.000290959351211285,TRUE,""
ENSG00000119383,PPP2R4,fbg,0.0102607364711906,0.303286223069842,0.003991,62.6071,1565,0.0058856039116743,TRUE,""
ENSG00000119397,CNTRL,fbg,0.0362300107295706,0.081519734043425,0.004221,23.7103,1632,0.0170197873375365,TRUE,""
ENSG00000119401,TRIM32,fbg,0.00264058999959529,0.927564826606211,0.005365,20.1857,2323,0.0039841928879413,TRUE,""
ENSG00000119408,NEK6,fbg,0.0156741679249339,0.302867777010297,0.004123,66.8705,1441,0.0209284033687534,TRUE,""
ENSG00000119411,BSPRY,fbg,0.0122834189542524,0.46845203042539,0.0008985,38.2095,2394,0.00577316717913558,TRUE,""
ENSG00000119431,HDHD3,fbg,0.00587419736844696,0.637934810590957,0.0008985,56.7297,2397,0.00716120421816745,TRUE,""
ENSG00000119446,RBM18,fbg,0.00620852184985655,0.821351959007176,0.005443,20.0562,1683,0.00385278343286781,TRUE,""
ENSG00000119457,SLC46A2,fbg,0.00319647097337913,0.796357116257739,0.0008985,49.6381,2211,0.00425096239447077,TRUE,""
ENSG00000119487,MAPKAP1,fbg,0.0270668688367273,0.518822668670191,0.0009504,13.1204,1441,0.00590109609099176,TRUE,""
ENSG00000119509,INVS,fbg,0.0190144650689321,0.302867777010297,0.003104,31.8284,1820,0.00664149615714602,TRUE,""
ENSG00000119514,GALNT12,fbg,0.0657735270253571,0.414852187798404,0.0001855,13.1441,2005,0.0099125784589673,TRUE,""
ENSG00000120156,TEK,fbg,-0.0142985321319296,0.372450881005206,6.168e-05,58.5863,2771,0.0118814011126697,TRUE,""
ENSG00000120158,RCL1,fbg,-0.0123958309152952,0.707660466654553,5.227e-09,17.2316,2757,5.45277376528351e-05,TRUE,""
ENSG00000120217,CD274,fbg,0.052624440991621,0.317310507862914,0.001593,21.1261,2152,0.0122548247559952,TRUE,""
ENSG00000122692,SMU1,fbg,0.0103128621089224,0.605764292132078,0.0001706,27.616,2045,0.00407417168099048,TRUE,""
ENSG00000122705,CLTA,fbg,0.0133490698583441,0.916790334119391,0.007461,9.2851,1503,0.00799683556674837,TRUE,""
ENSG00000122707,RECK,fbg,-0.0614273990691955,0.33317326895895,0.007461,8.6877,1513,0.00600863872177413,TRUE,""
ENSG00000123453,SARDH,fbg,-0.0535280353345765,0.00167307472215232,0.0001011,29.0388,1845,0.353786277885423,TRUE,""
ENSG00000123975,CKS2,fbg,-0.00379394089783976,0.893929766752772,0.0002212,35.7597,1705,0.0070201131953648,TRUE,""
ENSG00000126883,NUP214,fbg,0.00880724882786434,0.841480581121794,0.002076,23.251,1574,0.0130866926067273,TRUE,""
ENSG00000127084,FGD3,fbg,-0.0436029045476001,0.153127451019669,0.009316,45.4674,1839,0.0447939446788583,TRUE,""
ENSG00000127191,TRAF2,fbg,0.00797215631261746,0.797068494359122,0.0004699,19.856,908,0.00388542113161134,TRUE,""
ENSG00000130222,GADD45G,fbg,-0.0585173651880772,0.0999365539385519,0.0002212,10.4082,1866,0.0117889256869793,TRUE,""
ENSG00000130558,OLFM1,fbg,-0.00585313355430643,0.480261302753423,0.0001011,74.9355,2062,0.00461932154278576,TRUE,""
ENSG00000130559,CAMSAP1,fbg,0.332671866335577,0.0124193306515523,0.0004699,24.0774,1797,0.168808651844627,TRUE,""
ENSG00000130653,PNPLA7,fbg,0.00225115011627032,0.883651835100635,0.005096,65.4463,662,0.00738058332164551,TRUE,""
ENSG00000130714,POMT1,fbg,0.00823209025806851,0.847501193268095,0.002076,30.4526,1758,0.00948416900901371,TRUE,""
ENSG00000130723,PRRC2B,fbg,0.0146168447192907,0.793677293317389,0.002089,16.7704,1731,0.00854198735616765,TRUE,""
ENSG00000131669,NINJ1,fbg,-0.0274906118881752,0.0455002638963584,0.009316,52.5567,1791,0.0205578741324914,TRUE,""
ENSG00000135040,NAA35,fbg,-0.0278527224841465,0.368120250693519,2.685e-05,22.9289,1904,0.00548723808388624,TRUE,""
ENSG00000135046,ANXA1,fbg,-0.0198409555029265,0.126162397742482,0.000611,46.6271,1926,0.0101669838878812,TRUE,""
ENSG00000135047,CTSL1,fbg,0.00401954391666085,0.605764292132078,0.0001835,67.3181,2219,0.00387998318428921,TRUE,""
ENSG00000135052,GOLM1,fbg,-0.015834144213792,0.369486364619542,2.685e-05,52.1983,1902,0.0042398958464642,TRUE,""
ENSG00000135069,PSAT1,fbg,0.00162204804388894,0.900523550339774,0.003165,52.4047,2138,0.0047821023639401,TRUE,""
ENSG00000135070,ISCA1,fbg,-0.0359515457962085,4.85499477133777e-05,2.685e-05,39.6902,1974,0.919375066411748,TRUE,""
ENSG00000136807,CDK9,fbg,-0.192692791730237,0.172682041418748,0.00318,12.2302,1099,0.0319709526460273,TRUE,""
ENSG00000136811,ODF2,fbg,-0.0147399800102941,0.580515713596355,0.004001,25.3592,1356,0.00532086487971302,TRUE,""
ENSG00000136816,TOR1B,fbg,-0.0178691735563002,0.198542793686662,0.00115,50.5986,1847,0.0111699965157882,TRUE,""
ENSG00000136819,C9orf78,fbg,-0.00948251062787006,0.198542793686662,0.00115,92.9263,1824,0.010400821554886,TRUE,""
ENSG00000136824,SMC2,fbg,-0.0198797006876526,0.381573905705021,0.0006649,25.0708,2916,0.00530706065835543,TRUE,""
ENSG00000136827,TOR1A,fbg,-0.0184418717091806,0.251357310325028,0.00115,37.6426,1839,0.00764167608528573,TRUE,""
ENSG00000136828,RALGPS1,fbg,-0.00528847807816343,0.617075077451974,0.0009504,61.6258,1650,0.00478259607514977,TRUE,""
ENSG00000136840,ST6GALNAC4,fbg,-0.0700026707577207,0.0607927235305227,0.00318,19.0704,1115,0.0272817048867891,TRUE,""
ENSG00000136854,STXBP1,fbg,-0.10583517427598,0.353493138887346,0.00318,15.0853,1178,0.0165591754876545,TRUE,""
ENSG00000136861,CDK5RAP2,fbg,-0.0120339233528429,0.253097908947116,0.004221,75.8833,1817,0.00974246860463119,TRUE,""
ENSG00000136869,TLR4,fbg,-0.00528986530160405,0.707660466654553,0.00158,72.9024,2790,0.00609851329092736,TRUE,""
ENSG00000136870,ZNF189,fbg,0.045934743696263,0.175120740107843,0.01009,30.6596,2744,0.0185025370666241,TRUE,""
ENSG00000136872,ALDOB,fbg,0.0149616639010487,0.651547872829126,0.01009,15.9946,2753,0.00415346867543151,TRUE,""
ENSG00000136874,STX17,fbg,0.02519392523214,0.245523853695853,0.003104,25.4339,1678,0.00868010662611016,TRUE,""
ENSG00000136875,PRPF4,fbg,0.0170156833457804,0.665427150454072,0.0008985,16.7375,2377,0.00788153031280052,TRUE,""
ENSG00000136877,FPGS,fbg,-0.0359821979954046,0.595245548732816,0.00318,8.033,1113,0.00495055734191204,TRUE,""
ENSG00000136878,USP20,fbg,-0.14700397037206,0.198542793686662,0.00115,5.4304,1852,0.010145072193074,TRUE,""
ENSG00000136891,TEX10,fbg,0.0197882215613796,0.855725415320072,0.003104,17.9905,1813,0.0134035009478351,TRUE,""
ENSG00000136895,GARNL3,fbg,-0.0320013078729395,0.920344325445942,0.0009504,5.1246,1448,0.0127011744220058,TRUE,""
ENSG00000136897,MRPL50,fbg,-0.027875429636246,0.39915168514396,0.01009,27.3132,2732,0.00871222535567607,TRUE,""
ENSG00000136950,ARPC5L,fbg,-0.0276478640513952,0.79419309581406,0.004123,7.6372,1251,0.00570655804356689,TRUE,""
ENSG00000137038,C9orf123,fbg,-0.0419091468632007,0.0617034048770949,0.004189,27.4639,3758,0.0249596620102958,TRUE,""
ENSG00000137054,POLR1E,fbg,-0.00181829969644996,0.883651835100635,0.00309,53.6101,1920,0.00500683240569878,TRUE,""
ENSG00000137055,PLAA,fbg,-0.048724939504429,0.510605772861378,6.168e-05,9.1329,2676,0.00649115752800147,TRUE,""
ENSG00000137070,IL11RA,fbg,-0.0298154968422755,0.159649901642811,0.006712,61.588,1346,0.0370001973961627,TRUE,""
ENSG00000137098,SPAG8,fbg,-0.065602021572567,0.0342049695786746,0.007461,19.3691,1360,0.0341229564815672,TRUE,""
ENSG00000137106,GRHPR,fbg,-0.00311616528508397,0.617075077451974,0.00309,122.0541,1874,0.00467467644258054,TRUE,""
ENSG00000137133,HINT2,fbg,0.338858999649136,0.0921409896538883,0.007461,4.5777,1357,0.00735140236092968,TRUE,""
ENSG00000138835,RGS3,fbg,0.0428006683969568,0.139892765510505,0.001917,25.7374,2505,0.0141759123241436,TRUE,""
ENSG00000147862,NFIB,fbg,-0.019263206603675,0.519287272066116,0.004689,26.7972,2828,0.00653974796907082,TRUE,""
ENSG00000147872,PLIN2,fbg,-0.0224690584814095,0.21129954733371,6.948e-05,53.7145,2689,0.00872262780550588,TRUE,""
ENSG00000147874,HAUS6,fbg,-0.0618631409296295,0.0562503652819669,6.948e-05,12.1614,2696,0.0227937270161736,TRUE,""
ENSG00000147894,C9orf72,fbg,0.0189103993144529,0.236329736314398,6.168e-05,66.8329,2834,0.00421242925991558,TRUE,""
ENSG00000147996,CBWD5,fbg,0.134922325849848,0.130760144275022,0.01991,5.1833,470,0.0139250847402058,TRUE,""
ENSG00000148153,INIP,fbg,0.00265734693310131,0.87583596638341,0.0008985,30.1346,2306,0.00364245618297351,TRUE,""
ENSG00000148154,UGCG,fbg,0.0250891510564224,0.716129568855565,0.0008985,14.1894,2135,0.00668035691505879,TRUE,""
ENSG00000148175,STOM,fbg,-0.0442255710213805,0.786707745258045,0.004221,27.1446,1611,0.037920333514376,TRUE,""
ENSG00000148180,GSN,fbg,0.0202831415583933,0.13784315525934,0.004221,85.1636,1645,0.00445453497013742,TRUE,""
ENSG00000148200,NR6A1,fbg,0.0933180540916719,0.116982086023696,0.004123,10.9467,1344,0.0150392948971515,TRUE,""
ENSG00000148204,CRB2,fbg,-0.00148894442688899,0.978438177451517,0.004123,11.7717,1730,0.00452242833034504,TRUE,""
ENSG00000148219,ASTN2,fbg,0.0411785118231241,0.582991993727739,0.005365,12.1034,2489,0.00718661908981616,TRUE,""
ENSG00000148225,WDR31,fbg,-0.0306329473734194,0.831237456877116,0.0008985,7.4436,2386,0.00687374915010155,TRUE,""
ENSG00000148248,SURF4,fbg,-0.0816409346597291,0.326029474369709,0.0001011,6.4547,1849,0.0110443356817718,TRUE,""
ENSG00000148339,SLC25A25,fbg,-0.0300207131468514,0.535884989067038,0.00318,15.1515,1062,0.00684819792435527,TRUE,""
ENSG00000148341,SH3GLB2,fbg,0.0113956751680738,0.364803543676989,0.003991,51.4271,1558,0.00416530201783225,TRUE,""
ENSG00000148343,FAM73B,fbg,0.0608346307748631,0.682942814686758,0.003991,8.4255,1565,0.00899906461979495,TRUE,""
ENSG00000148344,PTGES,fbg,0.0394730333449568,0.344942578828616,0.00115,26.9066,1843,0.0129592870275011,TRUE,""
ENSG00000148356,LRSAM1,fbg,-0.0567738825964305,0.295324879212805,0.00318,14.1086,1295,0.00860092263777936,TRUE,""
ENSG00000148384,INPP5E,fbg,0.00833938815755594,0.51108906411744,0.0004699,82.9514,1078,0.0407253267776995,TRUE,""
ENSG00000148396,SEC16A,fbg,0.0338162467071815,0.0166685028013913,0.0004699,34.7373,1066,0.0639837814896906,TRUE,""
ENSG00000148399,WDR85,fbg,0.00523264905307915,0.941670256652406,0.005096,9.3515,623,0.00432452884124327,TRUE,""
ENSG00000153714,LURAP1L,fbg,0.0564612253528512,0.146270907845163,0.001763,11.7664,2668,0.0145206838768185,TRUE,""
ENSG00000155158,TTC39B,fbg,0.00305904080060496,0.661748776081758,0.0002533,87.4298,2660,0.00386611186791459,TRUE,""
ENSG00000155876,RRAGA,fbg,0.0200243217278595,0.768668006560809,6.948e-05,8.8722,2715,0.00401753371086509,TRUE,""
ENSG00000156017,C9orf41,fbg,-0.0249081516766772,0.627169753539399,0.0006592,12.0663,2264,0.00466925678672708,TRUE,""
ENSG00000157303,SUSD3,fbg,0.0212591579814749,0.13784315525934,0.009316,38.8871,1806,0.0130521603104383,TRUE,""
ENSG00000157693,C9orf91,fbg,0.00377862608721694,0.849944540437619,0.0002867,32.8634,2688,0.00439883727290181,TRUE,""
ENSG00000158122,AAED1,fbg,-0.0596481722570614,0.278660494899244,0.0007976,13.9411,1477,0.0100488977710365,TRUE,""
ENSG00000160345,C9orf116,fbg,0.0154651369903742,0.846529514964004,0.0004699,5.6601,1988,0.00392350484038701,TRUE,""
ENSG00000160408,ST6GALNAC6,fbg,-0.020785228145322,0.0827950413183351,0.00318,60.4325,1119,0.0259532479050489,TRUE,""
ENSG00000160563,MED27,fbg,0.0400023209951726,0.363302140886898,0.002076,12.0978,1838,0.00596680258592558,TRUE,""
ENSG00000164946,FREM1,fbg,-0.215335511783385,0.100792092707838,0.0002533,5.1322,2593,0.0201489524631322,TRUE,""
ENSG00000164978,NUDT2,fbg,0.0191575397577888,0.124394878470488,0.001671,98.9207,1411,0.0060807783736972,TRUE,""
ENSG00000165006,UBAP1,fbg,-0.0522378612284356,0.0999365539385519,0.001671,17.3782,1428,0.0156853641107587,TRUE,""
ENSG00000165025,SYK,fbg,-0.0712562077380215,0.0352684072267446,0.0002433,59.4591,2319,0.0209620008847913,TRUE,""
ENSG00000165029,ABCA1,fbg,-0.0153860475012633,0.732271676747657,0.002442,15.0396,2547,0.004927504029787,TRUE,""
ENSG00000165030,NFIL3,fbg,0.00830128836929594,0.859924253238214,0.0002433,12.8419,2149,0.0040812220292541,TRUE,""
ENSG00000165092,ALDH1A1,fbg,-0.0217282095492118,0.126162397742482,0.000611,42.7677,1907,0.010191954250769,TRUE,""
ENSG00000165121,RP11-213G2.3,fbg,-0.0290437348510192,0.0864762654936655,2.685e-05,14.8454,1878,0.0139377544754861,TRUE,""
ENSG00000165238,WNK2,fbg,-0.050409774479546,0.125707617716504,0.009316,17.3022,1803,0.0132796490439455,TRUE,""
ENSG00000165280,VCP,fbg,-0.0141826677922201,0.363302140886898,0.007417,37.455,1389,0.00584343134121436,TRUE,""
ENSG00000165283,STOML2,fbg,0.00881777425507146,0.916166996259808,0.007417,8.0746,1408,0.00484527736546284,TRUE,""
ENSG00000165688,PMPCA,fbg,-0.172820731363662,0.064532234261389,0.0004699,6.2712,1106,0.0228578976418108,TRUE,""
ENSG00000165689,SDCCAG3,fbg,0.00757735747485083,0.51108906411744,0.0004699,54.9826,1113,0.0116177717960497,TRUE,""
ENSG00000165695,AK8,fbg,0.0102333276117077,0.797068494359122,0.0001166,14.3463,1863,0.00418321121838949,TRUE,""
ENSG00000165698,C9orf9,fbg,-0.0898468901310501,0.603599824611128,0.0001166,5.3491,1879,0.00605906623097547,TRUE,""
ENSG00000165699,TSC1,fbg,-0.0199038917080686,0.682472947499482,0.0001166,16.0429,1879,0.00557384299051635,TRUE,""
ENSG00000167094,TTC16,fbg,-0.0248469330653404,0.125707617716504,0.00318,35.0996,1124,0.0117476914714091,TRUE,""
ENSG00000167136,ENDOG,fbg,0.00321568303585254,0.849944540437619,0.003991,63.8385,1476,0.00918333960887163,TRUE,""
ENSG00000168795,ZBTB5,fbg,-0.0488158422627587,0.331753366775936,0.00309,12.0307,1902,0.00631636694917298,TRUE,""
ENSG00000168913,ENHO,fbg,0.00290927267924874,0.97582537985171,0.003941,5.5273,1377,0.00401425298926051,TRUE,""
ENSG00000169071,ROR2,fbg,0.0620869791723047,0.333348455410026,0.0002433,25.3668,2001,0.0145820687489602,TRUE,""
ENSG00000169155,ZBTB43,fbg,0.0616276316339134,0.176582909707466,0.0009504,14.4142,1744,0.0111000970065942,TRUE,""
ENSG00000169925,BRD3,fbg,-0.0411646646688543,0.00177805059821687,0.0001011,37.627,1935,0.320794216501227,TRUE,""
ENSG00000170835,CEL,fbg,-0.0473418296609894,0.150575972824847,0.0001166,16.4887,1959,0.0101582108981082,TRUE,""
ENSG00000171843,MLLT3,fbg,-0.0268604287571458,0.580515713596355,6.948e-05,13.7369,2327,0.00490532023697416,TRUE,""
ENSG00000172159,FRMD3,fbg,-0.0357493149071607,0.434907241180312,0.00568,27.673,2332,0.0118773490215361,TRUE,""
ENSG00000173611,SCAI,fbg,0.0609129383742186,0.477904197979373,0.004608,7.48,1282,0.00455625699026993,TRUE,""
ENSG00000174038,C9orf131,fbg,-0.237281330412455,0.166863357885141,0.007417,6.8396,1391,0.0239617522849416,TRUE,""
ENSG00000175764,TTLL11,fbg,0.00695067630534146,0.900523550339774,0.005443,10.2169,1773,0.0050786667907122,TRUE,""
ENSG00000178966,RMI1,fbg,0.0171457957898111,0.51108906411744,0.00568,23.7968,2376,0.00515052557591404,TRUE,""
ENSG00000180447,GAS1,fbg,0.0262575703796574,0.261883181151682,2.685e-05,31.0779,2285,0.0070293657792753,TRUE,""
ENSG00000180549,FUT7,fbg,0.0230009634768857,0.0481332081474505,0.0004699,55.0513,847,0.030541859469075,TRUE,""
ENSG00000181090,EHMT1,fbg,-0.00252543437877697,0.932176815837669,0.005096,28.0021,518,0.00506836324545094,TRUE,""
ENSG00000181778,TMEM252,fbg,-0.00450494930190125,0.828819213786263,0.001017,27.9313,1276,0.00459399098330339,TRUE,""
ENSG00000182150,ERCC6L2,fbg,0.0194490917743644,0.738882680363527,0.003959,14.0087,1392,0.00638073307793625,TRUE,""
ENSG00000186130,ZBTB6,fbg,0.0764710800692427,0.22521931428517,0.004648,13.11,1649,0.0120545194910758,TRUE,""
ENSG00000186350,RXRA,fbg,0.132059600112738,0.136392147794979,0.0001011,7.7193,2164,0.0156768218102254,TRUE,""
ENSG00000186638,KIF24,fbg,-0.104289094391956,0.152496364246049,0.001671,15.4875,1401,0.0223606904255664,TRUE,""
ENSG00000187210,GCNT1,fbg,0.0106145577932722,0.738882680363527,0.002093,20.1106,2625,0.00452632860461736,TRUE,""
ENSG00000187764,SEMA4D,fbg,0.00775795985653158,0.595245548732816,0.0002212,39.0051,1739,0.00429095132841795,TRUE,""
ENSG00000187796,CARD9,fbg,-0.0066521199066158,0.51108906411744,0.0004699,73.8453,1160,0.0155673569169793,TRUE,""
ENSG00000187866,FAM122A,fbg,0.0219907256689989,0.826844797716898,0.001017,5.602,1463,0.00419525574158828,TRUE,""
ENSG00000187984,ANKRD19P,fbg,0.0471587658768908,0.0915072499234822,0.009316,18.1709,1783,0.015901817555278,TRUE,""
ENSG00000188647,PTAR1,fbg,-0.00404313107614927,0.902046185045065,0.001017,28.7547,2127,0.00756564840401805,TRUE,""
ENSG00000188959,C9orf152,fbg,-0.00379036293003531,0.855725415320072,8.357e-05,24.7008,2667,0.00399386113515265,TRUE,""
ENSG00000196152,ZNF79,fbg,0.00950298133098033,0.458126425559177,0.00318,43.0238,1349,0.00520538944579777,TRUE,""
ENSG00000196305,IARS,fbg,-0.0280526792185839,0.408754766219334,0.0005301,24.0676,1769,0.00788881556508982,TRUE,""
ENSG00000196730,DAPK1,fbg,-0.00206198623975882,0.920344325445942,0.0001835,88.0458,2317,0.00627401656549798,TRUE,""
ENSG00000196814,MVB12B,fbg,-0.00131236572603506,0.871864744932721,0.0009504,61.0633,1689,0.00378542347048402,TRUE,""
ENSG00000197646,PDCD1LG2,fbg,0.0324497697141288,0.0918508439618683,0.001593,21.7143,2132,0.017086783907148,TRUE,""
ENSG00000197694,SPTAN1,fbg,0.14166403773447,0.288587892348957,0.004001,6.4313,1384,0.00998913301268617,TRUE,""
ENSG00000197958,RPL12,fbg,-0.00345268531335202,0.458126425559177,0.00318,53.4284,1323,0.00482375038587403,TRUE,""
ENSG00000198121,LPAR1,fbg,-0.00457734040551825,0.552679335565412,8.357e-05,99.6513,2417,0.00357459494689783,TRUE,""
ENSG00000198467,TPM2,fbg,-0.0106371149263185,0.402121784699465,0.007461,110.4141,1332,0.010731942322677,TRUE,""
ENSG00000198722,UNC13B,fbg,0.0346644421043795,0.472294969945709,0.007417,11.7878,1426,0.00450666845186306,TRUE,""
ENSG00000198785,GRIN3A,fbg,0.0481980782072441,0.165412255542075,0.01009,15.8798,2790,0.0106690729741154,TRUE,""
ENSG00000198853,RUSC2,fbg,0.0341073145679601,0.166170104682876,0.007461,25.8262,1380,0.0123083795133123,TRUE,""
ENSG00000198876,DCAF12,fbg,0.0831389635601059,0.0481989928236466,0.001671,17.31,1492,0.0361982318644379,TRUE,""
ENSG00000198887,SMC5,fbg,0.115013107632073,0.0856599034048343,0.001017,10.2546,2271,0.0405383178456537,TRUE,""
ENSG00000198917,C9orf114,fbg,-0.0642521836872632,0.370197276411458,0.003991,19.0158,1475,0.0131375233936365,TRUE,""
ENSG00000203993,C9orf37,fbg,0.0114781487235103,0.818739379343837,0.005096,17.0585,588,0.00520432883956354,TRUE,""
ENSG00000204054,RP11-492E3.1,fbg,-0.00859178605587589,0.601164056447899,0.00115,27.4452,1666,0.00589770192872035,TRUE,""
ENSG00000204055,RP11-247A12.2,fbg,-0.0326355187917183,0.0701701422784365,0.003991,14.7529,1590,0.0218189113018435,TRUE,""
ENSG00000204711,C9orf135,fbg,-0.00231967931983026,0.845827892312863,0.001017,82.8341,2148,0.00574200021327399,TRUE,""
ENSG00000213212,NCLP1,fbg,0.00604532621983446,0.660643863540858,0.0004699,18.4293,905,0.00481243064255138,TRUE,""
ENSG00000213557,RP11-240E2.2,fbg,0.0233980725544353,0.107451112978789,7.815e-08,20.9135,2869,0.00131341947601226,TRUE,""
ENSG00000213839,RP11-3J10.4,fbg,-0.00827281992852854,0.591554054889021,0.00309,18.791,1916,0.00804742982459151,TRUE,""
ENSG00000213930,GALT,fbg,0.0373946482062614,0.0591882466367508,0.006712,47.0344,1350,0.0370192207505894,TRUE,""
ENSG00000214888,XXyac-YM21GA2.7,fbg,-0.0410967525789075,0.0995459556044277,0.0001835,20.4373,2160,0.0154802022472594,TRUE,""
ENSG00000221829,FANCG,fbg,0.078466265752044,0.166863357885141,0.007417,21.1403,1402,0.0211508314207985,TRUE,""
ENSG00000224067,RP11-430K21.2,fbg,0.0191656504442378,0.385163873930437,0.0008985,15.6573,2106,0.00596218920042931,TRUE,""
ENSG00000225411,RP11-764K9.1,fbg,0.00375023881024103,0.921645915309972,0.02315,7.1639,11,0.00599605153750953,TRUE,""
ENSG00000226337,RP11-274B18.4,fbg,-0.00249779636225156,0.828819213786263,0.001017,23.0158,1342,0.00455465078310227,TRUE,""
ENSG00000226393,IFNA20P,fbg,-0.0291582712564743,0.317310507862914,1.296e-06,8.265,2175,0.00242517154284043,TRUE,""
ENSG00000226403,RP11-31F19.1,fbg,-0.0100532054252284,0.69494231503817,0.0009199,12.3135,2452,0.00644254690855203,TRUE,""
ENSG00000226752,RP11-27I1.2,fbg,-0.016698476920371,0.0915072499234822,0.004221,126.8509,1596,0.00472675034640907,TRUE,""
ENSG00000227218,RP11-203J24.8,fbg,-0.0141670111063994,0.504985075093846,0.00318,19.9529,1093,0.00899162852252931,TRUE,""
ENSG00000227355,RP11-162D16.2,fbg,-0.00607772351156325,0.707660466654552,0.004221,14.1884,1593,0.00399348384556061,TRUE,""
ENSG00000227603,RP11-165J3.6,fbg,-0.0054820067940482,0.504985075093846,0.00878,39.9408,1777,0.00675266856575309,TRUE,""
ENSG00000228278,ORM2,fbg,-0.00165997173218149,0.911528237909377,0.0002867,41.0543,2598,0.00396915320925447,TRUE,""
ENSG00000229314,ORM1,fbg,-0.00525391543157517,0.578514721507944,0.0002867,61.0617,2587,0.00397178301600173,TRUE,""
ENSG00000230074,RP11-195F19.9,fbg,0.0009927601924425,0.895317338291782,0.006712,37.3582,1333,0.00470753975663512,TRUE,""
ENSG00000231393,RP11-331F9.3,fbg,-0.106664876636823,0.0713444578493436,0.007461,6.5864,1333,0.0343771046605897,TRUE,""
ENSG00000232104,RP11-509J21.1,fbg,0.0110170866124283,0.766561943282691,5.227e-09,12.3931,2896,0.000111930931419777,TRUE,""
ENSG00000232303,RP11-205M20.7,fbg,0.0128407848639978,0.561479628322256,0.0001706,9.2337,2281,0.00514736932269337,TRUE,""
ENSG00000232630,PRPS1P2,fbg,-0.0126290935070072,0.477904197979373,0.007229,15.3465,1228,0.00451593857946038,TRUE,""
ENSG00000233137,RP11-220I1.1,fbg,-0.00164378829723706,0.871864744932721,0.00309,22.5521,1688,0.00381020622283321,TRUE,""
ENSG00000233820,RP11-535M15.2,fbg,-0.048024392954584,0.278660494899244,0.0007976,13.8816,1438,0.0100758526181657,TRUE,""
ENSG00000233961,RP11-87H9.2,fbg,0.00460773763230585,0.921645915309972,0.02315,5.8307,11,0.00686371136805174,TRUE,""
ENSG00000234506,RP11-274B18.2,fbg,-0.00142166299058328,0.828819213786263,0.001017,40.4377,1291,0.00457113964841413,TRUE,""
ENSG00000234771,RP11-395P17.3,fbg,-0.00607655789866551,0.709823590643094,0.00318,41.945,1064,0.00601368575383753,TRUE,""
ENSG00000235007,RP11-344B5.4,fbg,0.00530850544636126,0.607052248071005,0.00115,21.5041,1629,0.00467177550078253,TRUE,""
ENSG00000236156,CHCHD4P3,fbg,-0.00390682830715829,0.732271676747657,0.00309,21.7029,1864,0.0048576307310417,TRUE,""
ENSG00000236403,RP11-447M12.2,fbg,-0.0139157281611566,0.548506235500147,0.0001011,29.0198,2089,0.010861206612135,TRUE,""
ENSG00000241043,TIGD1L2,fbg,0.00709204177655455,0.301951240552087,0.0001706,33.4535,2290,0.00599441980263014,TRUE,""
ENSG00000243754,RP11-125K10.4,fbg,-0.115994728149429,0.0372208503797727,5.227e-09,8.5182,2703,0.000954247896500576,TRUE,""
ENSG00000243888,RP11-548B3.3,fbg,0.0414399396053041,0.230139340443416,0.001017,8.5836,2053,0.0103873179829899,TRUE,""
ENSG00000250559,RP11-397D12.6,fbg,-0.00371407575768228,0.853848301985592,0.00309,11.6655,1853,0.00474780675048686,TRUE,""
ENSG00000254017,IGHEP2,fbg,0.0329586707416533,0.57934082521527,5.227e-09,10.5824,2542,0.000163122925039126,TRUE,""
ENSG00000254396,RP11-56F10.3,fbg,-0.0106885813618554,0.148613996455212,6.168e-05,34.9604,2786,0.011862479683006,TRUE,""
ENSG00000254473,RP11-522I20.3,fbg,0.00428183872953729,0.541126024471668,0.00568,47.0786,2443,0.00512343870995863,TRUE,""
ENSG00000257524,RP11-203J24.9,fbg,-0.0621987442765669,0.0827950413183351,0.00318,12.1703,1110,0.0259962428638359,TRUE,""
ENSG00000260412,RP11-438B23.2,fbg,0.0266467753836006,0.273412340113948,6.168e-05,12.799,2840,0.00889220178558181,TRUE,""
ENSG00000268707,RP11-247A12.7,fbg,0.0168318923666967,0.521008864971642,0.003991,36.5238,1598,0.00967062862999564,TRUE,""
ENSG00000268996,AL807752.1,fbg,0.0191447048014623,0.370927779274681,0.0004699,12.7609,853,0.00607148419876529,TRUE,""
ENSG00000012779,ALOX5,fbg,0.0159225341876041,0.453254704753736,0.004023,26.8299,1299,0.00514865484111816,TRUE,""
ENSG00000015171,ZMYND11,fbg,0.0730406210156932,0.578514721507944,0.0152,7.0909,947,0.00765769796696917,TRUE,""
ENSG00000023041,ZDHHC6,fbg,0.100641772183149,0.256785899295366,7.503e-10,19.121,2056,1.97977218306716e-05,TRUE,""
ENSG00000023839,ABCC2,fbg,-0.0117450912298204,0.698684565645401,9.625e-05,18.1248,1598,0.00405706511440706,TRUE,""
ENSG00000026025,VIM,fbg,0.0151623679688652,0.53419070026645,0.002147,18.106,2098,0.00645140880658822,TRUE,""
ENSG00000026103,FAS,fbg,-0.00716412347494474,0.531971058097401,0.001244,49.1932,2451,0.00461818713180582,TRUE,""
ENSG00000042286,AIFM2,fbg,-0.0381127734719646,0.575479437698054,9.735e-05,26.1048,2685,0.0126979253163569,TRUE,""
ENSG00000047056,WDR37,fbg,-0.130362071204338,0.175683210943973,0.003307,17.5978,2354,0.0243229516065656,TRUE,""
ENSG00000055950,MRPL43,fbg,-0.00200547904775005,0.895317338291782,0.002905,45.9385,1272,0.00476885643711956,TRUE,""
ENSG00000059573,ALDH18A1,fbg,0.0258455690591956,0.499675764943554,0.0003168,18.1838,1936,0.0055525827246082,TRUE,""
ENSG00000062650,WAPAL,fbg,0.0145703880707471,0.718016387438887,0.003326,15.7981,1511,0.00739055321238128,TRUE,""
ENSG00000065618,COL17A1,fbg,0.00382330591837694,0.918308934545483,0.002123,18.5888,1680,0.00480301231081177,TRUE,""
ENSG00000065621,GSTO2,fbg,-0.0204070725725564,0.364803543676989,0.002123,25.1414,1851,0.00562470246427423,TRUE,""
ENSG00000065665,SEC61A2,fbg,-0.0225062247121071,0.0360135690803204,0.0002063,51.5603,2304,0.19387900407917,TRUE,""
ENSG00000065675,PRKCQ,fbg,-0.0457625796071742,0.263119824546096,0.002801,18.0543,2726,0.00901151077509723,TRUE,""
ENSG00000066468,FGFR2,fbg,-0.0124450867573588,0.245523853695853,2.747e-05,53.1876,2544,0.119471271156911,TRUE,""
ENSG00000067064,IDI1,fbg,0.0204392556959402,0.57377540363273,0.003307,15.6465,2284,0.00446985942076441,TRUE,""
ENSG00000072401,UBE2D1,fbg,0.010876367145044,0.232654673754248,0.0006051,87.7705,2265,0.00375383334457496,TRUE,""
ENSG00000072422,RHOBTB1,fbg,0.00872436379829665,0.698684565645401,0.0001708,24.1439,2251,0.00412536592871746,TRUE,""
ENSG00000075073,TACR2,fbg,-0.0487863304117859,0.232654673754248,9.735e-05,13.3003,2165,0.00681657426183196,TRUE,""
ENSG00000075826,SEC31B,fbg,-0.00417501931141891,0.676922239021379,0.001708,69.4352,1471,0.00488275471088777,TRUE,""
ENSG00000076685,NT5C2,fbg,0.0157201727051178,0.513210927875975,0.0004215,42.5896,1330,0.00654055978086957,TRUE,""
ENSG00000078114,NEBL,fbg,0.0197440436603606,0.0894863972765733,1.8e-06,103.3089,1979,0.0381960412034807,TRUE,""
ENSG00000079332,SAR1A,fbg,0.00716407086635373,0.674956824198369,9.735e-05,32.2414,2709,0.0037199111695204,TRUE,""
ENSG00000079393,DUSP13,fbg,0.0635824738704823,0.49813992156856,0.0009215,5.8325,1283,0.0050279272567663,TRUE,""
ENSG00000086475,SEPHS1,fbg,0.0879050511248503,0.198542793686662,0.001383,6.1137,2766,0.00997656504537282,TRUE,""
ENSG00000095464,PDE6C,fbg,-0.301143724840643,0.0278068950269972,0.0007423,6.1974,1855,0.359139404495516,TRUE,""
ENSG00000095585,BLNK,fbg,-0.110450742139638,0.129486728502174,0.0003168,5.082,1958,0.00919777096949896,TRUE,""
ENSG00000095637,SORBS1,fbg,0.0843992136000925,0.241426553382044,0.0003168,8.647,1838,0.0082196345705301,TRUE,""
ENSG00000099204,ABLIM1,fbg,-0.025211571828193,0.516565503095008,0.002007,16.9446,1863,0.00533471396979037,TRUE,""
ENSG00000099246,RAB18,fbg,0.00384135422187096,0.925307750889347,0.002858,13.827,2161,0.00517018776370948,TRUE,""
ENSG00000099282,TSPAN15,fbg,-0.0368442107087172,0.168086495435629,9.735e-05,24.6381,2154,0.00971257883982421,TRUE,""
ENSG00000099284,H2AFY2,fbg,-0.0104261425586082,0.628477445586286,9.735e-05,25.6083,2648,0.00384850683441114,TRUE,""
ENSG00000107438,PDLIM1,fbg,-0.0213665328671979,0.479369457910652,0.001023,23.9871,1742,0.00634009992775295,TRUE,""
ENSG00000107521,HPS1,fbg,0.000911139029657098,0.955695871316436,9.625e-05,39.0033,1911,0.00425204259313374,TRUE,""
ENSG00000107593,PKD2L1,fbg,0.0163350700468756,0.546210515044642,0.001708,48.7262,1575,0.00808299871373266,TRUE,""
ENSG00000107611,CUBN,fbg,-0.00585808942911053,0.467058901715173,0.002147,73.1036,2307,0.0054620101884095,TRUE,""
ENSG00000107614,TRDMT1,fbg,-0.010870014393899,0.762403879061464,0.002147,20.9223,2065,0.00544095068574292,TRUE,""
ENSG00000107643,MAPK8,fbg,0.00423510845536883,0.832012471360641,0.003643,29.2148,1636,0.00409908089111895,TRUE,""
ENSG00000107651,SEC23IP,fbg,-0.116003946451362,0.0718606382258516,0.003049,11.0479,2130,0.0232505114545412,TRUE,""
ENSG00000107669,ATE1,fbg,0.10948606223345,0.138668078414143,2.747e-05,12.5092,2307,0.0172099220300738,TRUE,""
ENSG00000107731,UNC5B,fbg,0.00550128022602158,0.668235141795249,0.0007441,46.8628,2397,0.00453059738017417,TRUE,""
ENSG00000107736,CDH23,fbg,0.00827775842925608,0.477904197979373,0.0005477,62.6101,2197,0.010337556985855,TRUE,""
ENSG00000107738,C10orf54,fbg,0.0410198980615364,0.409371590694505,0.0005477,14.1841,2004,0.00487438997295268,TRUE,""
ENSG00000107742,SPOCK2,fbg,-0.00226559185405176,0.922905718287002,0.0005477,23.57,1588,0.00751290913308376,TRUE,""
ENSG00000107796,ACTA2,fbg,-0.00333607378454492,0.531971058097401,0.001244,144.4932,2411,0.00568530665215734,TRUE,""
ENSG00000107816,LZTS2,fbg,-0.00761230284990934,0.879569359634668,0.002905,11.6916,1267,0.00455666435320948,TRUE,""
ENSG00000107829,FBXW4,fbg,-0.164609529630692,0.496504460907141,0.01059,5.043,1107,0.00829770783296745,TRUE,""
ENSG00000107863,ARHGAP21,fbg,-0.0687280389663061,0.00741917106504457,0.0005491,14.4228,2070,0.0749098272971261,TRUE,""
ENSG00000107897,ACBD5,fbg,0.0801362735787345,0.293129068088163,0.002858,8.9987,2171,0.0079464734095119,TRUE,""
ENSG00000107902,LHPP,fbg,-0.0287755317243336,0.0886237188408589,0.0008266,44.0902,2189,0.00422889524490252,TRUE,""
ENSG00000107929,LARP4B,fbg,0.0116417854901312,0.651547872829126,0.003307,21.4043,1971,0.00411255222084017,TRUE,""
ENSG00000107937,GTPBP4,fbg,-0.00152002937584861,0.922905718287002,0.003307,35.1309,2202,0.00372148845833626,TRUE,""
ENSG00000107957,SH3PXD2A,fbg,-0.058640640764305,0.382811748670737,0.002123,29.1402,1542,0.0190716393909832,TRUE,""
ENSG00000107960,OBFC1,fbg,0.00811758680037325,0.698684565645401,0.002123,17.6522,1599,0.00404431754894421,TRUE,""
ENSG00000107968,MAP3K8,fbg,-0.0327690327918434,0.213535471603718,0.0009483,25.2037,2331,0.0105136948015347,TRUE,""
ENSG00000108010,GLRX3,fbg,-0.1254748189581,0.0499041886618632,0.0002695,12.8708,2789,0.040100178018882,TRUE,""
ENSG00000108021,FAM208B,fbg,-0.0544103170957035,0.271332121892765,0.002973,9.1914,2693,0.0107446592185031,TRUE,""
ENSG00000108064,TFAM,fbg,0.0154048029490397,0.232654673754248,0.0006051,79.0562,2283,0.00375173256736304,TRUE,""
ENSG00000108091,CCDC6,fbg,0.0120164746582894,0.617075077451974,0.0001708,15.8963,2253,0.00401407579351482,TRUE,""
ENSG00000108219,TSPAN14,fbg,0.0152137231559541,0.517593873457392,0.00108,25.2573,1888,0.00534512862704979,TRUE,""
ENSG00000119906,FAM178A,fbg,-0.0118307922266015,0.583426134426407,0.002905,25.4908,1289,0.00439555007764779,TRUE,""
ENSG00000119917,IFIT3,fbg,0.0187500208741355,0.651547872829126,0.001244,13.2663,2503,0.00406701260789364,TRUE,""
ENSG00000119943,PYROXD2,fbg,-0.0266019374461436,0.504985075093846,9.625e-05,14.7205,1913,0.00485842976129147,TRUE,""
ENSG00000119950,MXI1,fbg,0.00228834533925206,0.897332123936804,1.885e-10,31.0557,1923,1.08798058275176e-07,TRUE,""
ENSG00000119953,SMNDC1,fbg,-0.011761964219395,0.821351959007176,1.035e-10,10.5928,1920,3.38371337792448e-08,TRUE,""
ENSG00000119986,AVPI1,fbg,0.0581247853066265,0.627949198524385,0.0001258,19.1803,1781,0.0167573340569654,TRUE,""
ENSG00000120008,WDR11,fbg,-0.00070171994462137,0.927564826606211,2.747e-05,89.347,2442,0.00388830423435827,TRUE,""
ENSG00000120029,C10orf76,fbg,0.062252048195274,0.309807995209414,0.0004215,17.6188,1093,0.0128911190011831,TRUE,""
ENSG00000120051,CCDC147,fbg,0.0246416794723238,0.492893296439634,0.002123,15.6871,1962,0.00509985989765255,TRUE,""
ENSG00000120053,GOT1,fbg,-0.00402785872254095,0.95309266714744,9.625e-05,13.2562,1869,0.00614057678089997,TRUE,""
ENSG00000120057,SFRP5,fbg,0.0244642876810267,0.531971058097401,0.0001258,12.2043,1822,0.00592108502235955,TRUE,""
ENSG00000122376,FAM35A,fbg,-0.0349345580426213,0.182422439451736,0.001143,15.5975,1435,0.0635754092588166,TRUE,""
ENSG00000122861,PLAU,fbg,-0.0469609465915908,0.0370045116164188,0.00196,27.6698,979,0.0362060035826003,TRUE,""
ENSG00000122862,SRGN,fbg,0.00673852539234939,0.780191283863633,9.735e-05,31.5911,2145,0.0048451165312562,TRUE,""
ENSG00000122873,CISD1,fbg,0.0037442097024915,0.813980460416918,0.0006051,104.9733,2277,0.00506671091668126,TRUE,""
ENSG00000122877,EGR2,fbg,0.0745408385351787,0.208368424819709,0.000391,6.2485,1794,0.00825642026301984,TRUE,""
ENSG00000122884,P4HA1,fbg,0.0575761381048373,0.550497415772856,0.0005477,11.85,840,0.0101539847682524,TRUE,""
ENSG00000128815,WDFY4,fbg,0.00140809033411778,0.932463513418651,0.007371,57.6294,1985,0.00711000240820977,TRUE,""
ENSG00000134452,FBXO18,fbg,0.0186452298408669,0.404656761927286,0.002973,39.2012,2768,0.00883583718496533,TRUE,""
ENSG00000134463,ECHDC3,fbg,0.0116514028847401,0.385163873930437,0.0002063,60.9571,2230,0.00665229044141757,TRUE,""
ENSG00000136738,STAM,fbg,0.00858831570905874,0.698684565645401,0.0006451,24.871,2302,0.00625681682858478,TRUE,""
ENSG00000136754,ABI1,fbg,-0.0433384507373549,0.34918555711746,0.002373,18.0386,2303,0.0085276206701748,TRUE,""
ENSG00000138107,ACTR1A,fbg,0.0525363606053815,0.0915072499234822,0.0004215,18.2959,1012,0.0167402141475243,TRUE,""
ENSG00000138115,CYP2C8,fbg,0.110558125711327,0.114616670745644,0.001023,11.0482,1646,0.0176994357341176,TRUE,""
ENSG00000138119,MYOF,fbg,0.00839560094075427,0.826251081180617,0.0007423,34.2252,1893,0.00988191902379282,TRUE,""
ENSG00000138131,LOXL4,fbg,0.0153061034035104,0.846529514964004,0.0001258,6.8836,1850,0.00380072868831578,TRUE,""
ENSG00000138134,STAMBPL1,fbg,-0.0276769204908388,0.276491247419954,0.001244,23.796,2392,0.0077933406129663,TRUE,""
ENSG00000138138,ATAD1,fbg,0.0943200450500971,0.0812306530208798,0.001143,12.8248,1568,0.0311375683580869,TRUE,""
ENSG00000138161,CUZD1,fbg,0.0163973019171128,0.812779285408195,0.001095,9.7699,2384,0.00461587585597456,TRUE,""
ENSG00000138180,CEP55,fbg,-0.00908039722486736,0.927564826606211,0.0007423,5.8808,1889,0.00388897185745334,TRUE,""
ENSG00000138193,PLCE1,fbg,-0.0851732367387004,0.522895216724075,0.0007423,4.6503,1802,0.00467785895820892,TRUE,""
ENSG00000138286,FAM149B1,fbg,0.0408632978199645,0.340161522999706,0.0005477,23.2239,878,0.0100494754663478,TRUE,""
ENSG00000138297,TIMM23,fbg,-0.0384952721942545,0.675505089804624,0.005763,8.3231,1166,0.00578495113343714,TRUE,""
ENSG00000138311,ZNF365,fbg,-0.000908747066053024,0.950164661941506,0.000391,40.2919,1978,0.00448763598532452,TRUE,""
ENSG00000138336,TET1,fbg,0.0528043051297431,0.733172020793637,9.735e-05,5.0029,1647,0.00584139030635057,TRUE,""
ENSG00000148426,PROSER2,fbg,-0.00238517295140972,0.911528237909377,0.0002063,26.7973,2274,0.00431616663315588,TRUE,""
ENSG00000148468,FAM171A1,fbg,0.0195506384331857,0.169131444702671,0.0003474,36.5736,2282,0.00952263505826532,TRUE,""
ENSG00000148481,FAM188A,fbg,0.015839583023541,0.548506235500147,0.001138,23.3185,2067,0.00491636006036061,TRUE,""
ENSG00000148484,RSU1,fbg,0.00360051965360271,0.761866768188248,0.002147,99.1846,2463,0.00442054686978147,TRUE,""
ENSG00000148488,ST8SIA6,fbg,-0.00820010402106505,0.909526060036958,0.002147,9.9063,2173,0.00533148849636813,TRUE,""
ENSG00000148516,ZEB1,fbg,0.15215364280132,0.0905873219215137,0.0009483,7.5409,1949,0.0183059960222126,TRUE,""
ENSG00000148600,CDHR1,fbg,-0.00744927557525111,0.768668006560809,0.00237,23.7497,2646,0.00430831926919641,TRUE,""
ENSG00000148606,POLR3A,fbg,-0.129858511863557,0.381573905705021,0.0001993,4.7813,2347,0.00447903142265963,TRUE,""
ENSG00000148655,C10orf11,fbg,-0.0151794787315023,0.281514632510023,0.0003135,69.6237,1773,0.00493499043062735,TRUE,""
ENSG00000148671,C10orf116,fbg,0.00472756411954125,0.900523550339774,0.001143,13.3306,1407,0.00388843770924442,TRUE,""
ENSG00000148700,ADD3,fbg,-0.0111830572661536,0.624920362458645,0.001776,34.8033,1878,0.0060764732102096,TRUE,""
ENSG00000148773,MKI67,fbg,0.00306011286780765,0.976536189986223,0.000974,5.7865,2822,0.0290505019856826,TRUE,""
ENSG00000148824,MTG1,fbg,-0.0268035568450792,0.139892765510505,0.001723,39.1442,862,0.0145617723595232,TRUE,""
ENSG00000148834,GSTO1,fbg,-0.021250160525467,0.396168007039194,0.002123,23.3746,1828,0.0057723375527256,TRUE,""
ENSG00000148842,CNNM2,fbg,-0.0573320611537085,0.711106547594804,0.0004215,6.1715,1240,0.00679014261616769,TRUE,""
ENSG00000150076,C10orf68,fbg,-0.0130175287877922,0.759511416075572,0.003705,18.7965,2108,0.00625980657029405,TRUE,""
ENSG00000150093,ITGB1,fbg,0.0334567969484217,0.595245548732816,0.003705,9.0445,2204,0.00448798241837144,TRUE,""
ENSG00000150347,ARID5B,fbg,-0.0200704670384326,0.251653892998616,0.002691,36.0713,2029,0.00943999190872391,TRUE,""
ENSG00000150593,PDCD4,fbg,-0.0452028567501983,0.0776132094577024,1.035e-10,23.5469,2165,1.66412959389446e-07,TRUE,""
ENSG00000150867,PIP4K2A,fbg,-0.0365444934240345,0.41325337549364,1.8e-06,12.9043,1412,0.00544029708432889,TRUE,""
ENSG00000151023,ENKUR,fbg,0.0201582458697726,0.644412333769812,0.0005491,15.8832,2154,0.00531324334415279,TRUE,""
ENSG00000151150,ANK3,fbg,-0.0304715502264851,0.0310641492060577,0.0001708,67.3115,2150,0.22444378084183,TRUE,""
ENSG00000151208,DLG5,fbg,-0.0153627207036809,0.166863357885141,0.0001993,55.7245,2361,0.0118278139608562,TRUE,""
ENSG00000151240,DIP2C,fbg,0.025398473131487,0.588048156696901,0.003307,26.9711,1278,0.011227111365644,TRUE,""
ENSG00000151468,CCDC3,fbg,0.00466050203751048,0.772218915230022,0.0002063,42.008,2399,0.0045907636956209,TRUE,""
ENSG00000151532,VTI1A,fbg,0.058138037542702,0.558301743578421,7.503e-10,7.2355,2079,5.34249622384491e-06,TRUE,""
ENSG00000151553,FAM160B1,fbg,-0.00592691211091233,0.738882680363527,0.005418,29.977,1733,0.00385090782175097,TRUE,""
ENSG00000151650,VENTX,fbg,0.0169121592374638,0.617075077451974,0.001723,23.093,1008,0.00665966139876926,TRUE,""
ENSG00000151655,ITIH2,fbg,-0.0431143065438503,0.0142217563008008,0.0001709,31.1245,3036,0.062848762026028,TRUE,""
ENSG00000151893,CACUL1,fbg,-0.0141202605718531,0.552114494149917,2.832e-06,24.9725,1966,0.00529147905688618,TRUE,""
ENSG00000151923,TIAL1,fbg,0.0458417891689759,0.49924658287522,0.001217,9.7073,2015,0.00860405508163,TRUE,""
ENSG00000151929,BAG3,fbg,0.00778500642307475,0.778518657215875,0.001217,20.4709,2008,0.00403667310702744,TRUE,""
ENSG00000152457,DCLRE1C,fbg,-0.0132163529321914,0.802587348634153,0.0003474,14.5881,2536,0.00526050183707239,TRUE,""
ENSG00000152464,RPP38,fbg,0.0549637674016013,0.143867728481615,0.0003474,18.3443,2413,0.0130874161330908,TRUE,""
ENSG00000152465,NMT2,fbg,0.0106492089965561,0.159649901642811,0.0003474,50.4662,2384,0.00996084125307543,TRUE,""
ENSG00000152766,ANKRD22,fbg,-0.0240247835824107,0.511663282695868,0.001244,15.5063,2295,0.0046954737676965,TRUE,""
ENSG00000152778,IFIT5,fbg,-0.00961380405122979,0.545004156790744,0.001244,46.7845,2536,0.00457419959022351,TRUE,""
ENSG00000152782,PANK1,fbg,-0.0388682186682085,0.179318236045376,0.001244,21.4512,2528,0.0101398463253007,TRUE,""
ENSG00000152804,HHEX,fbg,-0.0441340188688798,0.102228126299667,0.0002356,26.9723,1592,0.0181383911941119,TRUE,""
ENSG00000155229,MMS19,fbg,-0.0421904011123134,0.165412255542075,0.0001258,16.563,1690,0.00939089099600561,TRUE,""
ENSG00000155252,PI4K2A,fbg,0.0604571220685025,0.200105868954852,0.0001258,11.9978,1787,0.0122011630756331,TRUE,""
ENSG00000155256,ZFYVE27,fbg,-0.0450510522115351,0.362236832619456,0.0001258,16.1446,1819,0.00718220884354643,TRUE,""
ENSG00000155265,GOLGA7B,fbg,-0.00166575768929738,0.950164661941506,0.0001258,19.5854,1900,0.00376800463363495,TRUE,""
ENSG00000155287,SLC25A28,fbg,-0.0108921024828544,0.747012853671546,9.625e-05,16.3416,1659,0.00626910567085226,TRUE,""
ENSG00000155640,C10orf12,fbg,0.0800605156093472,0.600411028614905,0.0003168,4.8913,1692,0.00816343759114312,TRUE,""
ENSG00000156113,KCNMA1,fbg,-0.0227134597118594,0.00741917106504457,0.0001993,67.4183,2226,0.110578298895438,TRUE,""
ENSG00000156384,SFR1,fbg,-0.0306932814280903,0.504985075093846,0.002123,13.595,1693,0.00633605012669222,TRUE,""
ENSG00000156395,SORCS3,fbg,0.0265948280886376,0.738882680363527,0.002656,13.9822,2098,0.00808455801781954,TRUE,""
ENSG00000156398,SFXN2,fbg,0.0169639350322297,0.463355149269596,0.0004215,34.6264,1068,0.00713062992335109,TRUE,""
ENSG00000156515,HK1,fbg,-0.0354954845586225,0.266520525805011,9.735e-05,19.163,2127,0.00718888015351294,TRUE,""
ENSG00000156521,TYSND1,fbg,-0.00714360440619142,0.628477445586286,9.735e-05,37.3755,2687,0.00385207372219191,TRUE,""
ENSG00000165312,OTUD1,fbg,-0.195569748498804,0.475050524053953,0.0005491,13.5516,1994,0.0382537425424433,TRUE,""
ENSG00000165322,ARHGAP12,fbg,0.0207531583141732,0.13784315525934,0.001454,39.704,1666,0.0120636477955099,TRUE,""
ENSG00000165507,C10orf10,fbg,-0.133608441602277,0.0361498323768589,0.004023,11.7227,1982,0.0432897142719906,TRUE,""
ENSG00000165511,C10orf25,fbg,-0.0047995957342931,0.94021471189421,0.004023,11.0883,1946,0.0048198578351603,TRUE,""
ENSG00000165568,AKR1E2,fbg,0.00391272126489349,0.897986641842342,0.001953,22.705,2821,0.00464153060846645,TRUE,""
ENSG00000165609,NUDT5,fbg,0.0523532978387123,0.000623792590960535,0.0002063,23.8018,2263,0.602816190979426,TRUE,""
ENSG00000165626,BEND7,fbg,0.0230401304095655,0.301951240552087,0.0003474,22.478,2948,0.00615155604460293,TRUE,""
ENSG00000165655,ZNF503,fbg,0.000709576815736753,0.955695871316436,0.0009215,45.5844,1445,0.00428830982057294,TRUE,""
ENSG00000165730,STOX1,fbg,-0.0276651465946302,0.0709877902594543,9.735e-05,81.3446,1993,0.0880589804630755,TRUE,""
ENSG00000165732,DDX21,fbg,0.220702898082202,0.0416463306220434,9.735e-05,8.8554,2095,0.0443267102550078,TRUE,""
ENSG00000165806,CASP7,fbg,0.00791269706063665,0.485821758188089,7.503e-10,71.3018,2131,4.26790319267776e-06,TRUE,""
ENSG00000165813,C10orf118,fbg,-0.00478254958066647,0.954860828480677,0.002007,9.9013,2122,0.00645776945868666,TRUE,""
ENSG00000165832,TRUB1,fbg,-0.0918514969177041,0.0708478257810241,0.005418,10.8523,1735,0.0186753743411982,TRUE,""
ENSG00000165863,C10orf82,fbg,-0.0676191930539587,0.693310696531825,0.003445,7.223,2006,0.00903633711424074,TRUE,""
ENSG00000165879,FRAT1,fbg,-0.0022886237399712,0.879569359634668,0.0003168,39.4167,1611,0.00407977715638473,TRUE,""
ENSG00000165886,UBTD1,fbg,0.389210252465805,0.0148548958361388,0.0001258,8.5694,1712,0.187035988165413,TRUE,""
ENSG00000165996,PTPLA,fbg,0.0127332627370825,0.698684565645401,0.002147,16.7429,2261,0.0040047935303765,TRUE,""
ENSG00000166169,POLL,fbg,0.0625968447567413,0.216721062179052,0.01059,11.9214,1101,0.00800075482618177,TRUE,""
ENSG00000166321,NUDT13,fbg,-0.0275559384736695,0.355967119733731,0.0005477,37.0265,821,0.0114133221226171,TRUE,""
ENSG00000169129,AFAP1L2,fbg,-0.0228789216617675,0.485821758188089,0.002007,17.8942,2012,0.00504258969786803,TRUE,""
ENSG00000169740,ZNF32,fbg,0.00362136893567941,0.87583596638341,9.468e-05,24.5317,2288,0.00450406615321198,TRUE,""
ENSG00000169813,HNRNPF,fbg,0.010072373732359,0.702199590874297,9.468e-05,22.932,2181,0.00428342244821958,TRUE,""
ENSG00000170430,MGMT,fbg,-0.00179814259825277,0.754660563059686,0.0002695,97.7871,2676,0.00391122625072584,TRUE,""
ENSG00000170525,PFKFB3,fbg,0.0275867512622608,0.477904197979373,0.002801,14.1472,2764,0.00524919586267988,TRUE,""
ENSG00000171862,PTEN,fbg,0.0130889380925464,0.802587348634153,0.001143,6.5906,1577,0.00910831881306039,TRUE,""
ENSG00000172538,FAM170B,fbg,0.00627223614569697,0.886403006367064,0.007371,11.5962,2002,0.00428031078440084,TRUE,""
ENSG00000172671,ZFAND4,fbg,0.0409054081805254,0.153127451019669,0.004023,19.547,988,0.0121452965431744,TRUE,""
ENSG00000172731,LRRC20,fbg,0.00780819170802627,0.826844797716898,0.0005736,15.9576,2745,0.0038070873347177,TRUE,""
ENSG00000173145,NOC3L,fbg,0.0128477209699643,0.420499160931281,0.0007423,41.9796,1741,0.00510629882144645,TRUE,""
ENSG00000173848,NET1,fbg,-0.0115805487499901,0.865929441052032,0.002973,17.7242,2735,0.00919100038686365,TRUE,""
ENSG00000174194,AGAP8,fbg,0.000441520157360006,0.927564826606211,0.005763,54.6443,1331,0.00407966761138134,TRUE,""
ENSG00000174196,FAM21D,fbg,0.0479299372845235,0.185071269553557,0.005763,13.6085,1338,0.0235394748604551,TRUE,""
ENSG00000175029,CTBP2,fbg,-0.15561440555437,0.110802922150103,0.0008266,6.7482,2066,0.0149418439261851,TRUE,""
ENSG00000175470,PPP2R2D,fbg,0.00424941921963463,0.846529514964004,0.0003513,16.8627,2148,0.0037017201590827,TRUE,""
ENSG00000177613,CSTF2T,fbg,0.00919104691186327,0.820211678728453,0.002679,18.5017,2218,0.00541614834709283,TRUE,""
ENSG00000178440,LINC00843,fbg,0.0251364820789903,0.524539436435313,0.005763,7.4401,1110,0.00497979382822453,TRUE,""
ENSG00000179988,PSTK,fbg,0.000588811794958162,0.97582537985171,0.001095,27.7037,2322,0.00416569121498886,TRUE,""
ENSG00000180139,RP11-399O19.5,fbg,-0.0246374234116516,0.272740113942454,0.001244,10.2326,2392,0.00651674277812249,TRUE,""
ENSG00000181192,DHTKD1,fbg,0.0073958002959366,0.731705934672859,0.0002063,28.8808,2349,0.00427691705660158,TRUE,""
ENSG00000181915,ADO,fbg,-0.0197813677296991,0.348501423761085,0.000391,26.9951,1854,0.0059400023635671,TRUE,""
ENSG00000182010,RTKN2,fbg,-0.00192688393684742,0.871864744932721,0.000391,54.4555,2034,0.0053649387999601,TRUE,""
ENSG00000182180,MRPS16,fbg,0.0248759782897135,0.606447146740021,0.0005477,23.2421,894,0.00904975718343632,TRUE,""
ENSG00000183049,CAMK1D,fbg,0.0328597410056202,0.0141062829473795,0.0002063,70.4495,2213,0.603672114008081,TRUE,""
ENSG00000183621,ZNF438,fbg,-0.0176422242931794,0.531971058097401,0.0009483,20.1106,2025,0.00461771554076775,TRUE,""
ENSG00000184719,RNLS,fbg,-0.0224261181561721,0.458126425559177,0.001143,18.2555,2118,0.00486896782305114,TRUE,""
ENSG00000185532,PRKG1,fbg,-0.0997849699201995,0.147683849111752,0.002679,11.2288,2193,0.0229179665821334,TRUE,""
ENSG00000185736,ADARB2,fbg,-0.0230762710142484,0.0423257463933924,0.003128,79.7603,2784,0.00460682198953392,TRUE,""
ENSG00000185745,IFIT1,fbg,-0.0335925488041119,0.383320292729733,0.001244,18.0159,2523,0.00682448232852519,TRUE,""
ENSG00000185933,CALHM1,fbg,-0.208358871316747,0.00218022418028017,0.0004215,8.0724,1470,0.287320894019874,TRUE,""
ENSG00000186188,FFAR4,fbg,-0.00184083630243808,0.933586496294755,0.0007423,26.1209,1882,0.00427091424902579,TRUE,""
ENSG00000186862,PDZD7,fbg,-0.00783157051410185,0.900523550339774,0.0214,9.8208,1262,0.00493133498860975,TRUE,""
ENSG00000187164,KIAA1598,fbg,0.00605707469334123,0.409371590694505,0.003445,143.1194,2150,0.0109520206647502,TRUE,""
ENSG00000187522,HSPA14,fbg,-0.124196044629174,0.151904761812853,0.0003474,13.7339,2584,0.0211171370550061,TRUE,""
ENSG00000188234,AGAP4,fbg,-0.000773246445367994,0.900523550339774,0.004023,41.4518,741,0.00394181030231466,TRUE,""
ENSG00000189014,FAM35DP,fbg,-0.124151521666969,0.0321245712076566,0.01319,7.1656,244,0.0555431977579885,TRUE,""
ENSG00000189180,ZNF33A,fbg,0.0272482423818547,0.809756060860832,0.01411,8.113,1005,0.00742843450933244,TRUE,""
ENSG00000196233,LCOR,fbg,0.112603272141804,0.632028809628701,0.0003168,5.3329,1681,0.0103702132810048,TRUE,""
ENSG00000196326,AKR1CL1,fbg,0.0171435232471318,0.71255930200628,0.002969,12.7894,2742,0.00481858826627459,TRUE,""
ENSG00000196372,ASB13,fbg,0.0380611823026432,0.0995459556044277,0.002973,26.1377,2636,0.0154264346608288,TRUE,""
ENSG00000196693,ZNF33B,fbg,0.0377017643722392,0.0335866128968976,9.468e-05,31.886,1104,0.0320601844797081,TRUE,""
ENSG00000196793,ZNF239,fbg,-0.00479643329577189,0.746294336814333,9.468e-05,40.822,2231,0.00422687263730159,TRUE,""
ENSG00000196865,NHLRC2,fbg,-0.0250893559729425,0.71255930200628,7.503e-10,9.9143,2093,4.45552365745856e-06,TRUE,""
ENSG00000196968,FUT11,fbg,0.0746714494213781,0.0559063806460285,0.01244,14.1995,970,0.0270220029903366,TRUE,""
ENSG00000197604,AC022532.1,fbg,0.018662934531308,0.122865441229318,0.0005736,19.7878,2711,0.0136581321642946,TRUE,""
ENSG00000197746,PSAP,fbg,0.0197371721569669,0.734140725142392,0.0005477,16.1779,1908,0.00695045915367563,TRUE,""
ENSG00000197771,MCMBP,fbg,0.00331548086576351,0.841480581121794,0.003049,53.1948,2114,0.00563824717373435,TRUE,""
ENSG00000198018,ENTPD7,fbg,0.0268167748650944,0.82237620599534,9.625e-05,7.3014,1629,0.0060487259679052,TRUE,""
ENSG00000198610,AKR1C4,fbg,0.0307148098669875,0.71255930200628,0.002973,7.8197,2747,0.00449260950963528,TRUE,""
ENSG00000198915,RASGEF1A,fbg,-0.0301859631994069,0.472294969945709,9.468e-05,12.2391,1961,0.00724609027864572,TRUE,""
ENSG00000198924,DCLRE1A,fbg,0.00561531900857508,0.892505031135259,7.503e-10,15.849,2083,4.23375130500048e-06,TRUE,""
ENSG00000198954,KIAA1279,fbg,-0.0452068352194019,0.258884225947615,9.735e-05,13.7724,2117,0.00769049711978721,TRUE,""
ENSG00000203497,RP11-313D6.4,fbg,0.0585395111068619,0.776921327410532,1.035e-10,10.7684,2154,3.10403683719757e-07,TRUE,""
ENSG00000203791,METTL10,fbg,-0.00818890599661571,0.698684565645401,0.0008266,26.0676,2023,0.00388407409852177,TRUE,""
ENSG00000203867,RBM20,fbg,-0.00557431495147962,0.924125711867492,1.035e-10,10.9801,2158,4.46847922591762e-08,TRUE,""
ENSG00000204130,RUFY2,fbg,-0.0786566504639859,0.23820423879927,9.735e-05,10.4098,1505,0.00933322987083806,TRUE,""
ENSG00000204149,AGAP6,fbg,0.00291419176888988,0.668235141795249,0.005763,45.2844,1121,0.00476785166066876,TRUE,""
ENSG00000204161,C10orf128,fbg,-0.00242068492092558,0.871178155583461,0.007371,55.5914,2002,0.00391795468268349,TRUE,""
ENSG00000204164,RP11-508M1.3,fbg,-0.0545942292047353,0.459299994329581,0.003643,9.5778,910,0.0154808537229886,TRUE,""
ENSG00000212743,DKFZP667F0711,fbg,-0.00964430299815171,0.871178155583461,0.002801,8.1736,2675,0.00735396756978548,TRUE,""
ENSG00000213185,FAM24B,fbg,0.0118122611504744,0.812779285408195,0.001095,11.5002,2385,0.00461528718143516,TRUE,""
ENSG00000213277,RP11-332O19.3,fbg,-0.0200657171681058,0.724949369674133,0.0004215,12.2559,1349,0.00679894386956462,TRUE,""
ENSG00000214435,AS3MT,fbg,0.00406882612209003,0.785062868547559,0.0004215,64.3555,1173,0.0055281490724999,TRUE,""
ENSG00000215244,AL137145.1,fbg,0.0233069502430363,0.453254704753736,0.002801,19.3054,2719,0.00616869373055768,TRUE,""
ENSG00000215267,AKR1C7P,fbg,0.00142508768161827,0.851268623688206,0.002973,31.2185,2760,0.00408672436469501,TRUE,""
ENSG00000223820,CFL1P1,fbg,0.0757468433337301,0.110992040456491,0.001143,4.9942,1561,0.018332850385773,TRUE,""
ENSG00000224034,RP11-445P17.8,fbg,-0.000476555905093893,0.925307750889347,0.002973,47.4919,2744,0.0037993721889891,TRUE,""
ENSG00000224195,RP11-574K11.5,fbg,0.0189792452436023,0.716129568855565,0.01244,5.9066,966,0.00563048572067304,TRUE,""
ENSG00000224474,AL355490.1,fbg,0.0231889705007475,0.790271981569015,0.0001258,6.6729,1630,0.0103984004053371,TRUE,""
ENSG00000224596,RP11-202P11.1,fbg,0.015737406728385,0.482241043015876,0.0008466,20.1002,1986,0.00561474924187205,TRUE,""
ENSG00000225527,RP11-383B4.4,fbg,-0.0150629878931088,0.0607927235305228,0.0005834,24.6545,2399,0.0208937183375722,TRUE,""
ENSG00000225830,ERCC6,fbg,-0.00361323708124553,0.922905718287002,0.007371,13.5435,1805,0.00377814927689625,TRUE,""
ENSG00000225936,RP11-501J20.5,fbg,0.0640936179278615,0.267815129705963,0.003445,4.7432,1951,0.00856061884242837,TRUE,""
ENSG00000225948,RP11-554I8.1,fbg,0.0258933513204904,0.212800508179614,0.002801,42.68,2745,0.0152251392287956,TRUE,""
ENSG00000226659,RP11-137H2.4,fbg,-0.0126474353759694,0.518632665552959,0.00108,61.6705,1932,0.00653661126650742,TRUE,""
ENSG00000227268,KLLN,fbg,0.456257266611502,0.348501423761085,0.001143,4.6727,1564,0.08675947083956,TRUE,""
ENSG00000227345,PARG,fbg,-0.0097203211996769,0.747012853671546,0.007371,16.6461,1395,0.00417259779823039,TRUE,""
ENSG00000228403,RP11-563N6.6,fbg,-0.0211272861765567,0.265156633625956,0.007371,12.1595,1929,0.0123311029419617,TRUE,""
ENSG00000228701,RP11-251A15.4,fbg,-0.0272091131559481,0.00125618274546358,3.235e-05,24.2092,1434,0.357529764697983,TRUE,""
ENSG00000229001,ACTBP14,fbg,-0.00972589767904211,0.682472947499482,9.735e-05,11.4551,2083,0.00526452468286382,TRUE,""
ENSG00000229205,LINC00200,fbg,0.0336582149422018,0.622339550672908,0.003307,12.6959,2459,0.00893016706619116,TRUE,""
ENSG00000230091,TMEM254-AS1,fbg,0.0348519342396439,0.207936703496117,0.0008466,25.3787,1943,0.0140814443643775,TRUE,""
ENSG00000230869,CTGLF10P,fbg,-0.0191743290275983,0.535884989067038,0.004023,10.0553,924,0.0465912591763239,TRUE,""
ENSG00000231233,RP11-127L20.6,fbg,0.0033288451517246,0.680511892901687,0.002123,31.1957,1928,0.00450726078379503,TRUE,""
ENSG00000231345,RP11-564C4.6,fbg,-0.00105237979936721,0.771569465555293,0.004463,60.4358,1635,0.00394008557058613,TRUE,""
ENSG00000232229,RP11-248C1.2,fbg,0.00144912877271945,0.855725415320072,0.001244,41.7746,2512,0.00528654625393713,TRUE,""
ENSG00000232470,RP11-313D6.3,fbg,-0.0986524828397696,0.0211354791156063,1.035e-10,5.9432,2154,1.21607728126622e-05,TRUE,""
ENSG00000232706,FAM22HP,fbg,-0.0269483461325027,0.401632246433539,0.004463,6.3553,1613,0.00560598076010141,TRUE,""
ENSG00000232934,RP11-324O2.3,fbg,0.0121874399149901,0.41325337549364,7.503e-10,16.4328,2042,4.51850803143153e-06,TRUE,""
ENSG00000233122,CTAGE7P,fbg,-0.0535809657197163,0.0976712014631225,0.0002695,6.9902,2795,0.0135272564161391,TRUE,""
ENSG00000233261,LINC00264,fbg,0.036367148462083,0.170241395909614,0.002373,17.169,2236,0.00933747594355765,TRUE,""
ENSG00000233387,RP11-342D11.3,fbg,0.00191000606775839,0.879569359634668,0.003705,19.4176,2185,0.00402871146329279,TRUE,""
ENSG00000233665,RP11-523O18.5,fbg,-0.00183077390729113,0.943857355269128,0.007371,19.3001,1988,0.00854826401261341,TRUE,""
ENSG00000234043,RP11-56M3.1,fbg,0.0329127252508505,0.539940330191881,3.235e-05,8.4737,1916,0.0038383004134052,TRUE,""
ENSG00000235150,RP11-186O14.4,fbg,-0.00473205844360469,0.859924253238214,0.001143,10.5598,2241,0.00409566849985684,TRUE,""
ENSG00000237135,DDX10P1,fbg,-0.0047915421105656,0.69635620053955,0.0009483,24.7688,2046,0.00525469587286843,TRUE,""
ENSG00000237149,ZNF503-AS2,fbg,0.00271438787331014,0.955695871316436,0.0009215,12.159,1450,0.00428698208630792,TRUE,""
ENSG00000237797,RP11-472N13.3,fbg,-0.0392998775697604,0.465899718527069,0.001454,5.8664,1712,0.00842220277758943,TRUE,""
ENSG00000237943,PRKCQ-AS1,fbg,-0.0119704661856111,0.212800508179614,0.002801,91.553,2749,0.015225044389368,TRUE,""
ENSG00000238246,RP11-575A19.2,fbg,-0.0104092140268094,0.780191283863633,0.0003154,7.9895,2900,0.00520676605807627,TRUE,""
ENSG00000242288,RP11-464F9.1,fbg,0.0422100657570398,0.129486728502174,0.01244,9.3863,922,0.0114414603348302,TRUE,""
ENSG00000242629,USP6NL-IT1,fbg,-0.0291456663079334,0.633416898529594,0.0002063,7.0062,2295,0.00921392378910985,TRUE,""
ENSG00000243628,RP11-18I14.7,fbg,-0.00950670154916094,0.119813814205544,0.0004215,39.367,987,0.00948699555700329,TRUE,""
ENSG00000251582,RP11-464F9.9,fbg,0.0454806115257339,0.104162558830439,0.01244,7.4572,904,0.0117906592620117,TRUE,""
ENSG00000254635,WAC-AS1,fbg,-0.000699879156778177,0.913909936512377,0.001934,43.1513,2557,0.00427311311969995,TRUE,""
ENSG00000256574,OR13A1,fbg,-0.0318533654185079,0.0833256871946906,0.004023,36.3574,1477,0.0212064685242084,TRUE,""
ENSG00000258539,RP11-12J10.3,fbg,0.0494078527147426,0.133614402537716,0.0008266,7.854,2038,0.0128524925635906,TRUE,""
ENSG00000259812,RP11-5N23.3,fbg,0.020075035317051,0.212800508179614,0.002801,54.6586,2749,0.0152264624041969,TRUE,""
ENSG00000260400,RP11-119F7.5,fbg,-0.156915037531106,0.199217619108388,9.735e-05,6.2182,1739,0.0179969488674168,TRUE,""
ENSG00000260461,RP11-541N10.3,fbg,0.0114727232945654,0.689156516779352,0.002123,16.6245,1587,0.00402321769352838,TRUE,""
ENSG00000260589,RP11-390B4.5,fbg,-0.0699401999773177,0.569749098589275,0.0006451,5.727,2286,0.0114364905924561,TRUE,""
ENSG00000260917,RP11-57H14.4,fbg,-0.010652484327882,0.558301743578421,7.503e-10,16.7117,2108,5.34198935424043e-06,TRUE,""
ENSG00000269772,RP11-178G16.5,fbg,0.00328558945971876,0.897332123936804,0.00196,9.0304,1054,0.00383552277825525,TRUE,""
ENSG00000002330,BAD,fbg,0.13712734476265,0.142889195957406,0.004269,8.1778,992,0.0161092169688182,TRUE,""
ENSG00000005801,ZNF195,fbg,-0.00738338713494811,0.645904258226149,1.615e-05,41.146,1620,0.00338167954622009,TRUE,""
ENSG00000006534,ALDH3B1,fbg,0.0229935701563653,0.46845203042539,0.001034,22.4494,957,0.00588044194404987,TRUE,""
ENSG00000007372,PAX6,fbg,0.0463309203115986,0.398809120942746,0.0006679,10.254,1421,0.00580362439012397,TRUE,""
ENSG00000014216,CAPN1,fbg,0.0163038413063546,0.317310507862914,0.003257,53.6582,952,0.0122038708784483,TRUE,""
ENSG00000020922,MRE11A,fbg,-0.0138003876231617,0.0999365539385519,0.0002126,80.3791,1973,0.0110233200719249,TRUE,""
ENSG00000021300,PLEKHB1,fbg,0.0225930535527295,0.443701622367481,2.919e-08,28.3627,1272,0.000112918010402923,TRUE,""
ENSG00000021762,OSBPL5,fbg,-0.00638190217012665,0.617075077451974,1.615e-05,47.8776,1751,0.0148344179372674,TRUE,""
ENSG00000025434,NR1H3,fbg,-0.0739494401861199,4.90982750761425e-08,4.38e-13,44.7238,832,0.000153855139089438,TRUE,""
ENSG00000026508,CD44,fbg,0.0489633720535169,0.172682041418748,0.0002573,16.3279,2656,0.00859844805474515,TRUE,""
ENSG00000033327,GAB2,fbg,0.0186151828967277,0.668235141795249,0.002656,16.4103,1794,0.00608010815372921,TRUE,""
ENSG00000042429,MED17,fbg,0.0593883395205069,0.560689155852094,2.2e-100,17.442,1978,2.50058023367892e-63,TRUE,""
ENSG00000050165,DKK3,fbg,0.0185623552614746,0.179770040387914,0.002651,56.9962,3051,0.00943769567954395,TRUE,""
ENSG00000051009,FAM160A2,fbg,0.00700061929468167,0.529629670287596,0.0007164,55.8969,3152,0.0047395589991953,TRUE,""
ENSG00000054965,FAM168A,fbg,0.106900379142538,0.0585837286542559,2.919e-08,14.3102,1255,0.000490175461952069,TRUE,""
ENSG00000054967,RELT,fbg,0.0299930293575239,0.0709877902594543,2.919e-08,39.5814,1199,0.000328448302857327,TRUE,""
ENSG00000060749,QSER1,fbg,0.31478585730613,0.00165481856921269,0.001123,15.6427,1676,0.579785714967046,TRUE,""
ENSG00000064199,SPA17,fbg,-0.0258858452875411,0.78331623830721,0.0009512,20.7617,2256,0.014145532514345,TRUE,""
ENSG00000064201,TSPAN32,fbg,-0.00885419632375191,0.560974031478011,1.615e-05,60.6924,1783,0.00430736485116831,TRUE,""
ENSG00000064309,CDON,fbg,0.116036090900332,0.113787670286763,0.001071,10.4113,2340,0.017515124942237,TRUE,""
ENSG00000066382,MPPED2,fbg,-0.0185048978606578,0.580515713596355,0.0004541,20.0901,1616,0.00524675272981135,TRUE,""
ENSG00000068831,RASGRP2,fbg,0.0409853734005169,0.84615250852728,0.003257,5.4627,963,0.00753128109359812,TRUE,""
ENSG00000073921,PICALM,fbg,-0.011156678523079,0.752162308378054,0.0005806,19.044,1918,0.00484559142956982,TRUE,""
ENSG00000074319,TSG101,fbg,-0.0760825403493175,0.235030456586428,0.0008575,8.8621,2026,0.00754112491493962,TRUE,""
ENSG00000075239,ACAT1,fbg,-0.000739390371246868,0.948559264755632,0.0005168,32.301,1767,0.00375532738213124,TRUE,""
ENSG00000076043,REXO2,fbg,-0.394545366934901,0.33789470042481,0.0002343,10.3765,2121,0.0353733269299163,TRUE,""
ENSG00000076053,RBM7,fbg,-0.0631929876896667,0.272740113942453,0.0002343,6.4245,2142,0.00613680838815971,TRUE,""
ENSG00000076706,MCAM,fbg,-0.0877317047037394,0.51108906411744,0.002413,4.6665,1466,0.0021591949166802,TRUE,""
ENSG00000077514,POLD3,fbg,-0.00578545036119463,0.913909936512377,0.001013,12.2764,1542,0.00448075058124761,TRUE,""
ENSG00000084234,APLP2,fbg,-0.0061225491736042,0.936237255972025,0.002059,11.6218,2069,0.0061225749773382,TRUE,""
ENSG00000087365,SF3B2,fbg,0.0194862255962126,0.366823698716426,0.003257,33.6839,784,0.00667838133422098,TRUE,""
ENSG00000095139,ARCN1,fbg,-0.0194645383280551,0.65672128656377,0.0005425,17.4728,1729,0.00590747317976194,TRUE,""
ENSG00000099834,CDHR5,fbg,0.133251632416292,0.34661443250305,0.004036,6.529,821,0.0137361791440991,TRUE,""
ENSG00000109854,HTATIP2,fbg,-0.0185343535293228,0.196938679952046,0.0001127,62.6071,2835,0.0076731298466702,TRUE,""
ENSG00000109927,TECTA,fbg,0.141963042567284,0.110802922150103,8.915e-05,7.3977,2034,0.0249018427733632,TRUE,""
ENSG00000109929,SC5DL,fbg,-0.0191274307767683,0.52932793778425,8.915e-05,33.26,2032,0.00851084146531355,TRUE,""
ENSG00000109944,C11orf63,fbg,0.0281185637828659,0.240764959759277,0.002451,38.6616,2124,0.0165065133484389,TRUE,""
ENSG00000109971,HSPA8,fbg,0.0141208997639678,0.821979274262541,0.0009512,11.268,2152,0.00477886907658657,TRUE,""
ENSG00000110031,LPXN,fbg,0.0176440220640254,0.71769695838687,0.002746,40.251,1775,0.0197595009761609,TRUE,""
ENSG00000110042,DTX4,fbg,0.0515586248170505,0.666197506589673,3.119e-05,6.8607,1726,0.00630684017363976,TRUE,""
ENSG00000110047,EHD1,fbg,0.0393389896838001,0.386827722209834,0.003257,20.1005,989,0.00998198678203919,TRUE,""
ENSG00000110060,PUS3,fbg,-0.0152954986238881,0.332197561388374,0.001016,37.2162,2298,0.00627294762965255,TRUE,""
ENSG00000110063,DCPS,fbg,-0.0101365208246354,0.6467129796159,0.001071,40.435,2432,0.010445938322411,TRUE,""
ENSG00000110079,MS4A4A,fbg,0.00904864196043643,0.617075077451974,3.119e-05,31.1759,1588,0.00392112692596705,TRUE,""
ENSG00000110080,ST3GAL4,fbg,0.0495104975081251,0.228153812895039,0.001071,16.8092,2459,0.00977984355158219,TRUE,""
ENSG00000110092,CCND1,fbg,0.065949428662583,0.305508842003805,0.001034,20.2832,1734,0.00678642083842965,TRUE,""
ENSG00000110104,CCDC86,fbg,0.0309358142325995,0.631820065704664,2.59e-11,13.1807,1476,6.46659083308464e-08,TRUE,""
ENSG00000110108,TMEM109,fbg,-0.00170425195118909,0.922905718287002,2.59e-11,31.2274,1511,3.7279587449826e-08,TRUE,""
ENSG00000110171,TRIM3,fbg,0.0858718838456933,0.0429300147848126,0.0007164,17.2047,2969,0.0333067176843808,TRUE,""
ENSG00000110172,CHORDC1,fbg,-0.14789019381355,0.0100020745224961,0.0005038,6.8634,1608,0.0949372516178232,TRUE,""
ENSG00000110200,ANAPC15,fbg,-0.00521833833676248,0.846529514964004,2.919e-08,10.2396,1341,8.33560582143325e-05,TRUE,""
ENSG00000110237,ARHGEF17,fbg,-0.0061057224034093,0.70173553985783,2.919e-08,53.9837,1175,0.000105334956961874,TRUE,""
ENSG00000110315,RNF141,fbg,-0.0147628582599732,0.49813992156856,0.004647,25.3203,2536,0.00469358098137057,TRUE,""
ENSG00000110321,EIF4G2,fbg,0.00561211151036491,0.897332123936804,0.003856,12.6198,2710,0.0037527131752664,TRUE,""
ENSG00000110344,UBE4A,fbg,0.00446027722209925,0.90254345021781,0.0005425,23.9447,1812,0.00582597338989682,TRUE,""
ENSG00000110367,DDX6,fbg,-0.120249744716215,0.483927304446146,0.0005425,5.1709,1656,0.00784436668779742,TRUE,""
ENSG00000110442,COMMD9,fbg,-0.0680721018547693,0.330566734834094,0.0002573,9.3963,2393,0.00725122606904992,TRUE,""
ENSG00000110455,ACCS,fbg,0.00406374452665972,0.725324774655607,0.0001186,100.4221,2309,0.00614790748781648,TRUE,""
ENSG00000110583,NAA40,fbg,-0.0103888135465397,0.802587348634153,0.004269,13.6357,1021,0.00389803420114336,TRUE,""
ENSG00000110619,CARS,fbg,-0.0179214523036888,0.482241043015876,1.615e-05,25.8238,1718,0.00401263935972629,TRUE,""
ENSG00000110628,SLC22A18,fbg,0.00419689698161999,0.718016387438887,1.615e-05,45.123,1707,0.00363726075495421,TRUE,""
ENSG00000110651,CD81,fbg,0.00260785958062314,0.930706071768414,1.615e-05,26.96,1788,0.00446523001227165,TRUE,""
ENSG00000110713,NUP98,fbg,-0.0540468735174115,0.301951240552087,3.192e-05,10.539,2025,0.00459108388276915,TRUE,""
ENSG00000110717,NDUFS8,fbg,-0.00830499617821999,0.644412333769812,0.001034,39.7082,965,0.00514774452392334,TRUE,""
ENSG00000110723,EXPH5,fbg,-0.0350048047017117,0.0708478257810241,0.0005168,28.3021,1438,0.018819915222112,TRUE,""
ENSG00000110756,HPS5,fbg,0.0317065764728155,0.130991357527418,0.0008575,41.6193,1954,0.0122603596137353,TRUE,""
ENSG00000110777,POU2AF1,fbg,0.117964961931116,0.145795140951976,0.00149,7.2426,1835,0.0184976942541693,TRUE,""
ENSG00000118181,RPS25,fbg,0.0272804873513469,0.37577150825113,0.0005425,13.5306,1611,0.00639572359881654,TRUE,""
ENSG00000118369,USP35,fbg,0.0179027031203334,0.450187758755607,0.002656,31.6243,1730,0.00694851495094481,TRUE,""
ENSG00000120451,SNX19,fbg,0.0101179862020622,0.175468950513596,0.0002601,86.1905,2421,0.00578437408689966,TRUE,""
ENSG00000121690,DEPDC7,fbg,-0.0103261428443213,0.595245548732816,0.001123,29.3038,1693,0.00498666526847396,TRUE,""
ENSG00000121691,CAT,fbg,0.00583670619050614,0.661748776081758,0.001061,91.3343,2526,0.00397791339249956,TRUE,""
ENSG00000123892,RAB38,fbg,-0.018765768081284,0.169131444702671,8.87e-05,61.4997,2332,0.00713610031583313,TRUE,""
ENSG00000124920,MYRF,fbg,-0.0382694095888982,0.0389688062455503,2.59e-11,24.461,1272,7.67165120835991e-07,TRUE,""
ENSG00000126500,FLRT1,fbg,-0.0504394540101238,0.518822668670191,0.004269,6.3866,1000,0.00458574314080355,TRUE,""
ENSG00000129158,SERGEF,fbg,0.0831978076859049,0.0225336575784202,0.001192,15.6182,1775,0.0494461201357045,TRUE,""
ENSG00000129749,CHRNA10,fbg,0.0523028760175704,0.317310507862914,1.615e-05,10.5144,1963,0.00426223829704046,TRUE,""
ENSG00000129757,CDKN1C,fbg,0.0572571743868243,0.292509878183885,1.615e-05,8.3415,1686,0.00654106407505789,TRUE,""
ENSG00000131626,PPFIA1,fbg,-0.00576691926637011,0.531971058097401,0.00203,62.3899,1840,0.010554310693753,TRUE,""
ENSG00000132109,TRIM21,fbg,-0.11103071433918,0.0262682913820423,3.192e-05,16.0316,2798,0.0449664850090652,TRUE,""
ENSG00000132275,RRP8,fbg,0.0487020628709983,0.0227398209763687,0.0007164,29.8686,2764,0.0524476440569154,TRUE,""
ENSG00000132740,IGHMBP2,fbg,-0.000540624269170142,0.95167294673366,0.001034,86.0243,1497,0.00410091805180164,TRUE,""
ENSG00000132749,MTL5,fbg,0.0230708775033548,0.145076950287885,0.001034,40.2025,1377,0.00904044452159016,TRUE,""
ENSG00000133317,LGALS12,fbg,-0.0255376563947257,0.238885210088559,0.004269,36.9182,972,0.0107286425380125,TRUE,""
ENSG00000133318,RTN3,fbg,0.0348923178205544,0.271332121892765,0.004269,22.4033,1014,0.00865906479890341,TRUE,""
ENSG00000133321,RARRES3,fbg,-0.0609255353561435,0.353111234506006,0.004269,10.4419,991,0.0077402233347829,TRUE,""
ENSG00000133328,HRASLS2,fbg,-0.385036066386793,0.0511761190432773,0.004269,16.9701,993,0.123606335275271,TRUE,""
ENSG00000133794,ARNTL,fbg,-0.012836169317338,0.366406064176293,0.003236,48.5675,2391,0.00425506167670677,TRUE,""
ENSG00000133800,LYVE1,fbg,0.0234030514949921,0.580132294034059,0.004647,19.7624,2631,0.00656448400617154,TRUE,""
ENSG00000133808,MICALCL,fbg,-0.00207554046716498,0.915278497446585,0.002651,48.8904,2961,0.00545438541346714,TRUE,""
ENSG00000133812,SBF2,fbg,0.0215058084957854,0.232654673754248,0.004647,30.4639,1852,0.00767878383201115,TRUE,""
ENSG00000133816,MICAL2,fbg,0.0287192959243893,0.426688082619747,0.002651,12.8912,3020,0.0059454703734772,TRUE,""
ENSG00000133884,DPF2,fbg,-0.0174571489578272,0.402121784699465,0.003257,30.9658,946,0.00632764370524229,TRUE,""
ENSG00000134574,DDB2,fbg,-0.117895999135476,7.54745785715103e-05,4.38e-13,28.6863,827,5.6184156924127e-06,TRUE,""
ENSG00000134575,ACP2,fbg,-0.0535431147477368,4.90982750761428e-08,4.38e-13,65.3603,833,1.64335890605156e-06,TRUE,""
ENSG00000134780,DAGLA,fbg,0.0567602040816327,0.145795140951976,2.59e-11,15.0528,1292,9.4920707367189e-08,TRUE,""
ENSG00000134802,SLC43A3,fbg,0.0111309533825988,0.938684739206775,0.001612,11.1153,1947,0.0108264347433236,TRUE,""
ENSG00000134824,FADS2,fbg,-0.0455587383594846,0.00224643980500647,2.59e-11,102.7177,1228,1.66937269796747e-07,TRUE,""
ENSG00000134825,TMEM258,fbg,-0.0826065361884161,4.90982750761428e-08,2.59e-11,34.9253,1269,0.100006622718834,TRUE,""
ENSG00000134827,TCN1,fbg,0.0130161025221334,0.626622284221623,3.119e-05,16.5157,1705,0.00454116221881826,TRUE,""
ENSG00000134909,ARHGAP32,fbg,0.0136856034088564,0.60759216041817,0.0001632,24.7121,2062,0.00487612524843075,TRUE,""
ENSG00000134910,STT3A,fbg,-0.00395788095580193,0.808451451773901,0.001016,24.1389,2074,0.0045963166333064,TRUE,""
ENSG00000134917,ADAMTS8,fbg,0.0770027273242491,0.258884225947615,0.0002601,7.7171,2200,0.00667844323393829,TRUE,""
ENSG00000134955,SLC37A2,fbg,-0.00966759623827094,0.552679335565412,0.001016,23.4649,2217,0.00452635705296306,TRUE,""
ENSG00000135365,PHF21A,fbg,-0.19098397227628,0.020263725002348,2.992e-13,12.094,1421,1.05816958254287e-08,TRUE,""
ENSG00000135372,NAT10,fbg,-0.0342645333703672,0.355967119733731,0.002317,23.7743,2283,0.00943970908131178,TRUE,""
ENSG00000137492,PRKRIR,fbg,0.00156649988261824,0.979005461093967,0.001013,10.2298,1653,0.00892867792160107,TRUE,""
ENSG00000137496,IL18BP,fbg,-0.0427305288037998,0.558611152351289,2.919e-08,12.8698,1385,0.000112571320452063,TRUE,""
ENSG00000137501,SYTL2,fbg,-0.0151945105581874,0.626622284221623,0.0005806,48.3136,1924,0.032632379898362,TRUE,""
ENSG00000137509,PRCP,fbg,0.00432940794940916,0.859924253238214,0.001117,24.6685,2146,0.00407873004034512,TRUE,""
ENSG00000137513,NARS2,fbg,0.00328666815526094,0.812779285408195,0.002595,49.4005,2004,0.00472661143095685,TRUE,""
ENSG00000137672,TRPC6,fbg,0.0080005952496355,0.738882680363527,0.002354,26.6938,2483,0.00445735892271286,TRUE,""
ENSG00000137700,SLC37A4,fbg,-0.0192256803244604,0.567709166197353,0.0005425,18.5169,1596,0.00488420242202369,TRUE,""
ENSG00000137709,POU2F3,fbg,-0.057758714897035,0.350084072884968,8.915e-05,15.9744,1995,0.0107910459617913,TRUE,""
ENSG00000137714,FDX1,fbg,0.00146494085711282,0.92968966605199,0.001666,36.2605,1935,0.0040701481404088,TRUE,""
ENSG00000137720,C11orf1,fbg,0.0473713626601648,0.216721062179052,0.00149,15.7283,1845,0.0085626070147717,TRUE,""
ENSG00000137726,FXYD6,fbg,-0.00082383188275669,0.950164661941506,0.0005425,43.2127,1962,0.00379608596552421,TRUE,""
ENSG00000137747,TMPRSS13,fbg,-0.104925085781718,0.093801736856442,0.0005425,10.4824,1916,0.0197541382867098,TRUE,""
ENSG00000137752,CASP1,fbg,-0.0192416063315358,0.553033702717282,0.003904,32.2087,1922,0.0101135925836581,TRUE,""
ENSG00000137757,CASP5,fbg,-0.0149690368243202,0.593007574981209,0.003109,36.7958,1927,0.00895319206417894,TRUE,""
ENSG00000142089,IFITM3,fbg,-0.000347986319193997,0.984946467502462,0.004036,59.8738,602,0.00935997747860551,TRUE,""
ENSG00000142102,ATHL1,fbg,-0.0378541357191599,0.00610783369159228,0.004036,80.3137,588,0.0354186066726987,TRUE,""
ENSG00000142186,SCYL1,fbg,-0.140365158705371,0.395705998300659,0.003257,7.7878,896,0.0119561332494101,TRUE,""
ENSG00000148926,ADM,fbg,0.0118339848430455,0.349538991650093,0.004647,43.6104,2193,0.00683522419478661,TRUE,""
ENSG00000149054,ZNF215,fbg,-0.00784519824614271,0.381573905705021,0.0007164,63.943,2776,0.0068766767436868,TRUE,""
ENSG00000149136,SSRP1,fbg,-0.273727115997679,0.153732550834264,0.001612,6.2419,1988,0.0251037972655545,TRUE,""
ENSG00000149150,SLC43A1,fbg,-0.113948745133922,0.0282678923770804,0.001612,10.5216,1910,0.0541073641859529,TRUE,""
ENSG00000149177,PTPRJ,fbg,0.0786890844901226,0.00379476516759274,4.38e-13,22.6435,921,1.23162700201138e-07,TRUE,""
ENSG00000149201,CCDC81,fbg,-0.0968764627380934,0.182422439451736,0.0005806,10.6477,2158,0.0178872359886184,TRUE,""
ENSG00000149212,SESN3,fbg,0.0136961068454886,0.317310507862914,0.0002126,42.8881,2219,0.00606895892163885,TRUE,""
ENSG00000149218,ENDOD1,fbg,-0.00203540591070605,0.922280913575799,0.0002126,34.742,2186,0.00460527788033891,TRUE,""
ENSG00000149269,PAK1,fbg,0.036347811356912,0.307534923937204,0.004287,24.1816,1570,0.00992866805707392,TRUE,""
ENSG00000149273,RPS3,fbg,0.0165152748906004,0.888166197348053,0.001013,8.2356,1586,0.0115735340864449,TRUE,""
ENSG00000149289,ZC3H12C,fbg,0.000910188034029221,0.927564826606211,0.001666,47.8942,1742,0.00402313960706701,TRUE,""
ENSG00000149292,TTC12,fbg,0.0190180185145834,0.0607927235305228,0.0001673,56.7376,2359,0.0396129554592621,TRUE,""
ENSG00000149294,NCAM1,fbg,0.0283107349409931,0.624133898834781,0.0001673,30.3363,2211,0.0124505777053157,TRUE,""
ENSG00000149308,NPAT,fbg,-0.0355068924355816,0.245523853695853,0.0005168,17.8893,1747,0.00752207933701529,TRUE,""
ENSG00000149357,LAMTOR1,fbg,0.100665253396597,0.0839174202474861,2.919e-08,21.6211,1349,0.000540112564784246,TRUE,""
ENSG00000149403,GRIK4,fbg,-0.00701051787506044,0.541126024471668,8.915e-05,56.2841,2045,0.00517105154470484,TRUE,""
ENSG00000149489,ROM1,fbg,-0.0649145756530701,0.176074423405835,2.59e-11,12.6135,1241,1.10009217570898e-07,TRUE,""
ENSG00000149499,EML3,fbg,-0.00964808228705958,0.216721062179052,2.59e-11,77.9776,1242,2.54053393851431e-07,TRUE,""
ENSG00000149516,MS4A3,fbg,-0.0596803745557572,0.332669938984237,3.119e-05,8.439,1637,0.0056930310763677,TRUE,""
ENSG00000149532,CPSF7,fbg,-0.0382117533562952,0.695572285478057,2.59e-11,8.2806,1429,5.79074174883474e-08,TRUE,""
ENSG00000149534,MS4A2,fbg,-0.0175438599705849,0.416504786576218,3.119e-05,17.6992,1625,0.00521144291723582,TRUE,""
ENSG00000149541,B3GAT3,fbg,-0.06613154070278,0.404656761927286,2.59e-11,8.0475,1240,6.7136328379427e-08,TRUE,""
ENSG00000149547,EI24,fbg,0.0105667674632551,0.778518657215875,0.001016,15.1332,2049,0.00572050255566837,TRUE,""
ENSG00000149548,CCDC15,fbg,0.000399705262832539,0.979543663087131,0.0009512,51.5844,2260,0.00733792724322291,TRUE,""
ENSG00000149564,ESAM,fbg,-0.0945411394847906,0.279661048232695,0.0009512,7.4663,2272,0.00768121192161726,TRUE,""
ENSG00000149573,MPZL2,fbg,-0.0147554651494597,0.171180318164682,0.0005425,99.171,1820,0.0930373988270822,TRUE,""
ENSG00000149575,SCN2B,fbg,0.061251910489344,0.176582909707466,0.0005425,13.188,1858,0.0104931545708836,TRUE,""
ENSG00000149716,ORAOV1,fbg,0.0761751617470792,0.0652195825478357,0.001034,12.556,1742,0.020782607759529,TRUE,""
ENSG00000149743,TRPT1,fbg,0.0525796921802771,0.195291954924253,0.004269,26.3346,996,0.0165706188473579,TRUE,""
ENSG00000149761,NUDT22,fbg,0.107579618902217,0.755716154576793,0.004269,7.821,995,0.0216933612403873,TRUE,""
ENSG00000149782,PLCB3,fbg,-0.0211963948748241,0.778181114955711,0.004269,11.2679,997,0.00646839473033784,TRUE,""
ENSG00000149798,CDC42EP2,fbg,0.0191011838744232,0.695572285478057,0.003257,16.7733,944,0.00595378361814457,TRUE,""
ENSG00000150433,TMEM218,fbg,0.0341511400323438,0.0455002638963584,0.001016,33.2982,2222,0.0297588113560323,TRUE,""
ENSG00000150672,DLG2,fbg,0.0521745128991262,0.196938679952046,0.001117,6.969,2033,0.00910047833734813,TRUE,""
ENSG00000150768,DLAT,fbg,-0.0767095164820187,0.453254704753736,0.00149,5.5391,1886,0.00650466978460257,TRUE,""
ENSG00000150787,PTS,fbg,0.0362396696829944,0.937373513957664,0.0001673,5.155,1908,0.0143223018210768,TRUE,""
ENSG00000151116,UEVLD,fbg,0.0190492765464073,0.640738381802541,0.0008575,19.5166,2053,0.00586703390415921,TRUE,""
ENSG00000151366,NDUFC2,fbg,-0.0230045927228826,0.340342684915724,0.002656,31.7241,1669,0.00900216917304866,TRUE,""
ENSG00000151498,ACAD8,fbg,0.0126427715469276,0.410206998692259,0.0006696,38.9093,2213,0.00557524090888221,TRUE,""
ENSG00000151500,THYN1,fbg,-0.0347674769607756,0.317310507862914,0.0006696,16.8951,2216,0.00635988388669934,TRUE,""
ENSG00000151502,VPS26B,fbg,0.0212654540273422,0.536808016981021,0.0006696,11.7937,2232,0.00469386559118935,TRUE,""
ENSG00000151503,NCAPD3,fbg,-0.0575457083388085,0.0571762815968996,0.0006696,29.921,2324,0.0350842495132993,TRUE,""
ENSG00000151702,FLI1,fbg,0.0105118355430611,0.871864744932721,0.0001632,8.451,2181,0.0039037587641939,TRUE,""
ENSG00000151715,TMEM45B,fbg,-0.0228928925655865,0.189820227402506,0.002059,61.4202,1964,0.00593593458974469,TRUE,""
ENSG00000152219,ARL14EP,fbg,0.0446369526852446,0.0342049695786746,0.0004541,25.7946,1665,0.0326955023106548,TRUE,""
ENSG00000152268,SPON1,fbg,-0.0130256121587391,0.401632246433539,0.007768,35.53,1854,0.00539486724734033,TRUE,""
ENSG00000154114,TBCEL,fbg,-0.112390283461173,0.393691925690234,8.915e-05,4.584,2048,0.00423223469949842,TRUE,""
ENSG00000154127,UBASH3B,fbg,-0.0142753554646335,0.762403879061464,0.002451,14.7392,2075,0.00534524488270515,TRUE,""
ENSG00000154134,ROBO3,fbg,0.00479226924228847,0.635725114509718,0.0009512,45.1945,2247,0.00492588369715925,TRUE,""
ENSG00000156689,GLYATL2,fbg,0.0230620765878269,0.345753978677278,3.119e-05,24.8721,1803,0.00602616821226532,TRUE,""
ENSG00000157570,TSPAN18,fbg,-0.0138374205445588,0.853848301985592,9.549e-13,9.004,2471,6.80371745810181e-09,TRUE,""
ENSG00000158042,MRPL17,fbg,-0.119837075436766,0.44175632742492,0.0007164,14.8535,2750,0.0192225428229417,TRUE,""
ENSG00000159063,ALG8,fbg,0.026665525285167,0.514941407043905,0.002656,18.6908,1731,0.00687324718645073,TRUE,""
ENSG00000160584,SIK3,fbg,-0.022517394054396,0.771569465555293,0.003611,14.229,2279,0.00828495509457859,TRUE,""
ENSG00000160593,AMICA1,fbg,0.0207239091501243,0.171180318164682,0.0005425,44.8908,1844,0.00979113534950841,TRUE,""
ENSG00000160703,NLRX1,fbg,-0.196710441493379,0.114348129742201,0.0005425,10.8586,1497,0.0232643286630084,TRUE,""
ENSG00000162139,NEU3,fbg,-0.0536371718085586,0.700522394103849,0.001013,4.9519,1528,0.00442579456936543,TRUE,""
ENSG00000162174,ASRGL1,fbg,0.0454480344415539,0.397466925422593,2.59e-11,53.8636,1217,5.8645362740529e-08,TRUE,""
ENSG00000162194,C11orf48,fbg,-0.0186182581455946,0.436700030722758,2.59e-11,16.0643,1224,6.49537049245258e-08,TRUE,""
ENSG00000162222,TTC9C,fbg,-0.00885844769077707,0.693037110067263,2.59e-11,27.3094,1205,4.79859219073891e-08,TRUE,""
ENSG00000162231,NXF1,fbg,-0.00213256230955699,0.925307750889347,2.59e-11,25.0403,1187,4.87368241988095e-08,TRUE,""
ENSG00000162298,SYVN1,fbg,0.0729289601688928,0.562624686915214,0.003257,4.9436,955,0.00551495809583622,TRUE,""
ENSG00000162300,ZFPL1,fbg,0.0971403623662956,0.717113780535016,0.003257,4.581,981,0.00586617822431368,TRUE,""
ENSG00000165457,FOLR2,fbg,-0.106708476960146,0.353111234506006,2.919e-08,8.6741,1306,0.000159005598812344,TRUE,""
ENSG00000165458,INPPL1,fbg,0.0360239744687476,0.444446702634924,2.919e-08,25.694,1310,0.000162402714811183,TRUE,""
ENSG00000165490,C11orf82,fbg,-0.0149574416290013,0.651547872829126,0.001117,15.2681,2226,0.00403242933483075,TRUE,""
ENSG00000165494,PCF11,fbg,-0.0358320698685333,0.860548746080912,0.001117,6.292,2305,0.0100506772844399,TRUE,""
ENSG00000165526,RPUSD4,fbg,-0.00999686002608986,0.639723729547061,0.001071,55.1053,2441,0.00544207382098594,TRUE,""
ENSG00000165916,PSMC3,fbg,-0.148237751565567,0.000416484561123242,4.38e-13,14.3822,876,6.66544640785869e-07,TRUE,""
ENSG00000165917,RAPSN,fbg,-0.0787150885712884,0.155795591786075,4.38e-13,9.4865,880,4.08472594483217e-09,TRUE,""
ENSG00000166002,C11orf75,fbg,0.0135909561656204,0.344942578828617,2.2e-100,67.0436,1920,2.60131598420035e-96,TRUE,""
ENSG00000166025,AMOTL1,fbg,-0.00171802259348522,0.990613339346548,0.0002126,13.8966,2094,0.0183243954376433,TRUE,""
ENSG00000166086,JAM3,fbg,0.0184176437875857,0.65672128656377,0.0006696,15.4351,2438,0.00462676187132687,TRUE,""
ENSG00000166105,GLB1L3,fbg,-0.0558309648085287,0.317310507862914,0.0006696,10.5144,2168,0.0063593761885261,TRUE,""
ENSG00000166181,API5,fbg,-0.0147259929048362,0.57377540363273,0.0001186,14.598,2290,0.0039772071304298,TRUE,""
ENSG00000166199,ALKBH3,fbg,0.0412993936401043,0.0708478257810241,0.0001186,24.0543,2357,0.0170281424431426,TRUE,""
ENSG00000166311,SMPD1,fbg,0.0157131840639645,0.870017416498946,0.0007164,9.9193,3034,0.00639090442084639,TRUE,""
ENSG00000166341,DCHS1,fbg,-0.0188980806367844,0.400398865140674,0.0007164,34.8501,2752,0.00717613309152112,TRUE,""
ENSG00000166387,PPFIBP2,fbg,-0.0148827794096615,0.235030456586428,5.144e-07,99.2588,2761,0.00143589951758907,TRUE,""
ENSG00000166436,TRIM66,fbg,0.00256204915695245,0.8078169693465,5.144e-07,111.6691,1887,0.00116596431436409,TRUE,""
ENSG00000166439,RNF169,fbg,0.00339961674122478,0.871864744932721,0.001013,23.7976,1613,0.003698526133367,TRUE,""
ENSG00000166444,ST5,fbg,-0.0133656210696251,0.796357116257739,5.144e-07,10.6542,1807,0.00126453025753728,TRUE,""
ENSG00000166478,ZNF143,fbg,0.0175196755458057,0.341695924523077,0.004647,59.1103,1601,0.0142865701832609,TRUE,""
ENSG00000166575,TMEM135,fbg,0.0173911330366432,0.771569465555293,0.002426,9.2113,2479,0.00384148408108164,TRUE,""
ENSG00000166689,PLEKHA7,fbg,0.0367899303100514,0.125707617716504,0.001192,23.7072,1735,0.012405896518934,TRUE,""
ENSG00000166788,SAAL1,fbg,-0.00496224642346488,0.661748776081758,0.0008575,33.6942,1824,0.00421928283739244,TRUE,""
ENSG00000166801,FAM111A,fbg,0.0503149346193378,0.40189856846954,3.119e-05,19.8371,1741,0.0105281487176722,TRUE,""
ENSG00000166889,PATL1,fbg,-0.0612381807890653,0.508122028681773,3.119e-05,11.9125,1794,0.00924574055584703,TRUE,""
ENSG00000166902,MRPL16,fbg,-0.126292408352366,0.7924288824046,3.119e-05,6.9567,1751,0.0202178373286071,TRUE,""
ENSG00000166927,MS4A7,fbg,0.00876296727615315,0.661748776081758,3.119e-05,28.3862,1542,0.00382300589132952,TRUE,""
ENSG00000166928,MS4A14,fbg,-0.00374636905850409,0.693037110067263,3.119e-05,78.7764,1534,0.00415021709708112,TRUE,""
ENSG00000167257,RNF214,fbg,-0.0367498433508206,0.79661377959839,0.0005425,12.0869,2378,0.0114857552221877,TRUE,""
ENSG00000167283,ATP5L,fbg,-0.0145167855508411,0.802587348634153,0.0005425,17.5059,1785,0.00727569791282021,TRUE,""
ENSG00000167286,CD3D,fbg,0.018442477486332,0.65672128656377,0.0005425,15.2792,1822,0.00626052502479724,TRUE,""
ENSG00000167323,STIM1,fbg,0.0135362118810793,0.671389024011197,3.192e-05,18.3476,2290,0.0032317302783075,TRUE,""
ENSG00000167325,RRM1,fbg,0.00478160094456355,0.738882680363527,3.192e-05,47.2686,2516,0.00396626961389107,TRUE,""
ENSG00000167333,TRIM68,fbg,0.0435794859502754,0.17750249016626,3.192e-05,35.8238,3350,0.0145436530868545,TRUE,""
ENSG00000167799,NUDT8,fbg,0.0566423436421359,0.658590180841495,0.008266,5.9506,736,0.00581672582126543,TRUE,""
ENSG00000168003,SLC3A2,fbg,-0.175869385639547,0.108435903410357,0.0003106,6.1739,1159,0.0159399299414793,TRUE,""
ENSG00000168010,ATG16L2,fbg,0.0466911100185962,0.303681109722319,2.919e-08,12.1585,1059,0.000106384175471439,TRUE,""
ENSG00000168014,C2CD3,fbg,0.0143183926942005,0.846529514964004,2.185e-05,7.4136,1355,0.00367842963323559,TRUE,""
ENSG00000168040,FADD,fbg,-0.00305829338263848,0.846529514964004,0.00203,34.8569,1684,0.00381306157643831,TRUE,""
ENSG00000168060,NAALADL1,fbg,-0.0279764732745471,0.182422439451736,0.003257,26.6886,990,0.00961025958592688,TRUE,""
ENSG00000168061,SAC3D1,fbg,0.00122588036531014,0.973844536648733,0.003257,29.0211,991,0.0078774741187642,TRUE,""
ENSG00000168071,CCDC88B,fbg,-0.00358726754216498,0.731034305380085,0.008993,55.4278,992,0.00443011804887019,TRUE,""
ENSG00000168092,PAFAH1B2,fbg,-0.0117666618757468,0.500045217859739,0.003611,29.4289,2393,0.00632479036363603,TRUE,""
ENSG00000168496,FEN1,fbg,0.200324174010689,0.121141516004118,2.59e-11,5.4455,1265,0.00528545517051487,TRUE,""
ENSG00000168569,TMEM223,fbg,0.00663639645104789,0.719614271159806,2.59e-11,34.2727,1193,4.92205835560866e-08,TRUE,""
ENSG00000170209,ANKK1,fbg,0.00168248326968883,0.949105759830423,0.0001673,31.7388,2372,0.00525672697650458,TRUE,""
ENSG00000170242,USP47,fbg,-0.0331235970737721,0.121529125955424,0.002651,25.7943,3008,0.011938052737277,TRUE,""
ENSG00000170903,MSANTD4,fbg,-0.00376701889000041,0.900523550339774,0.003904,17.0194,2018,0.00415541214581316,TRUE,""
ENSG00000170955,PRKCDBP,fbg,-0.00492886295181725,0.744741090227158,0.0007164,65.5813,3211,0.00565915734316195,TRUE,""
ENSG00000170962,PDGFD,fbg,0.0286933945882051,0.443701622367481,0.003109,22.2921,2366,0.00737358178551552,TRUE,""
ENSG00000171631,P2RY6,fbg,-0.0556436192819478,0.668235141795249,2.919e-08,5.7578,1152,0.000109612720800945,TRUE,""
ENSG00000171714,ANO5,fbg,0.0173060963710672,0.461218374590665,0.0002195,28.7991,2304,0.00561161440536458,TRUE,""
ENSG00000172247,C1QTNF4,fbg,-0.0185497905528869,0.122236355448012,4.38e-13,51.8176,956,3.26566567457558e-09,TRUE,""
ENSG00000172269,DPAGT1,fbg,-0.0207662559005334,0.401632246433539,0.0005425,22.2851,1555,0.0053356244335451,TRUE,""
ENSG00000172367,PDZD3,fbg,-0.0251686799298642,0.258884225947615,0.0005425,24.6669,1517,0.00694915940290102,TRUE,""
ENSG00000172409,CLP1,fbg,-0.00278774100005983,0.950164661941506,0.001612,12.747,1843,0.00451178535937697,TRUE,""
ENSG00000172732,MUS81,fbg,-0.0205425975465146,0.448704997513635,0.003257,21.4907,833,0.00563556817576318,TRUE,""
ENSG00000172757,CFL1,fbg,-0.0139876830394033,0.37951629965665,0.003257,24.7604,837,0.00569792634518562,TRUE,""
ENSG00000172803,SNX32,fbg,0.0378598913316704,0.0542293582432993,0.003257,36.2019,839,0.0300103556557047,TRUE,""
ENSG00000172830,SSH3,fbg,0.0451711728789514,0.194674199649869,0.004057,32.7067,676,0.0172816045957066,TRUE,""
ENSG00000172922,RNASEH2C,fbg,-0.02204752020939,0.154376307933322,0.003257,34.5029,869,0.0109041228058096,TRUE,""
ENSG00000173264,GPR137,fbg,-0.0291842801234665,0.498741913600147,0.004269,14.0281,993,0.00513789299194632,TRUE,""
ENSG00000173442,EHBP1L1,fbg,0.119017366800618,0.0499041886618632,0.003257,12.1773,898,0.0402729415352169,TRUE,""
ENSG00000173457,PPP1R14B,fbg,0.0163772419000963,0.726338697648762,0.004269,9.164,995,0.00571444810833073,TRUE,""
ENSG00000173486,FKBP2,fbg,-0.00475287293042779,0.960122388323255,0.004269,6.7014,998,0.00639158747062818,TRUE,""
ENSG00000173727,AP000769.1,fbg,0.00815792169698449,0.87717967414883,0.003257,15.4417,902,0.0131984204568049,TRUE,""
ENSG00000173825,TIGD3,fbg,0.025104400263343,0.695572285478057,0.003257,12.7623,945,0.00598328587657174,TRUE,""
ENSG00000173992,CCS,fbg,-0.00642925587631013,0.627169753539399,0.003257,74.3667,728,0.00381679223095361,TRUE,""
ENSG00000174080,CTSF,fbg,0.00281046097224335,0.797068494359122,0.003257,73.8165,718,0.00551139545102041,TRUE,""
ENSG00000174370,C11orf45,fbg,0.0306202382772629,0.522895216724075,0.0001632,13.1931,2129,0.0052560471971529,TRUE,""
ENSG00000174483,BBS1,fbg,-0.0094314536828376,0.802587348634153,0.003257,15.0977,705,0.00561295063800624,TRUE,""
ENSG00000174672,BRSK2,fbg,0.0968956257643674,0.205976780516933,8.684e-05,6.7473,1397,0.00795447373288286,TRUE,""
ENSG00000174744,BRMS1,fbg,0.842306764177843,0.0581272742106314,0.003257,7.5205,697,0.0598348916032291,TRUE,""
ENSG00000174804,FZD4,fbg,-0.0301238977220664,0.925307750889347,0.0005806,4.8182,2454,0.00582368912274453,TRUE,""
ENSG00000175104,TRAF6,fbg,-0.085673969404392,0.339807612284684,0.0002573,8.3192,2222,0.00832324125512748,TRUE,""
ENSG00000175274,TP53I11,fbg,-0.0968679820144892,0.897031839071741,2.992e-13,20.1447,2406,8.49841803297173e-09,TRUE,""
ENSG00000175348,TMEM9B,fbg,-0.0105554526840395,0.597289822267907,5.144e-07,47.9982,1725,0.00221177147039354,TRUE,""
ENSG00000175356,SCUBE2,fbg,0.0451538096582878,0.871178155583461,5.144e-07,4.582,1698,0.0112010882135708,TRUE,""
ENSG00000175390,EIF3F,fbg,0.0168984334061575,0.51108906411744,5.144e-07,22.0229,2481,0.00154597404821187,TRUE,""
ENSG00000175463,TBC1D10C,fbg,0.0368808663202991,0.64244305767423,0.008266,11.4997,701,0.00765961521605586,TRUE,""
ENSG00000175482,POLD4,fbg,0.0588347937200341,0.553033702717282,0.004057,9.9157,687,0.00848187957316252,TRUE,""
ENSG00000175538,KCNE3,fbg,0.033552952117811,0.192564416267239,0.001013,22.7663,1471,0.00922227661016129,TRUE,""
ENSG00000175564,UCP3,fbg,0.00280289232173938,0.93537747125395,2.185e-05,18.9873,1322,0.0041344082597358,TRUE,""
ENSG00000175575,PAAF1,fbg,0.0111091149892374,0.453254704753736,2.185e-05,84.4191,1297,0.00843159615943082,TRUE,""
ENSG00000175582,RAB6A,fbg,0.0174584143489305,0.377585975474249,2.919e-08,30.4835,1268,9.46098357992509e-05,TRUE,""
ENSG00000176148,TCP11L1,fbg,-0.00249124116545162,0.802587348634153,0.001123,57.8524,1650,0.0056827448855856,TRUE,""
ENSG00000176485,PLA2G16,fbg,0.01578073089701,0.398421095563973,0.004269,115.9746,999,0.00674154831884601,TRUE,""
ENSG00000177054,ZDHHC13,fbg,0.0627341765528146,0.0105233857318094,0.0001127,31.0476,2363,0.113227602184636,TRUE,""
ENSG00000177098,SCN4B,fbg,0.0388614902031146,0.649436283726755,0.0005425,6.7759,1864,0.00473483273107129,TRUE,""
ENSG00000177105,RHOG,fbg,-0.0878719654304343,0.18036805900975,3.192e-05,14.3548,2169,0.0108775533367066,TRUE,""
ENSG00000177106,EPS8L2,fbg,0.0273291392123675,0.246906995624742,0.004036,24.5408,957,0.0086790054478249,TRUE,""
ENSG00000177112,MRVI1-AS1,fbg,0.0111675059863984,0.580132294034059,0.004647,32.9477,2591,0.0065662007680183,TRUE,""
ENSG00000177236,AP006621.1,fbg,0.0038163811040375,0.552679335565412,0.004036,61.0987,1015,0.0205565858347684,TRUE,""
ENSG00000177685,EFCAB4A,fbg,-0.0155182763469399,0.344176157124169,0.0008733,33.6985,1039,0.00671576887688608,TRUE,""
ENSG00000178105,DDX10,fbg,0.00264348583705434,0.944378761640749,0.0005168,20.2006,1329,0.00530273418896507,TRUE,""
ENSG00000178202,KDELC2,fbg,0.00443175903858865,0.69635620053955,0.0005168,72.3425,1489,0.00543224968604617,TRUE,""
ENSG00000179057,IGSF22,fbg,0.0493955114954202,0.0864762654936656,0.0008575,19.5096,2023,0.0174336479634294,TRUE,""
ENSG00000179532,DNHD1,fbg,-0.0513631353942036,0.00866489672602513,0.0007164,26.6196,2869,0.0948785868101119,TRUE,""
ENSG00000180771,SRSF8,fbg,-0.013542675357704,0.752162308378054,0.0002126,14.4541,2144,0.00438808380370316,TRUE,""
ENSG00000180878,C11orf42,fbg,0.0393039206024563,0.529629670287596,0.0007164,6.3409,3148,0.00499411117976719,TRUE,""
ENSG00000181649,PHLDA2,fbg,0.0107546410687433,0.718016387438887,1.615e-05,15.3596,1711,0.00363847358728007,TRUE,""
ENSG00000181830,SLC35C1,fbg,0.0534574258909426,0.00849891186920233,2.992e-13,33.297,1646,1.74877315130173e-08,TRUE,""
ENSG00000181963,OR52K2,fbg,0.0295814182336065,0.0645322342613889,3.192e-05,35.479,2954,0.0163425691597218,TRUE,""
ENSG00000182048,TRPC2,fbg,-0.00598690607808962,0.831509517776774,1.615e-05,25.5585,1878,0.0116579838668325,TRUE,""
ENSG00000182359,KBTBD3,fbg,-0.0369681061303276,0.379917247034355,0.003904,17.2285,1963,0.00731199260720046,TRUE,""
ENSG00000182919,C11orf54,fbg,0.0107119277797861,0.381573905705021,2.2e-100,46.4456,1985,2.46952715130721e-96,TRUE,""
ENSG00000182934,SRPR,fbg,0.0501065669361001,0.381573905705021,0.001071,9.9468,2464,0.00560854187628894,TRUE,""
ENSG00000183134,PTGDR2,fbg,-0.00376716942411394,0.937074486238219,2.59e-11,12.7327,1480,4.5659327430358e-08,TRUE,""
ENSG00000183562,AC131971.1,fbg,0.0019084962199665,0.894924596681529,1.615e-05,25.8912,1742,0.00530918701920885,TRUE,""
ENSG00000184350,MRGPRE,fbg,-0.0173848932807577,0.49813992156856,1.615e-05,19.413,1757,0.00319870319409598,TRUE,""
ENSG00000184384,MAML2,fbg,0.133926602410264,0.264685639371351,0.003394,7.7087,2125,0.011246379514147,TRUE,""
ENSG00000185085,INTS5,fbg,-0.017525750754126,0.216721062179052,2.59e-11,58.8065,1227,5.81605193172282e-08,TRUE,""
ENSG00000185238,PRMT3,fbg,-0.0137307298405526,0.830324257655795,0.0001127,11.6204,2801,0.00470257266666112,TRUE,""
ENSG00000185475,TMEM179B,fbg,-0.00257244020521714,0.950164661941506,2.59e-11,13.839,1193,4.0229723951251e-08,TRUE,""
ENSG00000186104,CYP2R1,fbg,0.0127982948780012,0.846529514964004,0.002256,8.2503,1914,0.00380774083893955,TRUE,""
ENSG00000186318,BACE1,fbg,-0.0141612941871597,0.49813992156856,0.0005425,26.3066,2371,0.00453299464824216,TRUE,""
ENSG00000186635,ARAP1,fbg,-0.11615343374457,0.0455002638963584,2.919e-08,8.6524,1041,0.000461707743132858,TRUE,""
ENSG00000186642,PDE2A,fbg,-0.0655425539865862,0.338808706669851,2.919e-08,11.9493,980,0.000129645087101564,TRUE,""
ENSG00000187240,DYNC2H1,fbg,0.0324160454096424,0.671389024011197,0.002424,7,2608,0.00906855496423594,TRUE,""
ENSG00000187726,DNAJB13,fbg,0.0130787778986426,0.770541497710554,2.185e-05,18.9001,1306,0.00600494114514446,TRUE,""
ENSG00000188487,INSC,fbg,0.0229080208738463,0.383771766671716,0.002256,19.1486,1759,0.00547544919115299,TRUE,""
ENSG00000188997,KCTD21,fbg,-0.0269762181293294,0.389532704716716,0.002656,21.1779,1738,0.00748943163308073,TRUE,""
ENSG00000196167,C11orf92,fbg,-0.0081428351984672,0.587228165762067,0.00149,39.8978,1819,0.00416934943576641,TRUE,""
ENSG00000196323,ZBTB44,fbg,-0.0218438130444182,0.894924596681529,0.0002601,5.6999,2158,0.0156616603253039,TRUE,""
ENSG00000196565,HBG2,fbg,0.00609237777063283,0.480261302753423,0.002421,38.4676,3670,0.0044356770986804,TRUE,""
ENSG00000196655,TRAPPC4,fbg,0.0161677839763724,0.397857101105797,0.0005425,102.8311,1606,0.0256190244942851,TRUE,""
ENSG00000196914,ARHGEF12,fbg,-0.0353287473493376,0.718016387438887,8.915e-05,6.5497,2064,0.00540816436487526,TRUE,""
ENSG00000196954,CASP4,fbg,0.091473582618671,0.0335866128968976,0.003109,13.2082,1939,0.0382773286616196,TRUE,""
ENSG00000197136,PCNXL3,fbg,-0.019741656720994,0.511663282695868,0.003257,17.2119,882,0.00475872894131605,TRUE,""
ENSG00000197345,MRPL21,fbg,0.000429217268909335,0.95167294673366,0.001034,106.8243,1476,0.00417435208458029,TRUE,""
ENSG00000197702,PARVA,fbg,-0.0205635140163605,0.738882680363527,0.002651,14.6515,2832,0.00707081824362538,TRUE,""
ENSG00000197798,FAM118B,fbg,0.0137972374520068,0.404656761927286,0.001071,53.4716,2447,0.00455350292183452,TRUE,""
ENSG00000198168,SVIP,fbg,0.0718774413954868,0.0118651734770967,0.0008392,15.771,2397,0.0712161572104885,TRUE,""
ENSG00000198382,UVRAG,fbg,-0.0843665952674808,0.0235307342707367,0.001013,16.1612,1662,0.0497227961596632,TRUE,""
ENSG00000198561,CTNND1,fbg,-0.111510319338717,0.146609268931168,0.002274,7.1458,1819,0.0107067422976752,TRUE,""
ENSG00000202522,Y_RNA,fbg,0.144103498109833,0.000587110719503944,2.919e-08,4.7247,1006,0.743928485294838,TRUE,""
ENSG00000204397,CARD16,fbg,0.0108265906596773,0.617075077451974,0.003904,59.7694,1915,0.00543008126075032,TRUE,""
ENSG00000204455,TRIM51BP,fbg,0.051378609540782,0.506923077566772,0.0005038,9.5629,1534,0.0479972217572508,TRUE,""
ENSG00000204922,C11orf83,fbg,0.036300052268247,0.436700030722758,2.59e-11,10.4252,1224,5.81724714469106e-08,TRUE,""
ENSG00000205213,LGR4,fbg,-0.0591322250969018,0.199824657332384,0.001022,15.0001,1811,0.0106214223142758,TRUE,""
ENSG00000205531,NAP1L4,fbg,0.00402232616997718,0.877731041501716,1.615e-05,26.5518,1734,0.00380882394353244,TRUE,""
ENSG00000207445,SNORD15B,fbg,0.0163923556370638,0.900523550339774,0.001013,7.1428,1580,0.00811357284491903,TRUE,""
ENSG00000212093,AP000807.1,fbg,-0.0339501153129018,0.359317338329571,0.001034,20.0543,1257,0.0376422785545429,TRUE,""
ENSG00000213445,SIPA1,fbg,-0.0273288062654462,0.623054874994852,0.003257,18.8876,886,0.0138297685796142,TRUE,""
ENSG00000213713,PIGCP1,fbg,-0.00133088015473433,0.802587348634153,0.001123,43.6911,1647,0.00434264888897382,TRUE,""
ENSG00000214517,PPME1,fbg,0.0437146966985931,0.511663282695868,0.0003777,8.5509,1438,0.00571435632070288,TRUE,""
ENSG00000214530,STARD10,fbg,0.0274231463738741,0.00328854800153258,2.919e-08,55.9709,1048,0.000680016534807904,TRUE,""
ENSG00000214872,SMTNL1,fbg,-0.0409051789364305,0.0155480650128713,0.001612,29.1574,1866,0.0652624086536223,TRUE,""
ENSG00000221968,FADS3,fbg,0.511524904329874,0.000454052514957873,2.59e-11,8.8731,1216,4.05709977190213e-05,TRUE,""
ENSG00000223756,TSSC2,fbg,0.0644236570747064,0.144202845553275,1.615e-05,8.7403,1612,0.0110393086066323,TRUE,""
ENSG00000224513,AC109309.4,fbg,-0.00568498731620028,0.383771766671716,1.615e-05,34.1293,1756,0.00370005546490067,TRUE,""
ENSG00000225101,OR52K3P,fbg,-0.00966007844355978,0.0393406380965115,3.192e-05,54.2583,3031,0.0209203925204935,TRUE,""
ENSG00000226645,AP006216.10,fbg,-0.0368209498088598,0.251357310325029,0.003611,6.5558,2148,0.00869012680058927,TRUE,""
ENSG00000229988,HBBP1,fbg,0.0795226404701311,0.289680155734686,0.002421,6.6862,3610,0.00543084905086472,TRUE,""
ENSG00000233930,RP13-25N22.1,fbg,-0.0107159339383737,0.73623593055241,8.684e-05,39.9523,1463,0.00404164342933368,TRUE,""
ENSG00000235505,RP11-693N9.2,fbg,0.0269815136994055,0.458463485620218,0.003109,23.9026,1927,0.00918929930260262,TRUE,""
ENSG00000236304,AP001189.4,fbg,0.00364765143161983,0.565291296994401,0.004287,57.4433,1571,0.00491366619577895,TRUE,""
ENSG00000236935,AP003774.1,fbg,0.00135813427408571,0.731034305380085,0.008993,72.8827,988,0.01733939888258,TRUE,""
ENSG00000238184,AC129929.5,fbg,-0.00206389086702462,0.944054023280193,1.615e-05,12.5138,1778,0.00556559739150811,TRUE,""
ENSG00000241170,RP11-147I3.1,fbg,-0.00335368123982167,0.897332123936804,0.001013,17.8888,1573,0.00377576125085745,TRUE,""
ENSG00000241678,RP11-732A19.1,fbg,0.0119693486392483,0.627783826989789,0.0007164,9.606,2712,0.00436858234538145,TRUE,""
ENSG00000244926,RP11-613D13.7,fbg,-0.0551757680253517,0.137354710336186,0.0001186,5.9769,2325,0.0120968714437996,TRUE,""
ENSG00000245008,RP11-744N12.3,fbg,0.0603479907562329,0.37577150825113,0.0001632,5.2381,2090,0.00581012403237659,TRUE,""
ENSG00000245532,NEAT1,fbg,0.0087153187508758,0.766239544861786,0.003257,20.4222,920,0.0046633570746655,TRUE,""
ENSG00000245552,RP11-712B9.2,fbg,0.112896792783635,0.534564994294914,0.0002126,6.8648,2222,0.0116805268446889,TRUE,""
ENSG00000246067,RP11-113K21.5,fbg,-0.0145386436611085,0.256318702201653,0.001117,21.4282,2286,0.0133500118689121,TRUE,""
ENSG00000246100,CTC-774J1.2,fbg,0.0248314519258405,0.154157201104144,0.001912,30.1556,2259,0.0126182000298815,TRUE,""
ENSG00000246308,RP11-685M7.3,fbg,0.00447752636805519,0.808451451773901,0.003856,12.6263,2720,0.00407428653882733,TRUE,""
ENSG00000247271,CTD-2003C8.1,fbg,0.00232492079630162,0.857152568198199,0.003856,27.8181,2714,0.00608132015941834,TRUE,""
ENSG00000248712,CCDC153,fbg,0.0714836702739647,0.346035131005811,0.0005425,11.1574,1518,0.00955923300106105,TRUE,""
ENSG00000251194,RP1-68D18.2,fbg,-0.00860055280220428,0.660643863540858,0.0002573,15.5241,2681,0.00530930118031139,TRUE,""
ENSG00000251594,RP11-728F11.1,fbg,0.00598734747247812,0.680511892901687,0.0005425,15.4024,1943,0.00445017875758025,TRUE,""
ENSG00000254429,CTD-2562J17.7,fbg,0.00629703264667474,0.805758374776525,0.001013,16.8337,1563,0.00784852323198756,TRUE,""
ENSG00000254470,AP5B1,fbg,0.0114142261591129,0.747012853671547,0.003257,13.8124,859,0.00394953405476052,TRUE,""
ENSG00000254595,CTD-2010I16.1,fbg,-0.0155699974060896,0.230139340443417,0.0007164,22.8672,2933,0.00936144113157411,TRUE,""
ENSG00000254682,RP11-660L16.2,fbg,0.00199706070467626,0.596519838726618,0.001795,72.3656,1472,0.00477872020765498,TRUE,""
ENSG00000254703,FLI1-AS1,fbg,0.0187162810925363,0.705149527894255,0.0001632,5.5469,2110,0.00412343390665065,TRUE,""
ENSG00000254783,RP11-320L11.2,fbg,0.0253993589059523,0.288868967123965,0.0005806,10.2185,2092,0.00698491505366726,TRUE,""
ENSG00000254789,RP11-531H8.2,fbg,-0.00688467447586168,0.26219758140346,0.002256,44.2319,1823,0.00640805335874537,TRUE,""
ENSG00000254810,RP11-672A2.4,fbg,0.0044262760701765,0.565291296994401,0.004287,37.3407,1570,0.00562843378988164,TRUE,""
ENSG00000254838,GVINP1,fbg,0.0132694305799989,0.245523853695853,0.0007164,21.7396,2741,0.00695254169370445,TRUE,""
ENSG00000254860,TMEM9B-AS1,fbg,0.00311389182456374,0.662911145572604,5.144e-07,52.9001,1723,0.00187920445448767,TRUE,""
ENSG00000254909,RP11-110I1.5,fbg,-0.0215481511110424,0.567709166197353,0.0005425,6.5591,1578,0.00641340330729783,TRUE,""
ENSG00000254946,RP11-531H8.1,fbg,-0.00399771824511226,0.905237629455841,0.002256,7.7413,1741,0.00548780417736745,TRUE,""
ENSG00000254952,AP001257.1,fbg,-0.0135739200304085,0.841480581121794,3.119e-05,11.3557,1670,0.0121897942156192,TRUE,""
ENSG00000255142,AP006621.6,fbg,0.0137059245219831,0.0577704316108834,0.004036,43.6374,1011,0.00970900056631744,TRUE,""
ENSG00000255163,RP11-832A4.5,fbg,0.011856824626428,0.282374728330258,0.0005425,26.9005,1835,0.00922935238820578,TRUE,""
ENSG00000255197,RP11-750H9.5,fbg,-0.0526629410940542,0.000587110719503943,4.38e-13,15.01,867,5.83291837896927e-07,TRUE,""
ENSG00000255200,AP003068.18,fbg,-0.0113736713781294,0.182422439451736,0.003257,36.5181,945,0.0122069955972285,TRUE,""
ENSG00000255221,CARD17,fbg,0.0145080757714202,0.820878589145356,0.003904,11.9879,1901,0.0068646361893572,TRUE,""
ENSG00000255263,RP11-718B12.3,fbg,0.026843962817276,0.331334906503133,0.001117,7.8395,2140,0.00692797729831422,TRUE,""
ENSG00000255284,AP006621.5,fbg,0.00440383024152959,0.552679335565412,0.004036,54.2306,1015,0.0205565858347684,TRUE,""
ENSG00000255443,RP1-68D18.4,fbg,-0.00470329001708951,0.660643863540858,0.0002573,27.0455,2681,0.00530930118031131,TRUE,""
ENSG00000255503,RP11-113K21.4,fbg,-0.0160413254990531,0.256318702201653,0.001117,16.2056,2269,0.0163948517329711,TRUE,""
ENSG00000255521,RP4-607I7.1,fbg,-0.00627350707439558,0.761454421597889,0.0002573,17.8498,2593,0.00689696073560155,TRUE,""
ENSG00000255561,FDXACB1,fbg,-0.115449971626816,0.158019253847399,0.00149,5.821,1845,0.00874017296881549,TRUE,""
ENSG00000255893,RP11-685N10.1,fbg,-0.0085992729737715,0.110992040456491,0.0002126,47.1446,1972,0.0106969171648543,TRUE,""
ENSG00000256269,HMBS,fbg,0.000389811196581657,0.97582537985171,0.0005425,45.6633,1562,0.0040154529054316,TRUE,""
ENSG00000256591,RP11-286N22.8,fbg,-0.00111357120332373,0.982270691196538,2.59e-11,6.4532,1409,4.78556994502691e-07,TRUE,""
ENSG00000256633,RP11-169D4.2,fbg,0.00218773179994819,0.771569465555293,2.919e-08,30.5119,987,5.79859798465694e-05,TRUE,""
ENSG00000256885,AP001877.1,fbg,-0.0202123886139932,0.453254704753736,0.003394,10.4605,1963,0.00481584733932842,TRUE,""
ENSG00000257052,RP11-881M11.2,fbg,-0.0149559408889309,0.398809120942746,2.59e-11,13.3897,1492,5.458465757858e-08,TRUE,""
ENSG00000258659,TRIM34,fbg,0.0989153501471584,0.685849208275009,0.0007164,7.01,3512,0.0119301307503289,TRUE,""
ENSG00000259799,RP11-554A11.9,fbg,-0.00281881730531852,0.684558919367902,0.001034,33.1413,1593,0.00419235193008377,TRUE,""
ENSG00000260808,CTD-2007L18.5,fbg,-0.0278850785724348,0.637934810590957,0.001034,6.0731,1326,0.00886836373620959,TRUE,""
ENSG00000261098,RP11-819C21.1,fbg,-0.00400052859908821,0.698684565645401,0.0119,22.2497,1980,0.0040667503763158,TRUE,""
ENSG00000267940,RP11-290F24.6,fbg,0.0189972121292012,0.567709166197353,0.0007164,10.9079,3173,0.00475137553440061,TRUE,""
ENSG00000269176,RP11-727F15.12,fbg,0.0212644052320076,0.719614271159806,2.59e-11,4.8831,1188,0.0169777051376314,TRUE,""
ENSG00000270105,RP11-326C3.14,fbg,0.0474751831667298,0.249098268106654,0.004036,8.342,599,0.0131635263634159,TRUE,""
ENSG00000002016,RAD52,fbg,0.00935223000418801,0.75831647352629,0.003754,20.8462,1520,0.00483833575923582,TRUE,""
ENSG00000003056,M6PR,fbg,-0.0151146615698178,0.235030456586428,0.002978,46.5121,1574,0.00967548222612516,TRUE,""
ENSG00000004700,RECQL,fbg,0.0306328823272689,0.155301459227123,3.892e-05,31.2719,2061,0.0122942418118849,TRUE,""
ENSG00000006831,ADIPOR2,fbg,-0.0282762076804475,0.260589034273618,0.001169,22.5855,1769,0.00710056810904959,TRUE,""
ENSG00000008394,MGST1,fbg,0.0323283322375738,0.467957431286592,0.002257,24.7739,1544,0.00973794035863074,TRUE,""
ENSG00000008405,CRY1,fbg,-0.0421678481764564,0.232654673754248,0.004196,15.5657,1812,0.00806720372412822,TRUE,""
ENSG00000010219,DYRK4,fbg,0.0195416641413821,0.366406064176293,0.0008111,25.1139,2631,0.00547934854006607,TRUE,""
ENSG00000010610,CD4,fbg,-0.00703040988503111,0.772218915230022,0.003216,27.5046,1528,0.00466677345343041,TRUE,""
ENSG00000010626,LRRC23,fbg,-0.00546551580577963,0.617075077451974,0.003216,56.0282,1488,0.00446089916938898,TRUE,""
ENSG00000013583,HEBP1,fbg,0.00884674750453214,0.511663282695868,0.002643,42.7959,2281,0.00371843835201553,TRUE,""
ENSG00000028203,VEZT,fbg,-0.0411233869324826,0.598275728579486,8.641e-06,19.2716,2155,0.0103036932846707,TRUE,""
ENSG00000029153,ARNTL2,fbg,0.0794519072881873,0.580515713596355,0.00142,4.636,2315,0.00378648104022056,TRUE,""
ENSG00000047621,C12orf4,fbg,-0.0780078167735756,0.0596027337700864,0.0008111,18.3237,2619,0.0289646482765976,TRUE,""
ENSG00000050426,LETMD1,fbg,-0.0140484589465649,0.762966689389859,0.0002794,23.9485,1184,0.00770998953519634,TRUE,""
ENSG00000052126,PLEKHA5,fbg,-0.0152049221891082,0.464347229392465,0.000252,34.7872,2366,0.00605720666116894,TRUE,""
ENSG00000057294,PKP2,fbg,-0.0291631430237347,0.289680155734686,0.0005616,21.9719,2477,0.00696884586041161,TRUE,""
ENSG00000058272,PPP1R12A,fbg,-0.0475131400228939,0.6467129796159,0.0008327,8.033,1684,0.00720429862191382,TRUE,""
ENSG00000059758,CDK17,fbg,0.127798798783871,0.0886237188408589,8.641e-06,8.7048,2335,0.0124947138037622,TRUE,""
ENSG00000059804,SLC2A3,fbg,0.0162222745193628,0.401632246433539,0.003183,27.2545,1317,0.00518534642876025,TRUE,""
ENSG00000060140,STYK1,fbg,-0.0202367782674943,0.617075077451974,0.005177,14.0645,1990,0.00431109039274829,TRUE,""
ENSG00000061273,HDAC7,fbg,-0.0133350455517401,0.914239771597741,0.0001674,9.2781,1917,0.0073199815068115,TRUE,""
ENSG00000061794,MRPS35,fbg,0.0162371207279963,0.633938683881346,0.00142,19.8655,2165,0.00701105336006582,TRUE,""
ENSG00000061936,SFSWAP,fbg,0.0165897588565561,0.759943064406937,1.324e-05,10.7922,1641,0.00383900230732411,TRUE,""
ENSG00000061987,MON2,fbg,-0.0371775859915054,0.531971058097401,0.003648,14.2273,2247,0.0095971553432075,TRUE,""
ENSG00000063046,EIF4B,fbg,-0.000401982809370871,0.983378607349656,0.0008486,26.2776,2241,0.00524732226000664,TRUE,""
ENSG00000064102,ASUN,fbg,0.0930238421646194,0.215680749361015,0.00142,8.884,2386,0.00834228471149573,TRUE,""
ENSG00000065361,ERBB3,fbg,0.0401248295305166,0.141900610277981,0.0007165,20.614,1109,0.0112947748492523,TRUE,""
ENSG00000065970,FOXJ2,fbg,-0.016238011542976,0.391365938307552,0.002978,32.8858,1394,0.00595192546931122,TRUE,""
ENSG00000066117,SMARCD1,fbg,0.0634397386766033,0.108260594348094,0.004027,14.8205,1053,0.0294874460867873,TRUE,""
ENSG00000070019,GUCY2C,fbg,-0.00961451959525804,0.651547872829126,0.002969,25.7838,1910,0.0040656610941549,TRUE,""
ENSG00000070961,ATP2B1,fbg,0.0370529001062169,0.793394868265903,0.0007364,5.281,1596,0.00506678363573686,TRUE,""
ENSG00000073060,SCARB1,fbg,0.0151386383152851,0.288008758003942,0.002396,40.2763,1986,0.0046967869097258,TRUE,""
ENSG00000074590,NUAK1,fbg,-0.00243896642916774,0.958025455470674,0.01327,21.8409,2179,0.00691231145323793,TRUE,""
ENSG00000076248,UNG,fbg,0.00939207321647421,0.558301743578421,0.003027,57.1092,1549,0.00839089481147138,TRUE,""
ENSG00000082805,ERC1,fbg,0.0485121459667645,0.235030456586428,0.001169,13.9429,1640,0.00767388576550923,TRUE,""
ENSG00000084110,HAL,fbg,-0.0132748564796434,0.445369236139698,8.641e-06,52.8834,2093,0.00350692036516237,TRUE,""
ENSG00000084112,SSH1,fbg,0.00543589552499175,0.791236045636806,0.002455,29.4703,1734,0.00422366586577633,TRUE,""
ENSG00000084463,WBP11,fbg,0.0082853120808512,0.761866768188248,0.002969,14.4144,1755,0.00410720044501035,TRUE,""
ENSG00000087448,KLHL42,fbg,0.0150946277254032,0.479369457910652,0.00142,30.7934,2168,0.00702224264205666,TRUE,""
ENSG00000087470,DNM1L,fbg,-0.0561847359332331,0.236542345022516,0.0004853,18.0598,2467,0.0112934737149746,TRUE,""
ENSG00000089053,ANAPC5,fbg,0.140131128122236,0.00069935848668759,5.182e-07,24.4649,1242,0.382725473185691,TRUE,""
ENSG00000089060,SLC24A6,fbg,-0.0195437840689901,0.569379541379991,0.0029,27.4772,1937,0.00811872760197367,TRUE,""
ENSG00000089154,GCN1L1,fbg,-0.00724693370915079,0.626622284221623,0.0002502,44.2243,1517,0.00907348152446644,TRUE,""
ENSG00000089157,RPLP0,fbg,0.180094276376701,0.0407060596174519,0.0002502,8.2784,1549,0.0395295214576871,TRUE,""
ENSG00000089159,PXN,fbg,-0.130617792487516,0.0646275057865683,0.0002502,7.7699,1550,0.0357294485496859,TRUE,""
ENSG00000089163,SIRT4,fbg,-0.0054494183848431,0.897696775323655,0.0008441,28.8932,1486,0.00841954889446939,TRUE,""
ENSG00000089220,PEBP1,fbg,0.0175089357773529,0.144438690981168,2.855e-06,36.8332,2181,0.00820824122578319,TRUE,""
ENSG00000089248,ERP29,fbg,0.0918468025674794,0.0818590179576148,0.0029,15.3892,921,0.0268384927524661,TRUE,""
ENSG00000089693,MLF2,fbg,-0.0455835818220464,0.716129568855565,0.0005969,14.4632,1557,0.0135247945023586,TRUE,""
ENSG00000090376,IRAK3,fbg,0.00155841319155485,0.927564826606211,0.0004273,34.0334,2002,0.00396939284382875,TRUE,""
ENSG00000090382,LYZ,fbg,0.00481766919046905,0.714474277651148,9.756e-06,143.3691,2157,0.00750965157419299,TRUE,""
ENSG00000091039,OSBPL8,fbg,-0.0053804731622811,0.60248288013288,0.005531,57.8496,2104,0.00735779061269216,TRUE,""
ENSG00000094916,CBX5,fbg,-0.0412762198605602,0.381573905705021,0.008623,10.8448,1564,0.00561043226773686,TRUE,""
ENSG00000110799,VWF,fbg,-0.0177490912048177,0.21129954733371,0.0005969,39.8709,2068,0.00814295141852451,TRUE,""
ENSG00000110801,PSMD9,fbg,0.0181037383167581,0.462160389897216,5.182e-07,22.3267,1070,0.00152894006851615,TRUE,""
ENSG00000110848,CD69,fbg,0.00957481479832931,0.791236045636806,0.002978,16.674,2024,0.00420795343908143,TRUE,""
ENSG00000110881,ASIC1,fbg,-0.0526041234251016,0.145795140951976,0.004027,13.8152,1045,0.0114824379185383,TRUE,""
ENSG00000110888,CAPRIN2,fbg,-0.0549654073590341,0.0969144525334457,0.0004506,26.8299,2642,0.0381130464535963,TRUE,""
ENSG00000110917,MLEC,fbg,0.023950806729608,0.232654673754248,5.182e-07,25.0034,1277,0.00222367866251403,TRUE,""
ENSG00000110925,CSRNP2,fbg,0.00918800136681783,0.802587348634153,0.0002794,15.4458,1189,0.00399986997738992,TRUE,""
ENSG00000110944,IL23A,fbg,0.157848538932734,0.196938679952046,0.0007165,8.2673,941,0.0168444846360903,TRUE,""
ENSG00000110987,BCL7A,fbg,-0.0320113164077672,0.175468950513596,5.182e-07,21.2647,992,0.00267934464290889,TRUE,""
ENSG00000111011,RSRC2,fbg,-0.0397277492783461,0.561479628322256,0.004144,8.0325,814,0.0043327979630516,TRUE,""
ENSG00000111057,KRT18,fbg,-0.0600007368316373,0.227862855875692,0.0008486,10.5509,2233,0.00885290137156902,TRUE,""
ENSG00000111087,GLI1,fbg,-0.0233310983053084,0.759943064406937,0.0007165,8.3921,1227,0.00444058212780814,TRUE,""
ENSG00000111110,PPM1H,fbg,-0.0072816160146388,0.731034305380085,0.003648,26.7074,2150,0.00426753720626943,TRUE,""
ENSG00000111142,METAP2,fbg,-0.0433660533159426,0.288008758003942,8.641e-06,20.8954,2210,0.00852557076599536,TRUE,""
ENSG00000111145,ELK3,fbg,-0.075351872216927,0.0161545336156293,8.641e-06,11.3191,2253,0.0882138169727866,TRUE,""
ENSG00000111196,MAGOHB,fbg,0.0163725576298981,0.561479628322256,0.005177,13.1299,1966,0.00436460801646449,TRUE,""
ENSG00000111199,TRPV4,fbg,-0.0879802116819286,0.378343594395944,0.003097,14.8136,1108,0.0156237492553747,TRUE,""
ENSG00000111203,ITFG2,fbg,-0.0480030988726723,0.41325337549364,0.0002464,26.5593,2225,0.0133819456830854,TRUE,""
ENSG00000111215,PRR4,fbg,0.0275902366464478,0.0489818065284666,0.004229,55.8692,1950,0.0154243219322163,TRUE,""
ENSG00000111229,ARPC3,fbg,-0.00551156116820471,0.8078169693465,0.001915,15.6489,903,0.00458977633571372,TRUE,""
ENSG00000111237,VPS29,fbg,-0.000880251217763272,0.955695871316436,0.001915,41.234,845,0.00447411195555034,TRUE,""
ENSG00000111254,AKAP3,fbg,-0.0283957643487859,0.232654673754248,0.0008111,23.1936,2607,0.00725534132756634,TRUE,""
ENSG00000111261,MANSC1,fbg,-0.00741846136331382,0.864842812437012,0.004229,19.1799,2018,0.00563930498091173,TRUE,""
ENSG00000111266,DUSP16,fbg,-0.0450548017918811,0.135823601433694,0.002643,34.7001,2137,0.0207772996598323,TRUE,""
ENSG00000111291,GPRC5D,fbg,0.33045576905226,0.106765534268082,0.002643,6.36,2288,0.0238259951583236,TRUE,""
ENSG00000111321,LTBR,fbg,0.0194475568395173,0.426349141743277,0.0005969,30.6041,1779,0.00706722381492093,TRUE,""
ENSG00000111335,OAS2,fbg,-0.172051919359293,0.0995459556044278,0.0029,14.484,1550,0.0367380585049213,TRUE,""
ENSG00000111341,MGP,fbg,-0.0432939626402682,0.0607927235305228,0.002969,24.3295,1635,0.0219040430153717,TRUE,""
ENSG00000111344,RASAL1,fbg,0.0704061177117557,0.300910532935171,0.0029,15.1677,1676,0.0123275639872566,TRUE,""
ENSG00000111348,ARHGDIB,fbg,0.0230748631814831,0.668235141795249,0.004794,11.5491,1547,0.00459081157430863,TRUE,""
ENSG00000111361,EIF2B1,fbg,0.0177342700035189,0.251653892998616,0.002396,47.4199,1274,0.00967053259239938,TRUE,""
ENSG00000111364,DDX55,fbg,-0.00637266810725108,0.750347023651697,0.002396,53.7189,1275,0.00798246899760063,TRUE,""
ENSG00000111371,SLC38A1,fbg,-0.0111215218634819,0.436700030722758,0.005155,49.4379,1595,0.0219158852508831,TRUE,""
ENSG00000111424,VDR,fbg,0.0300267257384665,0.349538991650093,0.0001674,15.7536,1914,0.0115559431586671,TRUE,""
ENSG00000111445,RFC5,fbg,-0.0094094984706973,0.716129568855565,0.000219,22.5823,2123,0.00408418047297615,TRUE,""
ENSG00000111450,STX2,fbg,0.015920094654539,0.476750625768757,0.0007478,104.6008,2553,0.00383718782678531,TRUE,""
ENSG00000111452,GPR133,fbg,-0.00796265697944873,0.796357116257739,0.0007478,22.9984,2393,0.00741899113250746,TRUE,""
ENSG00000111537,IFNG,fbg,-0.00164563326978764,0.97582537985171,0.002753,10.7602,2207,0.00396702480625316,TRUE,""
ENSG00000111540,RAB5B,fbg,-0.190687219711598,0.0708478257810241,0.0007165,5.2175,1134,0.012682007754354,TRUE,""
ENSG00000111581,NUP107,fbg,-0.0105644656405976,0.361892593456348,9.756e-06,55.0435,2220,0.00341853640947845,TRUE,""
ENSG00000111602,TIMELESS,fbg,-0.100423226072513,0.144438690981168,0.0007165,8.7715,900,0.0121661310955953,TRUE,""
ENSG00000111639,MRPL51,fbg,0.0252364278520969,0.34661443250305,0.0005969,22.4527,1702,0.00622945111325296,TRUE,""
ENSG00000111652,COPS7A,fbg,-0.03281788889339,0.757828704425004,0.0005969,19.8297,1561,0.0144719122374233,TRUE,""
ENSG00000111664,GNB3,fbg,0.0702693200525249,0.180107039640696,0.003216,14.5172,1503,0.013416499645554,TRUE,""
ENSG00000111671,SPSB2,fbg,-0.00312214091978858,0.617075077451974,0.003216,106.474,1494,0.0168277167219477,TRUE,""
ENSG00000111679,PTPN6,fbg,0.0708288305545991,0.766561943282691,0.003216,4.6547,1482,0.00283924878845146,TRUE,""
ENSG00000111684,LPCAT3,fbg,0.0149307386281935,0.795435211338969,0.003216,16.6904,1434,0.00669198971759867,TRUE,""
ENSG00000111725,PRKAB1,fbg,-0.0299492846546191,0.133614402537716,2.855e-06,55.1643,1682,0.0145861815259056,TRUE,""
ENSG00000111726,CMAS,fbg,-0.124361595027914,0.450941606478325,3.892e-05,6.9768,2085,0.00948007929516458,TRUE,""
ENSG00000111729,CLEC4A,fbg,-0.0105583404496274,0.57377540363273,0.002978,30.3246,1438,0.00441643546529985,TRUE,""
ENSG00000111731,C2CD5,fbg,0.0282113047373584,0.317310507862914,3.892e-05,36.494,1819,0.0131468953805938,TRUE,""
ENSG00000111790,FGFR1OP2,fbg,-0.1323576146925,0.166671389885043,0.00142,8.1289,2393,0.0142902264616783,TRUE,""
ENSG00000118308,LRMP,fbg,0.00503490140269677,0.851268623688206,9.325e-05,21.2116,2605,0.00272569363883177,TRUE,""
ENSG00000118596,SLC16A7,fbg,0.0275865177594047,0.47015786285767,0.003834,15.2628,1873,0.00562620449600865,TRUE,""
ENSG00000119242,CCDC92,fbg,-0.0150499213316276,0.58395350774479,0.002396,27.2028,1463,0.00580773502674462,TRUE,""
ENSG00000120798,NR2C1,fbg,0.0194611479890668,0.617075077451974,0.001828,19.2075,2296,0.0055531597499197,TRUE,""
ENSG00000120860,CCDC53,fbg,0.0172399469809498,0.0764894608968983,0.0008417,43.3529,1769,0.0263445905439513,TRUE,""
ENSG00000120868,APAF1,fbg,-0.011379630435717,0.617075077451974,9.07e-05,32.7885,1821,0.00625036069516762,TRUE,""
ENSG00000121380,BCL2L14,fbg,-0.0258022090193748,0.330213359465853,0.004229,25.4386,1830,0.0071014409509733,TRUE,""
ENSG00000123064,DDX54,fbg,0.226537005612844,0.0401083224493613,0.0029,6.1288,1766,0.0358737991380517,TRUE,""
ENSG00000123095,BHLHE41,fbg,0.230536120166052,0.0191753059098185,0.000656,6.859,2425,0.081771358179203,TRUE,""
ENSG00000123329,ARHGAP9,fbg,0.0153569237002847,0.770541497710554,0.0007165,38.4777,1241,0.014613290244162,TRUE,""
ENSG00000123352,SPATS2,fbg,-0.0903055352617891,0.317310507862914,0.0005742,6.9411,1023,0.00708928888232207,TRUE,""
ENSG00000123360,PDE1B,fbg,-0.0132796938995816,0.456464677950636,0.007214,47.9764,1652,0.00497103540769334,TRUE,""
ENSG00000123415,SMUG1,fbg,-0.0159995164362264,0.21129954733371,0.008623,43.9722,1528,0.00831436100496247,TRUE,""
ENSG00000126746,ZNF384,fbg,0.0272147919502642,0.708599716762642,0.0005969,20.7963,1587,0.0123014829823736,TRUE,""
ENSG00000126749,EMG1,fbg,-0.0191887885729686,0.590258451314772,0.003216,25.9735,1455,0.00702073610029336,TRUE,""
ENSG00000127314,RAP1B,fbg,0.167051689286746,0.193600969171221,9.756e-06,5.5408,2134,0.0089795889205927,TRUE,""
ENSG00000127334,DYRK2,fbg,-0.062445917960853,0.511663282695868,0.002753,5.9822,2453,0.00465234667329065,TRUE,""
ENSG00000127337,YEATS4,fbg,0.00545102958235438,0.714474277651148,9.756e-06,99.7995,2144,0.105836643454693,TRUE,""
ENSG00000130038,EFCAB4B,fbg,-0.0126574757663274,0.627169753539399,0.0002464,23.7448,2212,0.00439784919435213,TRUE,""
ENSG00000130779,CLIP1,fbg,-0.0660339652266194,0.530363658980337,5.182e-07,8.6196,859,0.00196695582447002,TRUE,""
ENSG00000130783,CCDC62,fbg,-0.0550958114767145,0.5910511282285,0.004144,11.0478,903,0.00931306833858831,TRUE,""
ENSG00000130921,C12orf65,fbg,0.0268533658421621,0.852408287000742,0.002396,10.0538,1044,0.0137274879459631,TRUE,""
ENSG00000134283,PPHLN1,fbg,0.0125291434816903,0.366406064176293,0.003746,39.8373,2458,0.00702210856097874,TRUE,""
ENSG00000134285,FKBP11,fbg,-0.00142184369668319,0.933586496294755,0.0001674,37.5545,1289,0.0041028474036421,TRUE,""
ENSG00000134291,TMEM106C,fbg,-0.0145707652008255,0.317310507862914,0.0001674,40.3136,1884,0.00612427263186317,TRUE,""
ENSG00000134545,KLRC1,fbg,-0.00184631070171424,0.900523550339774,0.003867,58.5274,1904,0.00472233479478198,TRUE,""
ENSG00000134548,C12orf39,fbg,-0.0106781092592534,0.364803543676989,0.003714,24.6962,2062,0.00581602852667595,TRUE,""
ENSG00000135090,TAOK3,fbg,-0.0336491617741232,0.477904197979373,2.855e-06,10.5585,2194,0.00305596288112622,TRUE,""
ENSG00000135094,SDS,fbg,-0.158830743337712,0.377875137745839,0.0007695,10.1371,2015,0.0183722897552957,TRUE,""
ENSG00000135108,FBXO21,fbg,-0.0203437567449035,0.731034305380085,0.006533,9.5731,1969,0.00411009771444977,TRUE,""
ENSG00000135114,OASL,fbg,0.0181553609312952,0.159649901642811,5.182e-07,46.5393,1263,0.00218532206796927,TRUE,""
ENSG00000135124,P2RX4,fbg,-0.00159786001947164,0.913443890486063,5.182e-07,59.1671,1265,0.0021701233408347,TRUE,""
ENSG00000135127,CCDC64,fbg,0.0541677017226167,0.462525949847147,2.855e-06,11.2367,1561,0.00498983661641251,TRUE,""
ENSG00000135390,ATP5G2,fbg,0.0399877587245337,0.331753366775936,0.00125,14.6888,1597,0.00637871508792895,TRUE,""
ENSG00000135441,BLOC1S1,fbg,0.0576814329533164,0.585440934568927,0.0007165,10.5722,1226,0.0141498721405659,TRUE,""
ENSG00000135469,COQ10A,fbg,-0.167452580879532,0.397466925422593,0.0007165,10.5168,965,0.0215594371619004,TRUE,""
ENSG00000135472,FAIM2,fbg,0.027957316005346,0.520316800507367,0.007142,16.7639,947,0.00628850979369644,TRUE,""
ENSG00000135482,ZC3H10,fbg,-0.0134433074498279,0.964904403868901,0.0007165,5.6299,1070,0.0285530136317402,TRUE,""
ENSG00000135503,ACVR1B,fbg,0.00761752429339877,0.833256914830536,0.0002794,18.6305,2177,0.00439671336269169,TRUE,""
ENSG00000135643,KCNMB4,fbg,-0.0165679284192853,0.465293165648637,9.756e-06,49.1096,2520,0.00801423657103103,TRUE,""
ENSG00000135678,CPM,fbg,-0.0214939371348404,0.531971058097401,9.756e-06,16.4955,2229,0.00383199963098042,TRUE,""
ENSG00000136010,ALDH1L2,fbg,0.0507660676212561,0.670836674740339,0.0007622,5.3403,2389,0.00512658909578167,TRUE,""
ENSG00000136026,CKAP4,fbg,0.154153860168115,0.368120250693519,0.01327,34.852,2144,0.0570051502994065,TRUE,""
ENSG00000136044,APPL2,fbg,-0.000327777685705394,0.975070165131246,0.0007622,57.5466,2472,0.00408483612483147,TRUE,""
ENSG00000136045,PWP1,fbg,-0.0219234953584061,0.0744588055928865,0.002455,53.8857,1799,0.0125127541911563,TRUE,""
ENSG00000136052,SLC41A2,fbg,-0.0234647591443228,0.593802857207703,0.0007622,12.2152,2367,0.00607104149217619,TRUE,""
ENSG00000139055,ERP27,fbg,0.00667292631922383,0.43881634294658,0.002969,76.9476,1582,0.0218673967270784,TRUE,""
ENSG00000139146,FAM60A,fbg,-0.153991772755082,0.0282034737356933,0.0004506,6.1251,2390,0.0419624196484607,TRUE,""
ENSG00000139160,METTL20,fbg,0.0634356397464972,0.43881634294658,0.0004506,6.636,2278,0.00580775839925029,TRUE,""
ENSG00000139174,PRICKLE1,fbg,-0.00770478628161426,0.893929766752772,0.003746,21.1716,2398,0.00907701056415463,TRUE,""
ENSG00000139180,NDUFA9,fbg,0.0310152327249222,0.288008758003942,0.0008111,13.0921,2617,0.00658608004224104,TRUE,""
ENSG00000139190,VAMP1,fbg,-0.0285440122494058,0.0682232466455102,0.0005969,88.6539,1721,0.00697749480696796,TRUE,""
ENSG00000139192,TAPBPL,fbg,0.0116395576208727,0.0682232466455102,0.0005969,115.5699,1731,0.0093764354180235,TRUE,""
ENSG00000139194,RBP5,fbg,-0.0123865008552098,0.587228165762067,0.003952,27.2055,1357,0.0047492480254748,TRUE,""
ENSG00000139197,PEX5,fbg,-0.00603687651290218,0.529629670287596,0.003952,53.3507,1341,0.0051997711458185,TRUE,""
ENSG00000139218,SCAF11,fbg,0.116350139137157,0.292509878183886,0.005776,5.4873,1510,0.00900932980295899,TRUE,""
ENSG00000139266,MARCH9,fbg,-0.119641111404625,0.0897023897414645,0.0009042,8.3034,1406,0.0147018972574079,TRUE,""
ENSG00000139278,GLIPR1,fbg,0.00831262230444433,0.366406064176293,0.0003493,42.7541,2051,0.0106056275892859,TRUE,""
ENSG00000139291,TMEM19,fbg,-0.0407017827911965,0.466263860956852,0.0004649,19.0442,2038,0.0108167950493446,TRUE,""
ENSG00000139318,DUSP6,fbg,-0.0133793739551645,0.597653582632867,0.0007364,25.231,1528,0.00504544881796309,TRUE,""
ENSG00000139350,NEDD1,fbg,0.0143765971065049,0.146609268931168,8.641e-06,55.6807,2284,0.0152510053811742,TRUE,""
ENSG00000139370,SLC15A4,fbg,0.0150344533505775,0.531971058097401,2.267e-05,23.3387,2791,0.00440148859046281,TRUE,""
ENSG00000139372,TDG,fbg,0.00656954741505152,0.826844797716898,0.0007622,12.7253,2243,0.00381293147679276,TRUE,""
ENSG00000139428,MMAB,fbg,-0.0369374299389797,0.137583964946946,0.003097,23.2388,1151,0.0118711578642198,TRUE,""
ENSG00000139546,TARBP2,fbg,0.106310549135263,0.328434151229541,0.0008486,7.1559,1756,0.00836323036580842,TRUE,""
ENSG00000139567,ACVRL1,fbg,-0.0109820512694786,0.624278319267128,0.0002794,34.8615,2202,0.00622990668858154,TRUE,""
ENSG00000139572,GPR84,fbg,-0.0189267068593363,0.363302140886898,0.008623,28.2141,1595,0.00600144976245989,TRUE,""
ENSG00000139574,NPFF,fbg,-0.0191147971344303,0.87583596638341,0.0008486,4.5705,1752,0.00627013641728023,TRUE,""
ENSG00000139610,CELA1,fbg,0.00371528394643713,0.689156516779352,0.0002794,48.9678,1437,0.0108849978618802,TRUE,""
ENSG00000139613,SMARCC2,fbg,-0.0284138451463289,0.545732840028086,0.0007165,18.1342,1024,0.00705989149916974,TRUE,""
ENSG00000139625,MAP3K12,fbg,-0.0260139737305368,0.453254704753736,0.0008486,16.1957,1763,0.00497915529284363,TRUE,""
ENSG00000139629,GALNT6,fbg,0.00830424179055256,0.477904197979373,0.0002794,47.5809,1491,0.00482404242725754,TRUE,""
ENSG00000139636,LMBR1L,fbg,0.0554453352655901,0.41325337549364,0.0001674,8.5934,1171,0.00561168612253125,TRUE,""
ENSG00000139641,ESYT1,fbg,-0.0395649122031691,0.580132294034059,0.0007165,11.1748,1040,0.00703529196953813,TRUE,""
ENSG00000139651,ZNF740,fbg,0.084351897557281,0.207355845086837,0.0008486,12.1978,2206,0.0118035881371306,TRUE,""
ENSG00000139718,SETD1B,fbg,0.0972724800798823,0.483927304446146,5.182e-07,4.6575,1097,0.00672202464201877,TRUE,""
ENSG00000139722,VPS37B,fbg,-0.00216117772044316,0.932176815837669,0.004144,32.945,901,0.0057303772812816,TRUE,""
ENSG00000150045,KLRF1,fbg,0.0490852312381877,0.57377540363273,0.002978,6.5233,2054,0.00488152318907923,TRUE,""
ENSG00000150048,CLEC1A,fbg,-0.0231508103186997,0.374062797490882,0.0037,30.1703,2046,0.00794261245378361,TRUE,""
ENSG00000150967,ABCB9,fbg,0.0145893009526288,0.410206998692259,0.004144,33.8381,896,0.00613528589718285,TRUE,""
ENSG00000150990,DHX37,fbg,-0.154353570994595,0.384300404207392,0.002396,9.2929,2053,0.0127843764525392,TRUE,""
ENSG00000151067,CACNA1C,fbg,0.20159532285265,0.128074458684967,0.0002464,5.5636,2015,0.0220037857071317,TRUE,""
ENSG00000151135,C12orf23,fbg,0.00269920581794473,0.846529514964004,0.004196,36.2581,1840,0.00675709038921348,TRUE,""
ENSG00000151164,RAD9B,fbg,0.00447221549686981,0.889537951249028,0.001915,18.237,834,0.00449844705754167,TRUE,""
ENSG00000151176,PLBD2,fbg,0.313311454007196,0.0256964190872529,0.0007695,15.6497,1999,0.147970016056758,TRUE,""
ENSG00000151239,TWF1,fbg,0.0281613141413887,0.760862912213715,0.0009106,8.391,2023,0.00621002197995007,TRUE,""
ENSG00000151491,EPS8,fbg,-0.0863743711000736,0.166170104682876,0.002257,11.0829,1712,0.011803301403809,TRUE,""
ENSG00000151952,TMEM132D,fbg,-0.0818786372795901,0.25707429868483,2.267e-05,10.9979,2747,0.0098223341130064,TRUE,""
ENSG00000152556,PFKM,fbg,0.0679405688626874,0.0330414759684301,0.0001674,21.1497,1782,0.0400999739533787,TRUE,""
ENSG00000152944,MED21,fbg,0.00902708283450965,0.768668006560809,0.00142,20.21,2359,0.0042734790163299,TRUE,""
ENSG00000155957,TMBIM4,fbg,0.00377426502549749,0.802587348634153,0.0004273,37.9217,1938,0.00400894886586513,TRUE,""
ENSG00000157782,CABP1,fbg,0.0213467641145772,0.43881634294658,5.182e-07,19.6825,1284,0.00174731678376036,TRUE,""
ENSG00000158023,WDR66,fbg,-0.0173723036707308,0.57628216259003,5.182e-07,13.0613,1059,0.00143704454966317,TRUE,""
ENSG00000161791,FMNL3,fbg,0.0192032816009596,0.590258451314772,0.008314,25.8661,923,0.007269133069861,TRUE,""
ENSG00000165682,CLEC1B,fbg,-0.0118086887210535,0.303681109722319,0.0037,58.3685,2059,0.00410430442808802,TRUE,""
ENSG00000165685,TMEM52B,fbg,-0.0423386323786143,0.561479628322256,0.0037,6.7342,1956,0.00489713860438293,TRUE,""
ENSG00000165714,LOH12CR1,fbg,0.03672658808965,0.332197561388374,0.004229,15.5092,2085,0.00625687649808598,TRUE,""
ENSG00000166046,TCP11L2,fbg,-0.0264482746144105,0.205274503664272,0.01327,39.4652,2099,0.00947309995510305,TRUE,""
ENSG00000166225,FRS2,fbg,-0.08085455388093,0.208368424819709,9.756e-06,8.5276,2138,0.00828899825160877,TRUE,""
ENSG00000166226,CCT2,fbg,0.0371575180580603,0.302423598900007,9.756e-06,15.7035,2220,0.00545245729005253,TRUE,""
ENSG00000166523,CLEC4E,fbg,0.00464282190422832,0.747012853671547,0.002978,61.6219,1458,0.00528088096044929,TRUE,""
ENSG00000166578,IQCD,fbg,-0.0395168768295401,0.679827587935345,0.0029,10.7324,1812,0.00814370236092673,TRUE,""
ENSG00000166860,ZBTB39,fbg,-0.331435857437148,0.0141737231063884,0.0007165,6.9454,897,0.0917224737313194,TRUE,""
ENSG00000166888,STAT6,fbg,0.0327505334566317,0.40769485848579,0.0007165,66.7799,973,0.0251607041186137,TRUE,""
ENSG00000166896,XRCC6BP1,fbg,0.00256140842790774,0.707660466654553,0.0009042,63.4646,1459,0.0129509075985831,TRUE,""
ENSG00000166908,PIP4K2C,fbg,0.00469839845322388,0.920344325445942,0.0009042,15.1541,1345,0.0048302950067628,TRUE,""
ENSG00000166987,MBD6,fbg,0.0927623895235908,0.22463863892378,0.0007165,9.3306,1279,0.0102769580275622,TRUE,""
ENSG00000167528,ZNF641,fbg,-0.00448240790067308,0.785062868547559,0.0001674,116.4093,1603,0.0183967963311508,TRUE,""
ENSG00000167550,RHEBL1,fbg,0.727269873702757,0.0079765401182518,0.0001674,6.3304,1189,0.173166442897192,TRUE,""
ENSG00000167767,KRT80,fbg,-0.0408471735048708,0.46045657725458,0.0002794,11.9771,2155,0.00623888477936591,TRUE,""
ENSG00000167779,IGFBP6,fbg,-0.129265690578042,0.354281892688974,0.0008486,12.0546,2234,0.0166620408906091,TRUE,""
ENSG00000167780,SOAT2,fbg,-0.0660907438384931,0.0574331196320036,0.0008486,20.4517,2234,0.0276658421041929,TRUE,""
ENSG00000169884,WNT10B,fbg,-0.00368155795075469,0.922905718287002,0.0001674,14.5045,1279,0.00353500811837232,TRUE,""
ENSG00000170473,WIBG,fbg,-0.00985282512753234,0.880764615259515,0.0007165,9.4029,1177,0.00485374681984981,TRUE,""
ENSG00000170484,KRT74,fbg,0.0272411081380341,0.241426553382044,0.0008486,23.3258,2048,0.00885858460391529,TRUE,""
ENSG00000171681,ATF7IP,fbg,-0.055617389203796,0.247578913503389,0.002643,11.8188,2038,0.00744348240163701,TRUE,""
ENSG00000171847,FAM90A1,fbg,0.136188885391419,0.640738381802541,0.002978,18.1112,1467,0.0583082655256321,TRUE,""
ENSG00000171860,C3AR1,fbg,-0.00839706221273474,0.552114494149917,0.002978,137.2626,1404,0.00595248330007074,TRUE,""
ENSG00000172243,CLEC7A,fbg,-0.0187966895909017,0.275312886521963,0.0037,46.9047,2014,0.00794033484077261,TRUE,""
ENSG00000172867,KRT2,fbg,0.0268403225899417,0.467058901715173,0.0008486,15.9161,2064,0.00493425589896982,TRUE,""
ENSG00000173208,ABCD2,fbg,-0.0354661126519838,0.375421607696006,0.002217,19.5074,2513,0.00756273915477433,TRUE,""
ENSG00000174099,MSRB3,fbg,0.0300823500491642,0.722710426810277,0.0004273,6.5088,1431,0.00408444780698021,TRUE,""
ENSG00000174106,LEMD3,fbg,-0.00731266969853751,0.605764292132078,0.0004273,56.1415,1427,0.00693577720563284,TRUE,""
ENSG00000174233,ADCY6,fbg,-0.0191085104358677,0.91273530224508,0.0001674,7.1048,1320,0.00852121919646062,TRUE,""
ENSG00000174718,KIAA1551,fbg,-0.00565348695660041,0.680511892901687,0.0004853,40.1628,2196,0.00431148223266853,TRUE,""
ENSG00000175197,DDIT3,fbg,0.0524787346619575,0.244914432269935,0.0007165,16.2018,1277,0.0102585989816585,TRUE,""
ENSG00000175203,DCTN2,fbg,-0.0862952788773536,0.381573905705021,0.0007165,5.7038,1284,0.00672670703679807,TRUE,""
ENSG00000175970,UNC119B,fbg,0.0172389584550117,0.2870949517261,5.182e-07,30.9147,1277,0.00189050971083974,TRUE,""
ENSG00000176422,SPRYD4,fbg,0.0317870902107944,0.0015205551040045,0.0007165,75.3583,894,0.229289690824224,TRUE,""
ENSG00000176834,VSIG10,fbg,-0.00243812898848281,0.93436605637943,1.696e-05,46.8721,2154,0.009178207957988,TRUE,""
ENSG00000176871,WSB2,fbg,-0.00278656795077883,0.93436605637943,0.000219,40.7146,2124,0.00978369988135018,TRUE,""
ENSG00000176894,PXMP2,fbg,0.14980566871243,0.208368424819709,1.324e-05,4.625,690,0.00485919349939583,TRUE,""
ENSG00000176915,ANKLE2,fbg,-0.0252443368840918,0.190977693467857,1.324e-05,29.3605,675,0.00736135417187386,TRUE,""
ENSG00000177675,CD163L1,fbg,-0.00572957889248947,0.851268623688206,0.003952,18.3038,1267,0.00381112297647788,TRUE,""
ENSG00000177981,ASB8,fbg,0.0445695001929322,0.133614402537716,0.0001674,21.5527,1748,0.0123749739771026,TRUE,""
ENSG00000178449,COX14,fbg,0.0223674266916822,0.15964990164281,0.004027,32.2462,1076,0.010167708436839,TRUE,""
ENSG00000179104,TMTC2,fbg,0.0280171519381531,0.544474508963011,0.003828,12.7057,2105,0.00474292210560141,TRUE,""
ENSG00000179195,ZNF664,fbg,0.0246034705034255,0.364803543676989,0.002396,20.8709,1492,0.00594082287647485,TRUE,""
ENSG00000179295,PTPN11,fbg,-0.10065564651988,0.0591882466367507,0.0029,10.6521,1000,0.0344899833736064,TRUE,""
ENSG00000179912,R3HDM2,fbg,0.0865163045145865,0.289680155734686,0.0007165,7.3565,1090,0.00774630929041122,TRUE,""
ENSG00000180263,FGD6,fbg,-0.00309524747683891,0.845297478259299,8.641e-06,30.8674,2236,0.00420394260193472,TRUE,""
ENSG00000180881,CAPS2,fbg,-0.030449224993765,0.349538991650093,0.0003493,16.7027,2131,0.00575345286770941,TRUE,""
ENSG00000182196,ARL6IP4,fbg,-0.0212161445611784,0.410206998692259,0.004144,23.2688,904,0.00592004968423523,TRUE,""
ENSG00000182379,NXPH4,fbg,-0.0681070609911584,0.544474508963011,0.0007165,4.8315,1042,0.00351246507016724,TRUE,""
ENSG00000182500,ORAI1,fbg,-0.324662512579049,0.0762739096340453,5.182e-07,51.7556,1182,0.00194124761928221,TRUE,""
ENSG00000182544,MFSD5,fbg,0.0240277616693801,0.142466754827972,0.0008486,32.5946,2144,0.0102992707130359,TRUE,""
ENSG00000182993,C12orf60,fbg,-0.0199388286797548,0.401632246433539,0.002969,23.1174,1667,0.00531506277894447,TRUE,""
ENSG00000183160,TMEM119,fbg,-0.0540465360091173,0.535884989067038,0.002455,43.1067,1689,0.0189422384874694,TRUE,""
ENSG00000183283,DAZAP2,fbg,-0.0479266687765131,0.286777565313532,0.0002794,18.1972,1301,0.0115211311152415,TRUE,""
ENSG00000184047,DIABLO,fbg,0.0338245704530312,0.302867777010297,5.182e-07,16.3308,829,0.00193985112722064,TRUE,""
ENSG00000184271,POU6F1,fbg,-0.00455432911788956,0.761866768188248,0.0002794,35.7362,1260,0.0040473072000342,TRUE,""
ENSG00000184293,CLECL1,fbg,-0.00123386525515602,0.900523550339774,0.002978,79.6529,2012,0.00723390338605115,TRUE,""
ENSG00000184445,KNTC1,fbg,0.0312363115209653,0.462525949847147,0.004144,20.3524,822,0.00769810576130196,TRUE,""
ENSG00000184575,XPOT,fbg,0.00136817793594398,0.974266251454282,0.000555,12.382,1246,0.00389712020798537,TRUE,""
ENSG00000185432,METTL7A,fbg,-0.00630116376830833,0.707660466654552,0.0002794,33.8985,1193,0.00460742990026014,TRUE,""
ENSG00000185480,PARPBP,fbg,-0.158102327907296,0.0282034737356933,0.0008417,8.6741,1748,0.0494960332514095,TRUE,""
ENSG00000185482,STAC3,fbg,0.0784098290550809,0.179561867612366,0.0007165,11.5566,1056,0.0109749822204455,TRUE,""
ENSG00000185591,SP1,fbg,-0.0132995214242599,0.514941407043905,0.0008486,25.1436,1873,0.00625138907218076,TRUE,""
ENSG00000185633,NDUFA4L2,fbg,-0.0273763134814933,0.8078169693465,0.0007165,5.5097,1043,0.00853428341068287,TRUE,""
ENSG00000185640,KRT79,fbg,-0.0424449486155678,0.227862855875692,0.0008486,17.1356,2139,0.00866077897878809,TRUE,""
ENSG00000186081,KRT5,fbg,-0.00720851838396501,0.761866768188248,0.0002794,21.6019,2044,0.00576161312468043,TRUE,""
ENSG00000186908,ZDHHC17,fbg,-0.0190970209756244,0.446734978558603,0.007353,32.5626,2179,0.00698062329012113,TRUE,""
ENSG00000187569,DPPA3,fbg,-0.0266696325178872,0.0244489453100894,0.003952,25.4775,1290,0.0435578192363257,TRUE,""
ENSG00000188735,TMEM120B,fbg,-0.0077977051120455,0.828819213786263,5.182e-07,9.6515,1156,0.00140037641246624,TRUE,""
ENSG00000188906,LRRK2,fbg,-0.0216649950076374,0.0934605072058715,0.002217,39.2571,2653,0.0212638104315881,TRUE,""
ENSG00000189079,ARID2,fbg,-0.0877716806740969,0.245523853695853,0.005776,6.6636,1533,0.00722908936870731,TRUE,""
ENSG00000189182,KRT77,fbg,-0.0201184401978221,0.537605244923971,0.0008486,38.6292,2090,0.0102544045297547,TRUE,""
ENSG00000196458,ZNF605,fbg,0.0332790527529189,0.0161172310516141,1.324e-05,46.9592,598,0.0249114808338894,TRUE,""
ENSG00000196465,MYL6B,fbg,0.0181681418676836,0.57628216259003,0.0007165,12.4896,1028,0.00479913307145344,TRUE,""
ENSG00000196510,ANAPC7,fbg,-0.0123739464951741,0.785062868547559,0.001915,11.7909,962,0.00415002173055863,TRUE,""
ENSG00000196668,LINC00173,fbg,-0.0311826572370671,0.60759216041817,0.003552,18.1297,1931,0.009877397515535,TRUE,""
ENSG00000196935,SRGAP1,fbg,-0.0687548245423577,0.110992040456491,0.000555,13.1951,1547,0.0134714244751258,TRUE,""
ENSG00000197728,RPS26,fbg,-0.0218820129197072,0.104162558830439,0.0007165,40.5133,1098,0.0116511307513698,TRUE,""
ENSG00000197837,HIST4H4,fbg,0.0220775063006921,0.416504786576218,0.002969,20.8916,1787,0.00530964046268781,TRUE,""
ENSG00000197992,CLEC9A,fbg,-0.0181259810436948,0.275312886521963,0.0037,47.4346,2084,0.00794642975241784,TRUE,""
ENSG00000198001,IRAK4,fbg,0.0391481556005821,0.401308997816551,0.0009106,21.3701,2070,0.00943151042808893,TRUE,""
ENSG00000198056,PRIM1,fbg,-0.0220749339791741,0.565917676519681,0.0007165,24.5292,807,0.0076019524989168,TRUE,""
ENSG00000198178,CLEC4C,fbg,-0.0114128308034026,0.14096087839135,0.003952,128.2981,1301,0.0395237844332391,TRUE,""
ENSG00000198270,TMEM116,fbg,0.00618811387214047,0.689156516779352,0.009608,48.6163,864,0.00613232737836021,TRUE,""
ENSG00000198324,FAM109A,fbg,-0.0206162795156106,0.607592160418171,0.001915,16.3048,598,0.00651101562039467,TRUE,""
ENSG00000201678,Y_RNA,fbg,-0.0191159756522905,0.626131140669092,0.0001674,7.1425,1282,0.00496533126781727,TRUE,""
ENSG00000204852,TCTN1,fbg,0.05415549670951,0.192564416267239,0.001915,12.9521,716,0.0094200498186313,TRUE,""
ENSG00000205352,PRR13,fbg,-0.0487660044769703,0.179770040387914,0.0008486,19.1074,1822,0.0118472499772573,TRUE,""
ENSG00000205791,LOH12CR2,fbg,0.0716497826431215,0.466263860956852,0.004229,9.2262,2011,0.0108318586850427,TRUE,""
ENSG00000205810,KLRC3,fbg,-0.00157445392047704,0.900523550339774,0.003867,62.4502,1865,0.00472401560226264,TRUE,""
ENSG00000205846,CLEC6A,fbg,-0.000973119912078682,0.956892098247027,0.002978,33.3178,1493,0.00477678341439799,TRUE,""
ENSG00000205885,C1RL-AS1,fbg,-0.0170704209453583,0.302867777010297,0.003952,28.1873,1359,0.00655880783996542,TRUE,""
ENSG00000206044,AC005841.1,fbg,0.051346329810965,0.41325337549364,0.0002464,9.9094,2202,0.0134041676766864,TRUE,""
ENSG00000211455,STK38L,fbg,-0.013531619708272,0.861933801629757,0.00142,10.5235,2350,0.00557616976975829,TRUE,""
ENSG00000212125,TAS2R15,fbg,0.010355748106659,0.705595683272677,0.004229,10.8134,1931,0.0067729950499552,TRUE,""
ENSG00000213049,RP11-436I9.4,fbg,0.0234889543526836,0.230139340443417,0.002978,11.0673,1634,0.0117063585001945,TRUE,""
ENSG00000213782,DDX47,fbg,0.0673707277047341,0.387112963987488,0.002643,8.4107,2254,0.0069678125185353,TRUE,""
ENSG00000213809,KLRK1,fbg,-0.0313176568623447,0.305060822021553,0.003867,20.3004,1855,0.00824483632013882,TRUE,""
ENSG00000221949,C12orf61,fbg,0.0209007489334309,0.754660563059686,0.003648,8.4017,2202,0.00405764014641392,TRUE,""
ENSG00000223294,SNORD83,fbg,-0.00629981121749474,0.504985075093846,0.000555,21.6148,1207,0.00498392013620146,TRUE,""
ENSG00000225231,AC091814.2,fbg,-0.00513310372617522,0.303681109722319,0.002978,74.4795,2044,0.00773848648984627,TRUE,""
ENSG00000225342,AC079630.4,fbg,-0.0464642914946376,0.427499230091714,0.002217,11.6537,2606,0.0110818116301627,TRUE,""
ENSG00000225422,RBMS1P1,fbg,0.029121608304229,0.605764292132078,0.0004273,4.9961,2000,0.00441381387350072,TRUE,""
ENSG00000229186,ADAM1A,fbg,0.0230609178004513,0.0919528484397757,0.009608,29.2675,804,0.0260928747165257,TRUE,""
ENSG00000234608,MAPKAPK5-AS1,fbg,0.00321610639189505,0.845297478259299,0.001915,37.8137,787,0.0052897217587721,TRUE,""
ENSG00000235602,POU5F1P3,fbg,-0.0345904464618225,0.0416463306220434,0.002978,24.4514,1432,0.0413462291801994,TRUE,""
ENSG00000236946,GS1-410F4.3,fbg,-0.000498291701242591,0.95167294673366,0.002753,29.7692,2210,0.0039819655751538,TRUE,""
ENSG00000237240,U47924.25,fbg,0.0113140060782648,0.752162308378054,0.003216,6.9865,1483,0.00830783735055885,TRUE,""
ENSG00000237248,RP11-118B22.2,fbg,0.0284605859009343,0.153127451019669,0.002978,36.4809,1768,0.0284969969567333,TRUE,""
ENSG00000239335,RP11-745O10.2,fbg,0.00599979516643297,0.360566735097472,0.0004273,69.0804,1912,0.00407365773662715,TRUE,""
ENSG00000240399,RP1-228P16.1,fbg,-0.017111753765068,0.0547250725205242,0.0001674,31.6438,1819,0.0271434874797908,TRUE,""
ENSG00000245105,A2M-AS1,fbg,0.00505196407391474,0.57377540363273,0.002978,26.4261,1665,0.00460404185719146,TRUE,""
ENSG00000245648,RP11-277P12.20,fbg,0.01180298065158,0.449195604488527,0.003867,16.7645,1841,0.00581663084567394,TRUE,""
ENSG00000246363,RP11-13A1.1,fbg,-0.0209103359770736,0.247578913503389,0.005169,18.3342,1448,0.00743340433910252,TRUE,""
ENSG00000247363,RP11-637A17.2,fbg,0.0039399150660027,0.863886790544927,9.756e-06,11.296,2191,0.00377506584927416,TRUE,""
ENSG00000250510,GPR162,fbg,-0.0131304210627691,0.330566734834094,0.003216,66.5611,1511,0.00466179370906311,TRUE,""
ENSG00000250742,RP11-834C11.4,fbg,0.0200519178324549,0.21129954733371,0.008623,29.919,1498,0.00830146270715414,TRUE,""
ENSG00000253719,ATXN7L3B,fbg,-0.00357395113604778,0.877731041501716,0.0003493,27.1122,1815,0.00483793263208555,TRUE,""
ENSG00000255595,RP4-809F18.1,fbg,-0.0339318102024189,0.0570110871742129,0.002248,10.7622,2555,0.0225313541427745,TRUE,""
ENSG00000255661,RP11-59H1.3,fbg,0.0315021101047819,0.511663282695868,0.002643,9.7589,2219,0.00485217268581885,TRUE,""
ENSG00000255968,RP11-513G19.1,fbg,-0.0347092024348511,0.514288986716092,0.000656,11.1615,2425,0.0132857592074777,TRUE,""
ENSG00000256039,RP11-291B21.2,fbg,-0.00646262874142772,0.676922239021379,0.003867,17.2164,1982,0.00467275710675772,TRUE,""
ENSG00000256155,RP11-277P12.9,fbg,-0.00255183627971184,0.785062868547559,0.003867,21.8296,1852,0.00417206463049101,TRUE,""
ENSG00000256171,GCSHP4,fbg,-0.0404911348653355,0.247862996149615,0.002978,8.1445,1409,0.0108567360760281,TRUE,""
ENSG00000256223,ZNF10,fbg,-0.0228390349240023,0.366406064176293,1.324e-05,19.9536,462,0.00384695447461129,TRUE,""
ENSG00000256234,RP11-283G6.4,fbg,-0.00308176626986786,0.95309266714744,0.000656,5.4707,2410,0.0041032695757649,TRUE,""
ENSG00000256392,RP11-347I19.3,fbg,-0.0296070331586716,0.499675764943554,5.182e-07,13.3194,1116,0.00173620703059551,TRUE,""
ENSG00000256433,RP1-102E24.8,fbg,-0.0149078096061152,0.215297197625348,0.0005969,28.3352,1772,0.0115370476663249,TRUE,""
ENSG00000256576,RP13-977J11.2,fbg,0.000552159625736847,0.955695871316436,1.324e-05,26.8674,1346,0.00279187603073621,TRUE,""
ENSG00000256581,NLRP9P,fbg,-0.00384401670511627,0.625688055872567,2.267e-05,42.6057,2739,0.0043465521086182,TRUE,""
ENSG00000256582,RP11-75L1.1,fbg,-0.00317790444465151,0.605764292132078,0.002978,37.3456,1996,0.00423009832646769,TRUE,""
ENSG00000256594,RP11-705C15.2,fbg,-0.0185522200331808,0.672239138726747,0.002978,54.8515,1962,0.0529702084019,TRUE,""
ENSG00000256660,CLEC12B,fbg,-0.00535340492113312,0.303681109722319,0.0037,123.2009,2086,0.00775154868211557,TRUE,""
ENSG00000256673,RP11-599J14.2,fbg,-0.0237951130076262,0.114348129742201,0.002978,27.1799,1876,0.0216618003242905,TRUE,""
ENSG00000256720,RP11-436I9.6,fbg,0.0142580395545514,0.230139340443417,0.002978,26.7865,1702,0.0102777727651321,TRUE,""
ENSG00000256751,RP11-695J4.2,fbg,0.00609934274695808,0.761866768188248,0.002969,16.8552,1923,0.00418126661797631,TRUE,""
ENSG00000256913,RP1-102E24.6,fbg,-0.00247881058522213,0.922905718287002,0.0005969,7.9721,1697,0.00974293077628496,TRUE,""
ENSG00000256937,RP11-436I9.5,fbg,0.00524086511631615,0.396168007039194,0.002978,39.7266,1699,0.00568760310143824,TRUE,""
ENSG00000256967,RP11-273B20.1,fbg,-0.00514505552187286,0.393691925690234,0.003952,47.6863,1353,0.00475302886338549,TRUE,""
ENSG00000256973,RP11-359J14.2,fbg,0.096302767873519,0.25748608086621,0.003714,5.4558,1811,0.0157980066564008,TRUE,""
ENSG00000257020,RP11-87C12.4,fbg,0.0249171875360969,0.301951240552087,5.182e-07,7.9489,1060,0.001973663816202,TRUE,""
ENSG00000257156,RP11-13A1.3,fbg,-0.0479532280901871,0.260589034273618,0.005169,7.4182,1474,0.00701695954432104,TRUE,""
ENSG00000257167,TMPO-AS1,fbg,-0.0331507416492352,0.661748776081758,9.07e-05,5.5484,1818,0.00611082591566084,TRUE,""
ENSG00000257231,RP11-438N16.2,fbg,0.0679170510260883,0.417940175743203,0.001952,7.3818,2177,0.0162706196894389,TRUE,""
ENSG00000257303,RP11-977G19.11,fbg,-0.0949418372133265,0.227682872170247,0.0007165,5.7524,945,0.0162550125131417,TRUE,""
ENSG00000257499,RP11-571M6.8,fbg,-0.0226256304656059,0.288008758003942,0.0009042,11.1465,1372,0.00674433397589346,TRUE,""
ENSG00000257511,RP11-278C7.1,fbg,-0.030237066475003,0.56341416025565,0.0004853,6.3764,2449,0.0068457237274509,TRUE,""
ENSG00000257594,GALNT4,fbg,-0.00202308100390301,0.791236045636806,0.0007364,76.6137,1588,0.00439820146830773,TRUE,""
ENSG00000257595,RP3-473L9.4,fbg,-0.0103701766489769,0.562624686915214,0.009608,14.2786,592,0.0313729185414333,TRUE,""
ENSG00000257605,RP11-680A11.5,fbg,-0.0153312623362769,0.57628216259003,0.0008486,9.1867,2071,0.00466048438050876,TRUE,""
ENSG00000257681,RP11-341G23.4,fbg,0.00492629062840144,0.689156516779352,0.0007622,19.8282,2216,0.00435000652230985,TRUE,""
ENSG00000257715,RP11-256L6.2,fbg,0.00264477099212109,0.745692505957826,8.641e-06,33.6553,2060,0.00375638880169371,TRUE,""
ENSG00000257727,CNPY2,fbg,0.06454744747089,0.185974874255209,0.0007165,19.3186,956,0.0176873758057638,TRUE,""
ENSG00000257742,RP11-350F4.2,fbg,-0.0139854440601449,0.401632246433539,0.0009106,13.3595,2118,0.00526056084078228,TRUE,""
ENSG00000257802,MRS2P2,fbg,0.0795785664522948,0.0713444578493436,0.002654,9.855,1938,0.0373393351533776,TRUE,""
ENSG00000257924,RP11-493L12.5,fbg,0.00359581543364675,0.698684565645401,0.003333,22.4612,1895,0.00402319386610115,TRUE,""
ENSG00000258102,RP11-809C9.2,fbg,0.0548902818549432,0.275910431690185,0.003552,9.8612,1935,0.0142351822923066,TRUE,""
ENSG00000258172,RP11-1105G2.4,fbg,-0.0167666445436716,0.182422439451736,0.005033,21.4871,2108,0.0112427792640268,TRUE,""
ENSG00000258181,RP11-493L12.4,fbg,0.0107760648806479,0.554581334468169,0.003571,44.8031,1861,0.0097411160434389,TRUE,""
ENSG00000258230,RP11-511H9.3,fbg,-0.001067940737155,0.927564826606211,0.0008417,18.1315,1952,0.00404334964307442,TRUE,""
ENSG00000258311,RP11-644F5.10,fbg,-0.00448502225677527,0.811004442719249,0.0007165,74.8921,1226,0.0079376057580029,TRUE,""
ENSG00000258317,RP11-603J24.5,fbg,0.0625639848169235,0.394733896485913,0.0007165,4.7056,1054,0.0059030683717976,TRUE,""
ENSG00000258546,RP11-713N11.3,fbg,0.00520690435063751,0.851268623688206,9.325e-05,8.1424,2602,0.00276565698547167,TRUE,""
ENSG00000260329,RP11-412D9.4,fbg,0.0214828917814789,0.419982497240339,0.004196,8.628,1842,0.00504896739005201,TRUE,""
ENSG00000260943,RP11-476D10.1,fbg,-0.0107398858762791,0.0934605072058715,0.002217,75.7593,2619,0.00496549688975615,TRUE,""
ENSG00000261799,RP11-283I3.6,fbg,-0.00235998369871974,0.824140895741885,0.003754,25.1444,945,0.00447214297978467,TRUE,""
ENSG00000261827,RP11-340F14.5,fbg,0.0701439531260093,0.0486289038215588,5.182e-07,14.3427,1242,0.0149767505453088,TRUE,""
ENSG00000268069,AC004466.1,fbg,0.0510373296798816,0.350647889704459,0.0001674,6.1041,1936,0.00833172174722326,TRUE,""
ENSG00000269514,DKFZP779L1853,fbg,0.0586287218077881,0.087325540556004,0.0001674,13.5584,1694,0.0150239279983926,TRUE,""
ENSG00000269892,RP4-761J14.10,fbg,-0.0042826482472639,0.639248343034235,0.0005969,25.98,1552,0.00419272336865446,TRUE,""
ENSG00000269903,RP11-571M6.18,fbg,-0.033401823971366,0.0690363479944153,0.0009042,12.6942,1437,0.0177442736033726,TRUE,""
ENSG00000270175,RP11-793H13.11,fbg,-0.00299282886180867,0.87583596638341,0.0008486,12.3922,1745,0.00669043179996149,TRUE,""
ENSG00000023516,AKAP11,fbg,0.00572581079748796,0.851268623688206,0.003558,18.6067,2337,0.00392263514003461,TRUE,""
ENSG00000027001,MIPEP,fbg,-0.0399809098624128,0.746519303254113,0.0007982,14.2459,2774,0.00794150390444298,TRUE,""
ENSG00000041515,MYO16,fbg,-0.00741178758987307,0.522895216724075,0.0001625,51.6447,2720,0.00441288928345836,TRUE,""
ENSG00000057593,F7,fbg,-0.0773736081596761,0.513210927875975,0.001169,6.525,1500,0.00727019835964394,TRUE,""
ENSG00000065150,IPO5,fbg,-0.0251558105682669,0.754660563059686,0.0002351,7.0759,2185,0.00399794593265935,TRUE,""
ENSG00000080166,DCT,fbg,0.0223614024855338,0.564779052623049,0.0003656,14.666,2254,0.00461529848422821,TRUE,""
ENSG00000083520,DIS3,fbg,0.0772485624389715,0.145795140951976,0.000496,11.0604,2474,0.0114480653639371,TRUE,""
ENSG00000083535,PIBF1,fbg,0.00104570378621805,0.995306588474021,0.000496,16.7015,2482,0.0187004468928506,TRUE,""
ENSG00000083642,PDS5B,fbg,0.0266121462589958,0.893929766752772,0.0003918,10.6251,2213,0.0135622083718119,TRUE,""
ENSG00000102445,KIAA0226L,fbg,0.0308129553623119,0.024044949905368,0.002172,46.4105,2223,0.0479693881125019,TRUE,""
ENSG00000102471,NDFIP2,fbg,-0.663026790245421,0.23940687879679,0.001437,5.3101,1851,0.0157824504831727,TRUE,""
ENSG00000102531,FNDC3A,fbg,-0.258945431284558,0.0244489453100894,0.001278,18.417,1560,0.146512624975426,TRUE,""
ENSG00000102543,CDADC1,fbg,-0.00190591475703563,0.95167294673366,0.001278,18.6784,1563,0.00410274662026396,TRUE,""
ENSG00000102547,CAB39L,fbg,-0.0104788939641968,0.659085245942245,0.001278,25.4327,1614,0.00455401417225554,TRUE,""
ENSG00000102554,KLF5,fbg,-0.0526568941002828,0.119813814205544,0.000496,18.6696,2490,0.0134021569316173,TRUE,""
ENSG00000102572,STK24,fbg,-0.0307508986938588,0.272740113942454,0.0002351,19.5611,2264,0.00665581783092733,TRUE,""
ENSG00000102580,DNAJC3,fbg,0.0708447989509723,0.639723729547061,0.0003656,10.9237,1927,0.0120735943619981,TRUE,""
ENSG00000102606,ARHGEF7,fbg,0.0349376946214199,0.016982020380087,7.05e-06,44.3035,2206,0.00564162582739688,TRUE,""
ENSG00000102710,SUPT20H,fbg,-0.0239398965817934,0.273806053633816,0.007129,38.9487,2544,0.0118956571699366,TRUE,""
ENSG00000102760,RGCC,fbg,-0.0375605238805264,0.0934605072058715,0.003434,22.1375,1808,0.0151631858524492,TRUE,""
ENSG00000102763,VWA8,fbg,0.0141260266198602,0.750347023651697,0.003434,15.8492,1945,0.00551045484263103,TRUE,""
ENSG00000102780,DGKH,fbg,-0.0826400973743744,0.446116847721283,0.003558,6.8798,2224,0.00700153977830312,TRUE,""
ENSG00000102781,KATNAL1,fbg,-0.0117432968096277,0.698684565645401,0.000186,18.1891,2407,0.00425134528600084,TRUE,""
ENSG00000102804,TSC22D1,fbg,-0.181953632091325,0.0244489453100894,0.0008566,6.9553,1794,0.168656404012405,TRUE,""
ENSG00000102837,OLFM4,fbg,0.00771175665051886,0.449195604488527,0.001218,64.0724,1815,0.0060006833156942,TRUE,""
ENSG00000118922,KLF12,fbg,-0.0109253195981113,0.709823590643094,0.0003788,26.0193,2392,0.00525771857495448,TRUE,""
ENSG00000118939,UCHL3,fbg,0.0128147262748862,0.841480581121794,0.0003788,7.452,2407,0.00602539243202703,TRUE,""
ENSG00000120675,DNAJC15,fbg,0.00569903308395951,0.43076760985781,0.003558,80.7511,2476,0.0044497314127007,TRUE,""
ENSG00000120685,PROSER1,fbg,0.0131788447155456,0.762403879061464,0.001137,15.7446,2322,0.00538746008379627,TRUE,""
ENSG00000120688,WBP4,fbg,0.0601609196295993,0.325582413807624,0.003434,17.1273,1800,0.0112802710408376,TRUE,""
ENSG00000120694,HSPH1,fbg,0.0105836862297231,0.705149527894255,0.000186,23.5453,2211,0.00546006211301268,TRUE,""
ENSG00000120696,KBTBD7,fbg,0.0192145494533958,0.545410804136332,0.003434,23.398,1843,0.00593302259491067,TRUE,""
ENSG00000120699,EXOSC8,fbg,-0.0178648233515774,0.113959193634688,0.007129,32.7569,2559,0.0141325125414989,TRUE,""
ENSG00000121390,PSPC1,fbg,-0.0158827561123499,0.662911145572604,0.002555,19.0482,1818,0.00508941031069061,TRUE,""
ENSG00000122026,RPL21,fbg,-0.101633901774142,0.394910315033248,5.129e-08,7.5742,2200,0.00039247931560817,TRUE,""
ENSG00000122034,GTF3A,fbg,-0.0144636288028719,0.345753978677278,5.129e-08,48.7677,2174,0.000200051071828014,TRUE,""
ENSG00000122035,RASL11A,fbg,-0.0176183239885184,0.670836674740339,5.129e-08,17.1753,2180,0.00017943327733243,TRUE,""
ENSG00000122043,LINC00544,fbg,-0.109196357583166,0.0201507295214442,0.000186,10.4698,2425,0.0553901370306901,TRUE,""
ENSG00000123200,ZC3H13,fbg,0.0556387431448899,0.511663282695868,0.0008566,6.6119,2082,0.00475390663641254,TRUE,""
ENSG00000125246,CLYBL,fbg,0.00373156817580298,0.877731041501716,0.0002351,38.2064,1871,0.00633134948389569,TRUE,""
ENSG00000125247,TMTC4,fbg,0.00417510344207069,0.671389024011197,0.0008629,61.5884,2283,0.00389089723462179,TRUE,""
ENSG00000125249,RAP2A,fbg,0.0116885720606853,0.617075077451974,0.001293,25.8411,1853,0.00460077583585219,TRUE,""
ENSG00000125257,ABCC4,fbg,0.00872573809566644,0.333173268958951,0.0003656,64.3482,2010,0.00693015617513958,TRUE,""
ENSG00000125266,EFNB2,fbg,-0.113601914639011,0.196938679952046,0.000475,6.2675,2479,0.00796746604989865,TRUE,""
ENSG00000125304,TM9SF2,fbg,-0.0800738472816378,0.0696848868050315,0.0002351,17.3379,1930,0.0258727933258336,TRUE,""
ENSG00000126216,TUBGCP3,fbg,0.0541293246296296,0.0230426200877618,0.001169,24.5336,1870,0.0477634854561521,TRUE,""
ENSG00000126218,F10,fbg,0.0309172731598198,0.756923103409378,0.001169,7.2136,1499,0.00652113449823951,TRUE,""
ENSG00000126226,PCID2,fbg,0.015178762076028,0.756923103409378,0.001169,13.9708,1481,0.00508113198713454,TRUE,""
ENSG00000126231,PROZ,fbg,0.0321555319407845,0.408754766219334,0.001169,20.8626,1502,0.00796559919100047,TRUE,""
ENSG00000132952,USPL1,fbg,0.0150768415203347,0.366406064176293,0.000186,33.0568,2385,0.00537782501280601,TRUE,""
ENSG00000132953,XPO4,fbg,-0.0132425195727932,0.674956824198369,0.00227,16.6314,1918,0.00449932132388141,TRUE,""
ENSG00000132965,ALOX5AP,fbg,0.0142652074607129,0.272740113942454,0.000186,69.0311,2328,0.00417737131822214,TRUE,""
ENSG00000132970,WASF3,fbg,0.053543688884499,0.0306729200049368,9.51e-05,22.2734,2319,0.0342244329750545,TRUE,""
ENSG00000132972,RNF17,fbg,0.00196699783905512,0.975070165131246,0.0007982,8.868,2383,0.0038021734852838,TRUE,""
ENSG00000133101,CCNA1,fbg,-0.0257463970632851,0.389370518612637,0.007129,31.5371,2378,0.0135795449883783,TRUE,""
ENSG00000133104,SPG20,fbg,0.00932243621327405,0.587228165762067,0.007129,36.2116,2252,0.00484720206948736,TRUE,""
ENSG00000133106,EPSTI1,fbg,-0.00903072533317163,0.518822668670191,0.003558,81.4474,2447,0.00519446446947615,TRUE,""
ENSG00000133111,RFXAP,fbg,-0.0107485932258478,0.922280913575799,0.007129,6.6079,2528,0.00493958114772249,TRUE,""
ENSG00000133119,RFC3,fbg,-0.0231194237128955,0.693625785030416,0.0006257,10.0089,2480,0.00406374493443039,TRUE,""
ENSG00000134871,COL4A2,fbg,0.0865691719543675,0.4787382817329,7.05e-06,6.9905,2349,0.00514430289603915,TRUE,""
ENSG00000134882,UBAC2,fbg,-0.0144478856710581,0.671389024011197,0.0002351,17.0114,2181,0.0043556735090894,TRUE,""
ENSG00000134901,KDELC1,fbg,0.124857122762317,0.317310507862914,0.005133,5.2258,2915,0.0107433295341417,TRUE,""
ENSG00000134905,CARS2,fbg,-0.0224378691726265,0.158463984539009,7.05e-06,29.2743,2408,0.0242286600850334,TRUE,""
ENSG00000136099,PCDH8,fbg,-0.0183406330948917,0.810330256604408,0.003477,34.5691,1782,0.0182723205284233,TRUE,""
ENSG00000136108,CKAP2,fbg,-0.00727742177823003,0.583426134426407,0.003591,82.1196,1551,0.00444779325023954,TRUE,""
ENSG00000136144,RCBTB1,fbg,0.00640625749796055,0.561479628322256,0.001278,60.943,1702,0.00465167471807006,TRUE,""
ENSG00000136147,PHF11,fbg,0.00704990195730031,0.561479628322256,0.001278,45.3237,1665,0.00504282223144104,TRUE,""
ENSG00000136152,COG3,fbg,-0.0121185468372104,0.725324774655607,0.0008566,19.0295,1760,0.00746148180768271,TRUE,""
ENSG00000136153,LMO7,fbg,0.00946377899774813,0.92339838633312,0.0008019,9.3866,2406,0.00616757045178835,TRUE,""
ENSG00000136156,ITM2B,fbg,0.0235460913312628,0.330940007555671,0.001278,26.3038,1935,0.00694574497923541,TRUE,""
ENSG00000136158,SPRY2,fbg,-0.00453520277471881,0.903523023570037,0.001371,15.6463,1907,0.00403487352846472,TRUE,""
ENSG00000136169,SETDB2,fbg,0.00718920686176955,0.746294336814333,0.001278,27.1858,1648,0.0043669115954265,TRUE,""
ENSG00000139505,MTMR6,fbg,0.00109889250168237,0.962019851444415,9.51e-05,31.3777,2102,0.00473470771296749,TRUE,""
ENSG00000139597,N4BP2L1,fbg,-0.0579998412387007,0.775938823322683,0.0003918,10.3414,2260,0.0106072490839264,TRUE,""
ENSG00000139618,BRCA2,fbg,-0.00396428386057052,0.94021471189421,0.0003918,13.3884,2304,0.00476648695942856,TRUE,""
ENSG00000139684,ESD,fbg,0.0108743116372723,0.477904197979373,0.002172,32.9768,2425,0.00517834988531862,TRUE,""
ENSG00000139687,RB1,fbg,-0.0445150859382668,0.166863357885141,0.001278,18.6785,1868,0.00985092934915107,TRUE,""
ENSG00000139793,MBNL2,fbg,-0.00351085801929271,0.953993721064351,0.001293,15.1303,1760,0.00624068865980679,TRUE,""
ENSG00000139826,ABHD13,fbg,0.0823480517846011,0.464920120624581,0.000475,8.2086,2892,0.00745162928899625,TRUE,""
ENSG00000139842,CUL4A,fbg,-0.215504071402495,0.363302140886898,0.001169,7.5497,1468,0.0186148249284663,TRUE,""
ENSG00000150456,N6AMT2,fbg,0.0446358092674977,0.383771766671716,0.00227,10.7668,1856,0.00704012146339506,TRUE,""
ENSG00000150459,SAP18,fbg,0.0424047085201794,0.317310507862914,0.00227,14.272,2184,0.0065792280748739,TRUE,""
ENSG00000151287,TEX30,fbg,0.0109655705842593,0.815502576593791,0.005133,10.208,2920,0.00402168041182299,TRUE,""
ENSG00000151773,CCDC122,fbg,-0.0297145070229737,0.106765534268082,0.0009224,29.9517,2124,0.0137558049975315,TRUE,""
ENSG00000151835,SACS,fbg,0.0577380404539964,0.277605418363564,0.0007982,11.6039,2739,0.00722924549377996,TRUE,""
ENSG00000152193,RNF219,fbg,0.0128027578578165,0.465555404903429,0.001437,37.4118,2246,0.00574512586332891,TRUE,""
ENSG00000152213,ARL11,fbg,-0.0412780543658644,0.771120848329444,0.001278,13.7991,1720,0.0117782108716308,TRUE,""
ENSG00000152749,GPR180,fbg,-0.00690524934460005,0.302423598900007,0.0003656,80.1768,2249,0.00516213240820586,TRUE,""
ENSG00000153487,ING1,fbg,-0.0409404881590507,0.0484986416561004,7.05e-06,31.1916,2363,0.0239903450189278,TRUE,""
ENSG00000153531,ADPRHL1,fbg,0.00587013158328661,0.94684707139927,0.001169,9.0969,1348,0.00515638791760875,TRUE,""
ENSG00000165300,SLITRK5,fbg,0.0428308682346827,0.429835204622545,0.002794,12.2855,1746,0.00694275632954686,TRUE,""
ENSG00000165416,SUGT1,fbg,0.00423306462857025,0.897332123936804,0.003591,16.7628,1710,0.00380711763399628,TRUE,""
ENSG00000165487,EFHA1,fbg,0.0232265068050364,0.271332121892765,0.00227,30.8349,2257,0.00860746754661193,TRUE,""
ENSG00000172766,NAA16,fbg,0.0413926063447541,0.168086495435629,0.003434,21.7626,1844,0.0114411285597297,TRUE,""
ENSG00000179630,LACC1,fbg,0.188040122188439,0.0408100661166124,0.0009224,7.6542,2108,0.0411907219084764,TRUE,""
ENSG00000180138,CSNK1A1L,fbg,-0.010981035178092,0.821351959007176,0.009498,11.2014,2519,0.00385533390495059,TRUE,""
ENSG00000180776,ZDHHC20,fbg,0.00813924868737125,0.693625785030416,0.00227,28.2817,2288,0.00405525915668735,TRUE,""
ENSG00000182957,SPATA13,fbg,-0.0252819011657111,0.227862855875692,0.0007982,28.8665,2649,0.0082530926427384,TRUE,""
ENSG00000183087,GAS6,fbg,0.0225069412490612,0.398809120942745,0.001169,18.9754,871,0.0047882856098425,TRUE,""
ENSG00000183722,LHFP,fbg,-0.0241959470294662,0.457568175062507,0.001137,18.9089,2475,0.00545635930958598,TRUE,""
ENSG00000185950,IRS2,fbg,-0.0264212557518183,0.67840974731987,0.0001625,11.4529,2574,0.0049822916933205,TRUE,""
ENSG00000186047,DLEU7,fbg,-0.0906127323811295,0.104162558830439,0.002827,10.2149,1745,0.0142667299967862,TRUE,""
ENSG00000186184,POLR1D,fbg,-0.000457066557107642,0.975070165131246,5.129e-08,52.1386,2196,0.000129430908526367,TRUE,""
ENSG00000187498,COL4A1,fbg,0.0560055935673975,0.161513318467542,7.05e-06,20.023,2373,0.0151399731734339,TRUE,""
ENSG00000187676,B3GALTL,fbg,0.00774827943292308,0.60759216041817,0.0003918,58.3341,2229,0.00496858705902978,TRUE,""
ENSG00000188243,COMMD6,fbg,0.0539220266576741,0.295324879212805,0.0003788,14.8278,2412,0.00966963637784101,TRUE,""
ENSG00000188342,GTF2F2,fbg,-0.00726386203466037,0.756668064709294,0.0008566,54.7765,1876,0.00904615644203491,TRUE,""
ENSG00000189403,HMGB1,fbg,-0.00406902505097949,0.95167294673366,0.000186,7.8463,2423,0.00376961295893397,TRUE,""
ENSG00000196199,MPHOSPH8,fbg,-0.0188735015507076,0.608076879465923,0.003586,18.7112,1785,0.00527577267145423,TRUE,""
ENSG00000198553,KCNRG,fbg,0.012888283138415,0.75831647352629,0.002827,16.356,1716,0.00498694345700377,TRUE,""
ENSG00000212293,SNORA16,fbg,-0.00380742714989105,0.786707745258045,0.0003918,42.2239,2229,0.0048217323848422,TRUE,""
ENSG00000213995,CARKD,fbg,-0.0113294613732198,0.423710797166793,7.05e-06,64.7404,2404,0.0066017007878671,TRUE,""
ENSG00000215475,SIAH3,fbg,0.0662373748681805,0.444446702634924,0.0008566,6.0245,1962,0.00521273297851385,TRUE,""
ENSG00000217576,RP11-64P12.8,fbg,-0.0722928009044982,0.485821758188089,0.003591,4.6342,1491,0.00559085310696882,TRUE,""
ENSG00000224429,LINC00422,fbg,-0.0178816475210607,0.0607927235305227,0.00227,24.1122,2316,0.0214129999837787,TRUE,""
ENSG00000225985,RP11-214F16.3,fbg,-0.0385027345590272,0.365591537564832,0.0002351,6.5011,1936,0.00827686296234801,TRUE,""
ENSG00000226057,PHF2P2,fbg,-0.0137601585025499,0.716129568855565,0.007655,6.4646,1065,0.00428030671797414,TRUE,""
ENSG00000227354,RBM26-AS1,fbg,0.0131761543698955,0.17825290619606,0.001437,39.8212,1915,0.01528279957495,TRUE,""
ENSG00000228444,LMO7-AS1,fbg,-0.000508418906351104,0.974266251454282,0.0008019,12.6982,2406,0.00370501429394246,TRUE,""
ENSG00000228889,UBAC2-AS1,fbg,0.0114087074954591,0.518822668670191,0.0002351,12.8989,2212,0.00448992733849458,TRUE,""
ENSG00000229152,ANKRD10-IT1,fbg,0.0197671861828311,0.182422439451736,7.05e-06,16.5108,2232,0.00774140792521859,TRUE,""
ENSG00000229473,RGS17P1,fbg,0.0191279623082446,0.617075077451974,0.003434,6.199,1779,0.00489988946387879,TRUE,""
ENSG00000229715,EEF1DP3,fbg,-0.00719989975516795,0.627783826989789,0.0003918,36.8157,2059,0.00451342894717187,TRUE,""
ENSG00000230641,USP12-AS2,fbg,0.00683792309212217,0.672239138726747,5.129e-08,22.6886,2252,0.000233389775415772,TRUE,""
ENSG00000231862,RP11-34F20.5,fbg,-0.00699420583645721,0.458126425559177,0.002827,20.3538,1733,0.00516605838493973,TRUE,""
ENSG00000232117,RP11-490N5.2,fbg,0.13280947770015,0.00595952647010912,0.000186,5.4558,2453,0.150578725218008,TRUE,""
ENSG00000234377,POU4F1-AS1,fbg,0.053755676422911,0.447697483425227,0.001437,4.7208,2216,0.00616541548352212,TRUE,""
ENSG00000235532,LINC00402,fbg,0.0232385512599024,0.170241395909614,0.000496,30.714,2371,0.0104466640192684,TRUE,""
ENSG00000236778,INTS6-AS1,fbg,0.012264757985889,0.670836674740339,0.01019,22.0296,1590,0.00529938220197568,TRUE,""
ENSG00000237637,FRY-AS1,fbg,0.00749156327454702,0.524539436435313,0.0003918,18.8667,2156,0.00480383688287476,TRUE,""
ENSG00000237879,LINC00398,fbg,0.0542370567907668,0.0168994124245017,0.000186,11.0563,2350,0.0649512204636804,TRUE,""
ENSG00000238121,LINC00426,fbg,-0.0139680259850818,0.182422439451736,0.000186,41.6611,2364,0.00949147015941506,TRUE,""
ENSG00000238241,CCR12P,fbg,-0.0137311835420066,0.227862855875692,0.0002351,21.457,2035,0.00833387541782281,TRUE,""
ENSG00000238651,snoU13,fbg,0.00701924332362343,0.514941407043905,0.003434,26.2762,1808,0.00657006855832742,TRUE,""
ENSG00000244754,N4BP2L2,fbg,0.00707923984165569,0.477904197979373,0.0003918,44.3887,2201,0.00475156472267882,TRUE,""
ENSG00000261097,LINC00563,fbg,0.0350723266743277,0.841480581121794,0.002172,13.1642,2215,0.0188291073488077,TRUE,""
ENSG00000267868,RP11-120K24.3,fbg,0.035016929752455,0.0754403596268004,0.001169,12.3013,1544,0.0197588399671855,TRUE,""
ENSG00000269942,RP11-29B2.5,fbg,-0.0361147597068502,0.513210927875975,0.005133,6.9832,2830,0.00846090098659576,TRUE,""
ENSG00000006432,MAP3K9,fbg,0.0191452080639466,0.301951240552087,0.006614,29.5967,1785,0.00764877459504445,TRUE,""
ENSG00000011114,BTBD7,fbg,0.00388461387374568,0.871864744932721,0.001972,22.9109,1941,0.0037579927410486,TRUE,""
ENSG00000012963,UBR7,fbg,0.0109722269785281,0.427126945094663,0.0003649,43.8364,1975,0.00563616964203312,TRUE,""
ENSG00000013523,ANGEL1,fbg,0.00773771568625688,0.627783826989789,0.0001049,33.7304,1985,0.00412445681558591,TRUE,""
ENSG00000020426,MNAT1,fbg,0.0700132280422252,0.689156516779352,0.006838,9.9686,1499,0.0151814500554242,TRUE,""
ENSG00000020577,SAMD4A,fbg,-0.124766348539859,0.278660494899244,0.0004523,11.1717,1729,0.0249210620504145,TRUE,""
ENSG00000027075,PRKCH,fbg,0.0135787535009427,0.841480581121794,0.001122,9.1761,1729,0.00461694308070997,TRUE,""
ENSG00000033170,FUT8,fbg,-0.00651491345256427,0.651547872829126,0.0005605,39.26,1765,0.00458961883952346,TRUE,""
ENSG00000036530,CYP46A1,fbg,0.110268852805832,0.00404027497989201,6.494e-05,9.7851,1899,0.183740007113292,TRUE,""
ENSG00000042088,TDP1,fbg,-0.0111031577527889,0.754660563059686,2.872e-07,15.5624,1918,0.000459963740934834,TRUE,""
ENSG00000050130,JKAMP,fbg,-0.000875862332504301,0.975070165131246,0.002222,41.0878,2136,0.00781749256385752,TRUE,""
ENSG00000053254,FOXN3,fbg,-0.141392300938076,0.0989429360672961,2.872e-07,8.1014,1746,0.00218048822015113,TRUE,""
ENSG00000053770,AP5M1,fbg,0.107193348499464,0.466263860956852,0.0006706,7.4621,2254,0.0116747395590158,TRUE,""
ENSG00000054690,PLEKHH1,fbg,-0.0235789028777307,0.754660563059686,0.002635,6.5801,1511,0.00431684236733827,TRUE,""
ENSG00000063761,ADCK1,fbg,0.00625132934875549,0.703736325568246,0.0006558,76.4929,2338,0.0084431715469818,TRUE,""
ENSG00000066455,GOLGA5,fbg,0.00260537427468635,0.95167294673366,0.0003649,13.6306,1847,0.00399813294122227,TRUE,""
ENSG00000066739,ATG2B,fbg,0.0495562188007551,0.245169601113509,0.0002344,13.3657,2559,0.00837756351659218,TRUE,""
ENSG00000070182,SPTB,fbg,-0.0409550300211059,0.457568175062507,0.003377,10.3138,1744,0.00554065786228579,TRUE,""
ENSG00000070269,C14orf101,fbg,0.04438685760346,0.559668927199412,0.0006706,15.4348,2466,0.0100860115984683,TRUE,""
ENSG00000071246,VASH1,fbg,-0.0208834546611068,0.138302287372473,0.0001049,145.5909,1984,0.00521809115780143,TRUE,""
ENSG00000071537,SEL1L,fbg,-0.0882052340886801,0.121529125955424,0.001629,9.6865,1917,0.0128109007673537,TRUE,""
ENSG00000072415,MPP5,fbg,-0.0846958662965662,0.21129954733371,0.001945,13.5041,1420,0.0147215638770344,TRUE,""
ENSG00000075413,MARK3,fbg,0.000843036541845161,0.95309266714744,0.0005919,45.0969,1250,0.00425724317442008,TRUE,""
ENSG00000078304,PPP2R5C,fbg,0.00282490358826237,0.986477180329417,0.0003881,6.3011,1409,0.00672876117639553,TRUE,""
ENSG00000080815,PSEN1,fbg,-0.0125917538336681,0.542023387720777,0.001969,34.4264,2018,0.00596822387888842,TRUE,""
ENSG00000080823,MOK,fbg,-0.0498569300684317,0.245758110306171,0.0003881,20.8495,1259,0.0124544412080043,TRUE,""
ENSG00000089737,DDX24,fbg,-0.00919853581025047,0.518822668670191,0.0001168,43.6001,2363,0.00447865354844991,TRUE,""
ENSG00000089775,ZBTB25,fbg,-0.0593327435928947,0.493842236243828,0.003377,57.56,1626,0.00917019088308989,TRUE,""
ENSG00000089902,RCOR1,fbg,-0.0196075164458399,0.496504460907141,0.0003881,20.7084,1189,0.00765253430778386,TRUE,""
ENSG00000089916,GPATCH2L,fbg,-0.0610950196677428,0.0425019611428189,0.0001049,18.5489,1890,0.0274467911747212,TRUE,""
ENSG00000090061,CCNK,fbg,0.0300520212305712,0.605764292132078,6.494e-05,9.4769,2115,0.00415431185668388,TRUE,""
ENSG00000092010,PSME1,fbg,-0.210186448841149,0.0841186947979135,0.005151,15.9084,2062,0.0361146399648341,TRUE,""
ENSG00000092036,HAUS4,fbg,0.00724499204826623,0.510605772861378,0.001745,94.1169,2314,0.00479414069459121,TRUE,""
ENSG00000092067,CEBPE,fbg,0.0140527696618033,0.863886790544927,0.001745,7.5454,2120,0.00415286654200901,TRUE,""
ENSG00000092098,RNF31,fbg,-0.0586533629773884,0.626622284221623,0.005151,5.3402,2072,0.00504158316759296,TRUE,""
ENSG00000092140,G2E3,fbg,0.0209563241279546,0.804862700112158,0.0006872,17.3091,1408,0.0102715922459331,TRUE,""
ENSG00000092200,RPGRIP1,fbg,0.0485303144178598,0.0222709789592328,0.001305,28.63,2592,0.0500307670916815,TRUE,""
ENSG00000092208,GEMIN2,fbg,0.056742545920452,0.288008758003942,0.001796,9.604,1923,0.00685726328803912,TRUE,""
ENSG00000100439,ABHD4,fbg,0.027679899572482,0.458126425559177,0.001745,14.4591,2470,0.00480706714191046,TRUE,""
ENSG00000100450,GZMH,fbg,0.00330053397389643,0.922905718287002,0.005151,16.1493,2282,0.00379786124511661,TRUE,""
ENSG00000100453,GZMB,fbg,-0.0157474296927565,0.366823698716426,0.005151,44.174,2302,0.00499954574869623,TRUE,""
ENSG00000100473,COCH,fbg,0.00331695062931993,0.841480581121794,0.001396,43.033,1500,0.00488060891913724,TRUE,""
ENSG00000100485,SOS2,fbg,0.0455308188781611,0.14096087839135,0.002987,20.104,1693,0.0128107945167594,TRUE,""
ENSG00000100490,CDKL1,fbg,-0.0161490804489848,0.0659578992594126,0.00145,42.3564,1690,0.0209927819437237,TRUE,""
ENSG00000100519,PSMC6,fbg,0.015820857563227,0.582991993727739,0.0005409,16.9644,2209,0.00703003110784201,TRUE,""
ENSG00000100526,CDKN3,fbg,0.03291363843931,0.480261302753423,0.0004523,12.962,1732,0.00521852319292615,TRUE,""
ENSG00000100554,ATP6V1D,fbg,0.0315641825645267,0.192379747571045,0.001945,42.5516,1423,0.0371670849051905,TRUE,""
ENSG00000100564,PIGH,fbg,-0.0553763140276189,0.59710278471826,0.002635,10.8136,1537,0.00984877981998386,TRUE,""
ENSG00000100568,VTI1B,fbg,-0.028743983570698,0.560974031478011,0.002635,10.3872,1620,0.00619057618031755,TRUE,""
ENSG00000100578,KIAA0586,fbg,-0.00641887765123634,0.851268623688206,0.002222,16.2656,2325,0.00392659119696906,TRUE,""
ENSG00000100580,TMED8,fbg,-0.0491174570542829,0.146609268931168,0.0006558,14.8366,2296,0.013916942346352,TRUE,""
ENSG00000100583,SAMD15,fbg,-0.291113550092483,0.0617436925315738,0.0006558,9.15,2300,0.0186122687140602,TRUE,""
ENSG00000100592,DAAM1,fbg,-0.0236855006673624,0.157175791714437,0.002222,43.4811,2042,0.0133138997176371,TRUE,""
ENSG00000100596,SPTLC2,fbg,-0.00877834798537851,0.49813992156856,0.0006558,47.7012,2338,0.00394746238267097,TRUE,""
ENSG00000100599,RIN3,fbg,0.00987295298479323,0.684558919367902,0.0003649,23.4374,1884,0.00413978353366311,TRUE,""
ENSG00000100600,LGMN,fbg,0.00293248743180821,0.900523550339774,0.0003649,24.0843,1787,0.00386142127347495,TRUE,""
ENSG00000100614,PPM1A,fbg,-0.0196405948003436,0.802587348634153,0.002871,6.7448,1461,0.0039887502718113,TRUE,""
ENSG00000100628,ASB2,fbg,0.151905799211827,0.0778738629888632,0.0001168,7.675,2316,0.0199333975151459,TRUE,""
ENSG00000100647,KIAA0247,fbg,0.011269910121965,0.777162373552056,0.001389,20.7769,1943,0.00662315902567963,TRUE,""
ENSG00000100650,SRSF5,fbg,0.140495442611727,0.317310507862914,0.003229,5.0414,1869,0.0066319792432518,TRUE,""
ENSG00000100697,DICER1,fbg,0.0405564083734257,0.0645322342613889,0.0001168,26.1515,2943,0.0194054012584337,TRUE,""
ENSG00000100711,ZFYVE21,fbg,0.0655840568126568,0.391365938307552,0.0005919,7.9316,1288,0.00670075317408354,TRUE,""
ENSG00000100749,VRK1,fbg,-0.0103003346601757,0.561479628322256,0.002885,20.8702,2117,0.00433408242374016,TRUE,""
ENSG00000100764,PSMC1,fbg,-0.0220565828148454,0.628477445586286,2.872e-07,5.4465,1829,0.00105874492022435,TRUE,""
ENSG00000100767,PAPLN,fbg,-0.0242151412652968,0.68370878740079,0.001969,16.1717,1903,0.00715112813834816,TRUE,""
ENSG00000100804,PSMB5,fbg,0.102319200414769,0.0709877902594543,0.001745,21.4182,2237,0.040800700019199,TRUE,""
ENSG00000100813,ACIN1,fbg,0.100954156658913,0.355967119733731,0.001745,9.6737,2147,0.0114921314548616,TRUE,""
ENSG00000100836,PABPN1,fbg,0.124646368449063,0.427398753621591,0.001745,7.1402,1809,0.00944185989661833,TRUE,""
ENSG00000100852,ARHGAP5,fbg,-0.0200681830148208,0.381573905705021,0.0003902,24.1244,1907,0.00537827034592711,TRUE,""
ENSG00000100865,CINP,fbg,0.024562332602946,0.542023387720777,0.0003881,18.1166,1262,0.00707725992300124,TRUE,""
ENSG00000100883,SRP54,fbg,-0.00409817862026029,0.821351959007176,0.009176,30.3009,1425,0.00381940948514593,TRUE,""
ENSG00000100908,EMC9,fbg,-0.0410383586142949,0.0549945959282303,0.005151,27.5519,2061,0.0270149759509007,TRUE,""
ENSG00000100938,GMPR2,fbg,-0.245990565325054,0.022697934504378,0.005151,11.6164,2122,0.111115774177906,TRUE,""
ENSG00000119599,DCAF4,fbg,0.00765549806009408,0.539940330191881,0.001969,85.2357,2231,0.00601985747662125,TRUE,""
ENSG00000119608,PROX2,fbg,-0.00753788532490165,0.909526060036958,0.001686,9.3141,1474,0.00595530252118642,TRUE,""
ENSG00000119616,FCF1,fbg,0.0654701864578754,0.266520525805011,0.001852,10.8315,1504,0.00809486579279307,TRUE,""
ENSG00000119630,PGF,fbg,-0.0842195655447218,0.0335866128968976,0.001686,17.5624,1472,0.042833561745214,TRUE,""
ENSG00000119669,IRF2BPL,fbg,-0.00365769119797937,0.797068494359122,0.0001049,54.4701,2144,0.0485025390692063,TRUE,""
ENSG00000119681,LTBP2,fbg,0.0156644232517678,0.605764292132078,0.004036,16.5993,1479,0.0042657988391729,TRUE,""
ENSG00000119685,TTLL5,fbg,0.0477033963861208,0.00359393247377338,0.0001049,36.9396,1715,0.206164086574168,TRUE,""
ENSG00000119686,FLVCR2,fbg,-0.0230533603683652,0.097490596202208,0.0001049,43.5309,1655,0.0131664072145648,TRUE,""
ENSG00000119714,GPR68,fbg,-0.00529089701057589,0.861079633584653,7.169e-05,23.4258,1795,0.00451265455268123,TRUE,""
ENSG00000125375,ATP5S,fbg,0.0176356238234661,0.349538991650093,0.00145,29.2703,1682,0.00559876241069474,TRUE,""
ENSG00000125384,PTGER2,fbg,0.00204138465934077,0.924125711867492,0.0005409,34.7603,2262,0.00505088805361535,TRUE,""
ENSG00000126215,XRCC3,fbg,0.0263457018769853,0.199824657332384,0.0005919,31.4796,1287,0.0104994570952314,TRUE,""
ENSG00000126773,PCNXL4,fbg,-0.013218184828971,0.530064880329334,0.002871,32.603,1507,0.00638391266820113,TRUE,""
ENSG00000126787,DLGAP5,fbg,-0.00417036487983968,0.954431397113681,0.0004523,7.7617,1926,0.00407454725302025,TRUE,""
ENSG00000126790,L3HYPDH,fbg,0.0117267269177811,0.477904197979373,0.002222,30.0462,2116,0.00480889460412039,TRUE,""
ENSG00000126804,ZBTB1,fbg,0.161757089826251,0.0455002638963584,0.003377,6.6697,1604,0.0255554439748855,TRUE,""
ENSG00000126814,TRMT5,fbg,0.0193044649983385,0.898724545227828,0.001122,9.295,1538,0.0129787404411883,TRUE,""
ENSG00000126822,PLEKHG3,fbg,-0.015442851057317,0.404656761927286,0.003377,41.8025,1683,0.00645332038003029,TRUE,""
ENSG00000129465,RIPK3,fbg,-0.14063928047278,0.114348129742201,0.005151,11.2554,2184,0.0238392644840034,TRUE,""
ENSG00000129467,ADCY4,fbg,0.139607239040583,0.332917547895039,0.005151,7.7106,2187,0.0117472397022567,TRUE,""
ENSG00000129472,RAB2B,fbg,0.00058055749013158,0.982656049567221,0.001305,30.107,2597,0.00539251453311694,TRUE,""
ENSG00000129534,MIS18BP1,fbg,0.0410529920204302,0.261671589062945,0.0005812,20.284,1598,0.0112568390377083,TRUE,""
ENSG00000129562,DAD1,fbg,0.01040605813499,0.623733412091711,0.001745,44.2799,2496,0.00629224037996916,TRUE,""
ENSG00000129566,TEP1,fbg,0.0282471653007327,0.237277851868278,0.001305,24.4437,1814,0.00758767211410357,TRUE,""
ENSG00000131966,ACTR10,fbg,0.000749259445141294,0.985493807229077,0.002222,28.6201,2112,0.0130442183539278,TRUE,""
ENSG00000131969,ABHD12B,fbg,0.00899712686015106,0.590258451314772,0.0005409,41.9384,2201,0.00499465340356737,TRUE,""
ENSG00000131981,LGALS3,fbg,0.226243424210712,0.0809057780917596,0.0004523,7.4266,1911,0.0279801418828919,TRUE,""
ENSG00000133962,CATSPERB,fbg,0.0189731560924933,0.332669938984237,7.169e-05,26.6499,1923,0.00563700261292838,TRUE,""
ENSG00000133983,COX16,fbg,0.00206899479639307,0.95309266714744,0.006654,15.7683,1863,0.00414668690653318,TRUE,""
ENSG00000133985,TTC9,fbg,0.016477734555995,0.302867777010297,0.006654,28.9618,1804,0.00707638875708219,TRUE,""
ENSG00000133997,MED6,fbg,0.0253970884019349,0.347528523523374,0.006654,21.7269,1820,0.00822950940498923,TRUE,""
ENSG00000134001,EIF2S1,fbg,0.0199652630676243,0.889875664640676,0.001945,14.152,1447,0.0155855226349675,TRUE,""
ENSG00000136319,TTC5,fbg,-0.0265005688973546,0.354965907446464,0.001305,24.5909,1733,0.00701466306424784,TRUE,""
ENSG00000139899,CBLN3,fbg,-0.00840389681819164,0.291171315245308,0.005151,96.2689,2213,0.0055188835231032,TRUE,""
ENSG00000139921,TMX1,fbg,-0.0407602473093657,0.248563248217182,0.0005409,26.202,2452,0.0117852851546035,TRUE,""
ENSG00000139926,FRMD6,fbg,0.0504105538342154,0.302423598900007,0.0005409,11.3509,2517,0.00620995646689838,TRUE,""
ENSG00000139946,PELI2,fbg,-0.00861516706021553,0.731034305380085,0.0006706,22.2181,2530,0.00407788574333363,TRUE,""
ENSG00000139970,RTN1,fbg,-0.0288175905289944,0.0638907903728503,0.002871,42.9576,2095,0.0139721574921692,TRUE,""
ENSG00000139977,NAA30,fbg,0.0345484187891204,0.379917247034355,0.0006706,15.9602,2118,0.00755794126701735,TRUE,""
ENSG00000140009,ESR2,fbg,-0.00547491990603855,0.826844797716898,0.0002603,22.1674,1675,0.00383445226468601,TRUE,""
ENSG00000140022,STON2,fbg,-0.0422001217149994,0.137354710336186,0.001629,14.7136,1933,0.0129767655982879,TRUE,""
ENSG00000140043,PTGR2,fbg,-0.0575992851910641,0.0690363479944152,0.007437,30.757,1462,0.0337775346806797,TRUE,""
ENSG00000140044,JDP2,fbg,-0.0798573807243998,0.220271518788167,0.0001049,8.4248,1629,0.00772735484365613,TRUE,""
ENSG00000140092,FBLN5,fbg,0.0251180460328678,0.126931238256761,7.169e-05,122.2058,1878,0.00519316709364295,TRUE,""
ENSG00000140105,WARS,fbg,-0.0224212759603405,0.00294930420059661,6.494e-05,84.0059,1657,0.398107751809319,TRUE,""
ENSG00000151327,FAM177A1,fbg,0.00659447323866436,0.747012853671546,0.009176,26.9923,1484,0.00391673611754854,TRUE,""
ENSG00000151445,VIPAS39,fbg,-0.0560004657577562,0.159649901642811,0.0006558,12.5186,2307,0.0102378187091529,TRUE,""
ENSG00000151748,SAV1,fbg,0.0243357659484975,0.332197561388374,0.00145,22.7989,1886,0.00629373199484865,TRUE,""
ENSG00000155463,OXA1L,fbg,-0.0398446410667361,0.274064638609823,0.001745,10.487,2487,0.00679584699983253,TRUE,""
ENSG00000155465,SLC7A7,fbg,-0.0391407115327707,0.0811266536366262,0.001745,33.274,2482,0.0228351197941205,TRUE,""
ENSG00000156050,FAM161B,fbg,-0.00623513033113852,0.870683232746339,0.007437,17.335,1422,0.00533120762721152,TRUE,""
ENSG00000156127,BATF,fbg,-0.0210983279871395,0.771120848329444,0.0001049,13.4987,1628,0.00635590107723144,TRUE,""
ENSG00000156381,ANKRD9,fbg,-0.0257941301259171,0.119813814205544,0.0003881,38.5591,1209,0.00998090560697087,TRUE,""
ENSG00000157227,MMP14,fbg,-0.0783771225776045,0.327945317995007,0.001745,9.1955,2460,0.00862173770721132,TRUE,""
ENSG00000157306,RP11-66N24.4,fbg,-0.00100487449383595,0.987533561000221,0.001745,7.3135,1826,0.00740199235463688,TRUE,""
ENSG00000157379,DHRS1,fbg,-0.00801015293344513,0.713136420707273,0.005151,54.1893,2143,0.00862698884011243,TRUE,""
ENSG00000165389,SPTSSA,fbg,-0.0247134067306602,0.650994566520519,0.005208,11.6401,1814,0.00554418423853161,TRUE,""
ENSG00000165409,TSHR,fbg,-0.0200613008645811,0.628477445586286,0.0006644,13.2844,1934,0.00424400373140908,TRUE,""
ENSG00000165501,LRR1,fbg,0.0327069097974871,0.368120250693519,0.004693,52.3567,1630,0.00427710126583917,TRUE,""
ENSG00000165506,DNAAF2,fbg,-0.053830128934862,0.377585975474249,0.004693,8.9326,1641,0.00601488763002846,TRUE,""
ENSG00000165525,NEMF,fbg,-0.0786245316581641,0.69900299643425,0.004693,5.4718,1555,0.0186089921278176,TRUE,""
ENSG00000165548,TMEM63C,fbg,-0.00103128277243486,0.925307750889347,0.0002794,46.1835,2239,0.00371704150660776,TRUE,""
ENSG00000165555,NOXRED1,fbg,0.0815108203419478,0.13784315525934,0.0006558,8.9773,2287,0.0121366372790688,TRUE,""
ENSG00000165792,METTL17,fbg,-0.0329790762236576,0.0317885988775997,0.001305,35.2486,2352,0.0383261243262987,TRUE,""
ENSG00000165943,MOAP1,fbg,-0.0244449664779447,0.617075077451974,0.0003649,12.8133,2002,0.00484735163548789,TRUE,""
ENSG00000165948,IFI27L1,fbg,0.0448953231250509,0.171180318164682,0.0001168,47.4851,2372,0.00373394365092361,TRUE,""
ENSG00000165949,IFI27,fbg,-0.0056667780730623,0.785062868547559,0.0001168,28.1744,2368,0.00387339204814784,TRUE,""
ENSG00000165959,CLMN,fbg,-0.012996539683348,0.393294214421889,0.0001168,32.1622,3020,0.0063696790749968,TRUE,""
ENSG00000166165,CKB,fbg,0.00131409134991252,0.95309266714744,0.0005919,26.8966,1265,0.00426580233010525,TRUE,""
ENSG00000166166,TRMT61A,fbg,-0.0205854530235692,0.407346960940474,0.0005919,24.9955,1276,0.0119606048035832,TRUE,""
ENSG00000166170,BAG5,fbg,-0.0134164266854259,0.647568367631056,0.0005919,20.9753,1294,0.00473131968021063,TRUE,""
ENSG00000168260,C14orf183,fbg,-0.0158032851224433,0.651547872829126,0.002987,14.0111,1684,0.00418175637143419,TRUE,""
ENSG00000169385,RNASE2,fbg,-0.00562332971606852,0.802587348634153,0.001305,57.7681,2342,0.00483123934314514,TRUE,""
ENSG00000169397,RNASE3,fbg,-0.00572510804321965,0.802587348634153,0.001305,50.4037,2281,0.00480397104607356,TRUE,""
ENSG00000170270,C14orf142,fbg,-0.00704253224996544,0.852408287000742,0.0003649,18.53,1989,0.0051932503074429,TRUE,""
ENSG00000175985,PLEKHD1,fbg,-0.0147309796956691,0.472788907323068,0.001389,29.3573,2055,0.0060563812015961,TRUE,""
ENSG00000176153,GPX2,fbg,-0.0464065974944757,0.357022949173405,0.0005605,12.8918,1753,0.0124426147127515,TRUE,""
ENSG00000176438,SYNE3,fbg,-0.0475476558968845,0.241426553382044,0.0001168,13.2291,2893,0.00775902927859519,TRUE,""
ENSG00000176473,WDR25,fbg,-0.020133476271337,0.113959193634688,6.494e-05,73.7006,1678,0.00371015407926845,TRUE,""
ENSG00000177465,ACOT4,fbg,0.0176751352068877,0.49813992156856,0.007437,49.4879,1629,0.00555489423073101,TRUE,""
ENSG00000182512,GLRX5,fbg,-0.0126557484024472,0.516565503095008,0.0002344,33.5797,2757,0.00521230416947769,TRUE,""
ENSG00000182732,RGS6,fbg,-0.0245222850387996,0.475050524053953,0.001969,18.1459,2184,0.00546834390617556,TRUE,""
ENSG00000184304,PRKD1,fbg,-0.00580411881479649,0.684558919367902,0.0006872,39.3218,1489,0.00444045598385244,TRUE,""
ENSG00000185024,BRF1,fbg,0.0688858086988536,0.163335906964225,0.0005919,11.8854,625,0.0100859875060597,TRUE,""
ENSG00000185215,TNFAIP2,fbg,0.00359432821356053,0.932176815837669,0.0003881,18.2374,1197,0.00561448627805407,TRUE,""
ENSG00000185271,KLHL33,fbg,-0.0359906893545426,0.639248343034235,0.001305,5.5373,1830,0.00431646632118942,TRUE,""
ENSG00000185559,DLK1,fbg,-0.0131798261752408,0.684558919367902,6.494e-05,16.0897,1622,0.00385495994273837,TRUE,""
ENSG00000186469,GNG2,fbg,-0.0320729088282579,0.535257786937966,0.0005409,17.1733,2416,0.00736153751946047,TRUE,""
ENSG00000186615,KTN1-AS1,fbg,-0.0333143243022508,0.585440934568927,0.004483,13.5035,2228,0.00768185975071722,TRUE,""
ENSG00000186648,LRRC16B,fbg,0.0295789998293332,0.483927304446146,0.005151,15.834,2024,0.00605447362660759,TRUE,""
ENSG00000187621,TCL6,fbg,0.00875155907031205,0.886403006367064,0.0002344,14.6391,2676,0.00645726004312549,TRUE,""
ENSG00000187790,FANCM,fbg,-0.107376718199824,0.123560353423624,0.0005812,12.7636,1608,0.0204333947155312,TRUE,""
ENSG00000196405,EVL,fbg,-0.110081187392583,0.0455002638963584,6.494e-05,13.9061,1657,0.0341380016355354,TRUE,""
ENSG00000196497,IPO4,fbg,0.00524920455960115,0.926227228722227,0.005151,11.3758,2081,0.00644076075655556,TRUE,""
ENSG00000196663,TECPR2,fbg,-0.128030441488575,0.524539436435313,0.0003881,9.4609,1247,0.0138278482985096,TRUE,""
ENSG00000197045,GMFB,fbg,0.0929384509222499,0.20918343139104,0.0004523,10.288,1739,0.0111759454248903,TRUE,""
ENSG00000197324,LRP10,fbg,-0.0166228634452266,0.56341416025565,0.001745,27.7906,2424,0.00620562677242504,TRUE,""
ENSG00000197776,KLHDC1,fbg,0.0664618141018998,0.377585975474249,0.004693,7.9921,1548,0.00667513010828413,TRUE,""
ENSG00000197930,ERO1L,fbg,-0.0167888007239655,0.317310507862914,0.0005409,73.207,2181,0.00704585249640415,TRUE,""
ENSG00000198133,TMEM229B,fbg,-0.00745000329748294,0.661748776081758,0.001945,29.5888,1476,0.00427989947350894,TRUE,""
ENSG00000198208,RPS6KL1,fbg,-0.00881540600773348,0.684558919367902,0.001686,26.2495,1492,0.00405793476779962,TRUE,""
ENSG00000198513,ATL1,fbg,0.0404215450042092,0.333173268958951,0.00145,12.0384,1841,0.0057151784137945,TRUE,""
ENSG00000198718,FAM179B,fbg,0.0131740111288068,0.898952961671851,0.0005812,10.2673,1646,0.00770134938498793,TRUE,""
ENSG00000198752,CDC42BPB,fbg,-0.0106485430266319,0.578514721507944,0.0003881,32.2579,1176,0.00498088920083973,TRUE,""
ENSG00000198894,KIAA1737,fbg,-0.000691739087799055,0.92968966605199,0.0001049,70.5307,2208,0.0111563503019178,TRUE,""
ENSG00000203485,INF2,fbg,-0.0399342155845259,0.0360135690803204,0.0005919,51.6807,936,0.0613235123463884,TRUE,""
ENSG00000205659,LIN52,fbg,0.00298365988512995,0.855725415320072,0.007437,32.8032,1378,0.00409895786920257,TRUE,""
ENSG00000211776,TRAV2,fbg,-0.0631716307352804,0.289680155734686,0.001305,5.1818,2647,0.00870549556504943,TRUE,""
ENSG00000211779,TRAV5,fbg,-0.0576193326962708,0.0607927235305228,0.001305,9.4674,2612,0.0383332752034126,TRUE,""
ENSG00000211782,TRAV8-1,fbg,-0.000616421549831117,0.971510179466646,0.001305,24.0621,2591,0.0064796584252915,TRUE,""
ENSG00000211785,TRAV12-1,fbg,0.019831021970108,0.37951629965665,0.001305,10.8392,2604,0.00641477191661339,TRUE,""
ENSG00000211799,TRAV19,fbg,-0.00682154203515711,0.518387298084664,0.001682,33.7085,2545,0.00686684058071051,TRUE,""
ENSG00000211806,TRAV25,fbg,-0.106809006909384,0.362763257073182,0.001745,11.0983,2514,0.0134019810569052,TRUE,""
ENSG00000211812,TRAV26-2,fbg,0.00897586999350919,0.206532441214479,0.001745,41.5094,2508,0.0106018094089441,TRUE,""
ENSG00000211818,TRAV39,fbg,0.0324868588831738,0.275312886521962,0.001745,8.2152,2488,0.00569890366613879,TRUE,""
ENSG00000211819,TRAV40,fbg,0.0422527400652016,0.41325337549364,0.001745,4.7399,2481,0.00514331461435963,TRUE,""
ENSG00000211820,TRAV41,fbg,0.0131455495950174,0.41325337549364,0.001745,15.2351,2480,0.0054631798900004,TRUE,""
ENSG00000211840,TRAJ49,fbg,0.0016568841488454,0.956892098247027,0.001745,7.9512,2517,0.00433877961339688,TRUE,""
ENSG00000211850,TRAJ39,fbg,0.0159346633335534,0.617075077451974,0.001745,7.0275,2517,0.00436490899125284,TRUE,""
ENSG00000211887,TRAJ2,fbg,-0.0135954032241124,0.583426134426407,0.001745,7.7395,2496,0.00499125304990398,TRUE,""
ENSG00000211888,TRAJ1,fbg,-0.120203279153607,0.0793643945944879,0.001745,5.1492,2494,0.0273039082001175,TRUE,""
ENSG00000211893,IGHG2,fbg,0.0263488740650186,0.43316699063013,0.001852,5.988,598,0.0102864550890235,TRUE,""
ENSG00000211943,IGHV3-15,fbg,-0.00668168974333728,0.898418383157776,0.03855,4.7389,537,0.00584971794595713,TRUE,""
ENSG00000211972,IGHV3-66,fbg,-0.00284714786923077,0.477904197979373,0.03855,59.6597,427,0.00419842397394495,TRUE,""
ENSG00000211973,IGHV1-69,fbg,0.00358750451947787,0.477904197979373,0.03855,45.6178,427,0.00451855782294064,TRUE,""
ENSG00000211974,IGHV2-70,fbg,-0.000425137673245422,0.981867820961016,0.03855,30.9023,452,0.00507272600754562,TRUE,""
ENSG00000213231,TCL1B,fbg,0.00601772374316722,0.731705934672859,0.0002344,32.0841,2639,0.00424649213422767,TRUE,""
ENSG00000213906,LTB4R2,fbg,0.121739531316196,0.293129068088163,0.005151,5.8493,2153,0.009542929197598,TRUE,""
ENSG00000214900,C14orf182,fbg,-0.0393617328192123,0.317310507862914,0.004693,16.1332,1612,0.00738885591252533,TRUE,""
ENSG00000215256,DHRS4-AS1,fbg,-0.0101976884570294,0.645138486991897,0.005151,44.2594,1969,0.00942660230211286,TRUE,""
ENSG00000223648,IGHV3-64,fbg,-0.004049345681546,0.477904197979373,0.03855,42.0079,427,0.00628420101935352,TRUE,""
ENSG00000224650,IGHV3-74,fbg,-0.0299389136157698,0.381573905705021,0.03855,6.9296,423,0.00591392073391557,TRUE,""
ENSG00000224997,AL049840.1,fbg,0.0171159989122422,0.0489818065284666,0.0005919,33.4707,1285,0.0256239646365182,TRUE,""
ENSG00000225698,IGHV3-72,fbg,-0.00222413932471507,0.94684707139927,0.03855,9.9996,425,0.00527345262846521,TRUE,""
ENSG00000226677,IGBP1P1,fbg,0.0341146057748093,0.617075077451974,0.009176,7.8482,1430,0.00680017492011631,TRUE,""
ENSG00000229164,TRAC,fbg,-0.0514535279979312,0.268560789652808,0.001745,9.0002,2517,0.010008607729717,TRUE,""
ENSG00000232216,IGHV3-43,fbg,0.00154001855601711,0.898418383157776,0.03855,20.5607,458,0.00543871859096822,TRUE,""
ENSG00000232774,RP11-47I22.3,fbg,-0.00553955912863701,0.94021471189421,0.001122,7.1617,1845,0.00531435598291688,TRUE,""
ENSG00000237356,AL163953.3,fbg,-0.0791375396326796,0.325582413807624,0.003122,4.8277,1803,0.00915385964755563,TRUE,""
ENSG00000240954,RPL4P1,fbg,0.00917722165991426,0.647568367631056,0.001305,12.9321,2614,0.00451632386889448,TRUE,""
ENSG00000246223,C14orf64,fbg,0.0557767745824035,0.213778211996613,0.002885,11.173,2636,0.0105160034091688,TRUE,""
ENSG00000246548,RP11-7F17.5,fbg,0.00126063324347372,0.855725415320072,0.0001049,35.3007,2153,0.00381436961689002,TRUE,""
ENSG00000254052,IGHVIII-67-4,fbg,0.00905092033916009,0.453254704753736,0.03855,18.0936,425,0.00487683679362855,TRUE,""
ENSG00000254505,CHMP4A,fbg,-0.106410037617157,0.131849285642677,0.005151,18.3374,2101,0.0261718127507137,TRUE,""
ENSG00000254718,CTD-2184C24.2,fbg,-0.0145487198460427,0.649436283726755,0.002871,7.409,1481,0.00440659274853819,TRUE,""
ENSG00000256357,RP11-349I1.2,fbg,0.0390666347448876,0.115081682899341,0.0001168,8.2386,2531,0.0110044837681295,TRUE,""
ENSG00000256590,TRDV3,fbg,-0.08427983964233,0.124394878470488,0.001745,11.2114,2524,0.0144299129810892,TRUE,""
ENSG00000257275,RP11-164H13.1,fbg,-0.00485199418762632,0.886403006367064,0.0002344,12.2301,2662,0.00644957202663721,TRUE,""
ENSG00000257285,RP11-298I3.1,fbg,-0.000227327793249045,0.979005461093967,0.001745,32.6293,2314,0.00443015608710175,TRUE,""
ENSG00000258289,CHURC1,fbg,0.0115871947166965,0.617075077451974,0.0005605,137.9041,1750,0.00682680657689996,TRUE,""
ENSG00000258376,RP4-647C14.2,fbg,-0.00406215367043381,0.659085245942245,0.002651,27.3902,1914,0.00454841201328924,TRUE,""
ENSG00000258398,RP11-218E20.6,fbg,0.00325135365321711,0.662911145572604,0.0005409,34.4413,2178,0.00508396884969965,TRUE,""
ENSG00000258439,RP11-173A8.2,fbg,-0.0148024327607961,0.718016387438887,0.004036,5.7422,1494,0.00507897798242694,TRUE,""
ENSG00000258473,RP11-7F17.4,fbg,0.0033997307188902,0.808451451773901,0.0001049,14.5647,2152,0.0038293559078602,TRUE,""
ENSG00000258521,RP11-638I2.9,fbg,-0.0657914032592049,0.00294930420059661,6.494e-05,11.8142,1646,0.240244119756828,TRUE,""
ENSG00000258572,RP11-1070N10.3,fbg,-0.0080885997535455,0.317310507862914,0.0002344,43.5275,2775,0.00638724503820447,TRUE,""
ENSG00000258581,RP11-638I2.10,fbg,0.0373796626162457,0.0015891292821006,6.494e-05,23.8104,1658,0.43213868433335,TRUE,""
ENSG00000258602,RP11-7F17.7,fbg,0.00295521558804339,0.855725415320072,0.0001049,20.3396,2114,0.0038022466384951,TRUE,""
ENSG00000258623,CTD-2325P2.3,fbg,0.0381881416235434,0.522172599385723,0.001389,5.4105,1860,0.00694616086474964,TRUE,""
ENSG00000258655,ARHGAP5-AS1,fbg,-0.0153239996444963,0.434655471356171,0.0003902,11.7236,1831,0.00525163642647451,TRUE,""
ENSG00000258689,RP6-65G23.1,fbg,0.019671619694826,0.37951629965665,0.006654,10.2804,1786,0.00768905825265243,TRUE,""
ENSG00000258760,CTD-2509G16.5,fbg,-0.00359382750727091,0.925307750889347,0.0005605,5.9987,1668,0.00474826530403477,TRUE,""
ENSG00000258824,CTD-2555O16.2,fbg,-0.00385151248637499,0.859924253238214,0.0002603,11.1022,1626,0.00435913751088378,TRUE,""
ENSG00000258889,RP11-718G2.4,fbg,0.000592938512475453,0.974266251454282,0.006654,10.4387,1816,0.00379114158944922,TRUE,""
ENSG00000258920,FOXN3-AS1,fbg,-0.126147048437512,0.202309241991172,2.872e-07,5.8714,1775,0.00126595036319451,TRUE,""
ENSG00000258946,RP11-58E21.4,fbg,-0.00210979556538757,0.911528237909377,0.004693,11.7348,1579,0.0046538557243735,TRUE,""
ENSG00000259004,RP11-8L8.2,fbg,0.0117582738540802,0.596519838726618,6.494e-05,19.277,1519,0.00427401448078411,TRUE,""
ENSG00000259015,RP11-109N23.6,fbg,0.00640511396750989,0.539940330191881,0.002651,19.9653,2211,0.00455104709590155,TRUE,""
ENSG00000259042,AE000661.50,fbg,0.0184650798453456,0.196938679952046,0.001745,13.7382,2496,0.00851104408959919,TRUE,""
ENSG00000259062,ACTN1-AS1,fbg,-0.00357310920388325,0.927564826606211,0.001389,19.1398,1905,0.0098136875051305,TRUE,""
ENSG00000259065,RP5-1021I20.1,fbg,0.000914021437580083,0.889027492331461,0.007437,64.106,1511,0.00525879103631426,TRUE,""
ENSG00000259070,LINC00639,fbg,0.00911627362917448,0.216721062179052,0.001796,34.1644,1839,0.00958200583774835,TRUE,""
ENSG00000259097,RP11-61O1.1,fbg,0.00638631782085672,0.752162308378054,0.0004054,13.5028,2687,0.00473863490133173,TRUE,""
ENSG00000259143,CTD-2240H23.2,fbg,-0.0101924800183577,0.393294214421889,0.0001168,22.6195,2926,0.00639446506801141,TRUE,""
ENSG00000259153,RP6-65G23.3,fbg,0.0137447465042181,0.567709166197353,0.006614,9.7936,1754,0.00500735644148451,TRUE,""
ENSG00000259162,RP11-203M5.6,fbg,0.023909122363814,0.317310507862914,0.001305,10.219,1743,0.00642813532049403,TRUE,""
ENSG00000259318,RP11-454L9.2,fbg,-0.000905348747941596,0.981004543302515,0.004483,6.8366,2038,0.00469210402768766,TRUE,""
ENSG00000259319,RP11-293M10.6,fbg,0.0175516807238514,0.595245548732816,0.0001049,7.1844,1602,0.00413122257289435,TRUE,""
ENSG00000259374,RP11-736N17.4,fbg,-0.0109418334685585,0.626131140669092,0.0003881,10.7478,1193,0.00573749028108142,TRUE,""
ENSG00000259483,RP11-930O11.2,fbg,0.0128222771827923,0.260589034273618,0.0006706,28.6294,2543,0.00718823576321762,TRUE,""
ENSG00000259606,YLPM1,fbg,-0.0534312914440361,0.291858170073514,0.001852,5.2452,1466,0.00796050732970977,TRUE,""
ENSG00000259719,RP11-930O11.1,fbg,-0.0214245894599967,0.69635620053955,0.0006706,7.738,2548,0.005219929990647,TRUE,""
ENSG00000260711,RP11-747H7.3,fbg,0.0116673068180113,0.332669938984237,7.169e-05,19.7084,1841,0.00562655522997071,TRUE,""
ENSG00000269940,RP11-73M18.7,fbg,0.027043538713359,0.0674638361316115,0.0005919,17.3986,1281,0.0203619576942994,TRUE,""
ENSG00000269958,RP11-73M18.8,fbg,0.0129114662681321,0.0936460525556566,0.0005919,32.7461,1281,0.0163253089998494,TRUE,""
ENSG00000270000,RP3-449M8.9,fbg,0.00058491285055505,0.961094232136074,0.004036,23.3817,1408,0.0049923283120398,TRUE,""
ENSG00000270062,RP11-248J18.3,fbg,-0.0163535176415391,0.381573905705021,0.00145,12.7001,1927,0.00582319754075377,TRUE,""
ENSG00000270108,RP11-73M18.6,fbg,0.0418871821068118,0.0995459556044277,0.0005919,9.9167,1286,0.0159454985676517,TRUE,""
ENSG00000021776,AQR,fbg,-0.0519342093686952,0.41821391318549,0.01341,11.6136,1737,0.00693407009860783,TRUE,""
ENSG00000034053,APBA2,fbg,0.0551812191913218,0.12037739394581,0.003625,23.3617,1260,0.0183263653435157,TRUE,""
ENSG00000035664,DAPK2,fbg,-0.0161403703620847,0.665873563888404,0.0003134,20.8436,1347,0.00551785526292473,TRUE,""
ENSG00000041357,PSMA4,fbg,0.0153842787047792,0.552679335565412,0.0004417,21.9696,1881,0.00486481107575826,TRUE,""
ENSG00000047346,FAM214A,fbg,-0.0112297860621101,0.797068494359122,0.000934,12.8065,2073,0.0044455359539777,TRUE,""
ENSG00000058335,RASGRF1,fbg,-0.0528923052640351,0.626131140669092,0.0004417,5.8597,2083,0.00514080269856413,TRUE,""
ENSG00000062524,LTK,fbg,-0.186564474737806,0.562624686915214,0.002544,5.2202,1305,0.00868263373499562,TRUE,""
ENSG00000064726,BTBD1,fbg,0.0037715326972109,0.92968966605199,0.001572,14.1587,972,0.00421702830113952,TRUE,""
ENSG00000067141,NEO1,fbg,-0.0111852078767742,0.453254704753736,0.003478,41.1469,1193,0.00657783290685274,TRUE,""
ENSG00000068305,MEF2A,fbg,0.010060789010334,0.731034305380085,7.024e-05,19.3434,2192,0.00363352320986837,TRUE,""
ENSG00000068793,CYFIP1,fbg,0.0443155449248077,0.562624686915214,0.00071,8.7846,581,0.0053670931337149,TRUE,""
ENSG00000069869,NEDD4,fbg,0.00548210690520401,0.883651835100635,0.0008035,38.074,1556,0.00993955912203725,TRUE,""
ENSG00000074696,PTPLAD1,fbg,0.140944445366027,0.0690363479944153,1.71e-05,25.087,1206,0.0123234072229271,TRUE,""
ENSG00000074803,SLC12A1,fbg,-0.00832451941148503,0.0544703900274774,0.00276,193.7198,1892,0.0443476770714486,TRUE,""
ENSG00000081014,AP4E1,fbg,-0.0180106941741838,0.226076999133729,0.005508,45.5168,1745,0.00792410286921078,TRUE,""
ENSG00000103591,AAGAB,fbg,-0.0084691653049307,0.458126425559177,0.0007886,57.3485,1742,0.00641973682104467,TRUE,""
ENSG00000103657,HERC1,fbg,-0.0871004181135739,0.0103921587641823,0.0003134,16.7267,1525,0.0898422758545709,TRUE,""
ENSG00000103671,TRIP4,fbg,-0.0305079753266579,0.169131444702671,0.0003134,39.8174,1123,0.00808402143054437,TRUE,""
ENSG00000103723,AP3B2,fbg,-0.00883466176448831,0.617075077451974,0.008639,45.5409,865,0.00500763098634868,TRUE,""
ENSG00000103740,ACSBG1,fbg,0.0288397873463023,0.518822668670191,0.0001065,12.3023,1630,0.00421112317150561,TRUE,""
ENSG00000103769,RAB11A,fbg,-0.0492408792578217,0.603599824611128,1.71e-05,9.7423,1406,0.0067878231009233,TRUE,""
ENSG00000103888,KIAA1199,fbg,-0.0107373722636473,0.915278497446585,0.0001816,7.4756,1718,0.00582367259071238,TRUE,""
ENSG00000103942,HOMER2,fbg,0.0189094958404037,0.562624686915214,0.001572,20.6709,852,0.00554053724388884,TRUE,""
ENSG00000103966,EHD4,fbg,0.0087966553387337,0.564779052623049,0.002544,46.964,1194,0.0060585997584703,TRUE,""
ENSG00000103994,ZNF106,fbg,0.0374685666388638,0.524539436435313,0.002544,11.9415,1216,0.00650922297005876,TRUE,""
ENSG00000103995,CEP152,fbg,-0.00446953724919093,0.827903407296463,0.004781,34.3055,1604,0.00569181446153814,TRUE,""
ENSG00000104064,GABPB1,fbg,-0.0316491043402686,0.366406064176293,0.002455,15.6347,1651,0.00565609383236304,TRUE,""
ENSG00000104093,DMXL2,fbg,0.00586645684254657,0.775096962195985,0.000934,30.2864,1611,0.00445871604431177,TRUE,""
ENSG00000104147,OIP5,fbg,0.0199637472355624,0.661748776081758,0.002544,12.4404,1297,0.0042828421058005,TRUE,""
ENSG00000104154,SLC30A4,fbg,0.100252942795929,0.185659381979118,0.0006507,7.9482,1470,0.0098579962396736,TRUE,""
ENSG00000104177,MYEF2,fbg,-0.0489463700970872,0.0343210797750873,0.00276,30.3274,1942,0.0460152915498977,TRUE,""
ENSG00000117899,MESDC2,fbg,0.0940104376471431,0.140212543422446,0.0001816,11.1711,1711,0.014548667100934,TRUE,""
ENSG00000117906,RCN2,fbg,0.0461032945970075,0.6099084929594,0.0001065,9.6286,1287,0.00649310504939874,TRUE,""
ENSG00000128739,SNRPN,fbg,-0.0970955877440402,0.272740113942454,0.002054,5.3017,2197,0.00701206349806474,TRUE,""
ENSG00000128829,EIF2AK4,fbg,-0.0660748196716187,0.00218022418028017,0.0002523,25.5922,1883,0.284464501761957,TRUE,""
ENSG00000128833,MYO5C,fbg,-0.121708915539699,0.00115405008478154,0.000934,37.7209,1898,0.643554137106501,TRUE,""
ENSG00000128872,TMOD2,fbg,-0.000784978235137545,0.925307750889347,0.000934,69.3592,1630,0.0039894013510906,TRUE,""
ENSG00000128881,TTBK2,fbg,-0.0103001552880828,0.836882810464227,0.002544,12.0228,1142,0.00416115124915185,TRUE,""
ENSG00000128923,FAM63B,fbg,0.0181937246613921,0.349538991650093,0.000931,28.3155,2207,0.00571858896958173,TRUE,""
ENSG00000128928,IVD,fbg,-0.0216399292536209,0.133614402537716,0.0002523,55.6235,1433,0.00440789633209877,TRUE,""
ENSG00000128951,DUT,fbg,-0.0549529709593101,0.0363470786136818,0.00276,29.1522,1905,0.0447194880258508,TRUE,""
ENSG00000128989,ARPP19,fbg,-0.0264945517842924,0.263717761833697,0.000934,36.3756,2011,0.0119570197989589,TRUE,""
ENSG00000129003,VPS13C,fbg,0.0576264171975824,0.000387598128150081,1.042e-10,33.9764,2337,7.01653068699668e-05,TRUE,""
ENSG00000129028,THAP10,fbg,0.231375672693587,0.317310507862914,0.0003295,8.671,1851,0.0241858758377557,TRUE,""
ENSG00000131871,VIMP,fbg,0.00634689582373817,0.871178155583461,0.003619,15.0384,1691,0.00445992405054483,TRUE,""
ENSG00000131873,CHSY1,fbg,-0.0159433606523327,0.477904197979373,0.003616,68.8431,1780,0.00622992041269372,TRUE,""
ENSG00000131876,SNRPA1,fbg,0.0766838559759873,0.216721062179052,0.003619,6.5411,1670,0.00913934330925846,TRUE,""
ENSG00000134153,EMC7,fbg,0.0288200959318228,0.738882680363527,0.0009747,9.3937,2353,0.0065595046645631,TRUE,""
ENSG00000136371,MTHFS,fbg,0.0234628546758384,0.0976712014631225,0.0001816,42.9776,2276,0.023613769633686,TRUE,""
ENSG00000136381,IREB2,fbg,-0.00377931084438382,0.785062868547559,0.0001065,62.4868,1838,0.00520941075763155,TRUE,""
ENSG00000136383,ALPK3,fbg,0.0190393952805044,0.771569465555293,0.001572,8.414,1690,0.0040082895793594,TRUE,""
ENSG00000136404,TM6SF1,fbg,0.00124518102487928,0.92968966605199,0.001572,28.7736,1017,0.00421601778610169,TRUE,""
ENSG00000137776,SLTM,fbg,-0.0142189486740684,0.935724149629174,0.000931,6.119,2191,0.00733665865977458,TRUE,""
ENSG00000137801,THBS1,fbg,-0.0128356492589411,0.317310507862914,0.0002523,52.6164,2303,0.00640555955575461,TRUE,""
ENSG00000137815,RTF1,fbg,0.0192959448661374,0.472294969945709,0.002544,21.0343,1303,0.00501404746711265,TRUE,""
ENSG00000137819,PAQR5,fbg,0.0271844353228207,0.760862912213715,3.465e-05,9.136,1926,0.00358317543591823,TRUE,""
ENSG00000137843,PAK6,fbg,0.162718559137407,0.0826887231350612,0.0002523,5.7265,1612,0.0219734532111584,TRUE,""
ENSG00000137857,DUOX1,fbg,-0.101264784528186,0.0678371646286214,0.0006507,14.5977,1170,0.0459830197372314,TRUE,""
ENSG00000137876,RSL24D1,fbg,0.00424605959172483,0.857555183155439,0.0008035,27.9303,2019,0.00474757511435888,TRUE,""
ENSG00000138592,USP8,fbg,0.00476863260253744,0.793394868265903,0.002455,27.5489,1734,0.00549884677377421,TRUE,""
ENSG00000138593,SECISBP2L,fbg,-0.0133242098361487,0.845297478259299,0.002455,10.6679,1524,0.00510510650605334,TRUE,""
ENSG00000138594,TMOD3,fbg,0.108601090901364,0.110890597528893,0.000934,17.8523,1655,0.0277325791982231,TRUE,""
ENSG00000138604,GLCE,fbg,0.068992884007846,0.0830364393775582,3.465e-05,32.213,1891,0.0240404814329394,TRUE,""
ENSG00000138614,VWA9,fbg,0.100409569585024,0.397466925422593,1.71e-05,14.0354,1243,0.020510423676645,TRUE,""
ENSG00000138615,CILP,fbg,-0.00135388998374673,0.97582537985171,1.71e-05,13.139,1062,0.00380983074165012,TRUE,""
ENSG00000138621,PPCDC,fbg,0.0905647754703325,0.150575972824847,0.0002487,9.0409,897,0.0634720837791624,TRUE,""
ENSG00000140157,NIPA2,fbg,0.0114298645070141,0.552679335565412,0.00071,29.4093,622,0.00443265312052186,TRUE,""
ENSG00000140199,SLC12A6,fbg,0.00485822317951584,0.94021471189421,0.0009747,32.9146,2188,0.0131488612987686,TRUE,""
ENSG00000140262,TCF12,fbg,0.00755285967312395,0.861079633584653,0.001988,16.4564,2125,0.00483404905699744,TRUE,""
ENSG00000140264,SERF2,fbg,0.00812945415873565,0.764177155622095,0.0006507,26.2271,788,0.00539955467482468,TRUE,""
ENSG00000140265,ZSCAN29,fbg,-0.00798223966210581,0.661748776081758,0.003389,58.159,819,0.0107011712633914,TRUE,""
ENSG00000140284,SLC27A2,fbg,0.0583399339032584,0.121529125955424,0.002455,14.6452,1632,0.0122704941463442,TRUE,""
ENSG00000140287,HDC,fbg,-0.0414695876831001,0.724132540388919,0.002455,5.1506,1659,0.00463186811607727,TRUE,""
ENSG00000140323,DISP2,fbg,0.0241799800726607,0.470952440870632,0.0002523,21.6329,1454,0.00652889738965424,TRUE,""
ENSG00000140326,CDAN1,fbg,-0.00446167886239777,0.93537747125395,0.002544,11.9684,1159,0.00455556650942776,TRUE,""
ENSG00000140332,TLE3,fbg,0.0681529388867644,0.266520525805011,0.0003295,7.0094,1782,0.00779444758648891,TRUE,""
ENSG00000140368,PSTPIP1,fbg,0.0179640881253778,0.176074423405835,0.0001065,45.6582,1282,0.00868936621868861,TRUE,""
ENSG00000140374,ETFA,fbg,-0.0154162223103202,0.275312886521963,0.0002908,62.752,966,0.0162229015543334,TRUE,""
ENSG00000140382,HMG20A,fbg,0.0636547415756957,0.0236259577283978,0.0001065,23.6802,1400,0.0517184834086646,TRUE,""
ENSG00000140386,SCAPER,fbg,-0.00750114868760688,0.275312886521963,0.0001065,84.8284,1201,0.00371727495315089,TRUE,""
ENSG00000140398,NEIL1,fbg,-0.246464887433449,0.0036578906781473,0.0002487,6.1552,936,0.148065570853413,TRUE,""
ENSG00000140403,DNAJA4,fbg,0.000953097594156146,0.948559264755632,0.0001065,34.23,1710,0.00350886012258549,TRUE,""
ENSG00000140416,TPM1,fbg,-0.0334836831589512,0.131093464114656,1.042e-10,44.5589,2036,1.29068100671326e-06,TRUE,""
ENSG00000140443,IGF1R,fbg,0.026009093160851,0.389176850174411,7.024e-05,19.3641,2186,0.00595769104490402,TRUE,""
ENSG00000140455,USP3,fbg,0.0014348575704505,0.906347316282193,0.0003134,49.5955,1617,0.00369247590925404,TRUE,""
ENSG00000140459,CYP11A1,fbg,-0.103935135800785,0.328434151229541,0.0002487,7.2677,1121,0.00967170514239994,TRUE,""
ENSG00000140463,BBS4,fbg,0.00699304038701343,0.836882810464227,0.004894,35.5707,1139,0.00840386286502688,TRUE,""
ENSG00000140471,LINS,fbg,0.00761801600980276,0.608514456754163,0.00344,88.0102,2260,0.0100820619087795,TRUE,""
ENSG00000140479,PCSK6,fbg,-0.0308356561756154,0.724132540388919,0.003619,6.8801,1545,0.00427813162444814,TRUE,""
ENSG00000140521,POLG,fbg,0.0647733010820456,0.104162558830439,0.002619,14.215,1642,0.0140256649593085,TRUE,""
ENSG00000140543,DET1,fbg,-0.0452682180357672,0.0220026237732584,0.002619,27.8236,1779,0.047771121718593,TRUE,""
ENSG00000140545,MFGE8,fbg,0.00549812943679604,0.617075077451974,0.002619,58.8172,1725,0.00457018195954085,TRUE,""
ENSG00000140548,ZNF710,fbg,0.0707080890511148,0.179318236045376,0.0008607,10.9125,1684,0.0101801837143106,TRUE,""
ENSG00000140575,IQGAP1,fbg,-0.00491350108641216,0.671389024011197,0.0008607,60.4984,1775,0.00454551975853153,TRUE,""
ENSG00000140577,CRTC3,fbg,0.012082349086103,0.671389024011197,0.0008607,18.7128,1825,0.0064627033983077,TRUE,""
ENSG00000140612,SEC11A,fbg,-0.00976768084925944,0.753304047285912,0.001572,20.0457,1573,0.00450088352948297,TRUE,""
ENSG00000150667,FSIP1,fbg,0.0972248198197163,0.0273922381359285,0.0002523,13.6476,2272,0.0460597174347984,TRUE,""
ENSG00000153575,TUBGCP5,fbg,0.0140756327105403,0.799074192526507,0.00071,17.5534,511,0.00688081197219404,TRUE,""
ENSG00000154237,LRRK1,fbg,-0.00454859558262841,0.772218915230022,0.003616,36.085,2096,0.00465872980284118,TRUE,""
ENSG00000156206,C15orf26,fbg,-0.018402008565943,0.317310507862914,0.0001816,33.855,1762,0.00688064125194844,TRUE,""
ENSG00000156232,WHAMM,fbg,0.00168958113827157,0.922905718287002,0.008639,28.7837,830,0.00452983360113823,TRUE,""
ENSG00000156958,GALK2,fbg,0.0124311888916276,0.595245548732816,0.002455,24.342,1675,0.00444853404977425,TRUE,""
ENSG00000157470,FAM81A,fbg,0.00218726985283354,0.948559264755632,0.006633,16.175,1911,0.00374838390873627,TRUE,""
ENSG00000157483,MYO1E,fbg,0.000797385151750378,0.974266251454282,0.000931,22.1113,2040,0.003707379944796,TRUE,""
ENSG00000157823,AP3S2,fbg,-0.000656088602857368,0.955695871316436,0.002703,55.5977,1667,0.00570844037644464,TRUE,""
ENSG00000166068,SPRED1,fbg,0.0577538398566387,0.309807995209414,0.002072,20.0333,2257,0.0128146792603278,TRUE,""
ENSG00000166140,ZFYVE19,fbg,0.00337785563097584,0.684558919367902,0.0002523,68.6946,1175,0.00455412020424368,TRUE,""
ENSG00000166145,SPINT1,fbg,0.0282626554130688,0.552114494149917,0.0002523,13.8286,1185,0.00587438342433104,TRUE,""
ENSG00000166147,FBN1,fbg,0.0287925413316251,0.277605418363564,0.00276,23.3046,1717,0.00756286369889353,TRUE,""
ENSG00000166710,B2M,fbg,-0.0194787754099781,0.887730533640355,0.0006507,10.9087,995,0.0100540255410053,TRUE,""
ENSG00000166762,CATSPER2,fbg,-0.00688666089968777,0.891533819083154,0.0006507,20.8782,755,0.00941998550953072,TRUE,""
ENSG00000166763,STRCP1,fbg,-0.00247915672306639,0.753304047285912,0.0006507,32.9116,729,0.00446448137496399,TRUE,""
ENSG00000166797,FAM96A,fbg,-0.0524359441575647,0.199824657332384,0.0003134,16.2139,1237,0.00988321258078442,TRUE,""
ENSG00000166821,PEX11A,fbg,0.0284864179938781,0.243345009148762,0.002619,30.562,1736,0.00977193538384485,TRUE,""
ENSG00000166825,ANPEP,fbg,0.0018498426594502,0.883085590508198,0.002703,108.5755,1719,0.0049763741162965,TRUE,""
ENSG00000166831,RBPMS2,fbg,-0.0227491042235474,0.169131444702671,0.0003134,92.5116,1026,0.00854631723438546,TRUE,""
ENSG00000166912,MTMR10,fbg,0.00831157783912195,0.660643863540858,0.003991,34.9738,1084,0.00548825508498759,TRUE,""
ENSG00000166949,SMAD3,fbg,-0.00597738623875731,0.871178155583461,0.0007886,17.0324,1823,0.0045570817023484,TRUE,""
ENSG00000168803,ADAL,fbg,0.0380968757795856,0.0672817604644835,0.003389,40.5573,850,0.0260321781069619,TRUE,""
ENSG00000168806,LCMT2,fbg,0.0356093904616092,0.0672817604644835,0.003401,41.664,860,0.00804761131024945,TRUE,""
ENSG00000169118,CSNK1G1,fbg,-0.0205731193317974,0.514288986716092,0.0003134,25.9562,1147,0.00634537654143471,TRUE,""
ENSG00000169330,KIAA1024,fbg,-0.027688103027357,0.163335906964226,0.0004417,27.1006,2177,0.0103250114020425,TRUE,""
ENSG00000169371,SNUPN,fbg,-0.0375018624640736,0.0129291721727266,0.0002487,39.8315,953,0.044831782203351,TRUE,""
ENSG00000169410,PTPN9,fbg,0.224636263283723,0.0282034737356933,0.0002487,6.2597,952,0.0550960974069735,TRUE,""
ENSG00000169609,C15orf40,fbg,-0.0230981113585164,0.349538991650093,0.001572,22.3072,936,0.00585289758716403,TRUE,""
ENSG00000169612,FAM103A1,fbg,-0.22642747132716,0.449195604488527,0.001572,11.7581,928,0.0369844199932979,TRUE,""
ENSG00000169752,NRG4,fbg,-0.284657547533763,0.172682041418748,0.002266,4.9094,977,0.0342819916441026,TRUE,""
ENSG00000169758,C15orf27,fbg,0.106505099516962,0.277605418363564,0.0002908,6.1287,958,0.00843133388719015,TRUE,""
ENSG00000169918,OTUD7A,fbg,-0.0338254945747334,0.649436283726755,0.003991,7.803,1225,0.00440217824392253,TRUE,""
ENSG00000170113,NIPA1,fbg,0.00532949316527476,0.830324257655795,0.00071,27.9226,700,0.00594076251329105,TRUE,""
ENSG00000170776,AKAP13,fbg,0.0134943252821481,0.458126425559177,0.00276,30.3382,2284,0.00491700029758735,TRUE,""
ENSG00000171763,SPATA5L1,fbg,-0.00716938872378636,0.166863357885141,0.0006507,116.9899,1355,0.00937533848016109,TRUE,""
ENSG00000171766,GATM,fbg,0.0120077699533025,0.166863357885141,0.0006507,70.1172,1334,0.00977729181756114,TRUE,""
ENSG00000172183,ISG20,fbg,-0.0339674554189374,0.0782604822073618,0.002619,53.6242,1720,0.0175584413313253,TRUE,""
ENSG00000172349,IL16,fbg,-0.0225796524725565,0.0915072499234822,0.0001816,45.0278,1758,0.0378922932700097,TRUE,""
ENSG00000172379,ARNT2,fbg,0.0937892863658066,0.331334906503133,0.0001816,6.2803,2042,0.0058510261364524,TRUE,""
ENSG00000173517,PEAK1,fbg,0.061456960848055,0.016982020380087,0.0001065,19.3395,1345,0.0491282630289282,TRUE,""
ENSG00000173575,CHD2,fbg,-0.0344293917457986,0.277605418363564,0.0008213,19.3089,2692,0.00703843680658207,TRUE,""
ENSG00000174197,MGA,fbg,0.04111159111129,0.200105868954852,0.002544,15.9709,1228,0.00866023489820024,TRUE,""
ENSG00000174444,RPL4,fbg,-0.0171915033203417,0.851268623688206,1.71e-05,5.6659,1735,0.00378492328412467,TRUE,""
ENSG00000175746,C15orf54,fbg,0.0483676097330479,0.283393500021783,0.0002523,21.4547,2352,0.00990333200922721,TRUE,""
ENSG00000175779,C15orf53,fbg,0.227480655606026,0.139337967047261,0.002072,5.1431,2343,0.0268639324667055,TRUE,""
ENSG00000176463,SLCO3A1,fbg,0.0273527821863856,0.0182202706208643,0.001094,60.1989,2306,0.00684689808491811,TRUE,""
ENSG00000177971,IMP3,fbg,0.0938051450816961,0.0173889722066872,0.0002487,16.5805,957,0.0689714647780098,TRUE,""
ENSG00000178802,MPI,fbg,-0.0227976972288302,0.13784315525934,0.0002487,35.6976,917,0.010773936589124,TRUE,""
ENSG00000181827,RFX7,fbg,-0.00668690828884261,0.722710426810277,0.0008035,26.5662,1561,0.00402026197357481,TRUE,""
ENSG00000182117,NOP10,fbg,-0.00361337243175075,0.768668006560809,0.0009747,82.8584,2130,0.0196155663860329,TRUE,""
ENSG00000182405,PGBD4,fbg,0.0244431432306449,0.680511892901687,0.0009747,15.2409,2346,0.00658198122290833,TRUE,""
ENSG00000182511,FES,fbg,-0.0283253056427185,0.483283714268336,0.0008607,46.898,1806,0.00564293789422748,TRUE,""
ENSG00000183060,LYSMD4,fbg,-0.0137342042850946,0.533520127186025,7.024e-05,53.7409,2201,0.00571761736110278,TRUE,""
ENSG00000183208,GDPGP1,fbg,-0.00911920087529913,0.689156516779352,0.0008607,24.4221,1728,0.00463877764881946,TRUE,""
ENSG00000183496,MEX3B,fbg,0.109471094710947,0.0735385619032396,0.01026,11.0568,1037,0.0217751553842963,TRUE,""
ENSG00000183655,KLHL25,fbg,-0.100882289566635,0.222939094167741,0.00276,6.8579,2482,0.0074926929721333,TRUE,""
ENSG00000184277,TM2D3,fbg,0.00416017725031748,0.883085590508198,0.003619,21.2806,1287,0.00404971800565062,TRUE,""
ENSG00000185033,SEMA4B,fbg,0.0313684476667646,0.18517115131359,0.0008607,30.0178,1712,0.0111519696340767,TRUE,""
ENSG00000185043,CIB1,fbg,0.000762386711513112,0.965320293449223,0.0008607,105.5496,1717,0.00465818299522839,TRUE,""
ENSG00000185087,FAM169B,fbg,-0.0266317713727486,0.510193396248432,7.024e-05,17.9496,2309,0.00531416322360289,TRUE,""
ENSG00000185088,RPS27L,fbg,-0.121200996084177,0.112987770277812,2.727e-07,12.2948,1938,0.00555202560733287,TRUE,""
ENSG00000185596,WASH3P,fbg,-0.017596629967606,0.0973387146820779,0.003619,28.6888,1002,0.0175965424739697,TRUE,""
ENSG00000185880,TRIM69,fbg,0.0304690016263343,0.218409186619242,0.0006507,37.1283,1026,0.0129536227212394,TRUE,""
ENSG00000186399,GOLGA8R,fbg,-0.0761899974652455,0.0955807045456294,0.004929,16.2335,1186,0.0241081741396316,TRUE,""
ENSG00000188266,AGPHD1,fbg,-0.0519067453232325,0.552679335565412,0.0004417,5.9469,1869,0.00478073906959857,TRUE,""
ENSG00000188277,C15orf62,fbg,0.130470824970243,0.266520525805011,0.0002523,6.5289,1171,0.0116979545641829,TRUE,""
ENSG00000196648,GOLGA6L9,fbg,-0.0112968789861997,0.49813992156856,0.008639,12.0012,864,0.00480941539240521,TRUE,""
ENSG00000197299,BLM,fbg,0.0121641199464232,0.239406878796789,0.0008607,72.9961,1836,0.00404810290370485,TRUE,""
ENSG00000197535,MYO5A,fbg,0.0471855338967116,0.162764690017497,0.000934,25.2731,1895,0.0141420797575081,TRUE,""
ENSG00000203392,AC105020.1,fbg,0.0366571501078311,0.179318236045376,0.0002487,8.2736,962,0.0090751233375472,TRUE,""
ENSG00000206127,GOLGA8O,fbg,0.0146349327550864,0.751496544187975,0.0009747,9.1746,1904,0.00751662338941185,TRUE,""
ENSG00000206190,ATP10A,fbg,0.0221514057065734,0.129486728502174,0.002054,34.3365,2375,0.0113582427337487,TRUE,""
ENSG00000214013,GANC,fbg,-0.172592462018683,0.169131444702671,0.002544,14.95,1174,0.0175138419073089,TRUE,""
ENSG00000224078,SNHG14,fbg,-0.032371633680705,0.700522394103849,0.002054,12.0733,2176,0.00836608791017656,TRUE,""
ENSG00000228998,RP11-697E2.7,fbg,-0.00960043549847518,0.472294969945709,0.0008607,31.4753,1761,0.00484930050295329,TRUE,""
ENSG00000230373,GOLGA6L5,fbg,0.00091557862894467,0.937074486238219,0.001572,24.2912,1419,0.00470694451121866,TRUE,""
ENSG00000243708,PLA2G4B,fbg,-0.0129598507585364,0.302423598900007,0.002544,47.5562,1221,0.010212881951449,TRUE,""
ENSG00000243789,JMJD7,fbg,0.020412222255657,0.247578913503389,0.002544,13.9373,1216,0.00871854367665809,TRUE,""
ENSG00000245534,RP11-219B17.1,fbg,0.0204811480984088,0.50952694326248,0.008843,11.222,2294,0.00688378277655542,TRUE,""
ENSG00000247982,RP11-358M11.2,fbg,0.00776928341333764,0.317310507862914,0.001988,31.506,2277,0.00651996152075135,TRUE,""
ENSG00000248905,FMN1,fbg,0.00154295618650353,0.920344325445942,0.0009747,67.3019,2347,0.00437224324426118,TRUE,""
ENSG00000251819,U6,fbg,0.00571503088103799,0.301951240552087,0.00344,48.9296,2214,0.00490090786634436,TRUE,""
ENSG00000252645,U7,fbg,0.00661889965630158,0.447254584875199,0.002703,35.5348,1584,0.00792598059093544,TRUE,""
ENSG00000255302,EID1,fbg,-0.0173824913496636,0.42119612399579,0.002455,37.8887,1509,0.00769350148173815,TRUE,""
ENSG00000255529,POLR2M,fbg,0.0478771145683092,0.048674875673469,0.000931,25.2784,2558,0.0281624812517762,TRUE,""
ENSG00000255571,CTD-2335A18.1,fbg,0.0432074301902694,0.125707617716504,0.002619,14.2342,1656,0.0120913435965335,TRUE,""
ENSG00000257151,RP11-701H24.2,fbg,-0.0314512747557414,0.155795591786075,0.002054,10.2966,2145,0.00966591269325265,TRUE,""
ENSG00000258382,CTD-2313J17.2,fbg,0.0459869244998219,0.453254704753736,0.0008213,5.156,2627,0.00599804558333867,TRUE,""
ENSG00000258384,AC068831.6,fbg,0.0716881915222215,0.109598583399116,0.0008607,4.835,1765,0.0115824432810615,TRUE,""
ENSG00000258527,ASB9P1,fbg,0.0116141686997975,0.777904188455671,0.0008213,5.8622,2616,0.00514028169929986,TRUE,""
ENSG00000258725,AC068831.8,fbg,-0.0568949583003177,0.00158912928210059,0.0008607,13.8932,1771,0.425130494369213,TRUE,""
ENSG00000259150,RP11-1084I9.3,fbg,-0.00843224295497306,0.849944540437619,0.002054,5.1382,2264,0.0048192320481403,TRUE,""
ENSG00000259182,RP11-424I19.2,fbg,0.0219502145511666,0.434655471356171,0.003616,11.8011,1843,0.0195190002563053,TRUE,""
ENSG00000259193,IGHV1OR15-4,fbg,0.821484843354233,0.161513318467542,0.00071,4.5872,356,0.0173809568049823,TRUE,""
ENSG00000259225,RP11-1008C21.1,fbg,0.149322287337443,0.214260366723103,0.002072,7.7334,2136,0.0146616826322778,TRUE,""
ENSG00000259235,RP11-605F22.2,fbg,-0.0111836475235976,0.0544703900274774,0.00276,67.3103,1925,0.046195180866087,TRUE,""
ENSG00000259351,RP11-111E14.1,fbg,0.0112125652458807,0.754660563059686,0.0003134,6.3007,1399,0.00536577782183469,TRUE,""
ENSG00000259387,RP13-98N21.2,fbg,-0.00154483948021682,0.796357116257739,0.008639,50.2962,934,0.00407094342015552,TRUE,""
ENSG00000259407,RP11-158M2.3,fbg,-0.024191754029998,0.241426553382044,0.00276,11.9756,2464,0.00830866332903596,TRUE,""
ENSG00000259408,RP11-3D4.3,fbg,-0.066880850630881,0.108260594348094,0.0009747,4.9049,2554,0.0105792289096099,TRUE,""
ENSG00000259442,RP11-752G15.8,fbg,-0.0120651089905034,0.698684565645401,0.008639,6.3077,837,0.00533676854089441,TRUE,""
ENSG00000259488,RP11-154J22.1,fbg,-0.0558369729657913,0.0363470786136818,0.00276,20.651,1903,0.044629084280007,TRUE,""
ENSG00000259520,CTD-2651B20.3,fbg,0.00592880142430233,0.636768179585686,0.0006507,24.171,1190,0.00482555814012907,TRUE,""
ENSG00000259562,RP11-762H8.2,fbg,0.0419102124086704,0.126162397742482,0.0001065,12.758,1712,0.012229978380708,TRUE,""
ENSG00000259577,RP11-430B1.2,fbg,-0.00372615322538896,0.744741090227158,0.000934,27.8694,1839,0.00547056567576355,TRUE,""
ENSG00000259641,RP11-279F6.3,fbg,0.00676712788416058,0.819202033401183,3.465e-05,8.4953,1855,0.00273324319065918,TRUE,""
ENSG00000259642,C15orf37,fbg,-0.159604147986687,0.0812306530208798,0.0001816,7.5226,2281,0.050735059210585,TRUE,""
ENSG00000259674,RP11-356M20.1,fbg,0.00149199411912007,0.948559264755632,0.006633,9.9359,1961,0.00373688523981393,TRUE,""
ENSG00000259684,RP11-120K9.2,fbg,0.0024240895401888,0.846529514964004,0.002455,16.8892,1715,0.00585273711188162,TRUE,""
ENSG00000259704,CTD-3094K11.1,fbg,0.0108169559530001,0.526960228463328,0.0008607,21.2558,1768,0.00696860572487719,TRUE,""
ENSG00000259772,RP11-16E12.2,fbg,-0.0362633330691388,0.578514721507944,0.003991,8.2719,1204,0.00518645495634823,TRUE,""
ENSG00000259785,RP13-98N21.3,fbg,0.00157338921156274,0.796357116257739,0.008639,49.6751,1007,0.00402512917929666,TRUE,""
ENSG00000259935,RP11-519C12.1,fbg,0.0101148210403078,0.844882420504495,0.000934,5.8611,2060,0.00570634508166156,TRUE,""
ENSG00000260359,RP11-4F5.2,fbg,0.00994051117603066,0.606447146740021,0.001455,15.5513,2388,0.0048217452299229,TRUE,""
ENSG00000260773,RP11-352G18.2,fbg,-0.00647716536069644,0.899129909742586,1.71e-05,8.6003,1727,0.00807064627343723,TRUE,""
ENSG00000264109,MIR4712,fbg,0.00502060685338206,0.366406064176293,0.002455,54.4113,1682,0.172977475460687,TRUE,""
ENSG00000264386,MIR4513,fbg,0.0938200831068926,0.0114253897844284,0.0002487,5.6736,967,0.411772080499294,TRUE,""
ENSG00000270015,RP11-540B6.6,fbg,0.00591582911212061,0.709484121865155,0.003991,23.8231,1099,0.00688295502817144,TRUE,""
ENSG00000270055,CTD-3092A11.2,fbg,-0.0180848592709264,0.404656761927286,0.005201,26.6599,1150,0.0131767820903145,TRUE,""
ENSG00000003249,DBNDD1,fbg,0.0382300698552344,0.105738681329251,0.007567,55.2173,739,0.0237923234928552,TRUE,""
ENSG00000005001,PRSS22,fbg,0.000824178903469871,0.974266251454282,0.001245,20.0805,988,0.00366483027913012,TRUE,""
ENSG00000005187,ACSM3,fbg,0.0200730874995365,0.617075077451974,0.01709,19.5084,1241,0.00648345164222353,TRUE,""
ENSG00000005194,CIAPIN1,fbg,0.0747679633498277,0.307123411639191,9.169e-05,7.6671,1790,0.00830400106150139,TRUE,""
ENSG00000006007,GDE1,fbg,0.000310129383190987,0.986702539612635,0.001258,58.0752,1529,0.00724560963329973,TRUE,""
ENSG00000006194,ZNF263,fbg,-0.0534100703512784,0.219232533281333,0.0001091,14.3046,1132,0.00837469892889663,TRUE,""
ENSG00000007038,PRSS21,fbg,-0.0906955757530444,0.0398253754995506,0.001245,14.4967,1037,0.0338744089056316,TRUE,""
ENSG00000007376,RPUSD1,fbg,-0.0561091846228841,0.408754766219334,0.0009201,10.4615,1007,0.00720767073393142,TRUE,""
ENSG00000007516,BAIAP3,fbg,0.0306469765337097,0.0824150447448035,0.0009201,33.3565,1219,0.0189898978044393,TRUE,""
ENSG00000007520,TSR3,fbg,-0.0363491862220872,0.764177155622095,0.0009201,13.1215,1209,0.0138635859211743,TRUE,""
ENSG00000007545,CRAMP1L,fbg,-0.0293906955643272,0.44563525329039,0.003639,26.0363,1109,0.00856451652927905,TRUE,""
ENSG00000008516,MMP25,fbg,-0.0196194277181651,0.122865441229318,0.0001091,46.4169,996,0.013092595132661,TRUE,""
ENSG00000008517,IL32,fbg,0.00516180683986425,0.647568367631056,0.0001091,48.5186,1004,0.00402167877165454,TRUE,""
ENSG00000013364,MVP,fbg,-0.0441673075393345,0.160242834183085,0.007129,23.4527,456,0.0129954368741073,TRUE,""
ENSG00000038532,CLEC16A,fbg,-0.0056543547993356,0.911528237909377,0.0002398,14.3337,2119,0.00576603431765584,TRUE,""
ENSG00000040199,PHLPP2,fbg,-0.0109335427098122,0.617075077451974,0.000188,36.0629,1140,0.00584226554090822,TRUE,""
ENSG00000048462,TNFRSF17,fbg,0.061624649859944,0.302423598900007,0.004219,9.5319,2450,0.00977333910973609,TRUE,""
ENSG00000048471,SNX29,fbg,-0.00342157164382048,0.761866768188248,0.004219,78.4202,2541,0.00722317420684743,TRUE,""
ENSG00000058600,POLR3E,fbg,0.0123048789324026,0.391365938307552,0.001333,38.9128,852,0.00606336588401236,TRUE,""
ENSG00000063854,HAGH,fbg,0.0232997170722222,0.360247481293129,0.003639,32.6771,1102,0.00814050686912869,TRUE,""
ENSG00000064270,ATP2C2,fbg,0.0187999927414701,0.345753978677278,1.331e-05,28.6284,3438,0.00395931293575372,TRUE,""
ENSG00000066654,THUMPD1,fbg,-0.0362300124578242,0.121529125955424,0.009007,23.4599,1244,0.0119405067064475,TRUE,""
ENSG00000067365,METTL22,fbg,0.0296313501289133,0.259233298673899,0.0007804,23.6218,2974,0.00854592578139079,TRUE,""
ENSG00000067836,ROGDI,fbg,-0.0043101307339044,0.747012853671547,0.0001091,85.0597,1986,0.00418189595467621,TRUE,""
ENSG00000067955,CBFB,fbg,0.257662154890209,0.235359128148723,0.0003007,6.067,937,0.0169355521481022,TRUE,""
ENSG00000069329,VPS35,fbg,0.0587656716461914,0.294814158063054,0.00147,13.3033,273,0.00879925045787279,TRUE,""
ENSG00000072736,NFATC3,fbg,-0.0991040378257071,0.00250070753217634,5.479e-06,23.3492,865,0.224411756131189,TRUE,""
ENSG00000077238,IL4R,fbg,0.00181132778396094,0.922905718287002,0.001369,29.3417,1829,0.00365463656161227,TRUE,""
ENSG00000080603,SRCAP,fbg,-0.0139689705193598,0.909011306646051,0.007129,4.671,546,0.00453110126570253,TRUE,""
ENSG00000083093,PALB2,fbg,-0.0357918442853696,0.567709166197353,0.001217,9.9464,1748,0.00497316454860265,TRUE,""
ENSG00000083799,CYLD,fbg,0.0217847161441545,0.548506235500147,0.0001364,17.0986,1641,0.00494514906365266,TRUE,""
ENSG00000085644,ZNF213,fbg,0.0332432070256471,0.0374264852087807,0.0001091,61.4842,1059,0.0328367250543202,TRUE,""
ENSG00000085721,RRN3,fbg,0.0296628999492128,0.189351486043285,0.01645,25.2032,853,0.0103543346733338,TRUE,""
ENSG00000087237,CETP,fbg,0.0676772070037323,0.0682232466455102,9.169e-05,16.1522,1901,0.0178729710571022,TRUE,""
ENSG00000087250,MT3,fbg,0.153933082949743,0.0001199864408978,9.169e-05,16.9929,1861,0.88003037094877,TRUE,""
ENSG00000088682,COQ9,fbg,-0.0201844144924432,0.771569465555293,9.169e-05,15.8448,1802,0.00735022420972819,TRUE,""
ENSG00000090447,TFAP4,fbg,-0.0296800067049987,0.673716649749524,0.0001091,9.5778,1379,0.00515490111393562,TRUE,""
ENSG00000090863,GLG1,fbg,0.0236360943999892,0.332197561388374,0.001167,24.0542,1567,0.00612540794014276,TRUE,""
ENSG00000090905,TNRC6A,fbg,-0.000672693050080439,0.981867820961016,0.001217,26.4583,1840,0.0052441092590312,TRUE,""
ENSG00000099377,HSD3B7,fbg,-0.0146750396638315,0.518822668670191,0.007129,24.1326,595,0.00459545773655146,TRUE,""
ENSG00000102897,LYRM1,fbg,-0.0749093907277943,0.137583964946946,0.009007,11.6434,1148,0.0138299360264732,TRUE,""
ENSG00000102904,TSNAXIP1,fbg,-0.206443539872105,0.0072980956039957,5.479e-06,8.947,831,0.0978786171762321,TRUE,""
ENSG00000102908,NFAT5,fbg,0.0177090900374558,0.778518657215875,0.0007257,9.0156,836,0.00420475877525906,TRUE,""
ENSG00000102921,N4BP1,fbg,0.0227035945271924,0.0196306572572907,0.004531,68.2177,1389,0.0357227189437674,TRUE,""
ENSG00000102967,DHODH,fbg,-0.0387180672926784,0.366406064176293,0.000188,12.7943,1282,0.0050864577651982,TRUE,""
ENSG00000102978,POLR2C,fbg,0.00664503933942096,0.802587348634153,9.169e-05,19.4698,1802,0.00396825744798907,TRUE,""
ENSG00000102981,PARD6A,fbg,0.169343854116651,0.0072980956039957,5.479e-06,10.9071,766,0.295154289748729,TRUE,""
ENSG00000102996,MMP15,fbg,-0.0425837320574163,0.636768179585686,0.002598,7.106,1774,0.00472776313129173,TRUE,""
ENSG00000103051,COG4,fbg,0.00653711434451774,0.747012853671546,0.0007257,27.0874,780,0.00398203315827799,TRUE,""
ENSG00000103056,SMPD3,fbg,-0.0136834616471476,0.731034305380085,5.479e-06,14.1391,849,0.0024581681588643,TRUE,""
ENSG00000103061,SLC7A6OS,fbg,0.0371294757054255,0.169131444702671,5.479e-06,14.1527,853,0.00582658042419873,TRUE,""
ENSG00000103066,PLA2G15,fbg,0.0453199345529315,0.493842236243828,5.479e-06,10.0207,865,0.00346335763020457,TRUE,""
ENSG00000103121,CMC2,fbg,-0.00229280856569642,0.897986641842342,0.0002436,48.2017,2850,0.00477522114714432,TRUE,""
ENSG00000103160,HSDL1,fbg,-0.0489627892507605,0.00121517485941101,1.331e-05,39.3614,3793,0.0195320153273261,TRUE,""
ENSG00000103168,TAF1C,fbg,0.0214821428209836,0.0249339664658083,1.331e-05,73.2472,3776,0.00426254403545017,TRUE,""
ENSG00000103174,NAGPA,fbg,0.0131773199020356,0.125707617716504,0.002299,66.2601,2179,0.011892142374382,TRUE,""
ENSG00000103187,COTL1,fbg,0.020788028618929,0.711955723174478,1.331e-05,13.7871,3225,0.00501834288745608,TRUE,""
ENSG00000103196,CRISPLD2,fbg,0.00444741510088971,0.745181071693432,1.331e-05,61.5224,2790,0.00294735476700155,TRUE,""
ENSG00000103202,NME4,fbg,0.00920659117478903,0.56341416025565,0.0009201,54.6735,758,0.00525047517625423,TRUE,""
ENSG00000103222,ABCC1,fbg,0.0178589102765565,0.610188838027009,0.006469,25.1248,929,0.00697289679592395,TRUE,""
ENSG00000103226,NOMO3,fbg,-0.0077436316888774,0.556374370426907,0.006469,28.0896,1160,0.00724642376467222,TRUE,""
ENSG00000103249,CLCN7,fbg,-0.0407338658108642,0.121529125955424,0.0009201,56.7256,1196,0.0206723205264738,TRUE,""
ENSG00000103254,FAM173A,fbg,-0.0224291781187667,0.305363187666221,0.0009201,26.2911,978,0.00752916628656321,TRUE,""
ENSG00000103269,RHBDL1,fbg,-0.0339131877760061,0.673716649749524,0.0009201,7.2558,959,0.0326774218347747,TRUE,""
ENSG00000103275,UBE2I,fbg,0.0304886992106537,0.154713857286327,0.0009201,37.5013,1226,0.0164539494839067,TRUE,""
ENSG00000103353,UBFD1,fbg,-0.0208698869227885,0.591554054889021,0.001217,17.0463,1716,0.00559584851432536,TRUE,""
ENSG00000103356,EARS2,fbg,-0.0520462484683926,0.204693449114837,0.001217,16.2619,1695,0.0102585318278796,TRUE,""
ENSG00000103365,GGA2,fbg,-0.030092191008071,0.204693449114837,0.001217,27.7454,1650,0.0107500916912422,TRUE,""
ENSG00000103485,QPRT,fbg,0.0534963031450507,0.21129954733371,0.007129,21.5629,445,0.0139564339031057,TRUE,""
ENSG00000103496,STX4,fbg,0.00593660681201084,0.684558919367902,0.007129,46.0663,572,0.0038599492601275,TRUE,""
ENSG00000103502,CDIPT,fbg,0.198995902318532,0.230139340443416,0.007129,9.906,447,0.0123148597771335,TRUE,""
ENSG00000103510,KAT8,fbg,0.0729769481396782,0.220767513347158,0.007129,26.2958,555,0.0203069126793163,TRUE,""
ENSG00000103512,NOMO1,fbg,0.0339486847179678,0.0870606034173402,0.01645,18.1677,811,0.023140979028602,TRUE,""
ENSG00000103522,IL21R,fbg,-0.0278849056926223,0.137150488653754,0.001369,35.1086,1754,0.0129464700007682,TRUE,""
ENSG00000103540,CCP110,fbg,-0.0227951638432939,0.560974031478011,0.001258,17.5784,1548,0.00606478951030968,TRUE,""
ENSG00000122257,RBBP6,fbg,-0.00550290115571093,0.927564826606211,0.001217,15.8846,1747,0.00656185942958316,TRUE,""
ENSG00000122386,ZNF205,fbg,-0.0146955348625397,0.169131444702671,0.0001091,53.9412,1032,0.00744402808355968,TRUE,""
ENSG00000124067,SLC12A4,fbg,-0.13897230057269,0.0105233857318094,5.479e-06,13.9542,839,0.075061518635151,TRUE,""
ENSG00000125122,LRRC29,fbg,0.147133511006178,0.233859282692745,3.654e-05,9.0119,762,0.0139900984841221,TRUE,""
ENSG00000125149,C16orf70,fbg,0.0375173208636186,0.41325337549364,0.0001582,12.6978,848,0.00526168463265464,TRUE,""
ENSG00000125166,GOT2,fbg,0.023694553247851,0.196938679952046,0.002598,30.0491,1812,0.00843789393269407,TRUE,""
ENSG00000126602,TRAP1,fbg,-0.00297334890588497,0.759943064406937,0.0001091,46.9958,1252,0.00430341465350575,TRUE,""
ENSG00000127554,GFER,fbg,-0.021835877531221,0.827903407296463,0.003639,9.93,1098,0.00537297484708263,TRUE,""
ENSG00000127585,FBXL16,fbg,0.0177179882904582,0.681617864273084,0.0009201,13.8877,966,0.00474968756781194,TRUE,""
ENSG00000131153,GINS2,fbg,0.0241583715302734,0.14096087839135,0.001037,40.9042,2897,0.0113534910715165,TRUE,""
ENSG00000131634,TMEM204,fbg,-0.0130635326217353,0.161513318467542,0.0009201,102.5586,1167,0.00820310856366656,TRUE,""
ENSG00000131650,KREMEN2,fbg,-0.085469228134754,0.331753366775936,0.0004271,6.8494,948,0.00637065755523627,TRUE,""
ENSG00000131652,THOC6,fbg,-0.0703294724765858,0.304054371764733,0.0001091,7.2307,995,0.00655409379720369,TRUE,""
ENSG00000132603,NIP7,fbg,0.00575132003026444,0.764177155622095,5.479e-06,37.1393,1002,0.004032813414141,TRUE,""
ENSG00000133392,MYH11,fbg,0.00863360730630057,0.448704997513635,0.006469,66.4688,680,0.00812521505594615,TRUE,""
ENSG00000134419,RPS15A,fbg,0.0170231368142668,0.367248483693673,0.001258,62.3344,1247,0.0113468957129937,TRUE,""
ENSG00000135698,MPHOSPH6,fbg,0.00655783600388622,0.487403529676025,0.0002436,77.2743,3432,0.00425238824310481,TRUE,""
ENSG00000135709,KIAA0513,fbg,-0.000913316152183264,0.948559264755632,1.331e-05,58.065,2869,0.00768495530272153,TRUE,""
ENSG00000135720,DYNC1LI2,fbg,0.0297405050271962,0.349538991650093,0.0003007,17.2513,1377,0.00579185296003755,TRUE,""
ENSG00000140632,GLYR1,fbg,0.0273521055420637,0.717300494430804,0.0001091,13.6414,2031,0.00708182237991065,TRUE,""
ENSG00000140675,SLC5A2,fbg,-0.0317866899850082,0.759943064406937,0.007129,6.1117,500,0.00477756734609042,TRUE,""
ENSG00000140682,TGFB1I1,fbg,0.0310376008395239,0.597653582632867,0.007129,10.8596,511,0.00496841961513655,TRUE,""
ENSG00000140691,ARMC5,fbg,0.0202388984721495,0.597653582632867,0.007129,16.5117,517,0.00495952959086056,TRUE,""
ENSG00000140694,PARN,fbg,0.0236434022767467,0.665873563888404,0.00386,9.5973,1170,0.00577574763592083,TRUE,""
ENSG00000140718,FTO,fbg,0.0024620126285176,0.937074486238219,2.084e-07,21.6162,1946,0.000323868607842749,TRUE,""
ENSG00000140740,UQCRC2,fbg,-0.0239956311980908,0.65271044057584,0.001333,7.9238,770,0.00533299202672239,TRUE,""
ENSG00000140750,ARHGAP17,fbg,0.0290709543602349,0.556374370426907,0.001217,12.2459,1866,0.00480087201423151,TRUE,""
ENSG00000140807,NKD1,fbg,0.0886719532798536,0.149534833950161,0.0001364,9.8173,1624,0.00943516664066009,TRUE,""
ENSG00000140829,DHX38,fbg,-0.0289752986677519,0.189351486043285,0.000188,25.445,1322,0.00956041387932357,TRUE,""
ENSG00000140848,CPNE2,fbg,-0.0866479224736898,0.237277851868278,9.169e-05,26.5621,1789,0.0243350902339459,TRUE,""
ENSG00000140853,NLRC5,fbg,-0.00169648030265637,0.883085590508198,9.169e-05,35.1987,1849,0.00394910537579153,TRUE,""
ENSG00000140931,CMTM3,fbg,-0.0250485446919735,0.222939094167741,0.0003007,27.6599,1462,0.00786610631585354,TRUE,""
ENSG00000140943,MBTPS1,fbg,0.0172678985358701,0.265156633625956,1.331e-05,59.5977,3896,0.0174866372213931,TRUE,""
ENSG00000140986,RPL3L,fbg,-0.0143700259975631,0.67840974731987,0.003639,18.3238,1091,0.00519985912490963,TRUE,""
ENSG00000140988,RPS2,fbg,0.0152028155872939,0.827903407296463,0.003639,9.3905,1097,0.00535031324470294,TRUE,""
ENSG00000140990,NDUFB10,fbg,-0.0130422940173036,0.67840974731987,0.003639,20.1892,1097,0.00512867489082891,TRUE,""
ENSG00000141012,GALNS,fbg,0.0113194211985201,0.423710797166793,0.008102,38.2149,1247,0.00557034945058932,TRUE,""
ENSG00000141096,DPEP3,fbg,0.0582790431790699,0.00313130022275372,5.479e-06,38.6702,840,0.197911783591021,TRUE,""
ENSG00000141101,NOB1,fbg,-0.0448162499327683,0.472294969945709,0.0007257,8.2529,829,0.00607486488082548,TRUE,""
ENSG00000153048,CARHSP1,fbg,-0.00528403610142647,0.710318348253685,0.000435,56.7241,2881,0.0047564671460566,TRUE,""
ENSG00000153066,TXNDC11,fbg,0.0145159176478135,0.539940330191881,0.004219,15.632,2402,0.00452131575986928,TRUE,""
ENSG00000153774,CFDP1,fbg,0.0133288887600607,0.402121784699465,0.001167,42.7703,1620,0.00442536733807162,TRUE,""
ENSG00000156853,ZNF689,fbg,0.05809012921602,0.255431741642876,0.007129,17.7401,509,0.0120035070778381,TRUE,""
ENSG00000156886,ITGAD,fbg,0.0177512722191189,0.410950433473448,0.007129,37.033,526,0.00757871454264153,TRUE,""
ENSG00000157429,ZNF19,fbg,-0.221698778982471,0.0530169781169832,0.000188,7.1323,1164,0.0322518504146993,TRUE,""
ENSG00000158805,ZNF276,fbg,-0.0207180675940158,0.258884225947615,0.007567,30.0148,934,0.00643507545186537,TRUE,""
ENSG00000158865,SLC5A11,fbg,0.0281231223485549,0.0357288411256331,0.001217,53.1703,1862,0.0435452183518962,TRUE,""
ENSG00000159461,AMFR,fbg,0.0188460135334123,0.564297144328328,9.169e-05,68.8716,2017,0.00407693116089595,TRUE,""
ENSG00000159618,GPR114,fbg,-0.0402133450680104,0.0897023897414645,9.169e-05,24.7874,1789,0.0156605482330731,TRUE,""
ENSG00000159625,CCDC135,fbg,0.0234063515646892,0.464347229392465,0.002598,20.878,1754,0.00633851540717903,TRUE,""
ENSG00000159723,AGRP,fbg,-0.148632517796724,0.0830364393775582,5.479e-06,15.04,732,0.0251176173998994,TRUE,""
ENSG00000161980,POLR3K,fbg,-0.00767293697531086,0.576749105845063,0.0009201,47.3141,554,0.00813768166782703,TRUE,""
ENSG00000161981,SNRNP25,fbg,0.0284609530101571,0.696184458032407,0.0009201,56.8225,563,0.0323297967517038,TRUE,""
ENSG00000162069,CCDC64B,fbg,-0.0174492475223488,0.122865441229318,0.0001091,47.9595,995,0.00851270925259091,TRUE,""
ENSG00000162076,FLYWCH2,fbg,-0.0133369583522524,0.344942578828616,0.001245,50.2964,950,0.0108488444168077,TRUE,""
ENSG00000162078,ZG16B,fbg,-0.0053802701478854,0.668235141795249,0.001245,44.2464,1032,0.00455267694765475,TRUE,""
ENSG00000162086,ZNF75A,fbg,-0.0392788044842677,0.107155507032273,0.0001091,25.918,1123,0.0149914933095215,TRUE,""
ENSG00000162104,ADCY9,fbg,-0.0207693572424913,0.306186909543571,0.0001091,62.0984,1354,0.00422940278408826,TRUE,""
ENSG00000166164,BRD7,fbg,0.0075933336024372,0.49813992156856,0.0001364,68.3413,1613,0.0177495449757666,TRUE,""
ENSG00000166188,ZNF319,fbg,-0.017194313653853,0.267815129705963,0.002598,40.3492,1793,0.0052968636314916,TRUE,""
ENSG00000166501,PRKCB,fbg,-0.00893498228769181,0.511663282695868,0.001217,73.3927,1570,0.0128725706536594,TRUE,""
ENSG00000166548,TK2,fbg,0.0122711595551049,0.406659089801972,0.002177,61.9554,1509,0.00974114333322413,TRUE,""
ENSG00000166743,ACSM1,fbg,0.0103051487825796,0.719614271159806,0.01709,24.0999,1253,0.00543780880002412,TRUE,""
ENSG00000166780,C16orf45,fbg,0.022285912283888,0.522895216724075,0.006469,18.3364,707,0.00536181772840276,TRUE,""
ENSG00000166783,KIAA0430,fbg,0.110733607036574,0.0455002638963584,0.006469,9.948,675,0.0285122739309452,TRUE,""
ENSG00000166851,PLK1,fbg,0.00170297718976818,0.956892098247027,0.001217,20.656,1771,0.00461717946251714,TRUE,""
ENSG00000167005,NUDT21,fbg,-0.0308747371639669,0.491767700760523,9.169e-05,12.6755,1958,0.00524630903334255,TRUE,""
ENSG00000167207,NOD2,fbg,-0.00444886201434344,0.595245548732816,0.0001364,110.1102,1634,0.00468576975992029,TRUE,""
ENSG00000167208,SNX20,fbg,0.0424888302641995,0.95297253113014,0.0001364,6.4877,1618,0.0398141093230732,TRUE,""
ENSG00000167264,DUS2L,fbg,-0.0252786026080151,0.0072980956039957,5.479e-06,74.6032,857,0.565846362772966,TRUE,""
ENSG00000167394,ZNF668,fbg,-0.00379103444424266,0.778518657215875,0.007129,43.5068,569,0.00503675865277543,TRUE,""
ENSG00000167515,TRAPPC2L,fbg,0.0167661857935377,0.389176850174411,0.008102,28.6362,1254,0.00602888686959381,TRUE,""
ENSG00000167523,C16orf55,fbg,0.0417467189988265,0.232654673754248,0.007567,14.4567,981,0.00719381802975908,TRUE,""
ENSG00000167962,ZNF598,fbg,0.00861184065679758,0.82846812706095,0.003639,21.4871,1086,0.00703332093361789,TRUE,""
ENSG00000167972,ABCA3,fbg,-0.194228145266127,0.101763504951258,0.001245,13.0556,1096,0.0456029385374391,TRUE,""
ENSG00000167978,SRRM2,fbg,0.0566252545517968,0.807424446613635,0.001245,9.3939,1076,0.0187874748323834,TRUE,""
ENSG00000167984,NLRC3,fbg,-0.00932958560149983,0.6245856448124,0.0001091,39.2374,1212,0.00603761079562808,TRUE,""
ENSG00000168411,RFWD3,fbg,-0.0252261216375557,0.0645322342613889,0.001167,56.7251,1561,0.00900168369876228,TRUE,""
ENSG00000169221,TBC1D10B,fbg,0.00598227787798364,0.92968966605199,0.007129,8.8799,415,0.00437099860228317,TRUE,""
ENSG00000169715,MT1E,fbg,0.0538018550142792,0.0147269742373694,9.169e-05,30.0082,1908,0.0848279146875208,TRUE,""
ENSG00000170540,ARL6IP1,fbg,-0.0326631476179677,0.052684253378283,0.001258,32.2978,1252,0.0261270347807479,TRUE,""
ENSG00000172366,FAM195A,fbg,0.0207875454052907,0.791236045636806,0.0009201,6.7053,942,0.00480731616171941,TRUE,""
ENSG00000172775,FAM192A,fbg,-0.0223597196090059,0.719314574375423,9.169e-05,18.1635,1778,0.00794645451736708,TRUE,""
ENSG00000172824,CES4A,fbg,0.00154419960111563,0.977206399475098,0.0003007,9.8584,1031,0.00409122929442412,TRUE,""
ENSG00000175595,ERCC4,fbg,-0.00590965480260626,0.960122388323255,0.00386,6.019,1866,0.00498708440497901,TRUE,""
ENSG00000176046,NUPR1,fbg,-0.120931966378456,0.370927779274681,0.002072,4.7506,784,0.00866798432215541,TRUE,""
ENSG00000176953,NFATC2IP,fbg,0.0503885827722472,0.426688082619747,0.002072,9.7872,546,0.00808449020575874,TRUE,""
ENSG00000177200,CHD9,fbg,0.0384818381117258,0.247578913503389,0.0005671,16.9779,1844,0.00763307946929683,TRUE,""
ENSG00000177508,IRX3,fbg,-0.0026446971485586,0.815502576593791,2.084e-07,70.0909,2254,0.00675360692891741,TRUE,""
ENSG00000178188,SH2B1,fbg,-0.0762071380928542,0.332669938984237,0.002072,7.2031,627,0.00676102519578728,TRUE,""
ENSG00000179583,CIITA,fbg,0.00209643045718089,0.960122388323255,0.0002398,16.5183,2244,0.00465454032744594,TRUE,""
ENSG00000179889,PDXDC1,fbg,0.0309031448176152,0.585440934568927,0.01645,8.464,829,0.00593311238461917,TRUE,""
ENSG00000180747,CTD-2547E10.2,fbg,-0.387042557031386,0.076855371351919,0.009007,8.7953,743,0.133193916911408,TRUE,""
ENSG00000180917,FTSJD1,fbg,0.056161266586296,0.129734038294669,0.000188,49.6283,1059,0.00681240646358304,TRUE,""
ENSG00000181019,NQO1,fbg,-0.0248124678380557,0.34918555711746,0.0007257,30.155,825,0.0088224601596119,TRUE,""
ENSG00000182810,DDX28,fbg,-0.269740983377241,0.00250070753217633,5.479e-06,8.5786,852,0.232512074883421,TRUE,""
ENSG00000182831,C16orf72,fbg,-0.00173931736679076,0.897332123936804,0.000435,43.1611,2864,0.00376340103444468,TRUE,""
ENSG00000182885,GPR97,fbg,-0.0162512216290934,0.395325086245385,0.002001,34.5547,1762,0.00668811256995694,TRUE,""
ENSG00000183426,NPIP,fbg,0.00205022880232992,0.754660563059686,0.01645,39.084,776,0.00405798347642407,TRUE,""
ENSG00000183723,CMTM4,fbg,-0.207125682627092,0.397466925422593,0.0003007,9.0861,1436,0.0202939858344092,TRUE,""
ENSG00000183751,TBL3,fbg,0.138413149498797,0.158588094568376,0.003639,7.2488,1099,0.0185314007849864,TRUE,""
ENSG00000184517,ZFP1,fbg,-0.00362986506387038,0.808451451773901,0.001167,50.1742,1510,0.0161404916796452,TRUE,""
ENSG00000184602,SNN,fbg,0.196970864477979,0.460234031031258,0.004219,8.5105,2407,0.0198825347653442,TRUE,""
ENSG00000184857,TMEM186,fbg,-0.126107619025726,0.295812938228253,0.000435,6.4708,2884,0.00911209591781035,TRUE,""
ENSG00000184860,SDR42E1,fbg,-0.123247060400053,0.518179726334666,0.0002436,10.8554,3288,0.017151135643649,TRUE,""
ENSG00000184939,ZFP90,fbg,0.00154043201920431,0.828819213786263,5.479e-06,102.4734,927,0.00372503667305417,TRUE,""
ENSG00000185669,SNAI3,fbg,-0.00138417843283977,0.913909936512377,0.001775,44.7799,1229,0.00439086971801652,TRUE,""
ENSG00000186153,WWOX,fbg,-0.0060691353895147,0.796357116257739,2.851e-05,23.3401,3803,0.00342388313892415,TRUE,""
ENSG00000187193,MT1X,fbg,0.00368771796553986,0.771569465555293,9.169e-05,47.951,1922,0.00606485127988974,TRUE,""
ENSG00000187741,FANCA,fbg,-0.0227524023148342,0.21129954733371,0.007567,35.7698,891,0.0103142561054411,TRUE,""
ENSG00000188215,DCUN1D3,fbg,-0.0449490362982811,0.402121784699465,0.009007,7.3946,1159,0.0113166384809337,TRUE,""
ENSG00000188599,NPIPP1,fbg,0.0164369489135519,0.0870606034173402,0.01645,34.748,861,0.0236040351704418,TRUE,""
ENSG00000188603,CLN3,fbg,-0.0279570455457523,0.196938679952046,0.002072,23.245,810,0.00903459629540582,TRUE,""
ENSG00000188897,CTD-3088G3.8,fbg,0.015538663475214,0.693625785030416,0.004219,12.6557,2046,0.00410420867224554,TRUE,""
ENSG00000189067,LITAF,fbg,-0.148559113418222,0.275312886521962,0.004219,14.0355,2298,0.0229222796499362,TRUE,""
ENSG00000189091,SF3B3,fbg,-0.00232455638664356,0.922905718287002,0.0007257,22.9714,781,0.00381321787397434,TRUE,""
ENSG00000196296,ATP2A1,fbg,0.0419220183810092,0.416504786576218,0.002072,11.0022,592,0.00583614799659707,TRUE,""
ENSG00000196470,SIAH1,fbg,0.00607140170765223,0.879569359634668,0.004531,14.6093,1237,0.00394102225282203,TRUE,""
ENSG00000196678,ERI2,fbg,-0.0873631282391808,0.137583964946946,0.009007,9.0779,1187,0.0119520989898003,TRUE,""
ENSG00000197912,SPG7,fbg,0.0881959122598621,0.148238038554618,0.007567,24.0716,1072,0.0264134525406152,TRUE,""
ENSG00000198156,A-575C2.4,fbg,-0.0284262163526895,0.222939094167741,0.002072,9.0571,931,0.00720159906747621,TRUE,""
ENSG00000198417,MT1F,fbg,0.00299368746799819,0.771569465555293,9.169e-05,72.1478,1938,0.00675800031637234,TRUE,""
ENSG00000198848,CES1,fbg,-0.00573843088630712,0.617075077451974,9.169e-05,40.4359,2230,0.00841357430283669,TRUE,""
ENSG00000200204,RNU1-22P,fbg,0.0245560091325219,0.0430467799220495,0.0001091,22.4214,1003,0.0369811226975611,TRUE,""
ENSG00000204991,SPIRE2,fbg,-0.0143353560244467,0.258884225947615,0.007567,46.7312,832,0.00413380252293107,TRUE,""
ENSG00000205423,CNEP1R1,fbg,-0.0560964186282168,0.357572759228743,0.0001364,13.1036,1657,0.00923829264796196,TRUE,""
ENSG00000205534,RP11-345J4.8,fbg,0.0154793405064084,0.245169601113509,0.03098,19.9603,457,0.00891333046288685,TRUE,""
ENSG00000205629,LCMT1,fbg,-0.0322848875771742,0.432034892005007,0.001217,16.6064,1897,0.00853927232475073,TRUE,""
ENSG00000207248,U6,fbg,-0.0238972497393987,0.37951629965665,0.009007,8.2805,621,0.0062237461974996,TRUE,""
ENSG00000213918,DNASE1,fbg,0.00225701963221655,0.906347316282193,0.0001091,16.9794,1254,0.00391144302151801,TRUE,""
ENSG00000228695,CES1P1,fbg,-0.0224628413942052,0.617075077451974,9.169e-05,20.1898,2237,0.00839809575929577,TRUE,""
ENSG00000229809,ZNF688,fbg,0.137169472314542,0.202482800382933,0.007129,8.4195,497,0.0122944070178103,TRUE,""
ENSG00000230989,HSBP1,fbg,0.0191139703058941,0.260589034273618,1.331e-05,33.4622,4050,0.00436850528109299,TRUE,""
ENSG00000233614,DDX11L10,fbg,-0.0043360865484283,0.68370878740079,0.0009201,36.4601,524,0.00633693770349778,TRUE,""
ENSG00000234719,RP11-166B2.1,fbg,-0.00373188007125286,0.684558919367902,0.004219,45.7666,2446,0.00415443994168499,TRUE,""
ENSG00000237172,B3GNT9,fbg,-0.0603753733276075,0.41325337549364,0.0001535,7.9175,819,0.00521464630528701,TRUE,""
ENSG00000237296,SMG1P1,fbg,-0.0121627903207545,0.37951629965665,0.001333,17.6826,927,0.00569539053487741,TRUE,""
ENSG00000246898,CTD-2258A20.4,fbg,-0.00583350183097798,0.239406878796789,0.002177,56.8551,1599,0.0270365176413271,TRUE,""
ENSG00000250251,PKD1P6,fbg,0.0353158867260308,0.0791643267222243,0.01645,16.5912,863,0.0235448966506674,TRUE,""
ENSG00000251417,RP11-1348G14.4,fbg,-0.0163983739427312,0.274064638609823,0.002072,15.8317,678,0.0068959093896098,TRUE,""
ENSG00000251706,RNU7-61P,fbg,0.0191948155960514,0.533520127186025,0.007129,10.6397,443,0.00774509404679276,TRUE,""
ENSG00000254206,NPIPL3,fbg,0.0389711008400863,0.116083133738655,0.01934,10.4684,419,0.0140764852293997,TRUE,""
ENSG00000256812,CAPNS2,fbg,0.0207247704368227,0.747012853671547,2.084e-07,8.4762,2295,0.00029296815648148,TRUE,""
ENSG00000258839,MC1R,fbg,0.0424449389683458,0.105738681329251,0.007567,68.9649,797,0.00809527228917678,TRUE,""
ENSG00000259807,RP11-426C22.4,fbg,0.0584587181320649,0.317310507862914,0.002201,16.924,455,0.0195930860764665,TRUE,""
ENSG00000259901,RP5-991G20.4,fbg,0.0321143692473233,0.575479437698054,0.0003476,6.4643,1664,0.00728928024536222,TRUE,""
ENSG00000259940,CTD-3203P2.1,fbg,-0.0142411746283686,0.150575972824847,0.001369,23.9592,1922,0.0104706742471434,TRUE,""
ENSG00000260022,LA16c-306A4.1,fbg,-0.0439715607118739,0.243345009148762,0.0009201,7.6038,1139,0.00930889681700944,TRUE,""
ENSG00000260052,CTC-527H23.3,fbg,0.0414157760886765,0.0526842533782829,0.004531,10.2313,1426,0.0273634999450164,TRUE,""
ENSG00000260078,RP11-44F14.1,fbg,0.00668450748859466,0.753304047285912,0.0005671,21.4092,1887,0.0044090108844829,TRUE,""
ENSG00000260095,RP11-715J22.3,fbg,-0.0417650555326806,0.317310507862914,0.001245,5.2047,1126,0.00652798820798373,TRUE,""
ENSG00000260114,CTD-2574D22.4,fbg,0.0176625284487965,0.556374370426907,0.007129,8.3969,438,0.00487016681719972,TRUE,""
ENSG00000260135,RP11-212I21.2,fbg,0.00116361134024132,0.841480581121794,2.084e-07,57.1689,2365,0.000445533126671484,TRUE,""
ENSG00000260145,RP11-322D14.2,fbg,0.00860649206228286,0.719314574375423,9.169e-05,18.2351,1822,0.00779441270955549,TRUE,""
ENSG00000260252,RP11-384M15.3,fbg,-0.0553246157545449,0.189351486043285,0.000188,4.6988,1262,0.00825261274287196,TRUE,""
ENSG00000260456,C16orf95,fbg,0.0118705962817812,0.558301743578421,0.0006408,14.4088,2634,0.00553488361036544,TRUE,""
ENSG00000260482,CTD-2196E14.9,fbg,0.000525271788055751,0.956892098247027,0.001217,28.2427,1762,0.00721022495299739,TRUE,""
ENSG00000260507,RP11-356C4.3,fbg,-0.00505438938061151,0.845297478259299,0.007567,10.8001,689,0.00510703967001269,TRUE,""
ENSG00000260528,FAM157C,fbg,-0.00452273849464374,0.485821758188089,0.007567,37.8448,665,0.00462306659220443,TRUE,""
ENSG00000260539,RP11-252A24.7,fbg,0.0410503491584361,0.670044484259492,0.001167,17.708,1631,0.0274731502831756,TRUE,""
ENSG00000261114,RP11-325K4.2,fbg,0.0241803577475568,0.524539436435313,9.169e-05,6.4355,1910,0.00427805227778286,TRUE,""
ENSG00000261118,RP11-104N10.1,fbg,0.0459349550145287,0.150575972824847,0.007567,7.4267,1085,0.0106613529440543,TRUE,""
ENSG00000261218,RP11-960L18.1,fbg,-0.000607194338967516,0.927564826606211,0.0002436,36.6483,3056,0.0036405517541676,TRUE,""
ENSG00000261235,RP11-510J16.5,fbg,-0.0573938034760382,0.416504786576218,0.0002436,5.7817,3358,0.00499943365948543,TRUE,""
ENSG00000261245,RP11-120K18.3,fbg,-0.0126775596397335,0.101763504951258,0.007129,30.1011,536,0.0150130008894718,TRUE,""
ENSG00000261270,RP11-325K4.3,fbg,0.0268905099940213,0.524539436435313,9.169e-05,5.7869,1909,0.00468524283938675,TRUE,""
ENSG00000261302,RP11-343H19.1,fbg,0.0379192637416791,0.161513318467542,9.169e-05,9.1408,1885,0.00959957669900514,TRUE,""
ENSG00000261367,RP11-455F5.4,fbg,0.0126553318066906,0.764177155622095,0.007129,8.515,449,0.00621215043922694,TRUE,""
ENSG00000261448,CTD-2576D5.4,fbg,0.0749748038740349,0.341194755206439,0.001188,7.5719,1342,0.0155860782922302,TRUE,""
ENSG00000261556,RP11-296I10.6,fbg,0.00156438371984694,0.897332123936804,0.0007257,33.2173,670,0.0038079604222734,TRUE,""
ENSG00000261644,RP11-327F22.2,fbg,0.00509409407174978,0.661748776081758,0.0001364,20.3855,1625,0.00418867009575304,TRUE,""
ENSG00000261685,RP11-401P9.4,fbg,0.0332097779650776,0.214080075786953,0.0001364,11.2265,1625,0.00927217987595848,TRUE,""
ENSG00000261731,CTD-2358C21.4,fbg,-0.00251720010833299,0.585440934568927,0.01483,51.049,459,0.00489554084567272,TRUE,""
ENSG00000261783,RP11-252K23.2,fbg,0.00235055900731816,0.707660466654553,0.001168,33.6283,1632,0.00429615705488133,TRUE,""
ENSG00000261864,RP11-67A1.2,fbg,-0.103511986556151,0.000465258158071051,5.479e-06,10.9861,850,0.737809317768542,TRUE,""
ENSG00000261997,RP11-212I21.4,fbg,0.0237468174467038,0.451075516414075,2.084e-07,16.2427,2296,0.000753615952048611,TRUE,""
ENSG00000262155,RP11-266L9.5,fbg,0.155883071016502,0.271332121892765,0.001217,6.3036,1866,0.0118215215472366,TRUE,""
ENSG00000262370,RP11-473M20.9,fbg,0.0153337373261197,0.0430467799220495,0.0001091,38.1157,1008,0.0369360290962447,TRUE,""
ENSG00000262468,RP11-95P2.1,fbg,0.00671821739171194,0.644412333769812,0.0001091,19.8484,1375,0.00497039046739776,TRUE,""
ENSG00000262482,LA16c-321D4.2,fbg,-0.0170702016363397,0.288868967123965,0.001245,13.2387,934,0.00673018766383874,TRUE,""
ENSG00000262488,RP11-876N24.1,fbg,0.000271129364302984,0.978438177451517,0.0002398,27.3306,2277,0.00431616957626169,TRUE,""
ENSG00000262557,RP11-44F14.11,fbg,-0.0116951886512772,0.272740113942454,0.0005671,19.1499,1932,0.00692443587724806,TRUE,""
ENSG00000262636,CTD-3088G3.4,fbg,0.00846338620515726,0.561479628322256,0.004219,15.7757,1952,0.00593582980468477,TRUE,""
ENSG00000262766,RP11-196G11.4,fbg,0.0320114845022248,0.288008758003942,0.007129,7.8776,555,0.00689118433524479,TRUE,""
ENSG00000262820,RP11-615I2.7,fbg,-0.0108079682373708,0.685179538328076,5.479e-06,8.5902,920,0.00364355847099074,TRUE,""
ENSG00000262999,CTD-3088G3.6,fbg,-0.00765858768244324,0.702199590874297,0.004219,11.9835,2051,0.0100089768350192,TRUE,""
ENSG00000263033,RP11-396B14.2,fbg,-0.0425886091921233,0.233461530493144,0.0002398,8.487,1946,0.0113538450249065,TRUE,""
ENSG00000268804,RP11-542M13.3,fbg,0.000952291320603691,0.927564826606211,0.0006408,23.3611,2936,0.00372224890445494,TRUE,""
ENSG00000004975,DVL2,fbg,-0.113560997497143,0.0264518984888077,0.001727,14.2637,1515,0.0844730034987502,TRUE,""
ENSG00000005100,DHX33,fbg,0.0719613146251069,0.265435219655808,0.000921,12.0794,2044,0.00939276381366054,TRUE,""
ENSG00000005156,LIG3,fbg,0.00101314527535638,0.897332123936804,0.001691,70.2762,1956,0.00372993568915422,TRUE,""
ENSG00000005243,COPZ2,fbg,0.0645454540088353,0.531971058097401,6.917e-05,26.9065,1322,0.0216120988729414,TRUE,""
ENSG00000006025,OSBPL7,fbg,0.0159944703646103,0.674956824198368,6.917e-05,14.4675,1371,0.00392982823541429,TRUE,""
ENSG00000006042,TMEM98,fbg,-0.0177844767004661,0.57268433313998,0.001513,21.6887,1984,0.00546099618676208,TRUE,""
ENSG00000006047,YBX2,fbg,0.0246914423213219,0.593802857207703,0.001727,16.5662,1455,0.00603075384994587,TRUE,""
ENSG00000006062,MAP3K14,fbg,-0.0439477288861968,0.477904197979373,0.002502,8.8944,617,0.00518391853532965,TRUE,""
ENSG00000006114,SYNRG,fbg,-0.00894949963796399,0.884052961004678,0.0001333,12.7075,1121,0.00559286150489467,TRUE,""
ENSG00000006125,AP2B1,fbg,-0.0165299615692164,0.541126024471668,0.001691,23.6098,1312,0.00517901994283507,TRUE,""
ENSG00000006282,SPATA20,fbg,-0.00328884379839623,0.753304047285912,0.000533,149.4707,1359,0.00835569676889846,TRUE,""
ENSG00000006744,ELAC2,fbg,-0.0142656069307757,0.275312886521963,0.0004847,44.7067,2258,0.00666875695959253,TRUE,""
ENSG00000007168,PAFAH1B1,fbg,0.0106817389866413,0.731034305380085,0.003633,16.6276,1595,0.00399188388481497,TRUE,""
ENSG00000007171,NOS2,fbg,-0.0168308389163265,0.647568367631056,0.005413,16.2681,970,0.00467490094601506,TRUE,""
ENSG00000007237,GAS7,fbg,-0.041016263788541,0.149341741162309,0.00351,26.9064,2216,0.0140028987942547,TRUE,""
ENSG00000008294,SPAG9,fbg,0.0545839150052898,0.446541183638091,0.0001433,16.5447,1667,0.00969870075238496,TRUE,""
ENSG00000008838,MED24,fbg,0.062016749435143,0.4787382817329,0.0003171,19.517,1134,0.0110197916646645,TRUE,""
ENSG00000011295,TTC19,fbg,-0.000446747740107166,0.991232214257638,0.002206,52.0115,1331,0.00444500453043535,TRUE,""
ENSG00000029725,RABEP1,fbg,0.0203215210702377,0.0201507295214442,0.000921,90.2824,1978,0.0180368121988493,TRUE,""
ENSG00000033627,ATP6V0A1,fbg,0.096108756592037,0.246566193630581,0.001126,13.5201,793,0.0139294726765708,TRUE,""
ENSG00000034152,MAP2K3,fbg,-0.046166226397212,0.556374370426907,0.00679,7.6033,765,0.00486930207944912,TRUE,""
ENSG00000040633,PHF23,fbg,-0.0119671374338334,0.795927918181723,0.001727,22.3111,1504,0.00697393586271364,TRUE,""
ENSG00000055483,USP36,fbg,0.00682576467388756,0.349538991650093,0.001578,81.2475,1673,0.00443391744592161,TRUE,""
ENSG00000062716,VMP1,fbg,-0.0275866172855899,0.633938683881346,0.01847,11.5717,679,0.00739155469065279,TRUE,""
ENSG00000062725,APPBP2,fbg,-0.0250414091545427,0.874539745432806,0.01847,6.3022,729,0.00698989395928234,TRUE,""
ENSG00000064300,NGFR,fbg,-0.0522104866674963,0.555362566713577,0.000533,7.2478,1325,0.0054457083101649,TRUE,""
ENSG00000065320,NTN1,fbg,0.0313767196347107,0.529629670287596,0.00293,11.1946,1841,0.00498332561871544,TRUE,""
ENSG00000065559,MAP2K4,fbg,-0.0646272268734818,0.123428648755768,0.002338,10.5322,1902,0.0142001260960315,TRUE,""
ENSG00000070540,WIPI1,fbg,-0.0268884596879639,0.0362822563270125,0.003843,60.525,1535,0.051954300758897,TRUE,""
ENSG00000070731,ST6GALNAC2,fbg,-0.0229721923182894,0.0680010293396449,0.000889,56.6768,1587,0.0302435919980204,TRUE,""
ENSG00000072134,EPN2,fbg,0.0989998369820584,0.364803543676989,0.001937,10.4283,811,0.0182517224180725,TRUE,""
ENSG00000072210,ALDH3A2,fbg,0.0254970492178995,0.363302140886898,0.01472,20.9436,759,0.00618483781463758,TRUE,""
ENSG00000072310,SREBF1,fbg,0.0155934771238125,0.272740113942454,0.0004783,43.2793,1241,0.00816104436600646,TRUE,""
ENSG00000073350,LLGL2,fbg,0.0097477669563019,0.785062868547559,0.006434,14.1718,1227,0.00461278480377956,TRUE,""
ENSG00000073536,NLE1,fbg,-0.00645009608592166,0.786519221361452,0.001691,35.808,2000,0.00608107708480682,TRUE,""
ENSG00000073605,GSDMB,fbg,-0.00345281714400135,0.724132540388919,0.0003171,129.7151,1074,0.00987450342133947,TRUE,""
ENSG00000073670,ADAM11,fbg,-0.174936317945425,0.0661790029424583,0.002502,8.0381,850,0.0325384194757374,TRUE,""
ENSG00000074370,ATP2A3,fbg,-0.00111867717343297,0.979005461093967,0.0002989,13.7468,1711,0.00436691494656451,TRUE,""
ENSG00000076382,SPAG5,fbg,0.00984340387323558,0.955695871316436,0.0001063,4.9515,890,0.0060296618726226,TRUE,""
ENSG00000076604,TRAF4,fbg,-0.0228507852282939,0.891533819083154,0.0001063,4.6738,819,0.00452581767911953,TRUE,""
ENSG00000083290,ULK2,fbg,-0.0526282118968456,0.0372208503797727,0.01472,25.065,776,0.0372526931751996,TRUE,""
ENSG00000089685,BIRC5,fbg,0.0326849324849698,0.227862855875692,0.000889,20.6824,1858,0.00772032607084833,TRUE,""
ENSG00000091536,MYO15A,fbg,0.176290676755685,0.0178641925121443,0.0004783,9.0854,1011,0.377300019877792,TRUE,""
ENSG00000091592,NLRP1,fbg,-0.104249886769232,0.00484894079935423,0.001191,31.1655,2050,0.293174998034013,TRUE,""
ENSG00000091622,PITPNM3,fbg,0.0412849378464779,0.258884225947615,0.001191,15.0626,2081,0.00644709496394041,TRUE,""
ENSG00000091640,SPAG7,fbg,0.0241116440603003,0.131275552434854,0.000921,66.1551,1850,0.0919444555418338,TRUE,""
ENSG00000092871,RFFL,fbg,-0.0289910699868122,0.0708478257810241,0.001691,33.9489,1968,0.0185727761408919,TRUE,""
ENSG00000092929,UNC13D,fbg,0.0438116101060446,0.108435903410357,0.008484,24.7368,1174,0.0162340024968571,TRUE,""
ENSG00000092931,MFSD11,fbg,-0.0435806526609654,0.299055232507361,0.000889,14.7903,1723,0.0102131362968276,TRUE,""
ENSG00000108256,NUFIP2,fbg,0.00244385853187913,0.922280913575799,0.0001063,29.0357,789,0.00489268178801289,TRUE,""
ENSG00000108264,TADA2A,fbg,-0.00854917588647574,0.511663282695868,0.0001333,44.3807,1131,0.00538607313640059,TRUE,""
ENSG00000108270,AATF,fbg,0.0170325639740299,0.617075077451974,0.0001333,17.5944,1155,0.00443111568202895,TRUE,""
ENSG00000108296,CWC25,fbg,0.00211361272370298,0.93537747125395,0.0003171,25.2644,959,0.00424482194575099,TRUE,""
ENSG00000108306,FBXL20,fbg,0.0393083532947614,0.208701910672357,0.0003171,16.1191,950,0.00887283509284493,TRUE,""
ENSG00000108352,RAPGEFL1,fbg,-0.0199099757688542,0.728841755160571,0.0003171,38.5906,1127,0.0180145542028081,TRUE,""
ENSG00000108379,WNT3,fbg,-0.0683594204951882,0.114348129742201,0.001204,14.6302,673,0.0155530833439427,TRUE,""
ENSG00000108384,RAD51C,fbg,-0.0145716665368738,0.272740113942453,0.005238,106.1804,1137,0.00495785551817324,TRUE,""
ENSG00000108395,TRIM37,fbg,0.012603401581112,0.272740113942453,0.01327,83.9999,952,0.00624864115550131,TRUE,""
ENSG00000108405,P2RX1,fbg,-0.00965501960446646,0.469431557645556,0.0002989,107.8444,1727,0.00435746863877327,TRUE,""
ENSG00000108439,PNPO,fbg,-0.015665438899573,0.520316800507367,6.917e-05,30.679,1346,0.00570249824640495,TRUE,""
ENSG00000108465,CDK5RAP3,fbg,0.0841007963117832,0.0192617792731853,6.917e-05,21.0113,1330,0.0699729615761417,TRUE,""
ENSG00000108479,GALK1,fbg,-0.00498403987231898,0.864434730029062,0.008484,24.9998,1201,0.00495341145593314,TRUE,""
ENSG00000108509,CAMTA2,fbg,0.0226238424611247,0.477015385176261,0.000921,25.1738,1844,0.00655346102642573,TRUE,""
ENSG00000108528,SLC25A11,fbg,-0.0375749286110841,0.0659578992594126,0.000921,24.7452,1814,0.0176914149237997,TRUE,""
ENSG00000108551,RASD1,fbg,0.0218137254901961,0.511663282695868,0.0004783,17.136,1318,0.00469861832281112,TRUE,""
ENSG00000108559,NUP88,fbg,-0.0336207599217189,0.0201507295214442,0.000921,47.2567,2029,0.0055604406246944,TRUE,""
ENSG00000108588,CCDC47,fbg,-0.0401878443059695,0.258884225947615,0.004369,15.5022,933,0.00718657488889272,TRUE,""
ENSG00000108639,SYNGR2,fbg,-0.0158936069960647,0.710318348253685,0.000889,12.6445,1844,0.0042893758225979,TRUE,""
ENSG00000108651,UTP6,fbg,-0.081297754099936,0.197436717400971,0.001513,8.5203,1114,0.0128917086878895,TRUE,""
ENSG00000108654,DDX5,fbg,0.00970144048249792,0.317310507862914,0.0101,49.8734,1143,0.00629610544576743,TRUE,""
ENSG00000108700,CCL8,fbg,0.169976227966231,0.11903815356799,0.002437,5.4521,2549,0.00846746803695623,TRUE,""
ENSG00000108771,DHX58,fbg,0.00830942628065275,0.585440934568927,0.001126,34.4857,1043,0.00613676405714631,TRUE,""
ENSG00000108784,NAGLU,fbg,0.0162874920537073,0.57628216259003,0.001126,20.7644,762,0.00480682590395569,TRUE,""
ENSG00000108813,DLX4,fbg,-0.0991844048206214,0.174154713977403,0.000533,9.4794,1343,0.00959425215023605,TRUE,""
ENSG00000108819,PPP1R9B,fbg,0.1668605101583,0.759414305518866,0.000533,4.7227,1305,0.00807668604008716,TRUE,""
ENSG00000108823,SGCA,fbg,0.00547104877213748,0.680511892901687,0.000533,30.5596,1305,0.00433160000780034,TRUE,""
ENSG00000108826,MRPL27,fbg,0.0145033916895003,0.583426134426407,0.000533,20.616,1303,0.00422110170983362,TRUE,""
ENSG00000108828,VAT1,fbg,-0.0284970239003174,0.0607927235305228,0.008988,34.2709,842,0.0222692679581922,TRUE,""
ENSG00000108852,MPP2,fbg,0.036884349003205,0.154376307933322,0.002502,22.5424,971,0.0109641366090321,TRUE,""
ENSG00000108861,DUSP3,fbg,-0.0587475326710982,0.0607927235305228,0.002502,36.3584,915,0.0489423961878286,TRUE,""
ENSG00000108924,HLF,fbg,0.00345014730966041,0.95309266714744,0.001524,10.3184,2049,0.00412600666377298,TRUE,""
ENSG00000108932,SLC16A6,fbg,-0.00733126614378931,0.671389024011197,0.003843,33.9914,1492,0.00755090210458019,TRUE,""
ENSG00000108946,PRKAR1A,fbg,-0.0350940036098279,0.870017416498946,0.003843,9.124,1552,0.0128900047780451,TRUE,""
ENSG00000108950,FAM20A,fbg,-0.00117616355823879,0.980541330250361,0.003843,15.1318,1545,0.00493964421214732,TRUE,""
ENSG00000108963,DPH1,fbg,-0.0090932485215687,0.808451451773901,0.003633,15.5252,1410,0.00394550721792284,TRUE,""
ENSG00000109016,DHRS7B,fbg,-0.0366077255467195,0.288008758003942,0.00679,16.502,800,0.00597353758349585,TRUE,""
ENSG00000109047,RCVRN,fbg,-0.00589811323172879,0.398809120942746,0.00351,80.5148,2087,0.00538098230336776,TRUE,""
ENSG00000109062,SLC9A3R1,fbg,0.0187939834711421,0.363302140886898,0.001944,28.4129,1541,0.00669211592785359,TRUE,""
ENSG00000109084,TMEM97,fbg,0.00148493458779717,0.871864744932721,0.0001063,60.3181,1015,0.00406270554606809,TRUE,""
ENSG00000109099,PMP22,fbg,-0.0280797973372548,0.218409186619242,0.0008801,30.3723,2141,0.00970434598633548,TRUE,""
ENSG00000109107,ALDOC,fbg,-0.00173447657466181,0.92968966605199,0.0001063,30.4616,899,0.00402144432785887,TRUE,""
ENSG00000109113,RAB34,fbg,-0.00138332976606647,0.970455474702892,0.0001063,25.7346,823,0.00636337374603038,TRUE,""
ENSG00000120063,GNA13,fbg,0.0258537704352188,0.417181494206805,0.0101,29.2468,1485,0.0089175198030551,TRUE,""
ENSG00000121060,TRIM25,fbg,0.025000527067396,0.824140895741885,0.0004926,5.6758,1976,0.0157880353693621,TRUE,""
ENSG00000121064,SCPEP1,fbg,-0.00749921443042214,0.813980460416918,0.0004926,18.8871,1962,0.0040372503665229,TRUE,""
ENSG00000121067,SPOP,fbg,-0.17050767062956,0.360825570956311,0.000533,5.504,1347,0.0106609150887443,TRUE,""
ENSG00000121101,TEX14,fbg,0.0631182256325679,0.113959193634688,0.00343,13.7343,1185,0.0150375461265728,TRUE,""
ENSG00000125319,C17orf53,fbg,-0.0145516786265668,0.745181071693432,0.002502,15.1354,1097,0.00510982510028804,TRUE,""
ENSG00000125434,SLC25A35,fbg,0.0792739772841646,0.444933459371394,0.001727,11.7307,1431,0.0112650963367832,TRUE,""
ENSG00000125686,MED1,fbg,0.0363021212180587,0.304054371764733,0.0003171,18.1399,933,0.0178859170554509,TRUE,""
ENSG00000126337,KRT36,fbg,-0.0393672914068592,0.245758110306171,0.001126,10.2196,1317,0.0129824886303779,TRUE,""
ENSG00000126351,THRA,fbg,-0.016259399888411,0.501120813583309,0.0003171,40.8174,1106,0.00800468481620024,TRUE,""
ENSG00000126353,CCR7,fbg,0.00854848624558168,0.871864744932721,0.0009666,10.4112,1375,0.0037499873721748,TRUE,""
ENSG00000126860,EVI2A,fbg,-0.00692295015882424,0.649436283726755,0.006224,46.8933,1059,0.00957257126229873,TRUE,""
ENSG00000127804,METTL16,fbg,0.0518373145106765,0.263717761833697,0.003633,11.7464,1525,0.00742730918322766,TRUE,""
ENSG00000129204,USP6,fbg,-0.0608770886035437,0.145353824895129,0.000921,21.0896,1876,0.0181701318723825,TRUE,""
ENSG00000129226,CD68,fbg,0.010868065565413,0.702199590874297,0.001727,21.2187,1309,0.00427941185617247,TRUE,""
ENSG00000129235,TXNDC17,fbg,-0.0236531177869024,0.133614402537716,0.001191,19.4509,1941,0.0109490182621505,TRUE,""
ENSG00000129270,MMP28,fbg,0.0590826699938825,0.363302140886898,0.001691,12.009,1236,0.00786712492853199,TRUE,""
ENSG00000129277,CCL4,fbg,-0.0050045124640533,0.745692505957826,0.001691,28.6298,1317,0.00473699498874434,TRUE,""
ENSG00000129657,SEC14L1,fbg,0.0250268044002889,0.383771766671715,0.000889,18.9628,1826,0.00520639143661174,TRUE,""
ENSG00000129667,RHBDF2,fbg,-0.0529817544627463,0.267815129705963,0.000889,11.4462,1565,0.00830670259050329,TRUE,""
ENSG00000131095,GFAP,fbg,0.143609915058441,0.13909577601239,0.002502,8.5827,807,0.0149095406802817,TRUE,""
ENSG00000131097,HIGD1B,fbg,-0.0115887919199825,0.916166996259808,0.002502,5.8874,854,0.00470898185679525,TRUE,""
ENSG00000131746,TNS4,fbg,-0.0433961236522504,0.544474508963011,0.0007864,7.5352,1327,0.00468133596025673,TRUE,""
ENSG00000131759,RARA,fbg,-0.102971904194512,0.136516629910147,0.0007864,11.5818,1155,0.0150298540888224,TRUE,""
ENSG00000132359,RAP1GAP2,fbg,-0.0266458495311299,0.786707745258045,0.003633,14.8167,1604,0.0102110566965345,TRUE,""
ENSG00000132383,RPA1,fbg,-0.00697116227082135,0.493842236243828,0.003633,67.4795,1391,0.00915302941346747,TRUE,""
ENSG00000132475,H3F3B,fbg,0.0258283725516022,0.578514721507944,0.008484,13.5335,1175,0.00501266050021688,TRUE,""
ENSG00000132510,KDM6B,fbg,0.0175245132192922,0.796357116257739,0.001727,14.8332,1236,0.0074441771006241,TRUE,""
ENSG00000132514,CLEC10A,fbg,0.0211757772611066,0.389789042503617,0.001279,36.0228,1560,0.00770390837962699,TRUE,""
ENSG00000132518,GUCY2D,fbg,-0.0469093052725234,0.419982497240339,0.001727,9.4543,1264,0.00519377047887418,TRUE,""
ENSG00000132530,XAF1,fbg,-0.0572261995310871,0.200105868954852,0.001279,12.7529,1797,0.00805648120007176,TRUE,""
ENSG00000132591,ERAL1,fbg,0.0303417710730418,0.317310507862914,0.0001063,22.2927,770,0.00755725939353044,TRUE,""
ENSG00000133027,PEMT,fbg,0.0216559460874118,0.41325337549364,0.0004783,22.0333,1283,0.0054382276224103,TRUE,""
ENSG00000133028,SCO1,fbg,0.0102893903899671,0.398809120942746,0.005172,56.7774,2269,0.00700571486412894,TRUE,""
ENSG00000133030,MPRIP,fbg,-0.0467217870005899,0.438339659586755,0.0004783,11.1837,1289,0.00658252223691108,TRUE,""
ENSG00000133193,FAM104A,fbg,0.00751011280991082,0.605764292132078,0.001944,37.9698,2215,0.00414450943853854,TRUE,""
ENSG00000133195,SLC39A11,fbg,-0.0133831352088698,0.366406064176293,0.00298,37.2409,2217,0.00550018735586367,TRUE,""
ENSG00000136444,RSAD1,fbg,-0.0150253364640628,0.531971058097401,0.000533,23.5173,1352,0.00534495620760987,TRUE,""
ENSG00000136449,MYCBPAP,fbg,-0.0399989207537967,0.376582577075581,0.000533,37.0831,1351,0.0160117999362756,TRUE,""
ENSG00000136492,BRIP1,fbg,-0.121199512024437,0.0342049695786746,0.009184,10.5743,953,0.0373590039146004,TRUE,""
ENSG00000141026,MED9,fbg,-0.193529485127978,0.0597881108264642,0.0004783,5.8558,1320,0.0218520523262022,TRUE,""
ENSG00000141027,NCOR1,fbg,0.000442532833884628,0.991232214257638,0.002206,40.4787,1273,0.00387199991670424,TRUE,""
ENSG00000141028,CDRT15P1,fbg,0.00074512172954601,0.897986641842342,0.0004847,48.222,2790,0.00433161272113075,TRUE,""
ENSG00000141068,KSR1,fbg,0.0160152742221502,0.225465985004507,0.005413,40.9114,920,0.00781216900812513,TRUE,""
ENSG00000141161,UNC45B,fbg,-0.0108791605366152,0.631820065704664,0.001691,37.4339,1984,0.00624147720383973,TRUE,""
ENSG00000141179,PCTP,fbg,-0.0132759268607172,0.755439233900121,0.0004926,23.1499,2145,0.00745036869536196,TRUE,""
ENSG00000141219,C17orf80,fbg,0.00668550878412004,0.605764292132078,0.001944,42.7332,2207,0.00471931905113873,TRUE,""
ENSG00000141258,SGSM2,fbg,0.0633404187204051,0.745833611006195,0.003633,25.3346,1494,0.0326791222890815,TRUE,""
ENSG00000141294,LRRC46,fbg,-0.0384370666531163,0.0760311410098993,6.917e-05,25.469,1379,0.0170973366105766,TRUE,""
ENSG00000141295,SCRN2,fbg,-0.0325461851654378,0.0143261565079155,6.917e-05,45.1457,1375,0.0232301245983905,TRUE,""
ENSG00000141298,SSH2,fbg,0.020566378702849,0.0220026237732584,0.0001063,46.2068,830,0.0792984896932285,TRUE,""
ENSG00000141497,ZMYND15,fbg,-0.0192185628938431,0.359317338329571,0.0002989,30.5642,1695,0.00614059771018262,TRUE,""
ENSG00000141506,PIK3R5,fbg,-0.0155953735100537,0.825871154703571,0.001727,12.5322,1747,0.00651509874509523,TRUE,""
ENSG00000141524,TMC6,fbg,0.0125192096018118,0.750894345430481,0.000889,28.4363,1793,0.00756997789018014,TRUE,""
ENSG00000141527,CARD14,fbg,0.0155880647148818,0.731034305380085,5.288e-05,10.7838,1782,0.00376848289056658,TRUE,""
ENSG00000141542,RAB40B,fbg,0.0278586367048569,0.491767700760523,0.0006282,13.7938,774,0.00474253629117075,TRUE,""
ENSG00000141543,EIF4A3,fbg,0.0180929067330612,0.453254704753736,5.288e-05,23.6096,1842,0.00469058672988009,TRUE,""
ENSG00000141560,FN3KRP,fbg,0.0177271605424711,0.0934605072058715,0.0006282,118.4308,749,0.017026612479519,TRUE,""
ENSG00000141564,RPTOR,fbg,0.020692189892967,0.341492955343765,5.288e-05,33.4354,1539,0.00688254325881827,TRUE,""
ENSG00000141576,RNF157,fbg,-0.0135545553650753,0.539940330191881,0.008484,22.8656,1412,0.00433979153326107,TRUE,""
ENSG00000141580,WDR45B,fbg,0.00617110773853748,0.536808016981021,0.0006282,30.9407,786,0.00484985847975636,TRUE,""
ENSG00000141582,CBX4,fbg,-0.0220794913805237,0.555362566713577,0.001125,16.0586,1759,0.00534773538550333,TRUE,""
ENSG00000141720,PIP4K2B,fbg,-0.0403769269302383,0.467058901715173,0.0003171,10.5803,951,0.00491442991926296,TRUE,""
ENSG00000141744,PNMT,fbg,0.205235171311964,0.0218662661831088,0.0003171,7.8678,978,0.0616710047222783,TRUE,""
ENSG00000141753,IGFBP4,fbg,0.0176463025129699,0.524539436435313,0.0007864,28.0381,1252,0.00636844048207964,TRUE,""
ENSG00000142507,PSMB6,fbg,0.0566672323663574,0.496982459594656,0.0002989,11.2009,1718,0.00747904605789471,TRUE,""
ENSG00000153976,HS3ST3A1,fbg,-0.11410980924798,0.0856599034048343,0.0004847,7.165,2438,0.0157607097244594,TRUE,""
ENSG00000154016,GRAP,fbg,0.00179134638463158,0.920344325445942,0.0008559,41.0648,825,0.00477243527445377,TRUE,""
ENSG00000154025,SLC5A10,fbg,0.00591925634486926,0.94021471189421,0.0008559,8.9743,818,0.00478921071905381,TRUE,""
ENSG00000154217,PITPNC1,fbg,0.0258258988992568,0.216721062179052,0.001,28.797,1417,0.00866506384296519,TRUE,""
ENSG00000154240,CEP112,fbg,0.138472192852597,0.201843910849351,0.001,10.9085,2114,0.0198298755384911,TRUE,""
ENSG00000154262,ABCA6,fbg,-0.0624749598977507,0.492893296439634,0.003843,6.8374,1846,0.00500505624347693,TRUE,""
ENSG00000154263,ABCA10,fbg,0.0325362953203397,0.263717761833697,0.003843,13.9478,1866,0.00704450385409861,TRUE,""
ENSG00000154265,ABCA5,fbg,-0.0296525878511816,0.374062797490882,0.00291,23.9674,1948,0.00850790405945973,TRUE,""
ENSG00000154760,SLFN13,fbg,-0.0068799049435862,0.693625785030416,0.001691,30.4747,1575,0.00423553222573301,TRUE,""
ENSG00000154914,USP43,fbg,0.027658666651029,0.705595683272677,0.00293,9.9857,2092,0.00693394600115669,TRUE,""
ENSG00000159111,MRPL10,fbg,0.00307622619617738,0.871864744932721,6.917e-05,28.879,1375,0.00445036913523174,TRUE,""
ENSG00000159202,UBE2Z,fbg,0.000933998326149067,0.955695871316436,6.917e-05,41.2938,1336,0.00447095249526457,TRUE,""
ENSG00000159842,ABR,fbg,0.0103842456893693,0.617075077451974,0.003633,25.1741,1349,0.00491425541107298,TRUE,""
ENSG00000161326,DUSP14,fbg,-0.00457689763526896,0.511663282695868,0.0001333,87.8636,1122,0.0045824588941436,TRUE,""
ENSG00000161405,IKZF3,fbg,-0.0147132008482254,0.232654673754248,0.0003171,46.5996,1039,0.00613833979187034,TRUE,""
ENSG00000161533,ACOX1,fbg,0.0137798561533977,0.374062797490882,0.008484,102.2868,1289,0.00405036178485921,TRUE,""
ENSG00000161544,CYGB,fbg,0.017162529037372,0.828819213786263,0.000889,7.9289,1587,0.00438373506966125,TRUE,""
ENSG00000161664,ASB16,fbg,0.0121580250183952,0.836882810464227,0.002502,10.0842,1079,0.00442365205248858,TRUE,""
ENSG00000161692,DBF4B,fbg,-0.0331076070649793,0.077154257688104,0.002502,43.7309,881,0.0277009217029079,TRUE,""
ENSG00000161905,ALOX15,fbg,0.00877190152316605,0.658590180841495,0.0002989,50.8809,1571,0.00839953398331817,TRUE,""
ENSG00000161920,MED11,fbg,0.00606794368532756,0.879569359634668,0.0002989,14.6406,1682,0.0037527805823906,TRUE,""
ENSG00000161921,CXCL16,fbg,-0.00154187845839873,0.879569359634668,0.0002989,57.7218,1691,0.00375286118451883,TRUE,""
ENSG00000161944,ASGR2,fbg,0.0020614204132839,0.870683232746339,0.001727,81.6197,1574,0.0146602851622715,TRUE,""
ENSG00000161955,TNFSF13,fbg,-0.00506833665568567,0.836090649580926,0.001727,36.1707,1318,0.00690703463261489,TRUE,""
ENSG00000163597,SNHG16,fbg,-0.00686095717336131,0.491767700760523,0.000889,48.0851,1588,0.00452981751403922,TRUE,""
ENSG00000166260,COX11,fbg,-0.00759753009134109,0.659085245942245,0.001524,35.143,1974,0.00456474452837461,TRUE,""
ENSG00000166263,STXBP4,fbg,-0.0121828124346604,0.529629670287596,0.001524,32.0344,1966,0.00512922310604553,TRUE,""
ENSG00000166579,NDEL1,fbg,0.00420252256030243,0.897332123936804,0.001727,16.8806,1520,0.00371434538288542,TRUE,""
ENSG00000166582,CENPV,fbg,0.000392843312322912,0.991232214257638,0.0004783,48.6305,1206,0.00542262882713158,TRUE,""
ENSG00000166685,COG1,fbg,-0.0064576824190269,0.661748776081758,0.001944,42.0989,2233,0.0040589453908261,TRUE,""
ENSG00000166750,SLFN5,fbg,0.00936853188693304,0.220271518788167,0.001691,76.884,1871,0.00874718955985771,TRUE,""
ENSG00000167085,PHB,fbg,0.0330796205620465,0.574814164356031,0.000533,12.3762,1330,0.00560409798121002,TRUE,""
ENSG00000167100,SAMD14,fbg,0.0706791729438649,0.194528913974972,0.000533,11.2407,1312,0.00975654476359145,TRUE,""
ENSG00000167105,TMEM92,fbg,-0.0168885429144098,0.472788907323068,0.000533,29.4113,1315,0.00590547348036499,TRUE,""
ENSG00000167183,PRR15L,fbg,-0.0387326340607564,0.822649978513835,6.917e-05,5.7468,1342,0.00686422129524828,TRUE,""
ENSG00000167291,TBC1D16,fbg,-0.00620680269268118,0.738882680363527,0.001125,32.4414,1832,0.00475742111174095,TRUE,""
ENSG00000167363,FN3K,fbg,-0.0134336703621987,0.37951629965665,0.0006282,38.106,743,0.00639649306049528,TRUE,""
ENSG00000167525,PROCA1,fbg,-0.00110860602135001,0.970455474702892,0.0001063,32.1124,820,0.00636406234568932,TRUE,""
ENSG00000167543,TP53I13,fbg,0.0238384757886037,0.462160389897217,0.0001063,17.9289,799,0.00530097180832892,TRUE,""
ENSG00000167549,CORO6,fbg,-0.0776169344655463,0.0202016914731079,0.0001063,16.5116,819,0.0533041877311483,TRUE,""
ENSG00000167695,FAM57A,fbg,0.0389656174558868,0.401632246433539,0.004464,10.5692,1074,0.00499296464523773,TRUE,""
ENSG00000167703,SLC43A2,fbg,-0.142691004499636,0.0384741276674827,0.003633,9.6609,1426,0.057238489108321,TRUE,""
ENSG00000167716,WDR81,fbg,0.0370256717769636,0.0153403612414819,0.003633,45.2954,1394,0.0801677413753909,TRUE,""
ENSG00000167720,SRR,fbg,0.000779851859431779,0.925307750889347,0.003633,66.1025,1503,0.00394388153257251,TRUE,""
ENSG00000167723,TRPV3,fbg,0.115565504133793,0.34918555711746,0.0002989,6.6781,1698,0.00906112477964705,TRUE,""
ENSG00000167842,MIS12,fbg,-0.0238493735610913,0.265435219655808,0.001191,36.3489,2040,0.00921028365271728,TRUE,""
ENSG00000167850,CD300C,fbg,-0.00206266688837508,0.857152568198199,0.001944,85.2908,1681,0.0066518970321952,TRUE,""
ENSG00000167861,HID1,fbg,-0.00687218686791646,0.903523023570037,0.001944,9.1917,1401,0.00393054045509396,TRUE,""
ENSG00000167863,ATP5H,fbg,0.0010016364039308,0.968093126294339,0.001944,15.9988,1361,0.00616604495007096,TRUE,""
ENSG00000167881,SRP68,fbg,-0.0105914956182299,0.707660466654553,0.008484,19.2664,1340,0.00402063714599742,TRUE,""
ENSG00000167920,TMEM99,fbg,-0.00856851135416429,0.658590180841495,0.001126,39.4701,1401,0.00564416383958411,TRUE,""
ENSG00000168591,TMUB2,fbg,0.0203763908603874,0.668235141795249,0.002502,13.1034,1079,0.00464842109333965,TRUE,""
ENSG00000168792,ABHD15,fbg,-0.0255655907994137,0.0602734627727333,0.0001063,45.5544,794,0.00530119752641712,TRUE,""
ENSG00000168961,LGALS9,fbg,0.0184249745623314,0.341695924523077,0.005413,82.7891,936,0.00975967504478122,TRUE,""
ENSG00000169660,HEXDC,fbg,0.0185054423441198,0.179029242883863,0.0006282,48.31,886,0.0082290754142828,TRUE,""
ENSG00000169683,LRRC45,fbg,-0.00105216245118481,0.969319696640591,5.288e-05,28.7267,1099,0.00812649444767231,TRUE,""
ENSG00000170049,KCNAB3,fbg,-0.0223910170553243,0.453254704753736,0.001727,21.3335,1250,0.00550946748400701,TRUE,""
ENSG00000170310,STX8,fbg,0.0236898642883657,0.0744588055928866,0.00293,49.9026,2016,0.0285149127128679,TRUE,""
ENSG00000170832,USP32,fbg,-0.425172777850838,0.0871685914322744,0.01847,4.8795,692,0.0334058133623509,TRUE,""
ENSG00000170921,TANC2,fbg,0.0149623899935972,0.185974874255209,0.004369,45.0185,953,0.00664326958915799,TRUE,""
ENSG00000171282,BAHCC1,fbg,0.00697650085161797,0.852408287000742,5.288e-05,15.9944,1297,0.00505289082353329,TRUE,""
ENSG00000171298,GAA,fbg,0.00333219601375575,0.720984861901671,0.001125,84.3808,1854,0.00417321127849933,TRUE,""
ENSG00000171302,CANT1,fbg,0.0271339894568197,0.414313404333337,0.001125,26.0327,1697,0.00772607891635179,TRUE,""
ENSG00000171861,RNMTL1,fbg,0.0508638501780455,0.288587892348957,0.004464,18.1976,1126,0.00973703075520547,TRUE,""
ENSG00000171916,LGALS9C,fbg,-0.0115278929702717,0.0455002638963584,0.0008559,56.9325,805,0.0414858725305713,TRUE,""
ENSG00000172057,ORMDL3,fbg,-0.00385534353894453,0.724132540388919,0.0003171,107.6179,1076,0.00989018165569776,TRUE,""
ENSG00000172301,COPRS,fbg,-0.0391298305494245,0.283976771750912,0.001513,18.4326,1107,0.00914550531150161,TRUE,""
ENSG00000172653,C17orf66,fbg,-0.0549856029115451,0.487608432517512,0.001691,17.465,1247,0.0126143495481658,TRUE,""
ENSG00000172660,TAF15,fbg,0.0915881121082285,0.115081682899341,0.001691,6.6998,1246,0.0127983257402666,TRUE,""
ENSG00000172716,SLFN11,fbg,0.00300555723610709,0.95309266714744,0.001691,23.5511,1730,0.00802055176699314,TRUE,""
ENSG00000172794,RAB37,fbg,0.0403621893442912,0.635725114509718,0.001944,11.4612,1631,0.00749483409716648,TRUE,""
ENSG00000172992,DCAKD,fbg,0.00242739089590873,0.846529514964004,0.002502,59.5846,709,0.00783522520577067,TRUE,""
ENSG00000173838,MARCH10,fbg,-0.00209000488715921,0.968093126294339,0.004369,16.6383,828,0.00607335484965878,TRUE,""
ENSG00000173868,PHOSPHO1,fbg,-0.0267354244373795,0.404656761927286,0.0006376,19.9735,1321,0.00605642506588092,TRUE,""
ENSG00000174238,PITPNA,fbg,0.0315975491056469,0.0693202978328814,0.003633,50.1368,1438,0.031625918534663,TRUE,""
ENSG00000174292,TNK1,fbg,-0.0342066278229985,0.530064880329334,0.001727,11.4179,1414,0.00612182327390118,TRUE,""
ENSG00000174326,SLC16A11,fbg,-0.0682330332746944,0.327945317995007,0.001279,10.6913,1550,0.00772271815626755,TRUE,""
ENSG00000174327,SLC16A13,fbg,-0.0499514301133297,0.777476813801193,0.001279,4.6325,1559,0.0027777926257503,TRUE,""
ENSG00000175061,C17orf76-AS1,fbg,-0.0152258377461055,0.536808016981021,0.0004783,21.7294,1171,0.00485689901959656,TRUE,""
ENSG00000175911,AC127496.1,fbg,-0.0521035210325163,0.339296824849853,5.288e-05,8.3247,1366,0.00799474461204169,TRUE,""
ENSG00000175931,UBE2O,fbg,0.0306310491395434,0.21129954733371,0.000889,22.968,1547,0.00814013661158035,TRUE,""
ENSG00000176749,CDK5R1,fbg,-0.000208652453975185,0.975070165131246,0.001513,88.1754,1698,0.00383184945997674,TRUE,""
ENSG00000176927,EFCAB5,fbg,0.0664987386800514,0.0282678923770804,0.0001063,18.2007,858,0.0592336953276623,TRUE,""
ENSG00000177294,FBXO39,fbg,-0.0931963557066158,0.274064638609823,0.001279,6.4645,1791,0.00676014837360623,TRUE,""
ENSG00000177302,TOP3A,fbg,-0.00220362471309363,0.922905718287002,0.0008559,24.2175,897,0.0037261734996105,TRUE,""
ENSG00000177369,RP1-62O9.3,fbg,0.10841376687598,0.234365227693259,0.0006376,6.0036,1317,0.00707422382658612,TRUE,""
ENSG00000177427,SMCR7,fbg,-0.0810916032225422,0.239406878796789,0.0008559,7.6165,914,0.00792536207996474,TRUE,""
ENSG00000178607,ERN1,fbg,-0.0279091536511239,0.162910671655886,0.004369,38.1978,897,0.01293706150418,TRUE,""
ENSG00000178691,SUZ12,fbg,-0.181581631898757,0.133614402537716,0.001513,6.7639,1163,0.0344928406620711,TRUE,""
ENSG00000178852,EFCAB13,fbg,0.0182377318013667,0.726338697648762,0.000547,18.4557,1142,0.00741787382327265,TRUE,""
ENSG00000178927,C17orf62,fbg,-0.01976854588292,0.179029242883863,0.0006282,39.856,879,0.00713463482542426,TRUE,""
ENSG00000178999,AURKB,fbg,0.0334205807084642,0.126162397742482,0.001727,18.5821,1384,0.0129763740294898,TRUE,""
ENSG00000179409,GEMIN4,fbg,0.020216398755215,0.514288986716092,0.004464,26.4142,1080,0.00645729041959486,TRUE,""
ENSG00000179604,CDC42EP4,fbg,-0.0226132472876505,0.606447146740021,0.001944,13.3386,2204,0.0044458339568334,TRUE,""
ENSG00000180787,ZFP3,fbg,0.0445580427135347,0.552679335565412,0.000921,7.5901,1842,0.00436669705887169,TRUE,""
ENSG00000180891,CUEDC1,fbg,0.0237714850995425,0.440452945294225,0.0006559,20.2175,1541,0.00561675142841731,TRUE,""
ENSG00000181031,RPH3AL,fbg,0.00795278731967035,0.747012853671546,0.004464,30.0342,747,0.00735814766428372,TRUE,""
ENSG00000181045,SLC26A11,fbg,0.0268934767683338,0.564779052623049,5.288e-05,11.6928,1769,0.00432722715787382,TRUE,""
ENSG00000181222,POLR2A,fbg,-0.0793427435012807,0.21129954733371,0.001727,8.8363,1339,0.0076750308894103,TRUE,""
ENSG00000181291,TMEM132E,fbg,0.230779052067873,0.0484986416561004,0.001691,5.5261,2280,0.0288345360654099,TRUE,""
ENSG00000181396,OGFOD3,fbg,-0.0277780991090213,0.21129954733371,0.0006282,23.0197,893,0.00917258319819787,TRUE,""
ENSG00000181481,RNF135,fbg,0.0918451783847851,0.731034305380085,0.006224,15.6652,1085,0.0366838876019723,TRUE,""
ENSG00000181513,ACBD4,fbg,0.0633025922934235,0.0659578992594125,0.002502,14.7998,677,0.0200744196672351,TRUE,""
ENSG00000181610,MRPS23,fbg,-0.0609446735662594,0.529629670287596,0.0006559,6.4255,1564,0.00509918391633752,TRUE,""
ENSG00000181856,SLC2A4,fbg,-0.201942995837166,0.0423257463933924,0.001727,5.8977,1458,0.0320354862144284,TRUE,""
ENSG00000181885,CLDN7,fbg,-0.0291425162080961,0.593802857207703,0.001727,14.52,1476,0.00647333893804698,TRUE,""
ENSG00000182327,GLTPD2,fbg,-0.0982654209574421,0.330940007555671,0.0002989,5.3956,1708,0.00578845475706176,TRUE,""
ENSG00000182534,MXRA7,fbg,0.000468526476741298,0.976186087108502,0.000889,80.5977,1665,0.0078906421763275,TRUE,""
ENSG00000182628,SKA2,fbg,-0.0364228230429945,0.276491247419954,0.01327,16.4049,956,0.00753756520768581,TRUE,""
ENSG00000182853,VMO1,fbg,0.0111074867751131,0.653446378711744,0.0002989,35.2555,1700,0.00607332881272039,TRUE,""
ENSG00000183011,LSMD1,fbg,-0.0523432546951285,0.308265673268148,0.001727,16.6384,1240,0.0102310488204361,TRUE,""
ENSG00000183688,FAM101B,fbg,0.00254270336968763,0.941670256652406,0.004464,19.2018,871,0.00469431713504218,TRUE,""
ENSG00000183914,DNAH2,fbg,0.12008019171971,0.189351486043285,0.001727,11.705,1239,0.0173789836442228,TRUE,""
ENSG00000184185,KCNJ12,fbg,0.000613647369558522,0.980054963609524,0.00679,9.9739,743,0.00483873678035132,TRUE,""
ENSG00000184619,KRBA2,fbg,0.0219773078772598,0.57628216259003,0.001727,15.3886,1481,0.00463023899397373,TRUE,""
ENSG00000185168,LINC00482,fbg,0.0273786640500733,0.265435219655808,5.288e-05,16.2746,1312,0.00931133726833651,TRUE,""
ENSG00000185379,RAD51D,fbg,-0.0183182286185904,0.631820065704664,0.001691,19.9941,1977,0.00638513596781314,TRUE,""
ENSG00000185862,EVI2B,fbg,-0.0243849461662197,0.564779052623049,0.006224,13.7761,1059,0.00571948913009868,TRUE,""
ENSG00000185924,RTN4RL1,fbg,0.0654662712010985,0.384538052996623,0.003633,7.2945,1351,0.00769950257615913,TRUE,""
ENSG00000186074,CD300LF,fbg,-0.0127608620267434,0.483927304446146,0.001944,39.269,1652,0.00642990749658305,TRUE,""
ENSG00000186532,SMYD4,fbg,-0.0428525172253312,0.0562503652819669,0.003633,26.0803,1380,0.0234066523900075,TRUE,""
ENSG00000187456,RDM1,fbg,0.0726011736475354,0.415671596774975,0.001691,8.2958,1285,0.00619269697932135,TRUE,""
ENSG00000187688,TRPV2,fbg,-0.0170054887876692,0.518822668670191,0.0004783,20.8636,1194,0.00441019113663972,TRUE,""
ENSG00000187838,PLSCR3,fbg,0.0109610498227447,0.509837393048038,0.001727,38.2672,1406,0.00634725163377893,TRUE,""
ENSG00000187870,RNFT1P3,fbg,0.00364827842662503,0.859924253238214,0.00679,10.43,859,0.00448470412369861,TRUE,""
ENSG00000188554,NBR1,fbg,0.0543459489012859,0.0607927235305228,0.00535,19.5854,852,0.0179617515505038,TRUE,""
ENSG00000188878,FBF1,fbg,-0.0456264007732379,0.302867777010297,0.008484,7.1421,1276,0.00641643324158787,TRUE,""
ENSG00000189423,USP32P3,fbg,0.00636047996491852,0.655013325870277,0.00679,24.4856,999,0.00633344091116841,TRUE,""
ENSG00000196169,KIF19,fbg,-0.00909080591526597,0.771569465555293,0.001944,17.6222,1814,0.00379180632268984,TRUE,""
ENSG00000196689,TRPV1,fbg,0.0970867776983078,0.153127451019669,0.0002989,8.972,1709,0.0127208103768704,TRUE,""
ENSG00000197566,ZNF624,fbg,-0.0428844444197661,0.288008758003942,0.0004783,21.0959,1225,0.00963983548333963,TRUE,""
ENSG00000197723,HSPB9,fbg,-0.0134229104260916,0.841480581121794,0.001126,6.5318,1040,0.00494656886317709,TRUE,""
ENSG00000198863,RUNDC1,fbg,-0.0221092894540579,0.564779052623049,0.008988,15.1741,845,0.00476215652331853,TRUE,""
ENSG00000198920,KIAA0753,fbg,-0.0159861940139026,0.288008758003942,0.001191,38.1116,2001,0.00816153650916621,TRUE,""
ENSG00000204277,RP11-219G17.4,fbg,-0.00551949676492069,0.786952335429884,0.001578,16.8591,1874,0.00438338544869615,TRUE,""
ENSG00000204323,SMIM5,fbg,-0.0205183463407566,0.802587348634153,0.006434,6.197,1192,0.00400520230840593,TRUE,""
ENSG00000204347,BTBD17,fbg,-0.00566334474696383,0.771569465555293,0.001944,25.5065,1811,0.00379698254543573,TRUE,""
ENSG00000205821,RP1-59D14.3,fbg,-0.0210689167700957,0.529629670287596,0.003633,16.2817,1494,0.00499848191822963,TRUE,""
ENSG00000213246,SUPT4H1,fbg,-0.0101268703419241,0.527662046790784,0.00224,51.8032,1351,0.00493705689536961,TRUE,""
ENSG00000213671,AC126365.4,fbg,0.00826632480153403,0.836882810464227,0.00679,12.2199,860,0.00421495496813685,TRUE,""
ENSG00000214140,PRCD,fbg,-0.050526326847165,0.49813992156856,0.000889,5.1132,1581,0.00500078798357879,TRUE,""
ENSG00000214174,AMZ2P1,fbg,-0.0254169683061694,0.0955807045456294,0.0101,55.5382,1375,0.00985605069614062,TRUE,""
ENSG00000214708,AC090616.2,fbg,-0.0255874135487294,0.341492955343765,0.001513,10.4237,1343,0.0111488269314333,TRUE,""
ENSG00000214941,ZSWIM7,fbg,-0.000208421665765558,0.991232214257638,0.002206,87.4216,1377,0.00515178298634715,TRUE,""
ENSG00000219200,RNASEK,fbg,-0.0343485672016209,0.399729035501385,0.001279,24.8744,1578,0.0094356638122671,TRUE,""
ENSG00000221995,TIAF1,fbg,0.0451845398384286,0.203114836343131,0.0001063,15.1512,741,0.0086668073601983,TRUE,""
ENSG00000223510,CDRT15,fbg,-0.00112863594675797,0.883085590508198,0.0004847,27.4203,2772,0.00392020348807046,TRUE,""
ENSG00000224113,RP5-837J1.2,fbg,-0.0113809814806601,0.821351959007176,0.001691,5.593,1946,0.00381086622995048,TRUE,""
ENSG00000226137,BAIAP2-AS1,fbg,-0.0260674085778238,0.0927918472265709,5.288e-05,36.3622,1369,0.0215961190468444,TRUE,""
ENSG00000229590,MSX2P1,fbg,-0.0101354091233001,0.434655471356171,0.00224,43.3267,1451,0.00538952283749485,TRUE,""
ENSG00000229848,RP13-766D20.2,fbg,0.0425989851432229,0.317310507862914,5.288e-05,4.9401,1274,0.00535255905376715,TRUE,""
ENSG00000231027,AC079325.6,fbg,-0.00245899113683444,0.693037110067263,0.001944,60.4827,1687,0.0043722617623531,TRUE,""
ENSG00000232859,LYRM9,fbg,0.0103818776772833,0.647568367631056,0.005413,24.2274,1006,0.004679493071792,TRUE,""
ENSG00000233175,CTD-2020K17.3,fbg,0.000605714648153414,0.956892098247027,0.002502,24.4763,637,0.00451783177499484,TRUE,""
ENSG00000233223,AC113189.5,fbg,0.0190623899296063,0.0361498323768589,0.001727,34.2394,1302,0.0412452603011314,TRUE,""
ENSG00000233327,USP32P2,fbg,-0.012306179524112,0.0455002638963584,0.0008559,52.4563,786,0.0415027807763623,TRUE,""
ENSG00000234327,AC012146.7,fbg,-0.0150097867173042,0.184664002239421,0.000921,58.2977,1841,0.0140227064352558,TRUE,""
ENSG00000234494,AC003665.1,fbg,0.039399785705999,0.272740113942454,0.000547,6.3998,1353,0.0104923461247558,TRUE,""
ENSG00000236320,SLFN14,fbg,-0.094494906993517,0.154376307933322,0.001691,8.0479,1395,0.0175153769837172,TRUE,""
ENSG00000237575,PYY2,fbg,-0.00234283530125726,0.979005461093967,0.005413,7.452,1038,0.00443682447549951,TRUE,""
ENSG00000237805,AC015849.2,fbg,-0.00074395299656093,0.96455013508576,0.001691,17.7084,1238,0.00566867751762065,TRUE,""
ENSG00000239697,TNFSF12,fbg,-0.063209057074821,0.172682041418748,0.001727,65.5844,1323,0.00751397040643676,TRUE,""
ENSG00000239704,CDRT4,fbg,-0.00422045540349075,0.852408287000742,0.0008801,31.989,1962,0.00516345103796354,TRUE,""
ENSG00000240445,FOXO3B,fbg,0.0125165999749323,0.345753978677278,0.0008559,20.563,751,0.00653301524971706,TRUE,""
ENSG00000243678,NME1-NME2,fbg,0.0143991167130103,0.821351959007176,0.0001433,8.4261,1682,0.00355335020336078,TRUE,""
ENSG00000248714,RP11-1079K10.3,fbg,0.0471525600270872,0.0638907903728503,0.000533,9.9105,1304,0.0216992413998005,TRUE,""
ENSG00000251179,RP11-893F2.9,fbg,-0.00512699051082737,0.472788907323068,0.000533,40.5094,1304,0.00590895826694585,TRUE,""
ENSG00000256515,CCL3L3,fbg,0.00247305611764366,0.943056670967043,0.0001333,26.6355,1303,0.0158792487225628,TRUE,""
ENSG00000256525,POLG2,fbg,-0.0236056078559811,0.429835204622545,0.0101,15.1326,1142,0.00629615533413384,TRUE,""
ENSG00000258315,C17orf49,fbg,0.0178368087760631,0.705595683272677,0.001279,18.56,1575,0.00577786494112066,TRUE,""
ENSG00000258890,CEP95,fbg,-0.00906089271578557,0.429835204622545,0.0101,29.9525,1147,0.00628958439243404,TRUE,""
ENSG00000259623,RP11-156E6.1,fbg,-0.0936596569874538,0.565291296994401,0.001126,5.4616,1175,0.0270387945534337,TRUE,""
ENSG00000260027,RP11-357H14.19,fbg,0.0703108339137487,0.25707429868483,0.000547,11.3431,1400,0.0100245857476805,TRUE,""
ENSG00000260647,RP1-178F10.1,fbg,0.0153918833062545,0.434655471356171,0.0008559,10.0532,860,0.00521106231444073,TRUE,""
ENSG00000261222,CTD-2006K23.1,fbg,0.00409294914527549,0.813980460416918,0.001944,29.3135,1691,0.00412711587139727,TRUE,""
ENSG00000261408,TEN1-CDK3,fbg,0.0408632356531283,0.0833256871946906,0.008484,27.4388,1290,0.0228684453865196,TRUE,""
ENSG00000261589,CTC-462L7.1,fbg,-0.00490159625703498,0.529629670287596,0.001524,33.2894,2049,0.00512612439558006,TRUE,""
ENSG00000261879,RP11-333E1.1,fbg,0.0309240001224521,0.239406878796789,0.000921,19.3307,1903,0.00764880677890071,TRUE,""
ENSG00000261903,RP1-59D14.6,fbg,0.0180484802314718,0.237277851868278,0.003633,18.7915,1472,0.0102882796782655,TRUE,""
ENSG00000261996,CTC-281F24.1,fbg,-0.0331173913363109,0.143867728481615,0.001191,57.4746,1930,0.00580442032914621,TRUE,""
ENSG00000262089,RP11-589P10.5,fbg,-0.0159579138522115,0.194528913974972,0.001279,22.3093,1586,0.00997245217654161,TRUE,""
ENSG00000262098,CTD-2561B21.10,fbg,-0.00493597521197077,0.802587348634153,5.288e-05,15.0475,1353,0.00565860545295956,TRUE,""
ENSG00000262115,RP11-455O6.2,fbg,0.0185623856589872,0.201327791983001,5.288e-05,15.3364,1341,0.00927398239642687,TRUE,""
ENSG00000262147,RP13-638C3.3,fbg,0.00570976048580366,0.8078169693465,0.0006282,9.7562,807,0.00449574716600648,TRUE,""
ENSG00000262194,CTD-3195I5.5,fbg,-0.00284682572365185,0.971510179466646,0.0002989,5.2111,1752,0.00626696481635179,TRUE,""
ENSG00000262227,RP5-1050D4.5,fbg,0.0288375582530492,0.353111234506006,0.000921,9.7185,1805,0.00828253607225873,TRUE,""
ENSG00000262319,CTC-457L16.2,fbg,0.000600771683094198,0.94021471189421,0.0008559,35.2852,820,0.00481481172955353,TRUE,""
ENSG00000262359,DOC2B,fbg,-0.0475561014173958,0.305650988197024,0.01717,8.569,677,0.00785627217655642,TRUE,""
ENSG00000262410,RP11-388C12.8,fbg,0.0293166071080851,0.235030456586428,0.0006282,8.0228,735,0.00917266853542269,TRUE,""
ENSG00000262692,CTD-3195I5.3,fbg,0.0446589976085088,0.137150488653754,0.0002989,8.4035,1712,0.0101730850813395,TRUE,""
ENSG00000262758,CTD-3195I5.1,fbg,-0.143217056715266,0.157320385463947,0.0002989,6.4754,1744,0.0391443291939023,TRUE,""
ENSG00000262777,RP11-818O24.3,fbg,0.135286242927321,0.126162397742482,0.003633,6.6561,1412,0.0297782132513067,TRUE,""
ENSG00000262837,RP11-304F15.7,fbg,0.0874711694617052,0.184136815798129,0.000533,6.6421,1324,0.0214271444689361,TRUE,""
ENSG00000262873,CTD-2561B21.11,fbg,-0.00438892502866976,0.802587348634153,5.288e-05,18.6985,1358,0.00565501663332126,TRUE,""
ENSG00000262879,RP11-156P1.3,fbg,0.000764226764434298,0.936237255972025,0.0006168,47.4356,830,0.00640815294083546,TRUE,""
ENSG00000263120,RP5-1107A17.4,fbg,-0.00751603994599934,0.846529514964004,0.0004926,5.1544,1964,0.00493153647893602,TRUE,""
ENSG00000263400,CTC-297N7.5,fbg,0.0255478978863193,0.288008758003942,0.002338,9.5635,2208,0.00674054897407963,TRUE,""
ENSG00000263412,RP5-890E16.2,fbg,-0.0167580045214053,0.780191283863633,0.000547,9.2941,1329,0.00565847810931276,TRUE,""
ENSG00000263574,CTD-2532D12.4,fbg,-0.0194030144106558,0.746294336814333,0.001944,4.605,2043,0.00280089673585196,TRUE,""
ENSG00000263766,RP11-580I16.2,fbg,-0.0177022720542163,0.651547872829126,0.000547,5.8657,1298,0.00448148621683956,TRUE,""
ENSG00000263787,RP11-456D7.1,fbg,-0.0546523366495933,0.381573905705021,0.000547,4.7566,1324,0.00905121040710826,TRUE,""
ENSG00000263874,LINC00672,fbg,0.019708504078688,0.192564416267239,0.0003171,16.1733,930,0.00879715639248097,TRUE,""
ENSG00000263990,CTC-542B22.2,fbg,-0.0354737975660257,0.527662046790784,0.001513,4.7811,1084,0.00845537823062691,TRUE,""
ENSG00000264058,KRT222,fbg,-0.0156649843498207,0.398809120942746,0.001788,14.8499,1379,0.00552790505059007,TRUE,""
ENSG00000264198,RP11-94L15.2,fbg,-0.0143453831350988,0.258884225947615,0.0003171,18.0974,1026,0.00779456089168964,TRUE,""
ENSG00000264538,SUZ12P,fbg,-0.00353272974805522,0.806535441920889,0.006224,27.219,1016,0.00678669933939475,TRUE,""
ENSG00000264743,DPRXP4,fbg,0.0637100485277702,0.754660563059686,0.006224,14.8658,1086,0.0364547821794238,TRUE,""
ENSG00000264885,RP11-815I9.4,fbg,0.0203144921186042,0.345753978677278,0.0008559,11.6735,757,0.00653455791965152,TRUE,""
ENSG00000264968,RP11-387H17.4,fbg,0.00545249733517306,0.826844797716898,0.0003171,8.7601,1076,0.0038522970878443,TRUE,""
ENSG00000265298,RP13-104F24.3,fbg,-0.0506655274352776,0.360566735097472,0.0101,5.5634,1263,0.00682187698161629,TRUE,""
ENSG00000265458,RP13-20L14.6,fbg,0.0208802435036792,0.159649901642811,0.0006282,15.983,875,0.01052111341329,TRUE,""
ENSG00000265666,CTD-2267D19.2,fbg,0.0156098320636216,0.410206998692259,0.0007864,12.89,1155,0.00552123761874473,TRUE,""
ENSG00000265798,RP11-271K11.5,fbg,0.144048676796423,0.101763504951258,0.006224,6.279,1080,0.036760577495208,TRUE,""
ENSG00000266088,RP5-1028K7.2,fbg,0.0382882001488471,0.41325337549364,0.0007864,6.7008,1352,0.00720018768380379,TRUE,""
ENSG00000266173,STRADA,fbg,-0.0733855027398655,0.097490596202208,0.004369,12.8404,962,0.0165653582983983,TRUE,""
ENSG00000266389,CTB-41I6.1,fbg,-0.0112453066292129,0.0955807045456294,0.001727,36.2754,1757,0.0149914831763158,TRUE,""
ENSG00000266490,CTD-2349P21.9,fbg,-0.00506979029726505,0.830324257655795,0.006224,13.163,1057,0.0059981967946014,TRUE,""
ENSG00000266677,RP11-258F1.1,fbg,0.0727033870785861,0.326706554868585,0.0004783,4.7963,980,0.00736029057990627,TRUE,""
ENSG00000266865,RP11-848P1.9,fbg,0.125432056445047,0.455264795481192,0.006224,5.5294,1085,0.0115371668940481,TRUE,""
ENSG00000266934,RP11-332H18.3,fbg,0.060513131412294,0.521008864971642,0.01148,4.8487,835,0.00964766551039506,TRUE,""
ENSG00000266972,AC015849.15,fbg,0.0105924254138805,0.857152568198199,0.001691,5.259,1259,0.0074320188609249,TRUE,""
ENSG00000266980,RP11-552F3.4,fbg,0.0343595230364385,0.407346960940474,0.008484,6.2537,1141,0.00583374823701992,TRUE,""
ENSG00000266998,RP11-936I5.1,fbg,0.00685660865370222,0.43076760985781,0.000889,28.1066,1842,0.00496462962807964,TRUE,""
ENSG00000266999,AC015849.16,fbg,0.0224605804638006,0.470952440870632,0.001691,9.0915,1243,0.00719648957442686,TRUE,""
ENSG00000267009,RP11-120M18.2,fbg,-0.0968106990490146,0.176582909707466,0.003843,4.5995,1532,0.00810762467103723,TRUE,""
ENSG00000267074,RP11-1094M14.5,fbg,-0.00913587643887293,0.475050524053953,0.001691,19.6645,1440,0.00535758976860632,TRUE,""
ENSG00000267078,RP11-666A8.9,fbg,-0.0337291660864542,0.0973387146820778,0.000889,13.0694,1576,0.0171623907299564,TRUE,""
ENSG00000267080,ASB16-AS1,fbg,0.0049720811770985,0.668235141795249,0.002502,49.3664,1079,0.00430650393275775,TRUE,""
ENSG00000267194,RP1-193H18.2,fbg,0.0409534956032484,0.302423598900007,0.002097,5.977,2004,0.0115593270991101,TRUE,""
ENSG00000267278,MAP3K14-AS1,fbg,0.0320189987355589,0.702199590874297,0.002502,5.7699,632,0.00449860608082551,TRUE,""
ENSG00000267288,RP13-890H12.2,fbg,0.0275364974598881,0.21614570699231,0.002502,12.6501,663,0.0100324612534487,TRUE,""
ENSG00000267342,RP11-552F3.10,fbg,0.0210544596921337,0.237277851868278,0.008484,13.0836,1199,0.00782892455214972,TRUE,""
ENSG00000267369,RP11-1094M14.8,fbg,-0.0241099119547579,0.475050524053953,0.001691,13.2851,1452,0.00535350302586539,TRUE,""
ENSG00000267416,CTD-2319I12.2,fbg,0.0845200568096366,0.184221436110931,0.01847,6.8299,633,0.0101727556245326,TRUE,""
ENSG00000267452,RP11-1018N14.5,fbg,-0.00952767252709263,0.0939342316614916,0.0001433,55.7585,1693,0.0158934539769913,TRUE,""
ENSG00000267472,LOC440461,fbg,0.0261923033134763,0.436700030722758,0.003843,17.1323,1446,0.0131014525785598,TRUE,""
ENSG00000267543,RP11-666A8.7,fbg,0.00405220244944344,0.828819213786263,0.000889,12.7472,1574,0.0044066334947221,TRUE,""
ENSG00000267546,RP11-666A8.8,fbg,0.0130415670677317,0.453254704753736,0.000889,13.6416,1577,0.00493450978911446,TRUE,""
ENSG00000267548,RP11-229E13.2,fbg,0.0408566161332595,0.436700030722758,0.001126,9.0595,1067,0.00581742963103453,TRUE,""
ENSG00000267568,RP11-87G24.3,fbg,-0.00147076353007564,0.961562611334274,0.000889,17.9148,1779,0.00952813335181441,TRUE,""
ENSG00000267676,THA1P,fbg,0.00043556942374529,0.978438177451517,0.001578,14.4054,1853,0.0042281190280385,TRUE,""
ENSG00000267744,RP11-799D4.1,fbg,-0.0164398045695515,0.458126425559177,0.001691,9.4163,1950,0.0055980435891254,TRUE,""
ENSG00000269657,AC079210.1,fbg,-0.0362171103156406,0.366823698716426,0.003843,7.5772,1527,0.00720045325472129,TRUE,""
ENSG00000270091,RP11-78O7.2,fbg,-0.0233423560600516,0.0699089739364695,0.01472,18.4291,778,0.0200335692194254,TRUE,""
ENSG00000046604,DSG2,fbg,0.0658089561823116,0.453254704753736,0.0006893,5.7978,2089,0.00586923286497513,TRUE,""
ENSG00000049759,NEDD4L,fbg,0.00944933721924055,0.933586496294755,0.001563,18.8373,2294,0.0139359164656486,TRUE,""
ENSG00000066926,FECH,fbg,0.00516183562669832,0.74896833055336,0.0004124,55.1733,2273,0.00608754171707137,TRUE,""
ENSG00000074695,LMAN1,fbg,0.03546304045074,0.00474980676921879,0.000236,41.7273,2305,0.1178307558461,TRUE,""
ENSG00000075336,TIMM21,fbg,-0.0392341407558411,0.126162397742482,0.002098,21.1546,2557,0.0127842909078126,TRUE,""
ENSG00000078142,PIK3C3,fbg,-0.019741245029441,0.338808706669851,0.007826,26.6185,2009,0.0085542694630975,TRUE,""
ENSG00000081913,PHLPP1,fbg,0.00717723330904441,0.651547872829126,0.0005847,34.7209,2316,0.00411376724170959,TRUE,""
ENSG00000081923,ATP8B1,fbg,0.0710958780782191,0.156580407089635,0.0004124,8.4131,2233,0.0113870562280255,TRUE,""
ENSG00000082397,EPB41L3,fbg,0.0124879210289851,0.436700030722758,0.0007715,39.7705,2031,0.00571155016790243,TRUE,""
ENSG00000091157,WDR7,fbg,0.0227997960275626,0.759511416075572,9.396e-05,11.648,2011,0.0064740897558735,TRUE,""
ENSG00000091164,TXNL1,fbg,0.0229935604266377,0.464569498731224,9.396e-05,37.4789,1959,0.00999787627896757,TRUE,""
ENSG00000101544,ADNP2,fbg,-0.0492774734359962,0.417474325169508,0.003454,9.6242,905,0.00619558837203628,TRUE,""
ENSG00000101546,RBFA,fbg,-0.010851600419759,0.693625785030416,0.003454,19.5414,1000,0.00431520222769995,TRUE,""
ENSG00000101557,USP14,fbg,-0.0303523791387128,0.689156516779352,0.0003397,23.6469,1135,0.0137126787496014,TRUE,""
ENSG00000101558,VAPA,fbg,-0.0301716473791697,0.0522368760834801,0.0007054,44.8541,2275,0.0143203896737164,TRUE,""
ENSG00000101574,METTL4,fbg,0.00493342893436092,0.845827892312863,0.0004118,25.2048,2324,0.00423043051614897,TRUE,""
ENSG00000101624,CEP76,fbg,0.0694138291533639,0.363302140886898,0.001816,7.0216,1579,0.00508231299625732,TRUE,""
ENSG00000101654,RNMT,fbg,-0.0330340801543375,0.106519815751505,0.003253,49.483,1452,0.02257121371254,TRUE,""
ENSG00000101751,POLI,fbg,-0.00321434053349626,0.698684565645401,0.003327,66.4522,1743,0.00411898906197671,TRUE,""
ENSG00000101752,MIB1,fbg,-0.0235204989517081,0.363302140886898,0.0118,22.7036,964,0.00610864502812037,TRUE,""
ENSG00000101773,RBBP8,fbg,0.00294136000076191,0.864842812437012,0.0004315,49.2829,1407,0.00564961957393753,TRUE,""
ENSG00000118276,B4GALT6,fbg,0.0122717009749568,0.745692505957826,0.0006893,17.4059,2007,0.00500210402795966,TRUE,""
ENSG00000128791,TWSG1,fbg,0.0689195138432733,0.0265037373413258,0.003606,18.2753,2374,0.0426366293013298,TRUE,""
ENSG00000132199,ENOSF1,fbg,-0.00750263605418979,0.511663282695868,0.0003397,52.0194,1654,0.00372888410396982,TRUE,""
ENSG00000132204,LINC00470,fbg,-0.115656734879418,0.172682041418748,0.0003397,6.0906,2324,0.0108774263270979,TRUE,""
ENSG00000134030,CTIF,fbg,0.00378958348524153,0.960775588379686,0.001847,12.4731,1769,0.00819846582731192,TRUE,""
ENSG00000134046,MBD2,fbg,0.0269251660393388,0.545732840028086,0.003327,19.1244,1729,0.0152753194204117,TRUE,""
ENSG00000134265,NAPG,fbg,0.000629166745469219,0.950164661941506,0.0007054,44.2998,2448,0.00373552050124941,TRUE,""
ENSG00000134489,HRH4,fbg,-0.0604867886922272,0.69494231503817,0.0004315,5.8156,1948,0.00732642091879823,TRUE,""
ENSG00000134490,TMEM241,fbg,-0.0157620798961956,0.185974874255209,0.0004315,41.0797,1451,0.00883991023960947,TRUE,""
ENSG00000134508,CABLES1,fbg,-0.0464896100292192,0.673716649749524,0.0004315,6.1261,1452,0.00597542217458313,TRUE,""
ENSG00000134755,DSC2,fbg,-0.00528161064081361,0.851268623688206,0.002651,20.1527,2246,0.00387969427330263,TRUE,""
ENSG00000134758,RNF138,fbg,-0.0198862616494688,0.566286290659641,0.0006893,34.7257,1879,0.00952987010000754,TRUE,""
ENSG00000134759,ELP2,fbg,0.00132781638251127,0.826844797716898,0.002015,63.3544,1707,0.00396284655373752,TRUE,""
ENSG00000134769,DTNA,fbg,0.0604598614496875,0.607052248071005,0.001589,5.2993,1660,0.00488846819320959,TRUE,""
ENSG00000134775,FHOD3,fbg,-0.0987336385851064,0.129953390214931,0.002015,8.6724,1812,0.0118840917009568,TRUE,""
ENSG00000134779,TPGS2,fbg,-0.0109596645500886,0.342112252616964,0.002015,58.893,1827,0.00815744732776285,TRUE,""
ENSG00000141380,SS18,fbg,-0.0368843169462086,0.676922239021379,0.0008118,7.2257,1900,0.00592898096160768,TRUE,""
ENSG00000141404,GNAL,fbg,0.163578308757234,0.348104848262237,0.0001615,8.2044,1830,0.0134710428392619,TRUE,""
ENSG00000141424,SLC39A6,fbg,0.0476493538233297,0.467058901715173,0.002015,8.9211,1728,0.00516426247499583,TRUE,""
ENSG00000141429,GALNT1,fbg,-0.00421231827748971,0.846529514964004,0.002015,25.3382,1839,0.00385762017156072,TRUE,""
ENSG00000141447,OSBPL1A,fbg,0.0138402514915655,0.416504786576218,0.0004315,33.2588,1909,0.00527900699088024,TRUE,""
ENSG00000141448,GATA6,fbg,0.378436143727429,0.0455002638963584,0.00926,6.255,1139,0.058793399871067,TRUE,""
ENSG00000141452,C18orf8,fbg,-0.0248921212889198,0.0976712014631225,0.0004315,34.1441,1495,0.0148980427368423,TRUE,""
ENSG00000141622,RNF165,fbg,-0.150259740229783,0.151031528231155,4.983e-05,6.6113,1978,0.0140775828966514,TRUE,""
ENSG00000141627,DYM,fbg,-0.0278023159340303,0.179029242883863,0.001847,25.2291,2028,0.00942173807663097,TRUE,""
ENSG00000141646,SMAD4,fbg,-0.0224856677776194,0.401632246433539,0.002734,20.3688,2120,0.0057752222388604,TRUE,""
ENSG00000141665,FBXO15,fbg,-0.0402209579658786,0.369958168208807,0.001108,22.8898,2549,0.0101454757912674,TRUE,""
ENSG00000141759,TXNL4A,fbg,0.028902951010699,0.531971058097401,0.003454,15.08,1019,0.00469757284483253,TRUE,""
ENSG00000150637,CD226,fbg,-0.0398354221975062,0.00595952647010912,0.001563,44.915,2237,0.25237760559631,TRUE,""
ENSG00000150656,CNDP1,fbg,0.0303805041168131,0.693037110067263,0.001108,8.4703,2557,0.00484861953535837,TRUE,""
ENSG00000152229,PSTPIP2,fbg,-0.0110259159950744,0.806237299196145,0.002418,20.9846,2082,0.00662337976336148,TRUE,""
ENSG00000152234,ATP5A1,fbg,-0.0241769863435587,0.129486728502174,0.002418,34.5403,2088,0.0122010805879685,TRUE,""
ENSG00000152242,C18orf25,fbg,0.0509620147634216,0.116083133738655,0.002418,23.0521,1999,0.012445048027032,TRUE,""
ENSG00000153391,INO80C,fbg,-0.00614158081937795,0.738882680363527,0.002015,31.8191,1804,0.00423843643008559,TRUE,""
ENSG00000154040,CABYR,fbg,0.0420043255355751,0.592730265819558,0.0004315,9.6153,1901,0.00587322908792086,TRUE,""
ENSG00000154065,ANKRD29,fbg,0.193016071889713,0.0699089739364695,0.0004315,5.1255,1589,0.011374785407609,TRUE,""
ENSG00000166342,NETO1,fbg,0.0965016781297787,0.465555404903429,0.0007499,4.9543,2648,0.00547098041204658,TRUE,""
ENSG00000166377,ATP9B,fbg,0.0130998364262075,0.21129954733371,0.00128,54.2488,1930,0.00821075039732872,TRUE,""
ENSG00000166401,SERPINB8,fbg,-0.0171925568231099,0.202309241991172,0.0005847,58.3665,2527,0.00950084084402089,TRUE,""
ENSG00000166562,SEC11C,fbg,-0.0440052734744539,0.13784315525934,0.000236,12.4837,2344,0.0101863208697684,TRUE,""
ENSG00000166845,C18orf54,fbg,0.0403730660099263,0.390133657897216,0.003327,22.0843,1720,0.00910598935626014,TRUE,""
ENSG00000166974,MAPRE2,fbg,0.0107612417111074,0.67286282272179,0.001589,31.4276,1614,0.00595635191866783,TRUE,""
ENSG00000167210,LOXHD1,fbg,0.00110780222580308,0.92968966605199,4.983e-05,64.614,1954,0.00462454201088199,TRUE,""
ENSG00000167216,KATNAL2,fbg,-0.0478789403715226,0.604987669676503,4.983e-05,11.1154,1743,0.00803540862761396,TRUE,""
ENSG00000167220,HDHD2,fbg,-0.0084652223928459,0.783935885844079,4.983e-05,35.6474,1773,0.0088879787026782,TRUE,""
ENSG00000168234,TTC39C,fbg,0.00654015342019445,0.685179538328076,0.0004315,40.4013,1840,0.00529352797466608,TRUE,""
ENSG00000168675,LDLRAD4,fbg,-0.0143331689671589,0.49813992156856,0.003253,23.4833,1530,0.00464734328684236,TRUE,""
ENSG00000170558,CDH2,fbg,0.00754517975351393,0.57628216259003,0.0007189,55.7965,2289,0.00602991916060492,TRUE,""
ENSG00000171791,BCL2,fbg,0.0674274474556994,0.49924658287522,0.0005847,6.5602,2250,0.00647467229887123,TRUE,""
ENSG00000172466,ZNF24,fbg,-0.0423928525543412,0.0570110871742129,0.001589,22.3794,1728,0.0226737686312698,TRUE,""
ENSG00000173482,PTPRM,fbg,0.00908736474495733,0.666197506589673,0.0009136,48.3243,2365,0.0372364780352,TRUE,""
ENSG00000176014,TUBB6,fbg,-0.0190037341541774,0.394296323068415,0.0001615,81.264,1597,0.0091685170536409,TRUE,""
ENSG00000176105,YES1,fbg,0.00301204619966225,0.92968966605199,0.0003397,11.8946,1737,0.00403303668704845,TRUE,""
ENSG00000176225,RTTN,fbg,-0.00664662634346344,0.944054023280193,0.001563,10.516,2205,0.0130816376101962,TRUE,""
ENSG00000176624,MEX3C,fbg,0.0173478945915069,0.561479628322256,0.002734,18.4691,2078,0.00447087970229496,TRUE,""
ENSG00000177426,TGIF1,fbg,0.00902998836589578,0.652003680990715,6.707e-05,43.3129,2254,0.00637980909708057,TRUE,""
ENSG00000178127,NDUFV2,fbg,0.0270810354123474,0.397466925422593,0.003606,9.7645,2347,0.00700257591792321,TRUE,""
ENSG00000178342,KCNG2,fbg,0.0460204036080716,0.34661443250305,0.00128,12.2895,1185,0.00639613557277124,TRUE,""
ENSG00000179981,TSHZ1,fbg,-0.0201827652646802,0.525985322047422,7.367e-05,22.6578,2653,0.00572490742856125,TRUE,""
ENSG00000180011,ZADH2,fbg,-0.00787137336290997,0.467058901715173,7.367e-05,81.0823,2711,0.00396309901465465,TRUE,""
ENSG00000186481,ANKRD20A5P,fbg,-0.520214048432875,0.0205697662542228,0.003253,5.2617,1270,0.163195981036226,TRUE,""
ENSG00000197705,KLHL14,fbg,0.108193524571778,0.426688082619747,0.0006893,5.0969,1680,0.00469715532372041,TRUE,""
ENSG00000206052,DOK6,fbg,0.0540620688869753,0.00269979606326019,0.0007129,31.3939,2238,0.250539250834912,TRUE,""
ENSG00000215421,ZNF407,fbg,0.036002443764095,0.583426134426407,7.367e-05,8.3611,2503,0.00462439070007058,TRUE,""
ENSG00000257267,ZNF271,fbg,-0.0216158888486469,0.165412255542075,0.001589,35.3437,1724,0.0097793573671396,TRUE,""
ENSG00000260263,RP11-666N19.1,fbg,0.0409398432946179,0.0225336575784201,0.02139,11.7455,275,0.0373224051904908,TRUE,""
ENSG00000260552,RP11-49I11.1,fbg,0.00358801610602849,0.617075077451974,0.002015,31.4846,1682,0.00419066825872099,TRUE,""
ENSG00000263417,RP11-433A23.1,fbg,-0.00615267918340479,0.725324774655607,0.0007473,33.5805,2180,0.00455669614760762,TRUE,""
ENSG00000263753,LINC00667,fbg,-0.108251506513822,0.297294155047631,6.707e-05,90.2602,2131,0.0778820211104928,TRUE,""
ENSG00000263812,RP11-111H3.1,fbg,0.014756761811331,0.43881634294658,7.367e-05,21.4749,2737,0.00463615559636416,TRUE,""
ENSG00000264247,RP11-231E4.4,fbg,-0.121987238862881,0.211299547333711,0.002098,76.4175,2556,0.00468305390423657,TRUE,""
ENSG00000264644,KRT18P8,fbg,0.00417065612233331,0.718016387438887,0.0007054,22.0274,2245,0.0047041597585018,TRUE,""
ENSG00000264695,RP11-178F10.2,fbg,0.00459461519094467,0.940951444465206,0.0004315,6.4576,1953,0.00657951841329435,TRUE,""
ENSG00000264745,RP11-403A21.2,fbg,-0.0034348124580883,0.597653582632867,0.0004315,44.3346,1809,0.00416079105354983,TRUE,""
ENSG00000264964,RP11-888D10.3,fbg,-0.0389205924464383,0.0744588055928866,0.003606,12.1859,2386,0.0213482002139351,TRUE,""
ENSG00000265399,RP13-270P17.2,fbg,-0.00137445971876537,0.909526060036958,0.002542,26.9835,2142,0.00511492259872673,TRUE,""
ENSG00000265579,RP11-713C5.1,fbg,0.103993663876506,0.358137983510638,0.0007499,4.9036,2662,0.00596988258130466,TRUE,""
ENSG00000265728,RP11-883A18.3,fbg,-0.0353780325383316,0.342112252616964,0.0001615,19.2967,2433,0.0133091365202426,TRUE,""
ENSG00000266256,LINC00683,fbg,0.00654987366952114,0.43881634294658,7.367e-05,25.0589,2699,0.00466087272184509,TRUE,""
ENSG00000266312,RP11-111H3.3,fbg,0.0133800623343925,0.43881634294658,7.367e-05,17.078,2704,0.00459364597887352,TRUE,""
ENSG00000266401,RP11-874J12.4,fbg,0.00385499327713216,0.775096962195985,6.707e-05,19.2414,2161,0.00420138035616735,TRUE,""
ENSG00000266405,CBX3P2,fbg,-0.0187438007857002,0.467058901715173,0.0004118,9.4976,2233,0.00539845420083759,TRUE,""
ENSG00000267010,RP11-108P20.1,fbg,0.0142256471816768,0.489894777830357,0.000236,15.1212,2415,0.00597918982217292,TRUE,""
ENSG00000267040,RP11-35G9.3,fbg,-0.034548722605389,0.219720102570242,0.0004124,11.5937,2214,0.0107415992428565,TRUE,""
ENSG00000267270,AC139100.2,fbg,0.0287478062359341,0.504985075093846,0.004293,13.7839,879,0.00633255767892158,TRUE,""
ENSG00000267279,RP11-879F14.2,fbg,-0.0154742769900313,0.467058901715173,0.0007785,20.3767,2294,0.00515228414992435,TRUE,""
ENSG00000267390,RP11-635N19.1,fbg,-0.0373822386803717,0.360728145934554,0.0005847,16.3398,2254,0.0164310258662733,TRUE,""
ENSG00000267397,RP11-873E20.1,fbg,0.00122972335349638,0.974266251454282,0.002015,7.9564,1887,0.00381890351540739,TRUE,""
ENSG00000267655,CTD-2286N8.2,fbg,0.00721907165787727,0.710318348253685,0.00128,12.3061,1975,0.00527293650909455,TRUE,""
ENSG00000267701,RP11-28F1.2,fbg,0.00667680030626393,0.846529514964004,0.0005847,5.9194,2204,0.00387040102371258,TRUE,""
ENSG00000267702,RP11-53B2.2,fbg,0.00604758608955144,0.331753366775936,0.003253,42.9726,1485,0.00647525798626262,TRUE,""
ENSG00000268573,RP11-158H5.7,fbg,0.0331228195612088,0.599288661619184,0.001589,14.0371,1719,0.00828697221560377,TRUE,""
ENSG00000004777,ARHGAP33,fbg,0.0107580171403015,0.521506023912167,0.007285,56.2769,1200,0.00703118649894291,TRUE,""
ENSG00000006638,TBXA2R,fbg,-0.099700009484913,0.397977916537113,0.0019,11.0303,1115,0.0122967786532575,TRUE,""
ENSG00000007047,MARK4,fbg,0.0476306336349876,0.21129954733371,2.253e-05,44.6679,1243,0.0221303148801046,TRUE,""
ENSG00000007080,CCDC124,fbg,-0.00439356513203494,0.920344325445942,0.001792,13.9669,1155,0.00461139061036409,TRUE,""
ENSG00000007255,TRAPPC6A,fbg,-0.0287631509687448,0.232304160207264,2.253e-05,26.5621,1240,0.00722263658607394,TRUE,""
ENSG00000008441,NFIX,fbg,3.26373709889075,0.00811952279075115,0.0004275,7.2969,946,0.334865599403358,TRUE,""
ENSG00000011132,APBA3,fbg,0.0885083339600427,0.0672217300257925,0.0019,16.9726,1118,0.0288008814583066,TRUE,""
ENSG00000011422,PLAUR,fbg,0.0271835845610429,0.837927275162676,6.372e-05,11.5325,1477,0.0103673959710473,TRUE,""
ENSG00000011485,PPP5C,fbg,-0.00473640942152226,0.738882680363527,2.253e-05,52.4278,1066,0.0041841671152549,TRUE,""
ENSG00000011590,ZBTB32,fbg,-0.0158040518752947,0.686024978169506,0.007285,21.3989,1226,0.00603092984639611,TRUE,""
ENSG00000012124,CD22,fbg,-0.0819691732379743,0.114813225892495,0.007285,16.3184,1315,0.0207750059966635,TRUE,""
ENSG00000021488,SLC7A9,fbg,0.00114238961692953,0.956892098247026,5.291e-05,30.697,1641,0.00451674050891982,TRUE,""
ENSG00000022556,NLRP2,fbg,0.00346591625486213,0.718016387438887,0.001617,74.8028,1558,0.0169678517152375,TRUE,""
ENSG00000031823,RANBP3,fbg,0.0766300343282641,0.216721062179052,0.0002912,9.6014,1317,0.00792984202183143,TRUE,""
ENSG00000037757,MRI1,fbg,-0.0258583814927296,0.0901808600977078,0.0004275,39.9832,1002,0.0176890104574234,TRUE,""
ENSG00000039650,PNKP,fbg,-0.0210146410767784,0.0999365539385519,0.006314,52.6632,1110,0.00372002568900596,TRUE,""
ENSG00000051128,HOMER3,fbg,0.0505776104776422,0.718847133564018,0.0007539,5.453,1018,0.0210842937681661,TRUE,""
ENSG00000060558,GNA15,fbg,0.0151065671527474,0.738882680363527,0.0019,13.1487,1139,0.00422486766485965,TRUE,""
ENSG00000060566,CREB3L3,fbg,0.0721417548883289,0.265156633625956,0.005244,8.8639,1095,0.00685478141344812,TRUE,""
ENSG00000063169,GLTSCR1,fbg,0.0481402526329186,0.25707429868483,0.005501,18.8574,1250,0.0101890187617497,TRUE,""
ENSG00000063176,SPHK2,fbg,-0.0223791495820397,0.643390915016625,0.005501,19.7634,1357,0.00983359026616303,TRUE,""
ENSG00000063322,MED29,fbg,-0.00246849675148709,0.903523023570037,0.0004863,28.7856,1286,0.00403919917680059,TRUE,""
ENSG00000064547,LPAR2,fbg,0.00168311986691263,0.924125711867492,0.0007539,65.3337,952,0.0041537629301981,TRUE,""
ENSG00000064961,HMG20B,fbg,0.761893752289758,0.0880299860201926,0.0019,5.2487,1113,0.058364662922615,TRUE,""
ENSG00000065000,AP3D1,fbg,0.0473064084951265,0.0484176616465581,0.0019,24.3813,1038,0.0279296703245828,TRUE,""
ENSG00000068903,SIRT2,fbg,-0.0398500473317316,0.580515713596355,0.0004863,9.323,1360,0.00525903500886135,TRUE,""
ENSG00000069399,BCL3,fbg,-0.0184673773344217,0.933586496294755,2.253e-05,5.7527,1378,0.00766759798858948,TRUE,""
ENSG00000072071,LPHN1,fbg,0.0564443566248952,0.236169551417458,0.0004275,13.9813,1244,0.0150132258919601,TRUE,""
ENSG00000073050,XRCC1,fbg,-0.0245972295050072,0.291171315245308,6.372e-05,18.4451,1450,0.00767749228487759,TRUE,""
ENSG00000074219,TEAD2,fbg,0.0157048594148798,0.208368424819709,0.006604,46.7424,1041,0.0102853332690099,TRUE,""
ENSG00000076662,ICAM3,fbg,-0.0159153004572354,0.398421095563973,0.0007317,39.3729,1091,0.00734649123851631,TRUE,""
ENSG00000076924,XAB2,fbg,0.0149998649586098,0.593802857207703,0.003576,28.28,1385,0.00595206433288227,TRUE,""
ENSG00000077348,EXOSC5,fbg,-0.0465752409907136,0.676922239021379,0.000827,5.702,1044,0.00528817657270031,TRUE,""
ENSG00000077463,SIRT6,fbg,0.0371206012042555,0.551345804442167,0.005244,12.4854,1097,0.00623498197309833,TRUE,""
ENSG00000079462,PAFAH1B3,fbg,-0.0533437992508829,0.522598999989147,0.005398,11.8766,965,0.0108652311492058,TRUE,""
ENSG00000079805,DNM2,fbg,-0.0156444535640696,0.778518657215875,0.0007317,9.0466,1013,0.00402609571532729,TRUE,""
ENSG00000083814,ZNF671,fbg,0.00729325533222554,0.785062868547559,0.001451,21.9655,1386,0.00819610501774004,TRUE,""
ENSG00000083838,ZNF446,fbg,0.0108256876573737,0.817494086363381,0.001716,14.7951,734,0.00487664734198737,TRUE,""
ENSG00000083844,ZNF264,fbg,0.086793050777989,0.278660494899244,0.001451,9.9928,1663,0.0245939918461851,TRUE,""
ENSG00000085872,CHERP,fbg,0.155888661835074,0.23418195123316,0.002338,7.8787,1596,0.0151703294954265,TRUE,""
ENSG00000088038,CNOT3,fbg,0.031948949444507,0.531971058097401,0.001442,12.276,1620,0.00510930165496335,TRUE,""
ENSG00000088256,GNA11,fbg,0.0260386382693758,0.631227393032445,0.0019,27.5897,1129,0.0122089755425419,TRUE,""
ENSG00000089351,GRAMD1A,fbg,-0.0285881973053527,0.161513318467542,0.007285,39.9656,1404,0.0139802067370153,TRUE,""
ENSG00000089847,ANKRD24,fbg,0.0212882995629425,0.482599554301848,0.005244,22.8908,1091,0.00675305914372762,TRUE,""
ENSG00000090013,BLVRB,fbg,-0.0205232269891965,0.153127451019669,0.0004863,64.6669,1279,0.0314364240530015,TRUE,""
ENSG00000090339,ICAM1,fbg,0.0252418650787664,0.514941407043905,0.0007317,18.2322,1063,0.00593286910697872,TRUE,""
ENSG00000090661,CERS4,fbg,-0.0307666860184208,0.0661790029424583,0.002167,37.7768,1290,0.0262678269469666,TRUE,""
ENSG00000095059,DHPS,fbg,-0.00942047337862859,0.863886790544927,0.0004275,11.2681,1052,0.00418809927514018,TRUE,""
ENSG00000099326,MZF1,fbg,0.0241461087273049,0.236329736314398,0.007224,33.172,670,0.00928045732505339,TRUE,""
ENSG00000099331,MYO9B,fbg,-0.0294344764574202,0.576749105845063,0.001792,14.487,1184,0.00583223397540261,TRUE,""
ENSG00000099622,CIRBP,fbg,-0.0663649195777031,0.393012649581705,0.003687,9.5493,1034,0.0103389283024431,TRUE,""
ENSG00000099785,MARCH2,fbg,-0.00344149953639119,0.836882810464227,0.002167,33.1791,1299,0.00383206808621059,TRUE,""
ENSG00000099795,NDUFB7,fbg,0.0140441927427939,0.876383359901399,0.0002825,5.9526,1088,0.0052397367475671,TRUE,""
ENSG00000099800,TIMM13,fbg,0.00837449993493424,0.710318348253685,0.0019,25.6905,1101,0.00411082544649673,TRUE,""
ENSG00000099804,CDC34,fbg,-0.00343323362956695,0.857555183155439,0.008906,27.8561,702,0.00406118634734879,TRUE,""
ENSG00000099817,POLR2E,fbg,0.00470354542421505,0.834212236432498,0.008906,24.7176,944,0.00452437403720422,TRUE,""
ENSG00000099840,IZUMO4,fbg,-0.131366908963079,0.370197276411458,0.0019,5.6221,1042,0.0122419054096076,TRUE,""
ENSG00000099875,MKNK2,fbg,0.0190917541600646,0.468151357247347,0.0019,26.9202,1066,0.00721989130270865,TRUE,""
ENSG00000104783,KCNN4,fbg,0.00765555649128194,0.539940330191881,6.372e-05,84.4938,1488,0.00699947599870462,TRUE,""
ENSG00000104805,NUCB1,fbg,0.0143184161935455,0.241426553382044,0.006604,62.7367,1247,0.0110497825541085,TRUE,""
ENSG00000104812,GYS1,fbg,-0.034186160187369,0.799614415360277,0.006604,15.8818,1265,0.0101752858536291,TRUE,""
ENSG00000104814,MAP4K1,fbg,-0.025808020942465,0.682472947499482,0.003283,12.3755,1207,0.00573596264427921,TRUE,""
ENSG00000104823,ECH1,fbg,0.00225265771456043,0.883085590508198,0.0007425,26.5082,1337,0.00412204514864802,TRUE,""
ENSG00000104835,SARS2,fbg,0.00891659167779782,0.458126425559177,0.0004863,78.5618,1348,0.0039519794317254,TRUE,""
ENSG00000104856,RELB,fbg,0.0142593996390025,0.871864744932721,2.253e-05,6.2413,1250,0.00311187797186621,TRUE,""
ENSG00000104859,CLASRP,fbg,0.015965982322971,0.671389024011197,2.253e-05,8.4051,1238,0.00354857686770919,TRUE,""
ENSG00000104866,PPP1R37,fbg,-0.0382035193612572,0.0429300147848126,2.253e-05,19.7561,1244,0.0317297718521672,TRUE,""
ENSG00000104879,CKM,fbg,-0.0276714899062479,0.133614402537716,2.253e-05,32.3764,1270,0.0102032621914295,TRUE,""
ENSG00000104884,ERCC2,fbg,-0.0572632671238317,0.00157071858166652,2.253e-05,20.4388,1245,0.409302916961749,TRUE,""
ENSG00000104885,DOT1L,fbg,-0.234139582378546,0.00532173204743072,0.0019,7.7848,1062,0.213512726674023,TRUE,""
ENSG00000104889,RNASEH2A,fbg,0.0414419762417802,0.263119824546096,0.0004275,16.885,1027,0.00924627513540038,TRUE,""
ENSG00000104897,SF3A2,fbg,-0.0060733248320735,0.93983941493195,0.0019,10.1741,1084,0.00582221320110177,TRUE,""
ENSG00000104899,AMH,fbg,0.00219525901859144,0.93983941493195,0.0019,28.1473,1084,0.00582558221579749,TRUE,""
ENSG00000104946,TBC1D17,fbg,-0.00482402730553337,0.925307750889347,0.006314,9.8205,1127,0.00379327598974438,TRUE,""
ENSG00000104951,IL4I1,fbg,0.139410973291079,0.0737955658801399,0.006314,6.9035,1122,0.0185573277588861,TRUE,""
ENSG00000104953,TLE6,fbg,0.0413175754116332,0.589197032431396,0.0019,8.7814,1140,0.00665344274196935,TRUE,""
ENSG00000104969,SGTA,fbg,0.0272942950446998,0.679827587935345,0.0019,14.269,1143,0.00757948167452031,TRUE,""
ENSG00000104973,MED25,fbg,-0.0381218861214188,0.423710797166793,0.006604,8.7715,1087,0.00569240809804733,TRUE,""
ENSG00000104974,LILRA1,fbg,0.00771178324404592,0.716129568855565,0.001442,43.7858,1351,0.00566621070220451,TRUE,""
ENSG00000104979,C19orf53,fbg,-0.0217864048528744,0.0901808600977078,0.0004275,46.393,1003,0.0170029240687162,TRUE,""
ENSG00000104998,IL27RA,fbg,-0.0196777447764794,0.731271726551487,0.0004275,18.5258,1183,0.0120369449863699,TRUE,""
ENSG00000105058,FAM32A,fbg,-0.0126570526235166,0.828819213786263,0.0002825,10.2491,1520,0.0055071089965961,TRUE,""
ENSG00000105135,ILVBL,fbg,0.00274813883280467,0.932176815837669,0.0002825,25.8208,1627,0.00551520565402927,TRUE,""
ENSG00000105146,AURKC,fbg,0.0617284549190291,0.245169601113509,0.001451,12.2817,1672,0.0144148028814611,TRUE,""
ENSG00000105173,CCNE1,fbg,0.0189166538873668,0.659085245942245,0.0006328,14.0668,2072,0.00434071845348905,TRUE,""
ENSG00000105204,DYRK1B,fbg,0.0424897810437853,0.272740113942454,0.0004863,14.2432,1248,0.0077083958617413,TRUE,""
ENSG00000105205,CLC,fbg,0.184198560654761,0.059333466754994,0.0004863,6.3779,1220,0.0316660842150598,TRUE,""
ENSG00000105223,PLD3,fbg,-0.0237451531428978,0.363302140886898,0.0004863,22.4888,1272,0.00583303244187901,TRUE,""
ENSG00000105251,SHD,fbg,-0.010735619580853,0.636768179585685,0.005244,24.3099,1070,0.00453170188922267,TRUE,""
ENSG00000105258,POLR2I,fbg,-0.0273678409823919,0.087325540556004,0.007285,18.5629,1213,0.0335393834067802,TRUE,""
ENSG00000105281,SLC1A5,fbg,-0.00924363127569628,0.768668006560809,8.685e-05,17.6467,1156,0.00388348284458171,TRUE,""
ENSG00000105287,PRKD2,fbg,-0.00408447012899088,0.812779285408195,8.685e-05,41.7346,1125,0.00542244410863321,TRUE,""
ENSG00000105289,TJP3,fbg,-0.0203863022373731,0.583426134426407,0.0019,14.8433,1116,0.00410723256577755,TRUE,""
ENSG00000105341,ATP5SL,fbg,-0.0101809200067387,0.639248343034235,0.005398,26.2247,1025,0.00426230314666088,TRUE,""
ENSG00000105364,MRPL4,fbg,0.086286706778835,0.0192617792731853,0.001457,20.7866,1051,0.0795595720311417,TRUE,""
ENSG00000105373,GLTSCR2,fbg,0.00323833186924001,0.832012471360641,0.005501,38.5452,1265,0.0055236655443023,TRUE,""
ENSG00000105376,ICAM5,fbg,0.00365513797315314,0.925885085858511,0.0007317,17.0262,1058,0.00513509725076296,TRUE,""
ENSG00000105383,CD33,fbg,0.0211199786926379,0.696925773891584,0.001116,31.1271,1985,0.0105459106818071,TRUE,""
ENSG00000105393,BABAM1,fbg,0.0286963860604952,0.110992040456491,0.001792,24.3869,1185,0.0129086608890283,TRUE,""
ENSG00000105426,PTPRS,fbg,-0.113015923033548,0.235448315465431,0.0002912,11.0034,1179,0.0130955192614524,TRUE,""
ENSG00000105438,KDELR1,fbg,-0.0298563849250911,0.645904258226149,0.005501,10.1009,1376,0.00469902994390936,TRUE,""
ENSG00000105443,CYTH2,fbg,-0.0421358771888502,0.29019574334338,0.005501,23.1112,1375,0.00922150387956558,TRUE,""
ENSG00000105447,GRWD1,fbg,0.0284260591307358,0.335228269007387,0.005501,33.0151,1366,0.0102704263959946,TRUE,""
ENSG00000105479,CCDC114,fbg,-0.0519058529473026,0.151031528231155,0.005501,19.204,1387,0.0139086492548922,TRUE,""
ENSG00000105483,CARD8,fbg,0.00266702381432656,0.698684565645401,0.005501,83.4167,1361,0.00450349590773305,TRUE,""
ENSG00000105492,SIGLEC6,fbg,-0.00782209353039554,0.821351959007176,0.001116,15.7782,2116,0.00363765411542864,TRUE,""
ENSG00000105497,ZNF175,fbg,0.0116389632997615,0.423710797166793,0.001116,42.993,2116,0.00912650197011656,TRUE,""
ENSG00000105501,SIGLEC5,fbg,-0.0204480866230463,0.347217560677249,0.001116,37.4938,2138,0.00882805390979627,TRUE,""
ENSG00000105509,HAS1,fbg,0.0115935650382404,0.662911145572604,0.001116,25.8906,2176,0.0049836634196944,TRUE,""
ENSG00000105556,MIER2,fbg,0.0403284749140045,0.453254704753736,0.008906,10.5731,598,0.00591627187894122,TRUE,""
ENSG00000105607,GCDH,fbg,0.0198115557116396,0.21129954733371,0.0004275,59.0929,985,0.00467174992208888,TRUE,""
ENSG00000105609,LILRB5,fbg,0.00326424642940436,0.974674585344451,0.001442,10.2273,1584,0.00682071814536793,TRUE,""
ENSG00000105610,KLF1,fbg,0.0729288858031902,0.482241043015876,0.0004275,6.2918,990,0.0096574286291676,TRUE,""
ENSG00000105612,DNASE2,fbg,0.00833199463334003,0.558301743578421,0.0004275,63,994,0.00862604482895019,TRUE,""
ENSG00000105619,TFPT,fbg,0.0237551864390114,0.139337967047261,0.001442,34.1866,1646,0.014846427126548,TRUE,""
ENSG00000105639,JAK3,fbg,-0.217829695395628,0.895128105034143,0.001792,5.9299,1161,0.0563521016201148,TRUE,""
ENSG00000105641,SLC5A5,fbg,0.122040236317134,0.462160389897216,0.001792,6.8759,1161,0.0101520083600916,TRUE,""
ENSG00000105643,ARRDC2,fbg,-0.0277974265582007,0.259233298673899,0.001792,26.6794,1107,0.00841135626539088,TRUE,""
ENSG00000105656,ELL,fbg,0.00420760193731501,0.684558919367902,0.0007539,55.1571,1043,0.00377982903731398,TRUE,""
ENSG00000105663,WBP7,fbg,0.0120916372192717,0.797634069055974,0.007285,13.2002,1214,0.00477887133781738,TRUE,""
ENSG00000105671,DDX49,fbg,-0.0271131557394629,0.538300749018723,0.0007539,10.5715,1015,0.00550241172632594,TRUE,""
ENSG00000105672,ETV2,fbg,-0.0273389011049584,0.628477445586286,0.007285,8.9305,1253,0.00420048713887969,TRUE,""
ENSG00000105676,ARMC6,fbg,-0.0472016903554817,0.423710797166793,0.0007539,12.0443,1063,0.0064876384257457,TRUE,""
ENSG00000105677,TMEM147,fbg,0.0187598732297619,0.416504786576218,0.007285,22.9405,1297,0.00549635780297734,TRUE,""
ENSG00000105695,MAG,fbg,0.00690097698904954,0.927564826606211,0.007285,9.9421,1325,0.00520011745948435,TRUE,""
ENSG00000105700,KXD1,fbg,-0.0143426160357432,0.747012853671547,0.0007539,10.151,1044,0.00444577234537956,TRUE,""
ENSG00000105708,ZNF14,fbg,0.136424028424798,0.0938017368564421,0.0007539,7.9656,973,0.0150617479079964,TRUE,""
ENSG00000105717,PBX4,fbg,0.0447816693477252,0.278660494899244,0.0007539,15.5009,948,0.00814510246027492,TRUE,""
ENSG00000105726,ATP13A1,fbg,0.074792728518947,0.00721904329110618,0.0007539,51.3747,943,0.154136259117113,TRUE,""
ENSG00000105732,ZNF574,fbg,-0.163215063026306,0.121377006613853,0.005398,8.2304,933,0.0183716041099004,TRUE,""
ENSG00000105755,ETHE1,fbg,-0.0192565708911197,0.681617864273084,0.0003202,13.5243,1428,0.00495252318493106,TRUE,""
ENSG00000105767,CADM4,fbg,0.0276201907411524,0.837927275162676,6.372e-05,11.3502,1477,0.0103701206621636,TRUE,""
ENSG00000105771,SMG9,fbg,-0.002207082161046,0.95910077028586,0.0003202,14.5217,1489,0.00480369019480689,TRUE,""
ENSG00000108107,RPL28,fbg,-0.0141798955477007,0.527662046790784,0.001617,68.3747,1590,0.00593336237639796,TRUE,""
ENSG00000115257,PCSK4,fbg,0.0477931855729995,0.0313836594445756,0.003687,29.3317,1010,0.0464626182914639,TRUE,""
ENSG00000117877,CD3EAP,fbg,0.0458443017673089,0.415671596774975,2.253e-05,12.363,1236,0.0103974950789991,TRUE,""
ENSG00000118046,STK11,fbg,-0.0176172142231259,0.504985075093846,0.008906,27.1023,1019,0.00664663467284673,TRUE,""
ENSG00000120784,ZFP30,fbg,0.000896479304170895,0.948559264755632,0.003283,39.7109,1149,0.00384876774616757,TRUE,""
ENSG00000121406,ZNF549,fbg,-0.156453412375932,0.195624786869267,0.001451,4.9454,1556,0.00783676439954522,TRUE,""
ENSG00000121413,ZSCAN18,fbg,0.0383682206902455,0.0811266536366262,0.001716,34.6133,1067,0.0232278942668909,TRUE,""
ENSG00000123143,PKN1,fbg,-0.0515801322375582,0.408426019516499,0.0002825,18.4735,1137,0.0119833401371511,TRUE,""
ENSG00000124466,LYPD3,fbg,-0.0674508032955677,0.223902567922775,6.372e-05,11.853,1379,0.00871018739910121,TRUE,""
ENSG00000125730,C3,fbg,0.0204514194377445,0.802587348634153,0.0002912,8.6764,1359,0.00506244525227295,TRUE,""
ENSG00000125731,SH2D3A,fbg,-0.0101678981245685,0.886403006367064,0.0002912,8.7529,1359,0.00391616317493021,TRUE,""
ENSG00000125733,TRIP10,fbg,-0.0472534679202758,0.156014309112822,0.0002912,22.4915,1356,0.0124762938163108,TRUE,""
ENSG00000125740,FOSB,fbg,0.0768355670854161,0.695241037678214,2.253e-05,7.3532,1226,0.0101331633482544,TRUE,""
ENSG00000125910,S1PR4,fbg,0.015113110638698,0.775096962195985,0.0019,10.2466,1138,0.00472914654018362,TRUE,""
ENSG00000126247,CAPNS1,fbg,0.0536955364795403,0.0694026726227179,0.007285,22.7213,1211,0.0206919941238046,TRUE,""
ENSG00000126251,GPR42,fbg,0.027618162261562,0.116083133738655,0.007285,13.6192,1305,0.0140166846076327,TRUE,""
ENSG00000126264,HCST,fbg,-1.5660125842075,0.00676220668864581,0.007285,8.7755,1149,0.431314135560781,TRUE,""
ENSG00000126267,COX6B1,fbg,0.0114287721159852,0.521506023912167,0.007285,45.5377,1242,0.0127205466110442,TRUE,""
ENSG00000126456,IRF3,fbg,-0.00973576099375258,0.635725114509718,0.006604,32.9096,1063,0.00494277965373696,TRUE,""
ENSG00000126458,RRAS,fbg,0.203495875493153,0.0833256871946906,0.006604,5.9191,1057,0.0152910562287628,TRUE,""
ENSG00000126460,PRRG2,fbg,0.0625050979974396,0.531971058097401,0.006604,9.8329,1068,0.00901437350942687,TRUE,""
ENSG00000126467,TSKS,fbg,0.00619798952807389,0.767003814165864,0.006604,38.7489,1035,0.00652588899897929,TRUE,""
ENSG00000126934,MAP2K2,fbg,0.00765654781904696,0.777476813801193,0.005244,22.9423,1099,0.00535805481988771,TRUE,""
ENSG00000127445,PIN1,fbg,-0.0792831009067289,0.256318702201653,0.001457,9.4295,1186,0.00832880113923719,TRUE,""
ENSG00000127533,F2RL3,fbg,-0.0024791922732536,0.95309266714744,0.002338,14.2916,1290,0.00394311425412815,TRUE,""
ENSG00000127903,ZNF835,fbg,-0.00832250317510652,0.813980460416918,0.001451,15.5666,1917,0.00412776684983111,TRUE,""
ENSG00000128011,LRFN1,fbg,-0.0443042804523249,0.458850651929467,0.0004863,12.7634,1271,0.00833233859288355,TRUE,""
ENSG00000128626,MRPS12,fbg,0.288150637829856,0.0145075422497356,0.0004863,6.1532,1349,0.0558333572852496,TRUE,""
ENSG00000129347,KRI1,fbg,-0.000646393046810014,0.979005461093967,0.0007317,23.0037,985,0.00923696069255417,TRUE,""
ENSG00000129437,KLK14,fbg,-0.0673666601961213,0.465555404903429,0.001116,7.0406,1866,0.00555261866954141,TRUE,""
ENSG00000129450,SIGLEC9,fbg,-0.0362968505591053,0.217740662761456,0.001116,18.6966,1910,0.0104762165300054,TRUE,""
ENSG00000129933,MAU2,fbg,-0.018812288083575,0.0645322342613889,0.0007539,90.2296,1014,0.257573520456612,TRUE,""
ENSG00000129968,FAM108A1,fbg,-0.181759533476279,0.0718606382258516,0.003687,4.947,1050,0.0167583510211803,TRUE,""
ENSG00000129990,SYT5,fbg,0.108565715820853,0.275312886521962,0.001617,9.434,1601,0.0105600954665673,TRUE,""
ENSG00000130005,GAMT,fbg,-0.0633832123135279,0.475050524053953,0.003687,22.311,1005,0.0182416816029541,TRUE,""
ENSG00000130165,ELOF1,fbg,0.0166162816581814,0.588048156696901,0.0007317,27.8522,1074,0.00662975661550986,TRUE,""
ENSG00000130175,PRKCSH,fbg,-0.0374931673766863,0.59590184601457,0.0007317,16.5825,1035,0.00905062913902561,TRUE,""
ENSG00000130255,RPL36,fbg,0.0671837433862697,0.638355017565112,0.0002912,11.2946,1207,0.0666485434500744,TRUE,""
ENSG00000130270,ATP8B3,fbg,0.0602103270468056,0.0701701422784365,0.003687,16.9433,1029,0.0200779849775591,TRUE,""
ENSG00000130300,PLVAP,fbg,0.0304959178106367,0.558301743578421,0.001792,12.9555,1191,0.00494218277144987,TRUE,""
ENSG00000130304,SLC27A1,fbg,0.0623157003974845,0.178478490745752,0.001792,21.0275,1194,0.0150867777153284,TRUE,""
ENSG00000130309,GLT25D1,fbg,-0.00989514571111636,0.462160389897216,0.001792,43.5287,1191,0.00394920340532812,TRUE,""
ENSG00000130382,MLLT1,fbg,-0.0980862617240865,0.194528913974972,0.0002912,8.7107,1373,0.00806815913554967,TRUE,""
ENSG00000130433,CACNG6,fbg,0.0260822845606551,0.617075077451974,0.001442,12.2842,1662,0.0252213789384983,TRUE,""
ENSG00000130513,GDF15,fbg,0.0210148674697358,0.494653079736033,0.0007539,20.7374,1052,0.00587766308795704,TRUE,""
ENSG00000130518,KIAA1683,fbg,0.00168232630278045,0.886403006367064,0.0007539,76.4147,1060,0.00686527894741206,TRUE,""
ENSG00000130545,CRB3,fbg,0.066262228285308,0.563052648351323,0.0002912,11.2908,1288,0.0107084737405539,TRUE,""
ENSG00000130724,CHMP2A,fbg,0.0927676818584417,0.236329736314398,0.007224,8.6342,676,0.0140476195293145,TRUE,""
ENSG00000130725,UBE2M,fbg,0.047498334533555,0.236329736314398,0.007224,10.1571,674,0.0109138640398799,TRUE,""
ENSG00000130733,YIPF2,fbg,-0.0162391356588926,0.778518657215875,0.0007317,7.8119,1055,0.00395441117960029,TRUE,""
ENSG00000130748,TMEM160,fbg,0.0479645106098611,0.353111234506006,0.005501,13.8098,1239,0.00839761771475872,TRUE,""
ENSG00000130803,ZNF317,fbg,-0.0106127291013208,0.552679335565412,0.001457,30.4441,1236,0.00449183543367778,TRUE,""
ENSG00000130811,EIF3G,fbg,0.0114764655364756,0.361892593456348,0.001457,32.2596,1020,0.00617511561043594,TRUE,""
ENSG00000130812,ANGPTL6,fbg,0.0230716772027421,0.361892593456348,0.001457,20.0756,1028,0.00616628787964498,TRUE,""
ENSG00000130844,ZNF331,fbg,0.0152754304339385,0.366406064176293,0.001442,32.4572,1731,0.00493398354024186,TRUE,""
ENSG00000130881,LRP3,fbg,-0.000449682802044693,0.97783938988704,0.0001999,39.5342,1617,0.00422760809444997,TRUE,""
ENSG00000131351,HAUS8,fbg,0.00189413392291494,0.909011306646051,0.001792,34.1985,1184,0.00354979507423524,TRUE,""
ENSG00000131398,KCNC3,fbg,-0.0169458792203632,0.753304047285912,0.001116,11.4842,1375,0.00420697801992618,TRUE,""
ENSG00000131845,ZNF304,fbg,-0.00993683639399467,0.775096962195985,0.001451,17.5571,1646,0.00435021561809293,TRUE,""
ENSG00000131849,ZNF132,fbg,0.00283514999571036,0.853848301985592,0.001716,61.5824,777,0.00390681525679114,TRUE,""
ENSG00000131943,C19orf12,fbg,-0.0014203208009971,0.892505031135259,0.0006328,65.5357,2123,0.0114198174845674,TRUE,""
ENSG00000131944,C19orf40,fbg,-0.0164783511949066,0.232039386701996,0.0001999,52.751,1695,0.00974469232855909,TRUE,""
ENSG00000133246,PRAM1,fbg,0.00495547509479689,0.8078169693465,0.002167,21.3661,1318,0.00444188845126953,TRUE,""
ENSG00000133247,SUV420H2,fbg,-0.0171440910193347,0.772666406770922,0.001617,12.3518,1572,0.00527962173881887,TRUE,""
ENSG00000141873,SLC39A3,fbg,0.0100525299238575,0.516565503095008,0.0019,44.8264,1135,0.00501886664436271,TRUE,""
ENSG00000142002,DPP9,fbg,0.0368967027515632,0.302191107206298,0.005244,25.911,1144,0.01195383890736,TRUE,""
ENSG00000142039,CCDC97,fbg,-0.0649521148675353,0.331753366775936,0.000827,9.0433,1066,0.00663691506689837,TRUE,""
ENSG00000142046,TMEM91,fbg,-0.019050610495887,0.182422439451736,0.000827,71.2008,1046,0.0094299109607335,TRUE,""
ENSG00000142230,SAE1,fbg,-0.0463045325288804,0.232039386701996,0.005501,18.3791,1314,0.00985892439934099,TRUE,""
ENSG00000142279,WTIP,fbg,-0.062458957321474,0.446734978558603,0.001175,8.7279,1569,0.00727148401238844,TRUE,""
ENSG00000142528,ZNF473,fbg,-0.00556429112011396,0.932176815837669,0.005356,12.7878,1223,0.00546456382096678,TRUE,""
ENSG00000142544,CTU1,fbg,0.0976478585991807,0.149534833950161,0.001116,8.8856,1888,0.00959513877013666,TRUE,""
ENSG00000142546,NOSIP,fbg,-0.0785416301946374,0.0921409896538883,0.006604,20.7849,1084,0.0265290711230841,TRUE,""
ENSG00000152433,ZNF547,fbg,0.0234048334925797,0.676922239021379,0.001451,11.4079,1633,0.00465541546141825,TRUE,""
ENSG00000152443,ZNF776,fbg,0.0403195690103768,0.232654673754248,0.001451,16.3345,1367,0.00752333713494384,TRUE,""
ENSG00000159871,LYPD5,fbg,-0.0375270513083663,0.317310507862914,6.372e-05,15.1688,1488,0.00563162523104134,TRUE,""
ENSG00000159882,ZNF230,fbg,0.0958506055433634,0.249249615183582,6.372e-05,9.8424,1514,0.00844785367933655,TRUE,""
ENSG00000159915,ZNF233,fbg,0.0920858272904446,0.75306025988077,6.372e-05,5.3479,1464,0.0192061848502815,TRUE,""
ENSG00000160007,ARHGAP35,fbg,-0.125296212453858,0.0776132094577024,0.003929,7.6753,1171,0.0188435938901646,TRUE,""
ENSG00000160014,CALM3,fbg,0.0585976125207853,0.272047035406008,2.253e-05,20.3125,1097,0.0111822680163867,TRUE,""
ENSG00000160111,CPAMD8,fbg,0.0144420000872183,0.504985075093846,0.001792,32.0434,1242,0.00556279334579926,TRUE,""
ENSG00000160117,ANKLE1,fbg,-0.0558395831322316,0.159306615961581,0.001792,22.0266,1188,0.0163661450621025,TRUE,""
ENSG00000160229,ZNF66P,fbg,-0.0199829970477873,0.18539535544347,0.001598,22.2951,1302,0.0105256593295161,TRUE,""
ENSG00000160318,CLDND2,fbg,0.0420681355135091,0.201327791983001,0.001116,17.9884,2001,0.0093050868636336,TRUE,""
ENSG00000160321,ZNF208,fbg,0.0206048956193573,0.247578913503389,0.001598,21.1899,1378,0.0079098535332271,TRUE,""
ENSG00000160352,ZNF714,fbg,0.0112514136829682,0.821979274262541,0.001598,12.7483,1355,0.00610538635249414,TRUE,""
ENSG00000160392,C19orf47,fbg,0.0822037371246932,0.333173268958951,0.0004863,12.9917,1280,0.0130809131245228,TRUE,""
ENSG00000160439,RDH13,fbg,0.00307684664326218,0.718016387438887,0.001617,62.9496,1582,0.00594029597500628,TRUE,""
ENSG00000160469,BRSK1,fbg,0.00295823683551891,0.927564826606211,0.001617,16.4759,1593,0.00380447904962341,TRUE,""
ENSG00000160505,NLRP4,fbg,0.0201595992606768,0.684558919367902,0.001812,11.1306,1683,0.00391527150089429,TRUE,""
ENSG00000161249,DMKN,fbg,0.166806032121334,0.515692221611729,0.007285,13.8724,1300,0.0273557675377052,TRUE,""
ENSG00000161277,THAP8,fbg,-0.0586177088050056,0.0524533879436808,0.007285,19.4344,1243,0.023096422253071,TRUE,""
ENSG00000161558,TMEM143,fbg,-0.00578447939685428,0.889537951249028,0.005501,15.386,1396,0.00430342083883297,TRUE,""
ENSG00000161640,SIGLEC11,fbg,0.00406391103112197,0.756923103409378,0.006314,51.739,1165,0.00508104182600411,TRUE,""
ENSG00000161671,EMC10,fbg,0.0063830770200202,0.879569359634668,0.001116,12.5231,1403,0.00382678594610028,TRUE,""
ENSG00000166359,WDR88,fbg,-0.0429436903865262,0.363302140886898,0.0001999,12.2584,1628,0.00584289146085904,TRUE,""
ENSG00000166398,KIAA0355,fbg,-0.0134546328875486,0.691175538942666,0.0001999,38.5159,1569,0.00892488556591156,TRUE,""
ENSG00000166770,AC004696.2,fbg,-0.00423163074487556,0.813980460416918,0.001451,17.1913,1850,0.0120546390182973,TRUE,""
ENSG00000167232,ZNF91,fbg,-0.0062319702888425,0.693037110067263,0.002244,42.8534,1188,0.00435118630357051,TRUE,""
ENSG00000167378,IRGQ,fbg,0.0678656675080348,0.41325337549364,0.0003202,6.4636,1459,0.0052002851116897,TRUE,""
ENSG00000167461,RAB8A,fbg,0.0055608863499431,0.744741090227158,0.0002825,45.6268,1537,0.00549784048914747,TRUE,""
ENSG00000167468,GPX4,fbg,-0.00482724125215236,0.727211527020247,0.008906,64.0595,955,0.00542540253474304,TRUE,""
ENSG00000167487,KLHL26,fbg,0.00695295154107905,0.900523550339774,0.0007539,9.007,1034,0.00372001107055648,TRUE,""
ENSG00000167491,GATAD2A,fbg,0.0179727033998809,0.0645322342613889,0.0007539,61.0781,996,0.0409863492892964,TRUE,""
ENSG00000167555,ZNF528,fbg,-0.001340330290785,0.958025455470674,0.002248,26.2554,2111,0.0043707512360399,TRUE,""
ENSG00000167634,NLRP7,fbg,0.210482290476354,0.408082498190645,0.001617,7.6556,1525,0.0168779184877589,TRUE,""
ENSG00000167674,HDGFRP2,fbg,-0.0575734435712746,0.288868967123965,0.005244,10.0612,1134,0.00646615000771352,TRUE,""
ENSG00000167680,SEMA6B,fbg,0.112649760696666,0.759694222703075,0.005244,6.8908,1141,0.0193645909874618,TRUE,""
ENSG00000167748,KLK1,fbg,0.0366378336588133,0.439176301110456,0.001116,19.9193,1728,0.00813616699360054,TRUE,""
ENSG00000167766,ZNF83,fbg,-0.0262175622745129,0.0690363479944153,0.001643,93.1743,2109,0.0702736260049877,TRUE,""
ENSG00000167769,ACER1,fbg,0.02324489298279,0.723213982794208,0.0002912,10.1116,1367,0.00559499174707741,TRUE,""
ENSG00000167815,PRDX2,fbg,0.0283815765095299,0.263119824546096,0.0004275,24.655,1030,0.00924498093164867,TRUE,""
ENSG00000168995,SIGLEC7,fbg,-0.0375645234266176,0.217740662761456,0.001116,20.6735,1915,0.0104707086131362,TRUE,""
ENSG00000170604,IRF2BP1,fbg,-0.0545686404221683,0.729227098416628,2.253e-05,5.8206,1145,0.0054023377343534,TRUE,""
ENSG00000170954,ZNF415,fbg,0.00259619030950089,0.886403006367064,0.001442,47.9934,1825,0.005449061684687,TRUE,""
ENSG00000171049,FPR2,fbg,-0.0158090313565904,0.22463863892378,0.001116,98.9065,2189,0.00546315328951336,TRUE,""
ENSG00000171051,FPR1,fbg,-0.0186197033818383,0.22463863892378,0.001116,59.6469,2190,0.00412951777925046,TRUE,""
ENSG00000171236,LRG1,fbg,-0.472879734989803,0.0455002638963584,0.005244,5.7966,1150,0.0612190981312743,TRUE,""
ENSG00000171443,ZNF524,fbg,0.212127002560228,0.0235648326141071,0.001617,9.9444,1641,0.0625837254993429,TRUE,""
ENSG00000171574,ZNF584,fbg,0.00672561021688204,0.766239544861786,0.001716,29.1126,791,0.00473032922727555,TRUE,""
ENSG00000171649,ZIK1,fbg,0.0152322955681973,0.536808016981021,0.001451,22.4889,1534,0.00489986087411967,TRUE,""
ENSG00000171817,ZNF540,fbg,-0.084258360748858,0.317310507862914,0.003283,8.4502,1141,0.0113826390458866,TRUE,""
ENSG00000172009,THOP1,fbg,0.0158853646714847,0.541126024471668,0.0019,23.5502,1139,0.0048283563813334,TRUE,""
ENSG00000172687,ZNF738,fbg,-0.0127728195264547,0.235030456586428,0.001598,23.8247,1358,0.00824260667554518,TRUE,""
ENSG00000173875,ZNF791,fbg,-0.0403815924094153,0.332197561388374,0.0004275,14.0787,1052,0.00624130812317857,TRUE,""
ENSG00000174837,EMR1,fbg,-0.000528705995928736,0.954431397113681,0.000867,69.7126,1408,0.00404405173482463,TRUE,""
ENSG00000175221,MED16,fbg,-0.00613701819104946,0.648014841940182,0.008906,62.2139,843,0.00384041951102042,TRUE,""
ENSG00000175489,LRRC25,fbg,0.00658485612353315,0.597653582632867,0.0007539,52.5481,1050,0.00464128165410562,TRUE,""
ENSG00000176222,ZNF404,fbg,0.0128377455685962,0.583426134426407,0.0003202,21.5543,1506,0.00432706228720005,TRUE,""
ENSG00000176293,ZNF135,fbg,0.00296300951981942,0.906347316282193,0.001716,16.1225,1100,0.00417117357404482,TRUE,""
ENSG00000176401,EID2B,fbg,-0.0430414424800183,0.751496544187975,0.0004863,15.6766,1267,0.0144491691317083,TRUE,""
ENSG00000176472,ZNF575,fbg,-0.00482649458871659,0.821979274262541,6.372e-05,30.3518,1433,0.00478956177866693,TRUE,""
ENSG00000176533,GNG7,fbg,-0.0428406362784779,0.123560353423624,0.0019,29.4147,1119,0.0181387547969443,TRUE,""
ENSG00000176593,CTD-2368P22.1,fbg,-0.0247622152292466,0.0682232466455102,0.001716,32.8954,1169,0.0181814836512223,TRUE,""
ENSG00000177191,B3GNT8,fbg,-0.0242881988740876,0.676922239021379,0.005398,10.9342,1025,0.00467305470543434,TRUE,""
ENSG00000177599,ZNF491,fbg,-0.117221735332473,0.147950562490078,0.0007317,10.2908,991,0.0166060018459887,TRUE,""
ENSG00000178935,ZNF552,fbg,-0.0106577255529192,0.746294336814333,0.001451,18.3702,1333,0.00428413192331989,TRUE,""
ENSG00000179115,FARSA,fbg,0.0290145714991356,0.359317338329571,0.0004275,20.245,984,0.00769511258378952,TRUE,""
ENSG00000179134,SAMD4B,fbg,0.0512928630256257,0.524539436435313,0.0004863,16.9158,1283,0.0108490376391496,TRUE,""
ENSG00000179262,RAD23A,fbg,0.0146398744354582,0.813467545487738,0.0004275,25.5322,976,0.0106590206961947,TRUE,""
ENSG00000179943,FIZ1,fbg,-0.206164301207328,0.0182202706208643,0.001617,7.3134,1640,0.0627999956970178,TRUE,""
ENSG00000180089,TMEM86B,fbg,-0.0135047087887337,0.504985075093846,0.001617,21.5768,1572,0.00588360506555294,TRUE,""
ENSG00000180846,CSNK1G2-AS1,fbg,0.0143959941707768,0.836882810464227,0.0019,6.1692,1082,0.00391850358122984,TRUE,""
ENSG00000180884,ZNF792,fbg,-0.0168701307824775,0.383771766671715,0.007285,25.9176,1414,0.00535481987733103,TRUE,""
ENSG00000181007,ZFP82,fbg,0.00127892290474648,0.913909936512377,0.007285,61.7279,1073,0.00638035076727828,TRUE,""
ENSG00000181240,SLC25A41,fbg,0.014888475434506,0.531971058097401,0.0002912,26.9335,1285,0.0053585186678925,TRUE,""
ENSG00000181896,ZNF101,fbg,0.0617183512943108,0.150143612446819,0.0007539,16.9851,944,0.0133317455180724,TRUE,""
ENSG00000182310,LINC00085,fbg,0.0177524223803615,0.662911145572604,0.001116,15.2847,2177,0.00493909152156392,TRUE,""
ENSG00000182393,IFNL1,fbg,-0.00180857027214668,0.956500594977862,0.0004863,25.7617,1274,0.00647950767400416,TRUE,""
ENSG00000182472,CAPN12,fbg,0.012974097780045,0.542726189445172,0.003209,71.3513,1307,0.00735856954620711,TRUE,""
ENSG00000182986,ZNF320,fbg,-0.0199895930486886,0.251357310325029,0.001442,34.4292,1921,0.00729026718295852,TRUE,""
ENSG00000183207,RUVBL2,fbg,0.0228089692208407,0.799614415360277,0.006604,17.2782,1271,0.0110256516790973,TRUE,""
ENSG00000185361,TNFAIP8L1,fbg,0.0149437903631204,0.926827757309102,0.005244,9.2281,1136,0.0109751285304031,TRUE,""
ENSG00000185761,ADAMTSL5,fbg,0.614573171611987,0.243345009148762,0.003687,11.5658,1019,0.0714516730062348,TRUE,""
ENSG00000186010,NDUFA13,fbg,-0.00501708386728277,0.905237629455841,0.0007539,15.04,953,0.00488481100002347,TRUE,""
ENSG00000186111,PIP5K1C,fbg,0.0130830443572021,0.685652533544968,0.0019,20.0776,1112,0.00507122503967389,TRUE,""
ENSG00000186204,CYP4F12,fbg,-0.00741155199018949,0.637934810590957,0.0002825,38.7402,1663,0.00391975963438581,TRUE,""
ENSG00000186272,ZNF17,fbg,0.00897642176366121,0.892505031135259,0.001451,9.8956,1627,0.00445807081143877,TRUE,""
ENSG00000186529,CYP4F3,fbg,-0.00487659075052066,0.841480581121794,0.0002825,36.3757,1666,0.00594547514531566,TRUE,""
ENSG00000186567,CEACAM19,fbg,-0.00669474951105762,0.87583596638341,6.372e-05,13.294,1418,0.00361954120538907,TRUE,""
ENSG00000186806,VSIG10L,fbg,-0.02474038930373,0.617075077451974,0.001116,15.4622,1988,0.0133223210104117,TRUE,""
ENSG00000186818,LILRB4,fbg,0.000926432081893976,0.974266251454282,0.001442,38.2897,1342,0.00672693811873425,TRUE,""
ENSG00000187116,LILRA5,fbg,0.0137762296176556,0.605764292132078,0.001442,33.0146,1536,0.00763231092417069,TRUE,""
ENSG00000187135,VSTM2B,fbg,0.00304344468028648,0.974266251454282,0.0006328,4.6106,2117,0.00316050760634921,TRUE,""
ENSG00000187244,BCAM,fbg,-0.0149037713957633,0.886403006367064,2.253e-05,8.3603,1367,0.00502769012954626,TRUE,""
ENSG00000187912,CLEC17A,fbg,0.0602921251776214,0.241426553382044,0.0002825,12.1044,1116,0.00794088837874052,TRUE,""
ENSG00000188227,ZNF793,fbg,0.0367911063984683,0.187814099110261,0.003283,26.0375,1150,0.0118503019247379,TRUE,""
ENSG00000188493,C19orf54,fbg,0.055514260615543,0.317310507862914,0.0004863,43.4848,1242,0.00581553917466193,TRUE,""
ENSG00000189042,ZNF567,fbg,0.0346258269998466,0.485821758188089,0.007285,10.4047,1009,0.00518099727346434,TRUE,""
ENSG00000189430,NCR1,fbg,-0.00540622627182992,0.94021471189421,0.001617,9.8775,1475,0.00447579090862145,TRUE,""
ENSG00000196218,RYR1,fbg,-0.0136691513623597,0.682472947499482,0.003283,23.286,1186,0.00568382010199671,TRUE,""
ENSG00000196263,ZNF471,fbg,0.0269304401417106,0.277605418363564,0.001451,25.1007,1867,0.00734231415741219,TRUE,""
ENSG00000196268,ZNF493,fbg,0.0292983627470159,0.106227429780004,0.001598,50.4771,1375,0.00777892378217509,TRUE,""
ENSG00000196605,ZNF846,fbg,0.0518166297315627,0.304742757088453,0.001457,11.5161,1204,0.00795921721682711,TRUE,""
ENSG00000196705,ZNF431,fbg,0.0327022867104602,0.159649901642811,0.001598,24.4937,1361,0.0107320826540668,TRUE,""
ENSG00000197013,ZNF429,fbg,0.0106073248966205,0.259233298673899,0.001598,64.8374,1448,0.00750115013635865,TRUE,""
ENSG00000197128,ZNF772,fbg,-0.0174135458315957,0.112233142968296,0.001451,50.4826,1625,0.0141626408173455,TRUE,""
ENSG00000197134,ZNF257,fbg,0.0295494255597898,0.239406878796789,0.001598,22.0805,1403,0.0081290542047459,TRUE,""
ENSG00000197372,ZNF675,fbg,-0.0083815017050199,0.879569359634668,0.002244,10.5269,958,0.00422620329081589,TRUE,""
ENSG00000197380,DACT3,fbg,0.0899707033766915,0.600411028614905,2.253e-05,8.385,1106,0.00594178195617978,TRUE,""
ENSG00000197841,ZNF181,fbg,0.00539380113674977,0.693625785030416,0.008024,39.3248,1507,0.0042653739230727,TRUE,""
ENSG00000197863,ZNF790,fbg,0.0842636276147465,0.059333466754994,0.007285,12.7252,1015,0.0222604923190012,TRUE,""
ENSG00000197937,ZNF347,fbg,-0.00918190680157462,0.808451451773901,0.001442,15.4801,1825,0.00375029852634259,TRUE,""
ENSG00000197951,ZNF71,fbg,-0.00850674953591698,0.813980460416918,0.001451,16.6379,1871,0.00413365220630002,TRUE,""
ENSG00000198046,ZNF667,fbg,-0.00824179176102761,0.813980460416918,0.001451,17.1618,1832,0.00465713708496022,TRUE,""
ENSG00000198131,ZNF544,fbg,0.0243532072846387,0.0607927235305228,0.001716,46.9652,940,0.0148677808823945,TRUE,""
ENSG00000198346,ZNF813,fbg,-0.0252662781808182,0.449195604488527,0.001442,10.6202,1709,0.00533089294373793,TRUE,""
ENSG00000198429,ZNF69,fbg,0.218063901723477,0.317310507862914,0.0007317,8.3319,1024,0.0250557940539988,TRUE,""
ENSG00000198440,ZNF583,fbg,-0.0272148951439258,0.617075077451974,0.001451,10.1102,1810,0.00604640875020888,TRUE,""
ENSG00000198538,ZNF28,fbg,0.149339893441539,0.221623602459394,0.001442,12.6939,2019,0.0136358432788723,TRUE,""
ENSG00000198551,ZNF627,fbg,0.0078433852571513,0.853848301985592,0.0007317,15.8028,1053,0.0046268858449001,TRUE,""
ENSG00000204514,ZNF814,fbg,-0.00184458458758454,0.950164661941506,0.001451,17.5435,1302,0.00398520053901505,TRUE,""
ENSG00000204604,ZNF468,fbg,0.00364730711792994,0.87583596638341,0.001442,24.3167,1971,0.00362174251550127,TRUE,""
ENSG00000204611,ZNF616,fbg,0.0346429025977855,0.545004156790744,0.001116,11.7562,2087,0.0052317026348621,TRUE,""
ENSG00000205786,AC002511.1,fbg,-0.00578760769666563,0.889537951249028,0.007285,11.0716,1305,0.00430301700233352,TRUE,""
ENSG00000213638,ADAT3,fbg,0.0573243075241442,0.307123411639191,0.0019,11.4786,1066,0.0085580795861532,TRUE,""
ENSG00000213753,RPL23AP79,fbg,0.0452083369881922,0.69900299643425,0.007224,19.2592,660,0.0232729062608555,TRUE,""
ENSG00000213762,ZNF134,fbg,-0.00563814863700458,0.950164661941506,0.001451,5.7412,1485,0.0070906968031943,TRUE,""
ENSG00000213889,PPM1N,fbg,0.00395841939055382,0.836882810464227,2.253e-05,21.112,1196,0.00339901063876596,TRUE,""
ENSG00000213967,ZNF726,fbg,-0.0701292563570795,0.544144693769952,0.002244,7.4033,739,0.00979226521956456,TRUE,""
ENSG00000213971,RP11-15H20.6,fbg,-0.127653317231138,0.0864762654936656,0.002244,6.1745,1207,0.0176898823961732,TRUE,""
ENSG00000214046,SMIM7,fbg,0.0208315668977315,0.734622498505584,0.002338,15.3538,1490,0.00776254606773065,TRUE,""
ENSG00000220008,LINGO3,fbg,0.127180998086063,0.148613996455212,0.0019,7.3472,1106,0.0192388808602513,TRUE,""
ENSG00000221535,AC027319.1,fbg,-0.00463452521676252,0.813980460416918,0.0003172,11.3705,1108,0.00449401118428621,TRUE,""
ENSG00000221916,C19orf73,fbg,-0.0743260156661226,0.328970081907491,0.006604,8.9329,1143,0.00793148491279469,TRUE,""
ENSG00000221946,FXYD7,fbg,-0.021907961944147,0.716129568855565,0.007285,32.4996,1368,0.0136329390771725,TRUE,""
ENSG00000223573,TINCR,fbg,-0.0644025122432131,0.515692221611729,0.0002912,7.956,1152,0.00785662004066914,TRUE,""
ENSG00000224420,ADM5,fbg,-0.0942573510693939,0.155301459227123,0.006604,9.1055,1063,0.0119617949669665,TRUE,""
ENSG00000225370,AC011515.2,fbg,0.00149338709024973,0.974266251454282,0.001442,9.1471,1318,0.00674507937438573,TRUE,""
ENSG00000226686,AC012309.5,fbg,-0.0110120878086908,0.200105868954852,0.02977,24.525,1093,0.00902884901631409,TRUE,""
ENSG00000226763,SRRM5,fbg,0.0804566627214377,0.214080075786953,0.0003202,7.375,1462,0.00829827558259639,TRUE,""
ENSG00000227500,SCAMP4,fbg,0.0300528074210958,0.307123411639191,0.0019,15.3022,1066,0.00855965385420076,TRUE,""
ENSG00000230666,CEACAM22P,fbg,-0.00383932171462597,0.886403006367064,0.0001189,28.9786,1445,0.0055362941889497,TRUE,""
ENSG00000232677,LINC00665,fbg,-0.00365634009163046,0.870484201959357,0.007285,29.4807,1089,0.0111986261077137,TRUE,""
ENSG00000232680,AC002511.3,fbg,-0.0045257643653665,0.889537951249028,0.007285,8.1948,1303,0.00428205296303749,TRUE,""
ENSG00000233214,AC002511.2,fbg,-0.00236372137238728,0.889537951249028,0.007285,15.6904,1310,0.00429142397577171,TRUE,""
ENSG00000235081,AC010492.2,fbg,0.0112239359227248,0.520316800507367,0.001442,15.3731,1593,0.00564483813731635,TRUE,""
ENSG00000238150,AC008753.3,fbg,0.207928707999409,0.156580407089635,0.001442,4.6105,1711,0.0135982882244995,TRUE,""
ENSG00000239998,LILRA2,fbg,-0.00719910398600608,0.57377540363273,0.001442,50.8398,1357,0.00590862789058029,TRUE,""
ENSG00000240225,ZNF542,fbg,-0.0161723126186289,0.702199590874297,0.001451,13.1125,1813,0.00955069168446192,TRUE,""
ENSG00000241015,TPM3P9,fbg,0.00392488750010507,0.617075077451974,0.001442,52.579,1763,0.00439391242919845,TRUE,""
ENSG00000244071,RPL9P33,fbg,-0.00451658860127148,0.867632334778193,0.001116,12.5171,2132,0.00556012054944188,TRUE,""
ENSG00000245848,CEBPA,fbg,-0.0293517941277068,0.587228165762067,0.0001999,11.501,1623,0.00469811292242244,TRUE,""
ENSG00000248099,INSL3,fbg,0.102759387593611,0.25707429868483,0.001792,24.1954,1166,0.0309147312166393,TRUE,""
ENSG00000249471,ZNF324B,fbg,0.0306756079527033,0.659085245942245,0.001716,7.9762,758,0.0045084784877966,TRUE,""
ENSG00000249709,ZNF564,fbg,-0.0433226043009101,0.419982497240339,0.003793,6.0699,1052,0.00535612459248088,TRUE,""
ENSG00000250731,TPM3P6,fbg,0.0243436074917091,0.471524995558502,0.001442,21.254,1697,0.0138820989474999,TRUE,""
ENSG00000251369,ZNF550,fbg,-0.0093962222882359,0.608076879465923,0.001451,38.8434,1555,0.00529877903126026,TRUE,""
ENSG00000254004,ZNF260,fbg,-0.0447429548362341,0.188750072903293,0.007285,18.2654,1020,0.0129715843869894,TRUE,""
ENSG00000254521,SIGLEC12,fbg,0.0115232495526059,0.465555404903429,0.001116,38.1282,2095,0.00948959936031848,TRUE,""
ENSG00000254760,CTD-2616J11.3,fbg,0.0803642769957941,0.232304160207264,0.001116,6.0156,2029,0.00882065489823645,TRUE,""
ENSG00000254858,MPV17L2,fbg,-0.0695551159865243,0.0423257463933923,0.001792,17.1231,1077,0.0289676015427901,TRUE,""
ENSG00000256060,TRAPPC2P1,fbg,-0.0159922569720366,0.379917247034355,0.001451,34.6024,1642,0.00716399071580246,TRUE,""
ENSG00000256087,ZNF432,fbg,0.0509498485966947,0.643067191064241,0.001116,6.6379,2061,0.0055133338437182,TRUE,""
ENSG00000256294,ZNF225,fbg,0.182050494976295,0.692842887972583,6.372e-05,7.6839,1503,0.0129079325230861,TRUE,""
ENSG00000256771,ZNF253,fbg,-0.0529561777984127,0.179561867612366,0.0007539,15.5754,1055,0.0108774852276929,TRUE,""
ENSG00000257704,PRR24,fbg,-0.00120962292163733,0.966414784500238,0.005501,58.4596,1345,0.0111657719329141,TRUE,""
ENSG00000259242,AC002306.1,fbg,-0.00983095408773914,0.65672128656377,0.0007539,10.0735,939,0.00464240594930304,TRUE,""
ENSG00000261754,CTC-523E23.1,fbg,-0.00748832642563619,0.448704997513635,0.008024,24.7637,1506,0.0052226260182068,TRUE,""
ENSG00000261770,CTC-459F4.1,fbg,0.00753245864862926,0.23820423879927,0.000421,45.9717,1368,0.0091331877238729,TRUE,""
ENSG00000261824,LINC00662,fbg,-0.0213742578156844,0.228153812895039,0.000421,22.7839,1335,0.00938608791375309,TRUE,""
ENSG00000262874,CTD-2616J11.4,fbg,-0.0184961576487532,0.377585975474249,0.001116,31.6469,2020,0.00829860053409503,TRUE,""
ENSG00000264133,AC006953.1,fbg,-0.0495013909226282,0.177015982874804,0.0003202,6.752,1436,0.0115323111714529,TRUE,""
ENSG00000266904,LINC00663,fbg,0.0295799449375063,0.43881634294658,0.0007539,11.4824,990,0.00470621365728692,TRUE,""
ENSG00000266913,CTC-548K16.2,fbg,-0.0378697163221561,0.193600969171221,0.0004275,12.7223,1176,0.0134036316914181,TRUE,""
ENSG00000267058,RP11-15A1.3,fbg,0.00645820582062545,0.698684565645401,0.0003202,13.7813,1499,0.00438343309039847,TRUE,""
ENSG00000267152,CTD-2528L19.6,fbg,0.0552361101830475,0.188244713282316,0.003283,6.7144,1165,0.0114990247723346,TRUE,""
ENSG00000267169,CTB-55O6.12,fbg,-0.00491768499061838,0.743726066434849,0.0004275,25.6418,1233,0.00828878222285749,TRUE,""
ENSG00000267216,AC010642.1,fbg,0.027702328854322,0.467645201991877,0.001716,22.1818,898,0.0130939648619565,TRUE,""
ENSG00000267260,CTD-2162K18.4,fbg,0.0415065455339742,0.203114836343132,0.007285,13.1635,994,0.00942560718149418,TRUE,""
ENSG00000267265,CTC-550B14.7,fbg,-0.00293399367292202,0.693037110067263,0.001617,39.4361,1555,0.0045040532847653,TRUE,""
ENSG00000267385,CTB-50L17.14,fbg,0.0254203745164656,0.765315881209824,0.005244,11.7453,1151,0.00793580315001654,TRUE,""
ENSG00000267387,CTD-2240E14.4,fbg,0.164566412398572,0.0328973916454907,0.007229,6.8009,1021,0.0690490470618089,TRUE,""
ENSG00000267575,CTC-459F4.3,fbg,-0.0196465482336724,0.248563248217182,0.000421,31.2816,1647,0.00901367739190347,TRUE,""
ENSG00000267680,ZNF224,fbg,0.0582723947508581,0.0643135495912275,0.0003202,20.5649,1496,0.0252481467492429,TRUE,""
ENSG00000267736,HMGB2P1,fbg,-0.0198333174228752,0.504985075093846,0.008906,9.6656,1001,0.00660943194717325,TRUE,""
ENSG00000267767,CTC-523E23.4,fbg,-0.0109916412082093,0.41325337549364,0.008024,18.2073,1507,0.0054751817012908,TRUE,""
ENSG00000267839,AC020956.3,fbg,-0.016295158370296,0.261883181151682,0.005398,18.227,937,0.00912112689580094,TRUE,""
ENSG00000267855,NDUFA7,fbg,-0.0399148751142884,0.467058901715173,0.002167,28.2509,1335,0.0162127792025068,TRUE,""
ENSG00000267861,AC018755.15,fbg,0.0300678243622037,0.317310507862914,0.001116,9.6393,2103,0.0082632596040816,TRUE,""
ENSG00000267871,CTC-444N24.6,fbg,0.00514829059187518,0.719614271159806,0.001451,20.1709,1661,0.00494742203951196,TRUE,""
ENSG00000267892,CTD-2540F13.2,fbg,0.0185875401385825,0.276491247419954,0.003209,14.7612,1283,0.00736335793471988,TRUE,""
ENSG00000267895,SIGLEC19P,fbg,-0.0502378938566194,0.217740662761456,0.001116,6.9884,1909,0.0104806321796631,TRUE,""
ENSG00000267938,AC007292.1,fbg,-0.0226419155714064,0.544474508963011,0.005244,5.4673,1060,0.00438769573355167,TRUE,""
ENSG00000267990,CTD-3187F8.15,fbg,-0.0406747829145662,0.0813585718041446,0.001116,11.1241,1908,0.0180847972707275,TRUE,""
ENSG00000268049,CTD-2619J13.9,fbg,0.0006479678148978,0.990149823544462,0.001716,11.4474,817,0.0103158369857147,TRUE,""
ENSG00000268061,NAPA-AS1,fbg,0.022663281690757,0.682472947499482,0.005501,5.887,1263,0.00580905503921808,TRUE,""
ENSG00000268087,CTC-429P9.2,fbg,-0.0168271788638696,0.485106398952385,0.002338,15.5387,1508,0.00798973646905141,TRUE,""
ENSG00000268088,AC093063.2,fbg,0.000602385133837228,0.986002743281724,0.0004863,10.275,1197,0.00669006414568814,TRUE,""
ENSG00000268144,CTD-2616J11.12,fbg,0.0340065434628479,0.232304160207264,0.001116,7.8264,1999,0.00856002094065645,TRUE,""
ENSG00000268225,CTD-2331H12.5,fbg,-0.0217442153798301,0.251357310325028,0.001442,12.514,1949,0.00731118129397511,TRUE,""
ENSG00000268336,SIGLEC20P,fbg,-0.29431317712566,0.0690363479944153,0.001116,4.8833,1934,0.0415267641748426,TRUE,""
ENSG00000268339,AC008537.1,fbg,0.0178301742354429,0.363302140886898,0.0004863,10.4141,1171,0.00589026173081136,TRUE,""
ENSG00000268362,CTD-2017D11.1,fbg,0.000742125882841404,0.906347316282193,0.002244,70.6962,668,0.00889792384443661,TRUE,""
ENSG00000268379,CTC-360J11.4,fbg,-0.0253848312540347,0.0412690871378155,0.001451,24.3827,1670,0.0443927853865892,TRUE,""
ENSG00000268516,CTD-3138B18.5,fbg,0.00959739742193665,0.364803543676989,0.001716,22.4051,924,0.00589597779358146,TRUE,""
ENSG00000268555,RP11-678G14.3,fbg,0.00751500268545012,0.259233298673899,0.001598,70.6212,1473,0.0075014524719505,TRUE,""
ENSG00000268613,CTD-2620I22.7,fbg,0.0261771991636122,0.742817152223402,0.001442,5.3485,1805,0.00575116088057933,TRUE,""
ENSG00000268618,AC092316.1,fbg,0.154683619497233,0.289680155734686,0.002167,7.4991,1322,0.0324424314159694,TRUE,""
ENSG00000268756,AC104534.2,fbg,0.00164574095092864,0.961094232136074,0.0007425,8.2923,1322,0.00499174422981905,TRUE,""
ENSG00000268785,RPL7P50,fbg,-0.0135320517616602,0.25707429868483,0.0002912,24.3053,1322,0.00943514110311483,TRUE,""
ENSG00000268889,CTD-2616J11.14,fbg,0.0461487050488336,0.232304160207264,0.001116,5.7672,2000,0.00895638413797034,TRUE,""
ENSG00000268912,CTD-2619J13.17,fbg,0.00168523626223776,0.796357116257739,0.001716,35.1991,779,0.00394228676933573,TRUE,""
ENSG00000268913,AC026806.2,fbg,0.110292461226024,0.0124193306515523,0.003283,7.3378,1166,0.107440121971851,TRUE,""
ENSG00000268970,CTD-3099C6.11,fbg,-0.0254658408785108,0.206532441214479,0.002248,13.3201,2085,0.00954933658403416,TRUE,""
ENSG00000268995,VN1R82P,fbg,0.0459247830655956,0.247578913503389,0.001598,5.9728,1362,0.00817099152425265,TRUE,""
ENSG00000269001,ZNF818P,fbg,0.0354516336249132,0.317310507862914,0.001442,16.4013,1812,0.00852945686615964,TRUE,""
ENSG00000269051,CTD-2245F17.3,fbg,0.0139495541444687,0.317310507862914,0.001442,22.3188,1808,0.00851005037830768,TRUE,""
ENSG00000269072,CTD-3187F8.14,fbg,-0.00273929137825487,0.958570086019368,0.001116,10.3192,1923,0.00872022657520565,TRUE,""
ENSG00000269086,CTC-523E23.5,fbg,0.0386002669029979,0.41325337549364,0.008024,10.2923,1483,0.00921838269033758,TRUE,""
ENSG00000269194,AC006942.4,fbg,0.0228715363379444,0.530363658980337,0.006604,10.2928,1052,0.00717997566183789,TRUE,""
ENSG00000269271,CTB-83J4.2,fbg,-0.00021675043727532,0.984657011841237,0.001442,34.2216,1341,0.00565966904377205,TRUE,""
ENSG00000269399,CTD-3222D19.7,fbg,0.00610945029350532,0.900523550339774,0.002338,4.856,1575,0.00405194362136925,TRUE,""
ENSG00000269404,SPIB,fbg,-0.00546300952137713,0.777162373552056,0.001116,40.987,1398,0.00626831649736474,TRUE,""
ENSG00000269553,U62631.5,fbg,-0.092805632473704,0.114813225892495,0.007285,6.5539,1313,0.0206979842617615,TRUE,""
ENSG00000269560,CTD-2192J16.21,fbg,-0.00819077047200818,0.185659381979118,0.003793,36.1895,1036,0.0096762647951665,TRUE,""
ENSG00000269564,AC008753.4,fbg,-0.0924430503311258,0.300910532935171,0.001442,7.7021,1729,0.00997407083684617,TRUE,""
ENSG00000269680,CTD-3128G10.6,fbg,0.0594955821043688,0.206983058311127,0.0002912,6.2045,1348,0.0102285447226065,TRUE,""
ENSG00000269681,CTD-3187F8.6,fbg,-0.00252960245471763,0.958570086019368,0.001116,11.1746,1906,0.00874495340787331,TRUE,""
ENSG00000269720,CTD-2521M24.5,fbg,-0.0444722631269916,0.74896833055336,0.001792,8.9889,1185,0.0175607944511301,TRUE,""
ENSG00000269825,CTD-3099C6.9,fbg,-0.00181145382089605,0.945640900275557,0.001643,11.9011,2106,0.00725665960857413,TRUE,""
ENSG00000269834,CTD-3018O17.3,fbg,0.0014442022927362,0.890829316006346,0.002248,35.9526,2113,0.0059016363793629,TRUE,""
ENSG00000269837,RP11-15H20.5,fbg,-0.0151170241689036,0.0864762654936656,0.002244,29.4298,1204,0.0181178294503095,TRUE,""
ENSG00000269843,CTC-490E21.10,fbg,0.0183046418121254,0.363302140886898,0.000827,11.5797,1188,0.00578187337805244,TRUE,""
ENSG00000000419,DPM1,fbg,-0.0293219973532257,0.659085245942245,0.0002977,8.9917,1958,0.00433506935731163,TRUE,""
ENSG00000019186,CYP24A1,fbg,0.00224257857959578,0.958025455470674,0.001378,15.5565,2465,0.00529639094319416,TRUE,""
ENSG00000026559,KCNG1,fbg,-0.0542673964749853,0.593802857207703,0.0002977,7.8455,1970,0.00724344309897465,TRUE,""
ENSG00000064787,BCAS1,fbg,0.0244308252905397,0.245523853695853,0.001378,17.6924,2525,0.0070510974231218,TRUE,""
ENSG00000078747,ITCH,fbg,0.0764554770760943,0.00175383053203982,0.0007263,22.5417,918,0.313995921326234,TRUE,""
ENSG00000078804,TP53INP2,fbg,0.030618473182479,0.470952440870632,0.001191,18.0218,1063,0.00703113386312833,TRUE,""
ENSG00000080189,SLC35C2,fbg,-0.0467714664351323,0.745980687313015,0.001635,8.7532,2073,0.0149524598486231,TRUE,""
ENSG00000080839,RBL1,fbg,0.0661995691775341,0.174735823215247,0.0005264,15.1439,1079,0.0109867196857322,TRUE,""
ENSG00000087460,GNAS,fbg,-0.00568927569929817,0.841480581121794,4.731e-05,27.7383,2253,0.00505684065276593,TRUE,""
ENSG00000087495,PHACTR3,fbg,-0.141969939096474,0.182422439451736,5.274e-06,5.4251,2328,0.00480793608831106,TRUE,""
ENSG00000088305,DNMT3B,fbg,0.0156192407049196,0.796357116257739,0.0007263,9.1004,1118,0.00399787192726278,TRUE,""
ENSG00000088356,PDRG1,fbg,0.0268431370809641,0.583426134426407,0.01859,11.2729,1012,0.00442741306203755,TRUE,""
ENSG00000088766,CRLS1,fbg,-0.0030920101199675,0.796357116257739,0.002483,50.5711,2578,0.00395999105669414,TRUE,""
ENSG00000088812,ATRN,fbg,-0.111625993809185,0.0873255405560041,0.0005591,8.4461,1985,0.0155625676069732,TRUE,""
ENSG00000088832,FKBP1A,fbg,-0.0134010344727232,0.385163873930437,0.002887,39.2326,2582,0.00410841677870577,TRUE,""
ENSG00000088876,ZNF343,fbg,0.0201462557279688,0.556374370426907,0.0005591,17.6384,2177,0.00484815198707817,TRUE,""
ENSG00000089006,SNX5,fbg,-0.0655015643424069,0.180245344928905,0.0004915,18.2049,2344,0.0144058824832733,TRUE,""
ENSG00000089012,SIRPG,fbg,-0.00859004252984523,0.567709166197353,0.002887,41.2023,2735,0.00491813378350262,TRUE,""
ENSG00000089050,RBBP9,fbg,-0.0170397274544584,0.705595683272677,0.0004915,17.7585,2303,0.00599421293599402,TRUE,""
ENSG00000089057,SLC23A2,fbg,-0.0303647550522629,0.498741913600147,0.001057,13.3995,2421,0.00507425862069844,TRUE,""
ENSG00000089063,TMEM230,fbg,-0.00100307081730406,0.871864744932721,0.001057,74.1778,2403,0.0049710685891586,TRUE,""
ENSG00000089091,DZANK1,fbg,0.039031685321802,0.651547872829126,0.0004915,5.7359,2299,0.00496499063354673,TRUE,""
ENSG00000089123,TASP1,fbg,-0.181478561970699,0.325726251840178,0.0001246,5.4549,2307,0.00951693105165586,TRUE,""
ENSG00000089177,KIF16B,fbg,0.028670410890069,0.00219496475487573,8.36e-05,90.7911,3337,0.00512666548250703,TRUE,""
ENSG00000089195,TRMT6,fbg,-0.0268868136552843,0.558301743578421,0.002483,15.8562,2475,0.00701599348231454,TRUE,""
ENSG00000089199,CHGB,fbg,-0.0103877789874507,0.558301743578421,0.002483,37.5958,2468,0.00571563249396417,TRUE,""
ENSG00000100979,PLTP,fbg,0.00779358587367488,0.583426134426407,0.001635,78.6437,2030,0.00387309782651047,TRUE,""
ENSG00000100982,PCIF1,fbg,0.0750862433687495,0.383771766671716,0.001635,6.3659,2063,0.00562832927905055,TRUE,""
ENSG00000100991,TRPC4AP,fbg,0.00204978546943845,0.778518657215875,0.001191,83.4855,1063,0.004458039791191,TRUE,""
ENSG00000100994,PYGB,fbg,-0.0141981689779798,0.0282678923770804,0.002393,110.9261,1693,0.0174120789718713,TRUE,""
ENSG00000100997,ABHD12,fbg,-0.0498106193540497,0.0864762654936656,0.002393,21.3296,1627,0.0175107606116557,TRUE,""
ENSG00000101004,NINL,fbg,-0.0207463909114749,0.41325337549364,0.002393,30.8873,1410,0.00726203553558215,TRUE,""
ENSG00000101057,MYBL2,fbg,0.0218302816583325,0.352250687955077,0.001394,32.417,1904,0.00773756976130236,TRUE,""
ENSG00000101082,SLA2,fbg,-0.0754692369063645,0.427126945094663,0.0005264,6.3169,954,0.00556624356141456,TRUE,""
ENSG00000101096,NFATC2,fbg,0.0244822841203505,0.855725415320072,0.001301,5.8159,2014,0.00499902651747161,TRUE,""
ENSG00000101104,PABPC1L,fbg,0.00446657358935699,0.684558919367902,0.002353,42.121,1908,0.00415180671752623,TRUE,""
ENSG00000101115,SALL4,fbg,0.00679152452627825,0.864434730029062,0.001301,16.0858,2192,0.00500428970170442,TRUE,""
ENSG00000101138,CSTF1,fbg,-0.0178226332606202,0.767003814165864,0.003109,15.1765,2538,0.00665631435788957,TRUE,""
ENSG00000101166,SLMO2,fbg,0.056518232758602,0.539940330191881,4.731e-05,5.3089,2066,0.00425596304413854,TRUE,""
ENSG00000101187,SLCO4A1,fbg,0.122906970539921,0.089569228533638,0.0005701,9.2379,1634,0.0200377996499659,TRUE,""
ENSG00000101191,DIDO1,fbg,-0.0563029548671866,0.0166322977700022,0.0005701,26.3648,1470,0.0733424822480729,TRUE,""
ENSG00000101194,SLC17A9,fbg,0.07440780306549,0.00467562658909552,0.0005701,23.683,1467,0.177303738042618,TRUE,""
ENSG00000101199,ARFGAP1,fbg,0.0688190263500425,0.196120745095134,0.0005701,11.7541,1458,0.0105822982193601,TRUE,""
ENSG00000101224,CDC25B,fbg,-0.0339207854376925,0.0372208503797727,0.0005591,39.3564,2040,0.0355177402297084,TRUE,""
ENSG00000101276,SLC52A3,fbg,-0.00409406007007583,0.933586496294755,0.001915,11.3565,2068,0.00425610402648123,TRUE,""
ENSG00000101278,RPS10L,fbg,-0.0187597103266046,0.393691925690234,0.001915,10.5482,2109,0.00577070858924996,TRUE,""
ENSG00000101282,RSPO4,fbg,-0.032479102586058,0.293718112751792,0.001915,20.0545,2335,0.00807737052920715,TRUE,""
ENSG00000101290,CDS2,fbg,0.000455415136023432,0.95167294673366,0.001057,125.0376,2413,0.00578212086052541,TRUE,""
ENSG00000101294,HM13,fbg,-0.00416425472176017,0.824140895741885,0.01859,50.1743,758,0.00513677852420945,TRUE,""
ENSG00000101298,SNPH,fbg,0.00863077802789112,0.582319373576693,0.001915,45.2292,2487,0.00540910399240403,TRUE,""
ENSG00000101307,SIRPB1,fbg,-0.0103968126288612,0.676922239021379,0.002887,99.9278,2684,0.00369231037199241,TRUE,""
ENSG00000101310,SEC23B,fbg,0.00828729924832334,0.711106547594804,0.0004915,43.6663,2354,0.00587983506304362,TRUE,""
ENSG00000101337,TM9SF4,fbg,-0.0291841599182012,0.598668814257765,0.01859,12.1349,1219,0.00536668718321996,TRUE,""
ENSG00000101343,CRNKL1,fbg,-0.000936642484580057,0.948559264755632,0.00234,39.663,2627,0.00369443781500162,TRUE,""
ENSG00000101407,TTI1,fbg,-0.00428816893413815,0.943056670967043,0.0005264,11.8728,1622,0.00482559434604232,TRUE,""
ENSG00000101413,RPRD1B,fbg,-0.00163934181774396,0.962019851444415,0.0005264,18.674,1655,0.00481831480355024,TRUE,""
ENSG00000101417,PXMP4,fbg,-0.066929874036473,0.272740113942454,0.0007263,9.0423,1093,0.00901941818031114,TRUE,""
ENSG00000101421,CHMP4B,fbg,-0.0118806774145662,0.317310507862914,0.0007263,47.2426,1055,0.00517564460031734,TRUE,""
ENSG00000101439,CST3,fbg,-0.0136848990486651,0.197233459347633,0.0009948,66.3976,2530,0.00569551494209832,TRUE,""
ENSG00000101445,PPP1R16B,fbg,-0.00960712916217186,0.778518657215875,0.000975,16.6443,1900,0.00416530965297055,TRUE,""
ENSG00000101447,FAM83D,fbg,-0.0356639853855447,0.395325086245385,0.000975,16.9695,1905,0.00687056770480184,TRUE,""
ENSG00000101452,DHX35,fbg,-0.00576426567435726,0.738882680363527,0.000975,33.9679,1921,0.00422596025608476,TRUE,""
ENSG00000101457,DNTTIP1,fbg,-0.00119634522114801,0.927564826606211,0.001635,60.1196,1949,0.00405816159329118,TRUE,""
ENSG00000101460,MAP1LC3A,fbg,0.0165179484864922,0.261883181151682,0.0007263,56.5385,967,0.00854865727301936,TRUE,""
ENSG00000101464,PIGU,fbg,0.13825048659979,0.00949354906709048,0.0007263,10.6864,997,0.0980276687295187,TRUE,""
ENSG00000118705,RPN2,fbg,-0.140981276310103,0.00379476516759274,0.0005264,9.3183,1170,0.352904272471223,TRUE,""
ENSG00000124102,PI3,fbg,0.0091276668299049,0.598668814257765,0.002353,42.3941,1838,0.00600624036220584,TRUE,""
ENSG00000124103,FAM209A,fbg,-0.0110924643701689,0.674956824198369,0.003109,18.706,2593,0.00481509883273966,TRUE,""
ENSG00000124116,WFDC3,fbg,-0.000494708738884611,0.975070165131246,0.001635,34.3357,1955,0.00386508754632128,TRUE,""
ENSG00000124164,VAPB,fbg,-0.0748161112736859,0.016982020380087,4.731e-05,17.605,2273,0.0557867311314478,TRUE,""
ENSG00000124177,CHD6,fbg,0.16648840548966,0.00595952647010912,1.853e-05,11.6988,2040,0.116267774813934,TRUE,""
ENSG00000124181,PLCG1,fbg,0.0432287776147459,0.821979274262541,1.853e-05,9.2936,1912,0.0128815179594786,TRUE,""
ENSG00000124191,TOX2,fbg,-0.00329022892541357,0.867632334778193,0.002353,29.1602,1730,0.00430988122648992,TRUE,""
ENSG00000124203,ZNF831,fbg,-0.00544004591158263,0.882225851923449,5.274e-06,23.7424,2189,0.00307635871404563,TRUE,""
ENSG00000124217,MOCS3,fbg,-0.0134789769607936,0.890294922852369,0.0002977,10.5646,1956,0.00674642983463068,TRUE,""
ENSG00000124224,PPP4R1L,fbg,0.162968234555513,0.480646483426545,4.731e-05,6.6792,2224,0.00474283391511119,TRUE,""
ENSG00000124225,PMEPA1,fbg,-0.00617804950498744,0.863886790544927,0.000644,15.0056,2659,0.00406360304325818,TRUE,""
ENSG00000124233,SEMG1,fbg,0.0126984586883898,0.590258451314772,0.002353,29.3352,1814,0.00544227799763161,TRUE,""
ENSG00000124243,BCAS4,fbg,-0.0058973228222365,0.617075077451974,0.0002977,50.447,1916,0.00596506090388395,TRUE,""
ENSG00000125810,CD93,fbg,-0.00766732013607394,0.520316800507367,3.893e-08,71.5266,2505,4.15521037361836e-05,TRUE,""
ENSG00000125814,NAPB,fbg,-0.0212346922126969,0.30903861569102,3.893e-08,51.5796,2546,4.23652322061781e-05,TRUE,""
ENSG00000125818,PSMF1,fbg,0.0519041852157386,0.198542793686662,0.001915,21.5639,2481,0.0123307030164608,TRUE,""
ENSG00000125827,TMX4,fbg,-0.004736652406957,0.838830347775661,0.002241,51.0087,2763,0.00726741313989488,TRUE,""
ENSG00000125835,SNRPB,fbg,0.0414139578848468,0.173291909533135,0.0005591,27.5072,2219,0.0138929564158785,TRUE,""
ENSG00000125844,RRBP1,fbg,-0.00332331232335321,0.846529514964004,8.36e-05,32.0279,2544,0.00367875182553669,TRUE,""
ENSG00000125845,BMP2,fbg,-0.0753133118394219,0.0147269742373694,0.002634,23.6346,2814,0.107213328564233,TRUE,""
ENSG00000125846,ZNF133,fbg,-0.0170804227296912,0.833256914830536,0.0004915,8.2935,2329,0.00464673584798313,TRUE,""
ENSG00000125864,BFSP1,fbg,-0.0451956908121441,0.0718606382258516,8.36e-05,24.8121,2646,0.0200226986880936,TRUE,""
ENSG00000125869,LAMP5,fbg,-0.00463158089987524,0.841480581121794,0.0009062,31.1455,2764,0.00544421314301644,TRUE,""
ENSG00000125870,SNRPB2,fbg,0.01776116350213,0.810330256604408,8.36e-05,34.2707,3147,0.0172006678333788,TRUE,""
ENSG00000125898,FAM110A,fbg,-0.0132452535662087,0.393691925690234,0.001915,36.0996,2138,0.00573874899779874,TRUE,""
ENSG00000125966,MMP24,fbg,-0.00657753861916892,0.828819213786263,0.001191,19.5542,1048,0.00463579629239686,TRUE,""
ENSG00000125967,NECAB3,fbg,0.31887701508076,0.0268091307155959,0.0007263,5.1806,1092,0.0580318625739662,TRUE,""
ENSG00000125970,RALY,fbg,-0.267813395044039,0.104599918552922,0.0007263,6.2373,986,0.0314106120891189,TRUE,""
ENSG00000125971,DYNLRB1,fbg,-0.246051185800706,0.104599918552922,0.0007263,6.7634,964,0.0258367600645322,TRUE,""
ENSG00000126001,CEP250,fbg,-0.0286893406218691,0.374062797490882,0.001439,19.818,1056,0.00704484636359485,TRUE,""
ENSG00000126003,PLAGL2,fbg,0.0665010140802097,0.347217560677249,0.01859,12.4164,1252,0.00949965949536105,TRUE,""
ENSG00000126005,MMP24-AS1,fbg,0.00268716781836117,0.895317338291782,0.001191,27.8079,1049,0.0045795323048288,TRUE,""
ENSG00000130702,LAMA5,fbg,0.0840104798269712,0.118170245865335,0.0005701,31.4211,1946,0.0349329354574393,TRUE,""
ENSG00000130703,OSBPL2,fbg,-0.0484283539909919,0.346973356970029,0.0005701,28.8053,2013,0.0145070492707766,TRUE,""
ENSG00000131051,RBM39,fbg,0.00275456096418884,0.958025455470674,0.007627,12.8803,988,0.00715181769359179,TRUE,""
ENSG00000131067,GGT7,fbg,0.0360302942202019,0.0999365539385519,0.001191,25.1493,1097,0.0141205630134395,TRUE,""
ENSG00000132623,ANKEF1,fbg,-0.0117174344761743,0.689156516779352,0.0009062,21.6006,2519,0.00510503067442923,TRUE,""
ENSG00000132635,PCED1A,fbg,0.0253749015661964,0.349538991650093,0.0005591,18.3179,2135,0.00569193110093236,TRUE,""
ENSG00000132640,BTBD3,fbg,0.0845175852403928,0.101763504951258,0.002625,11.3656,2646,0.0120952738956866,TRUE,""
ENSG00000132661,NXT1,fbg,-0.0456167531066867,0.526960228463328,3.893e-08,12.0008,2533,2.50268095352312e-05,TRUE,""
ENSG00000132670,PTPRA,fbg,-0.0330741625737016,0.165412255542075,0.0005591,23.0009,2075,0.00924025418639884,TRUE,""
ENSG00000132801,ZSWIM3,fbg,0.0120721929896873,0.906347316282193,0.001635,5.8779,2032,0.00521053986183603,TRUE,""
ENSG00000132819,RBM38,fbg,0.224010228248294,0.0809678048409095,0.000644,6.9966,2564,0.0255170891120889,TRUE,""
ENSG00000132823,C20orf111,fbg,-0.000333052611457454,0.977206399475098,0.002353,58.4779,1708,0.00391234637250176,TRUE,""
ENSG00000132824,SERINC3,fbg,-0.081925851604878,0.078706382833047,0.002353,31.3702,1777,0.0472068020350981,TRUE,""
ENSG00000132825,PPP1R3D,fbg,0.0180770722159647,0.759943064406937,5.274e-06,10.8314,2500,0.00216336491532272,TRUE,""
ENSG00000149346,SLX4IP,fbg,0.0277498990804322,0.2870949517261,0.0009062,19.0594,2741,0.00642518328054371,TRUE,""
ENSG00000149474,CSRP2BP,fbg,0.0360405318653695,0.288008758003942,0.0004915,16.7354,2336,0.0067335950545,TRUE,""
ENSG00000149488,TMC2,fbg,-0.0050060848426274,0.927564826606211,0.0005591,9.1708,2164,0.00402664562860298,TRUE,""
ENSG00000149657,LSM14B,fbg,0.00989951943453428,0.772218915230022,0.0005701,13.2704,2061,0.00450524128842294,TRUE,""
ENSG00000149679,CABLES2,fbg,-0.0361734575910318,0.0317885988775997,0.0005701,27.7554,1867,0.0371358589736483,TRUE,""
ENSG00000158445,KCNB1,fbg,0.0327824909878868,0.133614402537716,0.0008838,17.7303,1898,0.0115290716140521,TRUE,""
ENSG00000158470,B4GALT5,fbg,-0.0512475515768016,0.208368424819709,0.0002977,13.4755,1834,0.00816909735116768,TRUE,""
ENSG00000158480,SPATA2,fbg,-0.113779078104912,0.533037056014238,0.0002977,7.4702,1709,0.0134290652863261,TRUE,""
ENSG00000170191,NANP,fbg,-0.0330110094937763,0.00986158866513664,0.002393,42.9331,1307,0.0934419549631652,TRUE,""
ENSG00000171222,SCAND1,fbg,0.00999772523667368,0.700522394103849,0.004655,35.6081,939,0.00687358023362682,TRUE,""
ENSG00000171552,BCL2L1,fbg,0.0210498506565196,0.8078169693465,0.01859,7.256,847,0.00670270777153397,TRUE,""
ENSG00000171984,C20orf196,fbg,0.016997661798369,0.274064638609823,0.002483,36.6521,2498,0.00684315952589242,TRUE,""
ENSG00000172296,SPTLC3,fbg,0.0473463105872702,0.383771766671715,0.0001246,10.1164,2454,0.00456001414871684,TRUE,""
ENSG00000173418,NAA20,fbg,0.118521759173882,0.144290073931788,0.00234,10.9433,2611,0.0158695423980802,TRUE,""
ENSG00000174306,ZHX3,fbg,-0.102816955685077,0.309177618947532,1.853e-05,10.3869,1919,0.00777299617306351,TRUE,""
ENSG00000176659,C20orf197,fbg,-0.00715583215620545,0.700522394103849,5.274e-06,37.3028,2631,0.00239809205201495,TRUE,""
ENSG00000179253,RP11-429E11.3,fbg,-0.0155842235492745,0.2870949517261,0.0002688,20.9314,2331,0.006249948429647,TRUE,""
ENSG00000179467,AL109806.1,fbg,0.0113720071926956,0.738882680363527,0.003109,7.1749,2586,0.00404643270380692,TRUE,""
ENSG00000182584,ACTL10,fbg,0.0486474639139551,0.258884225947615,0.0007263,11.4451,1092,0.00778297020099789,TRUE,""
ENSG00000182621,PLCB1,fbg,0.00379628949432571,0.785062868547559,0.002241,72.5176,2625,0.0169109107942863,TRUE,""
ENSG00000183260,ABHD16B,fbg,0.120880766651904,0.285438504621253,0.001274,11.6509,1025,0.0156918562916704,TRUE,""
ENSG00000184402,SS18L1,fbg,0.229577449427231,0.172682041418748,0.0005701,11.5686,2064,0.00462257419182414,TRUE,""
ENSG00000185052,SLC24A3,fbg,-0.0436688173910888,0.352371084490516,0.001933,45.2771,2709,0.00383265226037504,TRUE,""
ENSG00000196209,SIRPB2,fbg,-0.0336159594321597,0.432034892005007,0.002887,68.4752,2635,0.00547688246042704,TRUE,""
ENSG00000196227,FAM217B,fbg,0.016217356878895,0.78118295086715,5.274e-06,9.8833,2504,0.00214324761199538,TRUE,""
ENSG00000196476,C20orf96,fbg,0.0211068580791668,0.21129954733371,0.001915,33.527,1370,0.00811432445385305,TRUE,""
ENSG00000196562,SULF2,fbg,-0.0231477047565559,0.0674638361316115,0.0004181,64.1614,2312,0.00980676459534364,TRUE,""
ENSG00000196839,ADA,fbg,0.00284787567786964,0.828819213786263,0.002353,33.5486,1897,0.00449002904528909,TRUE,""
ENSG00000197496,SLC2A10,fbg,-0.392650198374001,0.0732861099469458,0.001635,5.1752,1929,0.0717896472615616,TRUE,""
ENSG00000198026,ZNF335,fbg,0.0354094002238103,0.698684565645401,0.001635,6.0008,2096,0.00425778417632002,TRUE,""
ENSG00000198171,DDRGK1,fbg,0.00685802350221537,0.639248343034235,0.0005591,42.0227,2008,0.00655540564728425,TRUE,""
ENSG00000198185,ZNF334,fbg,-0.0329905368635158,0.489894777830357,0.001635,15.1728,2031,0.00536726853090194,TRUE,""
ENSG00000198959,TGM2,fbg,-0.11412926312812,0.0852634847545577,0.0005264,10.8821,1694,0.0211876620551035,TRUE,""
ENSG00000203880,PCMTD2,fbg,0.0153758255375211,0.220575220505703,0.002845,40.4442,668,0.0279531077808775,TRUE,""
ENSG00000203999,RP11-290F20.1,fbg,0.0258355122489297,0.154376307933322,0.0002977,29.0913,1866,0.0104167023068193,TRUE,""
ENSG00000204070,SYS1,fbg,0.00218383320043686,0.824140895741885,0.002353,65.5855,1797,0.00432553336482828,TRUE,""
ENSG00000204103,MAFB,fbg,0.0304185108600919,0.279661048232695,1.853e-05,23.4068,1840,0.00534308966851178,TRUE,""
ENSG00000205181,LINC00654,fbg,0.0468927540282914,0.230139340443417,0.001057,16.0531,2534,0.00920012885407778,TRUE,""
ENSG00000212232,SNORD17,fbg,-0.0402189193134422,0.262713762085461,0.0004915,19.8364,2353,0.0113956407257105,TRUE,""
ENSG00000215305,VPS16,fbg,-0.011765257675653,0.453254704753736,0.0005591,47.2468,2129,0.00743568489828014,TRUE,""
ENSG00000222365,SNORD12B,fbg,0.0144246277841901,0.114348129742201,0.002744,40.1922,1874,0.0176254384387906,TRUE,""
ENSG00000223750,RP4-673D20.1,fbg,0.00540823041101714,0.884052961004678,0.002887,19.1857,2730,0.011282210848581,TRUE,""
ENSG00000223891,RP5-995J12.2,fbg,0.00384682082155749,0.689156516779352,0.002353,34.7081,1688,0.00566658290531473,TRUE,""
ENSG00000225490,RP4-610C12.3,fbg,0.0187982356765756,0.485821758188089,0.01859,16.0738,489,0.00526236516120234,TRUE,""
ENSG00000227195,RP3-410C9.1,fbg,0.044243297423367,0.348501423761085,0.002393,10.0567,498,0.00596750058434163,TRUE,""
ENSG00000228340,RP5-1043L13.1,fbg,-0.0334635197718231,0.518822668670191,5.274e-06,7.8522,2776,0.00217499324289492,TRUE,""
ENSG00000228601,RPL39P,fbg,-0.0123949360974318,0.730649037334656,0.003109,11.9705,2575,0.00759687992036979,TRUE,""
ENSG00000228663,PSMD10P1,fbg,0.0370310721888703,0.361892593456348,0.0002977,6.2061,1936,0.00605083397328946,TRUE,""
ENSG00000230492,RP4-753D10.5,fbg,-0.0141582152617434,0.327086118655385,3.893e-08,25.6713,2474,4.03944595348181e-05,TRUE,""
ENSG00000232528,RP4-673D20.3,fbg,0.00312368289096844,0.836882810464227,0.002887,16.6208,2680,0.00410008161186485,TRUE,""
ENSG00000233077,RP11-290F20.2,fbg,0.03951125194917,0.163335906964225,0.0002977,11.7725,1867,0.0101080577295633,TRUE,""
ENSG00000233578,RP5-1022P6.3,fbg,-0.0130247607922179,0.617075077451974,0.001057,10.3088,2533,0.00512159233000989,TRUE,""
ENSG00000234282,RP4-673D20.4,fbg,0.0055854983741361,0.884052961004678,0.002887,18.5768,2716,0.0112808021829158,TRUE,""
ENSG00000235217,TSPY26P,fbg,-0.0197964084348087,0.78972582092805,0.01859,9.2754,1250,0.00647114493439081,TRUE,""
ENSG00000235621,LINC00494,fbg,-0.0718125629189124,0.414118945401074,0.0004181,9.6559,2144,0.00991441675989924,TRUE,""
ENSG00000236559,RP11-243J16.7,fbg,-0.0130897291637581,0.665427150454072,0.01859,8.7838,844,0.00625045082896263,TRUE,""
ENSG00000241721,SUMO1P1,fbg,0.0273818829141022,0.164866539747909,0.001378,14.5235,2507,0.0109602534578601,TRUE,""
ENSG00000242324,RP4-576H24.2,fbg,0.00930432208983023,0.872881074217134,0.002887,14.7085,2656,0.00611733183484602,TRUE,""
ENSG00000242372,EIF6,fbg,0.0293206628485748,0.133614402537716,0.001191,61.1126,1044,0.00925610877711289,TRUE,""
ENSG00000244687,UBE2V1,fbg,-0.0823191996936158,0.41325337549364,0.0002977,5.3166,1696,0.00475325756467781,TRUE,""
ENSG00000248832,RP5-955M13.3,fbg,0.0567959356001898,0.597653582632867,0.0002977,4.9217,1960,0.00427463762639271,TRUE,""
ENSG00000260032,LINC00657,fbg,-0.296099372011213,0.427126945094663,0.004655,5.2255,885,0.0433095995896052,TRUE,""
ENSG00000260257,RP5-1085F17.3,fbg,-0.00634788996468282,0.583426134426407,0.0007263,19.8646,1085,0.00435808530860363,TRUE,""
ENSG00000268340,RP3-477O4.16,fbg,0.010522672825488,0.374062797490882,0.001439,21.8533,1031,0.00688228410194821,TRUE,""
ENSG00000268649,hsa-mir-296,fbg,0.396699943683144,6.33424836662398e-05,4.731e-05,7.351,2348,0.94668300350377,TRUE,""
ENSG00000269202,RP4-614O4.12,fbg,-0.00890762900967728,0.220271518788167,0.001191,31.6433,1047,0.00750670882129395,TRUE,""
ENSG00000141956,PRDM15,fbg,0.0151678628553466,0.604557945714291,0.0003116,30.8421,2571,0.00733332602503602,TRUE,""
ENSG00000142168,SOD1,fbg,0.011465252480029,0.904956096468146,0.002064,8.3332,1716,0.009973728775083,TRUE,""
ENSG00000142192,APP,fbg,-0.0129104588035827,0.564779052623049,0.0008981,26.1072,2110,0.00512197489188256,TRUE,""
ENSG00000154640,BTG3,fbg,0.0251490487697196,0.49813992156856,0.0007289,14.854,1978,0.00458255146453689,TRUE,""
ENSG00000154645,CHODL,fbg,0.026670553612583,0.556374370426907,0.0003863,12.9436,2078,0.00474039776123429,TRUE,""
ENSG00000154719,MRPL39,fbg,-0.0163671292227095,0.548506235500147,0.0008981,22.7612,1937,0.00507252273073815,TRUE,""
ENSG00000155313,USP25,fbg,-0.176093677506306,0.191703742822855,0.0004932,4.7418,1690,0.00472921309308739,TRUE,""
ENSG00000156253,RWDD2B,fbg,-0.00381368172843697,0.797068494359122,0.0004242,45.7052,2133,0.00498114199395493,TRUE,""
ENSG00000156265,C21orf7,fbg,-0.0216753120271719,0.185974874255209,0.0004242,30.3469,2152,0.00883351336349356,TRUE,""
ENSG00000156273,BACH1,fbg,0.0445662113078178,0.458126425559177,0.0004242,9.1695,2157,0.00488359551641719,TRUE,""
ENSG00000157538,DSCR3,fbg,-0.0284419675641495,0.288868967123965,1.241e-06,21.861,1950,0.00225172972844982,TRUE,""
ENSG00000157540,DYRK1A,fbg,-0.036465847032895,0.639723729547061,1.241e-06,10.5642,2080,0.00225085816223877,TRUE,""
ENSG00000157557,ETS2,fbg,0.00645493888602592,0.707660466654552,1.241e-06,32.979,2470,0.00130293551389505,TRUE,""
ENSG00000157578,LCA5L,fbg,0.00605871502092277,0.702199590874297,0.0002849,38.1681,2623,0.00457533644811996,TRUE,""
ENSG00000157617,C2CD2,fbg,0.0203945710723632,0.444446702634924,0.0003116,22.3746,2554,0.00523951732716764,TRUE,""
ENSG00000159082,SYNJ1,fbg,0.171877141375967,0.237277851868278,0.00163,12.952,1612,0.0255805651455483,TRUE,""
ENSG00000159110,IFNAR2,fbg,0.000802554168983419,0.973844536648733,0.00163,42.6035,1548,0.00416785779398273,TRUE,""
ENSG00000159128,IFNGR2,fbg,0.0174657330489395,0.129486728502174,0.00163,60.0366,1565,0.00541785034432605,TRUE,""
ENSG00000159231,CBR3,fbg,0.00990258297851015,0.288868967123965,0.0004757,84.0775,1984,0.040640010259379,TRUE,""
ENSG00000159263,SIM2,fbg,-0.0773045710925975,0.258884225947615,0.001131,7.9298,1879,0.00739869840153892,TRUE,""
ENSG00000160179,ABCG1,fbg,0.0831119247070882,0.255804407976616,0.0006597,10.689,2468,0.00993713379213645,TRUE,""
ENSG00000160183,TMPRSS3,fbg,0.000593246739857387,0.977206399475098,0.0006597,29.7151,2487,0.0040778861099737,TRUE,""
ENSG00000160185,UBASH3A,fbg,-0.0236135938422026,0.122236355448012,0.0006597,64.288,2444,0.00426958852218589,TRUE,""
ENSG00000160190,SLC37A1,fbg,-0.0175463350827638,0.65271044057584,0.0006597,18.2259,2428,0.00570087131367405,TRUE,""
ENSG00000160199,PKNOX1,fbg,0.00290181118664515,0.871864744932721,0.0006597,30.6705,2165,0.0036922105376169,TRUE,""
ENSG00000160200,CBS,fbg,-0.0479026792322928,0.0713444578493436,0.0006597,109.8598,2083,0.00369844766746666,TRUE,""
ENSG00000160201,U2AF1,fbg,-0.00182469115483126,0.889537951249028,0.0006597,32.7186,2054,0.00428688477757943,TRUE,""
ENSG00000160207,HSF2BP,fbg,0.0478179339745835,0.43881634294658,0.0007094,8.6041,1713,0.00484508706797603,TRUE,""
ENSG00000160218,TRAPPC10,fbg,0.0339353649899282,0.488744120386507,0.0007375,13.9997,1700,0.00590381122217854,TRUE,""
ENSG00000160255,ITGB2,fbg,-0.0178569787532268,0.269045576986182,0.0007375,67.7533,1806,0.0123852761759395,TRUE,""
ENSG00000160285,LSS,fbg,-0.00170111087006773,0.897332123936804,0.0008637,68.4471,1268,0.00538633778025235,TRUE,""
ENSG00000160294,MCM3AP,fbg,0.00174984962396926,0.897332123936804,0.0008637,52.5812,1194,0.00455767699514791,TRUE,""
ENSG00000160298,C21orf58,fbg,0.0273120253121662,0.33317326895895,0.0008637,19.4187,1149,0.00597276975540319,TRUE,""
ENSG00000160299,PCNT,fbg,-0.00150231128997557,0.897332123936804,0.0008637,51.3547,1072,0.00422453398052991,TRUE,""
ENSG00000160305,DIP2A,fbg,-0.00107776713334965,0.897332123936804,0.0008637,139.1488,960,0.00427667022887415,TRUE,""
ENSG00000166265,CYYR1,fbg,-0.0102397345298866,0.587228165762067,0.0008981,33.0282,2460,0.00481072006012383,TRUE,""
ENSG00000166979,EVA1C,fbg,0.0396145248063996,0.0412690871378155,0.00163,41.0193,1689,0.0424408032001998,TRUE,""
ENSG00000171189,GRIK1,fbg,0.0132786932283801,0.762403879061464,0.00176,16.9287,2094,0.00538915052283318,TRUE,""
ENSG00000173276,ZBTB21,fbg,-0.11885355179026,0.122865441229318,0.0003116,7.2659,2537,0.017538590176495,TRUE,""
ENSG00000174680,GRIK1-AS1,fbg,-0.0244831184849088,0.69494231503817,0.00176,12.5469,2058,0.00669043035789239,TRUE,""
ENSG00000180509,KCNE1,fbg,0.00763647511844465,0.668235141795249,0.002337,34.779,1809,0.00457752213302307,TRUE,""
ENSG00000180530,NRIP1,fbg,-0.0639060971251532,0.0306729200049368,0.0004932,18.6594,2016,0.0356751581194701,TRUE,""
ENSG00000182240,BACE2,fbg,0.0275271921233053,0.237277851868278,0.0003116,25.2187,2474,0.00768909035022007,TRUE,""
ENSG00000182670,TTC3,fbg,0.0042144620648885,0.754660563059686,2.878e-05,52.2111,1952,0.0048207769596101,TRUE,""
ENSG00000182871,COL18A1,fbg,0.0109298264554108,0.192564416267239,0.0007375,85.6081,1850,0.00680740882333709,TRUE,""
ENSG00000183421,RIPK4,fbg,0.0247840388933045,0.480261302753423,0.0003116,17.2369,2567,0.0050393554711564,TRUE,""
ENSG00000183527,PSMG1,fbg,-0.0411142421582667,0.188244713282316,1.241e-06,21.647,2609,0.00351569477702452,TRUE,""
ENSG00000183570,PCBP3,fbg,0.0134593204195398,0.531971058097401,0.0008637,26.3991,1678,0.00458072384454162,TRUE,""
ENSG00000183844,FAM3B,fbg,-0.00535836685759062,0.595245548732816,0.0003116,135.0751,2484,0.0737030975824272,TRUE,""
ENSG00000184385,C21orf128,fbg,0.0121455680794358,0.188750072903293,0.0003116,64.3795,2550,0.00948095559556475,TRUE,""
ENSG00000184900,SUMO3,fbg,-0.0460698975263395,0.392802835278636,0.0007375,18.0311,1761,0.00901295740678876,TRUE,""
ENSG00000185272,RBM11,fbg,-0.00860945511424871,0.846529514964004,0.0004932,37.1914,1567,0.0108409825371925,TRUE,""
ENSG00000186866,POFUT2,fbg,-0.0429185288520327,0.449195604488527,0.0007375,23.2254,1842,0.0112336784710975,TRUE,""
ENSG00000198743,SLC5A3,fbg,0.00734379567580458,0.821351959007176,0.00163,16.6524,1746,0.00382059949920274,TRUE,""
ENSG00000198862,LTN1,fbg,0.12837058701625,0.0360135690803204,0.0004242,16.4702,2138,0.0375203531068929,TRUE,""
ENSG00000205930,C21orf49,fbg,-0.01707412023659,0.6467129796159,0.00163,17.4562,1583,0.00641510251237279,TRUE,""
ENSG00000215424,MCM3AP-AS1,fbg,-0.00644452193660509,0.820211678728453,0.0008637,24.7666,1221,0.00538176869518635,TRUE,""
ENSG00000223768,LINC00205,fbg,-0.0437366323379514,0.337466223819214,0.0007375,19.5438,1831,0.0145031952312805,TRUE,""
ENSG00000223799,AP000295.7,fbg,0.010662296981746,0.588824310631658,0.00163,13.9136,1551,0.00518280985788094,TRUE,""
ENSG00000225218,AP001628.6,fbg,0.0826978183026118,0.0708478257810242,0.0006597,6.4473,2298,0.0290523678496148,TRUE,""
ENSG00000225431,AP001626.1,fbg,0.0192057561329949,0.276491247419954,0.0006597,12.9664,2436,0.00712596505429056,TRUE,""
ENSG00000226496,LINC00323,fbg,0.0873094979983015,0.237277851868278,0.0003116,6.9343,2442,0.00737498897389076,TRUE,""
ENSG00000227456,LINC00310,fbg,0.0696982893878387,0.0244489453100894,0.002337,8.9062,1789,0.040334966125782,TRUE,""
ENSG00000228318,AP001610.5,fbg,-0.00575876779310938,0.485821758188089,0.0003116,27.2524,2509,0.00489712732687982,TRUE,""
ENSG00000231125,AF129075.5,fbg,0.0237080347056551,0.645904258226149,0.0004242,5.3188,2154,0.0265110237429026,TRUE,""
ENSG00000232118,BACH1-AS1,fbg,0.0254200808850952,0.245523853695853,0.0004242,8.7656,2184,0.00796811792216093,TRUE,""
ENSG00000232539,AP000288.2,fbg,0.0456528174688193,0.302867777010297,0.00163,7.0908,1608,0.0065021142796593,TRUE,""
ENSG00000234883,MIR155HG,fbg,-0.0221388912379447,0.854536481393919,0.0008981,6.7308,1964,0.00731113533539717,TRUE,""
ENSG00000235374,SSR4P1,fbg,-0.0304934436291817,0.0482681480094495,0.0007375,19.2133,1838,0.0314554945355581,TRUE,""
ENSG00000235609,AF127936.7,fbg,0.17643684162264,0.489622672771977,0.0004932,6.0978,1968,0.0156558186620109,TRUE,""
ENSG00000235888,AF064858.8,fbg,0.00469187414438629,0.956500594977862,1.241e-06,8.9132,2504,0.00443602665455474,TRUE,""
ENSG00000236519,AL773604.8,fbg,-0.0472032255694804,0.339807612284684,0.0007375,7.5005,1751,0.011143186985989,TRUE,""
ENSG00000236830,CBR3-AS1,fbg,-0.0161335545257082,0.220271518788167,0.0004757,17.4486,1975,0.0075055343672844,TRUE,""
ENSG00000237604,AP001056.1,fbg,0.000855610050160579,0.984356207118252,0.0007375,8.3988,1749,0.00592963128642215,TRUE,""
ENSG00000237989,AP001046.5,fbg,0.0163097086535886,0.707660466654552,0.0006597,20.4657,1924,0.0148649665833039,TRUE,""
ENSG00000243927,MRPS6,fbg,0.0034353365444264,0.821351959007176,0.002337,36.2701,1770,0.00381909212797292,TRUE,""
ENSG00000248476,BACH1-IT1,fbg,-0.0733562307874227,0.516565503095008,0.0004242,5.1754,2212,0.00493117565938824,TRUE,""
ENSG00000267913,AP001055.1,fbg,0.169091664542213,0.255149281100581,0.0007375,13.7875,1745,0.0234130249352039,TRUE,""
ENSG00000008735,MAPK8IP2,fbg,0.0738040178269631,0.179029242883863,0.0007649,7.422,732,0.00916621764246292,TRUE,""
ENSG00000015475,BID,fbg,0.00854604017622799,0.821351959007176,0.0001662,14.5303,1827,0.00360558652264165,TRUE,""
ENSG00000054611,TBC1D22A,fbg,0.0141225666017852,0.668235141795249,1.04e-05,17.152,2376,0.00371442698119749,TRUE,""
ENSG00000069998,CECR5,fbg,0.00441714939327353,0.893929766752772,0.0001662,24.1762,1521,0.00513019210443914,TRUE,""
ENSG00000070371,CLTCL1,fbg,0.00503303518412049,0.707660466654552,0.0001662,42.48,1852,0.00398758590938402,TRUE,""
ENSG00000070413,DGCR2,fbg,0.0178507122507123,0.504985075093846,0.0001662,21.9375,1841,0.00471168798473154,TRUE,""
ENSG00000073146,MOV10L1,fbg,-0.0493327477951792,0.519287272066116,0.0007649,9.3652,1709,0.00711765393972761,TRUE,""
ENSG00000073150,PANX2,fbg,0.0321443568811914,0.192805110318949,0.0007649,30.1481,1544,0.0114713122574567,TRUE,""
ENSG00000075234,TTC38,fbg,0.0267976542462156,0.195624786869267,0.0002208,45.264,2070,0.0166735358902068,TRUE,""
ENSG00000077935,SMC1B,fbg,-0.0593132519531387,0.0389688062455502,0.003296,18.5732,2205,0.0266604494542576,TRUE,""
ENSG00000077942,FBLN1,fbg,-0.282717066969747,0.00790150132155362,0.003041,5.1688,2079,0.107461479655255,TRUE,""
ENSG00000079974,RABL2B,fbg,-0.0295592828105943,0.417474325169508,0.0007649,21.7636,589,0.0119636135618833,TRUE,""
ENSG00000093000,NUP50,fbg,0.00410929538446317,0.861079633584653,0.003153,30.3215,2406,0.00466235620780285,TRUE,""
ENSG00000093009,CDC45,fbg,0.121999721875623,0.190977693467857,0.0001662,7.3568,1614,0.0101926238905337,TRUE,""
ENSG00000099954,CECR2,fbg,0.0304156464075852,0.808451451773901,0.0001662,4.5812,1580,0.00543056589778982,TRUE,""
ENSG00000099958,DERL3,fbg,0.0453555445495337,0.239406878796789,0.0008835,14.541,1484,0.00784378903154649,TRUE,""
ENSG00000099992,TBC1D10A,fbg,-0.113081617990075,0.711382490398907,0.0006238,5.5967,1555,0.014069866431148,TRUE,""
ENSG00000099995,SF3A1,fbg,-0.0246473293341682,0.0244489453100894,0.0006238,64.9969,1552,0.0567931816428297,TRUE,""
ENSG00000100023,PPIL2,fbg,-0.0121381165519209,0.671389024011197,0.0002249,20.5281,1378,0.00425447652847789,TRUE,""
ENSG00000100024,UPB1,fbg,0.0161808945366755,0.165412255542075,0.001004,60.8801,1472,0.00982128682605409,TRUE,""
ENSG00000100034,PPM1F,fbg,0.00866484103819175,0.398809120942746,0.0002249,89.1081,1383,0.0130728326188919,TRUE,""
ENSG00000100038,TOP3B,fbg,0.0224457459892929,0.17151658555805,0.0002249,28.6122,1374,0.0139920423235307,TRUE,""
ENSG00000100053,CRYBB3,fbg,0.00881610719081342,0.900523550339774,0.001004,7.739,1767,0.00379441602847436,TRUE,""
ENSG00000100060,MFNG,fbg,-0.0267393378320499,0.572402926525512,0.004622,21.6663,1812,0.00863829428125178,TRUE,""
ENSG00000100068,LRP5L,fbg,-0.0180746272209627,0.821979274262541,0.001004,26.5402,2051,0.0141080983784016,TRUE,""
ENSG00000100079,LGALS2,fbg,-0.00645929566631895,0.444446702634924,0.0002161,158.2979,1718,0.00376902230211343,TRUE,""
ENSG00000100083,GGA1,fbg,-0.00134247123344574,0.963745004895627,0.0002161,24.3055,1671,0.00517142027256581,TRUE,""
ENSG00000100100,PIK3IP1,fbg,0.014819875551561,0.260589034273618,0.001328,58.6091,1454,0.041830127341431,TRUE,""
ENSG00000100104,SRRD,fbg,0.00775801952580195,0.859924253238214,2.787e-05,20.6496,3037,0.00577564233121356,TRUE,""
ENSG00000100109,TFIP11,fbg,-0.00901204981942147,0.317310507862914,2.787e-05,99.1925,3063,0.0461031061291701,TRUE,""
ENSG00000100122,CRYBB1,fbg,0.310220003976146,0.0124193306515523,2.787e-05,6.2365,3173,0.106383874805089,TRUE,""
ENSG00000100138,NHP2L1,fbg,-0.00187236335824914,0.973986635391853,0.0001153,28.4683,1210,0.010889101676815,TRUE,""
ENSG00000100139,MICALL1,fbg,-0.00815533003005124,0.87583596638341,0.0001491,10.8755,1553,0.00366683789593379,TRUE,""
ENSG00000100150,DEPDC5,fbg,0.0682130240063865,0.0244489453100894,0.001084,18.6904,1848,0.0452735293931541,TRUE,""
ENSG00000100162,CENPM,fbg,0.024045386371385,0.548506235500147,0.001039,15.3982,1363,0.00508985532147954,TRUE,""
ENSG00000100181,TPTEP1,fbg,-0.0149752315664531,0.51108906411744,0.001168,20.0794,1018,0.00501837334203673,TRUE,""
ENSG00000100197,CYP2D6,fbg,0.00880764634544548,0.539940330191881,6.316e-05,35.0473,1470,0.00442465878859442,TRUE,""
ENSG00000100201,DDX17,fbg,0.0176751695241659,0.26219758140346,0.0001491,33.5443,1353,0.00694512606527504,TRUE,""
ENSG00000100207,TCF20,fbg,0.0581141852113195,0.811523142853564,6.316e-05,9.4951,1553,0.0112566824058926,TRUE,""
ENSG00000100218,RTDR1,fbg,-0.0331433177725511,0.492893296439634,0.0008835,11.8115,1687,0.00515294544862463,TRUE,""
ENSG00000100220,C22orf28,fbg,0.0260917251171221,0.538300749018723,0.001084,14.9718,2179,0.00532877990017028,TRUE,""
ENSG00000100221,JOSD1,fbg,-0.0163568685005987,0.41325337549364,0.0001491,27.9658,1349,0.00518387708066484,TRUE,""
ENSG00000100225,FBXO7,fbg,0.0537302071644651,0.13784315525934,0.001084,15.2391,2236,0.0118859668287054,TRUE,""
ENSG00000100227,POLDIP3,fbg,-0.00317648115399042,0.943056670967043,6.316e-05,15.633,1763,0.00492224846683529,TRUE,""
ENSG00000100228,RAB36,fbg,-0.0323224997818986,0.498741913600147,0.0008835,12.6653,1650,0.0052784048227501,TRUE,""
ENSG00000100234,TIMP3,fbg,0.0166117412828767,0.797068494359122,0.001084,9.6107,2574,0.00421106076641689,TRUE,""
ENSG00000100242,SUN2,fbg,-0.013657774116244,0.302867777010297,0.0001491,50.6387,1326,0.00574093450313485,TRUE,""
ENSG00000100271,TTLL1,fbg,-0.0330502554063233,0.398809120942746,6.316e-05,14.4923,2044,0.00543971927942108,TRUE,""
ENSG00000100280,AP1B1,fbg,-0.017354091118414,0.556374370426907,0.0006238,20.4445,1447,0.00529958406791537,TRUE,""
ENSG00000100284,TOM1,fbg,0.0302370217752461,0.246906995624742,0.000887,86.7309,2603,0.0224867801503955,TRUE,""
ENSG00000100292,HMOX1,fbg,-0.0246354964434397,0.339296824849853,0.000887,31.0685,2496,0.00843685124837779,TRUE,""
ENSG00000100297,MCM5,fbg,-0.0137265997693348,0.339296824849853,0.000887,37.412,2445,0.00844011918617189,TRUE,""
ENSG00000100300,TSPO,fbg,-0.112353424060041,0.0278068950269972,6.316e-05,30.1936,2138,0.104186639459852,TRUE,""
ENSG00000100320,RBFOX2,fbg,0.0193525590497676,0.864842812437012,0.000887,7.3582,2286,0.00639338924218733,TRUE,""
ENSG00000100321,SYNGR1,fbg,0.0197953607317039,0.0627284874485098,0.0001325,75.034,1299,0.190965094327596,TRUE,""
ENSG00000100325,ASCC2,fbg,-0.0233361242130166,0.169131444702671,0.0006238,33.5617,1608,0.0098360914108438,TRUE,""
ENSG00000100330,MTMR3,fbg,0.0360283559592044,0.305789751461394,0.0006238,47.246,1612,0.0640751917347366,TRUE,""
ENSG00000100336,APOL4,fbg,0.0928414586244422,0.0285830920840133,0.003134,15.5297,2085,0.0459928606751047,TRUE,""
ENSG00000100346,CACNA1I,fbg,0.0129404024407713,0.75831647352629,0.0001325,15.1813,1261,0.00643819624989494,TRUE,""
ENSG00000100347,SAMM50,fbg,0.0054799233305632,0.674956824198369,6.316e-05,74.9949,2691,0.0396277475212832,TRUE,""
ENSG00000100350,FOXRED2,fbg,-0.00621533628222338,0.638792499244139,0.003134,65.9109,2134,0.00645921844068003,TRUE,""
ENSG00000100351,GRAP2,fbg,0.101578392887655,0.0260271484949187,0.0001153,12.069,1216,0.0523742761538701,TRUE,""
ENSG00000100354,TNRC6B,fbg,-0.0283950999381254,0.841480581121794,0.0001153,5.6305,1129,0.00826718217619324,TRUE,""
ENSG00000100360,IFT27,fbg,-0.0169934675640856,0.126162397742482,0.003134,36.5449,2039,0.0128609449058942,TRUE,""
ENSG00000100362,PVALB,fbg,-0.00548408176998073,0.522895216724075,0.003134,50.0875,2054,0.00523493947069529,TRUE,""
ENSG00000100368,CSF2RB,fbg,0.0473156467264467,0.246906995624742,0.003134,16.4665,2042,0.00897573394383971,TRUE,""
ENSG00000100372,SLC25A17,fbg,-0.0332515450356298,0.317310507862914,0.0001153,16.563,1043,0.00595803316499589,TRUE,""
ENSG00000100373,UPK3A,fbg,0.0127746545077331,0.256318702201653,0.003296,47.9707,2285,0.0105156733561684,TRUE,""
ENSG00000100380,ST13,fbg,-0.0287488847406566,0.2870949517261,0.0001153,12.3074,1043,0.00635739589144597,TRUE,""
ENSG00000100418,DESI1,fbg,0.0492399964316056,0.0652195825478357,0.0001153,21.0166,1176,0.0203787255900993,TRUE,""
ENSG00000100422,CERK,fbg,-0.0047181714867053,0.745692505957826,1.04e-05,39.8975,2103,0.00375844639825444,TRUE,""
ENSG00000100427,MLC1,fbg,-0.0123448458698486,0.755716154576793,0.0007649,19.7733,1807,0.00540978422467416,TRUE,""
ENSG00000128159,TUBGCP6,fbg,-0.00275858222766755,0.950164661941506,0.0007649,11.229,1412,0.00375198600526271,TRUE,""
ENSG00000128191,DGCR8,fbg,-0.0143686802619362,0.444446702634924,0.0008333,59.4724,1578,0.0105922742547195,TRUE,""
ENSG00000128203,ASPHD2,fbg,-0.00882640895466033,0.674956824198369,2.787e-05,26.1256,2983,0.00364019594144901,TRUE,""
ENSG00000128218,VPREB3,fbg,0.0441975740074858,0.34345107683441,0.0008835,21.7478,1439,0.0103139568288381,TRUE,""
ENSG00000128245,YWHAH,fbg,-0.00692800631638597,0.662911145572604,0.001084,46.5532,1933,0.00845232347481269,TRUE,""
ENSG00000128253,RFPL2,fbg,0.0411047922428896,0.141900610277981,0.001084,20.2146,2089,0.00964963286885524,TRUE,""
ENSG00000128271,ADORA2A,fbg,-0.0346445488927214,0.272740113942454,0.001004,17.3032,1509,0.0065838843934401,TRUE,""
ENSG00000128283,CDC42EP1,fbg,-0.00934364338943896,0.444446702634924,0.0002161,60.5623,1726,0.00376669260606294,TRUE,""
ENSG00000128294,TPST2,fbg,0.0592597555052423,0.0360135690803204,2.787e-05,19.5088,3108,0.0291107121492995,TRUE,""
ENSG00000128309,MPST,fbg,0.0864683532346746,0.246906995624742,0.003134,9.0105,2021,0.0104423374485456,TRUE,""
ENSG00000128340,RAC2,fbg,-0.0024230544098229,0.906347316282193,0.004622,29.3844,1892,0.00409888830407392,TRUE,""
ENSG00000128346,C22orf23,fbg,-0.0256543134746636,0.802587348634153,0.0001491,5.038,1547,0.00351118773709142,TRUE,""
ENSG00000130489,SCO2,fbg,0.00410044885973162,0.75831647352629,0.0007649,55.5089,813,0.00496661260774168,TRUE,""
ENSG00000130638,ATXN10,fbg,0.0166019860364059,0.581619684639375,0.003041,28.8495,2074,0.00604390105730351,TRUE,""
ENSG00000138942,RNF185,fbg,-0.0194814790219868,0.039511146777562,0.001328,45.2276,1409,0.0150639619560845,TRUE,""
ENSG00000159307,SCUBE1,fbg,0.233476434760942,0.254927810308713,6.316e-05,5.1576,2265,0.0121486876086001,TRUE,""
ENSG00000159496,RGL4,fbg,-0.0116515785270572,0.824140895741885,0.0008835,15.2769,1452,0.00537043406977803,TRUE,""
ENSG00000167037,SGSM1,fbg,-0.0320162091395372,0.326892579781518,0.001004,25.2693,1478,0.00960133981468654,TRUE,""
ENSG00000167074,TEF,fbg,0.0227662920144398,0.0955807045456294,0.0001153,58.5048,1142,0.00939648126726971,TRUE,""
ENSG00000167077,MEI1,fbg,0.0207785800273864,0.0955807045456294,0.001039,55.9434,1211,0.0266623263135788,TRUE,""
ENSG00000169635,HIC2,fbg,0.0280790248215207,0.731034305380085,0.0002249,6.9604,1484,0.00428214211291023,TRUE,""
ENSG00000172346,CSDC2,fbg,0.106231756633564,0.0612349880287152,0.0001153,11.4499,1177,0.025811356370391,TRUE,""
ENSG00000177989,ODF3B,fbg,-0.0039948973672105,0.844882420504495,0.0007649,33.3471,807,0.00562193751864312,TRUE,""
ENSG00000178803,ADORA2A-AS1,fbg,0.102685614102361,0.165412255542075,0.001004,6.2083,1483,0.00882250675859951,TRUE,""
ENSG00000179750,APOBEC3B,fbg,-0.00230831941388503,0.909526060036958,0.0001325,37.0317,1352,0.00479572865095853,TRUE,""
ENSG00000182057,Z83851.3,fbg,0.00174719497345608,0.974266251454282,6.316e-05,8.5195,1571,0.00366865656808223,TRUE,""
ENSG00000182257,C22orf26,fbg,-0.0303466420438691,0.332669938984237,0.003041,15.2629,2058,0.00588358672452842,TRUE,""
ENSG00000182541,LIMK2,fbg,0.203591039856073,0.0186255802874029,0.001328,6.8873,1424,0.0427371459095378,TRUE,""
ENSG00000182858,ALG12,fbg,-0.0494571619566862,0.27044392727649,0.0007649,18.8755,2158,0.0100803049552841,TRUE,""
ENSG00000183066,WBP2NL,fbg,0.0444286068799001,0.420499160931281,0.001039,11.4489,1413,0.00588148526482796,TRUE,""
ENSG00000183172,C22orf32,fbg,-0.00705750240589102,0.634786973282518,0.005453,102.7066,1447,0.00753841951658291,TRUE,""
ENSG00000183246,RIMBP3C,fbg,-0.0705717530741805,0.820878589145356,0.0002249,11.2007,1449,0.0503829788202241,TRUE,""
ENSG00000183307,CECR6,fbg,-0.00587984184902477,0.47015786285767,0.0001662,80.1566,1486,0.00670415818893653,TRUE,""
ENSG00000183473,SSTR3,fbg,0.0228436602325627,0.434655471356171,0.004622,19.229,1938,0.00516010827804186,TRUE,""
ENSG00000183579,ZNRF3,fbg,-0.0935587706860353,0.305650988197024,0.001228,7.2637,1372,0.00893603692675141,TRUE,""
ENSG00000183741,CBX6,fbg,-0.00138120475196511,0.943056670967043,0.0001491,41.988,1314,0.00486783201568584,TRUE,""
ENSG00000183773,AIFM3,fbg,0.10414684819522,0.0533819511385757,0.0002249,24.8669,961,0.0618450800712624,TRUE,""
ENSG00000183864,TOB2,fbg,-0.0622192635757615,0.114348129742201,0.0001153,11.5168,1139,0.0221906073180558,TRUE,""
ENSG00000183963,SMTN,fbg,-0.0716088863328379,0.643067191064241,0.001867,4.714,1399,0.00278655616204881,TRUE,""
ENSG00000184113,CLDN5,fbg,0.00494922329262046,0.811807228003433,0.0001662,35.0413,1600,0.0433692218951031,TRUE,""
ENSG00000184164,CRELD2,fbg,-0.0129628174804208,0.196120745095134,0.0007649,77.3117,2144,0.00585386192238161,TRUE,""
ENSG00000184381,PLA2G6,fbg,0.0209325079496491,0.448704997513635,0.0001491,21.2588,1435,0.00495188977490236,TRUE,""
ENSG00000184470,TXNRD2,fbg,-0.0672668081251602,0.0507617537874727,0.0008333,21.9636,1577,0.0326318344011905,TRUE,""
ENSG00000184702,SEPT5,fbg,-0.134251005671966,0.434907241180312,0.0008333,7.5318,1459,0.0135823224210892,TRUE,""
ENSG00000185065,AC000068.5,fbg,0.0104333087400179,0.590258451314772,0.0001662,13.5471,1638,0.00500995425503894,TRUE,""
ENSG00000185339,TCN2,fbg,-0.0183227850871972,0.179029242883863,0.0006238,49.5248,1494,0.00443280527322485,TRUE,""
ENSG00000185340,GAS2L1,fbg,0.0136221799093077,0.772218915230022,0.0006238,14.2972,1412,0.00475842031833942,TRUE,""
ENSG00000185608,MRPL40,fbg,-0.00970073229882469,0.844548777837679,0.0001662,18.3158,1708,0.00587167242581228,TRUE,""
ENSG00000185651,UBE2L3,fbg,0.0221567477877483,0.00687782332399803,0.0002249,82.0002,1450,0.14040318047769,TRUE,""
ENSG00000186654,PRR5,fbg,-0.0464854964623229,0.303286223069842,0.002212,12.4141,2720,0.00660063412788183,TRUE,""
ENSG00000186998,EMID1,fbg,-0.158754091355438,0.312134812558399,0.0006238,10.0114,1417,0.0181576545255358,TRUE,""
ENSG00000187051,RPS19BP1,fbg,-0.0263764122940555,0.808451451773901,0.0001325,5.3805,1269,0.00391526371039655,TRUE,""
ENSG00000188636,LDOC1L,fbg,-0.00621923523548211,0.670836674740339,0.002212,73.378,2673,0.00369185232248371,TRUE,""
ENSG00000188677,PARVB,fbg,0.00792744787802337,0.716129568855565,6.316e-05,25.0562,2730,0.00400096458824553,TRUE,""
ENSG00000189269,C22orf43,fbg,0.0984325497059758,0.150575972824847,0.0008835,59.0215,1463,0.00416463316974402,TRUE,""
ENSG00000189306,RRP7A,fbg,0.000967917251521469,0.943056670967043,6.316e-05,71.5279,1737,0.0223162175835148,TRUE,""
ENSG00000197077,KIAA1671,fbg,0.0108632380789041,0.554581334468169,0.001004,51.7969,1760,0.0104786987500702,TRUE,""
ENSG00000197549,PRAMEF24P,fbg,0.00652850093998246,0.802587348634153,0.003194,18.3789,1359,0.00385441238835294,TRUE,""
ENSG00000198355,PIM3,fbg,0.0111654038819565,0.366406064176293,0.0007649,36.644,2073,0.00532469023645479,TRUE,""
ENSG00000198792,TMEM184B,fbg,-0.00720485257807666,0.680511892901687,0.0001491,34.5878,1397,0.00416568888412783,TRUE,""
ENSG00000203606,AC004832.1,fbg,-0.0914037171074371,0.345753978677278,0.0006238,4.8916,1506,0.0147471695286519,TRUE,""
ENSG00000205559,CTA-384D8.20,fbg,0.0149049435820863,0.317310507862914,0.0007649,21.8482,744,0.00622528742880227,TRUE,""
ENSG00000205702,CYP2D7P1,fbg,-0.00860371636059961,0.21129954733371,6.316e-05,37.2542,1471,0.00867340265099133,TRUE,""
ENSG00000205853,RFPL3S,fbg,0.0346609059710032,0.31024604927602,0.001084,30.3863,2151,0.0129790388622431,TRUE,""
ENSG00000211638,IGLV8-61,fbg,-0.0163289667611531,0.239406878796789,0.003901,62.3454,1316,0.00760190816179077,TRUE,""
ENSG00000211649,IGLV7-46,fbg,-0.100035582271309,0.599583190937392,0.0008835,16.2499,1547,0.033588198446813,TRUE,""
ENSG00000211651,IGLV1-44,fbg,0.0313273656313472,0.215297197625348,0.0008835,18.7019,1553,0.0109572849376825,TRUE,""
ENSG00000211659,IGLV3-25,fbg,0.00745120910902141,0.714824323707511,0.0008835,12.9996,1771,0.0065354366195237,TRUE,""
ENSG00000211672,IGLV4-3,fbg,-0.00550598684210973,0.8078169693465,0.0008835,12.1213,1812,0.00652667443195924,TRUE,""
ENSG00000211677,IGLC2,fbg,-0.0167481699942899,0.287405814744335,0.0008835,45.729,1844,0.00437660915399814,TRUE,""
ENSG00000215012,C22orf29,fbg,-0.00297136760586623,0.870683232746339,0.0008333,46.7611,1555,0.00726645882724108,TRUE,""
ENSG00000215513,PI4KAP1,fbg,-0.00604223249688,0.926017053628438,0.0002249,8.3561,1471,0.0118979585032438,TRUE,""
ENSG00000218357,LL22NC03-75H12.2,fbg,-0.0500928214693785,0.0801183137276342,1.04e-05,11.5828,2976,0.0133471531000145,TRUE,""
ENSG00000218537,AP000350.4,fbg,-0.0108340343791402,0.0659578992594125,0.0008835,60.6212,1528,0.00686223066074708,TRUE,""
ENSG00000221598,MIR1249,fbg,-0.0368609418185546,0.561479628322256,0.003153,4.5936,2350,0.00297278697817442,TRUE,""
ENSG00000221890,NPTXR,fbg,0.00623253351354208,0.78331623830721,0.0001491,31.4153,1314,0.0046291868108723,TRUE,""
ENSG00000222037,IGLC6,fbg,0.0255996096404627,0.166170104682876,0.0008835,26.0706,1871,0.0193459718756911,TRUE,""
ENSG00000223704,RP1-90L6.2,fbg,0.00396000254349404,0.817494086363381,2.787e-05,22.4774,3155,0.00571997785078446,TRUE,""
ENSG00000224086,LL22NC03-86G7.1,fbg,0.00990671341748266,0.332669938984237,0.0002249,28.455,1383,0.00578123232887539,TRUE,""
ENSG00000224144,ASH2LP1,fbg,-0.14244995078158,0.0741455311114068,0.0008835,6.4164,1593,0.0434511348636601,TRUE,""
ENSG00000225335,XXbac-B476C20.9,fbg,0.0412514710078744,0.518387298084664,0.0001662,5.5742,1752,0.00674688646825819,TRUE,""
ENSG00000225450,RP3-508I15.14,fbg,-0.0201030284219062,0.523279796752506,0.0001491,19.4167,1335,0.00619223882453374,TRUE,""
ENSG00000225528,RP3-370M22.8,fbg,-0.00639889402640898,0.49924658287522,0.0001153,28.9798,1169,0.0052728289113141,TRUE,""
ENSG00000225544,KB-1027C11.4,fbg,0.0675155810045071,0.228558028316351,0.0002249,6.4814,1329,0.0138596771491287,TRUE,""
ENSG00000225783,MIAT,fbg,-0.0104710137922312,0.364803543676989,2.787e-05,69.0783,3263,0.00449197650942126,TRUE,""
ENSG00000226233,RP1-151B14.9,fbg,0.0043057396960304,0.453254704753736,0.004622,35.3496,1901,0.00505033040076182,TRUE,""
ENSG00000226471,CTA-292E10.6,fbg,-0.0556221358506217,0.293129068088163,0.002673,5.4671,1355,0.00874985885372948,TRUE,""
ENSG00000228274,RP3-508I15.9,fbg,-0.02404643352955,0.34661443250305,0.0001491,9.8575,1344,0.0101404210607531,TRUE,""
ENSG00000228719,RP5-1119A7.14,fbg,-0.0125140939010899,0.698684565645401,0.003134,6.5523,2121,0.00408333828298469,TRUE,""
ENSG00000228923,AP000355.2,fbg,-0.0168332219892602,0.146609268931168,0.001004,17.2546,1485,0.00987211977315935,TRUE,""
ENSG00000230071,RPL4P6,fbg,-0.025380393027531,0.531971058097401,0.0001153,5.8451,1025,0.00498111514235495,TRUE,""
ENSG00000230107,CTA-126B4.7,fbg,-0.00631247035785134,0.358137983510638,6.316e-05,38.7055,1711,0.00657655707581514,TRUE,""
ENSG00000230149,RP3-508I15.19,fbg,-0.0279519358895829,0.648014841940182,0.0001491,5.5707,1332,0.0455154228871868,TRUE,""
ENSG00000230319,AL022476.2,fbg,-0.025626597424563,0.302423598900007,6.316e-05,7.9683,2007,0.00613337143314156,TRUE,""
ENSG00000230701,FBXW4P1,fbg,0.0300934768811687,0.457568175062507,0.0008835,10.0154,1464,0.00599076461178508,TRUE,""
ENSG00000232710,RP4-669P10.16,fbg,-0.0221199363400106,0.689156516779352,6.316e-05,4.5873,1464,0.00512548758379986,TRUE,""
ENSG00000232926,AC000078.5,fbg,0.00649596399504102,0.43881634294658,0.0008333,26.1091,1532,0.00487460266164658,TRUE,""
ENSG00000233360,Z83844.1,fbg,-0.000996366996559859,0.963745004895627,0.0002161,14.4246,1651,0.00513387467169622,TRUE,""
ENSG00000234009,AL049757.3,fbg,0.0219582962447957,0.698684565645401,6.316e-05,7.0732,1863,0.00449405535488737,TRUE,""
ENSG00000235231,AP000351.10,fbg,-0.00998389782675286,0.0659578992594125,0.0008835,54.8456,1525,0.0222454437508645,TRUE,""
ENSG00000235237,RP1-151B14.6,fbg,0.0399965838566799,0.192379747571045,0.003134,12.0225,1988,0.0153096276808521,TRUE,""
ENSG00000235271,RP1-90L6.3,fbg,-0.0242925377067484,0.0619481514134812,2.787e-05,21.4024,3080,0.0286560571739664,TRUE,""
ENSG00000235513,RP4-756G23.5,fbg,0.0205805013247266,0.258884225947615,0.0001153,11.8448,1078,0.00875255531788128,TRUE,""
ENSG00000235568,NFAM1,fbg,0.0806550464283401,0.404656761927286,6.316e-05,8.8273,1707,0.00789024255714297,TRUE,""
ENSG00000235617,XXbac-B476C20.10,fbg,0.0976416107450934,0.00299013759069881,0.0001662,6.4089,1758,0.223374174970664,TRUE,""
ENSG00000235954,TTC28-AS1,fbg,0.0338051383781884,0.504985075093846,0.000777,17.876,2186,0.00990827706651184,TRUE,""
ENSG00000237037,RP4-669P10.18,fbg,0.00741964899814388,0.844045631821958,6.316e-05,11.9966,1456,0.00733709977629433,TRUE,""
ENSG00000237476,XXbac-B135H6.15,fbg,0.21192778436956,0.0533819511385757,0.0002249,9.5366,949,0.0618727687489274,TRUE,""
ENSG00000237517,DGCR5,fbg,-0.00605972769106514,0.826844797716898,0.0001662,18.1122,1857,0.00412376928646788,TRUE,""
ENSG00000237977,RP3-430N8.8,fbg,0.0169505697757917,0.0607927235305228,0.0006238,26.2416,1402,0.0218316409275371,TRUE,""
ENSG00000239282,GATSL3,fbg,-0.0544922141082464,0.0455002638963584,0.0006238,20.182,1552,0.0267297156566134,TRUE,""
ENSG00000239900,ADSL,fbg,0.0483489901241781,0.228378824513482,0.0001153,19.5123,1061,0.00972485139674162,TRUE,""
ENSG00000241527,CA15P1,fbg,-0.0021561561946708,0.707660466654552,0.0001662,44.1737,1801,0.00476816066811073,TRUE,""
ENSG00000241528,RP1-130H16.16,fbg,0.00765946231719538,0.834212236432498,0.0006238,8.0332,1537,0.00476370540366843,TRUE,""
ENSG00000241990,RP6-109B7.3,fbg,-0.0244426109377682,0.575479437698054,0.003041,8.4971,2049,0.00683642768027838,TRUE,""
ENSG00000242114,MTFP1,fbg,0.0427147761363304,0.156580407089635,0.0006238,19.3522,1522,0.0116319845089109,TRUE,""
ENSG00000244509,APOBEC3C,fbg,-0.0352264084751335,0.397909410228383,0.0001325,38.5999,1356,0.0147005868916337,TRUE,""
ENSG00000251267,RP1-5O6.6,fbg,-0.00572184330370209,0.680511892901686,0.0001491,16.1171,1398,0.00417535176429167,TRUE,""
ENSG00000253234,IGLV2-5,fbg,-0.00515195231553812,0.766239544861786,0.0008835,15.8373,1809,0.00738629467433016,TRUE,""
ENSG00000260065,CTA-445C9.15,fbg,-0.00228462454278888,0.674956824198368,2.787e-05,89.8577,3067,0.0291647420571673,TRUE,""
ENSG00000260708,CTA-29F11.1,fbg,-0.0193733867791807,0.841480581121794,1.04e-05,49.3556,2123,0.047307898790446,TRUE,""
ENSG00000261188,CTA-445C9.14,fbg,0.0814414021844408,0.264446949800334,2.787e-05,14.1804,3074,0.0123103439062511,TRUE,""
