gene,symbol,outcome,mr_b,mr_p,padj,gwas_min_p,eqtl_F_max,nsnp,pp4,strong
ENSG00000014914,MTMR11,t2d,-0.491316218894006,0.0010882173049342,0.03339949433404945,9.493e-06,17.2695,1337.0,0.439640383497139,False
ENSG00000069248,NUP133,t2d,-0.167072968733533,0.0015419695689399,0.042125120395435874,1.864e-09,32.3289,3071.0,0.0024822911156658,False
ENSG00000081026,MAGI3,t2d,-1.04545835917333,0.0001125997997968,0.006434792807702251,1.834e-06,6.1037,2786.0,0.706995122039077,False
ENSG00000086619,ERO1LB,t2d,0.198281353225504,0.0001790794788268,0.009033761827946,1.456e-05,26.4336,4072.0,0.540993790944682,False
ENSG00000116273,PHF13,t2d,-0.257456998688752,0.0001705691975311,0.00877828344869651,2.626e-06,21.4001,2877.0,0.764860481185517,False
ENSG00000116299,KIAA1324,t2d,0.106357545102423,3.00975129645412e-05,0.002396044196161522,3.104e-05,150.1966,2240.0,0.0035307595606218,False
ENSG00000116584,ARHGEF2,t2d,-0.860693075122969,0.0011876481726394,0.03523630641344475,0.0001772,6.8819,1683.0,0.673113346796969,False
ENSG00000118292,C1orf54,t2d,-0.417408362808057,0.0003104947842501,0.013756268919602258,9.493e-06,9.697,1697.0,0.632904192468529,False
ENSG00000127603,MACF1,t2d,0.28499653228493,3.3211482646508395e-11,2.603269293599389e-08,7.658e-14,39.7368,2961.0,3.47486952462794e-06,False
ENSG00000132680,KIAA0907,t2d,-1.40147643125023,0.0011876481726394,0.03523630641344475,0.0001772,6.288,1650.0,0.653112947397751,False
ENSG00000133059,DSTYK,t2d,0.107464160107081,9.66968565875173e-05,0.005900245321118571,9.455e-06,86.4101,3254.0,0.529960406119168,False
ENSG00000133069,TMCC2,t2d,0.276245765698545,0.0004331973762853,0.0174097966107655,9.455e-06,15.9769,3086.0,0.532449473791142,False
ENSG00000134256,CD101,t2d,0.132574119576048,0.0001163658554592,0.006515209160050812,2.471e-08,58.4668,2916.0,0.94884375983226,True
ENSG00000135763,URB2,t2d,-1.07903717865861,0.0015716853273397,0.04268470194471048,1.864e-09,8.5348,3301.0,0.0278553087220012,False
ENSG00000142669,SH3BGRL3,t2d,-0.466378953637279,3.3965348142952e-07,7.866065854015475e-05,1.251e-07,15.5404,2083.0,0.991344131888493,True
ENSG00000142675,CNKSR1,t2d,0.394108102907829,4.43942721805667e-05,0.003231268810856962,1.251e-07,15.441,2039.0,0.504994052194825,False
ENSG00000143393,PI4KB,t2d,1.39004618258219,0.0002816924543843,0.012701088983079721,9.493e-06,5.2459,2493.0,0.654925856506565,False
ENSG00000143476,DTL,t2d,1.81365154281257,0.0015500961845331,0.04223390406522002,0.0003937,6.4703,4600.0,0.708535427853659,False
ENSG00000150337,FCGR1A,t2d,-0.231543542041062,0.0010773638690861,0.03316718376431226,9.493e-06,15.954,1220.0,0.429078643355929,False
ENSG00000162512,SDC3,t2d,-0.387749293665891,0.000495557902168,0.01905560386072423,0.0001701,14.1344,3811.0,0.665778128652954,False
ENSG00000162885,B3GALNT2,t2d,-0.0974353377668762,0.000763071795393,0.02657096870729114,1.456e-05,84.3216,3349.0,0.0015908813187833,False
ENSG00000163113,OTUD7B,t2d,-0.481170758753482,0.0010751973622241,0.03316718376431226,9.493e-06,11.0859,1382.0,0.362074386081974,False
ENSG00000172260,NEGR1,t2d,0.0841505605995696,0.0013120392108359,0.03798204420005063,3.336e-06,34.2031,2820.0,0.166688405682686,False
ENSG00000174529,TMEM81,t2d,0.335959108776287,0.0001790794788268,0.009033761827946,9.455e-06,15.4668,3378.0,0.651463530965496,False
ENSG00000175087,PDIK1L,t2d,1.64353180019438,1.64966650618626e-05,0.0015798709017090624,1.251e-07,4.8431,2034.0,0.660112336853443,False
ENSG00000176092,AIM1L,t2d,0.475869749298799,0.0001315548907188,0.0071521295085449155,1.251e-07,12.0743,2098.0,0.371778355035883,False
ENSG00000177606,JUN,t2d,0.159389360431688,0.0012472518509482,0.03652154126770735,0.001199,28.3811,3770.0,0.327285657075171,False
ENSG00000178715,RP11-169K16.8,t2d,0.139113534776998,0.0012345757246411,0.036359325532060144,1.768e-05,13.433,2970.0,0.261651445259291,False
ENSG00000198492,YTHDF2,t2d,-0.226647752028734,1.40892452880734e-05,0.0014422604863978902,7.602e-06,14.9962,2237.0,0.910657101380508,True
ENSG00000198700,IPO9,t2d,-0.316982478258418,0.0002271389839353,0.011021648791908128,8.788e-07,17.1518,3291.0,0.576568420374279,False
ENSG00000198860,TSEN15,t2d,0.169536250887004,0.00039760758223,0.01647000513383618,0.0003655,26.7705,3521.0,0.63771981744115,False
ENSG00000213281,NRAS,t2d,-0.854922871180552,0.001927878031905,0.04986060189114708,1.834e-06,5.7355,3460.0,0.230955136050402,False
ENSG00000226920,RP5-1068B5.3,t2d,-0.939883123466774,1.62964898396809e-06,0.0002594706741661693,1.864e-09,7.218,3028.0,0.852114495602402,True
ENSG00000242349,NPPA-AS1,t2d,0.0972660709821187,0.0010079856463135,0.031595623214820664,0.000302,38.5879,2390.0,0.516276063924495,False
ENSG00000259834,RP11-284N8.3,t2d,0.191801524882591,0.0004734811017075,0.018368400164477935,2.834e-06,14.4624,3792.0,0.692246325509445,False
ENSG00000081320,STK17B,t2d,0.20540646635456,0.0007850160054334,0.02702470640326468,6.995e-05,23.5131,3418.0,0.457779472209739,False
ENSG00000115211,EIF2B4,t2d,0.615429280170299,6.76661938975735e-08,2.2242532768266903e-05,5.159e-21,10.4005,2387.0,2.14515048901416e-10,False
ENSG00000115216,NRBP1,t2d,-0.259994827608533,2.20702266134477e-08,8.03198604253686e-06,5.159e-21,30.2042,2387.0,2.03252150287808e-08,False
ENSG00000115241,PPM1G,t2d,-0.345256507132712,1.70798109419836e-05,0.0015822115772619353,5.159e-21,17.6429,2387.0,2.1776425787798397e-11,False
ENSG00000116030,SUMO1,t2d,0.875412169521194,0.001498365012654,0.04126578237552503,9.651e-05,5.1547,2700.0,0.341304581631573,False
ENSG00000118997,DNAH7,t2d,0.280545726667071,0.0005180137366909,0.019769887553858695,6.995e-05,18.6261,3499.0,0.422731799837157,False
ENSG00000119760,SUPT7L,t2d,0.505112324830184,0.0013305750393882,0.03830101596431005,5.159e-21,9.726,2652.0,1.4208647654516e-14,False
ENSG00000119866,BCL11A,t2d,-0.763469746752601,5.5811237651583e-06,0.0007198943185691528,2.29e-15,6.7655,3512.0,9.79881909471997e-05,False
ENSG00000123636,BAZ2B,t2d,0.0732776185070312,0.0001582339720921,0.008226551916420913,1.391e-11,75.4122,4527.0,0.0001283476465612,False
ENSG00000135924,DNAJB2,t2d,-0.433772372208766,0.0014591258314483,0.0407355951300224,0.0002965,13.5827,2794.0,0.397419462386376,False
ENSG00000135974,C2orf49,t2d,0.993379810487888,1.90172751687517e-07,5.0996324728836795e-05,1.219e-07,7.2014,4423.0,0.980172561304731,True
ENSG00000143882,ATP6V1C2,t2d,-0.425372950225685,0.0016221251935153,0.0437287188410606,0.0001428,9.4357,3776.0,0.238373407894242,False
ENSG00000153214,TMEM87B,t2d,-0.17939503278603,0.0016652406334837,0.044455992952103104,3.567e-08,29.669,2584.0,0.0095240371685035,False
ENSG00000153250,RBMS1,t2d,0.888891475665545,1.87298800335259e-06,0.0002936268885255829,1.391e-11,8.5907,3997.0,0.008232028828628,False
ENSG00000157992,KRTCAP3,t2d,0.124157365543321,1.80695257534426e-05,0.001634436763793266,5.159e-21,32.9934,2394.0,1.56448591924548e-10,False
ENSG00000177917,ARL6IP6,t2d,0.387596921717098,0.0004548540393908,0.017853999263301796,7.512e-05,12.2112,4089.0,0.790630711068086,False
ENSG00000196950,SLC39A10,t2d,-0.107474762387584,0.0004142043505126,0.016950772416559817,6.995e-05,44.0911,3613.0,0.5682010729955,False
ENSG00000198925,ATG9A,t2d,-0.355976069924604,0.0016652406334837,0.044455992952103104,0.0002965,16.0482,2717.0,0.399301059342337,False
ENSG00000223522,AC093690.1,t2d,-0.106681839260739,0.0010101973479222,0.031595623214820664,5.159e-21,14.51,3278.0,1.85563103879721e-14,False
ENSG00000224152,AC009506.1,t2d,0.0510262330688967,0.0001582339720921,0.008226551916420913,1.391e-11,44.8808,4393.0,0.0001326178121339,False
ENSG00000226261,AC064836.3,t2d,0.239463250679403,0.0007692282402994,0.02657096870729114,9.651e-05,10.5199,2607.0,0.37633571456056,False
ENSG00000227992,AC108463.2,t2d,0.15866577034911,0.0009318110103013,0.030372522205403804,3.567e-08,11.9565,1966.0,0.0139996910515583,False
ENSG00000228590,AC007381.3,t2d,0.457630525125502,2.27424271068527e-05,0.0019312111018235751,2.29e-15,6.7961,3562.0,7.92630579982745e-07,False
ENSG00000234936,AC010883.5,t2d,-0.407733223730669,1.14945890849768e-21,3.90432875919712e-18,6.687e-28,19.4838,4368.0,0.0001204497938904,False
ENSG00000268688,AC007382.1,t2d,-0.294719125506357,0.0014869665991596,0.04117442838433783,8.957e-06,6.1201,4878.0,0.245189180071313,False
ENSG00000004399,PLXND1,t2d,0.374216441396051,0.0018420491513,0.04812943808140256,0.0001176,14.1349,2741.0,0.348388236500778,False
ENSG00000004534,RBM6,t2d,-0.0577133415258059,1.02183794615947e-05,0.0011442339199302198,9.597e-07,101.8767,1689.0,0.944783239528696,True
ENSG00000073711,PPP2R3A,t2d,0.390660621440028,0.0008015101923669,0.027315681806751542,5.423e-06,13.3703,2463.0,0.285491104795144,False
ENSG00000073803,MAP3K13,t2d,-0.530408168770641,2.18705675941223e-07,5.571527094602656e-05,3.8540000000000004e-57,16.5765,2701.0,1.8177448059240902e-47,False
ENSG00000073849,ST6GAL1,t2d,0.205772364031345,0.0007082546586421,0.024907019820434553,2.469e-09,25.778,3435.0,0.0048467453598038,False
ENSG00000076201,PTPN23,t2d,-0.811836027267483,2.82044021003335e-05,0.0023177649790516,1.686e-08,7.2752,1977.0,0.171499727789858,False
ENSG00000113790,EHHADH,t2d,-0.335016764975901,1.91774188899523e-06,0.0002951742027561315,3.8540000000000004e-57,26.159,2666.0,1.4744651623348802e-47,False
ENSG00000114648,KLHL18,t2d,-0.409933082903063,0.0003882489828453,0.016416004710346918,1.686e-08,11.1859,2010.0,0.0162241954406568,False
ENSG00000114650,SCAP,t2d,0.14452842503753,0.0001012819877109,0.006063767725445491,1.686e-08,38.6879,1977.0,0.0459249462121933,False
ENSG00000144749,LRIG1,t2d,-0.177889553805024,1.90399083840792e-05,0.0017019005827523426,1.654e-06,37.0252,4070.0,0.922057550649883,True
ENSG00000154743,TSEN2,t2d,0.239052426197829,0.0013408010309784,0.038486654945549,1.637e-24,41.8792,3642.0,2.9950038123846904e-19,False
ENSG00000163577,EIF5A2,t2d,0.529277206925724,0.0012472518509482,0.03652154126770735,2.25e-08,8.5467,3569.0,0.824313108247966,True
ENSG00000163684,RPP14,t2d,-0.320350706695565,0.0016835729200575,0.04463322944271992,2.6e-06,13.3152,3466.0,0.242035175187536,False
ENSG00000163812,ZDHHC3,t2d,0.422538075733195,0.0001790794788268,0.009033761827946,5.068e-05,12.4045,3531.0,0.787321107389065,False
ENSG00000163815,CLEC3B,t2d,0.111929641906865,0.0001319529291076,0.0071521295085449155,5.068e-05,47.3822,3578.0,0.833833762129008,True
ENSG00000163933,RFT1,t2d,-0.180448542624537,1.23883375996508e-07,3.5065877816789354e-05,6.238e-08,34.6411,2714.0,0.987587381299832,True
ENSG00000168291,PDHB,t2d,0.137034279719806,0.0010048808672885,0.031595623214820664,2.6e-06,35.4612,3547.0,0.177416789730529,False
ENSG00000168917,SLC35G2,t2d,-0.624039638581764,0.0013192237421208,0.038081841167736406,5.423e-06,6.996,2809.0,0.202663172437581,False
ENSG00000169379,ARL13B,t2d,1.04386442634154,5.37273754655698e-07,0.00010798537866945571,9.517e-08,6.8249,1539.0,0.935442298629427,True
ENSG00000174564,IL20RB,t2d,0.609921183521144,0.0016827060782607,0.04463322944271992,5.423e-06,6.8295,2883.0,0.191954752007099,False
ENSG00000177311,ZBTB38,t2d,-0.166043625701415,7.99851933705694e-05,0.005327118434288249,1.119e-05,27.7864,3580.0,0.74541864990834,False
ENSG00000178700,DHFRL1,t2d,-0.382769445317933,0.0003934414105433,0.016431016284574704,9.517e-08,14.7841,1571.0,0.0523215592757698,False
ENSG00000182179,UBA7,t2d,-0.110361492531455,1.02183794615947e-05,0.0011442339199302198,9.597e-07,79.4845,1533.0,0.207810296962017,False
ENSG00000185614,FAM212A,t2d,-0.314214124121589,0.0001130351239037,0.006434792807702251,9.597e-07,15.4554,1527.0,0.331929926608587,False
ENSG00000206530,WDR52,t2d,-0.181579726061058,0.0016221251935153,0.0437287188410606,9.163e-07,24.3937,3765.0,0.0780302383108706,False
ENSG00000213123,TCTEX1D2,t2d,0.123289490383142,0.00095197641607,0.030505156225639308,5.627e-06,61.1577,2143.0,0.0242011037939744,False
ENSG00000242142,SERBP1P3,t2d,0.0624938910965816,5.36831988530008e-07,0.00010798537866945571,6.238e-08,41.8187,2656.0,0.979895229794206,True
ENSG00000087274,ADD1,t2d,-0.293831004602724,0.0007898659324482,0.027100113978609962,6.993e-07,17.597,2314.0,0.104477207129083,False
ENSG00000109501,WFS1,t2d,0.300402078012175,0.0013821780353994,0.03945208453983161,5.5160000000000005e-34,22.8878,3915.0,3.6585952688274304e-19,False
ENSG00000109618,SEPSECS,t2d,0.570272379587604,0.0016665543972231,0.044455992952103104,0.0001159,12.2441,3624.0,0.420788746444492,False
ENSG00000109670,FBXW7,t2d,-0.770102372650013,9.43880609044675e-08,2.748040973190068e-05,2.317e-10,10.5898,3384.0,0.924611234196519,True
ENSG00000118804,STBD1,t2d,-0.256871060348344,0.0010037494225076,0.031595623214820664,2.606e-06,25.9858,4292.0,0.110437419830944,False
ENSG00000125388,GRK4,t2d,0.142897309131785,0.0001147201210465,0.0064944335192435275,6.993e-07,42.237,2314.0,0.18875964856256,False
ENSG00000138778,CENPE,t2d,-0.9346009965842,2.89187191032343e-05,0.0023500389451131818,6.182e-10,7.7483,3247.0,0.0475750932425306,False
ENSG00000145375,SPATA5,t2d,-1.31552092693078,2.03276427768894e-05,0.0017704160674914785,2.027e-08,6.3784,3848.0,0.915979967524608,True
ENSG00000145431,PDGFC,t2d,0.308679551179897,6.07363888051614e-06,0.000756738798266258,5.267e-07,21.7795,4701.0,0.943693907632831,True
ENSG00000163069,SGCB,t2d,-0.300348901176541,1.44303197974185e-05,0.0014558906805514308,2.481e-08,21.9881,1571.0,0.337769143010146,False
ENSG00000163071,SPATA18,t2d,-0.237644532095689,5.39146699344953e-05,0.0038152117127257437,2.481e-08,23.5446,1656.0,0.147854264499987,False
ENSG00000163257,DCAF16,t2d,-0.317303900174054,0.0001170265770407,0.00651639792374171,7.034e-06,19.0171,4036.0,0.83892141295213,True
ENSG00000164038,SLC9B2,t2d,0.741344677843808,1.30162148801297e-06,0.00022105871604753607,6.182e-10,8.4036,3252.0,0.135088555456409,False
ENSG00000164039,BDH2,t2d,-0.0985143349898146,2.40468093788664e-06,0.00035512606894296905,6.182e-10,46.6161,3247.0,0.150534349426651,False
ENSG00000170917,NUDT6,t2d,-0.336058413190879,8.19596328730063e-05,0.0053536452498457315,2.027e-08,23.7386,3733.0,0.087686492326547,False
ENSG00000230069,LRRC37A15P,t2d,0.092904706653621,3.60791513623836e-09,1.8382327619134547e-06,6.182e-10,38.1637,3349.0,0.980973397057211,True
ENSG00000246560,RP11-10L12.4,t2d,0.151037889456831,1.46894406807729e-07,4.045551365866915e-05,6.182e-10,47.4495,3335.0,0.516237528664001,False
ENSG00000248213,CICP16,t2d,-0.422973920345338,0.0008581206663936,0.028858909539771563,0.0002333,7.4208,4317.0,0.579462525114638,False
ENSG00000248971,KRT8P46,t2d,0.107924101998527,3.6079151362383804e-09,1.8382327619134547e-06,6.182e-10,32.8526,3352.0,0.980973396431229,True
ENSG00000249307,RP11-438E5.1,t2d,0.2858384902106,0.0008888604916499,0.02959963532651138,0.000416,8.5226,3708.0,0.560567962394918,False
ENSG00000251075,HTT-AS1,t2d,0.0562120746632965,0.0009116704092432,0.029967488613510347,6.993e-07,28.8488,2299.0,0.0943058839589239,False
ENSG00000251288,RP11-10L12.2,t2d,0.163881129999089,3.6079151362383804e-09,1.8382327619134547e-06,6.182e-10,18.8328,3340.0,0.9809732435352,True
ENSG00000268471,DKFZP434I0714,t2d,-0.445431366989514,4.7914079722855e-07,0.00010614010269041141,2.317e-10,7.8782,3360.0,0.846089322792501,True
ENSG00000055147,FAM114A2,t2d,0.356292620555285,0.0005391205368413,0.02034680840893647,0.0002719,13.1392,4456.0,0.436206696334771,False
ENSG00000064651,SLC12A2,t2d,0.306423803388024,0.0001951026222149,0.009698027904243078,6.976e-05,19.6799,4182.0,0.745616867697684,False
ENSG00000112996,MRPS30,t2d,0.483672657291499,8.63967424724621e-05,0.005523600186394729,1.273e-06,10.4142,2529.0,0.606133771747401,False
ENSG00000113161,HMGCR,t2d,-0.381767523903065,4.83856174655688e-05,0.0034721791688320145,3.027e-08,14.9667,3819.0,0.233544338015767,False
ENSG00000145725,PPIP5K2,t2d,-0.0497120000424815,0.0002622403088409,0.012091532792256884,1.101e-17,73.5418,3845.0,4.4009313440023e-11,False
ENSG00000145907,G3BP1,t2d,-0.543963151525544,0.0015750194240639,0.04268470194471048,0.0001521,8.3487,4723.0,0.351987710024407,False
ENSG00000152359,POC5,t2d,-0.164574186550784,6.08955657093554e-06,0.000756738798266258,3.027e-08,61.1837,3694.0,0.649855085624047,False
ENSG00000152409,JMY,t2d,-0.136255874673169,3.35175484841047e-05,0.0025874531746441433,3.761e-07,39.9633,3626.0,0.415406671845924,False
ENSG00000173930,SLCO4C1,t2d,0.138814358544688,9.13455382086478e-05,0.00567567703869586,1.101e-17,26.9287,4541.0,1.57197062741026e-10,False
ENSG00000229666,MAST4-AS1,t2d,-0.150027981673134,2.65042752056378e-06,0.0003858265204934988,3.92e-07,17.7703,3673.0,0.97675195075488,True
ENSG00000245937,CTC-228N24.3,t2d,0.0937853974602212,0.0014579445286619,0.0407355951300224,6.976e-05,47.3745,4130.0,0.791919453144752,False
ENSG00000249915,PDCD6,t2d,0.252503382719474,3.11056024514747e-05,0.0024571014649653273,1.64e-05,27.9517,1282.0,0.842272690870712,True
ENSG00000250848,CTD-2083E4.5,t2d,-0.315099997311642,8.79121421667048e-05,0.005564128749557279,1.64e-05,9.2371,1280.0,0.766098100755004,False
ENSG00000260774,CTD-2083E4.4,t2d,-0.483416519998749,3.90476808528868e-05,0.002904349400663624,1.64e-05,6.5855,1253.0,0.779620743641772,False
ENSG00000047932,GOPC,t2d,1.16367568603947,7.65166693032588e-05,0.005163608345696736,3.048e-06,5.1336,3759.0,0.372196463954156,False
ENSG00000064995,TAF11,t2d,-0.696473563977414,0.0009353679437391,0.030372522205403804,1.01e-06,8.0543,3137.0,0.272607304349206,False
ENSG00000064999,ANKS1A,t2d,-0.540550528326217,3.81991970655781e-05,0.0028621310154282415,1.01e-06,17.2218,3168.0,0.8935332822457,True
ENSG00000111879,FAM184A,t2d,0.643006225173843,0.0001331744820441,0.007180148000155445,3.576e-05,8.234,4366.0,0.900001903620784,True
ENSG00000112282,MED23,t2d,-0.32684334125419,5.19282777130817e-07,0.00010798537866945571,2.427e-08,28.7006,4067.0,0.982610203294629,True
ENSG00000112425,EPM2A,t2d,-0.145220492152861,0.0010305486111253,0.03201612910782563,4.553e-05,30.9477,3766.0,0.198221497159216,False
ENSG00000112658,SRF,t2d,-0.937846060305595,8.08520106445524e-05,0.0053498830419999276,1.129e-10,6.3576,2527.0,0.0006130715551005,False
ENSG00000112701,SENP6,t2d,0.121608965830819,1.1720883618302e-05,0.0012572189902157619,5.747e-06,51.9206,3016.0,0.142495177014646,False
ENSG00000118520,ARG1,t2d,-0.143760804503598,1.06739783516975e-06,0.00018435227017592803,2.427e-08,67.6381,4018.0,0.998466861748427,True
ENSG00000124766,SOX4,t2d,0.501212114623711,0.0018971217794117,0.04919000237202347,5.999e-62,9.3093,4374.0,7.14727911741128e-17,False
ENSG00000146166,LGSN,t2d,0.104705845659187,9.66968565875172e-05,0.005900245321118571,5.684e-06,52.1115,4007.0,0.579306152142642,False
ENSG00000146215,CRIP3,t2d,0.22444181848162,8.97817529863383e-05,0.005612736582397467,1.129e-10,21.9613,2311.0,0.0009637987460211,False
ENSG00000146414,SHPRH,t2d,0.26829878915324,0.0002300132844452,0.011055827209889565,4.553e-05,17.6542,3660.0,0.522300451575092,False
ENSG00000164626,KCNK5,t2d,-0.805683761824925,0.0004224591810916,0.017082774029061127,5.703e-05,6.0633,4412.0,0.479808500454403,False
ENSG00000168477,TNXB,t2d,0.113831444930242,1.5866563039512e-06,0.0002594706741661693,3.715e-19,23.9271,1090.0,2.26849324145911e-10,False
ENSG00000196586,MYO6,t2d,-0.330063332527487,0.0004758839689325,0.018368400164477935,5.747e-06,15.6078,2991.0,0.198757387586921,False
ENSG00000198518,HIST1H4E,t2d,0.244329263122191,0.0003882489828453,0.016416004710346918,6.758e-06,18.8688,4450.0,0.367635137746916,False
ENSG00000204421,LY6G6C,t2d,-0.958190085066865,1.82892113312131e-08,7.167963979425442e-06,3.715e-19,6.1179,697.0,0.0014615149830779,False
ENSG00000204482,LST1,t2d,-0.195660152813116,3.50451667471565e-05,0.0026850394673197347,2.032e-16,21.4294,684.0,1.09263580582905e-08,False
ENSG00000220614,RP11-480N24.4,t2d,0.385389247343199,9.16894980516405e-06,0.0010991952766426078,1.129e-10,5.5569,2322.0,0.0031169605889936,False
ENSG00000225921,NOL7,t2d,-2.35528537178241,0.0011156339054723,0.0339352522291425,0.0005385,5.0686,3537.0,0.672089407572148,False
ENSG00000232810,TNF,t2d,-0.244988331609614,2.0436462729371001e-10,1.3883170347486035e-07,2.032e-16,24.4834,684.0,0.0009201696604936,False
ENSG00000091140,DLD,t2d,-0.683695027116308,0.000465258158071,0.018164676746143638,0.0001206,11.0589,3423.0,0.67539846104676,False
ENSG00000106012,IQCE,t2d,0.463344585260387,0.0014439712380942,0.040574400231824306,3.091e-07,15.8978,4019.0,0.0190095121245593,False
ENSG00000106392,C1GALT1,t2d,0.158569288266263,0.0017652867295637,0.046361525191376554,0.0006012,61.0746,4152.0,0.183989367521037,False
ENSG00000122557,HERPUD2,t2d,-0.202859892195129,3.26933027351139e-05,0.002543089731838249,3.499e-05,28.3585,4114.0,0.93119066276845,True
ENSG00000128563,PRKRIP1,t2d,-0.232746067097173,0.0014453883497696,0.040574400231824306,5.986e-07,33.4277,2580.0,0.163003196518327,False
ENSG00000133624,ZNF767,t2d,0.182468033718535,0.0002493551200311,0.011561893948186026,9.227e-05,28.6115,2409.0,0.634902687719762,False
ENSG00000146830,GIGYF1,t2d,-0.409074571669657,2.6352263939231e-07,6.549501696116192e-05,2.337e-07,25.7592,2705.0,0.998350307342822,True
ENSG00000164631,ZNF12,t2d,-0.741828995659985,0.001182820910356,0.03523630641344475,0.0006012,8.1306,3603.0,0.479339452265038,False
ENSG00000168255,POLR2J3,t2d,0.182108718724032,0.0003931453931257,0.016431016284574704,5.986e-07,17.466,2508.0,0.317757988361964,False
ENSG00000169193,CCDC126,t2d,0.128892560576772,0.0011087774849459,0.03382767237005605,2.622e-05,42.1517,4837.0,0.198036274448062,False
ENSG00000172336,POP7,t2d,1.17844522193512,0.0003131560655198,0.01381411388591672,2.337e-07,9.498,2690.0,0.456733399849738,False
ENSG00000181220,ZNF746,t2d,0.193929346105748,0.0006738585313537,0.024093398015769135,9.227e-05,28.0355,2165.0,0.545531615595316,False
ENSG00000196453,ZNF777,t2d,0.465223848372164,0.0002493551200311,0.011561893948186026,9.227e-05,11.3878,2237.0,0.658372474659136,False
ENSG00000205238,SPDYE2,t2d,0.186481598719547,1.32197538221379e-05,0.001388755581933868,5.986e-07,16.0999,2514.0,0.963069543303599,True
ENSG00000221510,MIR548O,t2d,0.25348595918926,0.0009441316671311,0.030372522205403804,5.986e-07,12.8891,2580.0,0.200876266503801,False
ENSG00000029534,ANK1,t2d,0.454769988402351,6.84953982367959e-12,7.755201200366114e-09,3.1589999999999996e-22,21.1747,3502.0,4.5605740502786e-08,False
ENSG00000079459,FDFT1,t2d,0.139993132620051,8.57582295124821e-05,0.005523600186394729,8.369e-09,89.3737,3527.0,1.0603440047048e-05,False
ENSG00000147324,MFHAS1,t2d,0.174030971078942,0.0008955790249541,0.029726222359225667,8.731e-09,28.5363,5440.0,0.0046354726896452,False
ENSG00000147408,CSGALNACT1,t2d,-0.0978654886247382,0.0002457327799303,0.011561893948186026,3.035e-08,80.9204,5926.0,0.0002478302188522,False
ENSG00000147576,ADHFE1,t2d,-0.0612097364916613,0.0014233512250772,0.04040097209898793,0.0004227,79.5761,2218.0,0.121015112414102,False
ENSG00000154319,FAM167A,t2d,0.169037370077246,5.73303143758388e-07,0.00011234536605573027,6.288e-10,86.8324,4432.0,7.0796172547088e-06,False
ENSG00000164941,INTS8,t2d,-0.236445551618256,1.55667011320484e-05,0.0015107112812911732,4.545e-09,25.3699,4902.0,0.119926019560557,False
ENSG00000170791,CHCHD7,t2d,0.273909912714224,0.0018111816138014,0.04744457749263821,0.001859,18.4533,4377.0,0.360210614605612,False
ENSG00000171044,XKR6,t2d,-0.252632398345753,0.0004449074025931,0.017640491954955987,6.288e-10,20.7464,5789.0,0.0009753995980561,False
ENSG00000171056,SOX7,t2d,1.17523801182646,7.31000778513228e-07,0.0001354345078736326,6.288e-10,6.0739,5785.0,0.790993534647216,False
ENSG00000173295,FAM86B3P,t2d,-0.262838781808317,0.0003968516212399,0.01647000513383618,4.939e-08,15.7192,3375.0,0.084473501456047,False
ENSG00000175305,CCNE2,t2d,-0.679650170648464,7.6411312712965e-06,0.0009269419958870397,4.545e-09,9.376,4900.0,0.441421725093793,False
ENSG00000175445,LPL,t2d,-0.209974385436738,7.57749853500451e-07,0.00013740006950599949,3.035e-08,59.4384,5805.0,0.522422108851607,False
ENSG00000177710,SLC35G5,t2d,-0.32033026241411,8.60730332911336e-05,0.005523600186394729,6.288e-10,14.6964,4766.0,0.0127388185248752,False
ENSG00000196378,ZNF34,t2d,0.224923137663057,1.94079210840636e-06,0.0002951742027561315,1.618e-08,29.5609,239.0,0.837476902458287,True
ENSG00000233609,RP11-62H7.2,t2d,0.0678562577433101,2.90583814606733e-05,0.0023500389451131818,8.731e-09,42.3015,5735.0,0.0031931469893049,False
ENSG00000253649,PRSS51,t2d,0.534603353752725,0.0001007042058535,0.006063767725445491,6.288e-10,7.4529,5905.0,0.0035043148995426,False
ENSG00000253878,RP11-347C18.3,t2d,0.532854018314692,8.58263577972377e-08,2.650213896829855e-05,4.545e-09,5.2291,4936.0,0.932041055765165,True
ENSG00000253981,ALG1L13P,t2d,0.144493296309118,1.46868476737894e-05,0.001467244880352098,4.939e-08,18.6842,3390.0,0.816051995860348,True
ENSG00000254275,RP11-89M16.1,t2d,0.481103030121045,0.0006738585313537,0.024093398015769135,3.95e-07,8.0548,4200.0,0.708635853218946,False
ENSG00000255310,AF131215.2,t2d,0.0592983038102026,0.0004449074025931,0.017640491954955987,6.288e-10,36.8911,5613.0,0.0009754337342173,False
ENSG00000269918,AF131215.9,t2d,0.0600595674686003,0.0004449074025931,0.017640491954955987,6.288e-10,36.4235,5622.0,0.0009754336921478,False
ENSG00000056586,RC3H2,t2d,0.59959902527361,4.76903814203762e-05,0.0034465601891747054,6.202e-07,14.4607,3188.0,0.817415181215947,True
ENSG00000119431,HDHD3,t2d,-0.117483947368939,0.0001155303111851,0.006504165033017509,0.0001194,56.7297,3739.0,0.615311501785239,False
ENSG00000147874,HAUS6,t2d,-0.351539753219164,9.8813736990984e-06,0.0011420450650427752,2.849e-07,12.1614,5057.0,0.590418412772341,False
ENSG00000147905,ZCCHC7,t2d,0.169411340505484,0.0004339635269023,0.0174097966107655,0.0002048,29.89,3269.0,0.614183073759914,False
ENSG00000160563,MED27,t2d,0.484028084041588,1.55022237131617e-05,0.0015107112812911732,1.354e-05,12.0978,2653.0,0.926102331834865,True
ENSG00000165006,UBAP1,t2d,-0.320597069892164,7.43166579046319e-05,0.005048578293654659,1.36e-09,17.3782,2622.0,0.0028530527946233,False
ENSG00000167103,PIP5KL1,t2d,0.489701634554435,0.0005905945101073,0.02188421111997595,6.104e-05,14.5361,2026.0,0.599045113006992,False
ENSG00000167106,FAM102A,t2d,0.311754431667564,0.0005202927720031,0.019779034484722794,6.104e-05,23.1807,2002.0,0.629565491374256,False
ENSG00000168913,ENHO,t2d,-0.805868532151902,0.0008458154643819,0.02853927013924358,1.36e-09,5.5273,2585.0,0.0086505022310332,False
ENSG00000173258,ZNF483,t2d,0.732884934861446,0.0002339251995514,0.011191069405768854,1.676e-05,9.4548,4832.0,0.683077695108696,False
ENSG00000186130,ZBTB6,t2d,0.741903636461249,1.81247648978056e-05,0.001634436763793266,6.202e-07,13.11,3211.0,0.913584973669545,True
ENSG00000196781,TLE1,t2d,0.965858180011924,5.97794473691608e-10,3.807203554323429e-07,1.9619999999999998e-22,10.1338,3605.0,5.88890636572789e-07,False
ENSG00000230925,RP11-176F3.7,t2d,0.182085792548116,9.426331058811141e-09,3.842172539571421e-06,1.36e-09,15.8064,2995.0,0.924871918119311,True
ENSG00000052749,RRP12,t2d,-0.133027967701296,0.0001072555677459,0.006249069856598487,1.105e-06,120.1601,2968.0,0.0022179456459636,False
ENSG00000065665,SEC61A2,t2d,-0.113223622782446,7.48348965185439e-06,0.0009187561391854967,1.966e-17,51.5603,4153.0,5.78355434313713e-10,False
ENSG00000095485,CWF19L1,t2d,-0.0796943702644714,0.0003150936635397,0.013839674273575615,1.232e-09,86.5516,3228.0,0.960013578606752,True
ENSG00000095637,SORBS1,t2d,0.642257430322655,0.0004555485582393,0.017853999263301796,0.0004762,8.647,4208.0,0.657105946311533,False
ENSG00000107679,PLEKHA1,t2d,0.122007716535233,6.68177377129945e-05,0.004569615753660496,1.478e-10,51.1542,3982.0,0.70063562242865,False
ENSG00000107864,CPEB3,t2d,0.568862678541491,4.22490940500571e-06,0.0005740243578267758,9.337e-40,11.4546,2941.0,4.9933575478562896e-26,False
ENSG00000138160,KIF11,t2d,-1.83211659421256,2.28581698277329e-34,1.358175428049971e-30,9.337e-40,9.3753,3664.0,0.882591554243968,True
ENSG00000148572,NRBF2,t2d,-0.174209704867932,8.97817529863382e-05,0.005612736582397467,2.559e-05,22.5527,4115.0,0.811401104931589,True
ENSG00000165476,REEP3,t2d,-0.279938429762239,0.0011895279103263,0.03523630641344475,2.559e-05,16.3953,3595.0,0.256157039762948,False
ENSG00000165609,NUDT5,t2d,0.296802926977931,2.42743612185533e-17,6.183893520426454e-14,1.966e-17,23.8018,4090.0,0.999653186092686,True
ENSG00000166507,NDST2,t2d,0.173471284392028,0.0001117114843355,0.006434792807702251,2.375e-08,34.7696,2170.0,0.100509108682155,False
ENSG00000181274,FRAT2,t2d,-0.145157588574023,0.0001072555677459,0.006249069856598487,1.105e-06,69.4129,2993.0,0.0014770735794345,False
ENSG00000183049,CAMK1D,t2d,0.179714385993701,6.57408081238469e-08,2.2242532768266903e-05,1.966e-17,70.4495,4180.0,0.9996531860928,True
ENSG00000196072,BLOC1S2,t2d,-0.656705814190135,5.36478227963317e-09,2.484869610430091e-06,1.232e-09,12.4727,3239.0,0.973617613057999,True
ENSG00000196968,FUT11,t2d,0.406672201464121,5.75280975000848e-05,0.004042836645005959,2.375e-08,14.1995,2119.0,0.162272347515339,False
ENSG00000200737,Y_RNA,t2d,0.344846403862835,0.0014177576652813,0.040354610640269406,1.105e-06,5.0974,3036.0,0.201670563768034,False
ENSG00000213390,ARHGAP19,t2d,-0.118753719368504,0.0001072555677459,0.006249069856598487,1.105e-06,48.4204,3078.0,0.839294639172335,True
ENSG00000214413,BBIP1,t2d,0.23901575845091,6.05548178703319e-05,0.004197643497269947,4.911e-06,12.6391,3967.0,0.853468938885073,True
ENSG00000227268,KLLN,t2d,1.17106031763619,0.0003641131787006,0.015655330341599636,3.914e-05,4.6727,2722.0,0.596319893003498,False
ENSG00000230224,PHBP9,t2d,-0.278263554001938,6.24256242925448e-09,2.765726571917528e-06,1.232e-09,11.6545,3227.0,0.972888870400323,True
ENSG00000232470,RP11-313D6.3,t2d,0.377969753530684,0.0004749408335571,0.018368400164477935,4.911e-06,5.9432,3941.0,0.504706636627057,False
ENSG00000236493,EIF2S2P3,t2d,-0.313492195078977,2.66570250843959e-34,1.358175428049971e-30,9.337e-40,20.1081,3658.0,0.144100294380845,False
ENSG00000242288,RP11-464F9.1,t2d,0.354744169660228,7.91304065576988e-07,0.00013902393841775014,2.375e-08,9.3863,2033.0,0.940514018726893,True
ENSG00000251582,RP11-464F9.9,t2d,0.358597129337517,2.97537746375533e-07,7.050952640852747e-05,2.375e-08,7.4572,1999.0,0.904653118179906,True
ENSG00000252118,U6atac,t2d,0.816398006299582,1.70637513329084e-11,1.4489968840194715e-08,1.966e-17,4.843,4152.0,0.957066021312353,True
ENSG00000005801,ZNF195,t2d,-0.139415721783432,0.0005572465619175,0.020830132264269243,8.746e-10,41.146,2226.0,0.0007324339771512,False
ENSG00000011405,PIK3C2A,t2d,-0.0845616279236602,0.001498365012654,0.04126578237552503,2.0890000000000003e-20,55.0017,3376.0,1.0789248411248e-12,False
ENSG00000070081,NUCB2,t2d,-0.087328103962205,0.0008712275967096,0.029203319771285607,2.0890000000000003e-20,35.9622,3488.0,7.62915239589215e-14,False
ENSG00000109920,FNBP4,t2d,0.319389295731182,0.0001521706850251,0.008034296789667196,2.169e-07,16.7987,2792.0,0.272474811340043,False
ENSG00000133808,MICALCL,t2d,0.141136751767218,0.0014851478611575,0.04117442838433783,0.000109,48.8904,4799.0,0.104707387658784,False
ENSG00000134802,SLC43A3,t2d,-1.2848300475914,2.11273003586211e-05,0.0018091360559188993,1.881e-07,11.1153,4506.0,0.808063064750859,True
ENSG00000134825,TMEM258,t2d,-0.131252607499372,0.0007662529265501,0.02657096870729114,2.877e-05,34.9253,2548.0,0.491514828807075,False
ENSG00000149084,HSD17B12,t2d,-0.10880817903888,9.57033597806677e-05,0.005900245321118571,5.134e-07,84.298,4647.0,0.800204188355584,True
ENSG00000149485,FADS1,t2d,-0.129557051476827,0.0002496189076154,0.011561893948186026,2.877e-05,52.2112,2512.0,0.0041937519518685,False
ENSG00000151498,ACAD8,t2d,0.13274910124274,0.0006294310792362,0.02307159243675136,1.405e-05,38.9093,4062.0,0.439856903315477,False
ENSG00000165917,RAPSN,t2d,-0.663711314998818,3.52648610527494e-06,0.0004990957418437728,2.169e-07,9.4865,2272.0,0.74175110199605,False
ENSG00000168056,LTBP3,t2d,0.193890170116688,1.73971598516654e-05,0.0015970906206168507,1.634e-07,41.1803,2059.0,0.795607331534121,False
ENSG00000172500,FIBP,t2d,0.188731420141667,0.0005627092288333,0.020927032999311413,1.634e-07,31.8202,2003.0,0.0539211248724358,False
ENSG00000173039,RELA,t2d,-1.54852487312726,2.07932255855797e-05,0.0017956183789581113,1.634e-07,5.9087,2054.0,0.567448615640497,False
ENSG00000173727,AP000769.1,t2d,0.175635255358607,1.0354329361424e-05,0.0011468545238359842,1.634e-07,15.4417,2053.0,0.750902259065884,False
ENSG00000175602,CCDC85B,t2d,0.825359707184683,0.0015243893761344,0.041756795007552513,1.634e-07,6.8239,2001.0,0.027518843758763,False
ENSG00000187486,KCNJ11,t2d,0.595181300858269,3.9776513897556e-16,8.106453532321914e-13,2.0890000000000003e-20,12.9023,3474.0,0.896540971188041,True
ENSG00000188211,NCR3LG1,t2d,-0.476176201327413,1.1166425744931e-05,0.0012104880674558179,2.0890000000000003e-20,12.4199,3478.0,3.1920445768082697e-12,False
ENSG00000197702,PARVA,t2d,-0.484866014701552,0.0001124308158092,0.006434792807702251,0.000109,14.6515,4651.0,0.89410643966769,True
ENSG00000202522,Y_RNA,t2d,0.544973229215367,7.56936898330722e-09,3.2138279141625243e-06,8.635e-25,4.7247,2426.0,0.692223400857331,False
ENSG00000214530,STARD10,t2d,0.0743534793435967,0.0010108118908765,0.031595623214820664,8.635e-25,55.9709,2437.0,1.6447097897540402e-14,False
ENSG00000245148,ARAP1-AS2,t2d,0.262448110188386,2.34089773004321e-06,0.00035079040984029866,8.635e-25,10.0426,2326.0,3.3711832989800596e-11,False
ENSG00000245532,NEAT1,t2d,0.234521304569022,0.0007692282402994,0.02657096870729114,1.634e-07,20.4222,2068.0,0.0511952299718823,False
ENSG00000255121,RP11-110I1.12,t2d,0.162365228960317,0.0009978251023849,0.031595623214820664,0.0001065,11.5073,3185.0,0.423666522023048,False
ENSG00000260233,RP11-856B14.1,t2d,0.284554169663926,5.40456752908954e-07,0.00010798537866945571,1.634e-07,11.4873,2074.0,0.976614259480069,True
ENSG00000057294,PKP2,t2d,-0.255177501457679,0.0002494823802177,0.011561893948186026,1.291e-06,21.9719,5763.0,0.509798390903897,False
ENSG00000061794,MRPS35,t2d,0.428659987219101,6.32133762789451e-07,0.00012153666118536804,1.015e-16,19.8655,4254.0,3.32578957187325e-07,False
ENSG00000073614,KDM5A,t2d,-0.143784561181357,0.0007002692988775,0.024776889429033767,1.124e-05,42.3652,1998.0,0.816740225694258,True
ENSG00000087448,KLHL42,t2d,0.344053411258327,1.53134607441451e-11,1.4185833180258051e-08,1.015e-16,30.7934,4234.0,0.0085909382337523,False
ENSG00000090975,PITPNM2,t2d,-1.15041835870418,9.48593039226868e-06,0.0011239724499676495,1.163e-10,6.7025,2701.0,0.306970375001514,False
ENSG00000110931,CAMKK2,t2d,-0.125785519607476,0.0004553275886856,0.017853999263301796,1.976e-14,53.9522,3549.0,3.96458752387145e-06,False
ENSG00000111642,CHD4,t2d,-0.623696522042661,5.54968624320915e-06,0.0007198943185691528,1.523e-06,13.5673,2524.0,0.963192794374054,True
ENSG00000134291,TMEM106C,t2d,-0.112592276551834,0.0016430839686251,0.044176848655118124,4.223e-06,40.3136,4352.0,0.27899746448113,False
ENSG00000135100,HNF1A,t2d,0.5886279274543,2.14091427436789e-07,5.571527094602656e-05,1.976e-14,11.6283,3420.0,2.64632053786786e-05,False
ENSG00000135114,OASL,t2d,0.104897640936372,0.0007338145349726,0.02569611722120548,1.976e-14,46.5393,3442.0,3.78986251624487e-07,False
ENSG00000135124,P2RX4,t2d,0.136457245662878,0.0004172503870377,0.01695153319485936,1.976e-14,59.1671,3542.0,2.30035517251945e-05,False
ENSG00000139218,SCAF11,t2d,-0.959888647881544,0.0006687949880285,0.02408134603537249,0.0003345,5.4873,2949.0,0.566299520781415,False
ENSG00000150967,ABCB9,t2d,-0.188618819458986,2.56160441439655e-05,0.002139569588745971,2.075e-09,33.8381,2672.0,0.0637969630634314,False
ENSG00000157895,C12orf43,t2d,0.130186088509589,0.0001362850956687,0.007309184867705542,1.976e-14,38.2285,3410.0,7.83872305385169e-08,False
ENSG00000176894,PXMP2,t2d,-0.952610406171351,0.0014753589570141,0.04107625074309749,1.37e-06,4.625,1207.0,0.596986391040371,False
ENSG00000177169,ULK1,t2d,0.814441620349658,0.0003092718500413,0.013756268919602258,2.947e-06,10.5877,2055.0,0.529639303692028,False
ENSG00000179104,TMTC2,t2d,-0.413252991087758,0.0003791064626483,0.016163576796594883,0.0001608,12.7057,4809.0,0.640047024060985,False
ENSG00000182196,ARL6IP4,t2d,0.274294440398092,2.56160441439654e-05,0.002139569588745971,2.075e-09,23.2688,2643.0,0.0941287271628242,False
ENSG00000183150,GPR19,t2d,0.112838840846379,0.0010285132541703,0.03201612910782563,0.00023,49.8301,3590.0,0.110889660218117,False
ENSG00000187166,H1FNT,t2d,0.257025445100214,0.0010914653202393,0.03339949433404945,4.223e-06,17.3566,3859.0,0.364892148285222,False
ENSG00000198056,PRIM1,t2d,-0.298367656041096,0.001062478846781,0.03290777947932642,0.0008094,24.5292,1705.0,0.564139566704793,False
ENSG00000256223,ZNF10,t2d,-0.229206029058737,0.0003751683641077,0.016062880799401106,1.37e-06,19.9536,891.0,0.140405759661167,False
ENSG00000256234,RP11-283G6.4,t2d,0.525441149012469,2.02152498774046e-05,0.0017704160674914785,2.974e-09,5.4707,4924.0,0.4979653674986,False
ENSG00000256582,RP11-75L1.1,t2d,-0.0524354233367498,0.000832453639314,0.0282756752820322,0.000372,37.3456,3363.0,0.457063282293514,False
ENSG00000261799,RP11-283I3.6,t2d,-0.104429278668348,0.0001409748581717,0.0075211193966995965,1.124e-05,25.1444,1795.0,0.792933827742487,False
ENSG00000134900,TPP2,t2d,-0.121151688048686,0.0009374963819417,0.030372522205403804,0.0005261,48.2199,4614.0,0.0976996190208972,False
ENSG00000136153,LMO7,t2d,-0.791171924211744,0.0009083981856558,0.029956561526966352,3.609e-05,9.3866,4525.0,0.57652883781831,False
ENSG00000136158,SPRY2,t2d,0.323133197698715,0.0006916770031311,0.024588088553813774,2.795e-23,15.6463,3853.0,1.0255474022881399e-16,False
ENSG00000139746,RBM26,t2d,0.223187140317799,8.67297379610556e-05,0.005523600186394729,2.795e-23,16.7963,3529.0,6.39589324742059e-16,False
ENSG00000168852,TPTE2P5,t2d,-0.151761417600183,0.0001705691975311,0.00877828344869651,1.146e-05,14.7736,3264.0,0.714917290505922,False
ENSG00000176268,CYCSP34,t2d,-0.0758225046166743,0.0006339284698395,0.02315315809198747,1.146e-05,27.2005,3258.0,0.419053459889494,False
ENSG00000203602,AL137059.1,t2d,-0.241902979091913,0.000708835696558,0.024907019820434553,6.557e-06,10.4859,4486.0,0.438320925030699,False
ENSG00000215417,MIR17HG,t2d,-0.579572078037976,0.0005435284494145,0.020437471953999097,1.009e-05,13.148,4040.0,0.557606254368089,False
ENSG00000229473,RGS17P1,t2d,-0.315048790959323,0.0009873116567661,0.031538262640898304,1.146e-05,6.199,3207.0,0.529693485990015,False
ENSG00000072110,ACTN1,t2d,0.39738383438838,0.0002155994669547,0.010562300808982659,9.92e-06,13.1897,3703.0,0.617347541450482,False
ENSG00000166126,AMN,t2d,-0.997272377587322,0.0009353679437391,0.030372522205403804,2.019e-06,5.6336,3353.0,0.332401167141825,False
ENSG00000168952,STXBP6,t2d,-1.43205202069649,0.0002216393188521,0.01080624238805215,2.413e-06,5.0584,3972.0,0.600805640202345,False
ENSG00000214548,MEG3,t2d,-0.075926235219564,0.0012544983912821,0.03662847738442578,1.197e-05,53.8793,2591.0,0.266261248595092,False
ENSG00000256705,CTD-2017C7.1,t2d,-0.154400156417578,0.0014411778213684,0.040574400231824306,2.019e-06,14.8751,2996.0,0.267855288861084,False
ENSG00000258904,RP11-638I2.2,t2d,0.405856573785051,0.0002731309367731,0.012467518042370928,1.197e-05,4.7734,2370.0,0.505882596966299,False
ENSG00000259374,RP11-736N17.4,t2d,-0.20904660784667,0.0001823668423397,0.009109402565889916,2.019e-06,10.7478,3405.0,0.462634558106764,False
ENSG00000062524,LTK,t2d,-1.16009182473327,1.49710477422081e-05,0.001481116276632044,1.055e-07,5.2202,3119.0,0.70052581721775,False
ENSG00000103657,HERC1,t2d,0.326095467815453,0.0001811840284788,0.009094902710339763,2.577e-10,16.7267,3684.0,0.001118509801726,False
ENSG00000103932,RPAP1,t2d,-0.131017246659959,1.67895158434147e-05,0.0015822115772619353,1.055e-07,52.2381,3106.0,0.118140147450408,False
ENSG00000137801,THBS1,t2d,0.110707474858367,0.0006558315576435,0.023698310540380373,5.42e-07,52.6164,3782.0,0.431974594188834,False
ENSG00000140262,TCF12,t2d,0.361458284356646,0.0011442390937208,0.034701774895877835,9.169e-08,16.4564,4159.0,0.0130783678709736,False
ENSG00000140382,HMG20A,t2d,0.25239845206177,0.0002860020125948,0.01283859254775776,2.746e-16,23.6802,3076.0,2.1113910873420902e-09,False
ENSG00000140391,TSPAN3,t2d,0.229848106460687,3.831591252361871e-09,1.859234041027022e-06,2.746e-16,64.6189,2979.0,2.7745838604376803e-09,False
ENSG00000166133,RPUSD2,t2d,0.728724340926378,0.0012875068286341,0.037484841667947084,1.055e-07,7.534,2983.0,0.331054649745695,False
ENSG00000166825,ANPEP,t2d,0.141697947713885,1.07109879170113e-05,0.0011736017943477972,5.513e-11,108.5755,3260.0,0.0058103861179447,False
ENSG00000168970,JMJD7-PLA2G4B,t2d,0.396164521660131,0.0002300132844452,0.011055827209889565,1.055e-07,5.2785,2854.0,0.184128170825642,False
ENSG00000173517,PEAK1,t2d,0.333030287838785,3.85565965342697e-07,8.730927081871294e-05,2.746e-16,19.3395,3053.0,7.5884404399446e-07,False
ENSG00000174197,MGA,t2d,0.301819242060934,0.0002418571066959,0.01146290194061033,1.055e-07,15.9709,2906.0,0.333604592829544,False
ENSG00000177971,IMP3,t2d,0.309130591746498,0.0014384965419915,0.040574400231824306,6.661e-05,16.5805,2124.0,0.356814290330005,False
ENSG00000184056,VPS33B,t2d,-0.135099255525928,0.0001073196491565,0.006249069856598487,2.164e-12,41.0126,3798.0,1.2651424736333e-06,False
ENSG00000214432,AC068831.10,t2d,-0.131216804782008,0.0004142043505126,0.016950772416559817,2.164e-12,14.3556,3871.0,0.0008777869946669,False
ENSG00000243708,PLA2G4B,t2d,0.13391845783821,3.20292939636526e-05,0.002510603888381692,1.055e-07,47.5562,2855.0,0.39462336733023,False
ENSG00000243789,JMJD7,t2d,0.17819318347506,9.9599178463636e-05,0.006041164455621732,1.055e-07,13.9373,2857.0,0.394187095495589,False
ENSG00000258725,AC068831.8,t2d,-0.231372830421292,2.03269415268361e-08,7.671538302165179e-06,2.164e-12,13.8932,3707.0,0.14277736362793,False
ENSG00000260814,RP11-107F6.3,t2d,-0.0812284722185168,7.75632112783394e-05,0.0051997968613570955,1.055e-07,27.5532,2872.0,0.43297947649158,False
ENSG00000050820,BCAR1,t2d,-0.822089171527314,8.03341208712611e-13,1.3643411527969177e-09,1.783e-18,20.9624,3820.0,0.0036228196701154,False
ENSG00000085721,RRN3,t2d,0.216115413915693,2.76773320376328e-05,0.0022929431988900667,3.025e-05,25.2032,1929.0,0.923805536292926,True
ENSG00000103091,WDR59,t2d,0.310270025663653,0.0004129824836847,0.016950772416559817,1.783e-18,15.9742,3358.0,2.1757955944658797e-12,False
ENSG00000103479,RBL2,t2d,0.0611279343672316,9.97468211862679e-06,0.0011420450650427752,1.59e-47,101.6334,3817.0,2.39548894061708e-40,False
ENSG00000103512,NOMO1,t2d,0.148139715132951,0.0016884007064311,0.04463322944271992,3.025e-05,18.1677,1752.0,0.404551212572039,False
ENSG00000103540,CCP110,t2d,-0.349221910079262,0.0004980217191612,0.0190783508204986,0.0001289,17.5784,3173.0,0.608106132223451,False
ENSG00000157045,NTAN1,t2d,0.14384483516548,0.0011540500847815,0.034895461020544465,3.025e-05,21.5851,1899.0,0.814925986106974,True
ENSG00000157322,CLEC18A,t2d,-0.0482313251971448,0.0001264184637368,0.006963265651232391,3.882e-09,68.8924,1744.0,5.39412510214389e-05,False
ENSG00000166747,AP1G1,t2d,-0.492151245116036,0.000341764032815,0.014819470188871703,6.914e-06,11.0739,2600.0,0.595433368116121,False
ENSG00000166971,AKTIP,t2d,-0.101372117268272,9.97468211862679e-06,0.0011420450650427752,1.59e-47,41.2824,3829.0,3.77557951241564e-40,False
ENSG00000188599,NPIPP1,t2d,0.077488473449602,0.0006925202566187,0.024588088553813774,3.025e-05,34.748,1948.0,0.543599300519898,False
ENSG00000223496,EXOSC6,t2d,-0.132424188203973,0.0001264184637368,0.006963265651232391,3.882e-09,78.7507,1569.0,2.02124450416089e-05,False
ENSG00000261367,RP11-455F5.4,t2d,-0.365317244819803,0.0002740651659952,0.012467518042370928,1.426e-06,8.515,596.0,0.416091338924747,False
ENSG00000262557,RP11-44F14.11,t2d,-0.10147296035667,0.0001555413074555,0.008169927437997656,1.59e-47,19.1499,3840.0,4.03698460130341e-40,False
ENSG00000005379,BZRAP1,t2d,0.431239915522591,0.00118517452977,0.03523630641344475,2.464e-08,13.1801,2584.0,0.0200932335513099,False
ENSG00000033627,ATP6V0A1,t2d,0.997951198585809,5.1707119730832e-07,0.00010798537866945571,2.278e-09,13.5201,1982.0,0.333420274550476,False
ENSG00000055483,USP36,t2d,-0.0602550260867316,0.0011931762341102,0.03524192992922591,2.341e-05,81.2475,1763.0,0.188539839271778,False
ENSG00000065559,MAP2K4,t2d,-0.331072811351872,0.0018939125284999,0.04919000237202347,0.001259,10.5322,3454.0,0.34590374073854,False
ENSG00000072310,SREBF1,t2d,-0.142175820834761,0.0001296299982521,0.007101772484886554,1.718e-09,43.2793,2263.0,0.303122983887843,False
ENSG00000074755,ZZEF1,t2d,0.692475174840923,1.4784515556035598e-11,1.4185833180258051e-08,4.411e-14,14.5482,2476.0,0.753376182187941,False
ENSG00000108262,GIT1,t2d,0.105373674968557,0.0005580594806816,0.020830132264269243,3.31e-05,47.8503,1917.0,0.893666795884946,True
ENSG00000108375,RNF43,t2d,0.66076747893043,0.00118517452977,0.03523630641344475,2.464e-08,8.6311,2544.0,0.0414659882975266,False
ENSG00000108384,RAD51C,t2d,-0.157716861340281,4.22490940500571e-06,0.0005740243578267758,2.464e-08,106.1804,2416.0,0.0003288808391055,False
ENSG00000108395,TRIM37,t2d,0.136413287701448,4.22490940500571e-06,0.0005740243578267758,2.464e-08,83.9999,2225.0,0.0142313793884634,False
ENSG00000108551,RASD1,t2d,-0.266958450046685,0.0003577390693541,0.015446445409823215,1.718e-09,17.136,2489.0,0.0051468737573553,False
ENSG00000108604,SMARCD2,t2d,-0.181103925853833,5.32080722726778e-06,0.000713408232182351,3.949e-08,38.2522,1957.0,0.489496319872245,False
ENSG00000108771,DHX58,t2d,-0.13225836830039,0.0002396473033161,0.011411243087808685,2.278e-09,34.4857,2227.0,0.0006829573534577,False
ENSG00000108773,KAT2A,t2d,-0.346957880081638,0.0016907189955731,0.04463322944271992,2.278e-09,9.0232,2184.0,0.0001154776291332,False
ENSG00000108774,RAB5C,t2d,0.422798415045195,0.0013042009316714,0.03786269941234064,2.278e-09,7.5805,2132.0,0.0001160913644872,False
ENSG00000108788,MLX,t2d,0.488673903476598,7.78279386881361e-08,2.4783334226003342e-05,2.278e-09,16.74,2011.0,0.686546787189812,False
ENSG00000123700,KCNJ2,t2d,0.352668839206848,0.0009448566770474,0.030372522205403804,0.0001029,20.5478,3912.0,0.607248306711747,False
ENSG00000125686,MED1,t2d,0.320832260494735,8.15634916420704e-05,0.0053536452498457315,3.807e-06,18.1399,2365.0,0.614873414708505,False
ENSG00000131470,PSMC3IP,t2d,0.800754228827213,9.43880609044675e-08,2.748040973190068e-05,2.278e-09,10.0624,2017.0,0.739062184468002,False
ENSG00000131771,PPP1R1B,t2d,0.399363792641931,0.0003919365784997,0.016431016284574704,3.807e-06,14.6415,2356.0,0.220171833852186,False
ENSG00000133027,PEMT,t2d,-0.206132523869067,0.0015095594748677,0.04146202439057106,1.718e-09,22.0333,2452.0,0.0020707607497513,False
ENSG00000141026,MED9,t2d,-1.03417318615263,0.0001017570442641,0.006063767725445491,1.718e-09,5.8558,2505.0,0.0242305286832684,False
ENSG00000141034,GID4,t2d,-0.197508697841815,0.0018890508712025,0.04919000237202347,1.718e-09,19.8747,2062.0,0.0015174741152158,False
ENSG00000141140,MYO19,t2d,0.262850709587101,0.0002752971923321,0.012467903954951549,0.0002127,19.6938,2396.0,0.67895239710494,False
ENSG00000141294,LRRC46,t2d,-0.23970752476398,1.41338064829454e-05,0.0014422604863978902,3.586e-08,25.469,3478.0,0.191606474855897,False
ENSG00000141295,SCRN2,t2d,-0.102791701480841,0.0008855772997043,0.029586992406514155,3.586e-08,45.1457,3489.0,0.0043747937056439,False
ENSG00000141736,ERBB2,t2d,0.557672022475364,0.0017235487603523,0.04538233040824273,3.807e-06,8.149,2387.0,0.127299691200292,False
ENSG00000159199,ATP5G1,t2d,-0.244628449138255,5.97731802159357e-11,4.350633617145605e-08,1.517e-13,35.8134,3034.0,0.254514495646965,False
ENSG00000159202,UBE2Z,t2d,-0.254047544712546,5.7352379266562395e-12,7.305259309078385e-09,1.517e-13,41.2938,3026.0,3.90643787564165e-10,False
ENSG00000159210,SNF8,t2d,0.960101150571843,2.58416853221906e-09,1.5489810201948365e-06,1.517e-13,8.6955,3001.0,0.0159995761190836,False
ENSG00000161395,PGAP3,t2d,0.145228679011295,3.78080724371229e-05,0.0028538093195132025,3.807e-06,43.2185,2373.0,0.33169166226735,False
ENSG00000167183,PRR15L,t2d,-1.47779896108732,0.0011876481726394,0.03523630641344475,1.517e-13,5.7468,3565.0,1.30136481735717e-05,False
ENSG00000167447,SMG8,t2d,0.424023724561359,4.9172893936979e-05,0.0035039985259987137,2.464e-08,12.807,2156.0,0.435769355586631,False
ENSG00000178607,ERN1,t2d,-0.162338243737371,0.0009931755652696,0.031595623214820664,3.949e-08,38.1978,1727.0,0.0058913617441914,False
ENSG00000182628,SKA2,t2d,-0.331743009878085,6.02307997758412e-05,0.004197643497269947,2.464e-08,16.4049,2235.0,0.202874924075222,False
ENSG00000185245,GP1BA,t2d,0.690007960134745,0.0001768345704016,0.009033761827946,4.411e-14,9.6547,3423.0,5.14551000739725e-07,False
ENSG00000196712,NF1,t2d,0.180699229030973,0.0005989293979961,0.022032817926282526,0.0001586,18.3665,2226.0,0.55845141229644,False
ENSG00000197723,HSPB9,t2d,-0.748327256254605,1.22804231839307e-05,0.0013035157525443108,2.278e-09,6.5318,2159.0,0.0078651402288917,False
ENSG00000224738,AC099850.1,t2d,0.131198450657764,0.0005221354540128,0.019779034484722794,2.464e-08,15.8753,2245.0,0.01705231171131,False
ENSG00000263883,RP11-51F16.5,t2d,-0.6927050112448,1.62306371671158e-06,0.0002594706741661693,3.949e-08,7.6859,2129.0,0.803923158211812,True
ENSG00000264290,RP11-68I3.4,t2d,-0.30822125926375,0.0005953260375755,0.02197960986555922,3.31e-05,6.8531,1909.0,0.658662227321514,False
ENSG00000266173,STRADA,t2d,-0.550391270548991,7.68577425107161e-07,0.00013740006950599949,3.949e-08,12.8404,2073.0,0.846610519783832,True
ENSG00000266469,CTB-131K11.1,t2d,0.314498566579294,3.55215226940604e-05,0.002701226240690115,3.807e-06,8.1975,2361.0,0.673791480704991,False
ENSG00000267365,KCNJ2-AS1,t2d,1.16998485209413,0.0009448566770474,0.030372522205403804,0.0001029,5.2172,3905.0,0.702713280736239,False
ENSG00000101557,USP14,t2d,0.226263189943132,0.000267970009028,0.012300064828807748,5.831e-05,23.6469,2069.0,0.701490522887456,False
ENSG00000130856,ZNF236,t2d,-0.333261801246451,1.41536848517948e-05,0.0014422604863978902,2.137e-06,18.9152,5114.0,0.935529413476269,True
ENSG00000141452,C18orf8,t2d,-0.174714511688267,7.04931796352848e-07,0.00013302324083028742,8e-07,34.1441,3036.0,0.988627669745569,True
ENSG00000086544,ITPKC,t2d,0.694950809646091,0.0003266161709179,0.014284200779628331,0.0003116,10.7,2491.0,0.746864839086909,False
ENSG00000105612,DNASE2,t2d,-0.110398928891755,0.0003019324432516,0.013494261389183351,5.394e-06,63.0,2127.0,0.506412284373073,False
ENSG00000105726,ATP13A1,t2d,0.382689460921946,4.3655478932672495e-12,6.3549904331990386e-09,4.131e-12,51.3747,2375.0,7.77532589498942e-05,False
ENSG00000129933,MAU2,t2d,-0.0860430881199576,0.0001992227779518,0.009807150276950928,4.131e-12,90.2296,2324.0,0.0006123894410277,False
ENSG00000161277,THAP8,t2d,-0.326976906927922,1.69871951840933e-05,0.0015822115772619353,1.012e-05,19.4344,2743.0,0.950912141070468,True
ENSG00000167491,GATAD2A,t2d,0.0822030204683079,0.0001992227779518,0.009807150276950928,4.131e-12,61.0781,2340.0,5.34394443336829e-06,False
ENSG00000167635,ZNF146,t2d,-0.489424247846993,0.0006386773482932,0.023160577149849492,1.012e-05,10.1278,2704.0,0.343061372829422,False
ENSG00000177045,SIX5,t2d,-0.321406675080259,2.95099817887325e-05,0.002367769404938458,3.114e-16,16.7484,1973.0,1.56137740488412e-08,False
ENSG00000267395,AC074212.6,t2d,-0.343447983373776,0.0006364529894668,0.023160577149849492,3.114e-16,4.7397,1980.0,0.0210493263930718,False
ENSG00000267698,AC002116.7,t2d,0.280787012342713,4.33970248944834e-05,0.0031814077962214805,1.012e-05,7.6694,2720.0,0.850176089156289,True
ENSG00000101057,MYBL2,t2d,-0.273970034812073,3.34928334461059e-06,0.00048069291945890014,2.148e-08,32.417,3307.0,0.55701730856275,False
ENSG00000101421,CHMP4B,t2d,-0.155598549364963,2.75851145191653e-07,6.692674213102248e-05,1.512e-08,47.2426,2165.0,0.656923217055545,False
ENSG00000124196,GTSF1L,t2d,1.14811571523559,1.35320660567189e-06,0.00022605205429174688,2.148e-08,7.8767,3227.0,0.750161996769645,False
ENSG00000125967,NECAB3,t2d,1.11092637512007,0.0008371621127757,0.028341135977356758,1.512e-08,5.1806,2316.0,0.0073724662097633,False
ENSG00000125977,EIF2S2,t2d,0.18141555469596,1.94071164409268e-05,0.0017196392742003833,1.512e-08,30.9893,2036.0,0.188610664962693,False
ENSG00000132823,C20orf111,t2d,0.102247151717438,0.0004175500325721,0.01695153319485936,2.148e-08,58.4779,3190.0,0.0001108887131366,False
ENSG00000228265,RP5-1125A11.1,t2d,-0.167165158701275,6.33424836662398e-05,0.00436121559837151,1.512e-08,14.3571,2062.0,0.0907203711162505,False
ENSG00000229472,RP1-64K7.4,t2d,-0.22883274427229,4.15359716650806e-05,0.003067040226573705,1.512e-08,9.9221,2055.0,0.152136102577265,False
ENSG00000075234,TTC38,t2d,-0.231434286671862,6.07363888051616e-06,0.000756738798266258,5.434e-07,45.264,3022.0,0.000852063955724,False
ENSG00000100347,SAMM50,t2d,-0.184209730419702,4.69475533761661e-08,1.6496398927694226e-05,3.358e-10,74.9949,3725.0,8.76641469065247e-05,False
ENSG00000100401,RANGAP1,t2d,-0.357815743193983,0.0007952856283276,0.027194498498853165,9.51e-07,13.1584,2345.0,0.12207689547933,False
ENSG00000100416,TRMU,t2d,0.795466788643983,0.0013659340957895,0.03909794504521069,5.434e-07,8.1027,3062.0,0.101044753184855,False
ENSG00000130943,PKDREJ,t2d,-0.552056115691688,0.000150096889508,0.007966079708783958,5.434e-07,13.0279,3013.0,0.155347870195241,False
ENSG00000205643,CDPF1,t2d,1.0214185652829,1.6589419674472e-05,0.0015798709017090624,5.434e-07,8.2233,2981.0,0.779836369469247,False
ENSG00000234009,AL049757.3,t2d,-0.517849819773099,0.0003406104113808,0.014819470188871703,3.538e-05,7.0732,3450.0,0.639266648191415,False
ENSG00000235513,RP4-756G23.5,t2d,0.216389271071411,5.54040402420701e-06,0.0007198943185691528,9.51e-07,11.8448,2380.0,0.936516722994261,True
ENSG00000242247,ARFGAP3,t2d,-0.177950892837167,0.0008985223214717,0.02972708589544358,3.538e-05,25.8437,3496.0,0.373458765265792,False
ENSG00000010803,SCMH1,cad,0.205209874954422,0.0003392372493012,0.014386208552013028,7.833e-05,18.6492,5464.0,0.601249082376709,False
ENSG00000031698,SARS,cad,-0.804055697537764,2.9715718194301e-08,7.266978884416309e-06,3.634e-58,13.9278,4308.0,5.3114689936665296e-30,False
ENSG00000066056,TIE1,cad,0.650259439894862,0.0003304700554137,0.014136988697041459,5.64e-05,5.9524,4720.0,0.504628017475819,False
ENSG00000067606,PRKCZ,cad,0.211649249492821,0.0013443074147259,0.038005824077597554,1.326e-08,15.7017,4344.0,0.0006811066743669,False
ENSG00000081026,MAGI3,cad,-0.745933099244886,0.000139629563016,0.007532296243138853,6.597e-07,6.1037,4444.0,0.310496717830186,False
ENSG00000094975,SUCO,cad,-0.440845895916074,0.0002155994669547,0.010042828503575598,0.0001149,8.0377,4717.0,0.771090541217972,False
ENSG00000116983,HPCAL4,cad,0.0812472631071544,7.51195944082581e-05,0.004710383798087055,9.106e-06,82.0124,5016.0,0.09537821620517,False
ENSG00000117399,CDC20,cad,-0.387061745632073,0.0005802587004076,0.021256141914567334,5.64e-05,5.6022,4645.0,0.398953030058842,False
ENSG00000117400,MPL,cad,-0.151210038240483,0.0005802587004076,0.021256141914567334,5.64e-05,14.3403,4664.0,0.363583190936505,False
ENSG00000117602,RCAN3,cad,0.503942570486799,0.0015660233006876,0.04263127994617654,2.061e-05,12.3812,4236.0,0.382163458788985,False
ENSG00000117632,STMN1,cad,0.21667956182845,0.0005035267042495,0.019190252808968605,8.928e-06,18.5543,3828.0,0.485398452512711,False
ENSG00000117676,RPS6KA1,cad,-0.173617220052048,0.000169104186983,0.008615506026394302,4.545e-06,25.7884,3572.0,0.511114818123001,False
ENSG00000117682,DHDDS,cad,0.300574777062763,0.0003295265687616,0.014136988697041459,8.928e-06,13.9498,3564.0,0.581772542409617,False
ENSG00000118292,C1orf54,cad,-0.320136207463407,0.0002037784595615,0.009739548329465438,1.286e-09,9.697,2599.0,0.0208159031524873,False
ENSG00000119285,HEATR1,cad,0.254136709293979,0.0003355227926317,0.01431141260547946,3.923e-05,14.2785,6566.0,0.572756337006969,False
ENSG00000127125,PPCS,cad,0.619076366154123,0.0004506843077572,0.01782893834786668,5.64e-05,5.9403,4941.0,0.441319025794865,False
ENSG00000132128,LRRC41,cad,-1.44332837754754,0.0004411620505226,0.017590137954668773,1.755e-05,8.0737,4113.0,0.909483076324573,True
ENSG00000132694,ARHGEF11,cad,0.272729930934461,0.0005660760675056,0.02118886259823895,5.535e-05,17.0997,5286.0,0.585482583832742,False
ENSG00000132698,RAB25,cad,0.382535427880165,0.0013321823667414,0.03780872701585409,5.535e-05,9.8238,3280.0,0.290072871030862,False
ENSG00000132773,TOE1,cad,-1.11813031460361,0.0010018738275714,0.03181925253669946,4.721e-05,5.2274,3907.0,0.368504392663487,False
ENSG00000134222,PSRC1,cad,-0.343267817304629,1.49831169753726e-54,2.1984727537964215e-50,3.634e-58,52.427,4492.0,1.30597932511721e-05,False
ENSG00000134242,PTPN22,cad,0.175610955327983,4.74597776251255e-05,0.0033003664317225903,6.597e-07,24.265,4455.0,0.606425685514878,False
ENSG00000134243,SORT1,cad,-0.669020720842,1.3931157774815399e-11,1.1356215446103686e-08,3.634e-58,10.2362,4594.0,1.46676102298226e-19,False
ENSG00000134262,AP4B1,cad,0.149252827248446,0.0005395388986444,0.020299113486690463,6.597e-07,25.3524,4464.0,0.153439726612873,False
ENSG00000143093,STRIP1,cad,0.203897510975977,0.0007560004469193,0.025677765179738167,3.634e-58,8.5628,5036.0,7.58184268731212e-14,False
ENSG00000143126,CELSR2,cad,0.146311345842709,0.0001056685421629,0.006193701356031985,3.634e-58,26.8865,4410.0,3.65266218121814e-50,False
ENSG00000143156,NME7,cad,-0.115206436300028,8.17952923130724e-07,0.00013126512701832268,3.138e-12,47.59,6728.0,8.86650193803455e-08,False
ENSG00000143158,MPC2,cad,0.283077117246926,0.0019352064264367,0.04938310242627078,0.0005464,10.5315,5775.0,0.210652841739493,False
ENSG00000143379,SETDB1,cad,0.235074125760749,0.0006406520636889,0.022927531050017633,2.85e-11,14.942,3703.0,3.3900171627728e-05,False
ENSG00000143384,MCL1,cad,-0.240671909455099,8.0530716150531e-06,0.0007877514653844942,1.286e-09,22.7025,3074.0,0.300364258971152,False
ENSG00000143420,ENSA,cad,0.633097028200453,0.0004145990595457,0.016758710745768752,1.286e-09,9.5878,3138.0,0.0129013907593183,False
ENSG00000143437,ARNT,cad,-0.216923251498485,0.0015232735286466,0.04169961284670067,2.85e-11,24.3256,3545.0,1.36384421934918e-05,False
ENSG00000143452,HORMAD1,cad,-0.106074974202569,0.0010354917641616,0.03225853642365851,1.286e-09,31.3574,3267.0,0.0356449908631535,False
ENSG00000143498,TAF1A,cad,0.315618841200131,8.225177552547481e-14,1.711976526031871e-10,5.9050000000000005e-28,24.7389,5177.0,1.6995332565693099e-12,False
ENSG00000143512,HHIPL2,cad,1.48318768476498,2.27223822519135e-12,2.5646578060178984e-09,5.9050000000000005e-28,4.7629,5326.0,0.0326774605831013,False
ENSG00000154305,MIA3,cad,1.12782269643083,4.19072309141462e-10,1.92157749751021e-07,5.9050000000000005e-28,6.8255,4987.0,5.82103884501424e-05,False
ENSG00000157933,SKI,cad,-0.471890646481418,8.65623127073499e-06,0.0008301495518659771,1.326e-08,9.0301,4395.0,0.082807496935653,False
ENSG00000158006,PAFAH2,cad,0.136226852914795,0.0003550393807469,0.014799695550282,8.928e-06,32.6661,3720.0,0.55658135641651,False
ENSG00000158161,EYA3,cad,-0.211179309439549,0.0014350845796889,0.039580819619878256,1.852e-06,41.5295,3690.0,0.12759527826824,False
ENSG00000158710,TAGLN2,cad,0.141037002437856,2.62947160278819e-05,0.0020306440435637505,2.348e-05,31.0058,5466.0,0.946476746550235,True
ENSG00000160710,ADAR,cad,0.151825013518756,0.0008399412577076,0.027913787264313733,6.693e-15,21.8841,3286.0,1.7848721859085e-08,False
ENSG00000160712,IL6R,cad,0.334105445254927,0.0007581258172892,0.0256904852588555,6.693e-15,12.1776,3483.0,3.76554841727117e-05,False
ENSG00000162426,SLC45A1,cad,0.583596558437489,0.0004962756109128,0.019112472543106336,0.0001354,5.6233,5270.0,0.368848430646943,False
ENSG00000163131,CTSS,cad,-0.079051813864208,0.0009138464304166,0.029600151597136363,1.286e-09,38.9156,3340.0,0.0032719004010525,False
ENSG00000163875,MEAF6,cad,-0.127809079528953,0.0004816834286317,0.018697727376489243,4.129e-10,54.8141,5155.0,8.05019771589926e-06,False
ENSG00000163877,SNIP1,cad,-0.20742612533837,0.0007258356955403,0.025088387793827265,4.129e-10,31.2651,5062.0,0.0005575458447765,False
ENSG00000168765,GSTM4,cad,-0.0469937675435202,2.66914980318127e-05,0.002050493982307789,3.634e-58,88.2507,4977.0,2.91999814596516e-51,False
ENSG00000169291,SHE,cad,0.289526803420417,0.0011236826008468,0.03413622112261925,6.693e-15,11.9324,3414.0,1.4674579440946e-08,False
ENSG00000169403,PTAFR,cad,1.26223525791905,0.0008501227358095,0.02798045452887398,1.852e-06,5.9792,3722.0,0.266306202843663,False
ENSG00000169504,CLIC4,cad,0.120987563007793,0.0002844856938928,0.012649268443906226,2.061e-05,32.9082,4191.0,0.620953362135464,False
ENSG00000171488,LRRC8C,cad,-0.0691400265863125,0.001687455928392,0.04477403406382607,9.904e-06,57.3466,4669.0,0.0065272645351751,False
ENSG00000171492,LRRC8D,cad,0.0795615714027338,0.001687455928392,0.04477403406382607,9.904e-06,41.4808,4715.0,0.0987075276503949,False
ENSG00000177868,CCDC23,cad,-0.0932051059688589,0.0003965444960896,0.016162492753118613,5.64e-05,144.1869,4700.0,0.0019362283344141,False
ENSG00000185090,MANEAL,cad,0.570414741336897,0.0001294060676434,0.00713825274635943,4.129e-10,6.8492,5140.0,0.001964051977379,False
ENSG00000186409,CCDC30,cad,0.35540783357617,0.0001487761390965,0.00788083858831388,5.64e-05,10.9587,4812.0,0.733225465401543,False
ENSG00000187942,LDLRAD2,cad,1.46947683431988,7.45849536905671e-05,0.004696931439921421,2.942e-05,4.9155,5929.0,0.823262921141715,True
ENSG00000188761,BCL2L15,cad,0.315534402758628,0.0002405361808382,0.01102933556699659,6.597e-07,11.5547,4473.0,0.296738292573549,False
ENSG00000196449,YRDC,cad,0.236127540077141,0.0001294060676434,0.00713825274635943,4.129e-10,15.1452,5151.0,0.0009848290566517,False
ENSG00000197520,FAM177B,cad,0.205933480724106,9.65230584739099e-12,9.785458364688702e-09,5.9050000000000005e-28,40.7122,4973.0,5.18898556250824e-14,False
ENSG00000198700,IPO9,cad,-0.29419288831827,2.20862328884721e-06,0.00028345934809586155,1.097e-10,17.1518,5413.0,0.104491030876911,False
ENSG00000203288,RP11-98D18.9,cad,0.263067649909633,5.030688112385371e-09,1.640339703845123e-06,2.85e-11,12.3534,3765.0,0.883182269117576,True
ENSG00000203804,C1orf138,cad,-0.584352325112654,8.0530716150531e-06,0.0007877514653844942,1.856e-08,8.4415,3035.0,0.213522505455149,False
ENSG00000204160,ZDHHC18,cad,0.126229966206323,0.000808115603728,0.027133822090391176,1.852e-06,40.7023,3485.0,0.211157099927471,False
ENSG00000212541,U6,cad,-0.0920161824594986,9.55529449970871e-10,3.894578783172942e-07,4.129e-10,27.215,5155.0,0.988896566819144,True
ENSG00000213085,CCDC19,cad,0.222313298523997,2.6294716027882e-05,0.0020306440435637505,2.348e-05,17.9384,5507.0,0.946245942458657,True
ENSG00000215717,TMEM167B,cad,0.363049891618095,0.0003158491498843,0.013711404071752467,3.634e-58,16.5661,4469.0,4.72495728196122e-51,False
ENSG00000225603,RP11-325P15.1,cad,0.0326851118553789,0.001471085063624,0.040497619396913605,6.933e-05,42.114,3077.0,0.346652155600938,False
ENSG00000229431,RP1-92O14.6,cad,-0.138224975820124,0.0009318110103013,0.030115557167733426,5.64e-05,9.1624,4598.0,0.383919689391406,False
ENSG00000231050,RP1-140A9.1,cad,-0.0381741748014006,0.0011719761537072,0.03488114828264857,1.326e-08,31.9225,3815.0,0.0026835501713909,False
ENSG00000234694,RP1-92O14.3,cad,-0.102126158743112,0.0006993584866875,0.024549490610444227,5.64e-05,13.1779,4564.0,0.401107535482834,False
ENSG00000235750,KIAA0040,cad,0.0771572333778048,4.67321758656176e-06,0.0005315513306017108,1.615e-06,66.0775,4907.0,0.38035068039888,False
ENSG00000237429,RP1-159A19.4,cad,-0.599442180934275,9.42739345922682e-06,0.0008810709823390772,1.852e-06,5.6823,3362.0,0.922899740999808,True
ENSG00000237950,RP11-7O11.3,cad,-0.15188715771857,0.0007537829052417,0.02566184818703356,7.517e-05,9.613,4519.0,0.56372029630439,False
ENSG00000238198,RP11-31F15.2,cad,-0.186244330327406,0.0017014490466897,0.044982633985726064,6.597e-07,6.8132,4253.0,0.0462573194244611,False
ENSG00000243284,VSIG8,cad,0.367374619378322,2.62947160278819e-05,0.0020306440435637505,2.348e-05,10.9416,5560.0,0.916242256890915,True
ENSG00000252448,SNORA63,cad,-0.134268697974656,6.79534624946015e-06,0.0006972595490792223,4.129e-10,13.2762,5010.0,0.0359743218553278,False
ENSG00000264508,Metazoa_SRP,cad,-0.269965922271166,2.74225890225609e-07,5.4374547125410276e-05,1.856e-08,7.9821,3013.0,0.922588662476899,True
ENSG00000264584,Metazoa_SRP,cad,-0.342684141578196,2.49741946478708e-07,5.019813124222031e-05,1.856e-08,6.0501,3019.0,0.921372794106571,True
ENSG00000014641,MDH1,cad,0.236837257094384,3.23513813374523e-05,0.002385386021931847,7.631e-08,13.4077,4074.0,0.134799245148595,False
ENSG00000054356,PTPRN,cad,-0.160329685060732,3.34443651251557e-05,0.0024414386541363664,3.778e-05,33.9061,4592.0,0.944339625573639,True
ENSG00000064989,CALCRL,cad,0.17852423784128,4.81322106124119e-05,0.003315699184581783,1.21e-07,25.126,5000.0,0.203202846285647,False
ENSG00000075292,ZNF638,cad,-0.111516917065186,0.0009406810120566,0.030335412065728554,1.22e-06,24.8254,6090.0,0.178437840188743,False
ENSG00000115128,SF3B14,cad,0.673780739980314,0.0001509668025007,0.007939555172375523,5.849e-07,5.2083,5604.0,0.321911381974215,False
ENSG00000115486,GGCX,cad,0.244737140730849,6.22500257722809e-20,2.283486570391694e-16,1.813e-23,38.1601,5621.0,0.022421952375646,False
ENSG00000115525,ST3GAL5,cad,-0.0903770724558367,0.0008581206663936,0.02798045452887398,1.813e-23,45.5238,5401.0,8.25898650178879e-18,False
ENSG00000115705,TPO,cad,0.250382486685938,0.0014961018126106,0.04103233999333707,7.593e-06,12.7453,7315.0,0.227749725448928,False
ENSG00000115718,PROC,cad,-0.163975081015436,0.001741246575044,0.04586949909447147,8.784e-06,20.6635,6013.0,0.197071708251588,False
ENSG00000115825,PRKD3,cad,0.0970536992976779,0.0002057381990166,0.009769568265924181,1.83e-05,40.0918,6980.0,0.462866718115836,False
ENSG00000116030,SUMO1,cad,0.720319462322557,0.0003140232604255,0.013672591395321548,1.291e-32,5.1547,4061.0,0.000160102991515,False
ENSG00000118640,VAMP8,cad,-0.152118957344219,6.22500257722809e-20,2.283486570391694e-16,1.813e-23,60.7794,5613.0,0.0507482199747232,False
ENSG00000121989,ACVR2A,cad,0.12336591624053,0.0013899915115217,0.03877442100486293,3.39e-07,28.1176,4179.0,0.0406236611731668,False
ENSG00000124374,PAIP2B,cad,0.459225361907944,0.0004550963277595,0.017902489054196096,1.22e-06,10.4824,6120.0,0.068920444174339,False
ENSG00000136715,SAP130,cad,-0.389200210465857,0.0001199864408978,0.006823880028269068,8.784e-06,20.0236,6002.0,0.82152618661109,True
ENSG00000138439,FAM117B,cad,-0.0915696601536536,0.0004520115222113,0.01782893834786668,1.291e-32,109.3225,3754.0,1.1691837741703099e-26,False
ENSG00000143951,WDPCP,cad,0.159781815484319,5.19059411151784e-05,0.003493650798087214,7.631e-08,25.9227,4298.0,0.0710169377823534,False
ENSG00000163029,SMC6,cad,0.108814974513827,8.18383375072679e-06,0.00079524101075771,8.578e-06,58.8426,6518.0,0.551801798420219,False
ENSG00000168883,USP39,cad,-0.128442486880697,1.6005080896293202e-09,6.180067157666056e-07,1.813e-23,50.8219,5613.0,8.855342542308571e-20,False
ENSG00000168890,TMEM150A,cad,-0.669588044145676,9.14106165438679e-13,1.1177233137901447e-09,1.813e-23,13.2213,5621.0,2.61079215172393e-08,False
ENSG00000169599,NFU1,cad,0.10109513717292,0.0010533999338438,0.03267766856086697,4.329e-06,22.4439,4810.0,0.251474939685578,False
ENSG00000171132,PRKCE,cad,0.358388989638802,4.79576321507194e-06,0.0005412941050365429,7.635e-09,15.2925,7414.0,0.638158283508305,False
ENSG00000177917,ARL6IP6,cad,0.262393792365183,0.0010258728518487,0.03223261746290359,0.0002013,12.2112,5424.0,0.388184897466071,False
ENSG00000179818,PCBP1-AS1,cad,-0.109894113228447,0.0013651344677273,0.03837283150375992,7.211e-05,31.1609,4939.0,0.354438189663043,False
ENSG00000198380,GFPT1,cad,0.0853392668054438,0.0001124308158092,0.0064441303139390295,4.329e-06,62.395,4965.0,0.151276808975106,False
ENSG00000205639,MFSD2B,cad,-0.961520963744026,0.0001111507212047,0.00643298449911555,5.849e-07,5.2668,5632.0,0.620469669405437,False
ENSG00000223991,AC104809.2,cad,-0.488239755009242,0.0005905945101073,0.02139702036248003,0.0001469,7.0622,6542.0,0.528564130208169,False
ENSG00000224607,IGKV1D-27,cad,0.223750040929877,0.0012561827454635,0.03607039026259479,0.0003086,12.6271,367.0,0.593679310681805,False
ENSG00000228784,AC013400.2,cad,-0.152360965366845,0.0008581206663936,0.02798045452887398,1.064e-16,18.7035,6162.0,2.01218124129589e-10,False
ENSG00000229648,AC016753.7,cad,-0.111463768524309,8.032001167718329e-11,4.910564713913793e-08,1.813e-23,29.5086,5549.0,7.42883830018369e-11,False
ENSG00000231445,TIMM8AP1,cad,0.871783838889194,0.0015981181990135,0.043184508902624465,2.414e-07,4.9084,3900.0,0.101216666623726,False
ENSG00000234171,AC108488.3,cad,-0.0368108680628436,0.0010429067700227,0.032420701348608215,5.717e-05,41.1324,6925.0,0.274752072384303,False
ENSG00000234389,AC007278.3,cad,0.0352467328781127,0.0004793043000567,0.018654726776477344,2.001e-05,76.2984,5078.0,0.0050651013127093,False
ENSG00000236790,LINC00299,cad,0.461868428719999,0.0005085909269816,0.019333043190676212,2.2e-05,7.1449,5153.0,0.462267271141993,False
ENSG00000240382,IGKV1-17,cad,-0.151263504431824,0.0010736065352773,0.03302521738390739,0.0003086,18.6314,1841.0,0.548867303478698,False
ENSG00000241244,IGKV1D-16,cad,-0.225967919231803,0.0003006328321854,0.013246803443412536,0.0003086,13.7723,159.0,0.720486023857838,False
ENSG00000241755,IGKV1-9,cad,-0.236481268730138,0.0005026525917371,0.019190252808968605,0.0003086,12.5758,2123.0,0.693759457005166,False
ENSG00000243466,IGKV1-5,cad,0.416772741814619,0.0013510094821342,0.03811992077017426,0.0003086,6.6265,2175.0,0.549748284312791,False
ENSG00000243943,ZNF512,cad,0.610076265979529,0.0006406520636889,0.022927531050017633,1.259e-05,5.2094,4195.0,0.352640479166528,False
ENSG00000004399,PLXND1,cad,0.272840081017856,0.001138999413313,0.034387939077246195,3.656e-05,14.1349,4644.0,0.232965758395824,False
ENSG00000004534,RBM6,cad,-0.0331892587244719,0.0003688776728394,0.015203769925765494,6.718e-09,101.8767,2905.0,0.0031516645831575,False
ENSG00000047849,MAP4,cad,0.175431062390437,0.0003392372493012,0.014386208552013028,3.48e-11,21.5129,2354.0,0.0069324385503303,False
ENSG00000051382,PIK3CB,cad,0.531499710142999,0.0019010980249348,0.048682044188251866,2.403e-17,5.9168,4052.0,6.64998510110884e-06,False
ENSG00000073711,PPP2R3A,cad,0.419794633886403,7.30310270850611e-07,0.00012177093868398882,6.082e-15,13.3703,3748.0,4.12791832497601e-06,False
ENSG00000114021,NIT2,cad,-0.0998039745714747,0.0012235470649724,0.035410465649585846,0.0002999,23.2145,5007.0,0.336379139923849,False
ENSG00000114270,COL7A1,cad,-0.68925547344641,5.17963923483427e-06,0.0005547507043264471,3.48e-11,7.1663,2352.0,0.0229590672054799,False
ENSG00000114902,SPCS1,cad,0.124252230712211,0.0010073654749757,0.03189266773130988,1.223e-08,22.2869,3777.0,0.0101212236676418,False
ENSG00000129055,ANAPC13,cad,-0.046099098386622,0.0008581206663936,0.02798045452887398,1.904e-07,80.2662,5417.0,0.109013596356632,False
ENSG00000158092,NCK1,cad,0.703561697775655,5.421781150826269e-13,7.232163166006714e-10,6.082e-15,12.7089,4080.0,0.738902048308184,False
ENSG00000158234,FAIM,cad,-0.199484598696859,1.78567201485807e-08,4.763848268002265e-06,2.403e-17,27.2621,4015.0,8.96811630021274e-07,False
ENSG00000163660,CCNL1,cad,0.118493317198225,3.73844783704644e-05,0.002688933583969726,1.395e-08,39.9673,5411.0,0.148844441473009,False
ENSG00000163785,RYK,cad,0.27300858056613,0.0003059969864333,0.013442795754298834,1.904e-07,13.1913,5558.0,0.244481787047204,False
ENSG00000163947,ARHGEF3,cad,0.114256096221441,0.0012635252466963,0.0362103631733883,0.001291,29.1328,5620.0,0.322261673450325,False
ENSG00000164045,CDC25A,cad,-0.539315466738121,1.40541880551666e-08,4.043472575165873e-06,3.48e-11,10.221,2282.0,0.373087587791736,False
ENSG00000164048,ZNF589,cad,-0.0569968110911449,0.0002057381990166,0.009769568265924181,3.48e-11,107.285,2275.0,0.06999581517486,False
ENSG00000164050,PLXNB1,cad,0.633205118535837,3.49516407987952e-06,0.0004135850205167112,3.48e-11,7.9554,2325.0,0.0149087965346267,False
ENSG00000164062,APEH,cad,-0.149988580126403,1.41712704254933e-06,0.0002079350509532632,6.34e-09,32.4473,2629.0,0.315564630640484,False
ENSG00000168917,SLC35G2,cad,-0.646898233401609,3.49516407987952e-06,0.0004135850205167112,6.082e-15,6.996,4044.0,0.0090151044549857,False
ENSG00000172113,NME6,cad,0.192706529691023,2.79891217021755e-08,6.960752249763069e-06,3.48e-11,28.4542,2283.0,0.590098231147814,False
ENSG00000173402,DAG1,cad,-0.346270957070897,0.0002816924543843,0.012563140982312565,6.34e-09,10.6408,2531.0,0.0025036866134619,False
ENSG00000174564,IL20RB,cad,0.664745559567988,1.83776664461771e-06,0.00025359704703635804,6.082e-15,6.8295,4124.0,0.135336608597536,False
ENSG00000174944,P2RY14,cad,0.112387877571273,0.0017685101010024,0.04650420916130505,5.217e-05,38.9793,5516.0,0.285743536643486,False
ENSG00000174953,DHX36,cad,-0.192424072367907,1.6520908742381401e-10,8.657546213462939e-08,3.364e-15,37.6366,5451.0,0.0014412811869022,False
ENSG00000182179,UBA7,cad,-0.0634656741753126,0.0003688776728394,0.015203769925765494,6.34e-09,79.4845,2717.0,0.0034653116015112,False
ENSG00000182923,CEP63,cad,-0.0387007193994458,0.0008581206663936,0.02798045452887398,1.904e-07,93.3153,5362.0,0.108947996095632,False
ENSG00000184897,H1FX,cad,-0.234998457251863,0.0010882173049342,0.03333489042860024,3.656e-05,13.5745,4546.0,0.29489799285503,False
ENSG00000185614,FAM212A,cad,-0.249310878811228,2.17995603550709e-05,0.0018071466050279962,6.34e-09,15.4554,2709.0,0.023365948819803,False
ENSG00000187098,MITF,cad,-0.492424468312668,0.0002143349613761,0.010042828503575598,5.393e-07,8.8108,5393.0,0.32929648321073,False
ENSG00000228638,FCF1P2,cad,0.0735446705223243,6.79534624946012e-06,0.0006972595490792223,3.48e-11,28.1393,2228.0,0.0259760757127571,False
ENSG00000229759,MRPS18AP1,cad,-0.0429272493491053,6.85182051032467e-07,0.00011555949695171712,3.48e-11,47.5429,2227.0,0.0396278971418606,False
ENSG00000233276,GPX1,cad,0.344090065641542,4.29082196238376e-06,0.0004957419736539914,6.34e-09,12.6289,2483.0,0.160156461089312,False
ENSG00000243176,RP11-550I24.2,cad,0.120776669525707,1.0491881945156e-05,0.0009621711486329624,1.395e-08,15.9651,5385.0,0.355627523941594,False
ENSG00000244515,KRT18P34,cad,-0.29617961080164,0.0001637514359956,0.0084011357355365,1.395e-08,10.7061,5387.0,0.0867347760408962,False
ENSG00000121211,MND1,cad,0.510091984269926,0.001646500226989,0.044085944946367875,2.802e-05,6.6097,5588.0,0.629829656671625,False
ENSG00000127415,IDUA,cad,-0.107813438996301,0.0001294060676434,0.00713825274635943,8.678e-05,24.2984,5535.0,0.774963646280201,False
ENSG00000131127,ZNF141,cad,0.556565583903374,0.0003469429378853,0.014586514978770794,8.678e-05,6.2787,4122.0,0.285226126008599,False
ENSG00000134852,CLOCK,cad,-0.141563848794485,0.0001487761390965,0.00788083858831388,2.817e-05,26.8827,6186.0,0.681531048920234,False
ENSG00000138735,PDE5A,cad,0.201698551781286,0.0001667452332684,0.008524922675077469,1.229e-14,15.5279,5827.0,1.48324123638113e-07,False
ENSG00000145214,DGKQ,cad,-0.0512228404523847,0.0001923834188924,0.00950451820002756,8.678e-05,103.9015,5539.0,0.817999932892181,True
ENSG00000145390,USP53,cad,0.0856770399058141,7.81511931955753e-05,0.004858951092197782,1.229e-14,83.4183,5585.0,1.56576279542637e-10,False
ENSG00000150627,WDR17,cad,-0.359592347507123,8.32720336499478e-05,0.005091043957273684,1.469e-05,9.3205,5972.0,0.880246872223885,True
ENSG00000150961,SEC24D,cad,-0.598396260901967,1.38197871369425e-06,0.00020691605781669115,1.268e-08,8.3138,5519.0,0.345113538381851,False
ENSG00000151612,ZNF827,cad,-0.431288753219498,2.30252836196383e-05,0.0018665745113312308,1.245e-07,10.483,3991.0,0.365146901745837,False
ENSG00000163257,DCAF16,cad,-0.190943939927749,0.0012033063300832,0.035377501412971434,9.197e-06,19.0171,6205.0,0.234501270538657,False
ENSG00000164096,C4orf3,cad,-0.129162272774375,1.38197871369425e-06,0.00020691605781669115,1.229e-14,35.2195,5578.0,1.19296214509841e-05,False
ENSG00000248280,RP11-33B1.2,cad,-0.05511837050472,1.9958293239987e-06,0.0002603206910588771,1.229e-14,41.4688,5553.0,4.9532198323467e-05,False
ENSG00000251075,HTT-AS1,cad,0.0424808808524149,0.0004066742707319,0.016483788879693834,2.352e-07,28.8488,5331.0,0.145830302381869,False
ENSG00000260091,RP11-33B1.4,cad,-0.0542349362306541,1.9958293239987e-06,0.0002603206910588771,1.229e-14,40.6534,5561.0,0.0001839903734758,False
ENSG00000113070,HBEGF,cad,0.222790938070865,0.0011540500847815,0.03455791202856929,8.079e-05,17.565,3464.0,0.305636141410405,False
ENSG00000113163,COL4A3BP,cad,-0.633860923656617,0.00015741531899,0.008161678358799539,1.562e-07,8.3301,5337.0,0.312569151377509,False
ENSG00000113441,LNPEP,cad,0.106564394256784,4.38482803817187e-05,0.0030784010432581745,2.79e-06,35.9829,6184.0,0.767712128508032,False
ENSG00000135074,ADAM19,cad,-0.201909372101374,6.56299336290316e-05,0.004223631649731494,5.723e-07,41.7363,6481.0,0.418576410975431,False
ENSG00000153922,CHD1,cad,-0.844539356102244,0.0011540500847815,0.03455791202856929,0.001102,7.073,5703.0,0.448666015482574,False
ENSG00000164308,ERAP2,cad,0.0241830944895488,2.97412471748169e-05,0.0022611052839175564,2.79e-06,163.657,6040.0,0.741665572232481,False
ENSG00000170464,DNAJC18,cad,-0.124812178750364,0.0002037784595615,0.009739548329465438,2.185e-05,33.153,3011.0,0.737251745137204,False
ENSG00000170469,SPATA24,cad,-0.157154242904802,0.0008408569461478,0.027913787264313733,2.185e-05,21.1582,3057.0,0.36998668794364,False
ENSG00000172548,NIPAL4,cad,0.259430453752882,1.54597429064604e-05,0.0013188419050377527,5.723e-07,15.9027,6507.0,0.582891923874978,False
ENSG00000197536,C5orf56,cad,0.371837660066517,0.0002457327799303,0.011197630682972956,4.741e-10,10.1117,4051.0,0.0033813225540895,False
ENSG00000202533,Y_RNA,cad,0.132534728172541,0.0004006086150621,0.016282909165668127,4.741e-10,12.4806,4037.0,0.0014438452210877,False
ENSG00000228672,PROB1,cad,0.267844045969104,0.0007438599767603,0.02544209193240998,2.185e-05,10.7897,3070.0,0.359213841792451,False
ENSG00000233006,AC034220.3,cad,-0.0552693317263103,0.0007326794862781,0.025118238556445238,4.741e-10,27.6467,3869.0,0.0007761175345282,False
ENSG00000234292,RP11-213H15.1,cad,-0.347822555921246,0.0013742758758317,0.03848234718717278,0.0006576,13.5941,4430.0,0.39252453910644,False
ENSG00000245556,CTD-2037K23.2,cad,0.0900678458235267,6.33424836662398e-05,0.004094380012487827,9.026e-06,20.7516,5439.0,0.811992511905522,True
ENSG00000248677,CTD-2044J15.1,cad,0.245261592940675,0.0009908800950798,0.03167578134010001,1.26e-06,7.4146,7029.0,0.861921688363935,True
ENSG00000249572,CTD-2203K17.1,cad,0.0395456874065155,0.0014773083226655,0.04059278093346607,0.0002208,36.2518,5600.0,0.320736014795674,False
ENSG00000250786,CTD-2001E22.2,cad,-0.334877603762113,8.45482701607357e-08,1.8243776001006984e-05,3.752e-13,12.7532,6630.0,0.0005804264005119,False
ENSG00000251405,CTB-109A12.1,cad,0.130711694370387,1.54597429064604e-05,0.0013188419050377527,5.723e-07,14.2105,6427.0,0.644863253796548,False
ENSG00000253519,AC106801.1,cad,-0.278224986350473,2.43935236988321e-05,0.001966627325455843,5.723e-07,6.1205,6391.0,0.553638244086766,False
ENSG00000260686,CTB-36H16.2,cad,0.120577446748851,0.0001629261540508,0.008388124415394346,6.029e-08,14.0249,5222.0,0.0353321562993032,False
ENSG00000269071,AC138517.1,cad,-0.284080449518179,0.0014350845796889,0.039580819619878256,0.0001316,4.7297,2810.0,0.22130777241711,False
ENSG00000007866,TEAD3,cad,0.622803557333085,0.0008581206663936,0.02798045452887398,2.151e-11,5.412,5085.0,0.0011984260150164,False
ENSG00000025039,RRAGD,cad,0.0943453312349334,0.0013215080942384,0.03757846563325589,3.15e-06,59.29,5115.0,0.0175468145731963,False
ENSG00000083099,LYRM2,cad,0.291163359217716,0.0011540500847815,0.03455791202856929,3.15e-06,11.1264,5095.0,0.191281304993379,False
ENSG00000085511,MAP3K4,cad,-0.534499023424525,0.0001278787287495,0.00713825274635943,9.78e-154,7.5263,6453.0,9.89128020660379e-10,False
ENSG00000112242,E2F3,cad,0.288001833225413,0.000450180765695,0.01782893834786668,9.404e-05,8.2918,5962.0,0.616085234208199,False
ENSG00000118513,MYB,cad,0.714536481921476,0.0004520115222113,0.01782893834786668,1.983e-05,5.669,4709.0,0.812564047232375,True
ENSG00000124562,SNRPC,cad,-0.129979548238451,1.98415277711095e-05,0.0016636270684885126,2.151e-11,34.6124,5891.0,0.0002854356867473,False
ENSG00000124733,MEA1,cad,-0.905516044449566,0.0009633387507881,0.03093013017574134,3.995e-12,11.4607,4901.0,1.78773292711869e-05,False
ENSG00000137310,TCF19,cad,0.0995831753662331,0.0003423440502541,0.014476121756133744,3.878e-12,47.7699,2566.0,0.0003785256463026,False
ENSG00000146143,PRIM2,cad,0.958795323523293,1.67219325159534e-06,0.00023592395750633103,3.243e-13,5.6663,3246.0,4.52071061351906e-05,False
ENSG00000146215,CRIP3,cad,0.156790915747798,0.0001515830536417,0.0079434933788738,3.995e-12,21.9613,4798.0,1.85857061787119e-05,False
ENSG00000168477,TNXB,cad,0.0901165605697749,5.73303143758388e-07,9.781484916705614e-05,3.878e-12,23.9271,4017.0,0.0078902139233275,False
ENSG00000186577,C6orf1,cad,0.548558026463463,0.0013977176646254,0.03879660625980665,2.151e-11,8.4116,6036.0,7.12446677652831e-06,False
ENSG00000196821,C6orf106,cad,0.242204302524552,3.5874269804369504e-09,1.2241468856732876e-06,2.151e-11,41.0453,6180.0,0.894115644262981,True
ENSG00000204421,LY6G6C,cad,-0.494118928884655,9.83053974484998e-05,0.005863557303909909,3.878e-12,6.1179,3500.0,0.0014565251559607,False
ENSG00000204439,C6orf47,cad,-1.4139744169438,7.58515721081567e-05,0.004736043053374397,3.878e-12,5.8254,3383.0,0.0003090919614268,False
ENSG00000213071,LPAL2,cad,0.874437218973909,9.60294751681248e-06,0.0008917977779379083,9.78e-154,4.862,6218.0,0.0122750551413508,False
ENSG00000232810,TNF,cad,-0.117023552574689,2.22150336074601e-05,0.0018262011312137698,3.878e-12,24.4834,2714.0,0.0002760294502964,False
ENSG00000234745,HLA-B,cad,-0.0457933422560628,0.00103348096788,0.03225853642365851,3.878e-12,39.9019,2556.0,8.24744516135632e-06,False
ENSG00000241106,HLA-DOB,cad,-0.0584675477781736,0.000631038661785,0.02269419187345908,3.878e-12,44.5045,4165.0,2.80509982802726e-05,False
ENSG00000005471,ABCB4,cad,0.189500188684969,0.000981507123354,0.031444659434439394,0.000137,21.94,4249.0,0.416124536131551,False
ENSG00000059377,TBXAS1,cad,0.122469267198842,3.81108273504864e-05,0.002727805705920424,6.531e-09,34.9783,5010.0,0.142794441724335,False
ENSG00000105856,HBP1,cad,-0.262634650059081,9.27872406279677e-06,0.0008747523871177268,4.533e-08,17.9671,5012.0,0.164102994213056,False
ENSG00000106049,HIBADH,cad,-0.100094163207385,0.0001997770484639,0.0097063861990424,3.482e-05,42.8394,5494.0,0.032560816544174,False
ENSG00000106392,C1GALT1,cad,0.137512661911122,0.0001392346985447,0.007532296243138853,2.104e-08,61.0746,7540.0,0.0003054600858218,False
ENSG00000128607,KLHDC10,cad,0.0807362303296275,0.0007266792620716,0.025088387793827265,1.368e-23,41.1767,4944.0,7.21108866617236e-17,False
ENSG00000146731,CCT6A,cad,0.134735076197447,0.0001264184637368,0.0071070425992722855,2.322e-06,30.3294,5620.0,0.732547861236727,False
ENSG00000146833,TRIM4,cad,0.0675601010213995,5.0812825816106e-06,0.0005482180832350908,1.698e-06,96.4603,3453.0,0.0155931572050847,False
ENSG00000146963,LUC7L2,cad,0.61730824738842,0.0012003119920289,0.035365818994056324,6.531e-09,5.5844,5346.0,0.0061451784893366,False
ENSG00000158604,TMED4,cad,0.113163692545077,1.90399083840793e-05,0.0016055895156298595,3.64e-08,40.4388,5431.0,0.366412052885829,False
ENSG00000160917,CPSF4,cad,0.505315603021593,0.001229769423038,0.03552048571700112,1.698e-06,13.534,3968.0,0.168533114105229,False
ENSG00000164535,DAGLB,cad,-0.0956196689856533,1.58665630395119e-06,0.00022602920337743508,2.104e-08,71.7034,7086.0,0.963521272162061,True
ENSG00000164597,COG5,cad,0.117965507724995,0.0001167074355909,0.006663222577530255,4.533e-08,117.5591,5165.0,0.039801451928643,False
ENSG00000173852,DPY19L1,cad,0.0822448207443986,9.90704967034961e-05,0.005885268818341694,8.336e-08,66.6796,5754.0,0.0005656069916746,False
ENSG00000181444,ZNF467,cad,-0.0805583721269747,0.0010651520025723,0.03283398179357848,0.0002817,60.7949,5027.0,0.156398479156521,False
ENSG00000197093,GAL3ST4,cad,0.136548377617002,0.0008265418460429,0.027563292061335162,1.698e-06,27.8959,3563.0,0.122430185798413,False
ENSG00000213420,GPC2,cad,0.380901587902451,8.8315972998444e-05,0.005354794511595739,1.698e-06,11.5211,3553.0,0.468001352828899,False
ENSG00000239521,GATS,cad,0.125623838058955,0.0011380499680266,0.034387939077246195,1.698e-06,18.5494,3445.0,0.195564727519904,False
ENSG00000008513,ST3GAL1,cad,0.16151056598296,0.000200560168849,0.009712275107331277,5.57e-05,29.0397,7228.0,0.742255595115182,False
ENSG00000066777,ARFGEF1,cad,-0.440462618834966,0.0001556870610292,0.008100695909508694,0.000146,8.4004,4619.0,0.274577779108793,False
ENSG00000104497,SNX16,cad,0.044744154613088,9.08574933437649e-05,0.005463737704233862,3.404e-05,92.5098,5603.0,0.87381104158605,True
ENSG00000156170,NDUFAF6,cad,0.257351544443529,0.0001059510011834,0.006193701356031985,3.528e-07,19.5124,6525.0,0.457645400134072,False
ENSG00000164941,INTS8,cad,-0.142428626048979,0.0002889614517624,0.012809460367703007,3.528e-07,25.3699,6535.0,0.12160609709307,False
ENSG00000173334,TRIB1,cad,0.502126880433158,5.41305257623036e-05,0.0035939240023089626,7.669999999999999e-23,7.5952,5826.0,1.04051737330278e-07,False
ENSG00000175305,CCNE2,cad,-0.36830204778157,0.0008233373520434,0.027518972588913,3.528e-07,9.376,6509.0,0.0875760032961347,False
ENSG00000175445,LPL,cad,-0.212651654467808,2.55872550000055e-13,4.171575473500896e-10,5.15e-14,59.4384,8201.0,0.001311349673702,False
ENSG00000253878,RP11-347C18.3,cad,0.269576264584738,0.000132680845121,0.007237271525875216,3.528e-07,5.2291,6441.0,0.251999753063917,False
ENSG00000106771,TMEM245,cad,-0.0676904212393575,0.0016730747221523,0.04463459163298309,0.0002571,48.2876,6954.0,0.0518854125450858,False
ENSG00000107175,CREB3,cad,-0.362333989855088,0.0011719761537072,0.03488114828264857,0.0001172,9.0883,4305.0,0.297674500617766,False
ENSG00000107185,RGP1,cad,-0.095237229307417,0.0015891292821006,0.043100358514347695,0.0001172,33.5285,4313.0,0.284817152690946,False
ENSG00000119401,TRIM32,cad,-0.17956011997248,0.0006738585313537,0.02388291360036918,8.979e-06,20.1857,5436.0,0.262234985051397,False
ENSG00000137076,TLN1,cad,-0.605928906138579,0.0011719761537072,0.03488114828264857,0.0001172,5.4239,4280.0,0.328422545955521,False
ENSG00000148396,SEC16A,cad,0.0787618910648279,0.0012462839640072,0.035856322752701265,1.09e-05,34.7373,4711.0,0.24695691884673,False
ENSG00000165688,PMPCA,cad,-0.507129687116319,0.001687455928392,0.04477403406382607,1.09e-05,6.2712,4861.0,0.165508596642272,False
ENSG00000183784,C9orf66,cad,-0.182206529411687,0.0001509668025007,0.007939555172375523,0.0001075,21.063,5027.0,0.765592912918236,False
ENSG00000259953,RP11-4O1.2,cad,-0.0437230564819968,0.0002155994669547,0.010042828503575598,3.361e-05,37.6551,6179.0,0.64856810674661,False
ENSG00000076685,NT5C2,cad,-0.275565380360301,9.33402317743813e-14,1.711976526031871e-10,4.67e-15,42.5896,4379.0,0.100938852877249,False
ENSG00000079393,DUSP13,cad,0.73574005478701,2.01557987930418e-05,0.0016803752027858088,1.866e-05,5.8325,3556.0,0.872879144250486,True
ENSG00000107779,BMPR1A,cad,-0.22037680189226,4.38482803817187e-05,0.0030784010432581745,3.928e-05,11.5292,4912.0,0.909761693477387,True
ENSG00000107798,LIPA,cad,0.071002362638286,5.37019236017436e-08,1.2507433730291807e-05,2.4340000000000002e-21,136.7235,6418.0,0.998932758088505,True
ENSG00000107954,NEURL,cad,0.65533822281155,0.0017884285334477,0.04668650526128056,4.67e-15,5.6621,4623.0,3.60407624440897e-05,False
ENSG00000107960,OBFC1,cad,0.175204581774723,3.7459840111134e-06,0.00043971858716053533,8.18e-15,17.6522,4577.0,0.0001118014313518,False
ENSG00000108219,TSPAN14,cad,-0.287677674221678,1.9505512847727e-11,1.4310219500734914e-08,1.724e-11,25.2573,6704.0,0.995904563349378,True
ENSG00000119950,MXI1,cad,0.106980144610034,0.0010354917641616,0.03225853642365851,0.0005698,31.0557,5122.0,0.354192400784294,False
ENSG00000119969,HELLS,cad,0.0792807583607614,0.0017913516296668,0.04668650526128056,1.058e-06,42.8504,5394.0,0.0206440817107241,False
ENSG00000138131,LOXL4,cad,-0.653060411883109,4.84410412635905e-06,0.0005425766400463081,1.675e-06,6.8836,4906.0,0.944391116585441,True
ENSG00000138160,KIF11,cad,-0.415879226907146,0.0001294060676434,0.00713825274635943,1.65e-06,9.3753,5424.0,0.242271444368033,False
ENSG00000138297,TIMM23,cad,-0.543211063185592,0.0019512025101137,0.049704851442531804,0.0003597,8.3231,2831.0,0.369260567981896,False
ENSG00000148842,CNNM2,cad,1.88622481195701,9.85010679950938e-15,2.8906123413840226e-11,4.67e-15,6.1715,4329.0,0.936554980592514,True
ENSG00000151465,CDC123,cad,0.12859434266703,1.61268621258755e-08,4.382026814314282e-06,6.377e-10,29.9047,6977.0,0.917774247428539,True
ENSG00000151929,BAG3,cad,-0.179920148444394,0.0004228059085208,0.016950358185042893,5.054e-05,20.4709,6133.0,0.418094670276292,False
ENSG00000155640,C10orf12,cad,1.026230245538,0.0002068287939289,0.009789673849415322,0.0001347,4.8913,5077.0,0.470610768274195,False
ENSG00000165609,NUDT5,cad,0.106720184055837,1.39744466523859e-05,0.0012352232272919176,6.377e-10,23.8018,6910.0,0.0160831605461602,False
ENSG00000166507,NDST2,cad,0.115817592814677,0.0002509481929884,0.011399884940305863,4.294e-05,34.7696,2905.0,0.614053396210296,False
ENSG00000183049,CAMK1D,cad,0.113589228167576,3.56350857194922e-07,6.703507855924475e-05,6.377e-10,70.4495,7032.0,0.0160831249744452,False
ENSG00000196968,FUT11,cad,0.265370843328282,0.0001946917563925,0.009553719947074307,4.294e-05,14.1995,2840.0,0.656917209968492,False
ENSG00000213277,RP11-332O19.3,cad,-0.704412281638241,3.46767698679861e-14,8.480204071216001e-11,4.67e-15,12.2559,4382.0,0.916142214868887,True
ENSG00000228302,RP11-186N15.3,cad,0.106443437441886,8.23034940754153e-07,0.00013126512701832268,6.377e-10,19.5798,6978.0,0.169568601636406,False
ENSG00000236493,EIF2S2P3,cad,-0.0702710242807533,0.0001219834972281,0.006910671254161819,1.65e-06,20.1081,5360.0,0.508580124737564,False
ENSG00000242288,RP11-464F9.1,cad,0.175126868566442,0.0007736079960381,0.026034747995107892,4.294e-05,9.3863,2667.0,0.326857479081744,False
ENSG00000252118,U6atac,cad,0.444848449253023,3.37062364158611e-07,6.423007882206883e-05,6.377e-10,4.843,6824.0,0.294668151999756,False
ENSG00000260461,RP11-541N10.3,cad,0.252399912480439,2.42560114265347e-06,0.00030419526124918266,4.67e-15,16.6245,4626.0,2.11490208460403e-05,False
ENSG00000085733,CTTN,cad,-0.41760529898491,0.0002272994722406,0.010521025729294397,8.319e-07,10.5085,6061.0,0.094935219220516,False
ENSG00000109917,ZNF259,cad,-0.537565095989957,1.57361291707618e-06,0.00022602920337743508,7.033e-13,10.3599,6420.0,0.0006181612549348,False
ENSG00000109919,MTCH2,cad,-0.792206620498124,8.32337002311436e-06,0.0008034790022970857,1.897e-06,12.125,3637.0,0.902287924015749,True
ENSG00000110063,DCPS,cad,-0.141450540598321,0.0008470119725276,0.02798045452887398,1.999e-07,40.435,6440.0,0.133634223546007,False
ENSG00000110693,SOX6,cad,-1.01989126460609,2.2481892747166e-06,0.00028437656230962646,6.174e-08,6.0766,4411.0,0.68804592881959,False
ENSG00000133789,SWAP70,cad,-0.183343186942835,3.01033253118923e-10,1.424858362262567e-07,6.257e-12,34.7888,5812.0,0.741591865809758,False
ENSG00000133794,ARNTL,cad,-0.0852688390366026,0.001101781164624,0.03354032163595011,9.413e-09,48.5675,5803.0,0.0485806283454256,False
ENSG00000133805,AMPD3,cad,-0.267282438933551,0.0003071481904285,0.0134530907407683,6.257e-12,20.8686,6754.0,7.01127552322396e-06,False
ENSG00000142186,SCYL1,cad,0.903317714894239,5.57049917029061e-05,0.003679211906955248,2.291e-11,7.7878,3450.0,0.0003112213026242,False
ENSG00000149084,HSD17B12,cad,-0.107086530636366,8.22741146578187e-08,1.8018031110062293e-05,1.03e-08,84.298,6685.0,0.0047794982895765,False
ENSG00000149243,KLHL35,cad,-0.101391676153992,7.98755391030117e-06,0.0007877514653844942,4.758e-11,46.4377,4603.0,0.0066041408969316,False
ENSG00000150455,TIRAP,cad,0.404516424911967,0.0009993925746165,0.031809299885787214,1.999e-07,12.3857,6478.0,0.0576077593180233,False
ENSG00000150764,DIXDC1,cad,-0.127015744071495,0.0002402702157366,0.01102933556699659,7.75e-07,28.4599,5079.0,0.126785130745657,False
ENSG00000158555,GDPD5,cad,0.0735319824341974,0.0001369796266344,0.007444081709653894,4.758e-11,75.6982,4568.0,4.35484460907026e-06,False
ENSG00000160584,SIK3,cad,0.550425187996346,2.7836962555761e-05,0.0021273528728160476,7.033e-13,14.229,6584.0,3.4593802982414e-06,False
ENSG00000166471,TMEM41B,cad,0.0444809789074796,0.0016958973908577,0.04491679136472028,6.257e-12,51.0335,5669.0,2.6546682301176e-07,False
ENSG00000166689,PLEKHA7,cad,0.192959430401698,1.32501786753562e-05,0.0011854870225823265,6.174e-08,23.7072,4631.0,0.147952710527538,False
ENSG00000168496,FEN1,cad,0.714058749296166,0.0015932327100873,0.04313192537843349,4.149e-05,5.4455,4348.0,0.167227067464206,False
ENSG00000170145,SIK2,cad,0.19229635144664,4.63543743832003e-06,0.0005313732307224204,7.75e-07,26.1288,4953.0,0.856181632187796,True
ENSG00000170903,MSANTD4,cad,0.177049887830019,0.0011895279103263,0.035118597642289334,1.131e-05,17.0194,5078.0,0.190582025603788,False
ENSG00000172977,KAT5,cad,-0.486989743478488,0.0007092845199354,0.02469994199866407,2.291e-11,6.9461,3400.0,0.000157502522511,False
ENSG00000173039,RELA,cad,-1.40118949684913,4.07934551296044e-07,7.482029588958567e-05,2.291e-11,5.9087,3435.0,0.0631785750435192,False
ENSG00000173327,MAP3K11,cad,0.0889318021551325,6.33424836662398e-05,0.004094380012487827,2.291e-11,59.0038,3447.0,0.0003872182081373,False
ENSG00000173338,KCNK7,cad,0.249019795361677,2.64049607341193e-06,0.0003255798225644811,2.291e-11,21.9244,3462.0,0.005995725137413,False
ENSG00000174744,BRMS1,cad,0.921857958572417,8.14816091171014e-05,0.005023443909979954,2.291e-11,7.5205,3129.0,0.0002516944549691,False
ENSG00000175220,ARHGAP1,cad,0.422413730112309,0.0001959837595631,0.009553719947074307,3.015e-06,13.3717,3227.0,0.480937649970164,False
ENSG00000175602,CCDC85B,cad,0.624878011748656,0.0011817727163259,0.0350306082154544,2.291e-11,6.8239,3354.0,2.45309133223618e-05,False
ENSG00000176973,FAM89B,cad,-0.293444602984599,0.0001323554897865,0.007237271525875216,2.291e-11,27.1891,3476.0,0.0002243354425758,False
ENSG00000177963,RIC8A,cad,-0.168175197002956,4.87503845110966e-05,0.0033403593926131774,8.347e-06,27.9039,3064.0,0.889472442278656,True
ENSG00000181264,TMEM136,cad,0.729149092009567,3.01389645416632e-05,0.0022678411626657724,1.142e-06,5.7312,5481.0,0.866319231849221,True
ENSG00000182934,SRPR,cad,-0.377588772268468,0.0002748369905628,0.012306696307624663,1.999e-07,9.9468,6464.0,0.175280004912702,False
ENSG00000185627,PSMD13,cad,-0.1019555901754,0.0001715674338407,0.008710757635794434,8.347e-06,43.5224,3131.0,0.602862363463141,False
ENSG00000196914,ARHGEF12,cad,0.744621290286039,5.59165988721475e-05,0.003679211906955248,1.142e-06,6.5497,5650.0,0.550101403955476,False
ENSG00000197136,PCNXL3,cad,0.21809830282241,4.69777471449456e-05,0.0032824023040846986,2.291e-11,17.2119,3436.0,0.0003668903581553,False
ENSG00000205869,KRTAP5-1,cad,-0.555368605959426,0.0007326794862781,0.025118238556445238,0.0002549,6.3952,6481.0,0.394758466922121,False
ENSG00000213445,SIPA1,cad,0.368467698268603,3.18841056970285e-05,0.0023802418734212853,2.291e-11,18.8876,3447.0,0.0003011016452363,False
ENSG00000246889,AP000487.5,cad,-0.379414119776061,2.72569946963114e-06,0.00033328490264914764,8.319e-07,7.6992,6028.0,0.93370368573713,True
ENSG00000248712,CCDC153,cad,0.373465705921121,0.0015750194240639,0.042796777794980756,2.875e-07,11.1574,4845.0,0.0224275405199068,False
ENSG00000255561,FDXACB1,cad,-0.733588361378725,1.88269133338936e-06,0.0002557845364335378,7.75e-07,5.821,5053.0,0.536262797331692,False
ENSG00000256269,HMBS,cad,0.111875813418936,1.14800597247256e-06,0.00018112571649559004,2.875e-07,45.6633,4898.0,0.88614085752495,True
ENSG00000258659,TRIM34,cad,1.23644187683948,0.0010210132635122,0.03214877170711269,5.609e-13,7.01,8236.0,2.44608322620784e-05,False
ENSG00000065970,FOXJ2,cad,-0.102840739772181,0.0018409831478571,0.0477256991669739,0.0003748,32.8858,4812.0,0.253416039121091,False
ENSG00000073060,SCARB1,cad,-0.131795204156599,1.25333727037787e-08,3.7531056669907115e-06,1.914e-18,40.2763,6523.0,4.84088958467885e-06,False
ENSG00000076067,RBMS2,cad,-0.0437377755668524,0.0008581206663936,0.02798045452887398,4.918e-09,73.0626,3064.0,0.0009271609672811,False
ENSG00000078246,TULP3,cad,0.489975190669243,0.0005620931915141,0.02109358925597542,4.943e-06,8.6299,6218.0,0.240198761051574,False
ENSG00000084112,SSH1,cad,0.128045539033139,0.0007652164476681,0.025811542383066734,3.311e-06,29.4703,5989.0,0.322837178528535,False
ENSG00000089022,MAPKAPK5,cad,-0.356154441554387,4.14555867972766e-08,9.910054050576338e-06,3.715e-27,25.2525,2660.0,2.94586727948917e-16,False
ENSG00000089248,ERP29,cad,0.468735406206447,6.14141463012331e-08,1.4080152635593645e-05,3.715e-27,15.3892,2797.0,1.47588563123424e-16,False
ENSG00000090612,ZNF268,cad,0.230801330583725,4.8945496450067e-05,0.0033403593926131774,1.958e-05,18.223,2320.0,0.867457634253687,True
ENSG00000110944,IL23A,cad,-0.690587357830713,0.0016151704280877,0.043405486614159015,1.948e-07,8.2673,3326.0,0.0585213763880548,False
ENSG00000111252,SH2B3,cad,0.285529747739468,8.3520958552085e-09,2.607453244329241e-06,3.715e-27,23.8731,2879.0,3.69105829482539e-15,False
ENSG00000111271,ACAD10,cad,-0.57264172479638,6.57973247462932e-06,0.0006847121602853618,3.715e-27,10.0367,2697.0,5.90369768031422e-15,False
ENSG00000111300,NAA25,cad,-0.438411596530095,7.38909789936422e-08,1.6427308102632e-05,3.715e-27,21.1804,2934.0,1.63444058803899e-16,False
ENSG00000111424,VDR,cad,-0.180160354430799,0.0018890508712025,0.048628146373954885,4.614e-05,15.7536,6147.0,0.140968090006753,False
ENSG00000111674,ENO2,cad,-0.521738013901368,0.0003102862731493,0.013550090731903806,6.152e-10,6.512,5234.0,0.0094729929458211,False
ENSG00000119242,CCDC92,cad,-0.180599055979531,0.0001916852693944,0.00950451820002756,1.914e-18,27.2028,5642.0,2.8116287594464696e-11,False
ENSG00000126838,PZP,cad,-0.0486734461471672,0.0017150691104691,0.04526116737034731,0.0003213,67.6992,4933.0,0.0030640029524157,False
ENSG00000135100,HNF1A,cad,0.299610101891906,0.0001870828695082,0.009336962395557206,1.26e-18,11.6283,5309.0,3.69736613201974e-11,False
ENSG00000135473,PAN2,cad,-0.547368546650973,0.0013987190561874,0.03879660625980665,1.948e-07,11.5474,3364.0,0.0908481483603465,False
ENSG00000136040,PLXNC1,cad,-0.251340646465602,0.0006794812187847,0.023991950051663154,1.056e-12,20.992,6649.0,3.89145655874061e-07,False
ENSG00000139146,FAM60A,cad,-0.407395955769774,0.001812179264056,0.04706213511768795,4.566e-06,6.1251,7422.0,0.243162627990697,False
ENSG00000139323,POC1B,cad,-0.17936152577337,2.31756606151584e-07,4.7895277212143555e-05,8.643e-15,32.7818,3957.0,5.96415061803143e-06,False
ENSG00000139567,ACVRL1,cad,-0.136360469929359,0.0001087773906899,0.006333693069813106,2.734e-06,34.8615,6358.0,0.745951595613091,False
ENSG00000157895,C12orf43,cad,0.150830484422113,6.72552007022706e-10,2.902457529130637e-07,1.26e-18,38.2285,5290.0,2.46033274913281e-06,False
ENSG00000165685,TMEM52B,cad,0.482189979867551,0.0003225384549119,0.013878612166927592,0.0003213,6.7342,6144.0,0.447767779158481,False
ENSG00000166986,MARS,cad,0.171096728982486,0.0019127966740286,0.048896281529654445,4.918e-09,12.5638,3920.0,0.001699761401862,False
ENSG00000170581,STAT2,cad,0.26519831313502,0.0013987190561874,0.03879660625980665,1.948e-07,23.8338,3317.0,0.0564778610289507,False
ENSG00000176422,SPRYD4,cad,-0.0611290196361432,0.0007291467762286,0.02511448508826819,4.918e-09,75.3583,3180.0,0.013331047014718,False
ENSG00000179195,ZNF664,cad,0.199372950631207,8.97817529863383e-05,0.005421266096989883,1.914e-18,20.8709,5854.0,4.5298257488774894e-11,False
ENSG00000179295,PTPN11,cad,-0.396583247288328,5.93376845198579e-06,0.0006263754280286871,3.715e-27,10.6521,3244.0,5.09338114750393e-16,False
ENSG00000182379,NXPH4,cad,-0.715124140407164,0.0005761019200729,0.021256141914567334,4.918e-09,4.8315,3316.0,0.0198381070157284,False
ENSG00000184752,NDUFA12,cad,0.107505191105622,2.51516460117976e-06,0.000312754323670429,1.056e-12,91.2159,7330.0,1.10635967601108e-09,False
ENSG00000185482,STAC3,cad,-0.33977592590535,0.0002912612169763,0.012872517580401354,4.918e-09,11.5566,3357.0,0.0096655745112731,False
ENSG00000196387,ZNF140,cad,0.348101183921999,0.001180336205352,0.0350306082154544,1.958e-05,12.8697,2474.0,0.249606814996499,False
ENSG00000198270,TMEM116,cad,-0.144647161761283,3.00253722891334e-07,5.874163834646059e-05,3.715e-27,48.6163,2675.0,1.02665943368996e-16,False
ENSG00000198324,FAM109A,cad,-0.43402693717075,2.6167849372106198e-11,1.74527660834961e-08,3.715e-27,16.3048,2972.0,2.44691275061939e-13,False
ENSG00000198353,HOXC4,cad,-0.441811174830815,5.0503332799737194e-11,3.221893052915408e-08,9.28e-13,16.7208,4709.0,0.934922048754275,True
ENSG00000204842,ATXN2,cad,0.662102009625882,0.0012128149926955,0.035377501412971434,3.715e-27,8.6284,2761.0,9.68573813151373e-14,False
ENSG00000212694,AC084018.1,cad,-0.0658886052588126,0.0018734780698546,0.04839708401228265,1.26e-18,52.1485,4882.0,7.7854899844018e-13,False
ENSG00000226469,ADAM1B,cad,-0.165652789201774,2.41232584562769e-07,4.91611904623543e-05,3.715e-27,15.5292,2527.0,3.6044162290357005e-16,False
ENSG00000229186,ADAM1A,cad,0.144194090422602,9.05861231280647e-09,2.769104551371028e-06,3.715e-27,29.2675,2571.0,1.0434531328582102e-15,False
ENSG00000234608,MAPKAPK5-AS1,cad,-0.150754987120081,1.33270298038454e-08,3.910950166236471e-06,3.715e-27,37.8137,2706.0,6.86194842288888e-16,False
ENSG00000250654,RP11-834C11.7,cad,-0.258746863793181,3.5753959402488e-05,0.002584324366072445,9.28e-13,9.483,4712.0,2.60233899887454e-05,False
ENSG00000255748,AC226150.4,cad,-0.204076224097569,0.0004770306522932,0.0186156137263248,1.958e-05,7.9463,2282.0,0.565446657343128,False
ENSG00000256875,RP11-503G7.2,cad,-0.0370358653482301,0.000182608401294,0.009165019220758339,1.958e-05,53.7329,4037.0,0.263488548759002,False
ENSG00000257303,RP11-977G19.11,cad,-0.492198471869087,0.0004350464977504,0.01739356202041313,1.948e-07,5.7524,3317.0,0.138777638314459,False
ENSG00000257594,GALNT4,cad,0.0490035176500952,0.0001310050938739,0.00719939229367691,8.643e-15,76.6137,4020.0,9.94744916371882e-10,False
ENSG00000257595,RP3-473L9.4,cad,-0.142354243090501,7.39015573276214e-07,0.00012183792704136954,3.715e-27,14.2786,2860.0,5.65286743447617e-18,False
ENSG00000257727,CNPY2,cad,-0.269997249786771,0.0012128149926955,0.035377501412971434,1.948e-07,19.3186,3368.0,0.0842262393474415,False
ENSG00000258273,RP11-370I10.4,cad,0.0337333090548045,0.0003518773825338,0.014709677589511246,4.614e-05,41.891,5411.0,0.107065703726852,False
ENSG00000258302,RP11-981P6.1,cad,0.128778242335081,2.3599571614517297e-11,1.6489357823800585e-08,8.643e-15,25.3944,3904.0,0.0348029594700907,False
ENSG00000270018,RP3-462E2.5,cad,0.287911493687365,2.52658950432664e-08,6.586540280158348e-06,3.715e-27,13.0608,2569.0,4.81693704462086e-16,False
ENSG00000102755,FLT1,cad,0.158165942555374,0.0001538259763174,0.008032343596103952,5.363e-11,22.5737,6195.0,0.0003514963059223,False
ENSG00000153487,ING1,cad,-0.197411668931313,4.94147440971597e-07,8.631043611082161e-05,3.893e-23,31.1916,7569.0,1.68265864499434e-13,False
ENSG00000212293,SNORA16,cad,-0.0412195374053423,1.25148040347495e-05,0.0011265626969440455,1.189e-10,42.2239,5229.0,0.0021508787631193,False
ENSG00000244754,N4BP2L2,cad,-0.117451024645651,1.1770927027888501e-09,4.667967899465081e-07,1.189e-10,44.3887,5256.0,0.923656725402997,True
ENSG00000267868,RP11-120K24.3,cad,0.159764741995576,5.05480936356884e-06,0.0005482180832350908,8.214e-12,12.3013,5480.0,0.00218402371546,False
ENSG00000072110,ACTN1,cad,0.2631325389869,0.0008936383647898,0.02900963656318747,3.249e-05,13.1897,5090.0,0.636827374429628,False
ENSG00000100815,TRIP11,cad,-0.128659507518668,0.0005228857794804,0.01977397691318533,5.181e-05,30.6724,6345.0,0.524084012179884,False
ENSG00000119640,ACYP1,cad,0.407719461853164,2.2216196436328e-06,0.00028345934809586155,3.601e-10,11.5473,4753.0,0.0535043110841603,False
ENSG00000119684,MLH3,cad,0.0980198765577763,1.50744224424934e-08,4.173339632051106e-06,3.601e-10,65.6163,4766.0,0.874624754952309,True
ENSG00000119718,EIF2B2,cad,0.0757145472859295,1.50744224424936e-08,4.173339632051106e-06,3.601e-10,81.6263,4807.0,0.96092281304837,True
ENSG00000126214,KLC1,cad,0.118903322960125,3.4300562234013e-05,0.0024915452953449143,1.748e-07,46.0583,5675.0,0.0001587239023712,False
ENSG00000165617,DACT1,cad,0.723003604723763,0.0001923834188924,0.00950451820002756,4.262e-08,5.3978,6317.0,0.190205330534844,False
ENSG00000166166,TRMT61A,cad,0.199465941366308,1.13025318151381e-05,0.0010237163538488973,1.748e-07,24.9955,5635.0,0.205426723408848,False
ENSG00000166170,BAG5,cad,0.211308720295457,8.23349319431988e-05,0.005054813625115296,1.748e-07,20.9753,5653.0,0.0505475741497694,False
ENSG00000198208,RPS6KL1,cad,0.139012171660413,0.0005116608820014,0.01939948351836316,3.601e-10,26.2495,4968.0,0.0001524660514463,False
ENSG00000224997,AL049840.1,cad,-0.0521630443039763,0.0011369726715486,0.034387939077246195,1.748e-07,33.4707,5696.0,0.0038775100733411,False
ENSG00000258682,CTD-2002H8.2,cad,0.306048008166495,0.0005802587004076,0.021256141914567334,4.262e-08,4.7665,5861.0,0.390824046013687,False
ENSG00000258889,RP11-718G2.4,cad,0.120366518032517,6.88016725441451e-05,0.004389247570609743,6.147e-05,10.4387,6006.0,0.754736182150395,False
ENSG00000062524,LTK,cad,-0.624142970031932,0.0012462839640072,0.035856322752701265,4.326e-07,5.2202,4848.0,0.0190416897816154,False
ENSG00000103653,CSK,cad,0.101666594350504,0.0003221879392314,0.013878612166927592,7.557e-07,42.3495,3693.0,0.0154570519845492,False
ENSG00000103671,TRIP4,cad,-0.129890016163498,0.000710377940669,0.02469994199866407,3.895e-08,39.8174,4501.0,0.0121808558440875,False
ENSG00000103811,CTSH,cad,-0.0855521367220559,0.0006902001583355,0.02428610772963259,5.4810000000000005e-36,76.3926,6059.0,8.183748741510169e-30,False
ENSG00000103932,RPAP1,cad,-0.0682060372318023,0.0019010980249348,0.048682044188251866,4.326e-07,52.2381,4826.0,0.0008347827530181,False
ENSG00000103942,HOMER2,cad,-0.192533048556838,0.00160536849945,0.043300683809613695,2.271e-05,20.6709,3181.0,0.266737056528419,False
ENSG00000104081,BMF,cad,0.17400266237149,0.0018828917811465,0.048554782257930744,6.85e-06,23.4059,4884.0,0.195273037857586,False
ENSG00000104147,OIP5,cad,0.329401829386779,5.0644723389388e-05,0.0034403241957985655,4.326e-07,12.4404,4828.0,0.31794672803781,False
ENSG00000137815,RTF1,cad,0.20302689815675,3.01389645416633e-05,0.0022678411626657724,4.326e-07,21.0343,4827.0,0.447020679115437,False
ENSG00000137825,ITPKA,cad,0.350757985997199,0.0006018723821407,0.02175190508165146,4.326e-07,11.1475,4847.0,0.328924686325813,False
ENSG00000140474,ULK3,cad,0.0804726139838865,0.0003221879392314,0.013878612166927592,7.557e-07,61.5073,3589.0,0.0165743042531517,False
ENSG00000156206,C15orf26,cad,0.120401713188598,0.0003460679448963,0.014586514978770794,8.309e-06,33.855,5292.0,0.527527860008744,False
ENSG00000166831,RBPMS2,cad,-0.0968560346487396,0.000710377940669,0.02469994199866407,3.895e-08,92.5116,4248.0,0.160865993127558,False
ENSG00000182511,FES,cad,-0.246180229924215,2.2054508884845202e-24,1.6180290443366683e-20,9.860000000000001e-27,46.898,5652.0,0.643580154597727,False
ENSG00000188277,C15orf62,cad,0.924168343539224,7.68832631050687e-06,0.0007674204894834551,4.326e-07,6.5289,4477.0,0.809719023774493,True
ENSG00000198901,PRC1,cad,0.742665271781705,3.29638757100758e-05,0.002418394741469711,9.860000000000001e-27,17.7583,5816.0,1.41812590423674e-18,False
ENSG00000230373,GOLGA6L5,cad,-0.074772254697148,0.0003841721308144,0.01570183196501307,2.271e-05,24.2912,4707.0,0.529443311276517,False
ENSG00000252061,U6,cad,-0.460119394684323,3.07186797512835e-09,1.073179019025197e-06,5.4810000000000005e-36,6.6175,5897.0,4.95284205275843e-08,False
ENSG00000258384,AC068831.6,cad,-0.262429986822418,0.0016113400642586,0.0433820050694797,9.860000000000001e-27,4.835,5666.0,0.0056303900042402,False
ENSG00000264386,MIR4513,cad,0.278187455723926,7.68832631050691e-06,0.0007674204894834551,7.557e-07,5.6736,3597.0,0.805495613841699,True
ENSG00000050820,BCAR1,cad,-0.530461208539031,1.00035354372201e-11,9.785458364688702e-09,2.491e-16,20.9624,6436.0,0.0006846288787892,False
ENSG00000070915,SLC12A3,cad,0.524902262858856,1.9731752900754102e-09,7.423692572122178e-07,1.194e-09,8.363,6424.0,0.993721390369186,True
ENSG00000087237,CETP,cad,0.278349802999221,7.68832631050691e-06,0.0007674204894834551,1.194e-09,16.1522,6549.0,0.0600284581282506,False
ENSG00000102967,DHODH,cad,0.376118367986019,9.64260673022826e-08,2.0505212833715835e-05,2.92e-11,12.7943,4232.0,0.136909604733895,False
ENSG00000102978,POLR2C,cad,0.175262912577228,0.0002748369905628,0.012306696307624663,1.194e-09,19.4698,6797.0,0.0010512026465915,False
ENSG00000103549,RNF40,cad,-0.193935083745022,0.0003645280366341,0.015109378196418501,0.0001223,20.2463,2375.0,0.584514572676477,False
ENSG00000118900,UBN1,cad,0.317977059746899,0.0005316415176384,0.02005340871030397,0.0001963,10.7507,7757.0,0.392420414596639,False
ENSG00000140829,DHX38,cad,0.168332687498368,2.58901582359301e-05,0.0020306440435637505,2.92e-11,25.445,4442.0,0.0929540445248341,False
ENSG00000141101,NOB1,cad,-0.506618477500859,5.0812825816106e-06,0.0005482180832350908,3.621e-07,8.2529,3450.0,0.634535680730639,False
ENSG00000153774,CFDP1,cad,-0.195203725711856,1.2344666804311699e-11,1.0968134762845668e-08,2.491e-16,42.7703,6497.0,0.0004496352163923,False
ENSG00000156873,PHKG2,cad,-0.473747900451326,0.0008863305503002,0.028836204355997416,0.0001223,9.1779,2357.0,0.404293586721042,False
ENSG00000157322,CLEC18A,cad,-0.0336920271667012,0.0002091565721299,0.009836392252762893,3.621e-07,68.8924,2982.0,0.0001640745968567,False
ENSG00000166822,TMEM170A,cad,-0.253960888766225,0.0012086026357218,0.035377501412971434,2.491e-16,25.4342,6877.0,2.2307626417552697e-11,False
ENSG00000167526,RPL13,cad,0.0900658960326968,0.000488143633941,0.018898500107694702,6.449e-05,61.0886,5537.0,0.35398082813241,False
ENSG00000169180,XPO6,cad,-0.125324465794329,0.0007063646680341,0.02469994199866407,0.0002338,29.7724,3439.0,0.479237306922686,False
ENSG00000169957,ZNF768,cad,-0.46847066825609,0.0002683626804898,0.012115955725621031,0.0001223,8.1415,2023.0,0.739400271047334,False
ENSG00000181019,NQO1,cad,0.178198632655128,0.0001405326513065,0.007553243929011996,3.621e-07,30.155,3501.0,0.211447208261484,False
ENSG00000187535,IFT140,cad,0.254000922227117,0.0010172413503286,0.03209888673843344,1.83e-07,16.0875,5576.0,0.0266700756609263,False
ENSG00000196118,C16orf93,cad,-0.249934473212823,0.0006287045757745,0.02266580403031754,0.0001223,16.3069,2363.0,0.505408889268883,False
ENSG00000196155,PLEKHG4,cad,0.647274096368982,0.0019010980249348,0.048682044188251866,0.0004551,8.0483,3120.0,0.339802205892029,False
ENSG00000223496,EXOSC6,cad,-0.092505012629442,0.0002091565721299,0.009836392252762893,3.621e-07,78.7507,2764.0,0.0004878848565885,False
ENSG00000260252,RP11-384M15.3,cad,0.321409672478785,2.58901582359301e-05,0.0020306440435637505,2.92e-11,4.6988,4216.0,0.852429632814496,True
ENSG00000261783,RP11-252K23.2,cad,-0.0744343685650752,1.18940998595397e-10,6.98088508956104e-08,2.491e-16,33.6283,6486.0,6.1401611112357e-05,False
ENSG00000030582,GRN,cad,-0.254728624406845,0.0005006803442109,0.019190252808968605,1.616e-06,23.5129,4240.0,0.32989917768045,False
ENSG00000040633,PHF23,cad,-0.238544939514412,0.0002660004600611,0.012046372686655928,0.0002708,22.3111,5926.0,0.727665529685819,False
ENSG00000055483,USP36,cad,-0.0428375576085357,0.0014081150128825,0.038983531290613056,3.156e-05,81.2475,6594.0,0.0777321722555572,False
ENSG00000070495,JMJD6,cad,-0.0999676927169849,2.50569922986382e-05,0.0019873580972860445,3.002e-06,48.6337,6398.0,0.0369104590580572,False
ENSG00000070526,ST6GALNAC1,cad,0.0972738375757301,2.50569922986382e-05,0.0019873580972860445,3.002e-06,45.4637,6104.0,0.0203517861233892,False
ENSG00000072310,SREBF1,cad,-0.134379082272855,4.37839748902914e-07,7.931385969941305e-05,9.507e-10,43.2793,3869.0,0.504731631220816,False
ENSG00000092929,UNC13D,cad,0.160163754977835,0.00049328781808,0.019047400407073267,3.002e-06,24.7368,5138.0,0.412538857206393,False
ENSG00000108262,GIT1,cad,0.0986714624263871,4.90137406411545e-06,0.0005448322851724696,2.902e-10,47.8503,2942.0,0.012738572124076,False
ENSG00000108551,RASD1,cad,-0.327205882352941,2.7917651565573902e-09,9.99111466882112e-07,9.507e-10,17.136,4152.0,0.98599491492195,True
ENSG00000108604,SMARCD2,cad,-0.0946679612417765,0.0012190927202462,0.035410465649585846,6.279e-11,38.2522,2953.0,2.47830199138925e-05,False
ENSG00000108771,DHX58,cad,-0.13225836830039,4.999923035112e-07,8.631043611082161e-05,7.357e-09,34.4857,3664.0,0.722704110681234,False
ENSG00000108773,KAT2A,cad,-0.393298144887063,7.80030618486724e-07,0.00012717099183395225,7.357e-09,9.0232,3620.0,0.63242972422107,False
ENSG00000108774,RAB5C,cad,0.459563494614342,1.22997810227051e-06,0.0001899733546801599,7.357e-09,7.5805,3557.0,0.549975677876686,False
ENSG00000108784,NAGLU,cad,-0.23059659802354,1.43321705014131e-05,0.0012517615343287764,7.357e-09,20.7644,3506.0,0.0679548903583534,False
ENSG00000108788,MLX,cad,0.302512416437894,2.75181852895587e-06,0.0003336977956642106,7.357e-09,16.74,3550.0,0.307646643160126,False
ENSG00000125686,MED1,cad,0.191321990203283,0.0011540500847815,0.03455791202856929,5.366e-06,18.1399,4186.0,0.179082687383277,False
ENSG00000131470,PSMC3IP,cad,0.521624214421213,1.41712704254932e-06,0.0002079350509532632,7.357e-09,10.0624,3560.0,0.319229385313313,False
ENSG00000132361,CLUH,cad,-0.902359812629512,0.0006738585313537,0.02388291360036918,4.112e-17,6.0694,5770.0,0.0002918530948094,False
ENSG00000132475,H3F3B,cad,0.249243795122961,0.001852567530626,0.04794131107032681,3.002e-06,13.5335,5079.0,0.0958167561300931,False
ENSG00000132589,FLOT2,cad,-0.358781378577042,0.0003518773825338,0.014709677589511246,2.902e-10,10.8155,2871.0,0.0004466242673281,False
ENSG00000133027,PEMT,cad,-0.198111803095952,5.13973311036439e-05,0.0034753596280357926,9.507e-10,22.0333,4013.0,0.0117439862136925,False
ENSG00000141034,GID4,cad,-0.232318659913553,4.83400418423464e-07,8.545704023527093e-05,9.507e-10,19.8747,3570.0,0.358413925271065,False
ENSG00000141298,SSH2,cad,-0.0585127957461338,5.34512014389842e-05,0.003564952175973719,2.902e-10,46.2068,3133.0,0.0328792142733675,False
ENSG00000141337,ARSG,cad,0.189502515033067,0.0001959837595631,0.009553719947074307,6.605e-07,20.1833,5014.0,0.439458538458357,False
ENSG00000141376,BCAS3,cad,0.815780620506741,6.06116904532927e-05,0.003970336312594481,8.514e-10,8.1673,2313.0,0.0049706430558687,False
ENSG00000141736,ERBB2,cad,0.50559370131035,0.0001030341649342,0.00609604960515934,5.366e-06,8.149,4121.0,0.535964983344717,False
ENSG00000141744,PNMT,cad,0.458504106122472,0.000465258158071,0.018204621209002087,5.366e-06,7.8678,4066.0,0.338675720480652,False
ENSG00000159199,ATP5G1,cad,-0.156145818598886,7.06073175894804e-09,2.252219936935752e-06,1.63e-15,35.8134,4674.0,4.04460259827931e-05,False
ENSG00000159202,UBE2Z,cad,-0.159246714608416,2.19797707568539e-09,8.062729407882931e-07,1.63e-15,41.2938,4713.0,3.30573021122532e-12,False
ENSG00000159210,SNF8,cad,0.706790330402519,8.332448026323601e-10,3.493200282578463e-07,1.63e-15,8.6955,4738.0,0.0003920362908353,False
ENSG00000161395,PGAP3,cad,0.104462734025669,4.13150138250935e-05,0.0029285758350511932,5.366e-06,43.2185,4082.0,0.890020029782919,True
ENSG00000161533,ACOX1,cad,0.0981814750929584,0.0001446960878502,0.007720457080094489,3.002e-06,102.2868,5464.0,0.024686591391968,False
ENSG00000161547,SRSF2,cad,-0.458627834018405,0.0005847381064843,0.021256141914567334,3.002e-06,7.5925,6436.0,0.381680286523539,False
ENSG00000167083,GNGT2,cad,0.176158788700836,1.52127939735265e-10,8.267308369390902e-08,1.63e-15,47.5453,4750.0,4.02829670552393e-06,False
ENSG00000167085,PHB,cad,0.474620642846754,6.16797733408342e-06,0.0006464480815929002,1.63e-15,12.3762,4952.0,7.44836049736879e-08,False
ENSG00000167549,CORO6,cad,0.298609595096616,1.17593978706119e-06,0.00018355919676115785,2.902e-10,16.5116,3036.0,0.061051335902776,False
ENSG00000173868,PHOSPHO1,cad,-0.322607454877713,2.55866418570862e-08,6.586540280158348e-06,1.63e-15,19.9735,4754.0,1.31260393549801e-05,False
ENSG00000175906,ARL4D,cad,0.222503908317858,0.0015419695689399,0.04213281095913436,2.333e-07,15.019,3531.0,0.0202592761987196,False
ENSG00000176563,CNTD1,cad,1.34470723104855,0.0015541183352935,0.04238583333412923,7.357e-09,4.8554,3359.0,0.0109781945568442,False
ENSG00000176927,EFCAB5,cad,-0.217098823337815,7.36160402249551e-05,0.0046558972337102,2.902e-10,18.2007,3284.0,0.0151728789017109,False
ENSG00000177374,HIC1,cad,-0.649106402164931,4.79140797228553e-07,8.545704023527093e-05,4.112e-17,7.897,5895.0,1.42190041822109e-06,False
ENSG00000188878,FBF1,cad,0.305965275773478,0.0001113595081289,0.00643298449911555,3.002e-06,7.1421,5318.0,0.595002364260513,False
ENSG00000197723,HSPB9,cad,-0.572151556912153,4.06349383409794e-06,0.00047320353196602446,7.357e-09,6.5318,3568.0,0.246159957197274,False
ENSG00000197815,AC122129.1,cad,-0.455387360721968,2.21496236647692e-07,4.6428775433308354e-05,9.507e-10,4.6915,3821.0,0.671516232692062,False
ENSG00000198720,ANKRD13B,cad,0.826579439641376,7.38972466987232e-06,0.0007529821533405316,2.902e-10,4.9534,2989.0,0.151857922231138,False
ENSG00000200127,Y_RNA,cad,-0.498876678024378,7.13621180303677e-05,0.004532884666058811,7.357e-09,5.2233,3330.0,0.0363043594913575,False
ENSG00000204277,RP11-219G17.4,cad,-0.115357482386842,0.0013026985337477,0.03718773460249028,3.156e-05,16.8591,7040.0,0.303362850317991,False
ENSG00000204650,CRHR1-IT1,cad,0.0393737915894363,0.0005852573661477,0.021256141914567334,0.0001836,96.7297,2054.0,0.293189550690604,False
ENSG00000214401,KANSL1-AS1,cad,0.0266994394386761,0.0005852573661477,0.021256141914567334,8.199e-10,71.2389,1721.0,0.000976861534101,False
ENSG00000214425,LRRC37A4P,cad,-0.0260502111249891,0.0005852573661477,0.021256141914567334,0.0001836,71.6138,2357.0,0.292674134486982,False
ENSG00000228782,MRPL45P2,cad,0.082934393366093,2.81041036458747e-06,0.00033800943671796676,8.199e-10,25.7935,4103.0,0.165612874672063,False
ENSG00000237854,LINC00674,cad,0.215434781140004,0.000501413782561,0.019190252808968605,6.605e-07,8.9823,4929.0,0.213767388528674,False
ENSG00000238083,LRRC37A2,cad,0.0377310037647645,0.0005852573661477,0.021256141914567334,8.199e-10,53.8108,2310.0,0.0008566629952882,False
ENSG00000243678,NME1-NME2,cad,-0.397004217944427,0.0005680487105968,0.021208597278846934,5.562e-06,8.4261,5131.0,0.233829119097157,False
ENSG00000250506,CDK3,cad,0.627622652545194,0.0001430600902711,0.007661024469152739,3.002e-06,6.9905,5598.0,0.481703759561421,False
ENSG00000263503,RP11-707O23.5,cad,0.0280863242214292,0.0005852573661477,0.021256141914567334,0.0001836,68.0459,2159.0,0.320572986428557,False
ENSG00000263766,RP11-580I16.2,cad,-0.255418496782264,5.34512014389844e-05,0.003564952175973719,8.199e-10,5.8657,4506.0,0.0093963054843393,False
ENSG00000264070,DND1P1,cad,0.0340578070178249,0.0005852573661477,0.021256141914567334,0.0001836,64.0275,2204.0,0.379079660807515,False
ENSG00000264290,RP11-68I3.4,cad,-0.285510219107474,5.32080722726776e-06,0.0005657406119253612,2.902e-10,6.8531,2873.0,0.0201122747669228,False
ENSG00000266173,STRADA,cad,-0.253053457723674,0.0017780505982168,0.046671442625465305,6.279e-11,12.8404,3221.0,2.62167516915606e-05,False
ENSG00000266469,CTB-131K11.1,cad,0.180323906381063,0.0013887951558043,0.03877442100486293,5.366e-06,8.1975,4192.0,0.162301086929017,False
ENSG00000266490,CTD-2349P21.9,cad,0.144207368455539,0.0010305486111253,0.03225853642365851,1.194e-08,13.163,3815.0,0.006122699934846,False
ENSG00000266980,RP11-552F3.4,cad,0.266582506317195,0.000225558229675,0.010473468050700237,3.002e-06,6.2537,5020.0,0.531961914165421,False
ENSG00000267342,RP11-552F3.10,cad,0.123627468448683,2.22783345251322e-05,0.0018262011312137698,3.002e-06,13.0836,5171.0,0.866553118253087,True
ENSG00000074695,LMAN1,cad,0.0801612476855269,0.000465258158071,0.018204621209002087,2.018e-08,41.7273,6490.0,0.0231873410549299,False
ENSG00000141452,C18orf8,cad,-0.117885329122998,5.02751287616541e-06,0.0005482180832350908,2.511e-07,34.1441,4547.0,0.794542645368913,False
ENSG00000179981,TSHZ1,cad,-0.168448463939831,0.0001830130601569,0.009165019220758339,5.179e-05,22.6578,6525.0,0.709318104055715,False
ENSG00000011422,PLAUR,cad,0.610120453481186,2.00478689359048e-06,0.0002603206910588771,1.808e-06,11.5325,5819.0,0.99567426748846,True
ENSG00000011478,QPCTL,cad,-0.351596497289527,0.0001946917563925,0.009553719947074307,2.135e-35,11.5556,5960.0,4.00097007461858e-26,False
ENSG00000069399,BCL3,cad,-1.37889750763682,1.45583607073046e-06,0.00021149982837453504,2.135e-35,5.7527,5580.0,0.0044830838025775,False
ENSG00000077348,EXOSC5,cad,0.65205337386999,0.0003718133883781,0.01523915599908341,2.362e-17,5.702,4112.0,0.477391943233776,False
ENSG00000079805,DNM2,cad,0.4119706105205,3.21193955521989e-05,0.0023802418734212853,1.931e-36,9.0466,5180.0,8.86249857800012e-16,False
ENSG00000096996,IL12RB1,cad,0.0818360129620864,0.0002327263451511,0.010738344850321038,1.438e-13,53.9205,5820.0,2.75005525687141e-08,False
ENSG00000099331,MYO9B,cad,-0.323779241031622,0.0016730747221523,0.04463459163298309,1.438e-13,14.487,5863.0,1.70942180178011e-08,False
ENSG00000105287,PRKD2,cad,0.106196223353763,0.0001605261001211,0.008293660095341198,1.551e-08,41.7346,5254.0,0.0128722599020134,False
ENSG00000105323,HNRNPUL1,cad,-0.348968675765647,2.47127745741023e-10,1.2087018044193435e-07,2.362e-17,20.3002,4239.0,3.86865033530836e-05,False
ENSG00000105329,TGFB1,cad,-1.22076839145754,4.33729030509136e-10,1.9285169892910766e-07,2.362e-17,5.2153,4190.0,0.0166137343520604,False
ENSG00000105341,ATP5SL,cad,0.21515677614241,2.67613630763868e-08,6.770163455514199e-06,2.362e-17,26.2247,4069.0,5.52557910260337e-07,False
ENSG00000105726,ATP13A1,cad,-0.201524851842718,3.30334486392276e-07,6.377628840570876e-05,3.179e-07,51.3747,5097.0,0.0230933281752721,False
ENSG00000105767,CADM4,cad,0.619919836634753,2.00478689359048e-06,0.0002603206910588771,1.808e-06,11.3502,5812.0,0.995682040058074,True
ENSG00000118620,ZNF430,cad,-0.173259014208594,7.90149177756325e-05,0.004891923580260994,3.973e-05,22.8965,6834.0,0.811586798031648,True
ENSG00000123810,B9D2,cad,0.40532106303277,1.27075779301013e-11,1.0968134762845668e-08,2.362e-17,16.9515,4142.0,0.0017866863922034,False
ENSG00000125743,SNRPD2,cad,-0.137881424618676,0.0007155214300233,0.02481996676768766,2.135e-35,31.6124,5985.0,6.63246995641813e-29,False
ENSG00000127616,SMARCA4,cad,0.358478017065554,2.00894249383195e-10,1.016455627999869e-07,1.931e-36,19.2309,5183.0,3.1200465996071802e-24,False
ENSG00000129351,ILF3,cad,-1.08035818409048,4.38821710768473e-09,1.4633706732058646e-06,1.931e-36,5.8877,5170.0,9.88248255261359e-05,False
ENSG00000130201,EXOC3L2,cad,0.911756133552951,1.32527856320749e-10,7.47915859920904e-08,2.135e-35,8.2617,5710.0,7.32352542425762e-13,False
ENSG00000130202,PVRL2,cad,0.077850590892797,0.0010085325309976,0.03189266773130988,2.135e-35,103.7942,5490.0,1.04369533023923e-29,False
ENSG00000130475,FCHO1,cad,-0.20005021329478,4.99805113605979e-13,7.232163166006714e-10,1.438e-13,30.6191,6048.0,0.953262705133287,True
ENSG00000130529,TRPM4,cad,-0.121204677528026,0.0006659521806786,0.02371727268712888,9.641e-06,29.3679,5146.0,0.419753169638396,False
ENSG00000130733,YIPF2,cad,0.427630572350838,3.21193955521988e-05,0.0023802418734212853,1.931e-36,7.8119,5296.0,1.3512032959054e-10,False
ENSG00000133246,PRAM1,cad,-0.150866686219372,1.36631104191262e-05,0.001215023146544477,3.573e-10,21.3661,6154.0,0.0140234283748907,False
ENSG00000142039,CCDC97,cad,0.808949066986576,1.60907923884648e-11,1.2426326142944421e-08,2.362e-17,9.0433,4204.0,0.0007392976968816,False
ENSG00000142046,TMEM91,cad,0.137683957674819,4.18744190782889e-08,9.910054050576338e-06,2.362e-17,71.2008,4127.0,4.57747587356067e-12,False
ENSG00000142444,C19orf52,cad,0.234166527812794,9.83053974484998e-05,0.005863557303909909,1.931e-36,16.7541,5298.0,4.84914723087543e-29,False
ENSG00000142453,CARM1,cad,-0.234991061778182,0.0002418571066959,0.011055356157473335,1.931e-36,22.6788,5321.0,4.3852181996216694e-30,False
ENSG00000161888,SPC24,cad,-0.356552547513618,0.001215174859411,0.035377501412971434,1.931e-36,10.9458,5043.0,9.95643708505885e-24,False
ENSG00000169169,CPT1C,cad,0.277134466199232,0.000765216447668,0.025811542383066734,9.641e-06,13.5909,5040.0,0.378248790640411,False
ENSG00000175489,LRRC25,cad,0.0845634154811626,6.33424836662398e-05,0.004094380012487827,1.438e-13,52.5481,5416.0,1.81397661526161e-07,False
ENSG00000176761,ZNF285B,cad,0.57037813133682,0.0002751036862878,0.012306696307624663,2.135e-35,5.4702,5611.0,0.0017061545848841,False
ENSG00000177051,FBXO46,cad,-0.63751884430473,0.0001230343103665,0.006943393984644825,2.135e-35,7.9854,5930.0,1.3919415226171399e-11,False
ENSG00000177191,B3GNT8,cad,0.340034784237226,0.0003718133883781,0.01523915599908341,2.362e-17,10.9342,4078.0,6.237161047917589e-11,False
ENSG00000178904,DPY19L3,cad,0.17923962904745,0.0006802052219377,0.023991950051663154,3.298e-05,26.1049,5917.0,0.458246002695683,False
ENSG00000180846,CSNK1G2-AS1,cad,-0.398974695590101,0.0012235470649724,0.035410465649585846,6.73e-06,6.1692,5588.0,0.598601251598579,False
ENSG00000185236,RAB11B,cad,0.544775566994484,8.41708028005167e-05,0.0051246397904231595,3.573e-10,7.5666,6290.0,0.0019863314437481,False
ENSG00000197256,KANK2,cad,-0.588056864030591,8.7737398809142e-06,0.0008359550991730782,1.931e-36,15.845,5024.0,1.4645221509898698e-28,False
ENSG00000198182,ZNF607,cad,0.255639989423243,0.0001737669321367,0.008792007569799306,1.651e-05,14.85,4706.0,0.278404838806219,False
ENSG00000205517,RGL3,cad,0.144770675129871,1.42727594883778e-05,0.0012517615343287764,1.931e-36,25.4473,4856.0,8.12226186196532e-29,False
ENSG00000211513,MIR320E,cad,0.11945462871165,0.0013397923744228,0.03795130021217326,1.551e-08,16.8999,5214.0,0.006928489954226,False
ENSG00000213339,QTRT1,cad,-0.973678275472392,1.32434249199224e-06,0.00020241747276043893,1.931e-36,5.3829,5137.0,0.000297409108051,False
ENSG00000221535,AC027319.1,cad,-0.111228605202301,0.001646500226989,0.044085944946367875,5.626e-06,11.3705,5777.0,0.173410468532688,False
ENSG00000224420,ADM5,cad,-0.354337819760869,0.0010596400502269,0.03280189547885929,9.641e-06,9.1055,5045.0,0.338441025544241,False
ENSG00000232677,LINC00665,cad,-0.0441198371056742,0.0018042807269136,0.04694009061348094,4.085e-05,29.4807,4680.0,0.212783803542303,False
ENSG00000254858,MPV17L2,cad,-0.19932212342407,0.0013742758758317,0.03848234718717278,1.438e-13,17.1231,5704.0,1.0972272179968e-08,False
ENSG00000256087,ZNF432,cad,-0.659666460778258,0.0012086026357218,0.035377501412971434,0.0005593,6.6379,7381.0,0.298015675897265,False
ENSG00000267053,CTD-3162L10.1,cad,-0.0554236050578958,0.0017913516296668,0.04668650526128056,4.085e-05,19.8758,4594.0,0.20790622460331,False
ENSG00000267082,CTC-510F12.2,cad,-0.171497710483293,1.09178446709018e-05,0.0009950157444480875,1.931e-36,20.5445,4966.0,3.64819502514979e-27,False
ENSG00000269696,AC007228.11,cad,0.0594229207806362,0.0009936883028815,0.03169649666995707,4.205e-06,26.7007,6779.0,0.359780597881441,False
ENSG00000269800,AC005795.2,cad,-0.284550437969957,0.0013535390663982,0.03811992077017426,2.362e-17,11.0866,3873.0,3.20844703077318e-11,False
ENSG00000124196,GTSF1L,cad,0.535195139984094,0.0013120392108359,0.03738165308853429,8.389e-05,7.8767,5464.0,0.438324504392756,False
ENSG00000124226,RNF114,cad,0.181701314614923,4.01409853015111e-05,0.0028591683365488947,3.517e-07,27.2625,5624.0,0.588306476725848,False
ENSG00000125510,OPRL1,cad,0.0837332109504172,1.0491881945156e-05,0.0009621711486329624,5.562e-07,49.9743,3929.0,0.178596650580459,False
ENSG00000125970,RALY,cad,1.24168028611327,1.48981634771989e-05,0.0012858867805937615,1.044e-09,6.2373,3102.0,0.0320101460477838,False
ENSG00000125971,DYNLRB1,cad,1.14078277053055,1.48981634771989e-05,0.0012858867805937615,6.84e-12,6.7634,3190.0,0.011158323596646,False
ENSG00000132793,LPIN3,cad,0.89672651546477,3.70868010561491e-07,6.888286479707288e-05,1.115e-08,5.883,5371.0,0.95620440896145,True
ENSG00000132823,C20orf111,cad,-0.0772682058581293,0.000182608401294,0.009165019220758339,8.389e-05,58.4779,5266.0,0.363476335754508,False
ENSG00000174306,ZHX3,cad,0.664882980096833,2.47144885813716e-05,0.001981615797565385,1.115e-08,10.3869,5473.0,0.733746042150971,False
ENSG00000185019,UBOX5,cad,-0.122685186589278,0.0002037784595615,0.009739548329465438,2.117e-05,30.1771,6212.0,0.661784508633677,False
ENSG00000214078,CPNE1,cad,-0.0868120792609597,0.0006517975514402,0.023269648351051227,6.84e-12,113.4653,3349.0,9.90834380710326e-07,False
ENSG00000215251,FASTKD5,cad,0.182714243586629,6.82067146936005e-05,0.004370293120957206,2.117e-05,20.221,6204.0,0.903698834280561,True
ENSG00000242372,EIF6,cad,-0.157226742811198,1.69014708167113e-05,0.0014334987358011846,6.84e-12,61.1126,3443.0,0.0079191394767708,False
ENSG00000268649,hsa-mir-296,cad,0.535544923972244,0.0010995346556714,0.03354032163595011,7.96e-10,7.351,6136.0,0.000209014164743,False
ENSG00000157557,ETS2,cad,-0.111347695783947,0.0003583935883116,0.014897192978175941,6.535e-06,32.979,6438.0,0.424877832854513,False
ENSG00000160207,HSF2BP,cad,-0.414422094446391,0.0002037784595615,0.009739548329465438,3.429e-07,8.6041,6156.0,0.142745884694797,False
ENSG00000160208,RRP1B,cad,-0.185667507826265,0.0001124308158092,0.0064441303139390295,3.429e-07,21.4356,6220.0,0.207032038525536,False
ENSG00000180530,NRIP1,cad,-0.288054348235765,6.93460843452151e-08,1.5654078393805248e-05,8.818e-08,18.6594,5986.0,0.998005335164654,True
ENSG00000214955,AP000318.2,cad,0.383148225644388,0.0008224319811165,0.027518972588913,2.579e-33,6.4986,4963.0,6.82840274176476e-05,False
ENSG00000223768,LINC00205,cad,-0.0874732646759028,0.0011895279103263,0.035118597642289334,2.504e-05,19.5438,6546.0,0.23578493747414,False
ENSG00000227456,LINC00310,cad,-0.240071885669222,4.79144348113723e-05,0.003315699184581783,2.579e-33,8.9062,5060.0,1.63637363034532e-13,False
ENSG00000231125,AF129075.5,cad,-0.368171833076056,0.0001034505796712,0.006096105845443846,4.164e-09,5.3188,5611.0,0.0011513529400755,False
ENSG00000099889,ARVCF,cad,0.221011439983889,0.0012968918160933,0.03709413960533526,8.316e-08,14.4542,4983.0,0.006131252439683,False
ENSG00000100296,THOC5,cad,-0.244453058420176,1.92450906291879e-06,0.00025906716954318725,2.001e-07,23.1069,4877.0,0.9227176976172,True
ENSG00000100359,SGSM3,cad,0.842799731348714,0.0004207453372942,0.016950358185042893,4.396e-08,9.7396,3262.0,0.179154262577543,False
ENSG00000183066,WBP2NL,cad,0.320192373720659,0.0007490462819067,0.025559897893993044,8.097e-05,11.4489,4865.0,0.450399900985905,False
ENSG00000187860,CCDC157,cad,-0.365186235560869,9.3001684993093e-06,0.0008747523871177268,2.001e-07,13.2378,5176.0,0.71001991981199,False
ENSG00000203606,AC004832.1,cad,0.578890208347101,0.0010922278696395,0.03338804069004246,2.001e-07,4.8916,5091.0,0.0229453867214999,False
ENSG00000205643,CDPF1,cad,0.581481730048692,0.0010799804796697,0.0331517857284383,5.363e-05,8.2233,6610.0,0.567542920468004,False
ENSG00000218537,AP000350.4,cad,-0.047137553088189,1.8493071650576e-06,0.00025359704703635804,3.73e-09,60.6212,5275.0,0.0009819034242103,False
ENSG00000225450,RP3-508I15.14,cad,0.192989072850299,0.0010651520025723,0.03283398179357848,0.000218,19.4167,4592.0,0.469245780656397,False
ENSG00000230149,RP3-508I15.19,cad,0.387333968755649,0.0009436211741769,0.030363494492758013,0.000218,5.5707,4557.0,0.438733476313652,False
ENSG00000234252,AC007308.6,cad,0.135080575361738,0.0004228059085208,0.016950358185042893,8.527e-05,10.8762,3141.0,0.569029959495706,False
ENSG00000235231,AP000351.10,cad,-0.0434387133514861,1.84930716505761e-06,0.00025359704703635804,3.73e-09,54.8456,5292.0,0.0030718955657315,False
ENSG00000241528,RP1-130H16.16,cad,-0.245102794150252,2.28252750712357e-05,0.0018606403395568967,2.001e-07,8.0332,5092.0,0.654269904266537,False
ENSG00000241973,PI4KA,cad,-0.254365496953077,0.0017913516296668,0.04668650526128056,8.527e-05,11.3001,3113.0,0.186466522938536,False
ENSG00000115211,EIF2B4,fbg,0.281160584849375,1.85507974691217e-08,4.0242863309681343e-05,4.225e-25,10.4005,1227.0,1.64234915346728e-13,False
ENSG00000119760,SUPT7L,fbg,-0.366023423789989,1.41601867785995e-07,0.00013164927936446506,4.225e-25,9.726,1328.0,5.64416706681618e-15,False
ENSG00000138028,CGREF1,fbg,0.265027074739539,4.85499477133779e-05,0.03510700663540704,4.225e-25,8.4598,1139.0,1.71922072036021e-13,False
ENSG00000157992,KRTCAP3,fbg,0.0651554687982441,1.85507974691217e-08,4.0242863309681343e-05,4.225e-25,32.9934,1268.0,2.62293725745289e-14,False
ENSG00000243943,ZNF512,fbg,-0.70867445038026,1.33580281240456e-11,8.693404703128876e-08,4.225e-25,5.2094,1296.0,0.708250153057799,False
ENSG00000163577,EIF5A2,fbg,0.31133953348572,7.90149177756325e-05,0.04285242374031802,8.184e-10,8.5467,1581.0,0.29580051205605,False
ENSG00000135070,ISCA1,fbg,-0.0359515457962085,4.85499477133777e-05,0.03510700663540704,2.685e-05,39.6902,1974.0,0.919375066411748,True
ENSG00000025434,NR1H3,fbg,-0.0739494401861199,4.90982750761425e-08,5.3255262365922896e-05,4.38e-13,44.7238,832.0,0.0001538551390894,False
ENSG00000134574,DDB2,fbg,-0.117895999135476,7.54745785715103e-05,0.04285242374031802,4.38e-13,28.6863,827.0,5.6184156924127e-06,False
ENSG00000134575,ACP2,fbg,-0.0535431147477368,4.90982750761428e-08,5.3255262365922896e-05,4.38e-13,65.3603,833.0,1.64335890605156e-06,False
ENSG00000134825,TMEM258,fbg,-0.0826065361884161,4.90982750761428e-08,5.3255262365922896e-05,2.59e-11,34.9253,1269.0,0.100006622718834,False
ENSG00000268649,hsa-mir-296,fbg,0.396699943683144,6.33424836662398e-05,0.041223288369988856,4.731e-05,7.351,2348.0,0.94668300350377,True
