label_a,snp_a,label_b,snp_b,r2,r2_ge08,r2_ge06
known:PTPRN:cad,rs11887718,known:RC3H2:t2d,rs3824535,nan,0,0
known:PTPRN:cad,rs11887718,known:ANKS1A:t2d,rs6905468,nan,0,0
known:PTPRN:cad,rs11887718,known:KDM5A:t2d,rs579526,0.0057,0,0
known:PTPRN:cad,rs11887718,known:DUSP13:cad,rs2657291,0.0046,0,0
known:PTPRN:cad,rs11887718,known:RRN3:t2d,rs2280018,0.0054,0,0
known:PTPRN:cad,rs11887718,known:ZNF268:cad,rs62644541,0.0081,0,0
known:PTPRN:cad,rs11887718,known:THOC5:cad,rs11704049,0.0039,0,0
known:PTPRN:cad,rs11887718,known:SNX16:cad,rs12676438,0.0027,0,0
known:PTPRN:cad,rs11887718,known:CADM4:cad,rs4760,nan,0,0
known:PTPRN:cad,rs11887718,known:BMPR1A:cad,rs58477734,0.0058,0,0
known:PTPRN:cad,rs11887718,known:LIPA:cad,rs1412444,0.0038,0,0
known:PTPRN:cad,rs11887718,known:TSPAN14:cad,rs12260962,0.0182,0,0
known:PTPRN:cad,rs11887718,known:GIT1:t2d,rs894606,0.0126,0,0
known:PTPRN:cad,rs11887718,known:RASD1:cad,rs12449964,0.0629,0,0
known:PTPRN:cad,rs11887718,known:FBXW7:t2d,rs9991574,0.014,0,0
known:PTPRN:cad,rs11887718,known:MTCH2:cad,rs143001834,nan,0,0
known:PTPRN:cad,rs11887718,known:CHD4:t2d,rs7969177,nan,0,0
known:PTPRN:cad,rs11887718,known:FAM184A:t2d,rs794249,0.0018,0,0
known:PTPRN:cad,rs11887718,known:MED23:t2d,rs2246012,nan,0,0
known:PTPRN:cad,rs11887718,known:MYB:cad,rs9376092,0.006,0,0
known:PTPRN:cad,rs11887718,known:ARG1:t2d,rs2246012,nan,0,0
known:PTPRN:cad,rs11887718,known:ZNF430:cad,rs35717293,0.0012,0,0
known:PTPRN:cad,rs11887718,known:MLH3:cad,rs175065,0.0025,0,0
known:PTPRN:cad,rs11887718,known:EIF2B2:cad,rs175057,0.0022,0,0
known:PTPRN:cad,rs11887718,known:HERPUD2:t2d,rs2392376,0.0231,0,0
known:PTPRN:cad,rs11887718,known:FCHO1:cad,rs10402507,0.0125,0,0
known:PTPRN:cad,rs11887718,known:ZNF236:t2d,rs62113105,0.0001,0,0
known:PTPRN:cad,rs11887718,known:LPIN3:cad,rs6129773,0.0229,0,0
known:PTPRN:cad,rs11887718,known:SLC43A3:t2d,rs6591424,nan,0,0
known:PTPRN:cad,rs11887718,known:ISCA1:fbg,rs2147063,0.0013,0,0
known:PTPRN:cad,rs11887718,known:SAP130:cad,rs114192718,nan,0,0
known:PTPRN:cad,rs11887718,known:LOXL4:cad,rs11189523,0.0003,0,0
known:PTPRN:cad,rs11887718,known:KIF11:t2d,rs1111875,0.0173,0,0
known:PTPRN:cad,rs11887718,known:C18orf8:t2d,rs1788799,0.0035,0,0
known:PTPRN:cad,rs11887718,known:SH3BGRL3:t2d,rs7551751,0.02,0,0
known:PTPRN:cad,rs11887718,known:LRIG1:t2d,rs17775391,0.0056,0,0
known:PTPRN:cad,rs11887718,known:DGKQ:cad,rs1377586,0.0026,0,0
known:PTPRN:cad,rs11887718,known:SPATA5:t2d,rs11098676,0.0037,0,0
known:PTPRN:cad,rs11887718,known:PDGFC:t2d,rs1425486,0.0008,0,0
known:PTPRN:cad,rs11887718,known:GIGYF1:t2d,rs506597,0.0003,0,0
known:PTPRN:cad,rs11887718,known:NRBF2:t2d,rs34119992,0.0037,0,0
known:PTPRN:cad,rs11887718,known:HSD17B12:t2d,rs1061810,0.0,0,0
known:PTPRN:cad,rs11887718,known:WDR17:cad,rs72706320,nan,0,0
known:PTPRN:cad,rs11887718,known:CDC123:cad,rs36062557,0.0343,0,0
known:PTPRN:cad,rs11887718,known:NTAN1:t2d,rs2280018,0.0054,0,0
known:PTPRN:cad,rs11887718,known:MED27:t2d,rs7043386,0.0232,0,0
known:PTPRN:cad,rs11887718,known:THAP8:t2d,rs12981654,0.0,0,0
known:PTPRN:cad,rs11887718,known:PGAP3:cad,rs2952152,0.0018,0,0
known:PTPRN:cad,rs11887718,known:DCAF16:t2d,rs7667864,0.0114,0,0
known:PTPRN:cad,rs11887718,known:EIF5A2:t2d,rs8192675,0.0206,0,0
known:PTPRN:cad,rs11887718,known:RFT1:t2d,rs2336725,0.0,0,0
known:PTPRN:cad,rs11887718,known:DAGLB:cad,rs13235365,0.0001,0,0
known:PTPRN:cad,rs11887718,known:NUDT5:t2d,rs11257655,0.0017,0,0
known:PTPRN:cad,rs11887718,known:ARL13B:t2d,rs62266124,0.0108,0,0
known:PTPRN:cad,rs11887718,known:SIK2:cad,rs567859,0.0137,0,0
known:PTPRN:cad,rs11887718,known:NRIP1:cad,rs2823165,0.0032,0,0
known:PTPRN:cad,rs11887718,known:TMEM136:cad,rs4938809,0.0088,0,0
known:PTPRN:cad,rs11887718,known:CAMK1D:t2d,rs11257655,0.0017,0,0
known:PTPRN:cad,rs11887718,known:ZBTB6:t2d,rs2239540,nan,0,0
known:PTPRN:cad,rs11887718,known:KCNJ11:t2d,rs757110,0.0282,0,0
known:PTPRN:cad,rs11887718,known:LDLRAD2:cad,rs114661372,nan,0,0
known:PTPRN:cad,rs11887718,known:BLOC1S2:t2d,rs17882802,0.0328,0,0
known:PTPRN:cad,rs11887718,known:ZNF34:t2d,rs4637890,0.0003,0,0
known:PTPRN:cad,rs11887718,known:C6orf106:cad,rs3800461,nan,0,0
known:PTPRN:cad,rs11887718,known:PARVA:t2d,rs4757405,0.002,0,0
known:PTPRN:cad,rs11887718,known:HOXC4:cad,rs1133773,0.006,0,0
known:PTPRN:cad,rs11887718,known:YTHDF2:t2d,rs3753693,0.0014,0,0
known:PTPRN:cad,rs11887718,known:RP11-98D18.9:cad,rs1521185,0.0318,0,0
known:PTPRN:cad,rs11887718,known:SPDYE2:t2d,rs7781557,0.0041,0,0
known:PTPRN:cad,rs11887718,known:U6:cad,rs61776719,0.0227,0,0
known:PTPRN:cad,rs11887718,known:RP11-332O19.3:cad,rs11191472,nan,0,0
known:PTPRN:cad,rs11887718,known:ARHGAP19:t2d,rs8181326,0.0074,0,0
known:PTPRN:cad,rs11887718,known:BBIP1:t2d,rs10787287,0.001,0,0
known:PTPRN:cad,rs11887718,known:FASTKD5:cad,rs860735,0.0,0,0
known:PTPRN:cad,rs11887718,known:RP5-1068B5.3:t2d,rs927204,nan,0,0
known:PTPRN:cad,rs11887718,known:MAST4-AS1:t2d,rs173651,0.0639,0,0
known:PTPRN:cad,rs11887718,known:LRRC37A15P:t2d,rs223490,0.0035,0,0
known:PTPRN:cad,rs11887718,known:PHBP9:t2d,rs11591741,0.0328,0,0
known:PTPRN:cad,rs11887718,known:RP11-176F3.7:t2d,rs1758632,0.0012,0,0
known:PTPRN:cad,rs11887718,known:RP4-756G23.5:t2d,rs85220,0.0004,0,0
known:PTPRN:cad,rs11887718,known:RP1-159A19.4:cad,rs17361686,nan,0,0
known:PTPRN:cad,rs11887718,known:SERBP1P3:t2d,rs4687701,0.0,0,0
known:PTPRN:cad,rs11887718,known:RP11-464F9.1:t2d,rs7908825,0.0052,0,0
known:PTPRN:cad,rs11887718,known:CTD-2037K23.2:cad,rs16875368,0.0316,0,0
known:PTPRN:cad,rs11887718,known:AP000487.5:cad,rs34053053,nan,0,0
known:PTPRN:cad,rs11887718,known:CTD-2044J15.1:cad,rs4389656,0.0193,0,0
known:PTPRN:cad,rs11887718,known:KRT8P46:t2d,rs223490,0.0035,0,0
known:PTPRN:cad,rs11887718,known:RP11-10L12.2:t2d,rs223490,0.0035,0,0
known:PTPRN:cad,rs11887718,known:RP11-464F9.9:t2d,rs11000760,0.0052,0,0
known:PTPRN:cad,rs11887718,known:RP11-347C18.3:t2d,rs726816,0.0015,0,0
known:PTPRN:cad,rs11887718,known:ALG1L13P:t2d,rs7837587,0.0003,0,0
known:PTPRN:cad,rs11887718,known:HMBS:cad,rs4614,0.0231,0,0
known:PTPRN:cad,rs11887718,known:RP11-856B14.1:t2d,rs1194104,0.0281,0,0
known:PTPRN:cad,rs11887718,known:RP11-384M15.3:cad,rs1050362,0.008,0,0
known:PTPRN:cad,rs11887718,known:RP11-51F16.5:t2d,rs7223412,0.0014,0,0
known:PTPRN:cad,rs11887718,known:MIR4513:cad,rs12442901,0.002,0,0
known:PTPRN:cad,rs11887718,known:Metazoa_SRP:cad,rs11204675,0.0123,0,0
known:PTPRN:cad,rs11887718,known:Metazoa_SRP:cad,rs10888385,0.0123,0,0
known:PTPRN:cad,rs11887718,known:STRADA:t2d,rs11079508,0.0014,0,0
known:PTPRN:cad,rs11887718,known:RP11-552F3.10:cad,rs3760128,0.0012,0,0
known:PTPRN:cad,rs11887718,known:AC002116.7:t2d,rs10418015,0.0005,0,0
known:PTPRN:cad,rs11887718,known:DKFZP434I0714:t2d,rs9991574,0.014,0,0
known:PTPRN:cad,rs11887718,known:hsa-mir-296:fbg,rs6026565,nan,0,0
known:PTPRN:cad,rs11887718,new:PLAUR:cad,rs4760,nan,0,0
known:PTPRN:cad,rs11887718,new:SLC12A3:cad,rs56228609,0.0034,0,0
known:PTPRN:cad,rs11887718,new:C2orf49:t2d,rs4851758,nan,0,0
known:PTPRN:cad,rs11887718,new:CWF19L1:t2d,rs17668357,0.0328,0,0
known:PTPRN:cad,rs11887718,new:U6atac:t2d,rs12780155,0.0359,0,0
known:PTPRN:cad,rs11887718,new:CD101:t2d,rs12130298,nan,0,0
known:PTPRN:cad,rs11887718,new:TAGLN2:cad,rs2789422,0.0014,0,0
known:PTPRN:cad,rs11887718,new:CCDC19:cad,rs2789422,0.0014,0,0
known:PTPRN:cad,rs11887718,new:RBM6:t2d,rs2245365,0.0201,0,0
known:PTPRN:cad,rs11887718,new:CNNM2:cad,rs11191447,nan,0,0
known:PTPRN:cad,rs11887718,new:VSIG8:cad,rs2789422,0.0014,0,0
known:PTPRN:cad,rs11887718,new:LAMC1:cad,rs11588675,0.0093,0,0
known:PTPRN:cad,rs11887718,new:TPD52:fbg,rs2162229,0.0032,0,0
known:PTPRN:cad,rs11887718,new:SENP6:cad,rs62414240,0.0037,0,0
known:PTPRN:cad,rs11887718,new:RIC8A:cad,rs6598075,0.0364,0,0
known:PTPRN:cad,rs11887718,new:HMGN3:cad,rs17787027,nan,0,0
known:PTPRN:cad,rs11887718,new:MT3:fbg,rs1580833,0.0,0,0
known:PTPRN:cad,rs11887718,new:RPL13:t2d,rs113847672,nan,0,0
known:PTPRN:cad,rs11887718,new:ZBTB46:cad,rs6062322,0.0048,0,0
known:RC3H2:t2d,rs3824535,known:ANKS1A:t2d,rs6905468,nan,0,0
known:RC3H2:t2d,rs3824535,known:KDM5A:t2d,rs579526,nan,0,0
known:RC3H2:t2d,rs3824535,known:DUSP13:cad,rs2657291,0.0015,0,0
known:RC3H2:t2d,rs3824535,known:RRN3:t2d,rs2280018,0.0005,0,0
known:RC3H2:t2d,rs3824535,known:ZNF268:cad,rs62644541,0.0593,0,0
known:RC3H2:t2d,rs3824535,known:THOC5:cad,rs11704049,0.0081,0,0
known:RC3H2:t2d,rs3824535,known:SNX16:cad,rs12676438,0.003,0,0
known:RC3H2:t2d,rs3824535,known:CADM4:cad,rs4760,nan,0,0
known:RC3H2:t2d,rs3824535,known:BMPR1A:cad,rs58477734,0.0208,0,0
known:RC3H2:t2d,rs3824535,known:LIPA:cad,rs1412444,0.0016,0,0
known:RC3H2:t2d,rs3824535,known:TSPAN14:cad,rs12260962,0.0008,0,0
known:RC3H2:t2d,rs3824535,known:GIT1:t2d,rs894606,0.0049,0,0
known:RC3H2:t2d,rs3824535,known:RASD1:cad,rs12449964,0.0533,0,0
known:RC3H2:t2d,rs3824535,known:FBXW7:t2d,rs9991574,0.0203,0,0
known:RC3H2:t2d,rs3824535,known:MTCH2:cad,rs143001834,nan,0,0
known:RC3H2:t2d,rs3824535,known:CHD4:t2d,rs7969177,nan,0,0
known:RC3H2:t2d,rs3824535,known:FAM184A:t2d,rs794249,0.0029,0,0
known:RC3H2:t2d,rs3824535,known:MED23:t2d,rs2246012,nan,0,0
known:RC3H2:t2d,rs3824535,known:MYB:cad,rs9376092,0.0029,0,0
known:RC3H2:t2d,rs3824535,known:ARG1:t2d,rs2246012,nan,0,0
known:RC3H2:t2d,rs3824535,known:ZNF430:cad,rs35717293,0.0012,0,0
known:RC3H2:t2d,rs3824535,known:MLH3:cad,rs175065,0.0142,0,0
known:RC3H2:t2d,rs3824535,known:EIF2B2:cad,rs175057,0.0149,0,0
known:RC3H2:t2d,rs3824535,known:HERPUD2:t2d,rs2392376,0.0049,0,0
known:RC3H2:t2d,rs3824535,known:FCHO1:cad,rs10402507,0.0022,0,0
known:RC3H2:t2d,rs3824535,known:ZNF236:t2d,rs62113105,0.0005,0,0
known:RC3H2:t2d,rs3824535,known:LPIN3:cad,rs6129773,0.0168,0,0
known:RC3H2:t2d,rs3824535,known:SLC43A3:t2d,rs6591424,nan,0,0
known:RC3H2:t2d,rs3824535,known:ISCA1:fbg,rs2147063,0.0001,0,0
known:RC3H2:t2d,rs3824535,known:SAP130:cad,rs114192718,nan,0,0
known:RC3H2:t2d,rs3824535,known:LOXL4:cad,rs11189523,0.0018,0,0
known:RC3H2:t2d,rs3824535,known:KIF11:t2d,rs1111875,0.004,0,0
known:RC3H2:t2d,rs3824535,known:C18orf8:t2d,rs1788799,0.0005,0,0
known:RC3H2:t2d,rs3824535,known:SH3BGRL3:t2d,rs7551751,0.0146,0,0
known:RC3H2:t2d,rs3824535,known:LRIG1:t2d,rs17775391,0.0125,0,0
known:RC3H2:t2d,rs3824535,known:DGKQ:cad,rs1377586,0.0009,0,0
known:RC3H2:t2d,rs3824535,known:SPATA5:t2d,rs11098676,0.0003,0,0
known:RC3H2:t2d,rs3824535,known:PDGFC:t2d,rs1425486,0.0,0,0
known:RC3H2:t2d,rs3824535,known:GIGYF1:t2d,rs506597,0.0003,0,0
known:RC3H2:t2d,rs3824535,known:NRBF2:t2d,rs34119992,0.0959,0,0
known:RC3H2:t2d,rs3824535,known:HSD17B12:t2d,rs1061810,0.0105,0,0
known:RC3H2:t2d,rs3824535,known:WDR17:cad,rs72706320,nan,0,0
known:RC3H2:t2d,rs3824535,known:CDC123:cad,rs36062557,0.0105,0,0
known:RC3H2:t2d,rs3824535,known:NTAN1:t2d,rs2280018,0.0005,0,0
known:RC3H2:t2d,rs3824535,known:MED27:t2d,rs7043386,0.0029,0,0
known:RC3H2:t2d,rs3824535,known:THAP8:t2d,rs12981654,0.0083,0,0
known:RC3H2:t2d,rs3824535,known:PGAP3:cad,rs2952152,0.0027,0,0
known:RC3H2:t2d,rs3824535,known:DCAF16:t2d,rs7667864,0.0001,0,0
known:RC3H2:t2d,rs3824535,known:EIF5A2:t2d,rs8192675,0.0125,0,0
known:RC3H2:t2d,rs3824535,known:RFT1:t2d,rs2336725,0.01,0,0
known:RC3H2:t2d,rs3824535,known:DAGLB:cad,rs13235365,0.0257,0,0
known:RC3H2:t2d,rs3824535,known:NUDT5:t2d,rs11257655,0.0234,0,0
known:RC3H2:t2d,rs3824535,known:ARL13B:t2d,rs62266124,0.0046,0,0
known:RC3H2:t2d,rs3824535,known:SIK2:cad,rs567859,0.0031,0,0
known:RC3H2:t2d,rs3824535,known:NRIP1:cad,rs2823165,0.003,0,0
known:RC3H2:t2d,rs3824535,known:TMEM136:cad,rs4938809,0.0001,0,0
known:RC3H2:t2d,rs3824535,known:CAMK1D:t2d,rs11257655,0.0234,0,0
known:RC3H2:t2d,rs3824535,known:ZBTB6:t2d,rs2239540,0.7366,0,1
known:RC3H2:t2d,rs3824535,known:KCNJ11:t2d,rs757110,0.0003,0,0
known:RC3H2:t2d,rs3824535,known:LDLRAD2:cad,rs114661372,nan,0,0
known:RC3H2:t2d,rs3824535,known:BLOC1S2:t2d,rs17882802,0.0169,0,0
known:RC3H2:t2d,rs3824535,known:ZNF34:t2d,rs4637890,0.0087,0,0
known:RC3H2:t2d,rs3824535,known:C6orf106:cad,rs3800461,nan,0,0
known:RC3H2:t2d,rs3824535,known:PARVA:t2d,rs4757405,0.0011,0,0
known:RC3H2:t2d,rs3824535,known:HOXC4:cad,rs1133773,nan,0,0
known:RC3H2:t2d,rs3824535,known:YTHDF2:t2d,rs3753693,0.0123,0,0
known:RC3H2:t2d,rs3824535,known:RP11-98D18.9:cad,rs1521185,0.0081,0,0
known:RC3H2:t2d,rs3824535,known:SPDYE2:t2d,rs7781557,nan,0,0
known:RC3H2:t2d,rs3824535,known:U6:cad,rs61776719,0.0068,0,0
known:RC3H2:t2d,rs3824535,known:RP11-332O19.3:cad,rs11191472,nan,0,0
known:RC3H2:t2d,rs3824535,known:ARHGAP19:t2d,rs8181326,0.0234,0,0
known:RC3H2:t2d,rs3824535,known:BBIP1:t2d,rs10787287,0.0,0,0
known:RC3H2:t2d,rs3824535,known:FASTKD5:cad,rs860735,0.0071,0,0
known:RC3H2:t2d,rs3824535,known:RP5-1068B5.3:t2d,rs927204,nan,0,0
known:RC3H2:t2d,rs3824535,known:MAST4-AS1:t2d,rs173651,0.0031,0,0
known:RC3H2:t2d,rs3824535,known:LRRC37A15P:t2d,rs223490,0.0087,0,0
known:RC3H2:t2d,rs3824535,known:PHBP9:t2d,rs11591741,0.0169,0,0
known:RC3H2:t2d,rs3824535,known:RP11-176F3.7:t2d,rs1758632,0.0032,0,0
known:RC3H2:t2d,rs3824535,known:RP4-756G23.5:t2d,rs85220,0.0562,0,0
known:RC3H2:t2d,rs3824535,known:RP1-159A19.4:cad,rs17361686,nan,0,0
known:RC3H2:t2d,rs3824535,known:SERBP1P3:t2d,rs4687701,0.01,0,0
known:RC3H2:t2d,rs3824535,known:RP11-464F9.1:t2d,rs7908825,0.0015,0,0
known:RC3H2:t2d,rs3824535,known:CTD-2037K23.2:cad,rs16875368,0.0204,0,0
known:RC3H2:t2d,rs3824535,known:AP000487.5:cad,rs34053053,nan,0,0
known:RC3H2:t2d,rs3824535,known:CTD-2044J15.1:cad,rs4389656,0.0007,0,0
known:RC3H2:t2d,rs3824535,known:KRT8P46:t2d,rs223490,0.0087,0,0
known:RC3H2:t2d,rs3824535,known:RP11-10L12.2:t2d,rs223490,0.0087,0,0
known:RC3H2:t2d,rs3824535,known:RP11-464F9.9:t2d,rs11000760,0.0019,0,0
known:RC3H2:t2d,rs3824535,known:RP11-347C18.3:t2d,rs726816,0.0095,0,0
known:RC3H2:t2d,rs3824535,known:ALG1L13P:t2d,rs7837587,0.0206,0,0
known:RC3H2:t2d,rs3824535,known:HMBS:cad,rs4614,0.0701,0,0
known:RC3H2:t2d,rs3824535,known:RP11-856B14.1:t2d,rs1194104,0.014,0,0
known:RC3H2:t2d,rs3824535,known:RP11-384M15.3:cad,rs1050362,0.0122,0,0
known:RC3H2:t2d,rs3824535,known:RP11-51F16.5:t2d,rs7223412,0.0097,0,0
known:RC3H2:t2d,rs3824535,known:MIR4513:cad,rs12442901,0.0024,0,0
known:RC3H2:t2d,rs3824535,known:Metazoa_SRP:cad,rs11204675,0.0065,0,0
known:RC3H2:t2d,rs3824535,known:Metazoa_SRP:cad,rs10888385,0.0065,0,0
known:RC3H2:t2d,rs3824535,known:STRADA:t2d,rs11079508,0.0097,0,0
known:RC3H2:t2d,rs3824535,known:RP11-552F3.10:cad,rs3760128,0.0,0,0
known:RC3H2:t2d,rs3824535,known:AC002116.7:t2d,rs10418015,0.1147,0,0
known:RC3H2:t2d,rs3824535,known:DKFZP434I0714:t2d,rs9991574,0.0203,0,0
known:RC3H2:t2d,rs3824535,known:hsa-mir-296:fbg,rs6026565,nan,0,0
known:RC3H2:t2d,rs3824535,new:PLAUR:cad,rs4760,nan,0,0
known:RC3H2:t2d,rs3824535,new:SLC12A3:cad,rs56228609,0.0027,0,0
known:RC3H2:t2d,rs3824535,new:C2orf49:t2d,rs4851758,nan,0,0
known:RC3H2:t2d,rs3824535,new:CWF19L1:t2d,rs17668357,0.0169,0,0
known:RC3H2:t2d,rs3824535,new:U6atac:t2d,rs12780155,0.016,0,0
known:RC3H2:t2d,rs3824535,new:CD101:t2d,rs12130298,nan,0,0
known:RC3H2:t2d,rs3824535,new:TAGLN2:cad,rs2789422,0.0168,0,0
known:RC3H2:t2d,rs3824535,new:CCDC19:cad,rs2789422,0.0168,0,0
known:RC3H2:t2d,rs3824535,new:RBM6:t2d,rs2245365,0.041,0,0
known:RC3H2:t2d,rs3824535,new:CNNM2:cad,rs11191447,nan,0,0
known:RC3H2:t2d,rs3824535,new:VSIG8:cad,rs2789422,0.0168,0,0
known:RC3H2:t2d,rs3824535,new:LAMC1:cad,rs11588675,0.014,0,0
known:RC3H2:t2d,rs3824535,new:TPD52:fbg,rs2162229,0.0106,0,0
known:RC3H2:t2d,rs3824535,new:SENP6:cad,rs62414240,0.0078,0,0
known:RC3H2:t2d,rs3824535,new:RIC8A:cad,rs6598075,0.0101,0,0
known:RC3H2:t2d,rs3824535,new:HMGN3:cad,rs17787027,nan,0,0
known:RC3H2:t2d,rs3824535,new:MT3:fbg,rs1580833,0.0074,0,0
known:RC3H2:t2d,rs3824535,new:RPL13:t2d,rs113847672,nan,0,0
known:RC3H2:t2d,rs3824535,new:ZBTB46:cad,rs6062322,nan,0,0
known:ANKS1A:t2d,rs6905468,known:KDM5A:t2d,rs579526,nan,0,0
known:ANKS1A:t2d,rs6905468,known:DUSP13:cad,rs2657291,0.0132,0,0
known:ANKS1A:t2d,rs6905468,known:RRN3:t2d,rs2280018,0.0003,0,0
known:ANKS1A:t2d,rs6905468,known:ZNF268:cad,rs62644541,nan,0,0
known:ANKS1A:t2d,rs6905468,known:THOC5:cad,rs11704049,nan,0,0
known:ANKS1A:t2d,rs6905468,known:SNX16:cad,rs12676438,0.0063,0,0
known:ANKS1A:t2d,rs6905468,known:CADM4:cad,rs4760,nan,0,0
known:ANKS1A:t2d,rs6905468,known:BMPR1A:cad,rs58477734,0.0096,0,0
known:ANKS1A:t2d,rs6905468,known:LIPA:cad,rs1412444,0.0146,0,0
known:ANKS1A:t2d,rs6905468,known:TSPAN14:cad,rs12260962,0.016,0,0
known:ANKS1A:t2d,rs6905468,known:GIT1:t2d,rs894606,0.0147,0,0
known:ANKS1A:t2d,rs6905468,known:RASD1:cad,rs12449964,0.0289,0,0
known:ANKS1A:t2d,rs6905468,known:FBXW7:t2d,rs9991574,0.0164,0,0
known:ANKS1A:t2d,rs6905468,known:MTCH2:cad,rs143001834,nan,0,0
known:ANKS1A:t2d,rs6905468,known:CHD4:t2d,rs7969177,nan,0,0
known:ANKS1A:t2d,rs6905468,known:FAM184A:t2d,rs794249,0.0404,0,0
known:ANKS1A:t2d,rs6905468,known:MED23:t2d,rs2246012,nan,0,0
known:ANKS1A:t2d,rs6905468,known:MYB:cad,rs9376092,nan,0,0
known:ANKS1A:t2d,rs6905468,known:ARG1:t2d,rs2246012,nan,0,0
known:ANKS1A:t2d,rs6905468,known:ZNF430:cad,rs35717293,0.0031,0,0
known:ANKS1A:t2d,rs6905468,known:MLH3:cad,rs175065,0.0014,0,0
known:ANKS1A:t2d,rs6905468,known:EIF2B2:cad,rs175057,0.0013,0,0
known:ANKS1A:t2d,rs6905468,known:HERPUD2:t2d,rs2392376,0.0814,0,0
known:ANKS1A:t2d,rs6905468,known:FCHO1:cad,rs10402507,nan,0,0
known:ANKS1A:t2d,rs6905468,known:ZNF236:t2d,rs62113105,0.0154,0,0
known:ANKS1A:t2d,rs6905468,known:LPIN3:cad,rs6129773,0.0077,0,0
known:ANKS1A:t2d,rs6905468,known:SLC43A3:t2d,rs6591424,nan,0,0
known:ANKS1A:t2d,rs6905468,known:ISCA1:fbg,rs2147063,0.0043,0,0
known:ANKS1A:t2d,rs6905468,known:SAP130:cad,rs114192718,nan,0,0
known:ANKS1A:t2d,rs6905468,known:LOXL4:cad,rs11189523,0.0066,0,0
known:ANKS1A:t2d,rs6905468,known:KIF11:t2d,rs1111875,0.0225,0,0
known:ANKS1A:t2d,rs6905468,known:C18orf8:t2d,rs1788799,0.0033,0,0
known:ANKS1A:t2d,rs6905468,known:SH3BGRL3:t2d,rs7551751,0.0169,0,0
known:ANKS1A:t2d,rs6905468,known:LRIG1:t2d,rs17775391,0.0087,0,0
known:ANKS1A:t2d,rs6905468,known:DGKQ:cad,rs1377586,0.0002,0,0
known:ANKS1A:t2d,rs6905468,known:SPATA5:t2d,rs11098676,0.0158,0,0
known:ANKS1A:t2d,rs6905468,known:PDGFC:t2d,rs1425486,0.0014,0,0
known:ANKS1A:t2d,rs6905468,known:GIGYF1:t2d,rs506597,0.0,0,0
known:ANKS1A:t2d,rs6905468,known:NRBF2:t2d,rs34119992,0.1096,0,0
known:ANKS1A:t2d,rs6905468,known:HSD17B12:t2d,rs1061810,nan,0,0
known:ANKS1A:t2d,rs6905468,known:WDR17:cad,rs72706320,nan,0,0
known:ANKS1A:t2d,rs6905468,known:CDC123:cad,rs36062557,0.0006,0,0
known:ANKS1A:t2d,rs6905468,known:NTAN1:t2d,rs2280018,0.0003,0,0
known:ANKS1A:t2d,rs6905468,known:MED27:t2d,rs7043386,0.0064,0,0
known:ANKS1A:t2d,rs6905468,known:THAP8:t2d,rs12981654,0.0116,0,0
known:ANKS1A:t2d,rs6905468,known:PGAP3:cad,rs2952152,0.0001,0,0
known:ANKS1A:t2d,rs6905468,known:DCAF16:t2d,rs7667864,0.0076,0,0
known:ANKS1A:t2d,rs6905468,known:EIF5A2:t2d,rs8192675,0.0068,0,0
known:ANKS1A:t2d,rs6905468,known:RFT1:t2d,rs2336725,0.0313,0,0
known:ANKS1A:t2d,rs6905468,known:DAGLB:cad,rs13235365,nan,0,0
known:ANKS1A:t2d,rs6905468,known:NUDT5:t2d,rs11257655,nan,0,0
known:ANKS1A:t2d,rs6905468,known:ARL13B:t2d,rs62266124,0.0105,0,0
known:ANKS1A:t2d,rs6905468,known:SIK2:cad,rs567859,0.0039,0,0
known:ANKS1A:t2d,rs6905468,known:NRIP1:cad,rs2823165,0.0001,0,0
known:ANKS1A:t2d,rs6905468,known:TMEM136:cad,rs4938809,0.0356,0,0
known:ANKS1A:t2d,rs6905468,known:CAMK1D:t2d,rs11257655,nan,0,0
known:ANKS1A:t2d,rs6905468,known:ZBTB6:t2d,rs2239540,nan,0,0
known:ANKS1A:t2d,rs6905468,known:KCNJ11:t2d,rs757110,0.0085,0,0
known:ANKS1A:t2d,rs6905468,known:LDLRAD2:cad,rs114661372,nan,0,0
known:ANKS1A:t2d,rs6905468,known:BLOC1S2:t2d,rs17882802,0.0004,0,0
known:ANKS1A:t2d,rs6905468,known:ZNF34:t2d,rs4637890,0.0132,0,0
known:ANKS1A:t2d,rs6905468,known:C6orf106:cad,rs3800461,nan,0,0
known:ANKS1A:t2d,rs6905468,known:PARVA:t2d,rs4757405,0.0544,0,0
known:ANKS1A:t2d,rs6905468,known:HOXC4:cad,rs1133773,nan,0,0
known:ANKS1A:t2d,rs6905468,known:YTHDF2:t2d,rs3753693,0.0131,0,0
known:ANKS1A:t2d,rs6905468,known:RP11-98D18.9:cad,rs1521185,0.0001,0,0
known:ANKS1A:t2d,rs6905468,known:SPDYE2:t2d,rs7781557,nan,0,0
known:ANKS1A:t2d,rs6905468,known:U6:cad,rs61776719,0.0022,0,0
known:ANKS1A:t2d,rs6905468,known:RP11-332O19.3:cad,rs11191472,nan,0,0
known:ANKS1A:t2d,rs6905468,known:ARHGAP19:t2d,rs8181326,0.0017,0,0
known:ANKS1A:t2d,rs6905468,known:BBIP1:t2d,rs10787287,0.0063,0,0
known:ANKS1A:t2d,rs6905468,known:FASTKD5:cad,rs860735,0.0093,0,0
known:ANKS1A:t2d,rs6905468,known:RP5-1068B5.3:t2d,rs927204,nan,0,0
known:ANKS1A:t2d,rs6905468,known:MAST4-AS1:t2d,rs173651,0.0229,0,0
known:ANKS1A:t2d,rs6905468,known:LRRC37A15P:t2d,rs223490,0.0089,0,0
known:ANKS1A:t2d,rs6905468,known:PHBP9:t2d,rs11591741,0.0004,0,0
known:ANKS1A:t2d,rs6905468,known:RP11-176F3.7:t2d,rs1758632,0.0052,0,0
known:ANKS1A:t2d,rs6905468,known:RP4-756G23.5:t2d,rs85220,0.001,0,0
known:ANKS1A:t2d,rs6905468,known:RP1-159A19.4:cad,rs17361686,nan,0,0
known:ANKS1A:t2d,rs6905468,known:SERBP1P3:t2d,rs4687701,0.0313,0,0
known:ANKS1A:t2d,rs6905468,known:RP11-464F9.1:t2d,rs7908825,0.0087,0,0
known:ANKS1A:t2d,rs6905468,known:CTD-2037K23.2:cad,rs16875368,0.0646,0,0
known:ANKS1A:t2d,rs6905468,known:AP000487.5:cad,rs34053053,nan,0,0
known:ANKS1A:t2d,rs6905468,known:CTD-2044J15.1:cad,rs4389656,0.0033,0,0
known:ANKS1A:t2d,rs6905468,known:KRT8P46:t2d,rs223490,0.0089,0,0
known:ANKS1A:t2d,rs6905468,known:RP11-10L12.2:t2d,rs223490,0.0089,0,0
known:ANKS1A:t2d,rs6905468,known:RP11-464F9.9:t2d,rs11000760,0.0087,0,0
known:ANKS1A:t2d,rs6905468,known:RP11-347C18.3:t2d,rs726816,0.0005,0,0
known:ANKS1A:t2d,rs6905468,known:ALG1L13P:t2d,rs7837587,0.0036,0,0
known:ANKS1A:t2d,rs6905468,known:HMBS:cad,rs4614,0.017,0,0
known:ANKS1A:t2d,rs6905468,known:RP11-856B14.1:t2d,rs1194104,nan,0,0
known:ANKS1A:t2d,rs6905468,known:RP11-384M15.3:cad,rs1050362,0.0098,0,0
known:ANKS1A:t2d,rs6905468,known:RP11-51F16.5:t2d,rs7223412,nan,0,0
known:ANKS1A:t2d,rs6905468,known:MIR4513:cad,rs12442901,0.0037,0,0
known:ANKS1A:t2d,rs6905468,known:Metazoa_SRP:cad,rs11204675,0.004,0,0
known:ANKS1A:t2d,rs6905468,known:Metazoa_SRP:cad,rs10888385,0.004,0,0
known:ANKS1A:t2d,rs6905468,known:STRADA:t2d,rs11079508,nan,0,0
known:ANKS1A:t2d,rs6905468,known:RP11-552F3.10:cad,rs3760128,0.0174,0,0
known:ANKS1A:t2d,rs6905468,known:AC002116.7:t2d,rs10418015,0.0217,0,0
known:ANKS1A:t2d,rs6905468,known:DKFZP434I0714:t2d,rs9991574,0.0164,0,0
known:ANKS1A:t2d,rs6905468,known:hsa-mir-296:fbg,rs6026565,nan,0,0
known:ANKS1A:t2d,rs6905468,new:PLAUR:cad,rs4760,nan,0,0
known:ANKS1A:t2d,rs6905468,new:SLC12A3:cad,rs56228609,0.0118,0,0
known:ANKS1A:t2d,rs6905468,new:C2orf49:t2d,rs4851758,nan,0,0
known:ANKS1A:t2d,rs6905468,new:CWF19L1:t2d,rs17668357,0.0004,0,0
known:ANKS1A:t2d,rs6905468,new:U6atac:t2d,rs12780155,nan,0,0
known:ANKS1A:t2d,rs6905468,new:CD101:t2d,rs12130298,nan,0,0
known:ANKS1A:t2d,rs6905468,new:TAGLN2:cad,rs2789422,0.0139,0,0
known:ANKS1A:t2d,rs6905468,new:CCDC19:cad,rs2789422,0.0139,0,0
known:ANKS1A:t2d,rs6905468,new:RBM6:t2d,rs2245365,0.0232,0,0
known:ANKS1A:t2d,rs6905468,new:CNNM2:cad,rs11191447,nan,0,0
known:ANKS1A:t2d,rs6905468,new:VSIG8:cad,rs2789422,0.0139,0,0
known:ANKS1A:t2d,rs6905468,new:LAMC1:cad,rs11588675,0.0133,0,0
known:ANKS1A:t2d,rs6905468,new:TPD52:fbg,rs2162229,0.0041,0,0
known:ANKS1A:t2d,rs6905468,new:SENP6:cad,rs62414240,0.0136,0,0
known:ANKS1A:t2d,rs6905468,new:RIC8A:cad,rs6598075,0.0123,0,0
known:ANKS1A:t2d,rs6905468,new:HMGN3:cad,rs17787027,nan,0,0
known:ANKS1A:t2d,rs6905468,new:MT3:fbg,rs1580833,0.0071,0,0
known:ANKS1A:t2d,rs6905468,new:RPL13:t2d,rs113847672,nan,0,0
known:ANKS1A:t2d,rs6905468,new:ZBTB46:cad,rs6062322,nan,0,0
known:KDM5A:t2d,rs579526,known:DUSP13:cad,rs2657291,0.0141,0,0
known:KDM5A:t2d,rs579526,known:RRN3:t2d,rs2280018,0.0298,0,0
known:KDM5A:t2d,rs579526,known:ZNF268:cad,rs62644541,0.0178,0,0
known:KDM5A:t2d,rs579526,known:THOC5:cad,rs11704049,0.0009,0,0
known:KDM5A:t2d,rs579526,known:SNX16:cad,rs12676438,0.0002,0,0
known:KDM5A:t2d,rs579526,known:CADM4:cad,rs4760,nan,0,0
known:KDM5A:t2d,rs579526,known:BMPR1A:cad,rs58477734,0.0204,0,0
known:KDM5A:t2d,rs579526,known:LIPA:cad,rs1412444,0.0064,0,0
known:KDM5A:t2d,rs579526,known:TSPAN14:cad,rs12260962,0.0,0,0
known:KDM5A:t2d,rs579526,known:GIT1:t2d,rs894606,0.0001,0,0
known:KDM5A:t2d,rs579526,known:RASD1:cad,rs12449964,0.008,0,0
known:KDM5A:t2d,rs579526,known:FBXW7:t2d,rs9991574,0.0071,0,0
known:KDM5A:t2d,rs579526,known:MTCH2:cad,rs143001834,nan,0,0
known:KDM5A:t2d,rs579526,known:CHD4:t2d,rs7969177,nan,0,0
known:KDM5A:t2d,rs579526,known:FAM184A:t2d,rs794249,0.052,0,0
known:KDM5A:t2d,rs579526,known:MED23:t2d,rs2246012,0.0021,0,0
known:KDM5A:t2d,rs579526,known:MYB:cad,rs9376092,0.018,0,0
known:KDM5A:t2d,rs579526,known:ARG1:t2d,rs2246012,0.0021,0,0
known:KDM5A:t2d,rs579526,known:ZNF430:cad,rs35717293,0.0043,0,0
known:KDM5A:t2d,rs579526,known:MLH3:cad,rs175065,0.0,0,0
known:KDM5A:t2d,rs579526,known:EIF2B2:cad,rs175057,0.0,0,0
known:KDM5A:t2d,rs579526,known:HERPUD2:t2d,rs2392376,0.0105,0,0
known:KDM5A:t2d,rs579526,known:FCHO1:cad,rs10402507,0.0067,0,0
known:KDM5A:t2d,rs579526,known:ZNF236:t2d,rs62113105,0.0089,0,0
known:KDM5A:t2d,rs579526,known:LPIN3:cad,rs6129773,0.018,0,0
known:KDM5A:t2d,rs579526,known:SLC43A3:t2d,rs6591424,nan,0,0
known:KDM5A:t2d,rs579526,known:ISCA1:fbg,rs2147063,0.0011,0,0
known:KDM5A:t2d,rs579526,known:SAP130:cad,rs114192718,nan,0,0
known:KDM5A:t2d,rs579526,known:LOXL4:cad,rs11189523,0.0005,0,0
known:KDM5A:t2d,rs579526,known:KIF11:t2d,rs1111875,0.007,0,0
known:KDM5A:t2d,rs579526,known:C18orf8:t2d,rs1788799,0.0001,0,0
known:KDM5A:t2d,rs579526,known:SH3BGRL3:t2d,rs7551751,0.0,0,0
known:KDM5A:t2d,rs579526,known:LRIG1:t2d,rs17775391,0.0268,0,0
known:KDM5A:t2d,rs579526,known:DGKQ:cad,rs1377586,0.0001,0,0
known:KDM5A:t2d,rs579526,known:SPATA5:t2d,rs11098676,0.002,0,0
known:KDM5A:t2d,rs579526,known:PDGFC:t2d,rs1425486,0.0121,0,0
known:KDM5A:t2d,rs579526,known:GIGYF1:t2d,rs506597,0.0001,0,0
known:KDM5A:t2d,rs579526,known:NRBF2:t2d,rs34119992,0.0019,0,0
known:KDM5A:t2d,rs579526,known:HSD17B12:t2d,rs1061810,0.0128,0,0
known:KDM5A:t2d,rs579526,known:WDR17:cad,rs72706320,nan,0,0
known:KDM5A:t2d,rs579526,known:CDC123:cad,rs36062557,0.0044,0,0
known:KDM5A:t2d,rs579526,known:NTAN1:t2d,rs2280018,0.0298,0,0
known:KDM5A:t2d,rs579526,known:MED27:t2d,rs7043386,0.0026,0,0
known:KDM5A:t2d,rs579526,known:THAP8:t2d,rs12981654,0.0002,0,0
known:KDM5A:t2d,rs579526,known:PGAP3:cad,rs2952152,0.001,0,0
known:KDM5A:t2d,rs579526,known:DCAF16:t2d,rs7667864,0.0071,0,0
known:KDM5A:t2d,rs579526,known:EIF5A2:t2d,rs8192675,0.025,0,0
known:KDM5A:t2d,rs579526,known:RFT1:t2d,rs2336725,0.0001,0,0
known:KDM5A:t2d,rs579526,known:DAGLB:cad,rs13235365,0.001,0,0
known:KDM5A:t2d,rs579526,known:NUDT5:t2d,rs11257655,0.0354,0,0
known:KDM5A:t2d,rs579526,known:ARL13B:t2d,rs62266124,0.0236,0,0
known:KDM5A:t2d,rs579526,known:SIK2:cad,rs567859,0.0032,0,0
known:KDM5A:t2d,rs579526,known:NRIP1:cad,rs2823165,0.0055,0,0
known:KDM5A:t2d,rs579526,known:TMEM136:cad,rs4938809,0.0162,0,0
known:KDM5A:t2d,rs579526,known:CAMK1D:t2d,rs11257655,0.0354,0,0
known:KDM5A:t2d,rs579526,known:ZBTB6:t2d,rs2239540,nan,0,0
known:KDM5A:t2d,rs579526,known:KCNJ11:t2d,rs757110,0.0001,0,0
known:KDM5A:t2d,rs579526,known:LDLRAD2:cad,rs114661372,nan,0,0
known:KDM5A:t2d,rs579526,known:BLOC1S2:t2d,rs17882802,0.0,0,0
known:KDM5A:t2d,rs579526,known:ZNF34:t2d,rs4637890,0.0024,0,0
known:KDM5A:t2d,rs579526,known:C6orf106:cad,rs3800461,nan,0,0
known:KDM5A:t2d,rs579526,known:PARVA:t2d,rs4757405,0.0001,0,0
known:KDM5A:t2d,rs579526,known:HOXC4:cad,rs1133773,0.0154,0,0
known:KDM5A:t2d,rs579526,known:YTHDF2:t2d,rs3753693,0.0001,0,0
known:KDM5A:t2d,rs579526,known:RP11-98D18.9:cad,rs1521185,0.0019,0,0
known:KDM5A:t2d,rs579526,known:SPDYE2:t2d,rs7781557,0.0079,0,0
known:KDM5A:t2d,rs579526,known:U6:cad,rs61776719,0.0206,0,0
known:KDM5A:t2d,rs579526,known:RP11-332O19.3:cad,rs11191472,nan,0,0
known:KDM5A:t2d,rs579526,known:ARHGAP19:t2d,rs8181326,0.0012,0,0
known:KDM5A:t2d,rs579526,known:BBIP1:t2d,rs10787287,0.001,0,0
known:KDM5A:t2d,rs579526,known:FASTKD5:cad,rs860735,0.0024,0,0
known:KDM5A:t2d,rs579526,known:RP5-1068B5.3:t2d,rs927204,nan,0,0
known:KDM5A:t2d,rs579526,known:MAST4-AS1:t2d,rs173651,0.0072,0,0
known:KDM5A:t2d,rs579526,known:LRRC37A15P:t2d,rs223490,0.0003,0,0
known:KDM5A:t2d,rs579526,known:PHBP9:t2d,rs11591741,0.0,0,0
known:KDM5A:t2d,rs579526,known:RP11-176F3.7:t2d,rs1758632,0.0,0,0
known:KDM5A:t2d,rs579526,known:RP4-756G23.5:t2d,rs85220,0.0008,0,0
known:KDM5A:t2d,rs579526,known:RP1-159A19.4:cad,rs17361686,nan,0,0
known:KDM5A:t2d,rs579526,known:SERBP1P3:t2d,rs4687701,0.0001,0,0
known:KDM5A:t2d,rs579526,known:RP11-464F9.1:t2d,rs7908825,0.0044,0,0
known:KDM5A:t2d,rs579526,known:CTD-2037K23.2:cad,rs16875368,0.0163,0,0
known:KDM5A:t2d,rs579526,known:AP000487.5:cad,rs34053053,nan,0,0
known:KDM5A:t2d,rs579526,known:CTD-2044J15.1:cad,rs4389656,0.0003,0,0
known:KDM5A:t2d,rs579526,known:KRT8P46:t2d,rs223490,0.0003,0,0
known:KDM5A:t2d,rs579526,known:RP11-10L12.2:t2d,rs223490,0.0003,0,0
known:KDM5A:t2d,rs579526,known:RP11-464F9.9:t2d,rs11000760,0.0044,0,0
known:KDM5A:t2d,rs579526,known:RP11-347C18.3:t2d,rs726816,0.0,0,0
known:KDM5A:t2d,rs579526,known:ALG1L13P:t2d,rs7837587,0.0007,0,0
known:KDM5A:t2d,rs579526,known:HMBS:cad,rs4614,0.0003,0,0
known:KDM5A:t2d,rs579526,known:RP11-856B14.1:t2d,rs1194104,0.0449,0,0
known:KDM5A:t2d,rs579526,known:RP11-384M15.3:cad,rs1050362,0.0001,0,0
known:KDM5A:t2d,rs579526,known:RP11-51F16.5:t2d,rs7223412,0.0008,0,0
known:KDM5A:t2d,rs579526,known:MIR4513:cad,rs12442901,0.0293,0,0
known:KDM5A:t2d,rs579526,known:Metazoa_SRP:cad,rs11204675,0.0124,0,0
known:KDM5A:t2d,rs579526,known:Metazoa_SRP:cad,rs10888385,0.0124,0,0
known:KDM5A:t2d,rs579526,known:STRADA:t2d,rs11079508,0.0008,0,0
known:KDM5A:t2d,rs579526,known:RP11-552F3.10:cad,rs3760128,0.0249,0,0
known:KDM5A:t2d,rs579526,known:AC002116.7:t2d,rs10418015,0.0001,0,0
known:KDM5A:t2d,rs579526,known:DKFZP434I0714:t2d,rs9991574,0.0071,0,0
known:KDM5A:t2d,rs579526,known:hsa-mir-296:fbg,rs6026565,nan,0,0
known:KDM5A:t2d,rs579526,new:PLAUR:cad,rs4760,nan,0,0
known:KDM5A:t2d,rs579526,new:SLC12A3:cad,rs56228609,0.0001,0,0
known:KDM5A:t2d,rs579526,new:C2orf49:t2d,rs4851758,nan,0,0
known:KDM5A:t2d,rs579526,new:CWF19L1:t2d,rs17668357,0.0,0,0
known:KDM5A:t2d,rs579526,new:U6atac:t2d,rs12780155,0.02,0,0
known:KDM5A:t2d,rs579526,new:CD101:t2d,rs12130298,nan,0,0
known:KDM5A:t2d,rs579526,new:TAGLN2:cad,rs2789422,0.001,0,0
known:KDM5A:t2d,rs579526,new:CCDC19:cad,rs2789422,0.001,0,0
known:KDM5A:t2d,rs579526,new:RBM6:t2d,rs2245365,0.0241,0,0
known:KDM5A:t2d,rs579526,new:CNNM2:cad,rs11191447,nan,0,0
known:KDM5A:t2d,rs579526,new:VSIG8:cad,rs2789422,0.001,0,0
known:KDM5A:t2d,rs579526,new:LAMC1:cad,rs11588675,0.0042,0,0
known:KDM5A:t2d,rs579526,new:TPD52:fbg,rs2162229,0.0149,0,0
known:KDM5A:t2d,rs579526,new:SENP6:cad,rs62414240,0.0052,0,0
known:KDM5A:t2d,rs579526,new:RIC8A:cad,rs6598075,0.0109,0,0
known:KDM5A:t2d,rs579526,new:HMGN3:cad,rs17787027,nan,0,0
known:KDM5A:t2d,rs579526,new:MT3:fbg,rs1580833,0.002,0,0
known:KDM5A:t2d,rs579526,new:RPL13:t2d,rs113847672,nan,0,0
known:KDM5A:t2d,rs579526,new:ZBTB46:cad,rs6062322,0.0017,0,0
known:DUSP13:cad,rs2657291,known:RRN3:t2d,rs2280018,0.0029,0,0
known:DUSP13:cad,rs2657291,known:ZNF268:cad,rs62644541,0.0033,0,0
known:DUSP13:cad,rs2657291,known:THOC5:cad,rs11704049,0.0152,0,0
known:DUSP13:cad,rs2657291,known:SNX16:cad,rs12676438,0.0004,0,0
known:DUSP13:cad,rs2657291,known:CADM4:cad,rs4760,0.0413,0,0
known:DUSP13:cad,rs2657291,known:BMPR1A:cad,rs58477734,0.052,0,0
known:DUSP13:cad,rs2657291,known:LIPA:cad,rs1412444,0.0032,0,0
known:DUSP13:cad,rs2657291,known:TSPAN14:cad,rs12260962,0.0009,0,0
known:DUSP13:cad,rs2657291,known:GIT1:t2d,rs894606,0.0028,0,0
known:DUSP13:cad,rs2657291,known:RASD1:cad,rs12449964,0.0099,0,0
known:DUSP13:cad,rs2657291,known:FBXW7:t2d,rs9991574,0.0277,0,0
known:DUSP13:cad,rs2657291,known:MTCH2:cad,rs143001834,nan,0,0
known:DUSP13:cad,rs2657291,known:CHD4:t2d,rs7969177,0.0004,0,0
known:DUSP13:cad,rs2657291,known:FAM184A:t2d,rs794249,0.0012,0,0
known:DUSP13:cad,rs2657291,known:MED23:t2d,rs2246012,0.0177,0,0
known:DUSP13:cad,rs2657291,known:MYB:cad,rs9376092,0.0246,0,0
known:DUSP13:cad,rs2657291,known:ARG1:t2d,rs2246012,0.0177,0,0
known:DUSP13:cad,rs2657291,known:ZNF430:cad,rs35717293,0.0001,0,0
known:DUSP13:cad,rs2657291,known:MLH3:cad,rs175065,0.0068,0,0
known:DUSP13:cad,rs2657291,known:EIF2B2:cad,rs175057,0.0028,0,0
known:DUSP13:cad,rs2657291,known:HERPUD2:t2d,rs2392376,0.0002,0,0
known:DUSP13:cad,rs2657291,known:FCHO1:cad,rs10402507,0.0,0,0
known:DUSP13:cad,rs2657291,known:ZNF236:t2d,rs62113105,0.002,0,0
known:DUSP13:cad,rs2657291,known:LPIN3:cad,rs6129773,0.0,0,0
known:DUSP13:cad,rs2657291,known:SLC43A3:t2d,rs6591424,nan,0,0
known:DUSP13:cad,rs2657291,known:ISCA1:fbg,rs2147063,0.0,0,0
known:DUSP13:cad,rs2657291,known:SAP130:cad,rs114192718,nan,0,0
known:DUSP13:cad,rs2657291,known:LOXL4:cad,rs11189523,0.0007,0,0
known:DUSP13:cad,rs2657291,known:KIF11:t2d,rs1111875,0.0036,0,0
known:DUSP13:cad,rs2657291,known:C18orf8:t2d,rs1788799,0.0125,0,0
known:DUSP13:cad,rs2657291,known:SH3BGRL3:t2d,rs7551751,0.0009,0,0
known:DUSP13:cad,rs2657291,known:LRIG1:t2d,rs17775391,0.0082,0,0
known:DUSP13:cad,rs2657291,known:DGKQ:cad,rs1377586,0.0034,0,0
known:DUSP13:cad,rs2657291,known:SPATA5:t2d,rs11098676,0.0011,0,0
known:DUSP13:cad,rs2657291,known:PDGFC:t2d,rs1425486,0.0097,0,0
known:DUSP13:cad,rs2657291,known:GIGYF1:t2d,rs506597,0.0061,0,0
known:DUSP13:cad,rs2657291,known:NRBF2:t2d,rs34119992,0.0011,0,0
known:DUSP13:cad,rs2657291,known:HSD17B12:t2d,rs1061810,0.0069,0,0
known:DUSP13:cad,rs2657291,known:WDR17:cad,rs72706320,0.064,0,0
known:DUSP13:cad,rs2657291,known:CDC123:cad,rs36062557,0.0004,0,0
known:DUSP13:cad,rs2657291,known:NTAN1:t2d,rs2280018,0.0029,0,0
known:DUSP13:cad,rs2657291,known:MED27:t2d,rs7043386,0.0019,0,0
known:DUSP13:cad,rs2657291,known:THAP8:t2d,rs12981654,0.0051,0,0
known:DUSP13:cad,rs2657291,known:PGAP3:cad,rs2952152,0.0,0,0
known:DUSP13:cad,rs2657291,known:DCAF16:t2d,rs7667864,0.0002,0,0
known:DUSP13:cad,rs2657291,known:EIF5A2:t2d,rs8192675,0.0,0,0
known:DUSP13:cad,rs2657291,known:RFT1:t2d,rs2336725,0.0003,0,0
known:DUSP13:cad,rs2657291,known:DAGLB:cad,rs13235365,0.0014,0,0
known:DUSP13:cad,rs2657291,known:NUDT5:t2d,rs11257655,0.0,0,0
known:DUSP13:cad,rs2657291,known:ARL13B:t2d,rs62266124,0.0,0,0
known:DUSP13:cad,rs2657291,known:SIK2:cad,rs567859,0.0006,0,0
known:DUSP13:cad,rs2657291,known:NRIP1:cad,rs2823165,0.006,0,0
known:DUSP13:cad,rs2657291,known:TMEM136:cad,rs4938809,0.022,0,0
known:DUSP13:cad,rs2657291,known:CAMK1D:t2d,rs11257655,0.0,0,0
known:DUSP13:cad,rs2657291,known:ZBTB6:t2d,rs2239540,0.0042,0,0
known:DUSP13:cad,rs2657291,known:KCNJ11:t2d,rs757110,0.0022,0,0
known:DUSP13:cad,rs2657291,known:LDLRAD2:cad,rs114661372,0.0075,0,0
known:DUSP13:cad,rs2657291,known:BLOC1S2:t2d,rs17882802,0.0007,0,0
known:DUSP13:cad,rs2657291,known:ZNF34:t2d,rs4637890,0.001,0,0
known:DUSP13:cad,rs2657291,known:C6orf106:cad,rs3800461,0.0008,0,0
known:DUSP13:cad,rs2657291,known:PARVA:t2d,rs4757405,0.0017,0,0
known:DUSP13:cad,rs2657291,known:HOXC4:cad,rs1133773,0.0002,0,0
known:DUSP13:cad,rs2657291,known:YTHDF2:t2d,rs3753693,0.0068,0,0
known:DUSP13:cad,rs2657291,known:RP11-98D18.9:cad,rs1521185,0.0001,0,0
known:DUSP13:cad,rs2657291,known:SPDYE2:t2d,rs7781557,0.0001,0,0
known:DUSP13:cad,rs2657291,known:U6:cad,rs61776719,0.0011,0,0
known:DUSP13:cad,rs2657291,known:RP11-332O19.3:cad,rs11191472,0.0154,0,0
known:DUSP13:cad,rs2657291,known:ARHGAP19:t2d,rs8181326,0.0011,0,0
known:DUSP13:cad,rs2657291,known:BBIP1:t2d,rs10787287,0.0,0,0
known:DUSP13:cad,rs2657291,known:FASTKD5:cad,rs860735,0.003,0,0
known:DUSP13:cad,rs2657291,known:RP5-1068B5.3:t2d,rs927204,0.0083,0,0
known:DUSP13:cad,rs2657291,known:MAST4-AS1:t2d,rs173651,0.0085,0,0
known:DUSP13:cad,rs2657291,known:LRRC37A15P:t2d,rs223490,0.0027,0,0
known:DUSP13:cad,rs2657291,known:PHBP9:t2d,rs11591741,0.0011,0,0
known:DUSP13:cad,rs2657291,known:RP11-176F3.7:t2d,rs1758632,0.0003,0,0
known:DUSP13:cad,rs2657291,known:RP4-756G23.5:t2d,rs85220,0.0,0,0
known:DUSP13:cad,rs2657291,known:RP1-159A19.4:cad,rs17361686,0.0074,0,0
known:DUSP13:cad,rs2657291,known:SERBP1P3:t2d,rs4687701,0.0003,0,0
known:DUSP13:cad,rs2657291,known:RP11-464F9.1:t2d,rs7908825,0.0003,0,0
known:DUSP13:cad,rs2657291,known:CTD-2037K23.2:cad,rs16875368,0.0023,0,0
known:DUSP13:cad,rs2657291,known:AP000487.5:cad,rs34053053,0.0,0,0
known:DUSP13:cad,rs2657291,known:CTD-2044J15.1:cad,rs4389656,0.0034,0,0
known:DUSP13:cad,rs2657291,known:KRT8P46:t2d,rs223490,0.0027,0,0
known:DUSP13:cad,rs2657291,known:RP11-10L12.2:t2d,rs223490,0.0027,0,0
known:DUSP13:cad,rs2657291,known:RP11-464F9.9:t2d,rs11000760,0.0003,0,0
known:DUSP13:cad,rs2657291,known:RP11-347C18.3:t2d,rs726816,0.0014,0,0
known:DUSP13:cad,rs2657291,known:ALG1L13P:t2d,rs7837587,0.0017,0,0
known:DUSP13:cad,rs2657291,known:HMBS:cad,rs4614,0.0,0,0
known:DUSP13:cad,rs2657291,known:RP11-856B14.1:t2d,rs1194104,0.0027,0,0
known:DUSP13:cad,rs2657291,known:RP11-384M15.3:cad,rs1050362,0.0165,0,0
known:DUSP13:cad,rs2657291,known:RP11-51F16.5:t2d,rs7223412,0.0018,0,0
known:DUSP13:cad,rs2657291,known:MIR4513:cad,rs12442901,0.0,0,0
known:DUSP13:cad,rs2657291,known:Metazoa_SRP:cad,rs11204675,0.0004,0,0
known:DUSP13:cad,rs2657291,known:Metazoa_SRP:cad,rs10888385,0.0004,0,0
known:DUSP13:cad,rs2657291,known:STRADA:t2d,rs11079508,0.0018,0,0
known:DUSP13:cad,rs2657291,known:RP11-552F3.10:cad,rs3760128,0.0005,0,0
known:DUSP13:cad,rs2657291,known:AC002116.7:t2d,rs10418015,0.0013,0,0
known:DUSP13:cad,rs2657291,known:DKFZP434I0714:t2d,rs9991574,0.0277,0,0
known:DUSP13:cad,rs2657291,known:hsa-mir-296:fbg,rs6026565,0.0209,0,0
known:DUSP13:cad,rs2657291,new:PLAUR:cad,rs4760,0.0413,0,0
known:DUSP13:cad,rs2657291,new:SLC12A3:cad,rs56228609,0.0016,0,0
known:DUSP13:cad,rs2657291,new:C2orf49:t2d,rs4851758,0.0195,0,0
known:DUSP13:cad,rs2657291,new:CWF19L1:t2d,rs17668357,0.0007,0,0
known:DUSP13:cad,rs2657291,new:U6atac:t2d,rs12780155,0.0,0,0
known:DUSP13:cad,rs2657291,new:CD101:t2d,rs12130298,0.0272,0,0
known:DUSP13:cad,rs2657291,new:TAGLN2:cad,rs2789422,0.0027,0,0
known:DUSP13:cad,rs2657291,new:CCDC19:cad,rs2789422,0.0027,0,0
known:DUSP13:cad,rs2657291,new:RBM6:t2d,rs2245365,0.0007,0,0
known:DUSP13:cad,rs2657291,new:CNNM2:cad,rs11191447,0.0154,0,0
known:DUSP13:cad,rs2657291,new:VSIG8:cad,rs2789422,0.0027,0,0
known:DUSP13:cad,rs2657291,new:LAMC1:cad,rs11588675,0.0103,0,0
known:DUSP13:cad,rs2657291,new:TPD52:fbg,rs2162229,0.001,0,0
known:DUSP13:cad,rs2657291,new:SENP6:cad,rs62414240,0.0052,0,0
known:DUSP13:cad,rs2657291,new:RIC8A:cad,rs6598075,0.0012,0,0
known:DUSP13:cad,rs2657291,new:HMGN3:cad,rs17787027,nan,0,0
known:DUSP13:cad,rs2657291,new:MT3:fbg,rs1580833,0.0012,0,0
known:DUSP13:cad,rs2657291,new:RPL13:t2d,rs113847672,0.0071,0,0
known:DUSP13:cad,rs2657291,new:ZBTB46:cad,rs6062322,0.0008,0,0
known:RRN3:t2d,rs2280018,known:ZNF268:cad,rs62644541,0.0,0,0
known:RRN3:t2d,rs2280018,known:THOC5:cad,rs11704049,0.0011,0,0
known:RRN3:t2d,rs2280018,known:SNX16:cad,rs12676438,0.0001,0,0
known:RRN3:t2d,rs2280018,known:CADM4:cad,rs4760,0.0003,0,0
known:RRN3:t2d,rs2280018,known:BMPR1A:cad,rs58477734,0.0062,0,0
known:RRN3:t2d,rs2280018,known:LIPA:cad,rs1412444,0.0014,0,0
known:RRN3:t2d,rs2280018,known:TSPAN14:cad,rs12260962,0.0095,0,0
known:RRN3:t2d,rs2280018,known:GIT1:t2d,rs894606,0.0003,0,0
known:RRN3:t2d,rs2280018,known:RASD1:cad,rs12449964,0.0053,0,0
known:RRN3:t2d,rs2280018,known:FBXW7:t2d,rs9991574,0.0132,0,0
known:RRN3:t2d,rs2280018,known:MTCH2:cad,rs143001834,nan,0,0
known:RRN3:t2d,rs2280018,known:CHD4:t2d,rs7969177,0.0016,0,0
known:RRN3:t2d,rs2280018,known:FAM184A:t2d,rs794249,0.0008,0,0
known:RRN3:t2d,rs2280018,known:MED23:t2d,rs2246012,0.0204,0,0
known:RRN3:t2d,rs2280018,known:MYB:cad,rs9376092,0.0029,0,0
known:RRN3:t2d,rs2280018,known:ARG1:t2d,rs2246012,0.0204,0,0
known:RRN3:t2d,rs2280018,known:ZNF430:cad,rs35717293,0.0,0,0
known:RRN3:t2d,rs2280018,known:MLH3:cad,rs175065,0.0001,0,0
known:RRN3:t2d,rs2280018,known:EIF2B2:cad,rs175057,0.0004,0,0
known:RRN3:t2d,rs2280018,known:HERPUD2:t2d,rs2392376,0.0147,0,0
known:RRN3:t2d,rs2280018,known:FCHO1:cad,rs10402507,0.0086,0,0
known:RRN3:t2d,rs2280018,known:ZNF236:t2d,rs62113105,0.0025,0,0
known:RRN3:t2d,rs2280018,known:LPIN3:cad,rs6129773,0.0,0,0
known:RRN3:t2d,rs2280018,known:SLC43A3:t2d,rs6591424,nan,0,0
known:RRN3:t2d,rs2280018,known:ISCA1:fbg,rs2147063,0.0003,0,0
known:RRN3:t2d,rs2280018,known:SAP130:cad,rs114192718,0.0003,0,0
known:RRN3:t2d,rs2280018,known:LOXL4:cad,rs11189523,0.0009,0,0
known:RRN3:t2d,rs2280018,known:KIF11:t2d,rs1111875,0.0048,0,0
known:RRN3:t2d,rs2280018,known:C18orf8:t2d,rs1788799,0.0001,0,0
known:RRN3:t2d,rs2280018,known:SH3BGRL3:t2d,rs7551751,0.003,0,0
known:RRN3:t2d,rs2280018,known:LRIG1:t2d,rs17775391,0.0026,0,0
known:RRN3:t2d,rs2280018,known:DGKQ:cad,rs1377586,0.0011,0,0
known:RRN3:t2d,rs2280018,known:SPATA5:t2d,rs11098676,0.0002,0,0
known:RRN3:t2d,rs2280018,known:PDGFC:t2d,rs1425486,0.0,0,0
known:RRN3:t2d,rs2280018,known:GIGYF1:t2d,rs506597,0.0011,0,0
known:RRN3:t2d,rs2280018,known:NRBF2:t2d,rs34119992,0.0001,0,0
known:RRN3:t2d,rs2280018,known:HSD17B12:t2d,rs1061810,0.0018,0,0
known:RRN3:t2d,rs2280018,known:WDR17:cad,rs72706320,0.0003,0,0
known:RRN3:t2d,rs2280018,known:CDC123:cad,rs36062557,0.0017,0,0
known:RRN3:t2d,rs2280018,known:NTAN1:t2d,rs2280018,1.0,1,1
known:RRN3:t2d,rs2280018,known:MED27:t2d,rs7043386,0.0018,0,0
known:RRN3:t2d,rs2280018,known:THAP8:t2d,rs12981654,0.0049,0,0
known:RRN3:t2d,rs2280018,known:PGAP3:cad,rs2952152,0.0001,0,0
known:RRN3:t2d,rs2280018,known:DCAF16:t2d,rs7667864,0.0054,0,0
known:RRN3:t2d,rs2280018,known:EIF5A2:t2d,rs8192675,0.0177,0,0
known:RRN3:t2d,rs2280018,known:RFT1:t2d,rs2336725,0.0024,0,0
known:RRN3:t2d,rs2280018,known:DAGLB:cad,rs13235365,0.0218,0,0
known:RRN3:t2d,rs2280018,known:NUDT5:t2d,rs11257655,0.0045,0,0
known:RRN3:t2d,rs2280018,known:ARL13B:t2d,rs62266124,0.0002,0,0
known:RRN3:t2d,rs2280018,known:SIK2:cad,rs567859,0.0004,0,0
known:RRN3:t2d,rs2280018,known:NRIP1:cad,rs2823165,0.0008,0,0
known:RRN3:t2d,rs2280018,known:TMEM136:cad,rs4938809,0.001,0,0
known:RRN3:t2d,rs2280018,known:CAMK1D:t2d,rs11257655,0.0045,0,0
known:RRN3:t2d,rs2280018,known:ZBTB6:t2d,rs2239540,0.0047,0,0
known:RRN3:t2d,rs2280018,known:KCNJ11:t2d,rs757110,0.0006,0,0
known:RRN3:t2d,rs2280018,known:LDLRAD2:cad,rs114661372,0.0022,0,0
known:RRN3:t2d,rs2280018,known:BLOC1S2:t2d,rs17882802,0.0006,0,0
known:RRN3:t2d,rs2280018,known:ZNF34:t2d,rs4637890,0.003,0,0
known:RRN3:t2d,rs2280018,known:C6orf106:cad,rs3800461,0.0718,0,0
known:RRN3:t2d,rs2280018,known:PARVA:t2d,rs4757405,0.0063,0,0
known:RRN3:t2d,rs2280018,known:HOXC4:cad,rs1133773,0.0135,0,0
known:RRN3:t2d,rs2280018,known:YTHDF2:t2d,rs3753693,0.0081,0,0
known:RRN3:t2d,rs2280018,known:RP11-98D18.9:cad,rs1521185,0.0,0,0
known:RRN3:t2d,rs2280018,known:SPDYE2:t2d,rs7781557,0.0241,0,0
known:RRN3:t2d,rs2280018,known:U6:cad,rs61776719,0.0034,0,0
known:RRN3:t2d,rs2280018,known:RP11-332O19.3:cad,rs11191472,0.0699,0,0
known:RRN3:t2d,rs2280018,known:ARHGAP19:t2d,rs8181326,0.0,0,0
known:RRN3:t2d,rs2280018,known:BBIP1:t2d,rs10787287,0.0003,0,0
known:RRN3:t2d,rs2280018,known:FASTKD5:cad,rs860735,0.0034,0,0
known:RRN3:t2d,rs2280018,known:RP5-1068B5.3:t2d,rs927204,0.002,0,0
known:RRN3:t2d,rs2280018,known:MAST4-AS1:t2d,rs173651,0.0,0,0
known:RRN3:t2d,rs2280018,known:LRRC37A15P:t2d,rs223490,0.0001,0,0
known:RRN3:t2d,rs2280018,known:PHBP9:t2d,rs11591741,0.0009,0,0
known:RRN3:t2d,rs2280018,known:RP11-176F3.7:t2d,rs1758632,0.0,0,0
known:RRN3:t2d,rs2280018,known:RP4-756G23.5:t2d,rs85220,0.0008,0,0
known:RRN3:t2d,rs2280018,known:RP1-159A19.4:cad,rs17361686,0.0057,0,0
known:RRN3:t2d,rs2280018,known:SERBP1P3:t2d,rs4687701,0.0024,0,0
known:RRN3:t2d,rs2280018,known:RP11-464F9.1:t2d,rs7908825,0.0049,0,0
known:RRN3:t2d,rs2280018,known:CTD-2037K23.2:cad,rs16875368,0.0003,0,0
known:RRN3:t2d,rs2280018,known:AP000487.5:cad,rs34053053,0.0041,0,0
known:RRN3:t2d,rs2280018,known:CTD-2044J15.1:cad,rs4389656,0.0009,0,0
known:RRN3:t2d,rs2280018,known:KRT8P46:t2d,rs223490,0.0001,0,0
known:RRN3:t2d,rs2280018,known:RP11-10L12.2:t2d,rs223490,0.0001,0,0
known:RRN3:t2d,rs2280018,known:RP11-464F9.9:t2d,rs11000760,0.0038,0,0
known:RRN3:t2d,rs2280018,known:RP11-347C18.3:t2d,rs726816,0.0106,0,0
known:RRN3:t2d,rs2280018,known:ALG1L13P:t2d,rs7837587,0.0018,0,0
known:RRN3:t2d,rs2280018,known:HMBS:cad,rs4614,0.0069,0,0
known:RRN3:t2d,rs2280018,known:RP11-856B14.1:t2d,rs1194104,0.0025,0,0
known:RRN3:t2d,rs2280018,known:RP11-384M15.3:cad,rs1050362,0.0003,0,0
known:RRN3:t2d,rs2280018,known:RP11-51F16.5:t2d,rs7223412,0.0127,0,0
known:RRN3:t2d,rs2280018,known:MIR4513:cad,rs12442901,0.0134,0,0
known:RRN3:t2d,rs2280018,known:Metazoa_SRP:cad,rs11204675,0.0005,0,0
known:RRN3:t2d,rs2280018,known:Metazoa_SRP:cad,rs10888385,0.0005,0,0
known:RRN3:t2d,rs2280018,known:STRADA:t2d,rs11079508,0.0127,0,0
known:RRN3:t2d,rs2280018,known:RP11-552F3.10:cad,rs3760128,0.008,0,0
known:RRN3:t2d,rs2280018,known:AC002116.7:t2d,rs10418015,0.0003,0,0
known:RRN3:t2d,rs2280018,known:DKFZP434I0714:t2d,rs9991574,0.0132,0,0
known:RRN3:t2d,rs2280018,known:hsa-mir-296:fbg,rs6026565,0.0054,0,0
known:RRN3:t2d,rs2280018,new:PLAUR:cad,rs4760,0.0003,0,0
known:RRN3:t2d,rs2280018,new:SLC12A3:cad,rs56228609,0.0018,0,0
known:RRN3:t2d,rs2280018,new:C2orf49:t2d,rs4851758,0.0311,0,0
known:RRN3:t2d,rs2280018,new:CWF19L1:t2d,rs17668357,0.0006,0,0
known:RRN3:t2d,rs2280018,new:U6atac:t2d,rs12780155,0.0052,0,0
known:RRN3:t2d,rs2280018,new:CD101:t2d,rs12130298,0.0012,0,0
known:RRN3:t2d,rs2280018,new:TAGLN2:cad,rs2789422,0.0,0,0
known:RRN3:t2d,rs2280018,new:CCDC19:cad,rs2789422,0.0,0,0
known:RRN3:t2d,rs2280018,new:RBM6:t2d,rs2245365,0.0014,0,0
known:RRN3:t2d,rs2280018,new:CNNM2:cad,rs11191447,0.0699,0,0
known:RRN3:t2d,rs2280018,new:VSIG8:cad,rs2789422,0.0,0,0
known:RRN3:t2d,rs2280018,new:LAMC1:cad,rs11588675,0.0015,0,0
known:RRN3:t2d,rs2280018,new:TPD52:fbg,rs2162229,0.0042,0,0
known:RRN3:t2d,rs2280018,new:SENP6:cad,rs62414240,0.0108,0,0
known:RRN3:t2d,rs2280018,new:RIC8A:cad,rs6598075,0.0097,0,0
known:RRN3:t2d,rs2280018,new:HMGN3:cad,rs17787027,0.058,0,0
known:RRN3:t2d,rs2280018,new:MT3:fbg,rs1580833,0.0103,0,0
known:RRN3:t2d,rs2280018,new:RPL13:t2d,rs113847672,0.0008,0,0
known:RRN3:t2d,rs2280018,new:ZBTB46:cad,rs6062322,0.0002,0,0
known:ZNF268:cad,rs62644541,known:THOC5:cad,rs11704049,0.0497,0,0
known:ZNF268:cad,rs62644541,known:SNX16:cad,rs12676438,0.0011,0,0
known:ZNF268:cad,rs62644541,known:CADM4:cad,rs4760,0.0865,0,0
known:ZNF268:cad,rs62644541,known:BMPR1A:cad,rs58477734,0.011,0,0
known:ZNF268:cad,rs62644541,known:LIPA:cad,rs1412444,0.0189,0,0
known:ZNF268:cad,rs62644541,known:TSPAN14:cad,rs12260962,0.0007,0,0
known:ZNF268:cad,rs62644541,known:GIT1:t2d,rs894606,0.0085,0,0
known:ZNF268:cad,rs62644541,known:RASD1:cad,rs12449964,0.0032,0,0
known:ZNF268:cad,rs62644541,known:FBXW7:t2d,rs9991574,0.0002,0,0
known:ZNF268:cad,rs62644541,known:MTCH2:cad,rs143001834,nan,0,0
known:ZNF268:cad,rs62644541,known:CHD4:t2d,rs7969177,nan,0,0
known:ZNF268:cad,rs62644541,known:FAM184A:t2d,rs794249,0.0058,0,0
known:ZNF268:cad,rs62644541,known:MED23:t2d,rs2246012,0.0005,0,0
known:ZNF268:cad,rs62644541,known:MYB:cad,rs9376092,0.0044,0,0
known:ZNF268:cad,rs62644541,known:ARG1:t2d,rs2246012,0.0005,0,0
known:ZNF268:cad,rs62644541,known:ZNF430:cad,rs35717293,0.0097,0,0
known:ZNF268:cad,rs62644541,known:MLH3:cad,rs175065,0.0017,0,0
known:ZNF268:cad,rs62644541,known:EIF2B2:cad,rs175057,0.0021,0,0
known:ZNF268:cad,rs62644541,known:HERPUD2:t2d,rs2392376,0.0055,0,0
known:ZNF268:cad,rs62644541,known:FCHO1:cad,rs10402507,0.0091,0,0
known:ZNF268:cad,rs62644541,known:ZNF236:t2d,rs62113105,0.0023,0,0
known:ZNF268:cad,rs62644541,known:LPIN3:cad,rs6129773,0.0133,0,0
known:ZNF268:cad,rs62644541,known:SLC43A3:t2d,rs6591424,nan,0,0
known:ZNF268:cad,rs62644541,known:ISCA1:fbg,rs2147063,0.0004,0,0
known:ZNF268:cad,rs62644541,known:SAP130:cad,rs114192718,nan,0,0
known:ZNF268:cad,rs62644541,known:LOXL4:cad,rs11189523,0.0076,0,0
known:ZNF268:cad,rs62644541,known:KIF11:t2d,rs1111875,0.0023,0,0
known:ZNF268:cad,rs62644541,known:C18orf8:t2d,rs1788799,0.0093,0,0
known:ZNF268:cad,rs62644541,known:SH3BGRL3:t2d,rs7551751,0.0168,0,0
known:ZNF268:cad,rs62644541,known:LRIG1:t2d,rs17775391,0.0,0,0
known:ZNF268:cad,rs62644541,known:DGKQ:cad,rs1377586,0.0012,0,0
known:ZNF268:cad,rs62644541,known:SPATA5:t2d,rs11098676,0.0005,0,0
known:ZNF268:cad,rs62644541,known:PDGFC:t2d,rs1425486,0.0235,0,0
known:ZNF268:cad,rs62644541,known:GIGYF1:t2d,rs506597,0.0006,0,0
known:ZNF268:cad,rs62644541,known:NRBF2:t2d,rs34119992,0.0087,0,0
known:ZNF268:cad,rs62644541,known:HSD17B12:t2d,rs1061810,0.0004,0,0
known:ZNF268:cad,rs62644541,known:WDR17:cad,rs72706320,nan,0,0
known:ZNF268:cad,rs62644541,known:CDC123:cad,rs36062557,0.0072,0,0
known:ZNF268:cad,rs62644541,known:NTAN1:t2d,rs2280018,0.0,0,0
known:ZNF268:cad,rs62644541,known:MED27:t2d,rs7043386,0.0001,0,0
known:ZNF268:cad,rs62644541,known:THAP8:t2d,rs12981654,0.0456,0,0
known:ZNF268:cad,rs62644541,known:PGAP3:cad,rs2952152,0.0025,0,0
known:ZNF268:cad,rs62644541,known:DCAF16:t2d,rs7667864,0.0002,0,0
known:ZNF268:cad,rs62644541,known:EIF5A2:t2d,rs8192675,0.0026,0,0
known:ZNF268:cad,rs62644541,known:RFT1:t2d,rs2336725,0.0003,0,0
known:ZNF268:cad,rs62644541,known:DAGLB:cad,rs13235365,0.0075,0,0
known:ZNF268:cad,rs62644541,known:NUDT5:t2d,rs11257655,0.0049,0,0
known:ZNF268:cad,rs62644541,known:ARL13B:t2d,rs62266124,0.0128,0,0
known:ZNF268:cad,rs62644541,known:SIK2:cad,rs567859,0.0022,0,0
known:ZNF268:cad,rs62644541,known:NRIP1:cad,rs2823165,0.0069,0,0
known:ZNF268:cad,rs62644541,known:TMEM136:cad,rs4938809,0.0188,0,0
known:ZNF268:cad,rs62644541,known:CAMK1D:t2d,rs11257655,0.0049,0,0
known:ZNF268:cad,rs62644541,known:ZBTB6:t2d,rs2239540,0.0018,0,0
known:ZNF268:cad,rs62644541,known:KCNJ11:t2d,rs757110,0.0,0,0
known:ZNF268:cad,rs62644541,known:LDLRAD2:cad,rs114661372,0.0227,0,0
known:ZNF268:cad,rs62644541,known:BLOC1S2:t2d,rs17882802,0.0,0,0
known:ZNF268:cad,rs62644541,known:ZNF34:t2d,rs4637890,0.0027,0,0
known:ZNF268:cad,rs62644541,known:C6orf106:cad,rs3800461,nan,0,0
known:ZNF268:cad,rs62644541,known:PARVA:t2d,rs4757405,0.0015,0,0
known:ZNF268:cad,rs62644541,known:HOXC4:cad,rs1133773,0.0028,0,0
known:ZNF268:cad,rs62644541,known:YTHDF2:t2d,rs3753693,0.0053,0,0
known:ZNF268:cad,rs62644541,known:RP11-98D18.9:cad,rs1521185,0.0035,0,0
known:ZNF268:cad,rs62644541,known:SPDYE2:t2d,rs7781557,0.0007,0,0
known:ZNF268:cad,rs62644541,known:U6:cad,rs61776719,0.0,0,0
known:ZNF268:cad,rs62644541,known:RP11-332O19.3:cad,rs11191472,nan,0,0
known:ZNF268:cad,rs62644541,known:ARHGAP19:t2d,rs8181326,0.0032,0,0
known:ZNF268:cad,rs62644541,known:BBIP1:t2d,rs10787287,0.0003,0,0
known:ZNF268:cad,rs62644541,known:FASTKD5:cad,rs860735,0.0002,0,0
known:ZNF268:cad,rs62644541,known:RP5-1068B5.3:t2d,rs927204,0.0085,0,0
known:ZNF268:cad,rs62644541,known:MAST4-AS1:t2d,rs173651,0.0039,0,0
known:ZNF268:cad,rs62644541,known:LRRC37A15P:t2d,rs223490,0.0012,0,0
known:ZNF268:cad,rs62644541,known:PHBP9:t2d,rs11591741,0.0,0,0
known:ZNF268:cad,rs62644541,known:RP11-176F3.7:t2d,rs1758632,0.0032,0,0
known:ZNF268:cad,rs62644541,known:RP4-756G23.5:t2d,rs85220,0.0117,0,0
known:ZNF268:cad,rs62644541,known:RP1-159A19.4:cad,rs17361686,0.028,0,0
known:ZNF268:cad,rs62644541,known:SERBP1P3:t2d,rs4687701,0.0003,0,0
known:ZNF268:cad,rs62644541,known:RP11-464F9.1:t2d,rs7908825,0.0,0,0
known:ZNF268:cad,rs62644541,known:CTD-2037K23.2:cad,rs16875368,0.0,0,0
known:ZNF268:cad,rs62644541,known:AP000487.5:cad,rs34053053,0.0006,0,0
known:ZNF268:cad,rs62644541,known:CTD-2044J15.1:cad,rs4389656,0.0068,0,0
known:ZNF268:cad,rs62644541,known:KRT8P46:t2d,rs223490,0.0012,0,0
known:ZNF268:cad,rs62644541,known:RP11-10L12.2:t2d,rs223490,0.0012,0,0
known:ZNF268:cad,rs62644541,known:RP11-464F9.9:t2d,rs11000760,0.0001,0,0
known:ZNF268:cad,rs62644541,known:RP11-347C18.3:t2d,rs726816,0.0004,0,0
known:ZNF268:cad,rs62644541,known:ALG1L13P:t2d,rs7837587,0.0139,0,0
known:ZNF268:cad,rs62644541,known:HMBS:cad,rs4614,0.0295,0,0
known:ZNF268:cad,rs62644541,known:RP11-856B14.1:t2d,rs1194104,0.0151,0,0
known:ZNF268:cad,rs62644541,known:RP11-384M15.3:cad,rs1050362,0.0001,0,0
known:ZNF268:cad,rs62644541,known:RP11-51F16.5:t2d,rs7223412,0.0,0,0
known:ZNF268:cad,rs62644541,known:MIR4513:cad,rs12442901,0.0047,0,0
known:ZNF268:cad,rs62644541,known:Metazoa_SRP:cad,rs11204675,0.0003,0,0
known:ZNF268:cad,rs62644541,known:Metazoa_SRP:cad,rs10888385,0.0003,0,0
known:ZNF268:cad,rs62644541,known:STRADA:t2d,rs11079508,0.0,0,0
known:ZNF268:cad,rs62644541,known:RP11-552F3.10:cad,rs3760128,0.0003,0,0
known:ZNF268:cad,rs62644541,known:AC002116.7:t2d,rs10418015,0.0296,0,0
known:ZNF268:cad,rs62644541,known:DKFZP434I0714:t2d,rs9991574,0.0002,0,0
known:ZNF268:cad,rs62644541,known:hsa-mir-296:fbg,rs6026565,nan,0,0
known:ZNF268:cad,rs62644541,new:PLAUR:cad,rs4760,0.0865,0,0
known:ZNF268:cad,rs62644541,new:SLC12A3:cad,rs56228609,0.0262,0,0
known:ZNF268:cad,rs62644541,new:C2orf49:t2d,rs4851758,nan,0,0
known:ZNF268:cad,rs62644541,new:CWF19L1:t2d,rs17668357,0.0,0,0
known:ZNF268:cad,rs62644541,new:U6atac:t2d,rs12780155,0.0049,0,0
known:ZNF268:cad,rs62644541,new:CD101:t2d,rs12130298,nan,0,0
known:ZNF268:cad,rs62644541,new:TAGLN2:cad,rs2789422,0.0003,0,0
known:ZNF268:cad,rs62644541,new:CCDC19:cad,rs2789422,0.0003,0,0
known:ZNF268:cad,rs62644541,new:RBM6:t2d,rs2245365,0.0044,0,0
known:ZNF268:cad,rs62644541,new:CNNM2:cad,rs11191447,nan,0,0
known:ZNF268:cad,rs62644541,new:VSIG8:cad,rs2789422,0.0003,0,0
known:ZNF268:cad,rs62644541,new:LAMC1:cad,rs11588675,0.0275,0,0
known:ZNF268:cad,rs62644541,new:TPD52:fbg,rs2162229,0.0067,0,0
known:ZNF268:cad,rs62644541,new:SENP6:cad,rs62414240,0.0273,0,0
known:ZNF268:cad,rs62644541,new:RIC8A:cad,rs6598075,0.0009,0,0
known:ZNF268:cad,rs62644541,new:HMGN3:cad,rs17787027,nan,0,0
known:ZNF268:cad,rs62644541,new:MT3:fbg,rs1580833,0.0158,0,0
known:ZNF268:cad,rs62644541,new:RPL13:t2d,rs113847672,0.0155,0,0
known:ZNF268:cad,rs62644541,new:ZBTB46:cad,rs6062322,0.0244,0,0
known:THOC5:cad,rs11704049,known:SNX16:cad,rs12676438,0.0016,0,0
known:THOC5:cad,rs11704049,known:CADM4:cad,rs4760,0.0222,0,0
known:THOC5:cad,rs11704049,known:BMPR1A:cad,rs58477734,0.0046,0,0
known:THOC5:cad,rs11704049,known:LIPA:cad,rs1412444,0.0045,0,0
known:THOC5:cad,rs11704049,known:TSPAN14:cad,rs12260962,0.0143,0,0
known:THOC5:cad,rs11704049,known:GIT1:t2d,rs894606,0.0002,0,0
known:THOC5:cad,rs11704049,known:RASD1:cad,rs12449964,0.0021,0,0
known:THOC5:cad,rs11704049,known:FBXW7:t2d,rs9991574,0.0206,0,0
known:THOC5:cad,rs11704049,known:MTCH2:cad,rs143001834,nan,0,0
known:THOC5:cad,rs11704049,known:CHD4:t2d,rs7969177,nan,0,0
known:THOC5:cad,rs11704049,known:FAM184A:t2d,rs794249,0.0112,0,0
known:THOC5:cad,rs11704049,known:MED23:t2d,rs2246012,0.0106,0,0
known:THOC5:cad,rs11704049,known:MYB:cad,rs9376092,0.0361,0,0
known:THOC5:cad,rs11704049,known:ARG1:t2d,rs2246012,0.0106,0,0
known:THOC5:cad,rs11704049,known:ZNF430:cad,rs35717293,0.0058,0,0
known:THOC5:cad,rs11704049,known:MLH3:cad,rs175065,0.014,0,0
known:THOC5:cad,rs11704049,known:EIF2B2:cad,rs175057,0.0122,0,0
known:THOC5:cad,rs11704049,known:HERPUD2:t2d,rs2392376,0.0001,0,0
known:THOC5:cad,rs11704049,known:FCHO1:cad,rs10402507,0.0,0,0
known:THOC5:cad,rs11704049,known:ZNF236:t2d,rs62113105,0.0049,0,0
known:THOC5:cad,rs11704049,known:LPIN3:cad,rs6129773,0.001,0,0
known:THOC5:cad,rs11704049,known:SLC43A3:t2d,rs6591424,nan,0,0
known:THOC5:cad,rs11704049,known:ISCA1:fbg,rs2147063,0.0005,0,0
known:THOC5:cad,rs11704049,known:SAP130:cad,rs114192718,nan,0,0
known:THOC5:cad,rs11704049,known:LOXL4:cad,rs11189523,0.0014,0,0
known:THOC5:cad,rs11704049,known:KIF11:t2d,rs1111875,0.0062,0,0
known:THOC5:cad,rs11704049,known:C18orf8:t2d,rs1788799,0.0,0,0
known:THOC5:cad,rs11704049,known:SH3BGRL3:t2d,rs7551751,0.0128,0,0
known:THOC5:cad,rs11704049,known:LRIG1:t2d,rs17775391,0.0001,0,0
known:THOC5:cad,rs11704049,known:DGKQ:cad,rs1377586,0.0008,0,0
known:THOC5:cad,rs11704049,known:SPATA5:t2d,rs11098676,0.0002,0,0
known:THOC5:cad,rs11704049,known:PDGFC:t2d,rs1425486,0.0272,0,0
known:THOC5:cad,rs11704049,known:GIGYF1:t2d,rs506597,0.0001,0,0
known:THOC5:cad,rs11704049,known:NRBF2:t2d,rs34119992,0.0024,0,0
known:THOC5:cad,rs11704049,known:HSD17B12:t2d,rs1061810,0.0004,0,0
known:THOC5:cad,rs11704049,known:WDR17:cad,rs72706320,nan,0,0
known:THOC5:cad,rs11704049,known:CDC123:cad,rs36062557,0.0002,0,0
known:THOC5:cad,rs11704049,known:NTAN1:t2d,rs2280018,0.0011,0,0
known:THOC5:cad,rs11704049,known:MED27:t2d,rs7043386,0.0001,0,0
known:THOC5:cad,rs11704049,known:THAP8:t2d,rs12981654,0.0062,0,0
known:THOC5:cad,rs11704049,known:PGAP3:cad,rs2952152,0.0001,0,0
known:THOC5:cad,rs11704049,known:DCAF16:t2d,rs7667864,0.002,0,0
known:THOC5:cad,rs11704049,known:EIF5A2:t2d,rs8192675,0.0002,0,0
known:THOC5:cad,rs11704049,known:RFT1:t2d,rs2336725,0.0061,0,0
known:THOC5:cad,rs11704049,known:DAGLB:cad,rs13235365,0.0003,0,0
known:THOC5:cad,rs11704049,known:NUDT5:t2d,rs11257655,0.0197,0,0
known:THOC5:cad,rs11704049,known:ARL13B:t2d,rs62266124,0.0121,0,0
known:THOC5:cad,rs11704049,known:SIK2:cad,rs567859,0.0044,0,0
known:THOC5:cad,rs11704049,known:NRIP1:cad,rs2823165,0.0059,0,0
known:THOC5:cad,rs11704049,known:TMEM136:cad,rs4938809,0.0042,0,0
known:THOC5:cad,rs11704049,known:CAMK1D:t2d,rs11257655,0.0197,0,0
known:THOC5:cad,rs11704049,known:ZBTB6:t2d,rs2239540,0.0062,0,0
known:THOC5:cad,rs11704049,known:KCNJ11:t2d,rs757110,0.0042,0,0
known:THOC5:cad,rs11704049,known:LDLRAD2:cad,rs114661372,nan,0,0
known:THOC5:cad,rs11704049,known:BLOC1S2:t2d,rs17882802,0.0034,0,0
known:THOC5:cad,rs11704049,known:ZNF34:t2d,rs4637890,0.0129,0,0
known:THOC5:cad,rs11704049,known:C6orf106:cad,rs3800461,nan,0,0
known:THOC5:cad,rs11704049,known:PARVA:t2d,rs4757405,0.0013,0,0
known:THOC5:cad,rs11704049,known:HOXC4:cad,rs1133773,0.0081,0,0
known:THOC5:cad,rs11704049,known:YTHDF2:t2d,rs3753693,0.0001,0,0
known:THOC5:cad,rs11704049,known:RP11-98D18.9:cad,rs1521185,0.001,0,0
known:THOC5:cad,rs11704049,known:SPDYE2:t2d,rs7781557,0.0,0,0
known:THOC5:cad,rs11704049,known:U6:cad,rs61776719,0.0222,0,0
known:THOC5:cad,rs11704049,known:RP11-332O19.3:cad,rs11191472,nan,0,0
known:THOC5:cad,rs11704049,known:ARHGAP19:t2d,rs8181326,0.0078,0,0
known:THOC5:cad,rs11704049,known:BBIP1:t2d,rs10787287,0.0002,0,0
known:THOC5:cad,rs11704049,known:FASTKD5:cad,rs860735,0.0005,0,0
known:THOC5:cad,rs11704049,known:RP5-1068B5.3:t2d,rs927204,nan,0,0
known:THOC5:cad,rs11704049,known:MAST4-AS1:t2d,rs173651,0.0129,0,0
known:THOC5:cad,rs11704049,known:LRRC37A15P:t2d,rs223490,0.0003,0,0
known:THOC5:cad,rs11704049,known:PHBP9:t2d,rs11591741,0.0027,0,0
known:THOC5:cad,rs11704049,known:RP11-176F3.7:t2d,rs1758632,0.0,0,0
known:THOC5:cad,rs11704049,known:RP4-756G23.5:t2d,rs85220,0.0298,0,0
known:THOC5:cad,rs11704049,known:RP1-159A19.4:cad,rs17361686,0.0042,0,0
known:THOC5:cad,rs11704049,known:SERBP1P3:t2d,rs4687701,0.0061,0,0
known:THOC5:cad,rs11704049,known:RP11-464F9.1:t2d,rs7908825,0.0118,0,0
known:THOC5:cad,rs11704049,known:CTD-2037K23.2:cad,rs16875368,0.0066,0,0
known:THOC5:cad,rs11704049,known:AP000487.5:cad,rs34053053,0.0031,0,0
known:THOC5:cad,rs11704049,known:CTD-2044J15.1:cad,rs4389656,0.0044,0,0
known:THOC5:cad,rs11704049,known:KRT8P46:t2d,rs223490,0.0003,0,0
known:THOC5:cad,rs11704049,known:RP11-10L12.2:t2d,rs223490,0.0003,0,0
known:THOC5:cad,rs11704049,known:RP11-464F9.9:t2d,rs11000760,0.0118,0,0
known:THOC5:cad,rs11704049,known:RP11-347C18.3:t2d,rs726816,0.001,0,0
known:THOC5:cad,rs11704049,known:ALG1L13P:t2d,rs7837587,0.0088,0,0
known:THOC5:cad,rs11704049,known:HMBS:cad,rs4614,0.0,0,0
known:THOC5:cad,rs11704049,known:RP11-856B14.1:t2d,rs1194104,0.0001,0,0
known:THOC5:cad,rs11704049,known:RP11-384M15.3:cad,rs1050362,0.0017,0,0
known:THOC5:cad,rs11704049,known:RP11-51F16.5:t2d,rs7223412,0.0107,0,0
known:THOC5:cad,rs11704049,known:MIR4513:cad,rs12442901,0.0069,0,0
known:THOC5:cad,rs11704049,known:Metazoa_SRP:cad,rs11204675,0.0279,0,0
known:THOC5:cad,rs11704049,known:Metazoa_SRP:cad,rs10888385,0.0279,0,0
known:THOC5:cad,rs11704049,known:STRADA:t2d,rs11079508,0.0107,0,0
known:THOC5:cad,rs11704049,known:RP11-552F3.10:cad,rs3760128,0.0046,0,0
known:THOC5:cad,rs11704049,known:AC002116.7:t2d,rs10418015,0.0015,0,0
known:THOC5:cad,rs11704049,known:DKFZP434I0714:t2d,rs9991574,0.0206,0,0
known:THOC5:cad,rs11704049,known:hsa-mir-296:fbg,rs6026565,nan,0,0
known:THOC5:cad,rs11704049,new:PLAUR:cad,rs4760,0.0222,0,0
known:THOC5:cad,rs11704049,new:SLC12A3:cad,rs56228609,0.0228,0,0
known:THOC5:cad,rs11704049,new:C2orf49:t2d,rs4851758,nan,0,0
known:THOC5:cad,rs11704049,new:CWF19L1:t2d,rs17668357,0.0034,0,0
known:THOC5:cad,rs11704049,new:U6atac:t2d,rs12780155,0.0167,0,0
known:THOC5:cad,rs11704049,new:CD101:t2d,rs12130298,nan,0,0
known:THOC5:cad,rs11704049,new:TAGLN2:cad,rs2789422,0.0,0,0
known:THOC5:cad,rs11704049,new:CCDC19:cad,rs2789422,0.0,0,0
known:THOC5:cad,rs11704049,new:RBM6:t2d,rs2245365,0.0061,0,0
known:THOC5:cad,rs11704049,new:CNNM2:cad,rs11191447,nan,0,0
known:THOC5:cad,rs11704049,new:VSIG8:cad,rs2789422,0.0,0,0
known:THOC5:cad,rs11704049,new:LAMC1:cad,rs11588675,0.0,0,0
known:THOC5:cad,rs11704049,new:TPD52:fbg,rs2162229,0.0183,0,0
known:THOC5:cad,rs11704049,new:SENP6:cad,rs62414240,0.0301,0,0
known:THOC5:cad,rs11704049,new:RIC8A:cad,rs6598075,0.0019,0,0
known:THOC5:cad,rs11704049,new:HMGN3:cad,rs17787027,nan,0,0
known:THOC5:cad,rs11704049,new:MT3:fbg,rs1580833,0.0028,0,0
known:THOC5:cad,rs11704049,new:RPL13:t2d,rs113847672,0.0701,0,0
known:THOC5:cad,rs11704049,new:ZBTB46:cad,rs6062322,0.0228,0,0
known:SNX16:cad,rs12676438,known:CADM4:cad,rs4760,0.0237,0,0
known:SNX16:cad,rs12676438,known:BMPR1A:cad,rs58477734,0.0001,0,0
known:SNX16:cad,rs12676438,known:LIPA:cad,rs1412444,0.0003,0,0
known:SNX16:cad,rs12676438,known:TSPAN14:cad,rs12260962,0.0075,0,0
known:SNX16:cad,rs12676438,known:GIT1:t2d,rs894606,0.0,0,0
known:SNX16:cad,rs12676438,known:RASD1:cad,rs12449964,0.0002,0,0
known:SNX16:cad,rs12676438,known:FBXW7:t2d,rs9991574,0.0,0,0
known:SNX16:cad,rs12676438,known:MTCH2:cad,rs143001834,nan,0,0
known:SNX16:cad,rs12676438,known:CHD4:t2d,rs7969177,0.016,0,0
known:SNX16:cad,rs12676438,known:FAM184A:t2d,rs794249,0.0013,0,0
known:SNX16:cad,rs12676438,known:MED23:t2d,rs2246012,0.028,0,0
known:SNX16:cad,rs12676438,known:MYB:cad,rs9376092,0.0012,0,0
known:SNX16:cad,rs12676438,known:ARG1:t2d,rs2246012,0.028,0,0
known:SNX16:cad,rs12676438,known:ZNF430:cad,rs35717293,0.0035,0,0
known:SNX16:cad,rs12676438,known:MLH3:cad,rs175065,0.0024,0,0
known:SNX16:cad,rs12676438,known:EIF2B2:cad,rs175057,0.0018,0,0
known:SNX16:cad,rs12676438,known:HERPUD2:t2d,rs2392376,0.0,0,0
known:SNX16:cad,rs12676438,known:FCHO1:cad,rs10402507,0.0059,0,0
known:SNX16:cad,rs12676438,known:ZNF236:t2d,rs62113105,0.0001,0,0
known:SNX16:cad,rs12676438,known:LPIN3:cad,rs6129773,0.0244,0,0
known:SNX16:cad,rs12676438,known:SLC43A3:t2d,rs6591424,nan,0,0
known:SNX16:cad,rs12676438,known:ISCA1:fbg,rs2147063,0.0,0,0
known:SNX16:cad,rs12676438,known:SAP130:cad,rs114192718,nan,0,0
known:SNX16:cad,rs12676438,known:LOXL4:cad,rs11189523,0.0004,0,0
known:SNX16:cad,rs12676438,known:KIF11:t2d,rs1111875,0.0011,0,0
known:SNX16:cad,rs12676438,known:C18orf8:t2d,rs1788799,0.0004,0,0
known:SNX16:cad,rs12676438,known:SH3BGRL3:t2d,rs7551751,0.0029,0,0
known:SNX16:cad,rs12676438,known:LRIG1:t2d,rs17775391,0.0009,0,0
known:SNX16:cad,rs12676438,known:DGKQ:cad,rs1377586,0.0003,0,0
known:SNX16:cad,rs12676438,known:SPATA5:t2d,rs11098676,0.0024,0,0
known:SNX16:cad,rs12676438,known:PDGFC:t2d,rs1425486,0.0081,0,0
known:SNX16:cad,rs12676438,known:GIGYF1:t2d,rs506597,0.0008,0,0
known:SNX16:cad,rs12676438,known:NRBF2:t2d,rs34119992,0.0012,0,0
known:SNX16:cad,rs12676438,known:HSD17B12:t2d,rs1061810,0.0,0,0
known:SNX16:cad,rs12676438,known:WDR17:cad,rs72706320,0.0014,0,0
known:SNX16:cad,rs12676438,known:CDC123:cad,rs36062557,0.0057,0,0
known:SNX16:cad,rs12676438,known:NTAN1:t2d,rs2280018,0.0001,0,0
known:SNX16:cad,rs12676438,known:MED27:t2d,rs7043386,0.0016,0,0
known:SNX16:cad,rs12676438,known:THAP8:t2d,rs12981654,0.0185,0,0
known:SNX16:cad,rs12676438,known:PGAP3:cad,rs2952152,0.0041,0,0
known:SNX16:cad,rs12676438,known:DCAF16:t2d,rs7667864,0.0027,0,0
known:SNX16:cad,rs12676438,known:EIF5A2:t2d,rs8192675,0.0106,0,0
known:SNX16:cad,rs12676438,known:RFT1:t2d,rs2336725,0.0004,0,0
known:SNX16:cad,rs12676438,known:DAGLB:cad,rs13235365,0.0035,0,0
known:SNX16:cad,rs12676438,known:NUDT5:t2d,rs11257655,0.0101,0,0
known:SNX16:cad,rs12676438,known:ARL13B:t2d,rs62266124,0.0067,0,0
known:SNX16:cad,rs12676438,known:SIK2:cad,rs567859,0.0133,0,0
known:SNX16:cad,rs12676438,known:NRIP1:cad,rs2823165,0.0077,0,0
known:SNX16:cad,rs12676438,known:TMEM136:cad,rs4938809,0.0067,0,0
known:SNX16:cad,rs12676438,known:CAMK1D:t2d,rs11257655,0.0101,0,0
known:SNX16:cad,rs12676438,known:ZBTB6:t2d,rs2239540,0.0001,0,0
known:SNX16:cad,rs12676438,known:KCNJ11:t2d,rs757110,0.0036,0,0
known:SNX16:cad,rs12676438,known:LDLRAD2:cad,rs114661372,0.0017,0,0
known:SNX16:cad,rs12676438,known:BLOC1S2:t2d,rs17882802,0.0033,0,0
known:SNX16:cad,rs12676438,known:ZNF34:t2d,rs4637890,0.0032,0,0
known:SNX16:cad,rs12676438,known:C6orf106:cad,rs3800461,0.0028,0,0
known:SNX16:cad,rs12676438,known:PARVA:t2d,rs4757405,0.0,0,0
known:SNX16:cad,rs12676438,known:HOXC4:cad,rs1133773,0.008,0,0
known:SNX16:cad,rs12676438,known:YTHDF2:t2d,rs3753693,0.0022,0,0
known:SNX16:cad,rs12676438,known:RP11-98D18.9:cad,rs1521185,0.0018,0,0
known:SNX16:cad,rs12676438,known:SPDYE2:t2d,rs7781557,0.0094,0,0
known:SNX16:cad,rs12676438,known:U6:cad,rs61776719,0.0008,0,0
known:SNX16:cad,rs12676438,known:RP11-332O19.3:cad,rs11191472,0.0011,0,0
known:SNX16:cad,rs12676438,known:ARHGAP19:t2d,rs8181326,0.0002,0,0
known:SNX16:cad,rs12676438,known:BBIP1:t2d,rs10787287,0.0001,0,0
known:SNX16:cad,rs12676438,known:FASTKD5:cad,rs860735,0.0018,0,0
known:SNX16:cad,rs12676438,known:RP5-1068B5.3:t2d,rs927204,0.0001,0,0
known:SNX16:cad,rs12676438,known:MAST4-AS1:t2d,rs173651,0.0007,0,0
known:SNX16:cad,rs12676438,known:LRRC37A15P:t2d,rs223490,0.0042,0,0
known:SNX16:cad,rs12676438,known:PHBP9:t2d,rs11591741,0.0023,0,0
known:SNX16:cad,rs12676438,known:RP11-176F3.7:t2d,rs1758632,0.003,0,0
known:SNX16:cad,rs12676438,known:RP4-756G23.5:t2d,rs85220,0.0,0,0
known:SNX16:cad,rs12676438,known:RP1-159A19.4:cad,rs17361686,0.0062,0,0
known:SNX16:cad,rs12676438,known:SERBP1P3:t2d,rs4687701,0.0004,0,0
known:SNX16:cad,rs12676438,known:RP11-464F9.1:t2d,rs7908825,0.0042,0,0
known:SNX16:cad,rs12676438,known:CTD-2037K23.2:cad,rs16875368,0.002,0,0
known:SNX16:cad,rs12676438,known:AP000487.5:cad,rs34053053,0.0084,0,0
known:SNX16:cad,rs12676438,known:CTD-2044J15.1:cad,rs4389656,0.0034,0,0
known:SNX16:cad,rs12676438,known:KRT8P46:t2d,rs223490,0.0042,0,0
known:SNX16:cad,rs12676438,known:RP11-10L12.2:t2d,rs223490,0.0042,0,0
known:SNX16:cad,rs12676438,known:RP11-464F9.9:t2d,rs11000760,0.0052,0,0
known:SNX16:cad,rs12676438,known:RP11-347C18.3:t2d,rs726816,0.0017,0,0
known:SNX16:cad,rs12676438,known:ALG1L13P:t2d,rs7837587,0.0001,0,0
known:SNX16:cad,rs12676438,known:HMBS:cad,rs4614,0.0034,0,0
known:SNX16:cad,rs12676438,known:RP11-856B14.1:t2d,rs1194104,0.0259,0,0
known:SNX16:cad,rs12676438,known:RP11-384M15.3:cad,rs1050362,0.0025,0,0
known:SNX16:cad,rs12676438,known:RP11-51F16.5:t2d,rs7223412,0.0117,0,0
known:SNX16:cad,rs12676438,known:MIR4513:cad,rs12442901,0.0019,0,0
known:SNX16:cad,rs12676438,known:Metazoa_SRP:cad,rs11204675,0.0007,0,0
known:SNX16:cad,rs12676438,known:Metazoa_SRP:cad,rs10888385,0.0007,0,0
known:SNX16:cad,rs12676438,known:STRADA:t2d,rs11079508,0.0117,0,0
known:SNX16:cad,rs12676438,known:RP11-552F3.10:cad,rs3760128,0.0067,0,0
known:SNX16:cad,rs12676438,known:AC002116.7:t2d,rs10418015,0.0002,0,0
known:SNX16:cad,rs12676438,known:DKFZP434I0714:t2d,rs9991574,0.0,0,0
known:SNX16:cad,rs12676438,known:hsa-mir-296:fbg,rs6026565,0.012,0,0
known:SNX16:cad,rs12676438,new:PLAUR:cad,rs4760,0.0237,0,0
known:SNX16:cad,rs12676438,new:SLC12A3:cad,rs56228609,0.0032,0,0
known:SNX16:cad,rs12676438,new:C2orf49:t2d,rs4851758,0.0,0,0
known:SNX16:cad,rs12676438,new:CWF19L1:t2d,rs17668357,0.0033,0,0
known:SNX16:cad,rs12676438,new:U6atac:t2d,rs12780155,0.0055,0,0
known:SNX16:cad,rs12676438,new:CD101:t2d,rs12130298,0.0376,0,0
known:SNX16:cad,rs12676438,new:TAGLN2:cad,rs2789422,0.0016,0,0
known:SNX16:cad,rs12676438,new:CCDC19:cad,rs2789422,0.0016,0,0
known:SNX16:cad,rs12676438,new:RBM6:t2d,rs2245365,0.0035,0,0
known:SNX16:cad,rs12676438,new:CNNM2:cad,rs11191447,0.0011,0,0
known:SNX16:cad,rs12676438,new:VSIG8:cad,rs2789422,0.0016,0,0
known:SNX16:cad,rs12676438,new:LAMC1:cad,rs11588675,0.0012,0,0
known:SNX16:cad,rs12676438,new:TPD52:fbg,rs2162229,0.0047,0,0
known:SNX16:cad,rs12676438,new:SENP6:cad,rs62414240,0.0011,0,0
known:SNX16:cad,rs12676438,new:RIC8A:cad,rs6598075,0.0047,0,0
known:SNX16:cad,rs12676438,new:HMGN3:cad,rs17787027,0.0417,0,0
known:SNX16:cad,rs12676438,new:MT3:fbg,rs1580833,0.0,0,0
known:SNX16:cad,rs12676438,new:RPL13:t2d,rs113847672,0.0001,0,0
known:SNX16:cad,rs12676438,new:ZBTB46:cad,rs6062322,0.0001,0,0
known:CADM4:cad,rs4760,known:BMPR1A:cad,rs58477734,0.0009,0,0
known:CADM4:cad,rs4760,known:LIPA:cad,rs1412444,0.0018,0,0
known:CADM4:cad,rs4760,known:TSPAN14:cad,rs12260962,0.003,0,0
known:CADM4:cad,rs4760,known:GIT1:t2d,rs894606,0.0649,0,0
known:CADM4:cad,rs4760,known:RASD1:cad,rs12449964,0.0005,0,0
known:CADM4:cad,rs4760,known:FBXW7:t2d,rs9991574,0.0037,0,0
known:CADM4:cad,rs4760,known:MTCH2:cad,rs143001834,nan,0,0
known:CADM4:cad,rs4760,known:CHD4:t2d,rs7969177,nan,0,0
known:CADM4:cad,rs4760,known:FAM184A:t2d,rs794249,0.0043,0,0
known:CADM4:cad,rs4760,known:MED23:t2d,rs2246012,nan,0,0
known:CADM4:cad,rs4760,known:MYB:cad,rs9376092,0.0068,0,0
known:CADM4:cad,rs4760,known:ARG1:t2d,rs2246012,nan,0,0
known:CADM4:cad,rs4760,known:ZNF430:cad,rs35717293,0.0003,0,0
known:CADM4:cad,rs4760,known:MLH3:cad,rs175065,0.038,0,0
known:CADM4:cad,rs4760,known:EIF2B2:cad,rs175057,0.0427,0,0
known:CADM4:cad,rs4760,known:HERPUD2:t2d,rs2392376,0.002,0,0
known:CADM4:cad,rs4760,known:FCHO1:cad,rs10402507,0.0231,0,0
known:CADM4:cad,rs4760,known:ZNF236:t2d,rs62113105,0.018,0,0
known:CADM4:cad,rs4760,known:LPIN3:cad,rs6129773,0.0158,0,0
known:CADM4:cad,rs4760,known:SLC43A3:t2d,rs6591424,nan,0,0
known:CADM4:cad,rs4760,known:ISCA1:fbg,rs2147063,0.0007,0,0
known:CADM4:cad,rs4760,known:SAP130:cad,rs114192718,nan,0,0
known:CADM4:cad,rs4760,known:LOXL4:cad,rs11189523,0.0394,0,0
known:CADM4:cad,rs4760,known:KIF11:t2d,rs1111875,0.0008,0,0
known:CADM4:cad,rs4760,known:C18orf8:t2d,rs1788799,0.0039,0,0
known:CADM4:cad,rs4760,known:SH3BGRL3:t2d,rs7551751,0.0057,0,0
known:CADM4:cad,rs4760,known:LRIG1:t2d,rs17775391,0.0048,0,0
known:CADM4:cad,rs4760,known:DGKQ:cad,rs1377586,0.0116,0,0
known:CADM4:cad,rs4760,known:SPATA5:t2d,rs11098676,0.0,0,0
known:CADM4:cad,rs4760,known:PDGFC:t2d,rs1425486,0.0143,0,0
known:CADM4:cad,rs4760,known:GIGYF1:t2d,rs506597,0.0056,0,0
known:CADM4:cad,rs4760,known:NRBF2:t2d,rs34119992,0.0095,0,0
known:CADM4:cad,rs4760,known:HSD17B12:t2d,rs1061810,0.0012,0,0
known:CADM4:cad,rs4760,known:WDR17:cad,rs72706320,nan,0,0
known:CADM4:cad,rs4760,known:CDC123:cad,rs36062557,0.0001,0,0
known:CADM4:cad,rs4760,known:NTAN1:t2d,rs2280018,0.0003,0,0
known:CADM4:cad,rs4760,known:MED27:t2d,rs7043386,0.0028,0,0
known:CADM4:cad,rs4760,known:THAP8:t2d,rs12981654,0.0001,0,0
known:CADM4:cad,rs4760,known:PGAP3:cad,rs2952152,0.0048,0,0
known:CADM4:cad,rs4760,known:DCAF16:t2d,rs7667864,0.0038,0,0
known:CADM4:cad,rs4760,known:EIF5A2:t2d,rs8192675,0.0135,0,0
known:CADM4:cad,rs4760,known:RFT1:t2d,rs2336725,0.0,0,0
known:CADM4:cad,rs4760,known:DAGLB:cad,rs13235365,0.033,0,0
known:CADM4:cad,rs4760,known:NUDT5:t2d,rs11257655,0.0,0,0
known:CADM4:cad,rs4760,known:ARL13B:t2d,rs62266124,0.0019,0,0
known:CADM4:cad,rs4760,known:SIK2:cad,rs567859,0.0118,0,0
known:CADM4:cad,rs4760,known:NRIP1:cad,rs2823165,0.0005,0,0
known:CADM4:cad,rs4760,known:TMEM136:cad,rs4938809,0.0134,0,0
known:CADM4:cad,rs4760,known:CAMK1D:t2d,rs11257655,0.0,0,0
known:CADM4:cad,rs4760,known:ZBTB6:t2d,rs2239540,nan,0,0
known:CADM4:cad,rs4760,known:KCNJ11:t2d,rs757110,0.0016,0,0
known:CADM4:cad,rs4760,known:LDLRAD2:cad,rs114661372,nan,0,0
known:CADM4:cad,rs4760,known:BLOC1S2:t2d,rs17882802,0.0048,0,0
known:CADM4:cad,rs4760,known:ZNF34:t2d,rs4637890,0.0413,0,0
known:CADM4:cad,rs4760,known:C6orf106:cad,rs3800461,nan,0,0
known:CADM4:cad,rs4760,known:PARVA:t2d,rs4757405,0.0007,0,0
known:CADM4:cad,rs4760,known:HOXC4:cad,rs1133773,0.0083,0,0
known:CADM4:cad,rs4760,known:YTHDF2:t2d,rs3753693,0.0045,0,0
known:CADM4:cad,rs4760,known:RP11-98D18.9:cad,rs1521185,0.0154,0,0
known:CADM4:cad,rs4760,known:SPDYE2:t2d,rs7781557,nan,0,0
known:CADM4:cad,rs4760,known:U6:cad,rs61776719,0.0099,0,0
known:CADM4:cad,rs4760,known:RP11-332O19.3:cad,rs11191472,nan,0,0
known:CADM4:cad,rs4760,known:ARHGAP19:t2d,rs8181326,0.0287,0,0
known:CADM4:cad,rs4760,known:BBIP1:t2d,rs10787287,0.0007,0,0
known:CADM4:cad,rs4760,known:FASTKD5:cad,rs860735,0.0012,0,0
known:CADM4:cad,rs4760,known:RP5-1068B5.3:t2d,rs927204,nan,0,0
known:CADM4:cad,rs4760,known:MAST4-AS1:t2d,rs173651,0.015,0,0
known:CADM4:cad,rs4760,known:LRRC37A15P:t2d,rs223490,0.0015,0,0
known:CADM4:cad,rs4760,known:PHBP9:t2d,rs11591741,0.0048,0,0
known:CADM4:cad,rs4760,known:RP11-176F3.7:t2d,rs1758632,0.0006,0,0
known:CADM4:cad,rs4760,known:RP4-756G23.5:t2d,rs85220,0.0007,0,0
known:CADM4:cad,rs4760,known:RP1-159A19.4:cad,rs17361686,nan,0,0
known:CADM4:cad,rs4760,known:SERBP1P3:t2d,rs4687701,0.0,0,0
known:CADM4:cad,rs4760,known:RP11-464F9.1:t2d,rs7908825,0.0013,0,0
known:CADM4:cad,rs4760,known:CTD-2037K23.2:cad,rs16875368,0.0198,0,0
known:CADM4:cad,rs4760,known:AP000487.5:cad,rs34053053,nan,0,0
known:CADM4:cad,rs4760,known:CTD-2044J15.1:cad,rs4389656,0.0001,0,0
known:CADM4:cad,rs4760,known:KRT8P46:t2d,rs223490,0.0015,0,0
known:CADM4:cad,rs4760,known:RP11-10L12.2:t2d,rs223490,0.0015,0,0
known:CADM4:cad,rs4760,known:RP11-464F9.9:t2d,rs11000760,0.0016,0,0
known:CADM4:cad,rs4760,known:RP11-347C18.3:t2d,rs726816,0.0627,0,0
known:CADM4:cad,rs4760,known:ALG1L13P:t2d,rs7837587,0.0015,0,0
known:CADM4:cad,rs4760,known:HMBS:cad,rs4614,0.0003,0,0
known:CADM4:cad,rs4760,known:RP11-856B14.1:t2d,rs1194104,0.001,0,0
known:CADM4:cad,rs4760,known:RP11-384M15.3:cad,rs1050362,0.0053,0,0
known:CADM4:cad,rs4760,known:RP11-51F16.5:t2d,rs7223412,0.0251,0,0
known:CADM4:cad,rs4760,known:MIR4513:cad,rs12442901,0.0018,0,0
known:CADM4:cad,rs4760,known:Metazoa_SRP:cad,rs11204675,0.0,0,0
known:CADM4:cad,rs4760,known:Metazoa_SRP:cad,rs10888385,0.0,0,0
known:CADM4:cad,rs4760,known:STRADA:t2d,rs11079508,0.0251,0,0
known:CADM4:cad,rs4760,known:RP11-552F3.10:cad,rs3760128,0.0263,0,0
known:CADM4:cad,rs4760,known:AC002116.7:t2d,rs10418015,0.0003,0,0
known:CADM4:cad,rs4760,known:DKFZP434I0714:t2d,rs9991574,0.0037,0,0
known:CADM4:cad,rs4760,known:hsa-mir-296:fbg,rs6026565,nan,0,0
known:CADM4:cad,rs4760,new:PLAUR:cad,rs4760,1.0,1,1
known:CADM4:cad,rs4760,new:SLC12A3:cad,rs56228609,0.0014,0,0
known:CADM4:cad,rs4760,new:C2orf49:t2d,rs4851758,nan,0,0
known:CADM4:cad,rs4760,new:CWF19L1:t2d,rs17668357,0.0048,0,0
known:CADM4:cad,rs4760,new:U6atac:t2d,rs12780155,nan,0,0
known:CADM4:cad,rs4760,new:CD101:t2d,rs12130298,nan,0,0
known:CADM4:cad,rs4760,new:TAGLN2:cad,rs2789422,0.0077,0,0
known:CADM4:cad,rs4760,new:CCDC19:cad,rs2789422,0.0077,0,0
known:CADM4:cad,rs4760,new:RBM6:t2d,rs2245365,0.0019,0,0
known:CADM4:cad,rs4760,new:CNNM2:cad,rs11191447,nan,0,0
known:CADM4:cad,rs4760,new:VSIG8:cad,rs2789422,0.0077,0,0
known:CADM4:cad,rs4760,new:LAMC1:cad,rs11588675,0.0002,0,0
known:CADM4:cad,rs4760,new:TPD52:fbg,rs2162229,0.0001,0,0
known:CADM4:cad,rs4760,new:SENP6:cad,rs62414240,0.0135,0,0
known:CADM4:cad,rs4760,new:RIC8A:cad,rs6598075,0.0342,0,0
known:CADM4:cad,rs4760,new:HMGN3:cad,rs17787027,nan,0,0
known:CADM4:cad,rs4760,new:MT3:fbg,rs1580833,0.0,0,0
known:CADM4:cad,rs4760,new:RPL13:t2d,rs113847672,nan,0,0
known:CADM4:cad,rs4760,new:ZBTB46:cad,rs6062322,nan,0,0
known:BMPR1A:cad,rs58477734,known:LIPA:cad,rs1412444,0.0005,0,0
known:BMPR1A:cad,rs58477734,known:TSPAN14:cad,rs12260962,0.0001,0,0
known:BMPR1A:cad,rs58477734,known:GIT1:t2d,rs894606,0.0293,0,0
known:BMPR1A:cad,rs58477734,known:RASD1:cad,rs12449964,0.0024,0,0
known:BMPR1A:cad,rs58477734,known:FBXW7:t2d,rs9991574,0.027,0,0
known:BMPR1A:cad,rs58477734,known:MTCH2:cad,rs143001834,nan,0,0
known:BMPR1A:cad,rs58477734,known:CHD4:t2d,rs7969177,0.0496,0,0
known:BMPR1A:cad,rs58477734,known:FAM184A:t2d,rs794249,0.0001,0,0
known:BMPR1A:cad,rs58477734,known:MED23:t2d,rs2246012,0.0051,0,0
known:BMPR1A:cad,rs58477734,known:MYB:cad,rs9376092,0.0201,0,0
known:BMPR1A:cad,rs58477734,known:ARG1:t2d,rs2246012,0.0051,0,0
known:BMPR1A:cad,rs58477734,known:ZNF430:cad,rs35717293,0.001,0,0
known:BMPR1A:cad,rs58477734,known:MLH3:cad,rs175065,0.0002,0,0
known:BMPR1A:cad,rs58477734,known:EIF2B2:cad,rs175057,0.0,0,0
known:BMPR1A:cad,rs58477734,known:HERPUD2:t2d,rs2392376,0.0015,0,0
known:BMPR1A:cad,rs58477734,known:FCHO1:cad,rs10402507,0.0075,0,0
known:BMPR1A:cad,rs58477734,known:ZNF236:t2d,rs62113105,0.0,0,0
known:BMPR1A:cad,rs58477734,known:LPIN3:cad,rs6129773,0.0019,0,0
known:BMPR1A:cad,rs58477734,known:SLC43A3:t2d,rs6591424,nan,0,0
known:BMPR1A:cad,rs58477734,known:ISCA1:fbg,rs2147063,0.0051,0,0
known:BMPR1A:cad,rs58477734,known:SAP130:cad,rs114192718,nan,0,0
known:BMPR1A:cad,rs58477734,known:LOXL4:cad,rs11189523,0.0016,0,0
known:BMPR1A:cad,rs58477734,known:KIF11:t2d,rs1111875,0.0004,0,0
known:BMPR1A:cad,rs58477734,known:C18orf8:t2d,rs1788799,0.0169,0,0
known:BMPR1A:cad,rs58477734,known:SH3BGRL3:t2d,rs7551751,0.0011,0,0
known:BMPR1A:cad,rs58477734,known:LRIG1:t2d,rs17775391,0.0025,0,0
known:BMPR1A:cad,rs58477734,known:DGKQ:cad,rs1377586,0.0027,0,0
known:BMPR1A:cad,rs58477734,known:SPATA5:t2d,rs11098676,0.0086,0,0
known:BMPR1A:cad,rs58477734,known:PDGFC:t2d,rs1425486,0.0023,0,0
known:BMPR1A:cad,rs58477734,known:GIGYF1:t2d,rs506597,0.0002,0,0
known:BMPR1A:cad,rs58477734,known:NRBF2:t2d,rs34119992,0.0013,0,0
known:BMPR1A:cad,rs58477734,known:HSD17B12:t2d,rs1061810,0.028,0,0
known:BMPR1A:cad,rs58477734,known:WDR17:cad,rs72706320,0.1583,0,0
known:BMPR1A:cad,rs58477734,known:CDC123:cad,rs36062557,0.0036,0,0
known:BMPR1A:cad,rs58477734,known:NTAN1:t2d,rs2280018,0.0062,0,0
known:BMPR1A:cad,rs58477734,known:MED27:t2d,rs7043386,0.0002,0,0
known:BMPR1A:cad,rs58477734,known:THAP8:t2d,rs12981654,0.0005,0,0
known:BMPR1A:cad,rs58477734,known:PGAP3:cad,rs2952152,0.0,0,0
known:BMPR1A:cad,rs58477734,known:DCAF16:t2d,rs7667864,0.017,0,0
known:BMPR1A:cad,rs58477734,known:EIF5A2:t2d,rs8192675,0.0001,0,0
known:BMPR1A:cad,rs58477734,known:RFT1:t2d,rs2336725,0.004,0,0
known:BMPR1A:cad,rs58477734,known:DAGLB:cad,rs13235365,0.0117,0,0
known:BMPR1A:cad,rs58477734,known:NUDT5:t2d,rs11257655,0.0015,0,0
known:BMPR1A:cad,rs58477734,known:ARL13B:t2d,rs62266124,0.008,0,0
known:BMPR1A:cad,rs58477734,known:SIK2:cad,rs567859,0.0008,0,0
known:BMPR1A:cad,rs58477734,known:NRIP1:cad,rs2823165,0.0001,0,0
known:BMPR1A:cad,rs58477734,known:TMEM136:cad,rs4938809,0.0,0,0
known:BMPR1A:cad,rs58477734,known:CAMK1D:t2d,rs11257655,0.0015,0,0
known:BMPR1A:cad,rs58477734,known:ZBTB6:t2d,rs2239540,0.0167,0,0
known:BMPR1A:cad,rs58477734,known:KCNJ11:t2d,rs757110,0.0049,0,0
known:BMPR1A:cad,rs58477734,known:LDLRAD2:cad,rs114661372,0.0008,0,0
known:BMPR1A:cad,rs58477734,known:BLOC1S2:t2d,rs17882802,0.0043,0,0
known:BMPR1A:cad,rs58477734,known:ZNF34:t2d,rs4637890,0.0176,0,0
known:BMPR1A:cad,rs58477734,known:C6orf106:cad,rs3800461,0.0262,0,0
known:BMPR1A:cad,rs58477734,known:PARVA:t2d,rs4757405,0.0007,0,0
known:BMPR1A:cad,rs58477734,known:HOXC4:cad,rs1133773,0.0166,0,0
known:BMPR1A:cad,rs58477734,known:YTHDF2:t2d,rs3753693,0.0056,0,0
known:BMPR1A:cad,rs58477734,known:RP11-98D18.9:cad,rs1521185,0.0003,0,0
known:BMPR1A:cad,rs58477734,known:SPDYE2:t2d,rs7781557,0.0005,0,0
known:BMPR1A:cad,rs58477734,known:U6:cad,rs61776719,0.0262,0,0
known:BMPR1A:cad,rs58477734,known:RP11-332O19.3:cad,rs11191472,0.016,0,0
known:BMPR1A:cad,rs58477734,known:ARHGAP19:t2d,rs8181326,0.0005,0,0
known:BMPR1A:cad,rs58477734,known:BBIP1:t2d,rs10787287,0.003,0,0
known:BMPR1A:cad,rs58477734,known:FASTKD5:cad,rs860735,0.0004,0,0
known:BMPR1A:cad,rs58477734,known:RP5-1068B5.3:t2d,rs927204,0.0173,0,0
known:BMPR1A:cad,rs58477734,known:MAST4-AS1:t2d,rs173651,0.0002,0,0
known:BMPR1A:cad,rs58477734,known:LRRC37A15P:t2d,rs223490,0.0001,0,0
known:BMPR1A:cad,rs58477734,known:PHBP9:t2d,rs11591741,0.0035,0,0
known:BMPR1A:cad,rs58477734,known:RP11-176F3.7:t2d,rs1758632,0.0004,0,0
known:BMPR1A:cad,rs58477734,known:RP4-756G23.5:t2d,rs85220,0.0095,0,0
known:BMPR1A:cad,rs58477734,known:RP1-159A19.4:cad,rs17361686,0.0031,0,0
known:BMPR1A:cad,rs58477734,known:SERBP1P3:t2d,rs4687701,0.004,0,0
known:BMPR1A:cad,rs58477734,known:RP11-464F9.1:t2d,rs7908825,0.0055,0,0
known:BMPR1A:cad,rs58477734,known:CTD-2037K23.2:cad,rs16875368,0.0026,0,0
known:BMPR1A:cad,rs58477734,known:AP000487.5:cad,rs34053053,0.0083,0,0
known:BMPR1A:cad,rs58477734,known:CTD-2044J15.1:cad,rs4389656,0.002,0,0
known:BMPR1A:cad,rs58477734,known:KRT8P46:t2d,rs223490,0.0001,0,0
known:BMPR1A:cad,rs58477734,known:RP11-10L12.2:t2d,rs223490,0.0001,0,0
known:BMPR1A:cad,rs58477734,known:RP11-464F9.9:t2d,rs11000760,0.0061,0,0
known:BMPR1A:cad,rs58477734,known:RP11-347C18.3:t2d,rs726816,0.0131,0,0
known:BMPR1A:cad,rs58477734,known:ALG1L13P:t2d,rs7837587,0.0091,0,0
known:BMPR1A:cad,rs58477734,known:HMBS:cad,rs4614,0.0119,0,0
known:BMPR1A:cad,rs58477734,known:RP11-856B14.1:t2d,rs1194104,0.0054,0,0
known:BMPR1A:cad,rs58477734,known:RP11-384M15.3:cad,rs1050362,0.0018,0,0
known:BMPR1A:cad,rs58477734,known:RP11-51F16.5:t2d,rs7223412,0.0296,0,0
known:BMPR1A:cad,rs58477734,known:MIR4513:cad,rs12442901,0.0043,0,0
known:BMPR1A:cad,rs58477734,known:Metazoa_SRP:cad,rs11204675,0.0002,0,0
known:BMPR1A:cad,rs58477734,known:Metazoa_SRP:cad,rs10888385,0.0002,0,0
known:BMPR1A:cad,rs58477734,known:STRADA:t2d,rs11079508,0.0296,0,0
known:BMPR1A:cad,rs58477734,known:RP11-552F3.10:cad,rs3760128,0.0007,0,0
known:BMPR1A:cad,rs58477734,known:AC002116.7:t2d,rs10418015,0.0031,0,0
known:BMPR1A:cad,rs58477734,known:DKFZP434I0714:t2d,rs9991574,0.027,0,0
known:BMPR1A:cad,rs58477734,known:hsa-mir-296:fbg,rs6026565,0.0136,0,0
known:BMPR1A:cad,rs58477734,new:PLAUR:cad,rs4760,0.0009,0,0
known:BMPR1A:cad,rs58477734,new:SLC12A3:cad,rs56228609,0.002,0,0
known:BMPR1A:cad,rs58477734,new:C2orf49:t2d,rs4851758,0.0121,0,0
known:BMPR1A:cad,rs58477734,new:CWF19L1:t2d,rs17668357,0.0043,0,0
known:BMPR1A:cad,rs58477734,new:U6atac:t2d,rs12780155,0.0049,0,0
known:BMPR1A:cad,rs58477734,new:CD101:t2d,rs12130298,nan,0,0
known:BMPR1A:cad,rs58477734,new:TAGLN2:cad,rs2789422,0.0005,0,0
known:BMPR1A:cad,rs58477734,new:CCDC19:cad,rs2789422,0.0005,0,0
known:BMPR1A:cad,rs58477734,new:RBM6:t2d,rs2245365,0.0014,0,0
known:BMPR1A:cad,rs58477734,new:CNNM2:cad,rs11191447,0.016,0,0
known:BMPR1A:cad,rs58477734,new:VSIG8:cad,rs2789422,0.0005,0,0
known:BMPR1A:cad,rs58477734,new:LAMC1:cad,rs11588675,0.0038,0,0
known:BMPR1A:cad,rs58477734,new:TPD52:fbg,rs2162229,0.0056,0,0
known:BMPR1A:cad,rs58477734,new:SENP6:cad,rs62414240,0.0093,0,0
known:BMPR1A:cad,rs58477734,new:RIC8A:cad,rs6598075,0.0159,0,0
known:BMPR1A:cad,rs58477734,new:HMGN3:cad,rs17787027,nan,0,0
known:BMPR1A:cad,rs58477734,new:MT3:fbg,rs1580833,0.0044,0,0
known:BMPR1A:cad,rs58477734,new:RPL13:t2d,rs113847672,0.0005,0,0
known:BMPR1A:cad,rs58477734,new:ZBTB46:cad,rs6062322,0.0044,0,0
known:LIPA:cad,rs1412444,known:TSPAN14:cad,rs12260962,0.0079,0,0
known:LIPA:cad,rs1412444,known:GIT1:t2d,rs894606,0.0152,0,0
known:LIPA:cad,rs1412444,known:RASD1:cad,rs12449964,0.0046,0,0
known:LIPA:cad,rs1412444,known:FBXW7:t2d,rs9991574,0.0038,0,0
known:LIPA:cad,rs1412444,known:MTCH2:cad,rs143001834,nan,0,0
known:LIPA:cad,rs1412444,known:CHD4:t2d,rs7969177,0.0253,0,0
known:LIPA:cad,rs1412444,known:FAM184A:t2d,rs794249,0.0056,0,0
known:LIPA:cad,rs1412444,known:MED23:t2d,rs2246012,0.0005,0,0
known:LIPA:cad,rs1412444,known:MYB:cad,rs9376092,0.0043,0,0
known:LIPA:cad,rs1412444,known:ARG1:t2d,rs2246012,0.0005,0,0
known:LIPA:cad,rs1412444,known:ZNF430:cad,rs35717293,0.0037,0,0
known:LIPA:cad,rs1412444,known:MLH3:cad,rs175065,0.0009,0,0
known:LIPA:cad,rs1412444,known:EIF2B2:cad,rs175057,0.0005,0,0
known:LIPA:cad,rs1412444,known:HERPUD2:t2d,rs2392376,0.0004,0,0
known:LIPA:cad,rs1412444,known:FCHO1:cad,rs10402507,0.0012,0,0
known:LIPA:cad,rs1412444,known:ZNF236:t2d,rs62113105,0.007,0,0
known:LIPA:cad,rs1412444,known:LPIN3:cad,rs6129773,0.0005,0,0
known:LIPA:cad,rs1412444,known:SLC43A3:t2d,rs6591424,nan,0,0
known:LIPA:cad,rs1412444,known:ISCA1:fbg,rs2147063,0.001,0,0
known:LIPA:cad,rs1412444,known:SAP130:cad,rs114192718,nan,0,0
known:LIPA:cad,rs1412444,known:LOXL4:cad,rs11189523,0.0113,0,0
known:LIPA:cad,rs1412444,known:KIF11:t2d,rs1111875,0.0078,0,0
known:LIPA:cad,rs1412444,known:C18orf8:t2d,rs1788799,0.0091,0,0
known:LIPA:cad,rs1412444,known:SH3BGRL3:t2d,rs7551751,0.0044,0,0
known:LIPA:cad,rs1412444,known:LRIG1:t2d,rs17775391,0.0049,0,0
known:LIPA:cad,rs1412444,known:DGKQ:cad,rs1377586,0.0186,0,0
known:LIPA:cad,rs1412444,known:SPATA5:t2d,rs11098676,0.0006,0,0
known:LIPA:cad,rs1412444,known:PDGFC:t2d,rs1425486,0.0001,0,0
known:LIPA:cad,rs1412444,known:GIGYF1:t2d,rs506597,0.005,0,0
known:LIPA:cad,rs1412444,known:NRBF2:t2d,rs34119992,0.0004,0,0
known:LIPA:cad,rs1412444,known:HSD17B12:t2d,rs1061810,0.0045,0,0
known:LIPA:cad,rs1412444,known:WDR17:cad,rs72706320,0.0021,0,0
known:LIPA:cad,rs1412444,known:CDC123:cad,rs36062557,0.0016,0,0
known:LIPA:cad,rs1412444,known:NTAN1:t2d,rs2280018,0.0014,0,0
known:LIPA:cad,rs1412444,known:MED27:t2d,rs7043386,0.0056,0,0
known:LIPA:cad,rs1412444,known:THAP8:t2d,rs12981654,0.0,0,0
known:LIPA:cad,rs1412444,known:PGAP3:cad,rs2952152,0.0024,0,0
known:LIPA:cad,rs1412444,known:DCAF16:t2d,rs7667864,0.0022,0,0
known:LIPA:cad,rs1412444,known:EIF5A2:t2d,rs8192675,0.0003,0,0
known:LIPA:cad,rs1412444,known:RFT1:t2d,rs2336725,0.0012,0,0
known:LIPA:cad,rs1412444,known:DAGLB:cad,rs13235365,0.0031,0,0
known:LIPA:cad,rs1412444,known:NUDT5:t2d,rs11257655,0.0012,0,0
known:LIPA:cad,rs1412444,known:ARL13B:t2d,rs62266124,0.0046,0,0
known:LIPA:cad,rs1412444,known:SIK2:cad,rs567859,0.0023,0,0
known:LIPA:cad,rs1412444,known:NRIP1:cad,rs2823165,0.0005,0,0
known:LIPA:cad,rs1412444,known:TMEM136:cad,rs4938809,0.0017,0,0
known:LIPA:cad,rs1412444,known:CAMK1D:t2d,rs11257655,0.0012,0,0
known:LIPA:cad,rs1412444,known:ZBTB6:t2d,rs2239540,0.0043,0,0
known:LIPA:cad,rs1412444,known:KCNJ11:t2d,rs757110,0.0021,0,0
known:LIPA:cad,rs1412444,known:LDLRAD2:cad,rs114661372,0.0189,0,0
known:LIPA:cad,rs1412444,known:BLOC1S2:t2d,rs17882802,0.0062,0,0
known:LIPA:cad,rs1412444,known:ZNF34:t2d,rs4637890,0.0044,0,0
known:LIPA:cad,rs1412444,known:C6orf106:cad,rs3800461,0.0034,0,0
known:LIPA:cad,rs1412444,known:PARVA:t2d,rs4757405,0.008,0,0
known:LIPA:cad,rs1412444,known:HOXC4:cad,rs1133773,0.0034,0,0
known:LIPA:cad,rs1412444,known:YTHDF2:t2d,rs3753693,0.0002,0,0
known:LIPA:cad,rs1412444,known:RP11-98D18.9:cad,rs1521185,0.0025,0,0
known:LIPA:cad,rs1412444,known:SPDYE2:t2d,rs7781557,0.0019,0,0
known:LIPA:cad,rs1412444,known:U6:cad,rs61776719,0.0011,0,0
known:LIPA:cad,rs1412444,known:RP11-332O19.3:cad,rs11191472,nan,0,0
known:LIPA:cad,rs1412444,known:ARHGAP19:t2d,rs8181326,0.0011,0,0
known:LIPA:cad,rs1412444,known:BBIP1:t2d,rs10787287,0.008,0,0
known:LIPA:cad,rs1412444,known:FASTKD5:cad,rs860735,0.0012,0,0
known:LIPA:cad,rs1412444,known:RP5-1068B5.3:t2d,rs927204,0.0071,0,0
known:LIPA:cad,rs1412444,known:MAST4-AS1:t2d,rs173651,0.004,0,0
known:LIPA:cad,rs1412444,known:LRRC37A15P:t2d,rs223490,0.0005,0,0
known:LIPA:cad,rs1412444,known:PHBP9:t2d,rs11591741,0.0062,0,0
known:LIPA:cad,rs1412444,known:RP11-176F3.7:t2d,rs1758632,0.0001,0,0
known:LIPA:cad,rs1412444,known:RP4-756G23.5:t2d,rs85220,0.0005,0,0
known:LIPA:cad,rs1412444,known:RP1-159A19.4:cad,rs17361686,0.0001,0,0
known:LIPA:cad,rs1412444,known:SERBP1P3:t2d,rs4687701,0.0012,0,0
known:LIPA:cad,rs1412444,known:RP11-464F9.1:t2d,rs7908825,0.0007,0,0
known:LIPA:cad,rs1412444,known:CTD-2037K23.2:cad,rs16875368,0.0063,0,0
known:LIPA:cad,rs1412444,known:AP000487.5:cad,rs34053053,0.0,0,0
known:LIPA:cad,rs1412444,known:CTD-2044J15.1:cad,rs4389656,0.0014,0,0
known:LIPA:cad,rs1412444,known:KRT8P46:t2d,rs223490,0.0005,0,0
known:LIPA:cad,rs1412444,known:RP11-10L12.2:t2d,rs223490,0.0005,0,0
known:LIPA:cad,rs1412444,known:RP11-464F9.9:t2d,rs11000760,0.0006,0,0
known:LIPA:cad,rs1412444,known:RP11-347C18.3:t2d,rs726816,0.0,0,0
known:LIPA:cad,rs1412444,known:ALG1L13P:t2d,rs7837587,0.0062,0,0
known:LIPA:cad,rs1412444,known:HMBS:cad,rs4614,0.0156,0,0
known:LIPA:cad,rs1412444,known:RP11-856B14.1:t2d,rs1194104,0.0,0,0
known:LIPA:cad,rs1412444,known:RP11-384M15.3:cad,rs1050362,0.0013,0,0
known:LIPA:cad,rs1412444,known:RP11-51F16.5:t2d,rs7223412,0.0033,0,0
known:LIPA:cad,rs1412444,known:MIR4513:cad,rs12442901,0.0017,0,0
known:LIPA:cad,rs1412444,known:Metazoa_SRP:cad,rs11204675,0.0055,0,0
known:LIPA:cad,rs1412444,known:Metazoa_SRP:cad,rs10888385,0.0055,0,0
known:LIPA:cad,rs1412444,known:STRADA:t2d,rs11079508,0.0033,0,0
known:LIPA:cad,rs1412444,known:RP11-552F3.10:cad,rs3760128,0.006,0,0
known:LIPA:cad,rs1412444,known:AC002116.7:t2d,rs10418015,0.0003,0,0
known:LIPA:cad,rs1412444,known:DKFZP434I0714:t2d,rs9991574,0.0038,0,0
known:LIPA:cad,rs1412444,known:hsa-mir-296:fbg,rs6026565,0.0273,0,0
known:LIPA:cad,rs1412444,new:PLAUR:cad,rs4760,0.0018,0,0
known:LIPA:cad,rs1412444,new:SLC12A3:cad,rs56228609,0.0,0,0
known:LIPA:cad,rs1412444,new:C2orf49:t2d,rs4851758,0.0001,0,0
known:LIPA:cad,rs1412444,new:CWF19L1:t2d,rs17668357,0.0062,0,0
known:LIPA:cad,rs1412444,new:U6atac:t2d,rs12780155,0.0008,0,0
known:LIPA:cad,rs1412444,new:CD101:t2d,rs12130298,0.003,0,0
known:LIPA:cad,rs1412444,new:TAGLN2:cad,rs2789422,0.0104,0,0
known:LIPA:cad,rs1412444,new:CCDC19:cad,rs2789422,0.0104,0,0
known:LIPA:cad,rs1412444,new:RBM6:t2d,rs2245365,0.0,0,0
known:LIPA:cad,rs1412444,new:CNNM2:cad,rs11191447,nan,0,0
known:LIPA:cad,rs1412444,new:VSIG8:cad,rs2789422,0.0104,0,0
known:LIPA:cad,rs1412444,new:LAMC1:cad,rs11588675,0.0007,0,0
known:LIPA:cad,rs1412444,new:TPD52:fbg,rs2162229,0.0057,0,0
known:LIPA:cad,rs1412444,new:SENP6:cad,rs62414240,0.0081,0,0
known:LIPA:cad,rs1412444,new:RIC8A:cad,rs6598075,0.0002,0,0
known:LIPA:cad,rs1412444,new:HMGN3:cad,rs17787027,nan,0,0
known:LIPA:cad,rs1412444,new:MT3:fbg,rs1580833,0.004,0,0
known:LIPA:cad,rs1412444,new:RPL13:t2d,rs113847672,0.0509,0,0
known:LIPA:cad,rs1412444,new:ZBTB46:cad,rs6062322,0.0019,0,0
known:TSPAN14:cad,rs12260962,known:GIT1:t2d,rs894606,0.0026,0,0
known:TSPAN14:cad,rs12260962,known:RASD1:cad,rs12449964,0.003,0,0
known:TSPAN14:cad,rs12260962,known:FBXW7:t2d,rs9991574,0.0003,0,0
known:TSPAN14:cad,rs12260962,known:MTCH2:cad,rs143001834,nan,0,0
known:TSPAN14:cad,rs12260962,known:CHD4:t2d,rs7969177,0.0027,0,0
known:TSPAN14:cad,rs12260962,known:FAM184A:t2d,rs794249,0.0019,0,0
known:TSPAN14:cad,rs12260962,known:MED23:t2d,rs2246012,0.0032,0,0
known:TSPAN14:cad,rs12260962,known:MYB:cad,rs9376092,0.0146,0,0
known:TSPAN14:cad,rs12260962,known:ARG1:t2d,rs2246012,0.0032,0,0
known:TSPAN14:cad,rs12260962,known:ZNF430:cad,rs35717293,0.01,0,0
known:TSPAN14:cad,rs12260962,known:MLH3:cad,rs175065,0.0014,0,0
known:TSPAN14:cad,rs12260962,known:EIF2B2:cad,rs175057,0.0025,0,0
known:TSPAN14:cad,rs12260962,known:HERPUD2:t2d,rs2392376,0.012,0,0
known:TSPAN14:cad,rs12260962,known:FCHO1:cad,rs10402507,0.0167,0,0
known:TSPAN14:cad,rs12260962,known:ZNF236:t2d,rs62113105,0.0038,0,0
known:TSPAN14:cad,rs12260962,known:LPIN3:cad,rs6129773,0.0063,0,0
known:TSPAN14:cad,rs12260962,known:SLC43A3:t2d,rs6591424,nan,0,0
known:TSPAN14:cad,rs12260962,known:ISCA1:fbg,rs2147063,0.0005,0,0
known:TSPAN14:cad,rs12260962,known:SAP130:cad,rs114192718,nan,0,0
known:TSPAN14:cad,rs12260962,known:LOXL4:cad,rs11189523,0.0025,0,0
known:TSPAN14:cad,rs12260962,known:KIF11:t2d,rs1111875,0.0001,0,0
known:TSPAN14:cad,rs12260962,known:C18orf8:t2d,rs1788799,0.0004,0,0
known:TSPAN14:cad,rs12260962,known:SH3BGRL3:t2d,rs7551751,0.0045,0,0
known:TSPAN14:cad,rs12260962,known:LRIG1:t2d,rs17775391,0.0011,0,0
known:TSPAN14:cad,rs12260962,known:DGKQ:cad,rs1377586,0.0301,0,0
known:TSPAN14:cad,rs12260962,known:SPATA5:t2d,rs11098676,0.0009,0,0
known:TSPAN14:cad,rs12260962,known:PDGFC:t2d,rs1425486,0.0002,0,0
known:TSPAN14:cad,rs12260962,known:GIGYF1:t2d,rs506597,0.0121,0,0
known:TSPAN14:cad,rs12260962,known:NRBF2:t2d,rs34119992,0.0325,0,0
known:TSPAN14:cad,rs12260962,known:HSD17B12:t2d,rs1061810,0.0046,0,0
known:TSPAN14:cad,rs12260962,known:WDR17:cad,rs72706320,nan,0,0
known:TSPAN14:cad,rs12260962,known:CDC123:cad,rs36062557,0.0,0,0
known:TSPAN14:cad,rs12260962,known:NTAN1:t2d,rs2280018,0.0095,0,0
known:TSPAN14:cad,rs12260962,known:MED27:t2d,rs7043386,0.0004,0,0
known:TSPAN14:cad,rs12260962,known:THAP8:t2d,rs12981654,0.0343,0,0
known:TSPAN14:cad,rs12260962,known:PGAP3:cad,rs2952152,0.0181,0,0
known:TSPAN14:cad,rs12260962,known:DCAF16:t2d,rs7667864,0.004,0,0
known:TSPAN14:cad,rs12260962,known:EIF5A2:t2d,rs8192675,0.0034,0,0
known:TSPAN14:cad,rs12260962,known:RFT1:t2d,rs2336725,0.008,0,0
known:TSPAN14:cad,rs12260962,known:DAGLB:cad,rs13235365,0.0001,0,0
known:TSPAN14:cad,rs12260962,known:NUDT5:t2d,rs11257655,0.0015,0,0
known:TSPAN14:cad,rs12260962,known:ARL13B:t2d,rs62266124,0.0041,0,0
known:TSPAN14:cad,rs12260962,known:SIK2:cad,rs567859,0.0121,0,0
known:TSPAN14:cad,rs12260962,known:NRIP1:cad,rs2823165,0.0029,0,0
known:TSPAN14:cad,rs12260962,known:TMEM136:cad,rs4938809,0.0068,0,0
known:TSPAN14:cad,rs12260962,known:CAMK1D:t2d,rs11257655,0.0015,0,0
known:TSPAN14:cad,rs12260962,known:ZBTB6:t2d,rs2239540,0.003,0,0
known:TSPAN14:cad,rs12260962,known:KCNJ11:t2d,rs757110,0.0001,0,0
known:TSPAN14:cad,rs12260962,known:LDLRAD2:cad,rs114661372,0.0028,0,0
known:TSPAN14:cad,rs12260962,known:BLOC1S2:t2d,rs17882802,0.0073,0,0
known:TSPAN14:cad,rs12260962,known:ZNF34:t2d,rs4637890,0.0035,0,0
known:TSPAN14:cad,rs12260962,known:C6orf106:cad,rs3800461,0.0248,0,0
known:TSPAN14:cad,rs12260962,known:PARVA:t2d,rs4757405,0.0014,0,0
known:TSPAN14:cad,rs12260962,known:HOXC4:cad,rs1133773,0.0011,0,0
known:TSPAN14:cad,rs12260962,known:YTHDF2:t2d,rs3753693,0.0001,0,0
known:TSPAN14:cad,rs12260962,known:RP11-98D18.9:cad,rs1521185,0.0014,0,0
known:TSPAN14:cad,rs12260962,known:SPDYE2:t2d,rs7781557,0.0022,0,0
known:TSPAN14:cad,rs12260962,known:U6:cad,rs61776719,0.0061,0,0
known:TSPAN14:cad,rs12260962,known:RP11-332O19.3:cad,rs11191472,nan,0,0
known:TSPAN14:cad,rs12260962,known:ARHGAP19:t2d,rs8181326,0.0017,0,0
known:TSPAN14:cad,rs12260962,known:BBIP1:t2d,rs10787287,0.0018,0,0
known:TSPAN14:cad,rs12260962,known:FASTKD5:cad,rs860735,0.007,0,0
known:TSPAN14:cad,rs12260962,known:RP5-1068B5.3:t2d,rs927204,0.0264,0,0
known:TSPAN14:cad,rs12260962,known:MAST4-AS1:t2d,rs173651,0.0002,0,0
known:TSPAN14:cad,rs12260962,known:LRRC37A15P:t2d,rs223490,0.0233,0,0
known:TSPAN14:cad,rs12260962,known:PHBP9:t2d,rs11591741,0.0073,0,0
known:TSPAN14:cad,rs12260962,known:RP11-176F3.7:t2d,rs1758632,0.003,0,0
known:TSPAN14:cad,rs12260962,known:RP4-756G23.5:t2d,rs85220,0.01,0,0
known:TSPAN14:cad,rs12260962,known:RP1-159A19.4:cad,rs17361686,0.004,0,0
known:TSPAN14:cad,rs12260962,known:SERBP1P3:t2d,rs4687701,0.008,0,0
known:TSPAN14:cad,rs12260962,known:RP11-464F9.1:t2d,rs7908825,0.0001,0,0
known:TSPAN14:cad,rs12260962,known:CTD-2037K23.2:cad,rs16875368,0.0032,0,0
known:TSPAN14:cad,rs12260962,known:AP000487.5:cad,rs34053053,0.0012,0,0
known:TSPAN14:cad,rs12260962,known:CTD-2044J15.1:cad,rs4389656,0.0009,0,0
known:TSPAN14:cad,rs12260962,known:KRT8P46:t2d,rs223490,0.0233,0,0
known:TSPAN14:cad,rs12260962,known:RP11-10L12.2:t2d,rs223490,0.0233,0,0
known:TSPAN14:cad,rs12260962,known:RP11-464F9.9:t2d,rs11000760,0.0002,0,0
known:TSPAN14:cad,rs12260962,known:RP11-347C18.3:t2d,rs726816,0.0073,0,0
known:TSPAN14:cad,rs12260962,known:ALG1L13P:t2d,rs7837587,0.0037,0,0
known:TSPAN14:cad,rs12260962,known:HMBS:cad,rs4614,0.0,0,0
known:TSPAN14:cad,rs12260962,known:RP11-856B14.1:t2d,rs1194104,0.0047,0,0
known:TSPAN14:cad,rs12260962,known:RP11-384M15.3:cad,rs1050362,0.0007,0,0
known:TSPAN14:cad,rs12260962,known:RP11-51F16.5:t2d,rs7223412,0.0048,0,0
known:TSPAN14:cad,rs12260962,known:MIR4513:cad,rs12442901,0.0064,0,0
known:TSPAN14:cad,rs12260962,known:Metazoa_SRP:cad,rs11204675,0.02,0,0
known:TSPAN14:cad,rs12260962,known:Metazoa_SRP:cad,rs10888385,0.02,0,0
known:TSPAN14:cad,rs12260962,known:STRADA:t2d,rs11079508,0.0048,0,0
known:TSPAN14:cad,rs12260962,known:RP11-552F3.10:cad,rs3760128,0.0047,0,0
known:TSPAN14:cad,rs12260962,known:AC002116.7:t2d,rs10418015,0.0002,0,0
known:TSPAN14:cad,rs12260962,known:DKFZP434I0714:t2d,rs9991574,0.0003,0,0
known:TSPAN14:cad,rs12260962,known:hsa-mir-296:fbg,rs6026565,0.0193,0,0
known:TSPAN14:cad,rs12260962,new:PLAUR:cad,rs4760,0.003,0,0
known:TSPAN14:cad,rs12260962,new:SLC12A3:cad,rs56228609,0.0033,0,0
known:TSPAN14:cad,rs12260962,new:C2orf49:t2d,rs4851758,0.0016,0,0
known:TSPAN14:cad,rs12260962,new:CWF19L1:t2d,rs17668357,0.0073,0,0
known:TSPAN14:cad,rs12260962,new:U6atac:t2d,rs12780155,0.0107,0,0
known:TSPAN14:cad,rs12260962,new:CD101:t2d,rs12130298,nan,0,0
known:TSPAN14:cad,rs12260962,new:TAGLN2:cad,rs2789422,0.0001,0,0
known:TSPAN14:cad,rs12260962,new:CCDC19:cad,rs2789422,0.0001,0,0
known:TSPAN14:cad,rs12260962,new:RBM6:t2d,rs2245365,0.0006,0,0
known:TSPAN14:cad,rs12260962,new:CNNM2:cad,rs11191447,nan,0,0
known:TSPAN14:cad,rs12260962,new:VSIG8:cad,rs2789422,0.0001,0,0
known:TSPAN14:cad,rs12260962,new:LAMC1:cad,rs11588675,0.005,0,0
known:TSPAN14:cad,rs12260962,new:TPD52:fbg,rs2162229,0.0009,0,0
known:TSPAN14:cad,rs12260962,new:SENP6:cad,rs62414240,0.0001,0,0
known:TSPAN14:cad,rs12260962,new:RIC8A:cad,rs6598075,0.0557,0,0
known:TSPAN14:cad,rs12260962,new:HMGN3:cad,rs17787027,nan,0,0
known:TSPAN14:cad,rs12260962,new:MT3:fbg,rs1580833,0.0038,0,0
known:TSPAN14:cad,rs12260962,new:RPL13:t2d,rs113847672,0.0159,0,0
known:TSPAN14:cad,rs12260962,new:ZBTB46:cad,rs6062322,0.0113,0,0
known:GIT1:t2d,rs894606,known:RASD1:cad,rs12449964,0.0006,0,0
known:GIT1:t2d,rs894606,known:FBXW7:t2d,rs9991574,0.0002,0,0
known:GIT1:t2d,rs894606,known:MTCH2:cad,rs143001834,nan,0,0
known:GIT1:t2d,rs894606,known:CHD4:t2d,rs7969177,0.0034,0,0
known:GIT1:t2d,rs894606,known:FAM184A:t2d,rs794249,0.0,0,0
known:GIT1:t2d,rs894606,known:MED23:t2d,rs2246012,0.0118,0,0
known:GIT1:t2d,rs894606,known:MYB:cad,rs9376092,0.0004,0,0
known:GIT1:t2d,rs894606,known:ARG1:t2d,rs2246012,0.0118,0,0
known:GIT1:t2d,rs894606,known:ZNF430:cad,rs35717293,0.0003,0,0
known:GIT1:t2d,rs894606,known:MLH3:cad,rs175065,0.0,0,0
known:GIT1:t2d,rs894606,known:EIF2B2:cad,rs175057,0.0006,0,0
known:GIT1:t2d,rs894606,known:HERPUD2:t2d,rs2392376,0.0015,0,0
known:GIT1:t2d,rs894606,known:FCHO1:cad,rs10402507,0.0002,0,0
known:GIT1:t2d,rs894606,known:ZNF236:t2d,rs62113105,0.0033,0,0
known:GIT1:t2d,rs894606,known:LPIN3:cad,rs6129773,0.0034,0,0
known:GIT1:t2d,rs894606,known:SLC43A3:t2d,rs6591424,nan,0,0
known:GIT1:t2d,rs894606,known:ISCA1:fbg,rs2147063,0.0002,0,0
known:GIT1:t2d,rs894606,known:SAP130:cad,rs114192718,nan,0,0
known:GIT1:t2d,rs894606,known:LOXL4:cad,rs11189523,0.0186,0,0
known:GIT1:t2d,rs894606,known:KIF11:t2d,rs1111875,0.0027,0,0
known:GIT1:t2d,rs894606,known:C18orf8:t2d,rs1788799,0.0032,0,0
known:GIT1:t2d,rs894606,known:SH3BGRL3:t2d,rs7551751,0.0005,0,0
known:GIT1:t2d,rs894606,known:LRIG1:t2d,rs17775391,0.0405,0,0
known:GIT1:t2d,rs894606,known:DGKQ:cad,rs1377586,0.0002,0,0
known:GIT1:t2d,rs894606,known:SPATA5:t2d,rs11098676,0.0103,0,0
known:GIT1:t2d,rs894606,known:PDGFC:t2d,rs1425486,0.0,0,0
known:GIT1:t2d,rs894606,known:GIGYF1:t2d,rs506597,0.0004,0,0
known:GIT1:t2d,rs894606,known:NRBF2:t2d,rs34119992,0.0002,0,0
known:GIT1:t2d,rs894606,known:HSD17B12:t2d,rs1061810,0.003,0,0
known:GIT1:t2d,rs894606,known:WDR17:cad,rs72706320,0.0198,0,0
known:GIT1:t2d,rs894606,known:CDC123:cad,rs36062557,0.0002,0,0
known:GIT1:t2d,rs894606,known:NTAN1:t2d,rs2280018,0.0003,0,0
known:GIT1:t2d,rs894606,known:MED27:t2d,rs7043386,0.0014,0,0
known:GIT1:t2d,rs894606,known:THAP8:t2d,rs12981654,0.0002,0,0
known:GIT1:t2d,rs894606,known:PGAP3:cad,rs2952152,0.0014,0,0
known:GIT1:t2d,rs894606,known:DCAF16:t2d,rs7667864,0.0038,0,0
known:GIT1:t2d,rs894606,known:EIF5A2:t2d,rs8192675,0.0001,0,0
known:GIT1:t2d,rs894606,known:RFT1:t2d,rs2336725,0.0032,0,0
known:GIT1:t2d,rs894606,known:DAGLB:cad,rs13235365,0.0108,0,0
known:GIT1:t2d,rs894606,known:NUDT5:t2d,rs11257655,0.032,0,0
known:GIT1:t2d,rs894606,known:ARL13B:t2d,rs62266124,0.0038,0,0
known:GIT1:t2d,rs894606,known:SIK2:cad,rs567859,0.0004,0,0
known:GIT1:t2d,rs894606,known:NRIP1:cad,rs2823165,0.0008,0,0
known:GIT1:t2d,rs894606,known:TMEM136:cad,rs4938809,0.0006,0,0
known:GIT1:t2d,rs894606,known:CAMK1D:t2d,rs11257655,0.032,0,0
known:GIT1:t2d,rs894606,known:ZBTB6:t2d,rs2239540,0.0089,0,0
known:GIT1:t2d,rs894606,known:KCNJ11:t2d,rs757110,0.0035,0,0
known:GIT1:t2d,rs894606,known:LDLRAD2:cad,rs114661372,0.0078,0,0
known:GIT1:t2d,rs894606,known:BLOC1S2:t2d,rs17882802,0.0022,0,0
known:GIT1:t2d,rs894606,known:ZNF34:t2d,rs4637890,0.0168,0,0
known:GIT1:t2d,rs894606,known:C6orf106:cad,rs3800461,0.0173,0,0
known:GIT1:t2d,rs894606,known:PARVA:t2d,rs4757405,0.01,0,0
known:GIT1:t2d,rs894606,known:HOXC4:cad,rs1133773,0.0067,0,0
known:GIT1:t2d,rs894606,known:YTHDF2:t2d,rs3753693,0.0006,0,0
known:GIT1:t2d,rs894606,known:RP11-98D18.9:cad,rs1521185,0.0001,0,0
known:GIT1:t2d,rs894606,known:SPDYE2:t2d,rs7781557,0.0374,0,0
known:GIT1:t2d,rs894606,known:U6:cad,rs61776719,0.0025,0,0
known:GIT1:t2d,rs894606,known:RP11-332O19.3:cad,rs11191472,0.0162,0,0
known:GIT1:t2d,rs894606,known:ARHGAP19:t2d,rs8181326,0.0018,0,0
known:GIT1:t2d,rs894606,known:BBIP1:t2d,rs10787287,0.0028,0,0
known:GIT1:t2d,rs894606,known:FASTKD5:cad,rs860735,0.0018,0,0
known:GIT1:t2d,rs894606,known:RP5-1068B5.3:t2d,rs927204,0.0047,0,0
known:GIT1:t2d,rs894606,known:MAST4-AS1:t2d,rs173651,0.0099,0,0
known:GIT1:t2d,rs894606,known:LRRC37A15P:t2d,rs223490,0.0103,0,0
known:GIT1:t2d,rs894606,known:PHBP9:t2d,rs11591741,0.0026,0,0
known:GIT1:t2d,rs894606,known:RP11-176F3.7:t2d,rs1758632,0.0002,0,0
known:GIT1:t2d,rs894606,known:RP4-756G23.5:t2d,rs85220,0.0026,0,0
known:GIT1:t2d,rs894606,known:RP1-159A19.4:cad,rs17361686,0.0069,0,0
known:GIT1:t2d,rs894606,known:SERBP1P3:t2d,rs4687701,0.0032,0,0
known:GIT1:t2d,rs894606,known:RP11-464F9.1:t2d,rs7908825,0.0024,0,0
known:GIT1:t2d,rs894606,known:CTD-2037K23.2:cad,rs16875368,0.0049,0,0
known:GIT1:t2d,rs894606,known:AP000487.5:cad,rs34053053,0.0002,0,0
known:GIT1:t2d,rs894606,known:CTD-2044J15.1:cad,rs4389656,0.002,0,0
known:GIT1:t2d,rs894606,known:KRT8P46:t2d,rs223490,0.0103,0,0
known:GIT1:t2d,rs894606,known:RP11-10L12.2:t2d,rs223490,0.0103,0,0
known:GIT1:t2d,rs894606,known:RP11-464F9.9:t2d,rs11000760,0.0033,0,0
known:GIT1:t2d,rs894606,known:RP11-347C18.3:t2d,rs726816,0.0063,0,0
known:GIT1:t2d,rs894606,known:ALG1L13P:t2d,rs7837587,0.0005,0,0
known:GIT1:t2d,rs894606,known:HMBS:cad,rs4614,0.0006,0,0
known:GIT1:t2d,rs894606,known:RP11-856B14.1:t2d,rs1194104,0.0038,0,0
known:GIT1:t2d,rs894606,known:RP11-384M15.3:cad,rs1050362,0.0031,0,0
known:GIT1:t2d,rs894606,known:RP11-51F16.5:t2d,rs7223412,0.0,0,0
known:GIT1:t2d,rs894606,known:MIR4513:cad,rs12442901,0.0034,0,0
known:GIT1:t2d,rs894606,known:Metazoa_SRP:cad,rs11204675,0.018,0,0
known:GIT1:t2d,rs894606,known:Metazoa_SRP:cad,rs10888385,0.018,0,0
known:GIT1:t2d,rs894606,known:STRADA:t2d,rs11079508,0.0,0,0
known:GIT1:t2d,rs894606,known:RP11-552F3.10:cad,rs3760128,0.0069,0,0
known:GIT1:t2d,rs894606,known:AC002116.7:t2d,rs10418015,0.0156,0,0
known:GIT1:t2d,rs894606,known:DKFZP434I0714:t2d,rs9991574,0.0002,0,0
known:GIT1:t2d,rs894606,known:hsa-mir-296:fbg,rs6026565,0.0002,0,0
known:GIT1:t2d,rs894606,new:PLAUR:cad,rs4760,0.0649,0,0
known:GIT1:t2d,rs894606,new:SLC12A3:cad,rs56228609,0.0004,0,0
known:GIT1:t2d,rs894606,new:C2orf49:t2d,rs4851758,0.0004,0,0
known:GIT1:t2d,rs894606,new:CWF19L1:t2d,rs17668357,0.0022,0,0
known:GIT1:t2d,rs894606,new:U6atac:t2d,rs12780155,0.0362,0,0
known:GIT1:t2d,rs894606,new:CD101:t2d,rs12130298,0.0108,0,0
known:GIT1:t2d,rs894606,new:TAGLN2:cad,rs2789422,0.002,0,0
known:GIT1:t2d,rs894606,new:CCDC19:cad,rs2789422,0.002,0,0
known:GIT1:t2d,rs894606,new:RBM6:t2d,rs2245365,0.0008,0,0
known:GIT1:t2d,rs894606,new:CNNM2:cad,rs11191447,0.0162,0,0
known:GIT1:t2d,rs894606,new:VSIG8:cad,rs2789422,0.002,0,0
known:GIT1:t2d,rs894606,new:LAMC1:cad,rs11588675,0.0034,0,0
known:GIT1:t2d,rs894606,new:TPD52:fbg,rs2162229,0.0,0,0
known:GIT1:t2d,rs894606,new:SENP6:cad,rs62414240,0.0007,0,0
known:GIT1:t2d,rs894606,new:RIC8A:cad,rs6598075,0.0006,0,0
known:GIT1:t2d,rs894606,new:HMGN3:cad,rs17787027,nan,0,0
known:GIT1:t2d,rs894606,new:MT3:fbg,rs1580833,0.0,0,0
known:GIT1:t2d,rs894606,new:RPL13:t2d,rs113847672,0.0089,0,0
known:GIT1:t2d,rs894606,new:ZBTB46:cad,rs6062322,0.0046,0,0
known:RASD1:cad,rs12449964,known:FBXW7:t2d,rs9991574,0.0014,0,0
known:RASD1:cad,rs12449964,known:MTCH2:cad,rs143001834,nan,0,0
known:RASD1:cad,rs12449964,known:CHD4:t2d,rs7969177,0.0197,0,0
known:RASD1:cad,rs12449964,known:FAM184A:t2d,rs794249,0.0088,0,0
known:RASD1:cad,rs12449964,known:MED23:t2d,rs2246012,0.0028,0,0
known:RASD1:cad,rs12449964,known:MYB:cad,rs9376092,0.026,0,0
known:RASD1:cad,rs12449964,known:ARG1:t2d,rs2246012,0.0028,0,0
known:RASD1:cad,rs12449964,known:ZNF430:cad,rs35717293,0.0005,0,0
known:RASD1:cad,rs12449964,known:MLH3:cad,rs175065,0.0032,0,0
known:RASD1:cad,rs12449964,known:EIF2B2:cad,rs175057,0.0024,0,0
known:RASD1:cad,rs12449964,known:HERPUD2:t2d,rs2392376,0.0108,0,0
known:RASD1:cad,rs12449964,known:FCHO1:cad,rs10402507,0.0014,0,0
known:RASD1:cad,rs12449964,known:ZNF236:t2d,rs62113105,0.0004,0,0
known:RASD1:cad,rs12449964,known:LPIN3:cad,rs6129773,0.0168,0,0
known:RASD1:cad,rs12449964,known:SLC43A3:t2d,rs6591424,nan,0,0
known:RASD1:cad,rs12449964,known:ISCA1:fbg,rs2147063,0.0021,0,0
known:RASD1:cad,rs12449964,known:SAP130:cad,rs114192718,nan,0,0
known:RASD1:cad,rs12449964,known:LOXL4:cad,rs11189523,0.0002,0,0
known:RASD1:cad,rs12449964,known:KIF11:t2d,rs1111875,0.0,0,0
known:RASD1:cad,rs12449964,known:C18orf8:t2d,rs1788799,0.0066,0,0
known:RASD1:cad,rs12449964,known:SH3BGRL3:t2d,rs7551751,0.0003,0,0
known:RASD1:cad,rs12449964,known:LRIG1:t2d,rs17775391,0.0075,0,0
known:RASD1:cad,rs12449964,known:DGKQ:cad,rs1377586,0.0013,0,0
known:RASD1:cad,rs12449964,known:SPATA5:t2d,rs11098676,0.0,0,0
known:RASD1:cad,rs12449964,known:PDGFC:t2d,rs1425486,0.0033,0,0
known:RASD1:cad,rs12449964,known:GIGYF1:t2d,rs506597,0.0008,0,0
known:RASD1:cad,rs12449964,known:NRBF2:t2d,rs34119992,0.0219,0,0
known:RASD1:cad,rs12449964,known:HSD17B12:t2d,rs1061810,0.0023,0,0
known:RASD1:cad,rs12449964,known:WDR17:cad,rs72706320,0.0001,0,0
known:RASD1:cad,rs12449964,known:CDC123:cad,rs36062557,0.0134,0,0
known:RASD1:cad,rs12449964,known:NTAN1:t2d,rs2280018,0.0053,0,0
known:RASD1:cad,rs12449964,known:MED27:t2d,rs7043386,0.0004,0,0
known:RASD1:cad,rs12449964,known:THAP8:t2d,rs12981654,0.0387,0,0
known:RASD1:cad,rs12449964,known:PGAP3:cad,rs2952152,0.0012,0,0
known:RASD1:cad,rs12449964,known:DCAF16:t2d,rs7667864,0.0013,0,0
known:RASD1:cad,rs12449964,known:EIF5A2:t2d,rs8192675,0.0127,0,0
known:RASD1:cad,rs12449964,known:RFT1:t2d,rs2336725,0.0002,0,0
known:RASD1:cad,rs12449964,known:DAGLB:cad,rs13235365,0.0,0,0
known:RASD1:cad,rs12449964,known:NUDT5:t2d,rs11257655,0.0131,0,0
known:RASD1:cad,rs12449964,known:ARL13B:t2d,rs62266124,0.0013,0,0
known:RASD1:cad,rs12449964,known:SIK2:cad,rs567859,0.002,0,0
known:RASD1:cad,rs12449964,known:NRIP1:cad,rs2823165,0.0117,0,0
known:RASD1:cad,rs12449964,known:TMEM136:cad,rs4938809,0.0012,0,0
known:RASD1:cad,rs12449964,known:CAMK1D:t2d,rs11257655,0.0131,0,0
known:RASD1:cad,rs12449964,known:ZBTB6:t2d,rs2239540,0.0269,0,0
known:RASD1:cad,rs12449964,known:KCNJ11:t2d,rs757110,0.0038,0,0
known:RASD1:cad,rs12449964,known:LDLRAD2:cad,rs114661372,0.0,0,0
known:RASD1:cad,rs12449964,known:BLOC1S2:t2d,rs17882802,0.0006,0,0
known:RASD1:cad,rs12449964,known:ZNF34:t2d,rs4637890,0.0004,0,0
known:RASD1:cad,rs12449964,known:C6orf106:cad,rs3800461,0.0003,0,0
known:RASD1:cad,rs12449964,known:PARVA:t2d,rs4757405,0.0041,0,0
known:RASD1:cad,rs12449964,known:HOXC4:cad,rs1133773,0.0014,0,0
known:RASD1:cad,rs12449964,known:YTHDF2:t2d,rs3753693,0.0137,0,0
known:RASD1:cad,rs12449964,known:RP11-98D18.9:cad,rs1521185,0.0045,0,0
known:RASD1:cad,rs12449964,known:SPDYE2:t2d,rs7781557,0.0102,0,0
known:RASD1:cad,rs12449964,known:U6:cad,rs61776719,0.0022,0,0
known:RASD1:cad,rs12449964,known:RP11-332O19.3:cad,rs11191472,0.0174,0,0
known:RASD1:cad,rs12449964,known:ARHGAP19:t2d,rs8181326,0.007,0,0
known:RASD1:cad,rs12449964,known:BBIP1:t2d,rs10787287,0.0028,0,0
known:RASD1:cad,rs12449964,known:FASTKD5:cad,rs860735,0.0,0,0
known:RASD1:cad,rs12449964,known:RP5-1068B5.3:t2d,rs927204,0.048,0,0
known:RASD1:cad,rs12449964,known:MAST4-AS1:t2d,rs173651,0.0011,0,0
known:RASD1:cad,rs12449964,known:LRRC37A15P:t2d,rs223490,0.0012,0,0
known:RASD1:cad,rs12449964,known:PHBP9:t2d,rs11591741,0.001,0,0
known:RASD1:cad,rs12449964,known:RP11-176F3.7:t2d,rs1758632,0.0018,0,0
known:RASD1:cad,rs12449964,known:RP4-756G23.5:t2d,rs85220,0.0014,0,0
known:RASD1:cad,rs12449964,known:RP1-159A19.4:cad,rs17361686,0.0074,0,0
known:RASD1:cad,rs12449964,known:SERBP1P3:t2d,rs4687701,0.0002,0,0
known:RASD1:cad,rs12449964,known:RP11-464F9.1:t2d,rs7908825,0.0037,0,0
known:RASD1:cad,rs12449964,known:CTD-2037K23.2:cad,rs16875368,0.0131,0,0
known:RASD1:cad,rs12449964,known:AP000487.5:cad,rs34053053,0.0014,0,0
known:RASD1:cad,rs12449964,known:CTD-2044J15.1:cad,rs4389656,0.0029,0,0
known:RASD1:cad,rs12449964,known:KRT8P46:t2d,rs223490,0.0012,0,0
known:RASD1:cad,rs12449964,known:RP11-10L12.2:t2d,rs223490,0.0012,0,0
known:RASD1:cad,rs12449964,known:RP11-464F9.9:t2d,rs11000760,0.0039,0,0
known:RASD1:cad,rs12449964,known:RP11-347C18.3:t2d,rs726816,0.0024,0,0
known:RASD1:cad,rs12449964,known:ALG1L13P:t2d,rs7837587,0.0,0,0
known:RASD1:cad,rs12449964,known:HMBS:cad,rs4614,0.0023,0,0
known:RASD1:cad,rs12449964,known:RP11-856B14.1:t2d,rs1194104,0.0034,0,0
known:RASD1:cad,rs12449964,known:RP11-384M15.3:cad,rs1050362,0.0009,0,0
known:RASD1:cad,rs12449964,known:RP11-51F16.5:t2d,rs7223412,0.0039,0,0
known:RASD1:cad,rs12449964,known:MIR4513:cad,rs12442901,0.0078,0,0
known:RASD1:cad,rs12449964,known:Metazoa_SRP:cad,rs11204675,0.0033,0,0
known:RASD1:cad,rs12449964,known:Metazoa_SRP:cad,rs10888385,0.0033,0,0
known:RASD1:cad,rs12449964,known:STRADA:t2d,rs11079508,0.0039,0,0
known:RASD1:cad,rs12449964,known:RP11-552F3.10:cad,rs3760128,0.001,0,0
known:RASD1:cad,rs12449964,known:AC002116.7:t2d,rs10418015,0.0131,0,0
known:RASD1:cad,rs12449964,known:DKFZP434I0714:t2d,rs9991574,0.0014,0,0
known:RASD1:cad,rs12449964,known:hsa-mir-296:fbg,rs6026565,0.0028,0,0
known:RASD1:cad,rs12449964,new:PLAUR:cad,rs4760,0.0005,0,0
known:RASD1:cad,rs12449964,new:SLC12A3:cad,rs56228609,0.0143,0,0
known:RASD1:cad,rs12449964,new:C2orf49:t2d,rs4851758,0.0056,0,0
known:RASD1:cad,rs12449964,new:CWF19L1:t2d,rs17668357,0.0006,0,0
known:RASD1:cad,rs12449964,new:U6atac:t2d,rs12780155,0.0057,0,0
known:RASD1:cad,rs12449964,new:CD101:t2d,rs12130298,0.0005,0,0
known:RASD1:cad,rs12449964,new:TAGLN2:cad,rs2789422,0.0019,0,0
known:RASD1:cad,rs12449964,new:CCDC19:cad,rs2789422,0.0019,0,0
known:RASD1:cad,rs12449964,new:RBM6:t2d,rs2245365,0.0019,0,0
known:RASD1:cad,rs12449964,new:CNNM2:cad,rs11191447,0.0174,0,0
known:RASD1:cad,rs12449964,new:VSIG8:cad,rs2789422,0.0019,0,0
known:RASD1:cad,rs12449964,new:LAMC1:cad,rs11588675,0.0,0,0
known:RASD1:cad,rs12449964,new:TPD52:fbg,rs2162229,0.0058,0,0
known:RASD1:cad,rs12449964,new:SENP6:cad,rs62414240,0.0116,0,0
known:RASD1:cad,rs12449964,new:RIC8A:cad,rs6598075,0.0053,0,0
known:RASD1:cad,rs12449964,new:HMGN3:cad,rs17787027,nan,0,0
known:RASD1:cad,rs12449964,new:MT3:fbg,rs1580833,0.0097,0,0
known:RASD1:cad,rs12449964,new:RPL13:t2d,rs113847672,0.0061,0,0
known:RASD1:cad,rs12449964,new:ZBTB46:cad,rs6062322,0.0099,0,0
known:FBXW7:t2d,rs9991574,known:MTCH2:cad,rs143001834,nan,0,0
known:FBXW7:t2d,rs9991574,known:CHD4:t2d,rs7969177,0.0001,0,0
known:FBXW7:t2d,rs9991574,known:FAM184A:t2d,rs794249,0.012,0,0
known:FBXW7:t2d,rs9991574,known:MED23:t2d,rs2246012,0.0029,0,0
known:FBXW7:t2d,rs9991574,known:MYB:cad,rs9376092,0.0056,0,0
known:FBXW7:t2d,rs9991574,known:ARG1:t2d,rs2246012,0.0029,0,0
known:FBXW7:t2d,rs9991574,known:ZNF430:cad,rs35717293,0.0024,0,0
known:FBXW7:t2d,rs9991574,known:MLH3:cad,rs175065,0.0024,0,0
known:FBXW7:t2d,rs9991574,known:EIF2B2:cad,rs175057,0.004,0,0
known:FBXW7:t2d,rs9991574,known:HERPUD2:t2d,rs2392376,0.0097,0,0
known:FBXW7:t2d,rs9991574,known:FCHO1:cad,rs10402507,0.0024,0,0
known:FBXW7:t2d,rs9991574,known:ZNF236:t2d,rs62113105,0.0025,0,0
known:FBXW7:t2d,rs9991574,known:LPIN3:cad,rs6129773,0.0021,0,0
known:FBXW7:t2d,rs9991574,known:SLC43A3:t2d,rs6591424,nan,0,0
known:FBXW7:t2d,rs9991574,known:ISCA1:fbg,rs2147063,0.0001,0,0
known:FBXW7:t2d,rs9991574,known:SAP130:cad,rs114192718,nan,0,0
known:FBXW7:t2d,rs9991574,known:LOXL4:cad,rs11189523,0.0,0,0
known:FBXW7:t2d,rs9991574,known:KIF11:t2d,rs1111875,0.04,0,0
known:FBXW7:t2d,rs9991574,known:C18orf8:t2d,rs1788799,0.0001,0,0
known:FBXW7:t2d,rs9991574,known:SH3BGRL3:t2d,rs7551751,0.053,0,0
known:FBXW7:t2d,rs9991574,known:LRIG1:t2d,rs17775391,0.0007,0,0
known:FBXW7:t2d,rs9991574,known:DGKQ:cad,rs1377586,0.0006,0,0
known:FBXW7:t2d,rs9991574,known:SPATA5:t2d,rs11098676,0.0017,0,0
known:FBXW7:t2d,rs9991574,known:PDGFC:t2d,rs1425486,0.0135,0,0
known:FBXW7:t2d,rs9991574,known:GIGYF1:t2d,rs506597,0.0007,0,0
known:FBXW7:t2d,rs9991574,known:NRBF2:t2d,rs34119992,0.0096,0,0
known:FBXW7:t2d,rs9991574,known:HSD17B12:t2d,rs1061810,0.0023,0,0
known:FBXW7:t2d,rs9991574,known:WDR17:cad,rs72706320,nan,0,0
known:FBXW7:t2d,rs9991574,known:CDC123:cad,rs36062557,0.0043,0,0
known:FBXW7:t2d,rs9991574,known:NTAN1:t2d,rs2280018,0.0132,0,0
known:FBXW7:t2d,rs9991574,known:MED27:t2d,rs7043386,0.0044,0,0
known:FBXW7:t2d,rs9991574,known:THAP8:t2d,rs12981654,0.0,0,0
known:FBXW7:t2d,rs9991574,known:PGAP3:cad,rs2952152,0.0029,0,0
known:FBXW7:t2d,rs9991574,known:DCAF16:t2d,rs7667864,0.0002,0,0
known:FBXW7:t2d,rs9991574,known:EIF5A2:t2d,rs8192675,0.0006,0,0
known:FBXW7:t2d,rs9991574,known:RFT1:t2d,rs2336725,0.001,0,0
known:FBXW7:t2d,rs9991574,known:DAGLB:cad,rs13235365,0.0032,0,0
known:FBXW7:t2d,rs9991574,known:NUDT5:t2d,rs11257655,0.0481,0,0
known:FBXW7:t2d,rs9991574,known:ARL13B:t2d,rs62266124,0.0054,0,0
known:FBXW7:t2d,rs9991574,known:SIK2:cad,rs567859,0.0154,0,0
known:FBXW7:t2d,rs9991574,known:NRIP1:cad,rs2823165,0.0025,0,0
known:FBXW7:t2d,rs9991574,known:TMEM136:cad,rs4938809,0.0109,0,0
known:FBXW7:t2d,rs9991574,known:CAMK1D:t2d,rs11257655,0.0481,0,0
known:FBXW7:t2d,rs9991574,known:ZBTB6:t2d,rs2239540,0.019,0,0
known:FBXW7:t2d,rs9991574,known:KCNJ11:t2d,rs757110,0.0019,0,0
known:FBXW7:t2d,rs9991574,known:LDLRAD2:cad,rs114661372,0.0087,0,0
known:FBXW7:t2d,rs9991574,known:BLOC1S2:t2d,rs17882802,0.0098,0,0
known:FBXW7:t2d,rs9991574,known:ZNF34:t2d,rs4637890,0.0475,0,0
known:FBXW7:t2d,rs9991574,known:C6orf106:cad,rs3800461,0.0165,0,0
known:FBXW7:t2d,rs9991574,known:PARVA:t2d,rs4757405,0.0003,0,0
known:FBXW7:t2d,rs9991574,known:HOXC4:cad,rs1133773,0.004,0,0
known:FBXW7:t2d,rs9991574,known:YTHDF2:t2d,rs3753693,0.0155,0,0
known:FBXW7:t2d,rs9991574,known:RP11-98D18.9:cad,rs1521185,0.0141,0,0
known:FBXW7:t2d,rs9991574,known:SPDYE2:t2d,rs7781557,0.0137,0,0
known:FBXW7:t2d,rs9991574,known:U6:cad,rs61776719,0.0167,0,0
known:FBXW7:t2d,rs9991574,known:RP11-332O19.3:cad,rs11191472,nan,0,0
known:FBXW7:t2d,rs9991574,known:ARHGAP19:t2d,rs8181326,0.0006,0,0
known:FBXW7:t2d,rs9991574,known:BBIP1:t2d,rs10787287,0.0004,0,0
known:FBXW7:t2d,rs9991574,known:FASTKD5:cad,rs860735,0.0094,0,0
known:FBXW7:t2d,rs9991574,known:RP5-1068B5.3:t2d,rs927204,0.0122,0,0
known:FBXW7:t2d,rs9991574,known:MAST4-AS1:t2d,rs173651,0.0039,0,0
known:FBXW7:t2d,rs9991574,known:LRRC37A15P:t2d,rs223490,0.0189,0,0
known:FBXW7:t2d,rs9991574,known:PHBP9:t2d,rs11591741,0.0098,0,0
known:FBXW7:t2d,rs9991574,known:RP11-176F3.7:t2d,rs1758632,0.0,0,0
known:FBXW7:t2d,rs9991574,known:RP4-756G23.5:t2d,rs85220,0.0059,0,0
known:FBXW7:t2d,rs9991574,known:RP1-159A19.4:cad,rs17361686,0.0087,0,0
known:FBXW7:t2d,rs9991574,known:SERBP1P3:t2d,rs4687701,0.001,0,0
known:FBXW7:t2d,rs9991574,known:RP11-464F9.1:t2d,rs7908825,0.0086,0,0
known:FBXW7:t2d,rs9991574,known:CTD-2037K23.2:cad,rs16875368,0.0253,0,0
known:FBXW7:t2d,rs9991574,known:AP000487.5:cad,rs34053053,0.0024,0,0
known:FBXW7:t2d,rs9991574,known:CTD-2044J15.1:cad,rs4389656,0.001,0,0
known:FBXW7:t2d,rs9991574,known:KRT8P46:t2d,rs223490,0.0189,0,0
known:FBXW7:t2d,rs9991574,known:RP11-10L12.2:t2d,rs223490,0.0189,0,0
known:FBXW7:t2d,rs9991574,known:RP11-464F9.9:t2d,rs11000760,0.0094,0,0
known:FBXW7:t2d,rs9991574,known:RP11-347C18.3:t2d,rs726816,0.0005,0,0
known:FBXW7:t2d,rs9991574,known:ALG1L13P:t2d,rs7837587,0.0034,0,0
known:FBXW7:t2d,rs9991574,known:HMBS:cad,rs4614,0.0109,0,0
known:FBXW7:t2d,rs9991574,known:RP11-856B14.1:t2d,rs1194104,0.0,0,0
known:FBXW7:t2d,rs9991574,known:RP11-384M15.3:cad,rs1050362,0.0014,0,0
known:FBXW7:t2d,rs9991574,known:RP11-51F16.5:t2d,rs7223412,0.0009,0,0
known:FBXW7:t2d,rs9991574,known:MIR4513:cad,rs12442901,0.0,0,0
known:FBXW7:t2d,rs9991574,known:Metazoa_SRP:cad,rs11204675,0.0012,0,0
known:FBXW7:t2d,rs9991574,known:Metazoa_SRP:cad,rs10888385,0.0012,0,0
known:FBXW7:t2d,rs9991574,known:STRADA:t2d,rs11079508,0.0009,0,0
known:FBXW7:t2d,rs9991574,known:RP11-552F3.10:cad,rs3760128,0.0032,0,0
known:FBXW7:t2d,rs9991574,known:AC002116.7:t2d,rs10418015,0.0033,0,0
known:FBXW7:t2d,rs9991574,known:DKFZP434I0714:t2d,rs9991574,1.0,1,1
known:FBXW7:t2d,rs9991574,known:hsa-mir-296:fbg,rs6026565,0.0019,0,0
known:FBXW7:t2d,rs9991574,new:PLAUR:cad,rs4760,0.0037,0,0
known:FBXW7:t2d,rs9991574,new:SLC12A3:cad,rs56228609,0.0065,0,0
known:FBXW7:t2d,rs9991574,new:C2orf49:t2d,rs4851758,0.0095,0,0
known:FBXW7:t2d,rs9991574,new:CWF19L1:t2d,rs17668357,0.0098,0,0
known:FBXW7:t2d,rs9991574,new:U6atac:t2d,rs12780155,0.0255,0,0
known:FBXW7:t2d,rs9991574,new:CD101:t2d,rs12130298,nan,0,0
known:FBXW7:t2d,rs9991574,new:TAGLN2:cad,rs2789422,0.0016,0,0
known:FBXW7:t2d,rs9991574,new:CCDC19:cad,rs2789422,0.0016,0,0
known:FBXW7:t2d,rs9991574,new:RBM6:t2d,rs2245365,0.0024,0,0
known:FBXW7:t2d,rs9991574,new:CNNM2:cad,rs11191447,nan,0,0
known:FBXW7:t2d,rs9991574,new:VSIG8:cad,rs2789422,0.0016,0,0
known:FBXW7:t2d,rs9991574,new:LAMC1:cad,rs11588675,0.0042,0,0
known:FBXW7:t2d,rs9991574,new:TPD52:fbg,rs2162229,0.0101,0,0
known:FBXW7:t2d,rs9991574,new:SENP6:cad,rs62414240,0.0097,0,0
known:FBXW7:t2d,rs9991574,new:RIC8A:cad,rs6598075,0.0302,0,0
known:FBXW7:t2d,rs9991574,new:HMGN3:cad,rs17787027,nan,0,0
known:FBXW7:t2d,rs9991574,new:MT3:fbg,rs1580833,0.0092,0,0
known:FBXW7:t2d,rs9991574,new:RPL13:t2d,rs113847672,0.0,0,0
known:FBXW7:t2d,rs9991574,new:ZBTB46:cad,rs6062322,0.0017,0,0
known:MTCH2:cad,rs143001834,known:CHD4:t2d,rs7969177,nan,0,0
known:MTCH2:cad,rs143001834,known:FAM184A:t2d,rs794249,nan,0,0
known:MTCH2:cad,rs143001834,known:MED23:t2d,rs2246012,nan,0,0
known:MTCH2:cad,rs143001834,known:MYB:cad,rs9376092,nan,0,0
known:MTCH2:cad,rs143001834,known:ARG1:t2d,rs2246012,nan,0,0
known:MTCH2:cad,rs143001834,known:ZNF430:cad,rs35717293,nan,0,0
known:MTCH2:cad,rs143001834,known:MLH3:cad,rs175065,nan,0,0
known:MTCH2:cad,rs143001834,known:EIF2B2:cad,rs175057,nan,0,0
known:MTCH2:cad,rs143001834,known:HERPUD2:t2d,rs2392376,nan,0,0
known:MTCH2:cad,rs143001834,known:FCHO1:cad,rs10402507,nan,0,0
known:MTCH2:cad,rs143001834,known:ZNF236:t2d,rs62113105,nan,0,0
known:MTCH2:cad,rs143001834,known:LPIN3:cad,rs6129773,nan,0,0
known:MTCH2:cad,rs143001834,known:SLC43A3:t2d,rs6591424,nan,0,0
known:MTCH2:cad,rs143001834,known:ISCA1:fbg,rs2147063,0.0004,0,0
known:MTCH2:cad,rs143001834,known:SAP130:cad,rs114192718,nan,0,0
known:MTCH2:cad,rs143001834,known:LOXL4:cad,rs11189523,nan,0,0
known:MTCH2:cad,rs143001834,known:KIF11:t2d,rs1111875,nan,0,0
known:MTCH2:cad,rs143001834,known:C18orf8:t2d,rs1788799,0.0001,0,0
known:MTCH2:cad,rs143001834,known:SH3BGRL3:t2d,rs7551751,0.0196,0,0
known:MTCH2:cad,rs143001834,known:LRIG1:t2d,rs17775391,nan,0,0
known:MTCH2:cad,rs143001834,known:DGKQ:cad,rs1377586,nan,0,0
known:MTCH2:cad,rs143001834,known:SPATA5:t2d,rs11098676,0.0098,0,0
known:MTCH2:cad,rs143001834,known:PDGFC:t2d,rs1425486,0.0045,0,0
known:MTCH2:cad,rs143001834,known:GIGYF1:t2d,rs506597,0.0083,0,0
known:MTCH2:cad,rs143001834,known:NRBF2:t2d,rs34119992,nan,0,0
known:MTCH2:cad,rs143001834,known:HSD17B12:t2d,rs1061810,nan,0,0
known:MTCH2:cad,rs143001834,known:WDR17:cad,rs72706320,nan,0,0
known:MTCH2:cad,rs143001834,known:CDC123:cad,rs36062557,0.003,0,0
known:MTCH2:cad,rs143001834,known:NTAN1:t2d,rs2280018,nan,0,0
known:MTCH2:cad,rs143001834,known:MED27:t2d,rs7043386,0.0222,0,0
known:MTCH2:cad,rs143001834,known:THAP8:t2d,rs12981654,nan,0,0
known:MTCH2:cad,rs143001834,known:PGAP3:cad,rs2952152,nan,0,0
known:MTCH2:cad,rs143001834,known:DCAF16:t2d,rs7667864,nan,0,0
known:MTCH2:cad,rs143001834,known:EIF5A2:t2d,rs8192675,nan,0,0
known:MTCH2:cad,rs143001834,known:RFT1:t2d,rs2336725,0.0385,0,0
known:MTCH2:cad,rs143001834,known:DAGLB:cad,rs13235365,nan,0,0
known:MTCH2:cad,rs143001834,known:NUDT5:t2d,rs11257655,nan,0,0
known:MTCH2:cad,rs143001834,known:ARL13B:t2d,rs62266124,nan,0,0
known:MTCH2:cad,rs143001834,known:SIK2:cad,rs567859,0.0506,0,0
known:MTCH2:cad,rs143001834,known:NRIP1:cad,rs2823165,nan,0,0
known:MTCH2:cad,rs143001834,known:TMEM136:cad,rs4938809,nan,0,0
known:MTCH2:cad,rs143001834,known:CAMK1D:t2d,rs11257655,nan,0,0
known:MTCH2:cad,rs143001834,known:ZBTB6:t2d,rs2239540,nan,0,0
known:MTCH2:cad,rs143001834,known:KCNJ11:t2d,rs757110,0.0398,0,0
known:MTCH2:cad,rs143001834,known:LDLRAD2:cad,rs114661372,nan,0,0
known:MTCH2:cad,rs143001834,known:BLOC1S2:t2d,rs17882802,nan,0,0
known:MTCH2:cad,rs143001834,known:ZNF34:t2d,rs4637890,0.0333,0,0
known:MTCH2:cad,rs143001834,known:C6orf106:cad,rs3800461,nan,0,0
known:MTCH2:cad,rs143001834,known:PARVA:t2d,rs4757405,0.0088,0,0
known:MTCH2:cad,rs143001834,known:HOXC4:cad,rs1133773,nan,0,0
known:MTCH2:cad,rs143001834,known:YTHDF2:t2d,rs3753693,nan,0,0
known:MTCH2:cad,rs143001834,known:RP11-98D18.9:cad,rs1521185,0.014,0,0
known:MTCH2:cad,rs143001834,known:SPDYE2:t2d,rs7781557,nan,0,0
known:MTCH2:cad,rs143001834,known:U6:cad,rs61776719,0.0566,0,0
known:MTCH2:cad,rs143001834,known:RP11-332O19.3:cad,rs11191472,nan,0,0
known:MTCH2:cad,rs143001834,known:ARHGAP19:t2d,rs8181326,0.0398,0,0
known:MTCH2:cad,rs143001834,known:BBIP1:t2d,rs10787287,0.0008,0,0
known:MTCH2:cad,rs143001834,known:FASTKD5:cad,rs860735,0.002,0,0
known:MTCH2:cad,rs143001834,known:RP5-1068B5.3:t2d,rs927204,nan,0,0
known:MTCH2:cad,rs143001834,known:MAST4-AS1:t2d,rs173651,nan,0,0
known:MTCH2:cad,rs143001834,known:LRRC37A15P:t2d,rs223490,nan,0,0
known:MTCH2:cad,rs143001834,known:PHBP9:t2d,rs11591741,nan,0,0
known:MTCH2:cad,rs143001834,known:RP11-176F3.7:t2d,rs1758632,0.0189,0,0
known:MTCH2:cad,rs143001834,known:RP4-756G23.5:t2d,rs85220,nan,0,0
known:MTCH2:cad,rs143001834,known:RP1-159A19.4:cad,rs17361686,nan,0,0
known:MTCH2:cad,rs143001834,known:SERBP1P3:t2d,rs4687701,0.0385,0,0
known:MTCH2:cad,rs143001834,known:RP11-464F9.1:t2d,rs7908825,0.0301,0,0
known:MTCH2:cad,rs143001834,known:CTD-2037K23.2:cad,rs16875368,nan,0,0
known:MTCH2:cad,rs143001834,known:AP000487.5:cad,rs34053053,nan,0,0
known:MTCH2:cad,rs143001834,known:CTD-2044J15.1:cad,rs4389656,nan,0,0
known:MTCH2:cad,rs143001834,known:KRT8P46:t2d,rs223490,nan,0,0
known:MTCH2:cad,rs143001834,known:RP11-10L12.2:t2d,rs223490,nan,0,0
known:MTCH2:cad,rs143001834,known:RP11-464F9.9:t2d,rs11000760,0.0301,0,0
known:MTCH2:cad,rs143001834,known:RP11-347C18.3:t2d,rs726816,0.0363,0,0
known:MTCH2:cad,rs143001834,known:ALG1L13P:t2d,rs7837587,nan,0,0
known:MTCH2:cad,rs143001834,known:HMBS:cad,rs4614,nan,0,0
known:MTCH2:cad,rs143001834,known:RP11-856B14.1:t2d,rs1194104,nan,0,0
known:MTCH2:cad,rs143001834,known:RP11-384M15.3:cad,rs1050362,nan,0,0
known:MTCH2:cad,rs143001834,known:RP11-51F16.5:t2d,rs7223412,nan,0,0
known:MTCH2:cad,rs143001834,known:MIR4513:cad,rs12442901,0.0225,0,0
known:MTCH2:cad,rs143001834,known:Metazoa_SRP:cad,rs11204675,nan,0,0
known:MTCH2:cad,rs143001834,known:Metazoa_SRP:cad,rs10888385,nan,0,0
known:MTCH2:cad,rs143001834,known:STRADA:t2d,rs11079508,nan,0,0
known:MTCH2:cad,rs143001834,known:RP11-552F3.10:cad,rs3760128,nan,0,0
known:MTCH2:cad,rs143001834,known:AC002116.7:t2d,rs10418015,nan,0,0
known:MTCH2:cad,rs143001834,known:DKFZP434I0714:t2d,rs9991574,nan,0,0
known:MTCH2:cad,rs143001834,known:hsa-mir-296:fbg,rs6026565,nan,0,0
known:MTCH2:cad,rs143001834,new:PLAUR:cad,rs4760,nan,0,0
known:MTCH2:cad,rs143001834,new:SLC12A3:cad,rs56228609,nan,0,0
known:MTCH2:cad,rs143001834,new:C2orf49:t2d,rs4851758,nan,0,0
known:MTCH2:cad,rs143001834,new:CWF19L1:t2d,rs17668357,nan,0,0
known:MTCH2:cad,rs143001834,new:U6atac:t2d,rs12780155,nan,0,0
known:MTCH2:cad,rs143001834,new:CD101:t2d,rs12130298,nan,0,0
known:MTCH2:cad,rs143001834,new:TAGLN2:cad,rs2789422,nan,0,0
known:MTCH2:cad,rs143001834,new:CCDC19:cad,rs2789422,nan,0,0
known:MTCH2:cad,rs143001834,new:RBM6:t2d,rs2245365,nan,0,0
known:MTCH2:cad,rs143001834,new:CNNM2:cad,rs11191447,nan,0,0
known:MTCH2:cad,rs143001834,new:VSIG8:cad,rs2789422,nan,0,0
known:MTCH2:cad,rs143001834,new:LAMC1:cad,rs11588675,nan,0,0
known:MTCH2:cad,rs143001834,new:TPD52:fbg,rs2162229,nan,0,0
known:MTCH2:cad,rs143001834,new:SENP6:cad,rs62414240,nan,0,0
known:MTCH2:cad,rs143001834,new:RIC8A:cad,rs6598075,nan,0,0
known:MTCH2:cad,rs143001834,new:HMGN3:cad,rs17787027,nan,0,0
known:MTCH2:cad,rs143001834,new:MT3:fbg,rs1580833,nan,0,0
known:MTCH2:cad,rs143001834,new:RPL13:t2d,rs113847672,nan,0,0
known:MTCH2:cad,rs143001834,new:ZBTB46:cad,rs6062322,nan,0,0
known:CHD4:t2d,rs7969177,known:FAM184A:t2d,rs794249,0.0175,0,0
known:CHD4:t2d,rs7969177,known:MED23:t2d,rs2246012,nan,0,0
known:CHD4:t2d,rs7969177,known:MYB:cad,rs9376092,0.001,0,0
known:CHD4:t2d,rs7969177,known:ARG1:t2d,rs2246012,nan,0,0
known:CHD4:t2d,rs7969177,known:ZNF430:cad,rs35717293,0.0008,0,0
known:CHD4:t2d,rs7969177,known:MLH3:cad,rs175065,0.0213,0,0
known:CHD4:t2d,rs7969177,known:EIF2B2:cad,rs175057,0.0187,0,0
known:CHD4:t2d,rs7969177,known:HERPUD2:t2d,rs2392376,0.0301,0,0
known:CHD4:t2d,rs7969177,known:FCHO1:cad,rs10402507,nan,0,0
known:CHD4:t2d,rs7969177,known:ZNF236:t2d,rs62113105,0.0004,0,0
known:CHD4:t2d,rs7969177,known:LPIN3:cad,rs6129773,0.0078,0,0
known:CHD4:t2d,rs7969177,known:SLC43A3:t2d,rs6591424,nan,0,0
known:CHD4:t2d,rs7969177,known:ISCA1:fbg,rs2147063,0.0008,0,0
known:CHD4:t2d,rs7969177,known:SAP130:cad,rs114192718,nan,0,0
known:CHD4:t2d,rs7969177,known:LOXL4:cad,rs11189523,0.0053,0,0
known:CHD4:t2d,rs7969177,known:KIF11:t2d,rs1111875,0.0017,0,0
known:CHD4:t2d,rs7969177,known:C18orf8:t2d,rs1788799,0.0011,0,0
known:CHD4:t2d,rs7969177,known:SH3BGRL3:t2d,rs7551751,0.0011,0,0
known:CHD4:t2d,rs7969177,known:LRIG1:t2d,rs17775391,0.0053,0,0
known:CHD4:t2d,rs7969177,known:DGKQ:cad,rs1377586,0.0041,0,0
known:CHD4:t2d,rs7969177,known:SPATA5:t2d,rs11098676,0.0229,0,0
known:CHD4:t2d,rs7969177,known:PDGFC:t2d,rs1425486,0.0194,0,0
known:CHD4:t2d,rs7969177,known:GIGYF1:t2d,rs506597,0.0038,0,0
known:CHD4:t2d,rs7969177,known:NRBF2:t2d,rs34119992,0.0342,0,0
known:CHD4:t2d,rs7969177,known:HSD17B12:t2d,rs1061810,0.0695,0,0
known:CHD4:t2d,rs7969177,known:WDR17:cad,rs72706320,nan,0,0
known:CHD4:t2d,rs7969177,known:CDC123:cad,rs36062557,0.0803,0,0
known:CHD4:t2d,rs7969177,known:NTAN1:t2d,rs2280018,0.0016,0,0
known:CHD4:t2d,rs7969177,known:MED27:t2d,rs7043386,0.0016,0,0
known:CHD4:t2d,rs7969177,known:THAP8:t2d,rs12981654,0.1901,0,0
known:CHD4:t2d,rs7969177,known:PGAP3:cad,rs2952152,0.0149,0,0
known:CHD4:t2d,rs7969177,known:DCAF16:t2d,rs7667864,0.0,0,0
known:CHD4:t2d,rs7969177,known:EIF5A2:t2d,rs8192675,0.0002,0,0
known:CHD4:t2d,rs7969177,known:RFT1:t2d,rs2336725,0.0038,0,0
known:CHD4:t2d,rs7969177,known:DAGLB:cad,rs13235365,nan,0,0
known:CHD4:t2d,rs7969177,known:NUDT5:t2d,rs11257655,nan,0,0
known:CHD4:t2d,rs7969177,known:ARL13B:t2d,rs62266124,0.0002,0,0
known:CHD4:t2d,rs7969177,known:SIK2:cad,rs567859,0.0346,0,0
known:CHD4:t2d,rs7969177,known:NRIP1:cad,rs2823165,0.0034,0,0
known:CHD4:t2d,rs7969177,known:TMEM136:cad,rs4938809,0.0023,0,0
known:CHD4:t2d,rs7969177,known:CAMK1D:t2d,rs11257655,nan,0,0
known:CHD4:t2d,rs7969177,known:ZBTB6:t2d,rs2239540,nan,0,0
known:CHD4:t2d,rs7969177,known:KCNJ11:t2d,rs757110,0.0001,0,0
known:CHD4:t2d,rs7969177,known:LDLRAD2:cad,rs114661372,nan,0,0
known:CHD4:t2d,rs7969177,known:BLOC1S2:t2d,rs17882802,0.0064,0,0
known:CHD4:t2d,rs7969177,known:ZNF34:t2d,rs4637890,0.0008,0,0
known:CHD4:t2d,rs7969177,known:C6orf106:cad,rs3800461,nan,0,0
known:CHD4:t2d,rs7969177,known:PARVA:t2d,rs4757405,0.0209,0,0
known:CHD4:t2d,rs7969177,known:HOXC4:cad,rs1133773,0.0113,0,0
known:CHD4:t2d,rs7969177,known:YTHDF2:t2d,rs3753693,0.0043,0,0
known:CHD4:t2d,rs7969177,known:RP11-98D18.9:cad,rs1521185,0.0039,0,0
known:CHD4:t2d,rs7969177,known:SPDYE2:t2d,rs7781557,nan,0,0
known:CHD4:t2d,rs7969177,known:U6:cad,rs61776719,0.0067,0,0
known:CHD4:t2d,rs7969177,known:RP11-332O19.3:cad,rs11191472,nan,0,0
known:CHD4:t2d,rs7969177,known:ARHGAP19:t2d,rs8181326,0.0222,0,0
known:CHD4:t2d,rs7969177,known:BBIP1:t2d,rs10787287,0.0187,0,0
known:CHD4:t2d,rs7969177,known:FASTKD5:cad,rs860735,0.0111,0,0
known:CHD4:t2d,rs7969177,known:RP5-1068B5.3:t2d,rs927204,nan,0,0
known:CHD4:t2d,rs7969177,known:MAST4-AS1:t2d,rs173651,0.0039,0,0
known:CHD4:t2d,rs7969177,known:LRRC37A15P:t2d,rs223490,0.0177,0,0
known:CHD4:t2d,rs7969177,known:PHBP9:t2d,rs11591741,0.0064,0,0
known:CHD4:t2d,rs7969177,known:RP11-176F3.7:t2d,rs1758632,0.0002,0,0
known:CHD4:t2d,rs7969177,known:RP4-756G23.5:t2d,rs85220,0.0297,0,0
known:CHD4:t2d,rs7969177,known:RP1-159A19.4:cad,rs17361686,nan,0,0
known:CHD4:t2d,rs7969177,known:SERBP1P3:t2d,rs4687701,0.0038,0,0
known:CHD4:t2d,rs7969177,known:RP11-464F9.1:t2d,rs7908825,0.0473,0,0
known:CHD4:t2d,rs7969177,known:CTD-2037K23.2:cad,rs16875368,0.0062,0,0
known:CHD4:t2d,rs7969177,known:AP000487.5:cad,rs34053053,nan,0,0
known:CHD4:t2d,rs7969177,known:CTD-2044J15.1:cad,rs4389656,0.0148,0,0
known:CHD4:t2d,rs7969177,known:KRT8P46:t2d,rs223490,0.0177,0,0
known:CHD4:t2d,rs7969177,known:RP11-10L12.2:t2d,rs223490,0.0177,0,0
known:CHD4:t2d,rs7969177,known:RP11-464F9.9:t2d,rs11000760,0.0473,0,0
known:CHD4:t2d,rs7969177,known:RP11-347C18.3:t2d,rs726816,0.0018,0,0
known:CHD4:t2d,rs7969177,known:ALG1L13P:t2d,rs7837587,0.001,0,0
known:CHD4:t2d,rs7969177,known:HMBS:cad,rs4614,0.0068,0,0
known:CHD4:t2d,rs7969177,known:RP11-856B14.1:t2d,rs1194104,nan,0,0
known:CHD4:t2d,rs7969177,known:RP11-384M15.3:cad,rs1050362,0.0018,0,0
known:CHD4:t2d,rs7969177,known:RP11-51F16.5:t2d,rs7223412,0.0227,0,0
known:CHD4:t2d,rs7969177,known:MIR4513:cad,rs12442901,0.0158,0,0
known:CHD4:t2d,rs7969177,known:Metazoa_SRP:cad,rs11204675,0.0003,0,0
known:CHD4:t2d,rs7969177,known:Metazoa_SRP:cad,rs10888385,0.0003,0,0
known:CHD4:t2d,rs7969177,known:STRADA:t2d,rs11079508,0.0227,0,0
known:CHD4:t2d,rs7969177,known:RP11-552F3.10:cad,rs3760128,0.0406,0,0
known:CHD4:t2d,rs7969177,known:AC002116.7:t2d,rs10418015,0.0458,0,0
known:CHD4:t2d,rs7969177,known:DKFZP434I0714:t2d,rs9991574,0.0001,0,0
known:CHD4:t2d,rs7969177,known:hsa-mir-296:fbg,rs6026565,nan,0,0
known:CHD4:t2d,rs7969177,new:PLAUR:cad,rs4760,nan,0,0
known:CHD4:t2d,rs7969177,new:SLC12A3:cad,rs56228609,0.0006,0,0
known:CHD4:t2d,rs7969177,new:C2orf49:t2d,rs4851758,nan,0,0
known:CHD4:t2d,rs7969177,new:CWF19L1:t2d,rs17668357,0.0064,0,0
known:CHD4:t2d,rs7969177,new:U6atac:t2d,rs12780155,nan,0,0
known:CHD4:t2d,rs7969177,new:CD101:t2d,rs12130298,nan,0,0
known:CHD4:t2d,rs7969177,new:TAGLN2:cad,rs2789422,0.029,0,0
known:CHD4:t2d,rs7969177,new:CCDC19:cad,rs2789422,0.029,0,0
known:CHD4:t2d,rs7969177,new:RBM6:t2d,rs2245365,0.0033,0,0
known:CHD4:t2d,rs7969177,new:CNNM2:cad,rs11191447,nan,0,0
known:CHD4:t2d,rs7969177,new:VSIG8:cad,rs2789422,0.029,0,0
known:CHD4:t2d,rs7969177,new:LAMC1:cad,rs11588675,0.0033,0,0
known:CHD4:t2d,rs7969177,new:TPD52:fbg,rs2162229,0.0052,0,0
known:CHD4:t2d,rs7969177,new:SENP6:cad,rs62414240,0.0153,0,0
known:CHD4:t2d,rs7969177,new:RIC8A:cad,rs6598075,nan,0,0
known:CHD4:t2d,rs7969177,new:HMGN3:cad,rs17787027,nan,0,0
known:CHD4:t2d,rs7969177,new:MT3:fbg,rs1580833,0.0484,0,0
known:CHD4:t2d,rs7969177,new:RPL13:t2d,rs113847672,nan,0,0
known:CHD4:t2d,rs7969177,new:ZBTB46:cad,rs6062322,nan,0,0
known:FAM184A:t2d,rs794249,known:MED23:t2d,rs2246012,0.0052,0,0
known:FAM184A:t2d,rs794249,known:MYB:cad,rs9376092,0.0035,0,0
known:FAM184A:t2d,rs794249,known:ARG1:t2d,rs2246012,0.0052,0,0
known:FAM184A:t2d,rs794249,known:ZNF430:cad,rs35717293,0.0001,0,0
known:FAM184A:t2d,rs794249,known:MLH3:cad,rs175065,0.0007,0,0
known:FAM184A:t2d,rs794249,known:EIF2B2:cad,rs175057,0.001,0,0
known:FAM184A:t2d,rs794249,known:HERPUD2:t2d,rs2392376,0.004,0,0
known:FAM184A:t2d,rs794249,known:FCHO1:cad,rs10402507,0.0114,0,0
known:FAM184A:t2d,rs794249,known:ZNF236:t2d,rs62113105,0.0046,0,0
known:FAM184A:t2d,rs794249,known:LPIN3:cad,rs6129773,0.0172,0,0
known:FAM184A:t2d,rs794249,known:SLC43A3:t2d,rs6591424,nan,0,0
known:FAM184A:t2d,rs794249,known:ISCA1:fbg,rs2147063,0.0,0,0
known:FAM184A:t2d,rs794249,known:SAP130:cad,rs114192718,nan,0,0
known:FAM184A:t2d,rs794249,known:LOXL4:cad,rs11189523,0.0024,0,0
known:FAM184A:t2d,rs794249,known:KIF11:t2d,rs1111875,0.0006,0,0
known:FAM184A:t2d,rs794249,known:C18orf8:t2d,rs1788799,0.0088,0,0
known:FAM184A:t2d,rs794249,known:SH3BGRL3:t2d,rs7551751,0.0013,0,0
known:FAM184A:t2d,rs794249,known:LRIG1:t2d,rs17775391,0.0011,0,0
known:FAM184A:t2d,rs794249,known:DGKQ:cad,rs1377586,0.0065,0,0
known:FAM184A:t2d,rs794249,known:SPATA5:t2d,rs11098676,0.0001,0,0
known:FAM184A:t2d,rs794249,known:PDGFC:t2d,rs1425486,0.0393,0,0
known:FAM184A:t2d,rs794249,known:GIGYF1:t2d,rs506597,0.0001,0,0
known:FAM184A:t2d,rs794249,known:NRBF2:t2d,rs34119992,0.0008,0,0
known:FAM184A:t2d,rs794249,known:HSD17B12:t2d,rs1061810,0.0078,0,0
known:FAM184A:t2d,rs794249,known:WDR17:cad,rs72706320,0.0075,0,0
known:FAM184A:t2d,rs794249,known:CDC123:cad,rs36062557,0.0014,0,0
known:FAM184A:t2d,rs794249,known:NTAN1:t2d,rs2280018,0.0008,0,0
known:FAM184A:t2d,rs794249,known:MED27:t2d,rs7043386,0.0018,0,0
known:FAM184A:t2d,rs794249,known:THAP8:t2d,rs12981654,0.0034,0,0
known:FAM184A:t2d,rs794249,known:PGAP3:cad,rs2952152,0.0013,0,0
known:FAM184A:t2d,rs794249,known:DCAF16:t2d,rs7667864,0.0018,0,0
known:FAM184A:t2d,rs794249,known:EIF5A2:t2d,rs8192675,0.0057,0,0
known:FAM184A:t2d,rs794249,known:RFT1:t2d,rs2336725,0.0002,0,0
known:FAM184A:t2d,rs794249,known:DAGLB:cad,rs13235365,0.0001,0,0
known:FAM184A:t2d,rs794249,known:NUDT5:t2d,rs11257655,0.0001,0,0
known:FAM184A:t2d,rs794249,known:ARL13B:t2d,rs62266124,0.0001,0,0
known:FAM184A:t2d,rs794249,known:SIK2:cad,rs567859,0.0038,0,0
known:FAM184A:t2d,rs794249,known:NRIP1:cad,rs2823165,0.0,0,0
known:FAM184A:t2d,rs794249,known:TMEM136:cad,rs4938809,0.005,0,0
known:FAM184A:t2d,rs794249,known:CAMK1D:t2d,rs11257655,0.0001,0,0
known:FAM184A:t2d,rs794249,known:ZBTB6:t2d,rs2239540,0.0164,0,0
known:FAM184A:t2d,rs794249,known:KCNJ11:t2d,rs757110,0.0003,0,0
known:FAM184A:t2d,rs794249,known:LDLRAD2:cad,rs114661372,0.0017,0,0
known:FAM184A:t2d,rs794249,known:BLOC1S2:t2d,rs17882802,0.0001,0,0
known:FAM184A:t2d,rs794249,known:ZNF34:t2d,rs4637890,0.0015,0,0
known:FAM184A:t2d,rs794249,known:C6orf106:cad,rs3800461,0.0139,0,0
known:FAM184A:t2d,rs794249,known:PARVA:t2d,rs4757405,0.0065,0,0
known:FAM184A:t2d,rs794249,known:HOXC4:cad,rs1133773,0.0016,0,0
known:FAM184A:t2d,rs794249,known:YTHDF2:t2d,rs3753693,0.0009,0,0
known:FAM184A:t2d,rs794249,known:RP11-98D18.9:cad,rs1521185,0.0063,0,0
known:FAM184A:t2d,rs794249,known:SPDYE2:t2d,rs7781557,0.0049,0,0
known:FAM184A:t2d,rs794249,known:U6:cad,rs61776719,0.0059,0,0
known:FAM184A:t2d,rs794249,known:RP11-332O19.3:cad,rs11191472,0.0953,0,0
known:FAM184A:t2d,rs794249,known:ARHGAP19:t2d,rs8181326,0.0008,0,0
known:FAM184A:t2d,rs794249,known:BBIP1:t2d,rs10787287,0.0045,0,0
known:FAM184A:t2d,rs794249,known:FASTKD5:cad,rs860735,0.0045,0,0
known:FAM184A:t2d,rs794249,known:RP5-1068B5.3:t2d,rs927204,0.0016,0,0
known:FAM184A:t2d,rs794249,known:MAST4-AS1:t2d,rs173651,0.0003,0,0
known:FAM184A:t2d,rs794249,known:LRRC37A15P:t2d,rs223490,0.0089,0,0
known:FAM184A:t2d,rs794249,known:PHBP9:t2d,rs11591741,0.0002,0,0
known:FAM184A:t2d,rs794249,known:RP11-176F3.7:t2d,rs1758632,0.0,0,0
known:FAM184A:t2d,rs794249,known:RP4-756G23.5:t2d,rs85220,0.0002,0,0
known:FAM184A:t2d,rs794249,known:RP1-159A19.4:cad,rs17361686,0.01,0,0
known:FAM184A:t2d,rs794249,known:SERBP1P3:t2d,rs4687701,0.0002,0,0
known:FAM184A:t2d,rs794249,known:RP11-464F9.1:t2d,rs7908825,0.002,0,0
known:FAM184A:t2d,rs794249,known:CTD-2037K23.2:cad,rs16875368,0.0052,0,0
known:FAM184A:t2d,rs794249,known:AP000487.5:cad,rs34053053,0.0014,0,0
known:FAM184A:t2d,rs794249,known:CTD-2044J15.1:cad,rs4389656,0.0052,0,0
known:FAM184A:t2d,rs794249,known:KRT8P46:t2d,rs223490,0.0089,0,0
known:FAM184A:t2d,rs794249,known:RP11-10L12.2:t2d,rs223490,0.0089,0,0
known:FAM184A:t2d,rs794249,known:RP11-464F9.9:t2d,rs11000760,0.0018,0,0
known:FAM184A:t2d,rs794249,known:RP11-347C18.3:t2d,rs726816,0.0025,0,0
known:FAM184A:t2d,rs794249,known:ALG1L13P:t2d,rs7837587,0.0023,0,0
known:FAM184A:t2d,rs794249,known:HMBS:cad,rs4614,0.0175,0,0
known:FAM184A:t2d,rs794249,known:RP11-856B14.1:t2d,rs1194104,0.0005,0,0
known:FAM184A:t2d,rs794249,known:RP11-384M15.3:cad,rs1050362,0.0002,0,0
known:FAM184A:t2d,rs794249,known:RP11-51F16.5:t2d,rs7223412,0.0003,0,0
known:FAM184A:t2d,rs794249,known:MIR4513:cad,rs12442901,0.001,0,0
known:FAM184A:t2d,rs794249,known:Metazoa_SRP:cad,rs11204675,0.0108,0,0
known:FAM184A:t2d,rs794249,known:Metazoa_SRP:cad,rs10888385,0.0108,0,0
known:FAM184A:t2d,rs794249,known:STRADA:t2d,rs11079508,0.0003,0,0
known:FAM184A:t2d,rs794249,known:RP11-552F3.10:cad,rs3760128,0.0013,0,0
known:FAM184A:t2d,rs794249,known:AC002116.7:t2d,rs10418015,0.0012,0,0
known:FAM184A:t2d,rs794249,known:DKFZP434I0714:t2d,rs9991574,0.012,0,0
known:FAM184A:t2d,rs794249,known:hsa-mir-296:fbg,rs6026565,0.0092,0,0
known:FAM184A:t2d,rs794249,new:PLAUR:cad,rs4760,0.0043,0,0
known:FAM184A:t2d,rs794249,new:SLC12A3:cad,rs56228609,0.0031,0,0
known:FAM184A:t2d,rs794249,new:C2orf49:t2d,rs4851758,0.0218,0,0
known:FAM184A:t2d,rs794249,new:CWF19L1:t2d,rs17668357,0.0001,0,0
known:FAM184A:t2d,rs794249,new:U6atac:t2d,rs12780155,0.0006,0,0
known:FAM184A:t2d,rs794249,new:CD101:t2d,rs12130298,0.0073,0,0
known:FAM184A:t2d,rs794249,new:TAGLN2:cad,rs2789422,0.0046,0,0
known:FAM184A:t2d,rs794249,new:CCDC19:cad,rs2789422,0.0046,0,0
known:FAM184A:t2d,rs794249,new:RBM6:t2d,rs2245365,0.0001,0,0
known:FAM184A:t2d,rs794249,new:CNNM2:cad,rs11191447,0.0953,0,0
known:FAM184A:t2d,rs794249,new:VSIG8:cad,rs2789422,0.0046,0,0
known:FAM184A:t2d,rs794249,new:LAMC1:cad,rs11588675,0.0192,0,0
known:FAM184A:t2d,rs794249,new:TPD52:fbg,rs2162229,0.0036,0,0
known:FAM184A:t2d,rs794249,new:SENP6:cad,rs62414240,0.0067,0,0
known:FAM184A:t2d,rs794249,new:RIC8A:cad,rs6598075,0.0001,0,0
known:FAM184A:t2d,rs794249,new:HMGN3:cad,rs17787027,nan,0,0
known:FAM184A:t2d,rs794249,new:MT3:fbg,rs1580833,0.0003,0,0
known:FAM184A:t2d,rs794249,new:RPL13:t2d,rs113847672,0.0189,0,0
known:FAM184A:t2d,rs794249,new:ZBTB46:cad,rs6062322,0.0001,0,0
known:MED23:t2d,rs2246012,known:MYB:cad,rs9376092,0.0295,0,0
known:MED23:t2d,rs2246012,known:ARG1:t2d,rs2246012,1.0,1,1
known:MED23:t2d,rs2246012,known:ZNF430:cad,rs35717293,0.0027,0,0
known:MED23:t2d,rs2246012,known:MLH3:cad,rs175065,0.003,0,0
known:MED23:t2d,rs2246012,known:EIF2B2:cad,rs175057,0.0025,0,0
known:MED23:t2d,rs2246012,known:HERPUD2:t2d,rs2392376,0.0066,0,0
known:MED23:t2d,rs2246012,known:FCHO1:cad,rs10402507,0.0113,0,0
known:MED23:t2d,rs2246012,known:ZNF236:t2d,rs62113105,0.0015,0,0
known:MED23:t2d,rs2246012,known:LPIN3:cad,rs6129773,0.0028,0,0
known:MED23:t2d,rs2246012,known:SLC43A3:t2d,rs6591424,nan,0,0
known:MED23:t2d,rs2246012,known:ISCA1:fbg,rs2147063,0.0003,0,0
known:MED23:t2d,rs2246012,known:SAP130:cad,rs114192718,nan,0,0
known:MED23:t2d,rs2246012,known:LOXL4:cad,rs11189523,0.0005,0,0
known:MED23:t2d,rs2246012,known:KIF11:t2d,rs1111875,0.0007,0,0
known:MED23:t2d,rs2246012,known:C18orf8:t2d,rs1788799,0.0001,0,0
known:MED23:t2d,rs2246012,known:SH3BGRL3:t2d,rs7551751,0.0365,0,0
known:MED23:t2d,rs2246012,known:LRIG1:t2d,rs17775391,0.0018,0,0
known:MED23:t2d,rs2246012,known:DGKQ:cad,rs1377586,0.0003,0,0
known:MED23:t2d,rs2246012,known:SPATA5:t2d,rs11098676,0.0044,0,0
known:MED23:t2d,rs2246012,known:PDGFC:t2d,rs1425486,0.0,0,0
known:MED23:t2d,rs2246012,known:GIGYF1:t2d,rs506597,0.0138,0,0
known:MED23:t2d,rs2246012,known:NRBF2:t2d,rs34119992,0.0095,0,0
known:MED23:t2d,rs2246012,known:HSD17B12:t2d,rs1061810,0.009,0,0
known:MED23:t2d,rs2246012,known:WDR17:cad,rs72706320,nan,0,0
known:MED23:t2d,rs2246012,known:CDC123:cad,rs36062557,0.009,0,0
known:MED23:t2d,rs2246012,known:NTAN1:t2d,rs2280018,0.0204,0,0
known:MED23:t2d,rs2246012,known:MED27:t2d,rs7043386,0.0,0,0
known:MED23:t2d,rs2246012,known:THAP8:t2d,rs12981654,0.0005,0,0
known:MED23:t2d,rs2246012,known:PGAP3:cad,rs2952152,0.0,0,0
known:MED23:t2d,rs2246012,known:DCAF16:t2d,rs7667864,0.0,0,0
known:MED23:t2d,rs2246012,known:EIF5A2:t2d,rs8192675,0.0941,0,0
known:MED23:t2d,rs2246012,known:RFT1:t2d,rs2336725,0.008,0,0
known:MED23:t2d,rs2246012,known:DAGLB:cad,rs13235365,0.0164,0,0
known:MED23:t2d,rs2246012,known:NUDT5:t2d,rs11257655,0.004,0,0
known:MED23:t2d,rs2246012,known:ARL13B:t2d,rs62266124,0.0251,0,0
known:MED23:t2d,rs2246012,known:SIK2:cad,rs567859,0.0005,0,0
known:MED23:t2d,rs2246012,known:NRIP1:cad,rs2823165,0.0035,0,0
known:MED23:t2d,rs2246012,known:TMEM136:cad,rs4938809,0.0197,0,0
known:MED23:t2d,rs2246012,known:CAMK1D:t2d,rs11257655,0.004,0,0
known:MED23:t2d,rs2246012,known:ZBTB6:t2d,rs2239540,nan,0,0
known:MED23:t2d,rs2246012,known:KCNJ11:t2d,rs757110,0.0047,0,0
known:MED23:t2d,rs2246012,known:LDLRAD2:cad,rs114661372,nan,0,0
known:MED23:t2d,rs2246012,known:BLOC1S2:t2d,rs17882802,0.0159,0,0
known:MED23:t2d,rs2246012,known:ZNF34:t2d,rs4637890,0.0067,0,0
known:MED23:t2d,rs2246012,known:C6orf106:cad,rs3800461,nan,0,0
known:MED23:t2d,rs2246012,known:PARVA:t2d,rs4757405,0.0102,0,0
known:MED23:t2d,rs2246012,known:HOXC4:cad,rs1133773,0.0012,0,0
known:MED23:t2d,rs2246012,known:YTHDF2:t2d,rs3753693,0.0063,0,0
known:MED23:t2d,rs2246012,known:RP11-98D18.9:cad,rs1521185,0.0091,0,0
known:MED23:t2d,rs2246012,known:SPDYE2:t2d,rs7781557,0.0195,0,0
known:MED23:t2d,rs2246012,known:U6:cad,rs61776719,0.0078,0,0
known:MED23:t2d,rs2246012,known:RP11-332O19.3:cad,rs11191472,nan,0,0
known:MED23:t2d,rs2246012,known:ARHGAP19:t2d,rs8181326,0.0016,0,0
known:MED23:t2d,rs2246012,known:BBIP1:t2d,rs10787287,0.0003,0,0
known:MED23:t2d,rs2246012,known:FASTKD5:cad,rs860735,0.0021,0,0
known:MED23:t2d,rs2246012,known:RP5-1068B5.3:t2d,rs927204,nan,0,0
known:MED23:t2d,rs2246012,known:MAST4-AS1:t2d,rs173651,0.0006,0,0
known:MED23:t2d,rs2246012,known:LRRC37A15P:t2d,rs223490,0.0009,0,0
known:MED23:t2d,rs2246012,known:PHBP9:t2d,rs11591741,0.0159,0,0
known:MED23:t2d,rs2246012,known:RP11-176F3.7:t2d,rs1758632,0.0011,0,0
known:MED23:t2d,rs2246012,known:RP4-756G23.5:t2d,rs85220,0.0,0,0
known:MED23:t2d,rs2246012,known:RP1-159A19.4:cad,rs17361686,nan,0,0
known:MED23:t2d,rs2246012,known:SERBP1P3:t2d,rs4687701,0.008,0,0
known:MED23:t2d,rs2246012,known:RP11-464F9.1:t2d,rs7908825,0.0002,0,0
known:MED23:t2d,rs2246012,known:CTD-2037K23.2:cad,rs16875368,0.0,0,0
known:MED23:t2d,rs2246012,known:AP000487.5:cad,rs34053053,nan,0,0
known:MED23:t2d,rs2246012,known:CTD-2044J15.1:cad,rs4389656,0.0004,0,0
known:MED23:t2d,rs2246012,known:KRT8P46:t2d,rs223490,0.0009,0,0
known:MED23:t2d,rs2246012,known:RP11-10L12.2:t2d,rs223490,0.0009,0,0
known:MED23:t2d,rs2246012,known:RP11-464F9.9:t2d,rs11000760,0.0002,0,0
known:MED23:t2d,rs2246012,known:RP11-347C18.3:t2d,rs726816,0.0137,0,0
known:MED23:t2d,rs2246012,known:ALG1L13P:t2d,rs7837587,0.011,0,0
known:MED23:t2d,rs2246012,known:HMBS:cad,rs4614,0.0024,0,0
known:MED23:t2d,rs2246012,known:RP11-856B14.1:t2d,rs1194104,0.0,0,0
known:MED23:t2d,rs2246012,known:RP11-384M15.3:cad,rs1050362,0.0007,0,0
known:MED23:t2d,rs2246012,known:RP11-51F16.5:t2d,rs7223412,0.0116,0,0
known:MED23:t2d,rs2246012,known:MIR4513:cad,rs12442901,0.04,0,0
known:MED23:t2d,rs2246012,known:Metazoa_SRP:cad,rs11204675,0.0,0,0
known:MED23:t2d,rs2246012,known:Metazoa_SRP:cad,rs10888385,0.0,0,0
known:MED23:t2d,rs2246012,known:STRADA:t2d,rs11079508,0.0116,0,0
known:MED23:t2d,rs2246012,known:RP11-552F3.10:cad,rs3760128,0.0226,0,0
known:MED23:t2d,rs2246012,known:AC002116.7:t2d,rs10418015,0.0009,0,0
known:MED23:t2d,rs2246012,known:DKFZP434I0714:t2d,rs9991574,0.0029,0,0
known:MED23:t2d,rs2246012,known:hsa-mir-296:fbg,rs6026565,nan,0,0
known:MED23:t2d,rs2246012,new:PLAUR:cad,rs4760,nan,0,0
known:MED23:t2d,rs2246012,new:SLC12A3:cad,rs56228609,0.0001,0,0
known:MED23:t2d,rs2246012,new:C2orf49:t2d,rs4851758,nan,0,0
known:MED23:t2d,rs2246012,new:CWF19L1:t2d,rs17668357,0.0159,0,0
known:MED23:t2d,rs2246012,new:U6atac:t2d,rs12780155,0.001,0,0
known:MED23:t2d,rs2246012,new:CD101:t2d,rs12130298,nan,0,0
known:MED23:t2d,rs2246012,new:TAGLN2:cad,rs2789422,0.0052,0,0
known:MED23:t2d,rs2246012,new:CCDC19:cad,rs2789422,0.0052,0,0
known:MED23:t2d,rs2246012,new:RBM6:t2d,rs2245365,0.0147,0,0
known:MED23:t2d,rs2246012,new:CNNM2:cad,rs11191447,nan,0,0
known:MED23:t2d,rs2246012,new:VSIG8:cad,rs2789422,0.0052,0,0
known:MED23:t2d,rs2246012,new:LAMC1:cad,rs11588675,0.0055,0,0
known:MED23:t2d,rs2246012,new:TPD52:fbg,rs2162229,0.0,0,0
known:MED23:t2d,rs2246012,new:SENP6:cad,rs62414240,0.0023,0,0
known:MED23:t2d,rs2246012,new:RIC8A:cad,rs6598075,0.0002,0,0
known:MED23:t2d,rs2246012,new:HMGN3:cad,rs17787027,nan,0,0
known:MED23:t2d,rs2246012,new:MT3:fbg,rs1580833,0.0093,0,0
known:MED23:t2d,rs2246012,new:RPL13:t2d,rs113847672,nan,0,0
known:MED23:t2d,rs2246012,new:ZBTB46:cad,rs6062322,0.0061,0,0
known:MYB:cad,rs9376092,known:ARG1:t2d,rs2246012,0.0295,0,0
known:MYB:cad,rs9376092,known:ZNF430:cad,rs35717293,0.0026,0,0
known:MYB:cad,rs9376092,known:MLH3:cad,rs175065,0.0164,0,0
known:MYB:cad,rs9376092,known:EIF2B2:cad,rs175057,0.0165,0,0
known:MYB:cad,rs9376092,known:HERPUD2:t2d,rs2392376,0.0319,0,0
known:MYB:cad,rs9376092,known:FCHO1:cad,rs10402507,0.0007,0,0
known:MYB:cad,rs9376092,known:ZNF236:t2d,rs62113105,0.0038,0,0
known:MYB:cad,rs9376092,known:LPIN3:cad,rs6129773,0.0375,0,0
known:MYB:cad,rs9376092,known:SLC43A3:t2d,rs6591424,nan,0,0
known:MYB:cad,rs9376092,known:ISCA1:fbg,rs2147063,0.0013,0,0
known:MYB:cad,rs9376092,known:SAP130:cad,rs114192718,nan,0,0
known:MYB:cad,rs9376092,known:LOXL4:cad,rs11189523,0.0033,0,0
known:MYB:cad,rs9376092,known:KIF11:t2d,rs1111875,0.0048,0,0
known:MYB:cad,rs9376092,known:C18orf8:t2d,rs1788799,0.0,0,0
known:MYB:cad,rs9376092,known:SH3BGRL3:t2d,rs7551751,0.0034,0,0
known:MYB:cad,rs9376092,known:LRIG1:t2d,rs17775391,0.0066,0,0
known:MYB:cad,rs9376092,known:DGKQ:cad,rs1377586,0.0122,0,0
known:MYB:cad,rs9376092,known:SPATA5:t2d,rs11098676,0.0041,0,0
known:MYB:cad,rs9376092,known:PDGFC:t2d,rs1425486,0.0004,0,0
known:MYB:cad,rs9376092,known:GIGYF1:t2d,rs506597,0.0119,0,0
known:MYB:cad,rs9376092,known:NRBF2:t2d,rs34119992,0.0024,0,0
known:MYB:cad,rs9376092,known:HSD17B12:t2d,rs1061810,0.0001,0,0
known:MYB:cad,rs9376092,known:WDR17:cad,rs72706320,nan,0,0
known:MYB:cad,rs9376092,known:CDC123:cad,rs36062557,0.0001,0,0
known:MYB:cad,rs9376092,known:NTAN1:t2d,rs2280018,0.0029,0,0
known:MYB:cad,rs9376092,known:MED27:t2d,rs7043386,0.0149,0,0
known:MYB:cad,rs9376092,known:THAP8:t2d,rs12981654,0.0029,0,0
known:MYB:cad,rs9376092,known:PGAP3:cad,rs2952152,0.0001,0,0
known:MYB:cad,rs9376092,known:DCAF16:t2d,rs7667864,0.0058,0,0
known:MYB:cad,rs9376092,known:EIF5A2:t2d,rs8192675,0.0015,0,0
known:MYB:cad,rs9376092,known:RFT1:t2d,rs2336725,0.0024,0,0
known:MYB:cad,rs9376092,known:DAGLB:cad,rs13235365,0.003,0,0
known:MYB:cad,rs9376092,known:NUDT5:t2d,rs11257655,0.0003,0,0
known:MYB:cad,rs9376092,known:ARL13B:t2d,rs62266124,0.0012,0,0
known:MYB:cad,rs9376092,known:SIK2:cad,rs567859,0.0101,0,0
known:MYB:cad,rs9376092,known:NRIP1:cad,rs2823165,0.0081,0,0
known:MYB:cad,rs9376092,known:TMEM136:cad,rs4938809,0.0001,0,0
known:MYB:cad,rs9376092,known:CAMK1D:t2d,rs11257655,0.0003,0,0
known:MYB:cad,rs9376092,known:ZBTB6:t2d,rs2239540,0.0099,0,0
known:MYB:cad,rs9376092,known:KCNJ11:t2d,rs757110,0.0034,0,0
known:MYB:cad,rs9376092,known:LDLRAD2:cad,rs114661372,0.0108,0,0
known:MYB:cad,rs9376092,known:BLOC1S2:t2d,rs17882802,0.0021,0,0
known:MYB:cad,rs9376092,known:ZNF34:t2d,rs4637890,0.0009,0,0
known:MYB:cad,rs9376092,known:C6orf106:cad,rs3800461,nan,0,0
known:MYB:cad,rs9376092,known:PARVA:t2d,rs4757405,0.004,0,0
known:MYB:cad,rs9376092,known:HOXC4:cad,rs1133773,0.0075,0,0
known:MYB:cad,rs9376092,known:YTHDF2:t2d,rs3753693,0.0023,0,0
known:MYB:cad,rs9376092,known:RP11-98D18.9:cad,rs1521185,0.0005,0,0
known:MYB:cad,rs9376092,known:SPDYE2:t2d,rs7781557,0.0016,0,0
known:MYB:cad,rs9376092,known:U6:cad,rs61776719,0.0021,0,0
known:MYB:cad,rs9376092,known:RP11-332O19.3:cad,rs11191472,nan,0,0
known:MYB:cad,rs9376092,known:ARHGAP19:t2d,rs8181326,0.0028,0,0
known:MYB:cad,rs9376092,known:BBIP1:t2d,rs10787287,0.001,0,0
known:MYB:cad,rs9376092,known:FASTKD5:cad,rs860735,0.003,0,0
known:MYB:cad,rs9376092,known:RP5-1068B5.3:t2d,rs927204,0.0102,0,0
known:MYB:cad,rs9376092,known:MAST4-AS1:t2d,rs173651,0.0024,0,0
known:MYB:cad,rs9376092,known:LRRC37A15P:t2d,rs223490,0.0006,0,0
known:MYB:cad,rs9376092,known:PHBP9:t2d,rs11591741,0.0021,0,0
known:MYB:cad,rs9376092,known:RP11-176F3.7:t2d,rs1758632,0.0005,0,0
known:MYB:cad,rs9376092,known:RP4-756G23.5:t2d,rs85220,0.0256,0,0
known:MYB:cad,rs9376092,known:RP1-159A19.4:cad,rs17361686,0.0114,0,0
known:MYB:cad,rs9376092,known:SERBP1P3:t2d,rs4687701,0.0024,0,0
known:MYB:cad,rs9376092,known:RP11-464F9.1:t2d,rs7908825,0.0002,0,0
known:MYB:cad,rs9376092,known:CTD-2037K23.2:cad,rs16875368,0.0001,0,0
known:MYB:cad,rs9376092,known:AP000487.5:cad,rs34053053,0.0171,0,0
known:MYB:cad,rs9376092,known:CTD-2044J15.1:cad,rs4389656,0.0023,0,0
known:MYB:cad,rs9376092,known:KRT8P46:t2d,rs223490,0.0006,0,0
known:MYB:cad,rs9376092,known:RP11-10L12.2:t2d,rs223490,0.0006,0,0
known:MYB:cad,rs9376092,known:RP11-464F9.9:t2d,rs11000760,0.0001,0,0
known:MYB:cad,rs9376092,known:RP11-347C18.3:t2d,rs726816,0.0033,0,0
known:MYB:cad,rs9376092,known:ALG1L13P:t2d,rs7837587,0.0087,0,0
known:MYB:cad,rs9376092,known:HMBS:cad,rs4614,0.001,0,0
known:MYB:cad,rs9376092,known:RP11-856B14.1:t2d,rs1194104,0.0002,0,0
known:MYB:cad,rs9376092,known:RP11-384M15.3:cad,rs1050362,0.0255,0,0
known:MYB:cad,rs9376092,known:RP11-51F16.5:t2d,rs7223412,0.0127,0,0
known:MYB:cad,rs9376092,known:MIR4513:cad,rs12442901,0.0061,0,0
known:MYB:cad,rs9376092,known:Metazoa_SRP:cad,rs11204675,0.0041,0,0
known:MYB:cad,rs9376092,known:Metazoa_SRP:cad,rs10888385,0.0041,0,0
known:MYB:cad,rs9376092,known:STRADA:t2d,rs11079508,0.0127,0,0
known:MYB:cad,rs9376092,known:RP11-552F3.10:cad,rs3760128,0.0012,0,0
known:MYB:cad,rs9376092,known:AC002116.7:t2d,rs10418015,0.0002,0,0
known:MYB:cad,rs9376092,known:DKFZP434I0714:t2d,rs9991574,0.0056,0,0
known:MYB:cad,rs9376092,known:hsa-mir-296:fbg,rs6026565,0.0128,0,0
known:MYB:cad,rs9376092,new:PLAUR:cad,rs4760,0.0068,0,0
known:MYB:cad,rs9376092,new:SLC12A3:cad,rs56228609,0.0013,0,0
known:MYB:cad,rs9376092,new:C2orf49:t2d,rs4851758,nan,0,0
known:MYB:cad,rs9376092,new:CWF19L1:t2d,rs17668357,0.0021,0,0
known:MYB:cad,rs9376092,new:U6atac:t2d,rs12780155,0.0025,0,0
known:MYB:cad,rs9376092,new:CD101:t2d,rs12130298,nan,0,0
known:MYB:cad,rs9376092,new:TAGLN2:cad,rs2789422,0.0169,0,0
known:MYB:cad,rs9376092,new:CCDC19:cad,rs2789422,0.0169,0,0
known:MYB:cad,rs9376092,new:RBM6:t2d,rs2245365,0.0012,0,0
known:MYB:cad,rs9376092,new:CNNM2:cad,rs11191447,nan,0,0
known:MYB:cad,rs9376092,new:VSIG8:cad,rs2789422,0.0169,0,0
known:MYB:cad,rs9376092,new:LAMC1:cad,rs11588675,0.0,0,0
known:MYB:cad,rs9376092,new:TPD52:fbg,rs2162229,0.0014,0,0
known:MYB:cad,rs9376092,new:SENP6:cad,rs62414240,0.001,0,0
known:MYB:cad,rs9376092,new:RIC8A:cad,rs6598075,0.0,0,0
known:MYB:cad,rs9376092,new:HMGN3:cad,rs17787027,nan,0,0
known:MYB:cad,rs9376092,new:MT3:fbg,rs1580833,0.0007,0,0
known:MYB:cad,rs9376092,new:RPL13:t2d,rs113847672,0.0001,0,0
known:MYB:cad,rs9376092,new:ZBTB46:cad,rs6062322,0.0064,0,0
known:ARG1:t2d,rs2246012,known:ZNF430:cad,rs35717293,0.0027,0,0
known:ARG1:t2d,rs2246012,known:MLH3:cad,rs175065,0.003,0,0
known:ARG1:t2d,rs2246012,known:EIF2B2:cad,rs175057,0.0025,0,0
known:ARG1:t2d,rs2246012,known:HERPUD2:t2d,rs2392376,0.0066,0,0
known:ARG1:t2d,rs2246012,known:FCHO1:cad,rs10402507,0.0113,0,0
known:ARG1:t2d,rs2246012,known:ZNF236:t2d,rs62113105,0.0015,0,0
known:ARG1:t2d,rs2246012,known:LPIN3:cad,rs6129773,0.0028,0,0
known:ARG1:t2d,rs2246012,known:SLC43A3:t2d,rs6591424,nan,0,0
known:ARG1:t2d,rs2246012,known:ISCA1:fbg,rs2147063,0.0003,0,0
known:ARG1:t2d,rs2246012,known:SAP130:cad,rs114192718,nan,0,0
known:ARG1:t2d,rs2246012,known:LOXL4:cad,rs11189523,0.0005,0,0
known:ARG1:t2d,rs2246012,known:KIF11:t2d,rs1111875,0.0007,0,0
known:ARG1:t2d,rs2246012,known:C18orf8:t2d,rs1788799,0.0001,0,0
known:ARG1:t2d,rs2246012,known:SH3BGRL3:t2d,rs7551751,0.0365,0,0
known:ARG1:t2d,rs2246012,known:LRIG1:t2d,rs17775391,0.0018,0,0
known:ARG1:t2d,rs2246012,known:DGKQ:cad,rs1377586,0.0003,0,0
known:ARG1:t2d,rs2246012,known:SPATA5:t2d,rs11098676,0.0044,0,0
known:ARG1:t2d,rs2246012,known:PDGFC:t2d,rs1425486,0.0,0,0
known:ARG1:t2d,rs2246012,known:GIGYF1:t2d,rs506597,0.0138,0,0
known:ARG1:t2d,rs2246012,known:NRBF2:t2d,rs34119992,0.0095,0,0
known:ARG1:t2d,rs2246012,known:HSD17B12:t2d,rs1061810,0.009,0,0
known:ARG1:t2d,rs2246012,known:WDR17:cad,rs72706320,nan,0,0
known:ARG1:t2d,rs2246012,known:CDC123:cad,rs36062557,0.009,0,0
known:ARG1:t2d,rs2246012,known:NTAN1:t2d,rs2280018,0.0204,0,0
known:ARG1:t2d,rs2246012,known:MED27:t2d,rs7043386,0.0,0,0
known:ARG1:t2d,rs2246012,known:THAP8:t2d,rs12981654,0.0005,0,0
known:ARG1:t2d,rs2246012,known:PGAP3:cad,rs2952152,0.0,0,0
known:ARG1:t2d,rs2246012,known:DCAF16:t2d,rs7667864,0.0,0,0
known:ARG1:t2d,rs2246012,known:EIF5A2:t2d,rs8192675,0.0941,0,0
known:ARG1:t2d,rs2246012,known:RFT1:t2d,rs2336725,0.008,0,0
known:ARG1:t2d,rs2246012,known:DAGLB:cad,rs13235365,0.0164,0,0
known:ARG1:t2d,rs2246012,known:NUDT5:t2d,rs11257655,0.004,0,0
known:ARG1:t2d,rs2246012,known:ARL13B:t2d,rs62266124,0.0251,0,0
known:ARG1:t2d,rs2246012,known:SIK2:cad,rs567859,0.0005,0,0
known:ARG1:t2d,rs2246012,known:NRIP1:cad,rs2823165,0.0035,0,0
known:ARG1:t2d,rs2246012,known:TMEM136:cad,rs4938809,0.0197,0,0
known:ARG1:t2d,rs2246012,known:CAMK1D:t2d,rs11257655,0.004,0,0
known:ARG1:t2d,rs2246012,known:ZBTB6:t2d,rs2239540,nan,0,0
known:ARG1:t2d,rs2246012,known:KCNJ11:t2d,rs757110,0.0047,0,0
known:ARG1:t2d,rs2246012,known:LDLRAD2:cad,rs114661372,nan,0,0
known:ARG1:t2d,rs2246012,known:BLOC1S2:t2d,rs17882802,0.0159,0,0
known:ARG1:t2d,rs2246012,known:ZNF34:t2d,rs4637890,0.0067,0,0
known:ARG1:t2d,rs2246012,known:C6orf106:cad,rs3800461,nan,0,0
known:ARG1:t2d,rs2246012,known:PARVA:t2d,rs4757405,0.0102,0,0
known:ARG1:t2d,rs2246012,known:HOXC4:cad,rs1133773,0.0012,0,0
known:ARG1:t2d,rs2246012,known:YTHDF2:t2d,rs3753693,0.0063,0,0
known:ARG1:t2d,rs2246012,known:RP11-98D18.9:cad,rs1521185,0.0091,0,0
known:ARG1:t2d,rs2246012,known:SPDYE2:t2d,rs7781557,0.0195,0,0
known:ARG1:t2d,rs2246012,known:U6:cad,rs61776719,0.0078,0,0
known:ARG1:t2d,rs2246012,known:RP11-332O19.3:cad,rs11191472,nan,0,0
known:ARG1:t2d,rs2246012,known:ARHGAP19:t2d,rs8181326,0.0016,0,0
known:ARG1:t2d,rs2246012,known:BBIP1:t2d,rs10787287,0.0003,0,0
known:ARG1:t2d,rs2246012,known:FASTKD5:cad,rs860735,0.0021,0,0
known:ARG1:t2d,rs2246012,known:RP5-1068B5.3:t2d,rs927204,nan,0,0
known:ARG1:t2d,rs2246012,known:MAST4-AS1:t2d,rs173651,0.0006,0,0
known:ARG1:t2d,rs2246012,known:LRRC37A15P:t2d,rs223490,0.0009,0,0
known:ARG1:t2d,rs2246012,known:PHBP9:t2d,rs11591741,0.0159,0,0
known:ARG1:t2d,rs2246012,known:RP11-176F3.7:t2d,rs1758632,0.0011,0,0
known:ARG1:t2d,rs2246012,known:RP4-756G23.5:t2d,rs85220,0.0,0,0
known:ARG1:t2d,rs2246012,known:RP1-159A19.4:cad,rs17361686,nan,0,0
known:ARG1:t2d,rs2246012,known:SERBP1P3:t2d,rs4687701,0.008,0,0
known:ARG1:t2d,rs2246012,known:RP11-464F9.1:t2d,rs7908825,0.0002,0,0
known:ARG1:t2d,rs2246012,known:CTD-2037K23.2:cad,rs16875368,0.0,0,0
known:ARG1:t2d,rs2246012,known:AP000487.5:cad,rs34053053,nan,0,0
known:ARG1:t2d,rs2246012,known:CTD-2044J15.1:cad,rs4389656,0.0004,0,0
known:ARG1:t2d,rs2246012,known:KRT8P46:t2d,rs223490,0.0009,0,0
known:ARG1:t2d,rs2246012,known:RP11-10L12.2:t2d,rs223490,0.0009,0,0
known:ARG1:t2d,rs2246012,known:RP11-464F9.9:t2d,rs11000760,0.0002,0,0
known:ARG1:t2d,rs2246012,known:RP11-347C18.3:t2d,rs726816,0.0137,0,0
known:ARG1:t2d,rs2246012,known:ALG1L13P:t2d,rs7837587,0.011,0,0
known:ARG1:t2d,rs2246012,known:HMBS:cad,rs4614,0.0024,0,0
known:ARG1:t2d,rs2246012,known:RP11-856B14.1:t2d,rs1194104,0.0,0,0
known:ARG1:t2d,rs2246012,known:RP11-384M15.3:cad,rs1050362,0.0007,0,0
known:ARG1:t2d,rs2246012,known:RP11-51F16.5:t2d,rs7223412,0.0116,0,0
known:ARG1:t2d,rs2246012,known:MIR4513:cad,rs12442901,0.04,0,0
known:ARG1:t2d,rs2246012,known:Metazoa_SRP:cad,rs11204675,0.0,0,0
known:ARG1:t2d,rs2246012,known:Metazoa_SRP:cad,rs10888385,0.0,0,0
known:ARG1:t2d,rs2246012,known:STRADA:t2d,rs11079508,0.0116,0,0
known:ARG1:t2d,rs2246012,known:RP11-552F3.10:cad,rs3760128,0.0226,0,0
known:ARG1:t2d,rs2246012,known:AC002116.7:t2d,rs10418015,0.0009,0,0
known:ARG1:t2d,rs2246012,known:DKFZP434I0714:t2d,rs9991574,0.0029,0,0
known:ARG1:t2d,rs2246012,known:hsa-mir-296:fbg,rs6026565,nan,0,0
known:ARG1:t2d,rs2246012,new:PLAUR:cad,rs4760,nan,0,0
known:ARG1:t2d,rs2246012,new:SLC12A3:cad,rs56228609,0.0001,0,0
known:ARG1:t2d,rs2246012,new:C2orf49:t2d,rs4851758,nan,0,0
known:ARG1:t2d,rs2246012,new:CWF19L1:t2d,rs17668357,0.0159,0,0
known:ARG1:t2d,rs2246012,new:U6atac:t2d,rs12780155,0.001,0,0
known:ARG1:t2d,rs2246012,new:CD101:t2d,rs12130298,nan,0,0
known:ARG1:t2d,rs2246012,new:TAGLN2:cad,rs2789422,0.0052,0,0
known:ARG1:t2d,rs2246012,new:CCDC19:cad,rs2789422,0.0052,0,0
known:ARG1:t2d,rs2246012,new:RBM6:t2d,rs2245365,0.0147,0,0
known:ARG1:t2d,rs2246012,new:CNNM2:cad,rs11191447,nan,0,0
known:ARG1:t2d,rs2246012,new:VSIG8:cad,rs2789422,0.0052,0,0
known:ARG1:t2d,rs2246012,new:LAMC1:cad,rs11588675,0.0055,0,0
known:ARG1:t2d,rs2246012,new:TPD52:fbg,rs2162229,0.0,0,0
known:ARG1:t2d,rs2246012,new:SENP6:cad,rs62414240,0.0023,0,0
known:ARG1:t2d,rs2246012,new:RIC8A:cad,rs6598075,0.0002,0,0
known:ARG1:t2d,rs2246012,new:HMGN3:cad,rs17787027,nan,0,0
known:ARG1:t2d,rs2246012,new:MT3:fbg,rs1580833,0.0093,0,0
known:ARG1:t2d,rs2246012,new:RPL13:t2d,rs113847672,nan,0,0
known:ARG1:t2d,rs2246012,new:ZBTB46:cad,rs6062322,0.0061,0,0
known:ZNF430:cad,rs35717293,known:MLH3:cad,rs175065,0.001,0,0
known:ZNF430:cad,rs35717293,known:EIF2B2:cad,rs175057,0.0016,0,0
known:ZNF430:cad,rs35717293,known:HERPUD2:t2d,rs2392376,0.0017,0,0
known:ZNF430:cad,rs35717293,known:FCHO1:cad,rs10402507,0.0004,0,0
known:ZNF430:cad,rs35717293,known:ZNF236:t2d,rs62113105,0.0013,0,0
known:ZNF430:cad,rs35717293,known:LPIN3:cad,rs6129773,0.0006,0,0
known:ZNF430:cad,rs35717293,known:SLC43A3:t2d,rs6591424,nan,0,0
known:ZNF430:cad,rs35717293,known:ISCA1:fbg,rs2147063,0.0017,0,0
known:ZNF430:cad,rs35717293,known:SAP130:cad,rs114192718,nan,0,0
known:ZNF430:cad,rs35717293,known:LOXL4:cad,rs11189523,0.0024,0,0
known:ZNF430:cad,rs35717293,known:KIF11:t2d,rs1111875,0.0003,0,0
known:ZNF430:cad,rs35717293,known:C18orf8:t2d,rs1788799,0.0005,0,0
known:ZNF430:cad,rs35717293,known:SH3BGRL3:t2d,rs7551751,0.0007,0,0
known:ZNF430:cad,rs35717293,known:LRIG1:t2d,rs17775391,0.0074,0,0
known:ZNF430:cad,rs35717293,known:DGKQ:cad,rs1377586,0.0008,0,0
known:ZNF430:cad,rs35717293,known:SPATA5:t2d,rs11098676,0.0009,0,0
known:ZNF430:cad,rs35717293,known:PDGFC:t2d,rs1425486,0.0151,0,0
known:ZNF430:cad,rs35717293,known:GIGYF1:t2d,rs506597,0.0192,0,0
known:ZNF430:cad,rs35717293,known:NRBF2:t2d,rs34119992,0.0142,0,0
known:ZNF430:cad,rs35717293,known:HSD17B12:t2d,rs1061810,0.0096,0,0
known:ZNF430:cad,rs35717293,known:WDR17:cad,rs72706320,0.0476,0,0
known:ZNF430:cad,rs35717293,known:CDC123:cad,rs36062557,0.0008,0,0
known:ZNF430:cad,rs35717293,known:NTAN1:t2d,rs2280018,0.0,0,0
known:ZNF430:cad,rs35717293,known:MED27:t2d,rs7043386,0.003,0,0
known:ZNF430:cad,rs35717293,known:THAP8:t2d,rs12981654,0.0078,0,0
known:ZNF430:cad,rs35717293,known:PGAP3:cad,rs2952152,0.0006,0,0
known:ZNF430:cad,rs35717293,known:DCAF16:t2d,rs7667864,0.0001,0,0
known:ZNF430:cad,rs35717293,known:EIF5A2:t2d,rs8192675,0.0057,0,0
known:ZNF430:cad,rs35717293,known:RFT1:t2d,rs2336725,0.005,0,0
known:ZNF430:cad,rs35717293,known:DAGLB:cad,rs13235365,0.0014,0,0
known:ZNF430:cad,rs35717293,known:NUDT5:t2d,rs11257655,0.0124,0,0
known:ZNF430:cad,rs35717293,known:ARL13B:t2d,rs62266124,0.0161,0,0
known:ZNF430:cad,rs35717293,known:SIK2:cad,rs567859,0.0006,0,0
known:ZNF430:cad,rs35717293,known:NRIP1:cad,rs2823165,0.0013,0,0
known:ZNF430:cad,rs35717293,known:TMEM136:cad,rs4938809,0.0074,0,0
known:ZNF430:cad,rs35717293,known:CAMK1D:t2d,rs11257655,0.0124,0,0
known:ZNF430:cad,rs35717293,known:ZBTB6:t2d,rs2239540,0.001,0,0
known:ZNF430:cad,rs35717293,known:KCNJ11:t2d,rs757110,0.0033,0,0
known:ZNF430:cad,rs35717293,known:LDLRAD2:cad,rs114661372,0.0165,0,0
known:ZNF430:cad,rs35717293,known:BLOC1S2:t2d,rs17882802,0.0044,0,0
known:ZNF430:cad,rs35717293,known:ZNF34:t2d,rs4637890,0.0005,0,0
known:ZNF430:cad,rs35717293,known:C6orf106:cad,rs3800461,0.0111,0,0
known:ZNF430:cad,rs35717293,known:PARVA:t2d,rs4757405,0.0069,0,0
known:ZNF430:cad,rs35717293,known:HOXC4:cad,rs1133773,0.0026,0,0
known:ZNF430:cad,rs35717293,known:YTHDF2:t2d,rs3753693,0.0108,0,0
known:ZNF430:cad,rs35717293,known:RP11-98D18.9:cad,rs1521185,0.0015,0,0
known:ZNF430:cad,rs35717293,known:SPDYE2:t2d,rs7781557,0.0001,0,0
known:ZNF430:cad,rs35717293,known:U6:cad,rs61776719,0.0002,0,0
known:ZNF430:cad,rs35717293,known:RP11-332O19.3:cad,rs11191472,0.0364,0,0
known:ZNF430:cad,rs35717293,known:ARHGAP19:t2d,rs8181326,0.0,0,0
known:ZNF430:cad,rs35717293,known:BBIP1:t2d,rs10787287,0.0003,0,0
known:ZNF430:cad,rs35717293,known:FASTKD5:cad,rs860735,0.0075,0,0
known:ZNF430:cad,rs35717293,known:RP5-1068B5.3:t2d,rs927204,0.0015,0,0
known:ZNF430:cad,rs35717293,known:MAST4-AS1:t2d,rs173651,0.0014,0,0
known:ZNF430:cad,rs35717293,known:LRRC37A15P:t2d,rs223490,0.0007,0,0
known:ZNF430:cad,rs35717293,known:PHBP9:t2d,rs11591741,0.0044,0,0
known:ZNF430:cad,rs35717293,known:RP11-176F3.7:t2d,rs1758632,0.0008,0,0
known:ZNF430:cad,rs35717293,known:RP4-756G23.5:t2d,rs85220,0.0015,0,0
known:ZNF430:cad,rs35717293,known:RP1-159A19.4:cad,rs17361686,0.0219,0,0
known:ZNF430:cad,rs35717293,known:SERBP1P3:t2d,rs4687701,0.005,0,0
known:ZNF430:cad,rs35717293,known:RP11-464F9.1:t2d,rs7908825,0.0003,0,0
known:ZNF430:cad,rs35717293,known:CTD-2037K23.2:cad,rs16875368,0.001,0,0
known:ZNF430:cad,rs35717293,known:AP000487.5:cad,rs34053053,0.0144,0,0
known:ZNF430:cad,rs35717293,known:CTD-2044J15.1:cad,rs4389656,0.0007,0,0
known:ZNF430:cad,rs35717293,known:KRT8P46:t2d,rs223490,0.0007,0,0
known:ZNF430:cad,rs35717293,known:RP11-10L12.2:t2d,rs223490,0.0007,0,0
known:ZNF430:cad,rs35717293,known:RP11-464F9.9:t2d,rs11000760,0.0001,0,0
known:ZNF430:cad,rs35717293,known:RP11-347C18.3:t2d,rs726816,0.0057,0,0
known:ZNF430:cad,rs35717293,known:ALG1L13P:t2d,rs7837587,0.0006,0,0
known:ZNF430:cad,rs35717293,known:HMBS:cad,rs4614,0.001,0,0
known:ZNF430:cad,rs35717293,known:RP11-856B14.1:t2d,rs1194104,0.0093,0,0
known:ZNF430:cad,rs35717293,known:RP11-384M15.3:cad,rs1050362,0.0041,0,0
known:ZNF430:cad,rs35717293,known:RP11-51F16.5:t2d,rs7223412,0.0018,0,0
known:ZNF430:cad,rs35717293,known:MIR4513:cad,rs12442901,0.0001,0,0
known:ZNF430:cad,rs35717293,known:Metazoa_SRP:cad,rs11204675,0.0016,0,0
known:ZNF430:cad,rs35717293,known:Metazoa_SRP:cad,rs10888385,0.0016,0,0
known:ZNF430:cad,rs35717293,known:STRADA:t2d,rs11079508,0.0018,0,0
known:ZNF430:cad,rs35717293,known:RP11-552F3.10:cad,rs3760128,0.0043,0,0
known:ZNF430:cad,rs35717293,known:AC002116.7:t2d,rs10418015,0.0039,0,0
known:ZNF430:cad,rs35717293,known:DKFZP434I0714:t2d,rs9991574,0.0024,0,0
known:ZNF430:cad,rs35717293,known:hsa-mir-296:fbg,rs6026565,0.0019,0,0
known:ZNF430:cad,rs35717293,new:PLAUR:cad,rs4760,0.0003,0,0
known:ZNF430:cad,rs35717293,new:SLC12A3:cad,rs56228609,0.0089,0,0
known:ZNF430:cad,rs35717293,new:C2orf49:t2d,rs4851758,0.0057,0,0
known:ZNF430:cad,rs35717293,new:CWF19L1:t2d,rs17668357,0.0044,0,0
known:ZNF430:cad,rs35717293,new:U6atac:t2d,rs12780155,0.0106,0,0
known:ZNF430:cad,rs35717293,new:CD101:t2d,rs12130298,0.0003,0,0
known:ZNF430:cad,rs35717293,new:TAGLN2:cad,rs2789422,0.0063,0,0
known:ZNF430:cad,rs35717293,new:CCDC19:cad,rs2789422,0.0063,0,0
known:ZNF430:cad,rs35717293,new:RBM6:t2d,rs2245365,0.0003,0,0
known:ZNF430:cad,rs35717293,new:CNNM2:cad,rs11191447,0.0364,0,0
known:ZNF430:cad,rs35717293,new:VSIG8:cad,rs2789422,0.0063,0,0
known:ZNF430:cad,rs35717293,new:LAMC1:cad,rs11588675,0.003,0,0
known:ZNF430:cad,rs35717293,new:TPD52:fbg,rs2162229,0.0025,0,0
known:ZNF430:cad,rs35717293,new:SENP6:cad,rs62414240,0.0002,0,0
known:ZNF430:cad,rs35717293,new:RIC8A:cad,rs6598075,0.0019,0,0
known:ZNF430:cad,rs35717293,new:HMGN3:cad,rs17787027,0.0008,0,0
known:ZNF430:cad,rs35717293,new:MT3:fbg,rs1580833,0.0069,0,0
known:ZNF430:cad,rs35717293,new:RPL13:t2d,rs113847672,0.0531,0,0
known:ZNF430:cad,rs35717293,new:ZBTB46:cad,rs6062322,0.0,0,0
known:MLH3:cad,rs175065,known:EIF2B2:cad,rs175057,0.9605,1,1
known:MLH3:cad,rs175065,known:HERPUD2:t2d,rs2392376,0.0001,0,0
known:MLH3:cad,rs175065,known:FCHO1:cad,rs10402507,0.0007,0,0
known:MLH3:cad,rs175065,known:ZNF236:t2d,rs62113105,0.0,0,0
known:MLH3:cad,rs175065,known:LPIN3:cad,rs6129773,0.0086,0,0
known:MLH3:cad,rs175065,known:SLC43A3:t2d,rs6591424,nan,0,0
known:MLH3:cad,rs175065,known:ISCA1:fbg,rs2147063,0.0056,0,0
known:MLH3:cad,rs175065,known:SAP130:cad,rs114192718,nan,0,0
known:MLH3:cad,rs175065,known:LOXL4:cad,rs11189523,0.0097,0,0
known:MLH3:cad,rs175065,known:KIF11:t2d,rs1111875,0.0002,0,0
known:MLH3:cad,rs175065,known:C18orf8:t2d,rs1788799,0.0015,0,0
known:MLH3:cad,rs175065,known:SH3BGRL3:t2d,rs7551751,0.0007,0,0
known:MLH3:cad,rs175065,known:LRIG1:t2d,rs17775391,0.0033,0,0
known:MLH3:cad,rs175065,known:DGKQ:cad,rs1377586,0.001,0,0
known:MLH3:cad,rs175065,known:SPATA5:t2d,rs11098676,0.0019,0,0
known:MLH3:cad,rs175065,known:PDGFC:t2d,rs1425486,0.0033,0,0
known:MLH3:cad,rs175065,known:GIGYF1:t2d,rs506597,0.0,0,0
known:MLH3:cad,rs175065,known:NRBF2:t2d,rs34119992,0.0062,0,0
known:MLH3:cad,rs175065,known:HSD17B12:t2d,rs1061810,0.0975,0,0
known:MLH3:cad,rs175065,known:WDR17:cad,rs72706320,0.0111,0,0
known:MLH3:cad,rs175065,known:CDC123:cad,rs36062557,0.0,0,0
known:MLH3:cad,rs175065,known:NTAN1:t2d,rs2280018,0.0001,0,0
known:MLH3:cad,rs175065,known:MED27:t2d,rs7043386,0.0097,0,0
known:MLH3:cad,rs175065,known:THAP8:t2d,rs12981654,0.001,0,0
known:MLH3:cad,rs175065,known:PGAP3:cad,rs2952152,0.0023,0,0
known:MLH3:cad,rs175065,known:DCAF16:t2d,rs7667864,0.0002,0,0
known:MLH3:cad,rs175065,known:EIF5A2:t2d,rs8192675,0.0003,0,0
known:MLH3:cad,rs175065,known:RFT1:t2d,rs2336725,0.0004,0,0
known:MLH3:cad,rs175065,known:DAGLB:cad,rs13235365,0.0042,0,0
known:MLH3:cad,rs175065,known:NUDT5:t2d,rs11257655,0.0002,0,0
known:MLH3:cad,rs175065,known:ARL13B:t2d,rs62266124,0.0003,0,0
known:MLH3:cad,rs175065,known:SIK2:cad,rs567859,0.0035,0,0
known:MLH3:cad,rs175065,known:NRIP1:cad,rs2823165,0.0059,0,0
known:MLH3:cad,rs175065,known:TMEM136:cad,rs4938809,0.0012,0,0
known:MLH3:cad,rs175065,known:CAMK1D:t2d,rs11257655,0.0002,0,0
known:MLH3:cad,rs175065,known:ZBTB6:t2d,rs2239540,0.0155,0,0
known:MLH3:cad,rs175065,known:KCNJ11:t2d,rs757110,0.0001,0,0
known:MLH3:cad,rs175065,known:LDLRAD2:cad,rs114661372,0.0508,0,0
known:MLH3:cad,rs175065,known:BLOC1S2:t2d,rs17882802,0.0083,0,0
known:MLH3:cad,rs175065,known:ZNF34:t2d,rs4637890,0.0004,0,0
known:MLH3:cad,rs175065,known:C6orf106:cad,rs3800461,0.0002,0,0
known:MLH3:cad,rs175065,known:PARVA:t2d,rs4757405,0.007,0,0
known:MLH3:cad,rs175065,known:HOXC4:cad,rs1133773,0.0022,0,0
known:MLH3:cad,rs175065,known:YTHDF2:t2d,rs3753693,0.0065,0,0
known:MLH3:cad,rs175065,known:RP11-98D18.9:cad,rs1521185,0.0013,0,0
known:MLH3:cad,rs175065,known:SPDYE2:t2d,rs7781557,0.0159,0,0
known:MLH3:cad,rs175065,known:U6:cad,rs61776719,0.005,0,0
known:MLH3:cad,rs175065,known:RP11-332O19.3:cad,rs11191472,0.0072,0,0
known:MLH3:cad,rs175065,known:ARHGAP19:t2d,rs8181326,0.0,0,0
known:MLH3:cad,rs175065,known:BBIP1:t2d,rs10787287,0.0091,0,0
known:MLH3:cad,rs175065,known:FASTKD5:cad,rs860735,0.012,0,0
known:MLH3:cad,rs175065,known:RP5-1068B5.3:t2d,rs927204,0.0044,0,0
known:MLH3:cad,rs175065,known:MAST4-AS1:t2d,rs173651,0.0019,0,0
known:MLH3:cad,rs175065,known:LRRC37A15P:t2d,rs223490,0.0011,0,0
known:MLH3:cad,rs175065,known:PHBP9:t2d,rs11591741,0.0095,0,0
known:MLH3:cad,rs175065,known:RP11-176F3.7:t2d,rs1758632,0.0,0,0
known:MLH3:cad,rs175065,known:RP4-756G23.5:t2d,rs85220,0.0029,0,0
known:MLH3:cad,rs175065,known:RP1-159A19.4:cad,rs17361686,0.057,0,0
known:MLH3:cad,rs175065,known:SERBP1P3:t2d,rs4687701,0.0004,0,0
known:MLH3:cad,rs175065,known:RP11-464F9.1:t2d,rs7908825,0.0016,0,0
known:MLH3:cad,rs175065,known:CTD-2037K23.2:cad,rs16875368,0.0067,0,0
known:MLH3:cad,rs175065,known:AP000487.5:cad,rs34053053,0.0028,0,0
known:MLH3:cad,rs175065,known:CTD-2044J15.1:cad,rs4389656,0.0098,0,0
known:MLH3:cad,rs175065,known:KRT8P46:t2d,rs223490,0.0011,0,0
known:MLH3:cad,rs175065,known:RP11-10L12.2:t2d,rs223490,0.0011,0,0
known:MLH3:cad,rs175065,known:RP11-464F9.9:t2d,rs11000760,0.0017,0,0
known:MLH3:cad,rs175065,known:RP11-347C18.3:t2d,rs726816,0.0055,0,0
known:MLH3:cad,rs175065,known:ALG1L13P:t2d,rs7837587,0.0,0,0
known:MLH3:cad,rs175065,known:HMBS:cad,rs4614,0.0004,0,0
known:MLH3:cad,rs175065,known:RP11-856B14.1:t2d,rs1194104,0.0045,0,0
known:MLH3:cad,rs175065,known:RP11-384M15.3:cad,rs1050362,0.003,0,0
known:MLH3:cad,rs175065,known:RP11-51F16.5:t2d,rs7223412,0.0019,0,0
known:MLH3:cad,rs175065,known:MIR4513:cad,rs12442901,0.009,0,0
known:MLH3:cad,rs175065,known:Metazoa_SRP:cad,rs11204675,0.014,0,0
known:MLH3:cad,rs175065,known:Metazoa_SRP:cad,rs10888385,0.014,0,0
known:MLH3:cad,rs175065,known:STRADA:t2d,rs11079508,0.0019,0,0
known:MLH3:cad,rs175065,known:RP11-552F3.10:cad,rs3760128,0.0001,0,0
known:MLH3:cad,rs175065,known:AC002116.7:t2d,rs10418015,0.0002,0,0
known:MLH3:cad,rs175065,known:DKFZP434I0714:t2d,rs9991574,0.0024,0,0
known:MLH3:cad,rs175065,known:hsa-mir-296:fbg,rs6026565,0.1062,0,0
known:MLH3:cad,rs175065,new:PLAUR:cad,rs4760,0.038,0,0
known:MLH3:cad,rs175065,new:SLC12A3:cad,rs56228609,0.0005,0,0
known:MLH3:cad,rs175065,new:C2orf49:t2d,rs4851758,0.01,0,0
known:MLH3:cad,rs175065,new:CWF19L1:t2d,rs17668357,0.0083,0,0
known:MLH3:cad,rs175065,new:U6atac:t2d,rs12780155,0.0019,0,0
known:MLH3:cad,rs175065,new:CD101:t2d,rs12130298,nan,0,0
known:MLH3:cad,rs175065,new:TAGLN2:cad,rs2789422,0.0002,0,0
known:MLH3:cad,rs175065,new:CCDC19:cad,rs2789422,0.0002,0,0
known:MLH3:cad,rs175065,new:RBM6:t2d,rs2245365,0.0016,0,0
known:MLH3:cad,rs175065,new:CNNM2:cad,rs11191447,0.0072,0,0
known:MLH3:cad,rs175065,new:VSIG8:cad,rs2789422,0.0002,0,0
known:MLH3:cad,rs175065,new:LAMC1:cad,rs11588675,0.0003,0,0
known:MLH3:cad,rs175065,new:TPD52:fbg,rs2162229,0.0064,0,0
known:MLH3:cad,rs175065,new:SENP6:cad,rs62414240,0.0002,0,0
known:MLH3:cad,rs175065,new:RIC8A:cad,rs6598075,0.0001,0,0
known:MLH3:cad,rs175065,new:HMGN3:cad,rs17787027,nan,0,0
known:MLH3:cad,rs175065,new:MT3:fbg,rs1580833,0.0072,0,0
known:MLH3:cad,rs175065,new:RPL13:t2d,rs113847672,0.0004,0,0
known:MLH3:cad,rs175065,new:ZBTB46:cad,rs6062322,0.0091,0,0
known:EIF2B2:cad,rs175057,known:HERPUD2:t2d,rs2392376,0.0006,0,0
known:EIF2B2:cad,rs175057,known:FCHO1:cad,rs10402507,0.001,0,0
known:EIF2B2:cad,rs175057,known:ZNF236:t2d,rs62113105,0.0002,0,0
known:EIF2B2:cad,rs175057,known:LPIN3:cad,rs6129773,0.0109,0,0
known:EIF2B2:cad,rs175057,known:SLC43A3:t2d,rs6591424,nan,0,0
known:EIF2B2:cad,rs175057,known:ISCA1:fbg,rs2147063,0.0031,0,0
known:EIF2B2:cad,rs175057,known:SAP130:cad,rs114192718,nan,0,0
known:EIF2B2:cad,rs175057,known:LOXL4:cad,rs11189523,0.0062,0,0
known:EIF2B2:cad,rs175057,known:KIF11:t2d,rs1111875,0.0001,0,0
known:EIF2B2:cad,rs175057,known:C18orf8:t2d,rs1788799,0.0006,0,0
known:EIF2B2:cad,rs175057,known:SH3BGRL3:t2d,rs7551751,0.0014,0,0
known:EIF2B2:cad,rs175057,known:LRIG1:t2d,rs17775391,0.0009,0,0
known:EIF2B2:cad,rs175057,known:DGKQ:cad,rs1377586,0.0004,0,0
known:EIF2B2:cad,rs175057,known:SPATA5:t2d,rs11098676,0.0014,0,0
known:EIF2B2:cad,rs175057,known:PDGFC:t2d,rs1425486,0.0028,0,0
known:EIF2B2:cad,rs175057,known:GIGYF1:t2d,rs506597,0.0,0,0
known:EIF2B2:cad,rs175057,known:NRBF2:t2d,rs34119992,0.0042,0,0
known:EIF2B2:cad,rs175057,known:HSD17B12:t2d,rs1061810,0.0823,0,0
known:EIF2B2:cad,rs175057,known:WDR17:cad,rs72706320,0.0029,0,0
known:EIF2B2:cad,rs175057,known:CDC123:cad,rs36062557,0.0001,0,0
known:EIF2B2:cad,rs175057,known:NTAN1:t2d,rs2280018,0.0004,0,0
known:EIF2B2:cad,rs175057,known:MED27:t2d,rs7043386,0.0083,0,0
known:EIF2B2:cad,rs175057,known:THAP8:t2d,rs12981654,0.0001,0,0
known:EIF2B2:cad,rs175057,known:PGAP3:cad,rs2952152,0.0011,0,0
known:EIF2B2:cad,rs175057,known:DCAF16:t2d,rs7667864,0.0002,0,0
known:EIF2B2:cad,rs175057,known:EIF5A2:t2d,rs8192675,0.0016,0,0
known:EIF2B2:cad,rs175057,known:RFT1:t2d,rs2336725,0.0002,0,0
known:EIF2B2:cad,rs175057,known:DAGLB:cad,rs13235365,0.0054,0,0
known:EIF2B2:cad,rs175057,known:NUDT5:t2d,rs11257655,0.0005,0,0
known:EIF2B2:cad,rs175057,known:ARL13B:t2d,rs62266124,0.0,0,0
known:EIF2B2:cad,rs175057,known:SIK2:cad,rs567859,0.0034,0,0
known:EIF2B2:cad,rs175057,known:NRIP1:cad,rs2823165,0.005,0,0
known:EIF2B2:cad,rs175057,known:TMEM136:cad,rs4938809,0.0009,0,0
known:EIF2B2:cad,rs175057,known:CAMK1D:t2d,rs11257655,0.0005,0,0
known:EIF2B2:cad,rs175057,known:ZBTB6:t2d,rs2239540,0.0164,0,0
known:EIF2B2:cad,rs175057,known:KCNJ11:t2d,rs757110,0.0003,0,0
known:EIF2B2:cad,rs175057,known:LDLRAD2:cad,rs114661372,0.0485,0,0
known:EIF2B2:cad,rs175057,known:BLOC1S2:t2d,rs17882802,0.0063,0,0
known:EIF2B2:cad,rs175057,known:ZNF34:t2d,rs4637890,0.0001,0,0
known:EIF2B2:cad,rs175057,known:C6orf106:cad,rs3800461,0.0001,0,0
known:EIF2B2:cad,rs175057,known:PARVA:t2d,rs4757405,0.0105,0,0
known:EIF2B2:cad,rs175057,known:HOXC4:cad,rs1133773,0.0025,0,0
known:EIF2B2:cad,rs175057,known:YTHDF2:t2d,rs3753693,0.0062,0,0
known:EIF2B2:cad,rs175057,known:RP11-98D18.9:cad,rs1521185,0.002,0,0
known:EIF2B2:cad,rs175057,known:SPDYE2:t2d,rs7781557,0.0184,0,0
known:EIF2B2:cad,rs175057,known:U6:cad,rs61776719,0.0049,0,0
known:EIF2B2:cad,rs175057,known:RP11-332O19.3:cad,rs11191472,0.0078,0,0
known:EIF2B2:cad,rs175057,known:ARHGAP19:t2d,rs8181326,0.0003,0,0
known:EIF2B2:cad,rs175057,known:BBIP1:t2d,rs10787287,0.0105,0,0
known:EIF2B2:cad,rs175057,known:FASTKD5:cad,rs860735,0.0156,0,0
known:EIF2B2:cad,rs175057,known:RP5-1068B5.3:t2d,rs927204,0.0037,0,0
known:EIF2B2:cad,rs175057,known:MAST4-AS1:t2d,rs173651,0.0014,0,0
known:EIF2B2:cad,rs175057,known:LRRC37A15P:t2d,rs223490,0.0002,0,0
known:EIF2B2:cad,rs175057,known:PHBP9:t2d,rs11591741,0.0074,0,0
known:EIF2B2:cad,rs175057,known:RP11-176F3.7:t2d,rs1758632,0.0,0,0
known:EIF2B2:cad,rs175057,known:RP4-756G23.5:t2d,rs85220,0.0034,0,0
known:EIF2B2:cad,rs175057,known:RP1-159A19.4:cad,rs17361686,0.0549,0,0
known:EIF2B2:cad,rs175057,known:SERBP1P3:t2d,rs4687701,0.0002,0,0
known:EIF2B2:cad,rs175057,known:RP11-464F9.1:t2d,rs7908825,0.0012,0,0
known:EIF2B2:cad,rs175057,known:CTD-2037K23.2:cad,rs16875368,0.0046,0,0
known:EIF2B2:cad,rs175057,known:AP000487.5:cad,rs34053053,0.0036,0,0
known:EIF2B2:cad,rs175057,known:CTD-2044J15.1:cad,rs4389656,0.0127,0,0
known:EIF2B2:cad,rs175057,known:KRT8P46:t2d,rs223490,0.0002,0,0
known:EIF2B2:cad,rs175057,known:RP11-10L12.2:t2d,rs223490,0.0002,0,0
known:EIF2B2:cad,rs175057,known:RP11-464F9.9:t2d,rs11000760,0.0013,0,0
known:EIF2B2:cad,rs175057,known:RP11-347C18.3:t2d,rs726816,0.0037,0,0
known:EIF2B2:cad,rs175057,known:ALG1L13P:t2d,rs7837587,0.0,0,0
known:EIF2B2:cad,rs175057,known:HMBS:cad,rs4614,0.0014,0,0
known:EIF2B2:cad,rs175057,known:RP11-856B14.1:t2d,rs1194104,0.0057,0,0
known:EIF2B2:cad,rs175057,known:RP11-384M15.3:cad,rs1050362,0.0016,0,0
known:EIF2B2:cad,rs175057,known:RP11-51F16.5:t2d,rs7223412,0.0034,0,0
known:EIF2B2:cad,rs175057,known:MIR4513:cad,rs12442901,0.01,0,0
known:EIF2B2:cad,rs175057,known:Metazoa_SRP:cad,rs11204675,0.0103,0,0
known:EIF2B2:cad,rs175057,known:Metazoa_SRP:cad,rs10888385,0.0103,0,0
known:EIF2B2:cad,rs175057,known:STRADA:t2d,rs11079508,0.0034,0,0
known:EIF2B2:cad,rs175057,known:RP11-552F3.10:cad,rs3760128,0.0014,0,0
known:EIF2B2:cad,rs175057,known:AC002116.7:t2d,rs10418015,0.0001,0,0
known:EIF2B2:cad,rs175057,known:DKFZP434I0714:t2d,rs9991574,0.004,0,0
known:EIF2B2:cad,rs175057,known:hsa-mir-296:fbg,rs6026565,0.1062,0,0
known:EIF2B2:cad,rs175057,new:PLAUR:cad,rs4760,0.0427,0,0
known:EIF2B2:cad,rs175057,new:SLC12A3:cad,rs56228609,0.0002,0,0
known:EIF2B2:cad,rs175057,new:C2orf49:t2d,rs4851758,0.0108,0,0
known:EIF2B2:cad,rs175057,new:CWF19L1:t2d,rs17668357,0.0063,0,0
known:EIF2B2:cad,rs175057,new:U6atac:t2d,rs12780155,0.0025,0,0
known:EIF2B2:cad,rs175057,new:CD101:t2d,rs12130298,nan,0,0
known:EIF2B2:cad,rs175057,new:TAGLN2:cad,rs2789422,0.0005,0,0
known:EIF2B2:cad,rs175057,new:CCDC19:cad,rs2789422,0.0005,0,0
known:EIF2B2:cad,rs175057,new:RBM6:t2d,rs2245365,0.0001,0,0
known:EIF2B2:cad,rs175057,new:CNNM2:cad,rs11191447,0.0078,0,0
known:EIF2B2:cad,rs175057,new:VSIG8:cad,rs2789422,0.0005,0,0
known:EIF2B2:cad,rs175057,new:LAMC1:cad,rs11588675,0.0027,0,0
known:EIF2B2:cad,rs175057,new:TPD52:fbg,rs2162229,0.0032,0,0
known:EIF2B2:cad,rs175057,new:SENP6:cad,rs62414240,0.0008,0,0
known:EIF2B2:cad,rs175057,new:RIC8A:cad,rs6598075,0.0002,0,0
known:EIF2B2:cad,rs175057,new:HMGN3:cad,rs17787027,nan,0,0
known:EIF2B2:cad,rs175057,new:MT3:fbg,rs1580833,0.0061,0,0
known:EIF2B2:cad,rs175057,new:RPL13:t2d,rs113847672,0.0004,0,0
known:EIF2B2:cad,rs175057,new:ZBTB46:cad,rs6062322,0.0071,0,0
known:HERPUD2:t2d,rs2392376,known:FCHO1:cad,rs10402507,0.0063,0,0
known:HERPUD2:t2d,rs2392376,known:ZNF236:t2d,rs62113105,0.0009,0,0
known:HERPUD2:t2d,rs2392376,known:LPIN3:cad,rs6129773,0.0006,0,0
known:HERPUD2:t2d,rs2392376,known:SLC43A3:t2d,rs6591424,nan,0,0
known:HERPUD2:t2d,rs2392376,known:ISCA1:fbg,rs2147063,0.0001,0,0
known:HERPUD2:t2d,rs2392376,known:SAP130:cad,rs114192718,nan,0,0
known:HERPUD2:t2d,rs2392376,known:LOXL4:cad,rs11189523,0.0005,0,0
known:HERPUD2:t2d,rs2392376,known:KIF11:t2d,rs1111875,0.008,0,0
known:HERPUD2:t2d,rs2392376,known:C18orf8:t2d,rs1788799,0.0,0,0
known:HERPUD2:t2d,rs2392376,known:SH3BGRL3:t2d,rs7551751,0.0062,0,0
known:HERPUD2:t2d,rs2392376,known:LRIG1:t2d,rs17775391,0.002,0,0
known:HERPUD2:t2d,rs2392376,known:DGKQ:cad,rs1377586,0.0028,0,0
known:HERPUD2:t2d,rs2392376,known:SPATA5:t2d,rs11098676,0.0007,0,0
known:HERPUD2:t2d,rs2392376,known:PDGFC:t2d,rs1425486,0.0004,0,0
known:HERPUD2:t2d,rs2392376,known:GIGYF1:t2d,rs506597,0.0114,0,0
known:HERPUD2:t2d,rs2392376,known:NRBF2:t2d,rs34119992,0.001,0,0
known:HERPUD2:t2d,rs2392376,known:HSD17B12:t2d,rs1061810,0.0034,0,0
known:HERPUD2:t2d,rs2392376,known:WDR17:cad,rs72706320,0.0165,0,0
known:HERPUD2:t2d,rs2392376,known:CDC123:cad,rs36062557,0.0008,0,0
known:HERPUD2:t2d,rs2392376,known:NTAN1:t2d,rs2280018,0.0147,0,0
known:HERPUD2:t2d,rs2392376,known:MED27:t2d,rs7043386,0.0016,0,0
known:HERPUD2:t2d,rs2392376,known:THAP8:t2d,rs12981654,0.0006,0,0
known:HERPUD2:t2d,rs2392376,known:PGAP3:cad,rs2952152,0.0001,0,0
known:HERPUD2:t2d,rs2392376,known:DCAF16:t2d,rs7667864,0.0105,0,0
known:HERPUD2:t2d,rs2392376,known:EIF5A2:t2d,rs8192675,0.0023,0,0
known:HERPUD2:t2d,rs2392376,known:RFT1:t2d,rs2336725,0.0019,0,0
known:HERPUD2:t2d,rs2392376,known:DAGLB:cad,rs13235365,0.0029,0,0
known:HERPUD2:t2d,rs2392376,known:NUDT5:t2d,rs11257655,0.0021,0,0
known:HERPUD2:t2d,rs2392376,known:ARL13B:t2d,rs62266124,0.0001,0,0
known:HERPUD2:t2d,rs2392376,known:SIK2:cad,rs567859,0.0006,0,0
known:HERPUD2:t2d,rs2392376,known:NRIP1:cad,rs2823165,0.0045,0,0
known:HERPUD2:t2d,rs2392376,known:TMEM136:cad,rs4938809,0.0001,0,0
known:HERPUD2:t2d,rs2392376,known:CAMK1D:t2d,rs11257655,0.0021,0,0
known:HERPUD2:t2d,rs2392376,known:ZBTB6:t2d,rs2239540,0.004,0,0
known:HERPUD2:t2d,rs2392376,known:KCNJ11:t2d,rs757110,0.0019,0,0
known:HERPUD2:t2d,rs2392376,known:LDLRAD2:cad,rs114661372,0.004,0,0
known:HERPUD2:t2d,rs2392376,known:BLOC1S2:t2d,rs17882802,0.0021,0,0
known:HERPUD2:t2d,rs2392376,known:ZNF34:t2d,rs4637890,0.0069,0,0
known:HERPUD2:t2d,rs2392376,known:C6orf106:cad,rs3800461,0.0002,0,0
known:HERPUD2:t2d,rs2392376,known:PARVA:t2d,rs4757405,0.0015,0,0
known:HERPUD2:t2d,rs2392376,known:HOXC4:cad,rs1133773,0.0095,0,0
known:HERPUD2:t2d,rs2392376,known:YTHDF2:t2d,rs3753693,0.0,0,0
known:HERPUD2:t2d,rs2392376,known:RP11-98D18.9:cad,rs1521185,0.0,0,0
known:HERPUD2:t2d,rs2392376,known:SPDYE2:t2d,rs7781557,0.0314,0,0
known:HERPUD2:t2d,rs2392376,known:U6:cad,rs61776719,0.0024,0,0
known:HERPUD2:t2d,rs2392376,known:RP11-332O19.3:cad,rs11191472,0.0233,0,0
known:HERPUD2:t2d,rs2392376,known:ARHGAP19:t2d,rs8181326,0.0,0,0
known:HERPUD2:t2d,rs2392376,known:BBIP1:t2d,rs10787287,0.0041,0,0
known:HERPUD2:t2d,rs2392376,known:FASTKD5:cad,rs860735,0.0049,0,0
known:HERPUD2:t2d,rs2392376,known:RP5-1068B5.3:t2d,rs927204,0.0233,0,0
known:HERPUD2:t2d,rs2392376,known:MAST4-AS1:t2d,rs173651,0.0039,0,0
known:HERPUD2:t2d,rs2392376,known:LRRC37A15P:t2d,rs223490,0.0014,0,0
known:HERPUD2:t2d,rs2392376,known:PHBP9:t2d,rs11591741,0.0015,0,0
known:HERPUD2:t2d,rs2392376,known:RP11-176F3.7:t2d,rs1758632,0.0001,0,0
known:HERPUD2:t2d,rs2392376,known:RP4-756G23.5:t2d,rs85220,0.0045,0,0
known:HERPUD2:t2d,rs2392376,known:RP1-159A19.4:cad,rs17361686,0.0003,0,0
known:HERPUD2:t2d,rs2392376,known:SERBP1P3:t2d,rs4687701,0.0019,0,0
known:HERPUD2:t2d,rs2392376,known:RP11-464F9.1:t2d,rs7908825,0.0002,0,0
known:HERPUD2:t2d,rs2392376,known:CTD-2037K23.2:cad,rs16875368,0.0055,0,0
known:HERPUD2:t2d,rs2392376,known:AP000487.5:cad,rs34053053,0.0209,0,0
known:HERPUD2:t2d,rs2392376,known:CTD-2044J15.1:cad,rs4389656,0.0005,0,0
known:HERPUD2:t2d,rs2392376,known:KRT8P46:t2d,rs223490,0.0014,0,0
known:HERPUD2:t2d,rs2392376,known:RP11-10L12.2:t2d,rs223490,0.0014,0,0
known:HERPUD2:t2d,rs2392376,known:RP11-464F9.9:t2d,rs11000760,0.0003,0,0
known:HERPUD2:t2d,rs2392376,known:RP11-347C18.3:t2d,rs726816,0.0049,0,0
known:HERPUD2:t2d,rs2392376,known:ALG1L13P:t2d,rs7837587,0.0001,0,0
known:HERPUD2:t2d,rs2392376,known:HMBS:cad,rs4614,0.002,0,0
known:HERPUD2:t2d,rs2392376,known:RP11-856B14.1:t2d,rs1194104,0.006,0,0
known:HERPUD2:t2d,rs2392376,known:RP11-384M15.3:cad,rs1050362,0.0001,0,0
known:HERPUD2:t2d,rs2392376,known:RP11-51F16.5:t2d,rs7223412,0.0042,0,0
known:HERPUD2:t2d,rs2392376,known:MIR4513:cad,rs12442901,0.0051,0,0
known:HERPUD2:t2d,rs2392376,known:Metazoa_SRP:cad,rs11204675,0.0005,0,0
known:HERPUD2:t2d,rs2392376,known:Metazoa_SRP:cad,rs10888385,0.0005,0,0
known:HERPUD2:t2d,rs2392376,known:STRADA:t2d,rs11079508,0.0042,0,0
known:HERPUD2:t2d,rs2392376,known:RP11-552F3.10:cad,rs3760128,0.0049,0,0
known:HERPUD2:t2d,rs2392376,known:AC002116.7:t2d,rs10418015,0.017,0,0
known:HERPUD2:t2d,rs2392376,known:DKFZP434I0714:t2d,rs9991574,0.0097,0,0
known:HERPUD2:t2d,rs2392376,known:hsa-mir-296:fbg,rs6026565,0.0001,0,0
known:HERPUD2:t2d,rs2392376,new:PLAUR:cad,rs4760,0.002,0,0
known:HERPUD2:t2d,rs2392376,new:SLC12A3:cad,rs56228609,0.0186,0,0
known:HERPUD2:t2d,rs2392376,new:C2orf49:t2d,rs4851758,0.0014,0,0
known:HERPUD2:t2d,rs2392376,new:CWF19L1:t2d,rs17668357,0.0021,0,0
known:HERPUD2:t2d,rs2392376,new:U6atac:t2d,rs12780155,0.0014,0,0
known:HERPUD2:t2d,rs2392376,new:CD101:t2d,rs12130298,0.0244,0,0
known:HERPUD2:t2d,rs2392376,new:TAGLN2:cad,rs2789422,0.0059,0,0
known:HERPUD2:t2d,rs2392376,new:CCDC19:cad,rs2789422,0.0059,0,0
known:HERPUD2:t2d,rs2392376,new:RBM6:t2d,rs2245365,0.0019,0,0
known:HERPUD2:t2d,rs2392376,new:CNNM2:cad,rs11191447,0.0233,0,0
known:HERPUD2:t2d,rs2392376,new:VSIG8:cad,rs2789422,0.0059,0,0
known:HERPUD2:t2d,rs2392376,new:LAMC1:cad,rs11588675,0.0004,0,0
known:HERPUD2:t2d,rs2392376,new:TPD52:fbg,rs2162229,0.0004,0,0
known:HERPUD2:t2d,rs2392376,new:SENP6:cad,rs62414240,0.0136,0,0
known:HERPUD2:t2d,rs2392376,new:RIC8A:cad,rs6598075,0.0015,0,0
known:HERPUD2:t2d,rs2392376,new:HMGN3:cad,rs17787027,nan,0,0
known:HERPUD2:t2d,rs2392376,new:MT3:fbg,rs1580833,0.001,0,0
known:HERPUD2:t2d,rs2392376,new:RPL13:t2d,rs113847672,0.0009,0,0
known:HERPUD2:t2d,rs2392376,new:ZBTB46:cad,rs6062322,0.0011,0,0
known:FCHO1:cad,rs10402507,known:ZNF236:t2d,rs62113105,0.0048,0,0
known:FCHO1:cad,rs10402507,known:LPIN3:cad,rs6129773,0.0435,0,0
known:FCHO1:cad,rs10402507,known:SLC43A3:t2d,rs6591424,nan,0,0
known:FCHO1:cad,rs10402507,known:ISCA1:fbg,rs2147063,0.0006,0,0
known:FCHO1:cad,rs10402507,known:SAP130:cad,rs114192718,nan,0,0
known:FCHO1:cad,rs10402507,known:LOXL4:cad,rs11189523,0.002,0,0
known:FCHO1:cad,rs10402507,known:KIF11:t2d,rs1111875,0.0029,0,0
known:FCHO1:cad,rs10402507,known:C18orf8:t2d,rs1788799,0.0018,0,0
known:FCHO1:cad,rs10402507,known:SH3BGRL3:t2d,rs7551751,0.0024,0,0
known:FCHO1:cad,rs10402507,known:LRIG1:t2d,rs17775391,0.0094,0,0
known:FCHO1:cad,rs10402507,known:DGKQ:cad,rs1377586,0.0024,0,0
known:FCHO1:cad,rs10402507,known:SPATA5:t2d,rs11098676,0.0,0,0
known:FCHO1:cad,rs10402507,known:PDGFC:t2d,rs1425486,0.0023,0,0
known:FCHO1:cad,rs10402507,known:GIGYF1:t2d,rs506597,0.0055,0,0
known:FCHO1:cad,rs10402507,known:NRBF2:t2d,rs34119992,0.0127,0,0
known:FCHO1:cad,rs10402507,known:HSD17B12:t2d,rs1061810,0.0171,0,0
known:FCHO1:cad,rs10402507,known:WDR17:cad,rs72706320,nan,0,0
known:FCHO1:cad,rs10402507,known:CDC123:cad,rs36062557,0.0026,0,0
known:FCHO1:cad,rs10402507,known:NTAN1:t2d,rs2280018,0.0086,0,0
known:FCHO1:cad,rs10402507,known:MED27:t2d,rs7043386,0.0339,0,0
known:FCHO1:cad,rs10402507,known:THAP8:t2d,rs12981654,0.0143,0,0
known:FCHO1:cad,rs10402507,known:PGAP3:cad,rs2952152,0.0005,0,0
known:FCHO1:cad,rs10402507,known:DCAF16:t2d,rs7667864,0.006,0,0
known:FCHO1:cad,rs10402507,known:EIF5A2:t2d,rs8192675,0.0003,0,0
known:FCHO1:cad,rs10402507,known:RFT1:t2d,rs2336725,0.0027,0,0
known:FCHO1:cad,rs10402507,known:DAGLB:cad,rs13235365,0.0093,0,0
known:FCHO1:cad,rs10402507,known:NUDT5:t2d,rs11257655,0.017,0,0
known:FCHO1:cad,rs10402507,known:ARL13B:t2d,rs62266124,0.0103,0,0
known:FCHO1:cad,rs10402507,known:SIK2:cad,rs567859,0.0184,0,0
known:FCHO1:cad,rs10402507,known:NRIP1:cad,rs2823165,0.0585,0,0
known:FCHO1:cad,rs10402507,known:TMEM136:cad,rs4938809,0.0074,0,0
known:FCHO1:cad,rs10402507,known:CAMK1D:t2d,rs11257655,0.017,0,0
known:FCHO1:cad,rs10402507,known:ZBTB6:t2d,rs2239540,nan,0,0
known:FCHO1:cad,rs10402507,known:KCNJ11:t2d,rs757110,0.0009,0,0
known:FCHO1:cad,rs10402507,known:LDLRAD2:cad,rs114661372,nan,0,0
known:FCHO1:cad,rs10402507,known:BLOC1S2:t2d,rs17882802,0.0216,0,0
known:FCHO1:cad,rs10402507,known:ZNF34:t2d,rs4637890,0.0041,0,0
known:FCHO1:cad,rs10402507,known:C6orf106:cad,rs3800461,nan,0,0
known:FCHO1:cad,rs10402507,known:PARVA:t2d,rs4757405,0.0003,0,0
known:FCHO1:cad,rs10402507,known:HOXC4:cad,rs1133773,0.0022,0,0
known:FCHO1:cad,rs10402507,known:YTHDF2:t2d,rs3753693,0.0099,0,0
known:FCHO1:cad,rs10402507,known:RP11-98D18.9:cad,rs1521185,0.0,0,0
known:FCHO1:cad,rs10402507,known:SPDYE2:t2d,rs7781557,0.0011,0,0
known:FCHO1:cad,rs10402507,known:U6:cad,rs61776719,0.0055,0,0
known:FCHO1:cad,rs10402507,known:RP11-332O19.3:cad,rs11191472,nan,0,0
known:FCHO1:cad,rs10402507,known:ARHGAP19:t2d,rs8181326,0.0086,0,0
known:FCHO1:cad,rs10402507,known:BBIP1:t2d,rs10787287,0.0,0,0
known:FCHO1:cad,rs10402507,known:FASTKD5:cad,rs860735,0.0023,0,0
known:FCHO1:cad,rs10402507,known:RP5-1068B5.3:t2d,rs927204,0.0027,0,0
known:FCHO1:cad,rs10402507,known:MAST4-AS1:t2d,rs173651,0.0027,0,0
known:FCHO1:cad,rs10402507,known:LRRC37A15P:t2d,rs223490,0.0001,0,0
known:FCHO1:cad,rs10402507,known:PHBP9:t2d,rs11591741,0.0197,0,0
known:FCHO1:cad,rs10402507,known:RP11-176F3.7:t2d,rs1758632,0.0096,0,0
known:FCHO1:cad,rs10402507,known:RP4-756G23.5:t2d,rs85220,0.0002,0,0
known:FCHO1:cad,rs10402507,known:RP1-159A19.4:cad,rs17361686,nan,0,0
known:FCHO1:cad,rs10402507,known:SERBP1P3:t2d,rs4687701,0.0027,0,0
known:FCHO1:cad,rs10402507,known:RP11-464F9.1:t2d,rs7908825,0.002,0,0
known:FCHO1:cad,rs10402507,known:CTD-2037K23.2:cad,rs16875368,0.0007,0,0
known:FCHO1:cad,rs10402507,known:AP000487.5:cad,rs34053053,0.0145,0,0
known:FCHO1:cad,rs10402507,known:CTD-2044J15.1:cad,rs4389656,0.05,0,0
known:FCHO1:cad,rs10402507,known:KRT8P46:t2d,rs223490,0.0001,0,0
known:FCHO1:cad,rs10402507,known:RP11-10L12.2:t2d,rs223490,0.0001,0,0
known:FCHO1:cad,rs10402507,known:RP11-464F9.9:t2d,rs11000760,0.002,0,0
known:FCHO1:cad,rs10402507,known:RP11-347C18.3:t2d,rs726816,0.0001,0,0
known:FCHO1:cad,rs10402507,known:ALG1L13P:t2d,rs7837587,0.0026,0,0
known:FCHO1:cad,rs10402507,known:HMBS:cad,rs4614,0.0217,0,0
known:FCHO1:cad,rs10402507,known:RP11-856B14.1:t2d,rs1194104,0.0022,0,0
known:FCHO1:cad,rs10402507,known:RP11-384M15.3:cad,rs1050362,0.0032,0,0
known:FCHO1:cad,rs10402507,known:RP11-51F16.5:t2d,rs7223412,0.0226,0,0
known:FCHO1:cad,rs10402507,known:MIR4513:cad,rs12442901,0.0035,0,0
known:FCHO1:cad,rs10402507,known:Metazoa_SRP:cad,rs11204675,0.0,0,0
known:FCHO1:cad,rs10402507,known:Metazoa_SRP:cad,rs10888385,0.0,0,0
known:FCHO1:cad,rs10402507,known:STRADA:t2d,rs11079508,0.0226,0,0
known:FCHO1:cad,rs10402507,known:RP11-552F3.10:cad,rs3760128,0.0,0,0
known:FCHO1:cad,rs10402507,known:AC002116.7:t2d,rs10418015,0.0269,0,0
known:FCHO1:cad,rs10402507,known:DKFZP434I0714:t2d,rs9991574,0.0024,0,0
known:FCHO1:cad,rs10402507,known:hsa-mir-296:fbg,rs6026565,nan,0,0
known:FCHO1:cad,rs10402507,new:PLAUR:cad,rs4760,0.0231,0,0
known:FCHO1:cad,rs10402507,new:SLC12A3:cad,rs56228609,0.0026,0,0
known:FCHO1:cad,rs10402507,new:C2orf49:t2d,rs4851758,nan,0,0
known:FCHO1:cad,rs10402507,new:CWF19L1:t2d,rs17668357,0.0216,0,0
known:FCHO1:cad,rs10402507,new:U6atac:t2d,rs12780155,0.0036,0,0
known:FCHO1:cad,rs10402507,new:CD101:t2d,rs12130298,nan,0,0
known:FCHO1:cad,rs10402507,new:TAGLN2:cad,rs2789422,0.0208,0,0
known:FCHO1:cad,rs10402507,new:CCDC19:cad,rs2789422,0.0208,0,0
known:FCHO1:cad,rs10402507,new:RBM6:t2d,rs2245365,0.001,0,0
known:FCHO1:cad,rs10402507,new:CNNM2:cad,rs11191447,nan,0,0
known:FCHO1:cad,rs10402507,new:VSIG8:cad,rs2789422,0.0208,0,0
known:FCHO1:cad,rs10402507,new:LAMC1:cad,rs11588675,0.0259,0,0
known:FCHO1:cad,rs10402507,new:TPD52:fbg,rs2162229,0.0151,0,0
known:FCHO1:cad,rs10402507,new:SENP6:cad,rs62414240,0.0001,0,0
known:FCHO1:cad,rs10402507,new:RIC8A:cad,rs6598075,0.0072,0,0
known:FCHO1:cad,rs10402507,new:HMGN3:cad,rs17787027,nan,0,0
known:FCHO1:cad,rs10402507,new:MT3:fbg,rs1580833,0.0003,0,0
known:FCHO1:cad,rs10402507,new:RPL13:t2d,rs113847672,0.0298,0,0
known:FCHO1:cad,rs10402507,new:ZBTB46:cad,rs6062322,0.0168,0,0
known:ZNF236:t2d,rs62113105,known:LPIN3:cad,rs6129773,0.001,0,0
known:ZNF236:t2d,rs62113105,known:SLC43A3:t2d,rs6591424,nan,0,0
known:ZNF236:t2d,rs62113105,known:ISCA1:fbg,rs2147063,0.0034,0,0
known:ZNF236:t2d,rs62113105,known:SAP130:cad,rs114192718,nan,0,0
known:ZNF236:t2d,rs62113105,known:LOXL4:cad,rs11189523,0.0234,0,0
known:ZNF236:t2d,rs62113105,known:KIF11:t2d,rs1111875,0.0127,0,0
known:ZNF236:t2d,rs62113105,known:C18orf8:t2d,rs1788799,0.0213,0,0
known:ZNF236:t2d,rs62113105,known:SH3BGRL3:t2d,rs7551751,0.0001,0,0
known:ZNF236:t2d,rs62113105,known:LRIG1:t2d,rs17775391,0.0,0,0
known:ZNF236:t2d,rs62113105,known:DGKQ:cad,rs1377586,0.0021,0,0
known:ZNF236:t2d,rs62113105,known:SPATA5:t2d,rs11098676,0.0033,0,0
known:ZNF236:t2d,rs62113105,known:PDGFC:t2d,rs1425486,0.002,0,0
known:ZNF236:t2d,rs62113105,known:GIGYF1:t2d,rs506597,0.0009,0,0
known:ZNF236:t2d,rs62113105,known:NRBF2:t2d,rs34119992,0.0002,0,0
known:ZNF236:t2d,rs62113105,known:HSD17B12:t2d,rs1061810,0.0014,0,0
known:ZNF236:t2d,rs62113105,known:WDR17:cad,rs72706320,0.0753,0,0
known:ZNF236:t2d,rs62113105,known:CDC123:cad,rs36062557,0.0014,0,0
known:ZNF236:t2d,rs62113105,known:NTAN1:t2d,rs2280018,0.0025,0,0
known:ZNF236:t2d,rs62113105,known:MED27:t2d,rs7043386,0.0182,0,0
known:ZNF236:t2d,rs62113105,known:THAP8:t2d,rs12981654,0.0008,0,0
known:ZNF236:t2d,rs62113105,known:PGAP3:cad,rs2952152,0.0006,0,0
known:ZNF236:t2d,rs62113105,known:DCAF16:t2d,rs7667864,0.0001,0,0
known:ZNF236:t2d,rs62113105,known:EIF5A2:t2d,rs8192675,0.0082,0,0
known:ZNF236:t2d,rs62113105,known:RFT1:t2d,rs2336725,0.0027,0,0
known:ZNF236:t2d,rs62113105,known:DAGLB:cad,rs13235365,0.0002,0,0
known:ZNF236:t2d,rs62113105,known:NUDT5:t2d,rs11257655,0.0353,0,0
known:ZNF236:t2d,rs62113105,known:ARL13B:t2d,rs62266124,0.0035,0,0
known:ZNF236:t2d,rs62113105,known:SIK2:cad,rs567859,0.0,0,0
known:ZNF236:t2d,rs62113105,known:NRIP1:cad,rs2823165,0.027,0,0
known:ZNF236:t2d,rs62113105,known:TMEM136:cad,rs4938809,0.0088,0,0
known:ZNF236:t2d,rs62113105,known:CAMK1D:t2d,rs11257655,0.0353,0,0
known:ZNF236:t2d,rs62113105,known:ZBTB6:t2d,rs2239540,0.0147,0,0
known:ZNF236:t2d,rs62113105,known:KCNJ11:t2d,rs757110,0.0005,0,0
known:ZNF236:t2d,rs62113105,known:LDLRAD2:cad,rs114661372,0.0146,0,0
known:ZNF236:t2d,rs62113105,known:BLOC1S2:t2d,rs17882802,0.0078,0,0
known:ZNF236:t2d,rs62113105,known:ZNF34:t2d,rs4637890,0.0161,0,0
known:ZNF236:t2d,rs62113105,known:C6orf106:cad,rs3800461,0.0031,0,0
known:ZNF236:t2d,rs62113105,known:PARVA:t2d,rs4757405,0.0049,0,0
known:ZNF236:t2d,rs62113105,known:HOXC4:cad,rs1133773,0.0207,0,0
known:ZNF236:t2d,rs62113105,known:YTHDF2:t2d,rs3753693,0.0058,0,0
known:ZNF236:t2d,rs62113105,known:RP11-98D18.9:cad,rs1521185,0.0103,0,0
known:ZNF236:t2d,rs62113105,known:SPDYE2:t2d,rs7781557,0.0182,0,0
known:ZNF236:t2d,rs62113105,known:U6:cad,rs61776719,0.0153,0,0
known:ZNF236:t2d,rs62113105,known:RP11-332O19.3:cad,rs11191472,nan,0,0
known:ZNF236:t2d,rs62113105,known:ARHGAP19:t2d,rs8181326,0.0,0,0
known:ZNF236:t2d,rs62113105,known:BBIP1:t2d,rs10787287,0.0056,0,0
known:ZNF236:t2d,rs62113105,known:FASTKD5:cad,rs860735,0.0024,0,0
known:ZNF236:t2d,rs62113105,known:RP5-1068B5.3:t2d,rs927204,0.0265,0,0
known:ZNF236:t2d,rs62113105,known:MAST4-AS1:t2d,rs173651,0.0002,0,0
known:ZNF236:t2d,rs62113105,known:LRRC37A15P:t2d,rs223490,0.0,0,0
known:ZNF236:t2d,rs62113105,known:PHBP9:t2d,rs11591741,0.0088,0,0
known:ZNF236:t2d,rs62113105,known:RP11-176F3.7:t2d,rs1758632,0.0001,0,0
known:ZNF236:t2d,rs62113105,known:RP4-756G23.5:t2d,rs85220,0.0027,0,0
known:ZNF236:t2d,rs62113105,known:RP1-159A19.4:cad,rs17361686,0.037,0,0
known:ZNF236:t2d,rs62113105,known:SERBP1P3:t2d,rs4687701,0.0027,0,0
known:ZNF236:t2d,rs62113105,known:RP11-464F9.1:t2d,rs7908825,0.0003,0,0
known:ZNF236:t2d,rs62113105,known:CTD-2037K23.2:cad,rs16875368,0.0035,0,0
known:ZNF236:t2d,rs62113105,known:AP000487.5:cad,rs34053053,0.0324,0,0
known:ZNF236:t2d,rs62113105,known:CTD-2044J15.1:cad,rs4389656,0.0013,0,0
known:ZNF236:t2d,rs62113105,known:KRT8P46:t2d,rs223490,0.0,0,0
known:ZNF236:t2d,rs62113105,known:RP11-10L12.2:t2d,rs223490,0.0,0,0
known:ZNF236:t2d,rs62113105,known:RP11-464F9.9:t2d,rs11000760,0.0,0,0
known:ZNF236:t2d,rs62113105,known:RP11-347C18.3:t2d,rs726816,0.0,0,0
known:ZNF236:t2d,rs62113105,known:ALG1L13P:t2d,rs7837587,0.001,0,0
known:ZNF236:t2d,rs62113105,known:HMBS:cad,rs4614,0.0005,0,0
known:ZNF236:t2d,rs62113105,known:RP11-856B14.1:t2d,rs1194104,0.0005,0,0
known:ZNF236:t2d,rs62113105,known:RP11-384M15.3:cad,rs1050362,0.0141,0,0
known:ZNF236:t2d,rs62113105,known:RP11-51F16.5:t2d,rs7223412,0.0101,0,0
known:ZNF236:t2d,rs62113105,known:MIR4513:cad,rs12442901,0.0002,0,0
known:ZNF236:t2d,rs62113105,known:Metazoa_SRP:cad,rs11204675,0.0022,0,0
known:ZNF236:t2d,rs62113105,known:Metazoa_SRP:cad,rs10888385,0.0022,0,0
known:ZNF236:t2d,rs62113105,known:STRADA:t2d,rs11079508,0.0101,0,0
known:ZNF236:t2d,rs62113105,known:RP11-552F3.10:cad,rs3760128,0.0001,0,0
known:ZNF236:t2d,rs62113105,known:AC002116.7:t2d,rs10418015,0.0084,0,0
known:ZNF236:t2d,rs62113105,known:DKFZP434I0714:t2d,rs9991574,0.0025,0,0
known:ZNF236:t2d,rs62113105,known:hsa-mir-296:fbg,rs6026565,0.0,0,0
known:ZNF236:t2d,rs62113105,new:PLAUR:cad,rs4760,0.018,0,0
known:ZNF236:t2d,rs62113105,new:SLC12A3:cad,rs56228609,0.0008,0,0
known:ZNF236:t2d,rs62113105,new:C2orf49:t2d,rs4851758,0.0118,0,0
known:ZNF236:t2d,rs62113105,new:CWF19L1:t2d,rs17668357,0.0078,0,0
known:ZNF236:t2d,rs62113105,new:U6atac:t2d,rs12780155,0.0498,0,0
known:ZNF236:t2d,rs62113105,new:CD101:t2d,rs12130298,0.0011,0,0
known:ZNF236:t2d,rs62113105,new:TAGLN2:cad,rs2789422,0.0011,0,0
known:ZNF236:t2d,rs62113105,new:CCDC19:cad,rs2789422,0.0011,0,0
known:ZNF236:t2d,rs62113105,new:RBM6:t2d,rs2245365,0.0204,0,0
known:ZNF236:t2d,rs62113105,new:CNNM2:cad,rs11191447,nan,0,0
known:ZNF236:t2d,rs62113105,new:VSIG8:cad,rs2789422,0.0011,0,0
known:ZNF236:t2d,rs62113105,new:LAMC1:cad,rs11588675,0.0001,0,0
known:ZNF236:t2d,rs62113105,new:TPD52:fbg,rs2162229,0.0011,0,0
known:ZNF236:t2d,rs62113105,new:SENP6:cad,rs62414240,0.0001,0,0
known:ZNF236:t2d,rs62113105,new:RIC8A:cad,rs6598075,0.0175,0,0
known:ZNF236:t2d,rs62113105,new:HMGN3:cad,rs17787027,nan,0,0
known:ZNF236:t2d,rs62113105,new:MT3:fbg,rs1580833,0.0026,0,0
known:ZNF236:t2d,rs62113105,new:RPL13:t2d,rs113847672,0.0012,0,0
known:ZNF236:t2d,rs62113105,new:ZBTB46:cad,rs6062322,0.0026,0,0
known:LPIN3:cad,rs6129773,known:SLC43A3:t2d,rs6591424,nan,0,0
known:LPIN3:cad,rs6129773,known:ISCA1:fbg,rs2147063,0.0079,0,0
known:LPIN3:cad,rs6129773,known:SAP130:cad,rs114192718,nan,0,0
known:LPIN3:cad,rs6129773,known:LOXL4:cad,rs11189523,0.0,0,0
known:LPIN3:cad,rs6129773,known:KIF11:t2d,rs1111875,0.0012,0,0
known:LPIN3:cad,rs6129773,known:C18orf8:t2d,rs1788799,0.0002,0,0
known:LPIN3:cad,rs6129773,known:SH3BGRL3:t2d,rs7551751,0.0023,0,0
known:LPIN3:cad,rs6129773,known:LRIG1:t2d,rs17775391,0.0083,0,0
known:LPIN3:cad,rs6129773,known:DGKQ:cad,rs1377586,0.0001,0,0
known:LPIN3:cad,rs6129773,known:SPATA5:t2d,rs11098676,0.0034,0,0
known:LPIN3:cad,rs6129773,known:PDGFC:t2d,rs1425486,0.0007,0,0
known:LPIN3:cad,rs6129773,known:GIGYF1:t2d,rs506597,0.004,0,0
known:LPIN3:cad,rs6129773,known:NRBF2:t2d,rs34119992,0.0116,0,0
known:LPIN3:cad,rs6129773,known:HSD17B12:t2d,rs1061810,0.002,0,0
known:LPIN3:cad,rs6129773,known:WDR17:cad,rs72706320,0.0027,0,0
known:LPIN3:cad,rs6129773,known:CDC123:cad,rs36062557,0.0005,0,0
known:LPIN3:cad,rs6129773,known:NTAN1:t2d,rs2280018,0.0,0,0
known:LPIN3:cad,rs6129773,known:MED27:t2d,rs7043386,0.0045,0,0
known:LPIN3:cad,rs6129773,known:THAP8:t2d,rs12981654,0.0114,0,0
known:LPIN3:cad,rs6129773,known:PGAP3:cad,rs2952152,0.0031,0,0
known:LPIN3:cad,rs6129773,known:DCAF16:t2d,rs7667864,0.0023,0,0
known:LPIN3:cad,rs6129773,known:EIF5A2:t2d,rs8192675,0.0093,0,0
known:LPIN3:cad,rs6129773,known:RFT1:t2d,rs2336725,0.0032,0,0
known:LPIN3:cad,rs6129773,known:DAGLB:cad,rs13235365,0.0016,0,0
known:LPIN3:cad,rs6129773,known:NUDT5:t2d,rs11257655,0.0011,0,0
known:LPIN3:cad,rs6129773,known:ARL13B:t2d,rs62266124,0.0,0,0
known:LPIN3:cad,rs6129773,known:SIK2:cad,rs567859,0.0015,0,0
known:LPIN3:cad,rs6129773,known:NRIP1:cad,rs2823165,0.0023,0,0
known:LPIN3:cad,rs6129773,known:TMEM136:cad,rs4938809,0.0037,0,0
known:LPIN3:cad,rs6129773,known:CAMK1D:t2d,rs11257655,0.0011,0,0
known:LPIN3:cad,rs6129773,known:ZBTB6:t2d,rs2239540,0.0298,0,0
known:LPIN3:cad,rs6129773,known:KCNJ11:t2d,rs757110,0.006,0,0
known:LPIN3:cad,rs6129773,known:LDLRAD2:cad,rs114661372,0.0067,0,0
known:LPIN3:cad,rs6129773,known:BLOC1S2:t2d,rs17882802,0.0156,0,0
known:LPIN3:cad,rs6129773,known:ZNF34:t2d,rs4637890,0.0015,0,0
known:LPIN3:cad,rs6129773,known:C6orf106:cad,rs3800461,nan,0,0
known:LPIN3:cad,rs6129773,known:PARVA:t2d,rs4757405,0.0061,0,0
known:LPIN3:cad,rs6129773,known:HOXC4:cad,rs1133773,0.0009,0,0
known:LPIN3:cad,rs6129773,known:YTHDF2:t2d,rs3753693,0.0002,0,0
known:LPIN3:cad,rs6129773,known:RP11-98D18.9:cad,rs1521185,0.0005,0,0
known:LPIN3:cad,rs6129773,known:SPDYE2:t2d,rs7781557,0.0003,0,0
known:LPIN3:cad,rs6129773,known:U6:cad,rs61776719,0.0021,0,0
known:LPIN3:cad,rs6129773,known:RP11-332O19.3:cad,rs11191472,nan,0,0
known:LPIN3:cad,rs6129773,known:ARHGAP19:t2d,rs8181326,0.0019,0,0
known:LPIN3:cad,rs6129773,known:BBIP1:t2d,rs10787287,0.0012,0,0
known:LPIN3:cad,rs6129773,known:FASTKD5:cad,rs860735,0.0171,0,0
known:LPIN3:cad,rs6129773,known:RP5-1068B5.3:t2d,rs927204,0.0157,0,0
known:LPIN3:cad,rs6129773,known:MAST4-AS1:t2d,rs173651,0.0023,0,0
known:LPIN3:cad,rs6129773,known:LRRC37A15P:t2d,rs223490,0.0032,0,0
known:LPIN3:cad,rs6129773,known:PHBP9:t2d,rs11591741,0.0156,0,0
known:LPIN3:cad,rs6129773,known:RP11-176F3.7:t2d,rs1758632,0.0048,0,0
known:LPIN3:cad,rs6129773,known:RP4-756G23.5:t2d,rs85220,0.0016,0,0
known:LPIN3:cad,rs6129773,known:RP1-159A19.4:cad,rs17361686,nan,0,0
known:LPIN3:cad,rs6129773,known:SERBP1P3:t2d,rs4687701,0.0032,0,0
known:LPIN3:cad,rs6129773,known:RP11-464F9.1:t2d,rs7908825,0.0003,0,0
known:LPIN3:cad,rs6129773,known:CTD-2037K23.2:cad,rs16875368,0.0,0,0
known:LPIN3:cad,rs6129773,known:AP000487.5:cad,rs34053053,0.0141,0,0
known:LPIN3:cad,rs6129773,known:CTD-2044J15.1:cad,rs4389656,0.0002,0,0
known:LPIN3:cad,rs6129773,known:KRT8P46:t2d,rs223490,0.0032,0,0
known:LPIN3:cad,rs6129773,known:RP11-10L12.2:t2d,rs223490,0.0032,0,0
known:LPIN3:cad,rs6129773,known:RP11-464F9.9:t2d,rs11000760,0.0003,0,0
known:LPIN3:cad,rs6129773,known:RP11-347C18.3:t2d,rs726816,0.008,0,0
known:LPIN3:cad,rs6129773,known:ALG1L13P:t2d,rs7837587,0.0006,0,0
known:LPIN3:cad,rs6129773,known:HMBS:cad,rs4614,0.001,0,0
known:LPIN3:cad,rs6129773,known:RP11-856B14.1:t2d,rs1194104,0.0002,0,0
known:LPIN3:cad,rs6129773,known:RP11-384M15.3:cad,rs1050362,0.0021,0,0
known:LPIN3:cad,rs6129773,known:RP11-51F16.5:t2d,rs7223412,0.0008,0,0
known:LPIN3:cad,rs6129773,known:MIR4513:cad,rs12442901,0.0009,0,0
known:LPIN3:cad,rs6129773,known:Metazoa_SRP:cad,rs11204675,0.0013,0,0
known:LPIN3:cad,rs6129773,known:Metazoa_SRP:cad,rs10888385,0.0013,0,0
known:LPIN3:cad,rs6129773,known:STRADA:t2d,rs11079508,0.0008,0,0
known:LPIN3:cad,rs6129773,known:RP11-552F3.10:cad,rs3760128,0.0087,0,0
known:LPIN3:cad,rs6129773,known:AC002116.7:t2d,rs10418015,0.0002,0,0
known:LPIN3:cad,rs6129773,known:DKFZP434I0714:t2d,rs9991574,0.0021,0,0
known:LPIN3:cad,rs6129773,known:hsa-mir-296:fbg,rs6026565,nan,0,0
known:LPIN3:cad,rs6129773,new:PLAUR:cad,rs4760,0.0158,0,0
known:LPIN3:cad,rs6129773,new:SLC12A3:cad,rs56228609,0.0021,0,0
known:LPIN3:cad,rs6129773,new:C2orf49:t2d,rs4851758,0.0118,0,0
known:LPIN3:cad,rs6129773,new:CWF19L1:t2d,rs17668357,0.0156,0,0
known:LPIN3:cad,rs6129773,new:U6atac:t2d,rs12780155,0.007,0,0
known:LPIN3:cad,rs6129773,new:CD101:t2d,rs12130298,nan,0,0
known:LPIN3:cad,rs6129773,new:TAGLN2:cad,rs2789422,0.0085,0,0
known:LPIN3:cad,rs6129773,new:CCDC19:cad,rs2789422,0.0085,0,0
known:LPIN3:cad,rs6129773,new:RBM6:t2d,rs2245365,0.0126,0,0
known:LPIN3:cad,rs6129773,new:CNNM2:cad,rs11191447,nan,0,0
known:LPIN3:cad,rs6129773,new:VSIG8:cad,rs2789422,0.0085,0,0
known:LPIN3:cad,rs6129773,new:LAMC1:cad,rs11588675,0.0051,0,0
known:LPIN3:cad,rs6129773,new:TPD52:fbg,rs2162229,0.0028,0,0
known:LPIN3:cad,rs6129773,new:SENP6:cad,rs62414240,0.065,0,0
known:LPIN3:cad,rs6129773,new:RIC8A:cad,rs6598075,0.0003,0,0
known:LPIN3:cad,rs6129773,new:HMGN3:cad,rs17787027,nan,0,0
known:LPIN3:cad,rs6129773,new:MT3:fbg,rs1580833,0.0052,0,0
known:LPIN3:cad,rs6129773,new:RPL13:t2d,rs113847672,0.0315,0,0
known:LPIN3:cad,rs6129773,new:ZBTB46:cad,rs6062322,0.0155,0,0
known:SLC43A3:t2d,rs6591424,known:ISCA1:fbg,rs2147063,nan,0,0
known:SLC43A3:t2d,rs6591424,known:SAP130:cad,rs114192718,nan,0,0
known:SLC43A3:t2d,rs6591424,known:LOXL4:cad,rs11189523,nan,0,0
known:SLC43A3:t2d,rs6591424,known:KIF11:t2d,rs1111875,nan,0,0
known:SLC43A3:t2d,rs6591424,known:C18orf8:t2d,rs1788799,nan,0,0
known:SLC43A3:t2d,rs6591424,known:SH3BGRL3:t2d,rs7551751,nan,0,0
known:SLC43A3:t2d,rs6591424,known:LRIG1:t2d,rs17775391,nan,0,0
known:SLC43A3:t2d,rs6591424,known:DGKQ:cad,rs1377586,nan,0,0
known:SLC43A3:t2d,rs6591424,known:SPATA5:t2d,rs11098676,nan,0,0
known:SLC43A3:t2d,rs6591424,known:PDGFC:t2d,rs1425486,nan,0,0
known:SLC43A3:t2d,rs6591424,known:GIGYF1:t2d,rs506597,nan,0,0
known:SLC43A3:t2d,rs6591424,known:NRBF2:t2d,rs34119992,nan,0,0
known:SLC43A3:t2d,rs6591424,known:HSD17B12:t2d,rs1061810,nan,0,0
known:SLC43A3:t2d,rs6591424,known:WDR17:cad,rs72706320,nan,0,0
known:SLC43A3:t2d,rs6591424,known:CDC123:cad,rs36062557,nan,0,0
known:SLC43A3:t2d,rs6591424,known:NTAN1:t2d,rs2280018,nan,0,0
known:SLC43A3:t2d,rs6591424,known:MED27:t2d,rs7043386,nan,0,0
known:SLC43A3:t2d,rs6591424,known:THAP8:t2d,rs12981654,nan,0,0
known:SLC43A3:t2d,rs6591424,known:PGAP3:cad,rs2952152,nan,0,0
known:SLC43A3:t2d,rs6591424,known:DCAF16:t2d,rs7667864,nan,0,0
known:SLC43A3:t2d,rs6591424,known:EIF5A2:t2d,rs8192675,nan,0,0
known:SLC43A3:t2d,rs6591424,known:RFT1:t2d,rs2336725,nan,0,0
known:SLC43A3:t2d,rs6591424,known:DAGLB:cad,rs13235365,nan,0,0
known:SLC43A3:t2d,rs6591424,known:NUDT5:t2d,rs11257655,nan,0,0
known:SLC43A3:t2d,rs6591424,known:ARL13B:t2d,rs62266124,nan,0,0
known:SLC43A3:t2d,rs6591424,known:SIK2:cad,rs567859,nan,0,0
known:SLC43A3:t2d,rs6591424,known:NRIP1:cad,rs2823165,nan,0,0
known:SLC43A3:t2d,rs6591424,known:TMEM136:cad,rs4938809,nan,0,0
known:SLC43A3:t2d,rs6591424,known:CAMK1D:t2d,rs11257655,nan,0,0
known:SLC43A3:t2d,rs6591424,known:ZBTB6:t2d,rs2239540,nan,0,0
known:SLC43A3:t2d,rs6591424,known:KCNJ11:t2d,rs757110,nan,0,0
known:SLC43A3:t2d,rs6591424,known:LDLRAD2:cad,rs114661372,nan,0,0
known:SLC43A3:t2d,rs6591424,known:BLOC1S2:t2d,rs17882802,nan,0,0
known:SLC43A3:t2d,rs6591424,known:ZNF34:t2d,rs4637890,nan,0,0
known:SLC43A3:t2d,rs6591424,known:C6orf106:cad,rs3800461,nan,0,0
known:SLC43A3:t2d,rs6591424,known:PARVA:t2d,rs4757405,nan,0,0
known:SLC43A3:t2d,rs6591424,known:HOXC4:cad,rs1133773,nan,0,0
known:SLC43A3:t2d,rs6591424,known:YTHDF2:t2d,rs3753693,nan,0,0
known:SLC43A3:t2d,rs6591424,known:RP11-98D18.9:cad,rs1521185,nan,0,0
known:SLC43A3:t2d,rs6591424,known:SPDYE2:t2d,rs7781557,nan,0,0
known:SLC43A3:t2d,rs6591424,known:U6:cad,rs61776719,nan,0,0
known:SLC43A3:t2d,rs6591424,known:RP11-332O19.3:cad,rs11191472,nan,0,0
known:SLC43A3:t2d,rs6591424,known:ARHGAP19:t2d,rs8181326,nan,0,0
known:SLC43A3:t2d,rs6591424,known:BBIP1:t2d,rs10787287,nan,0,0
known:SLC43A3:t2d,rs6591424,known:FASTKD5:cad,rs860735,nan,0,0
known:SLC43A3:t2d,rs6591424,known:RP5-1068B5.3:t2d,rs927204,nan,0,0
known:SLC43A3:t2d,rs6591424,known:MAST4-AS1:t2d,rs173651,nan,0,0
known:SLC43A3:t2d,rs6591424,known:LRRC37A15P:t2d,rs223490,nan,0,0
known:SLC43A3:t2d,rs6591424,known:PHBP9:t2d,rs11591741,nan,0,0
known:SLC43A3:t2d,rs6591424,known:RP11-176F3.7:t2d,rs1758632,nan,0,0
known:SLC43A3:t2d,rs6591424,known:RP4-756G23.5:t2d,rs85220,nan,0,0
known:SLC43A3:t2d,rs6591424,known:RP1-159A19.4:cad,rs17361686,nan,0,0
known:SLC43A3:t2d,rs6591424,known:SERBP1P3:t2d,rs4687701,nan,0,0
known:SLC43A3:t2d,rs6591424,known:RP11-464F9.1:t2d,rs7908825,nan,0,0
known:SLC43A3:t2d,rs6591424,known:CTD-2037K23.2:cad,rs16875368,nan,0,0
known:SLC43A3:t2d,rs6591424,known:AP000487.5:cad,rs34053053,nan,0,0
known:SLC43A3:t2d,rs6591424,known:CTD-2044J15.1:cad,rs4389656,nan,0,0
known:SLC43A3:t2d,rs6591424,known:KRT8P46:t2d,rs223490,nan,0,0
known:SLC43A3:t2d,rs6591424,known:RP11-10L12.2:t2d,rs223490,nan,0,0
known:SLC43A3:t2d,rs6591424,known:RP11-464F9.9:t2d,rs11000760,nan,0,0
known:SLC43A3:t2d,rs6591424,known:RP11-347C18.3:t2d,rs726816,nan,0,0
known:SLC43A3:t2d,rs6591424,known:ALG1L13P:t2d,rs7837587,nan,0,0
known:SLC43A3:t2d,rs6591424,known:HMBS:cad,rs4614,nan,0,0
known:SLC43A3:t2d,rs6591424,known:RP11-856B14.1:t2d,rs1194104,nan,0,0
known:SLC43A3:t2d,rs6591424,known:RP11-384M15.3:cad,rs1050362,nan,0,0
known:SLC43A3:t2d,rs6591424,known:RP11-51F16.5:t2d,rs7223412,nan,0,0
known:SLC43A3:t2d,rs6591424,known:MIR4513:cad,rs12442901,nan,0,0
known:SLC43A3:t2d,rs6591424,known:Metazoa_SRP:cad,rs11204675,nan,0,0
known:SLC43A3:t2d,rs6591424,known:Metazoa_SRP:cad,rs10888385,nan,0,0
known:SLC43A3:t2d,rs6591424,known:STRADA:t2d,rs11079508,nan,0,0
known:SLC43A3:t2d,rs6591424,known:RP11-552F3.10:cad,rs3760128,nan,0,0
known:SLC43A3:t2d,rs6591424,known:AC002116.7:t2d,rs10418015,nan,0,0
known:SLC43A3:t2d,rs6591424,known:DKFZP434I0714:t2d,rs9991574,nan,0,0
known:SLC43A3:t2d,rs6591424,known:hsa-mir-296:fbg,rs6026565,nan,0,0
known:SLC43A3:t2d,rs6591424,new:PLAUR:cad,rs4760,nan,0,0
known:SLC43A3:t2d,rs6591424,new:SLC12A3:cad,rs56228609,nan,0,0
known:SLC43A3:t2d,rs6591424,new:C2orf49:t2d,rs4851758,nan,0,0
known:SLC43A3:t2d,rs6591424,new:CWF19L1:t2d,rs17668357,nan,0,0
known:SLC43A3:t2d,rs6591424,new:U6atac:t2d,rs12780155,nan,0,0
known:SLC43A3:t2d,rs6591424,new:CD101:t2d,rs12130298,nan,0,0
known:SLC43A3:t2d,rs6591424,new:TAGLN2:cad,rs2789422,nan,0,0
known:SLC43A3:t2d,rs6591424,new:CCDC19:cad,rs2789422,nan,0,0
known:SLC43A3:t2d,rs6591424,new:RBM6:t2d,rs2245365,nan,0,0
known:SLC43A3:t2d,rs6591424,new:CNNM2:cad,rs11191447,nan,0,0
known:SLC43A3:t2d,rs6591424,new:VSIG8:cad,rs2789422,nan,0,0
known:SLC43A3:t2d,rs6591424,new:LAMC1:cad,rs11588675,nan,0,0
known:SLC43A3:t2d,rs6591424,new:TPD52:fbg,rs2162229,nan,0,0
known:SLC43A3:t2d,rs6591424,new:SENP6:cad,rs62414240,nan,0,0
known:SLC43A3:t2d,rs6591424,new:RIC8A:cad,rs6598075,nan,0,0
known:SLC43A3:t2d,rs6591424,new:HMGN3:cad,rs17787027,nan,0,0
known:SLC43A3:t2d,rs6591424,new:MT3:fbg,rs1580833,nan,0,0
known:SLC43A3:t2d,rs6591424,new:RPL13:t2d,rs113847672,nan,0,0
known:SLC43A3:t2d,rs6591424,new:ZBTB46:cad,rs6062322,nan,0,0
known:ISCA1:fbg,rs2147063,known:SAP130:cad,rs114192718,0.0166,0,0
known:ISCA1:fbg,rs2147063,known:LOXL4:cad,rs11189523,0.0012,0,0
known:ISCA1:fbg,rs2147063,known:KIF11:t2d,rs1111875,0.0053,0,0
known:ISCA1:fbg,rs2147063,known:C18orf8:t2d,rs1788799,0.0067,0,0
known:ISCA1:fbg,rs2147063,known:SH3BGRL3:t2d,rs7551751,0.0025,0,0
known:ISCA1:fbg,rs2147063,known:LRIG1:t2d,rs17775391,0.0068,0,0
known:ISCA1:fbg,rs2147063,known:DGKQ:cad,rs1377586,0.0015,0,0
known:ISCA1:fbg,rs2147063,known:SPATA5:t2d,rs11098676,0.0013,0,0
known:ISCA1:fbg,rs2147063,known:PDGFC:t2d,rs1425486,0.0041,0,0
known:ISCA1:fbg,rs2147063,known:GIGYF1:t2d,rs506597,0.0001,0,0
known:ISCA1:fbg,rs2147063,known:NRBF2:t2d,rs34119992,0.0,0,0
known:ISCA1:fbg,rs2147063,known:HSD17B12:t2d,rs1061810,0.0026,0,0
known:ISCA1:fbg,rs2147063,known:WDR17:cad,rs72706320,0.037,0,0
known:ISCA1:fbg,rs2147063,known:CDC123:cad,rs36062557,0.0039,0,0
known:ISCA1:fbg,rs2147063,known:NTAN1:t2d,rs2280018,0.0003,0,0
known:ISCA1:fbg,rs2147063,known:MED27:t2d,rs7043386,0.0002,0,0
known:ISCA1:fbg,rs2147063,known:THAP8:t2d,rs12981654,0.0054,0,0
known:ISCA1:fbg,rs2147063,known:PGAP3:cad,rs2952152,0.001,0,0
known:ISCA1:fbg,rs2147063,known:DCAF16:t2d,rs7667864,0.0003,0,0
known:ISCA1:fbg,rs2147063,known:EIF5A2:t2d,rs8192675,0.0095,0,0
known:ISCA1:fbg,rs2147063,known:RFT1:t2d,rs2336725,0.0007,0,0
known:ISCA1:fbg,rs2147063,known:DAGLB:cad,rs13235365,0.0062,0,0
known:ISCA1:fbg,rs2147063,known:NUDT5:t2d,rs11257655,0.0001,0,0
known:ISCA1:fbg,rs2147063,known:ARL13B:t2d,rs62266124,0.0015,0,0
known:ISCA1:fbg,rs2147063,known:SIK2:cad,rs567859,0.0007,0,0
known:ISCA1:fbg,rs2147063,known:NRIP1:cad,rs2823165,0.0012,0,0
known:ISCA1:fbg,rs2147063,known:TMEM136:cad,rs4938809,0.0101,0,0
known:ISCA1:fbg,rs2147063,known:CAMK1D:t2d,rs11257655,0.0001,0,0
known:ISCA1:fbg,rs2147063,known:ZBTB6:t2d,rs2239540,0.0,0,0
known:ISCA1:fbg,rs2147063,known:KCNJ11:t2d,rs757110,0.0,0,0
known:ISCA1:fbg,rs2147063,known:LDLRAD2:cad,rs114661372,0.0011,0,0
known:ISCA1:fbg,rs2147063,known:BLOC1S2:t2d,rs17882802,0.029,0,0
known:ISCA1:fbg,rs2147063,known:ZNF34:t2d,rs4637890,0.0011,0,0
known:ISCA1:fbg,rs2147063,known:C6orf106:cad,rs3800461,0.0405,0,0
known:ISCA1:fbg,rs2147063,known:PARVA:t2d,rs4757405,0.0037,0,0
known:ISCA1:fbg,rs2147063,known:HOXC4:cad,rs1133773,0.0,0,0
known:ISCA1:fbg,rs2147063,known:YTHDF2:t2d,rs3753693,0.0172,0,0
known:ISCA1:fbg,rs2147063,known:RP11-98D18.9:cad,rs1521185,0.0,0,0
known:ISCA1:fbg,rs2147063,known:SPDYE2:t2d,rs7781557,0.0164,0,0
known:ISCA1:fbg,rs2147063,known:U6:cad,rs61776719,0.0047,0,0
known:ISCA1:fbg,rs2147063,known:RP11-332O19.3:cad,rs11191472,0.0062,0,0
known:ISCA1:fbg,rs2147063,known:ARHGAP19:t2d,rs8181326,0.0093,0,0
known:ISCA1:fbg,rs2147063,known:BBIP1:t2d,rs10787287,0.0002,0,0
known:ISCA1:fbg,rs2147063,known:FASTKD5:cad,rs860735,0.0,0,0
known:ISCA1:fbg,rs2147063,known:RP5-1068B5.3:t2d,rs927204,0.0251,0,0
known:ISCA1:fbg,rs2147063,known:MAST4-AS1:t2d,rs173651,0.0,0,0
known:ISCA1:fbg,rs2147063,known:LRRC37A15P:t2d,rs223490,0.0001,0,0
known:ISCA1:fbg,rs2147063,known:PHBP9:t2d,rs11591741,0.0263,0,0
known:ISCA1:fbg,rs2147063,known:RP11-176F3.7:t2d,rs1758632,0.0002,0,0
known:ISCA1:fbg,rs2147063,known:RP4-756G23.5:t2d,rs85220,0.0001,0,0
known:ISCA1:fbg,rs2147063,known:RP1-159A19.4:cad,rs17361686,0.0,0,0
known:ISCA1:fbg,rs2147063,known:SERBP1P3:t2d,rs4687701,0.0007,0,0
known:ISCA1:fbg,rs2147063,known:RP11-464F9.1:t2d,rs7908825,0.0002,0,0
known:ISCA1:fbg,rs2147063,known:CTD-2037K23.2:cad,rs16875368,0.0295,0,0
known:ISCA1:fbg,rs2147063,known:AP000487.5:cad,rs34053053,0.0127,0,0
known:ISCA1:fbg,rs2147063,known:CTD-2044J15.1:cad,rs4389656,0.0013,0,0
known:ISCA1:fbg,rs2147063,known:KRT8P46:t2d,rs223490,0.0001,0,0
known:ISCA1:fbg,rs2147063,known:RP11-10L12.2:t2d,rs223490,0.0001,0,0
known:ISCA1:fbg,rs2147063,known:RP11-464F9.9:t2d,rs11000760,0.0005,0,0
known:ISCA1:fbg,rs2147063,known:RP11-347C18.3:t2d,rs726816,0.0006,0,0
known:ISCA1:fbg,rs2147063,known:ALG1L13P:t2d,rs7837587,0.0005,0,0
known:ISCA1:fbg,rs2147063,known:HMBS:cad,rs4614,0.0001,0,0
known:ISCA1:fbg,rs2147063,known:RP11-856B14.1:t2d,rs1194104,0.0069,0,0
known:ISCA1:fbg,rs2147063,known:RP11-384M15.3:cad,rs1050362,0.0062,0,0
known:ISCA1:fbg,rs2147063,known:RP11-51F16.5:t2d,rs7223412,0.0052,0,0
known:ISCA1:fbg,rs2147063,known:MIR4513:cad,rs12442901,0.0001,0,0
known:ISCA1:fbg,rs2147063,known:Metazoa_SRP:cad,rs11204675,0.0001,0,0
known:ISCA1:fbg,rs2147063,known:Metazoa_SRP:cad,rs10888385,0.0001,0,0
known:ISCA1:fbg,rs2147063,known:STRADA:t2d,rs11079508,0.0052,0,0
known:ISCA1:fbg,rs2147063,known:RP11-552F3.10:cad,rs3760128,0.0002,0,0
known:ISCA1:fbg,rs2147063,known:AC002116.7:t2d,rs10418015,0.0005,0,0
known:ISCA1:fbg,rs2147063,known:DKFZP434I0714:t2d,rs9991574,0.0001,0,0
known:ISCA1:fbg,rs2147063,known:hsa-mir-296:fbg,rs6026565,0.0094,0,0
known:ISCA1:fbg,rs2147063,new:PLAUR:cad,rs4760,0.0007,0,0
known:ISCA1:fbg,rs2147063,new:SLC12A3:cad,rs56228609,0.001,0,0
known:ISCA1:fbg,rs2147063,new:C2orf49:t2d,rs4851758,0.0543,0,0
known:ISCA1:fbg,rs2147063,new:CWF19L1:t2d,rs17668357,0.029,0,0
known:ISCA1:fbg,rs2147063,new:U6atac:t2d,rs12780155,0.0009,0,0
known:ISCA1:fbg,rs2147063,new:CD101:t2d,rs12130298,0.0364,0,0
known:ISCA1:fbg,rs2147063,new:TAGLN2:cad,rs2789422,0.0002,0,0
known:ISCA1:fbg,rs2147063,new:CCDC19:cad,rs2789422,0.0002,0,0
known:ISCA1:fbg,rs2147063,new:RBM6:t2d,rs2245365,0.0078,0,0
known:ISCA1:fbg,rs2147063,new:CNNM2:cad,rs11191447,0.0062,0,0
known:ISCA1:fbg,rs2147063,new:VSIG8:cad,rs2789422,0.0002,0,0
known:ISCA1:fbg,rs2147063,new:LAMC1:cad,rs11588675,0.0003,0,0
known:ISCA1:fbg,rs2147063,new:TPD52:fbg,rs2162229,0.0007,0,0
known:ISCA1:fbg,rs2147063,new:SENP6:cad,rs62414240,0.0091,0,0
known:ISCA1:fbg,rs2147063,new:RIC8A:cad,rs6598075,0.0064,0,0
known:ISCA1:fbg,rs2147063,new:HMGN3:cad,rs17787027,nan,0,0
known:ISCA1:fbg,rs2147063,new:MT3:fbg,rs1580833,0.0328,0,0
known:ISCA1:fbg,rs2147063,new:RPL13:t2d,rs113847672,0.0026,0,0
known:ISCA1:fbg,rs2147063,new:ZBTB46:cad,rs6062322,0.0,0,0
known:SAP130:cad,rs114192718,known:LOXL4:cad,rs11189523,nan,0,0
known:SAP130:cad,rs114192718,known:KIF11:t2d,rs1111875,nan,0,0
known:SAP130:cad,rs114192718,known:C18orf8:t2d,rs1788799,0.0004,0,0
known:SAP130:cad,rs114192718,known:SH3BGRL3:t2d,rs7551751,0.0074,0,0
known:SAP130:cad,rs114192718,known:LRIG1:t2d,rs17775391,nan,0,0
known:SAP130:cad,rs114192718,known:DGKQ:cad,rs1377586,nan,0,0
known:SAP130:cad,rs114192718,known:SPATA5:t2d,rs11098676,0.0046,0,0
known:SAP130:cad,rs114192718,known:PDGFC:t2d,rs1425486,nan,0,0
known:SAP130:cad,rs114192718,known:GIGYF1:t2d,rs506597,0.0344,0,0
known:SAP130:cad,rs114192718,known:NRBF2:t2d,rs34119992,nan,0,0
known:SAP130:cad,rs114192718,known:HSD17B12:t2d,rs1061810,nan,0,0
known:SAP130:cad,rs114192718,known:WDR17:cad,rs72706320,nan,0,0
known:SAP130:cad,rs114192718,known:CDC123:cad,rs36062557,nan,0,0
known:SAP130:cad,rs114192718,known:NTAN1:t2d,rs2280018,0.0003,0,0
known:SAP130:cad,rs114192718,known:MED27:t2d,rs7043386,0.0001,0,0
known:SAP130:cad,rs114192718,known:THAP8:t2d,rs12981654,nan,0,0
known:SAP130:cad,rs114192718,known:PGAP3:cad,rs2952152,0.0156,0,0
known:SAP130:cad,rs114192718,known:DCAF16:t2d,rs7667864,0.0042,0,0
known:SAP130:cad,rs114192718,known:EIF5A2:t2d,rs8192675,nan,0,0
known:SAP130:cad,rs114192718,known:RFT1:t2d,rs2336725,0.0012,0,0
known:SAP130:cad,rs114192718,known:DAGLB:cad,rs13235365,nan,0,0
known:SAP130:cad,rs114192718,known:NUDT5:t2d,rs11257655,nan,0,0
known:SAP130:cad,rs114192718,known:ARL13B:t2d,rs62266124,nan,0,0
known:SAP130:cad,rs114192718,known:SIK2:cad,rs567859,0.0029,0,0
known:SAP130:cad,rs114192718,known:NRIP1:cad,rs2823165,nan,0,0
known:SAP130:cad,rs114192718,known:TMEM136:cad,rs4938809,nan,0,0
known:SAP130:cad,rs114192718,known:CAMK1D:t2d,rs11257655,nan,0,0
known:SAP130:cad,rs114192718,known:ZBTB6:t2d,rs2239540,nan,0,0
known:SAP130:cad,rs114192718,known:KCNJ11:t2d,rs757110,0.0044,0,0
known:SAP130:cad,rs114192718,known:LDLRAD2:cad,rs114661372,nan,0,0
known:SAP130:cad,rs114192718,known:BLOC1S2:t2d,rs17882802,nan,0,0
known:SAP130:cad,rs114192718,known:ZNF34:t2d,rs4637890,nan,0,0
known:SAP130:cad,rs114192718,known:C6orf106:cad,rs3800461,nan,0,0
known:SAP130:cad,rs114192718,known:PARVA:t2d,rs4757405,0.0154,0,0
known:SAP130:cad,rs114192718,known:HOXC4:cad,rs1133773,nan,0,0
known:SAP130:cad,rs114192718,known:YTHDF2:t2d,rs3753693,nan,0,0
known:SAP130:cad,rs114192718,known:RP11-98D18.9:cad,rs1521185,0.0282,0,0
known:SAP130:cad,rs114192718,known:SPDYE2:t2d,rs7781557,nan,0,0
known:SAP130:cad,rs114192718,known:U6:cad,rs61776719,nan,0,0
known:SAP130:cad,rs114192718,known:RP11-332O19.3:cad,rs11191472,nan,0,0
known:SAP130:cad,rs114192718,known:ARHGAP19:t2d,rs8181326,0.0066,0,0
known:SAP130:cad,rs114192718,known:BBIP1:t2d,rs10787287,0.0027,0,0
known:SAP130:cad,rs114192718,known:FASTKD5:cad,rs860735,0.0176,0,0
known:SAP130:cad,rs114192718,known:RP5-1068B5.3:t2d,rs927204,nan,0,0
known:SAP130:cad,rs114192718,known:MAST4-AS1:t2d,rs173651,nan,0,0
known:SAP130:cad,rs114192718,known:LRRC37A15P:t2d,rs223490,nan,0,0
known:SAP130:cad,rs114192718,known:PHBP9:t2d,rs11591741,nan,0,0
known:SAP130:cad,rs114192718,known:RP11-176F3.7:t2d,rs1758632,0.0168,0,0
known:SAP130:cad,rs114192718,known:RP4-756G23.5:t2d,rs85220,nan,0,0
known:SAP130:cad,rs114192718,known:RP1-159A19.4:cad,rs17361686,nan,0,0
known:SAP130:cad,rs114192718,known:SERBP1P3:t2d,rs4687701,0.0012,0,0
known:SAP130:cad,rs114192718,known:RP11-464F9.1:t2d,rs7908825,0.022,0,0
known:SAP130:cad,rs114192718,known:CTD-2037K23.2:cad,rs16875368,nan,0,0
known:SAP130:cad,rs114192718,known:AP000487.5:cad,rs34053053,nan,0,0
known:SAP130:cad,rs114192718,known:CTD-2044J15.1:cad,rs4389656,nan,0,0
known:SAP130:cad,rs114192718,known:KRT8P46:t2d,rs223490,nan,0,0
known:SAP130:cad,rs114192718,known:RP11-10L12.2:t2d,rs223490,nan,0,0
known:SAP130:cad,rs114192718,known:RP11-464F9.9:t2d,rs11000760,0.022,0,0
known:SAP130:cad,rs114192718,known:RP11-347C18.3:t2d,rs726816,nan,0,0
known:SAP130:cad,rs114192718,known:ALG1L13P:t2d,rs7837587,nan,0,0
known:SAP130:cad,rs114192718,known:HMBS:cad,rs4614,nan,0,0
known:SAP130:cad,rs114192718,known:RP11-856B14.1:t2d,rs1194104,nan,0,0
known:SAP130:cad,rs114192718,known:RP11-384M15.3:cad,rs1050362,nan,0,0
known:SAP130:cad,rs114192718,known:RP11-51F16.5:t2d,rs7223412,nan,0,0
known:SAP130:cad,rs114192718,known:MIR4513:cad,rs12442901,0.0009,0,0
known:SAP130:cad,rs114192718,known:Metazoa_SRP:cad,rs11204675,nan,0,0
known:SAP130:cad,rs114192718,known:Metazoa_SRP:cad,rs10888385,nan,0,0
known:SAP130:cad,rs114192718,known:STRADA:t2d,rs11079508,nan,0,0
known:SAP130:cad,rs114192718,known:RP11-552F3.10:cad,rs3760128,nan,0,0
known:SAP130:cad,rs114192718,known:AC002116.7:t2d,rs10418015,nan,0,0
known:SAP130:cad,rs114192718,known:DKFZP434I0714:t2d,rs9991574,nan,0,0
known:SAP130:cad,rs114192718,known:hsa-mir-296:fbg,rs6026565,nan,0,0
known:SAP130:cad,rs114192718,new:PLAUR:cad,rs4760,nan,0,0
known:SAP130:cad,rs114192718,new:SLC12A3:cad,rs56228609,nan,0,0
known:SAP130:cad,rs114192718,new:C2orf49:t2d,rs4851758,nan,0,0
known:SAP130:cad,rs114192718,new:CWF19L1:t2d,rs17668357,nan,0,0
known:SAP130:cad,rs114192718,new:U6atac:t2d,rs12780155,nan,0,0
known:SAP130:cad,rs114192718,new:CD101:t2d,rs12130298,nan,0,0
known:SAP130:cad,rs114192718,new:TAGLN2:cad,rs2789422,nan,0,0
known:SAP130:cad,rs114192718,new:CCDC19:cad,rs2789422,nan,0,0
known:SAP130:cad,rs114192718,new:RBM6:t2d,rs2245365,nan,0,0
known:SAP130:cad,rs114192718,new:CNNM2:cad,rs11191447,nan,0,0
known:SAP130:cad,rs114192718,new:VSIG8:cad,rs2789422,nan,0,0
known:SAP130:cad,rs114192718,new:LAMC1:cad,rs11588675,nan,0,0
known:SAP130:cad,rs114192718,new:TPD52:fbg,rs2162229,nan,0,0
known:SAP130:cad,rs114192718,new:SENP6:cad,rs62414240,nan,0,0
known:SAP130:cad,rs114192718,new:RIC8A:cad,rs6598075,nan,0,0
known:SAP130:cad,rs114192718,new:HMGN3:cad,rs17787027,nan,0,0
known:SAP130:cad,rs114192718,new:MT3:fbg,rs1580833,nan,0,0
known:SAP130:cad,rs114192718,new:RPL13:t2d,rs113847672,nan,0,0
known:SAP130:cad,rs114192718,new:ZBTB46:cad,rs6062322,nan,0,0
known:LOXL4:cad,rs11189523,known:KIF11:t2d,rs1111875,0.0028,0,0
known:LOXL4:cad,rs11189523,known:C18orf8:t2d,rs1788799,0.001,0,0
known:LOXL4:cad,rs11189523,known:SH3BGRL3:t2d,rs7551751,0.0042,0,0
known:LOXL4:cad,rs11189523,known:LRIG1:t2d,rs17775391,0.008,0,0
known:LOXL4:cad,rs11189523,known:DGKQ:cad,rs1377586,0.0001,0,0
known:LOXL4:cad,rs11189523,known:SPATA5:t2d,rs11098676,0.0033,0,0
known:LOXL4:cad,rs11189523,known:PDGFC:t2d,rs1425486,0.0359,0,0
known:LOXL4:cad,rs11189523,known:GIGYF1:t2d,rs506597,0.0088,0,0
known:LOXL4:cad,rs11189523,known:NRBF2:t2d,rs34119992,0.0004,0,0
known:LOXL4:cad,rs11189523,known:HSD17B12:t2d,rs1061810,0.0379,0,0
known:LOXL4:cad,rs11189523,known:WDR17:cad,rs72706320,0.0276,0,0
known:LOXL4:cad,rs11189523,known:CDC123:cad,rs36062557,0.0001,0,0
known:LOXL4:cad,rs11189523,known:NTAN1:t2d,rs2280018,0.0009,0,0
known:LOXL4:cad,rs11189523,known:MED27:t2d,rs7043386,0.0004,0,0
known:LOXL4:cad,rs11189523,known:THAP8:t2d,rs12981654,0.0014,0,0
known:LOXL4:cad,rs11189523,known:PGAP3:cad,rs2952152,0.0001,0,0
known:LOXL4:cad,rs11189523,known:DCAF16:t2d,rs7667864,0.0004,0,0
known:LOXL4:cad,rs11189523,known:EIF5A2:t2d,rs8192675,0.0026,0,0
known:LOXL4:cad,rs11189523,known:RFT1:t2d,rs2336725,0.0011,0,0
known:LOXL4:cad,rs11189523,known:DAGLB:cad,rs13235365,0.0062,0,0
known:LOXL4:cad,rs11189523,known:NUDT5:t2d,rs11257655,0.0006,0,0
known:LOXL4:cad,rs11189523,known:ARL13B:t2d,rs62266124,0.0028,0,0
known:LOXL4:cad,rs11189523,known:SIK2:cad,rs567859,0.0001,0,0
known:LOXL4:cad,rs11189523,known:NRIP1:cad,rs2823165,0.0005,0,0
known:LOXL4:cad,rs11189523,known:TMEM136:cad,rs4938809,0.0051,0,0
known:LOXL4:cad,rs11189523,known:CAMK1D:t2d,rs11257655,0.0006,0,0
known:LOXL4:cad,rs11189523,known:ZBTB6:t2d,rs2239540,0.0004,0,0
known:LOXL4:cad,rs11189523,known:KCNJ11:t2d,rs757110,0.0011,0,0
known:LOXL4:cad,rs11189523,known:LDLRAD2:cad,rs114661372,0.0004,0,0
known:LOXL4:cad,rs11189523,known:BLOC1S2:t2d,rs17882802,0.0066,0,0
known:LOXL4:cad,rs11189523,known:ZNF34:t2d,rs4637890,0.0,0,0
known:LOXL4:cad,rs11189523,known:C6orf106:cad,rs3800461,0.0162,0,0
known:LOXL4:cad,rs11189523,known:PARVA:t2d,rs4757405,0.0,0,0
known:LOXL4:cad,rs11189523,known:HOXC4:cad,rs1133773,0.0083,0,0
known:LOXL4:cad,rs11189523,known:YTHDF2:t2d,rs3753693,0.0006,0,0
known:LOXL4:cad,rs11189523,known:RP11-98D18.9:cad,rs1521185,0.001,0,0
known:LOXL4:cad,rs11189523,known:SPDYE2:t2d,rs7781557,0.016,0,0
known:LOXL4:cad,rs11189523,known:U6:cad,rs61776719,0.0001,0,0
known:LOXL4:cad,rs11189523,known:RP11-332O19.3:cad,rs11191472,0.0011,0,0
known:LOXL4:cad,rs11189523,known:ARHGAP19:t2d,rs8181326,0.016,0,0
known:LOXL4:cad,rs11189523,known:BBIP1:t2d,rs10787287,0.0029,0,0
known:LOXL4:cad,rs11189523,known:FASTKD5:cad,rs860735,0.003,0,0
known:LOXL4:cad,rs11189523,known:RP5-1068B5.3:t2d,rs927204,0.0035,0,0
known:LOXL4:cad,rs11189523,known:MAST4-AS1:t2d,rs173651,0.012,0,0
known:LOXL4:cad,rs11189523,known:LRRC37A15P:t2d,rs223490,0.0082,0,0
known:LOXL4:cad,rs11189523,known:PHBP9:t2d,rs11591741,0.0076,0,0
known:LOXL4:cad,rs11189523,known:RP11-176F3.7:t2d,rs1758632,0.009,0,0
known:LOXL4:cad,rs11189523,known:RP4-756G23.5:t2d,rs85220,0.0045,0,0
known:LOXL4:cad,rs11189523,known:RP1-159A19.4:cad,rs17361686,0.0016,0,0
known:LOXL4:cad,rs11189523,known:SERBP1P3:t2d,rs4687701,0.0011,0,0
known:LOXL4:cad,rs11189523,known:RP11-464F9.1:t2d,rs7908825,0.0,0,0
known:LOXL4:cad,rs11189523,known:CTD-2037K23.2:cad,rs16875368,0.0042,0,0
known:LOXL4:cad,rs11189523,known:AP000487.5:cad,rs34053053,0.0081,0,0
known:LOXL4:cad,rs11189523,known:CTD-2044J15.1:cad,rs4389656,0.0036,0,0
known:LOXL4:cad,rs11189523,known:KRT8P46:t2d,rs223490,0.0082,0,0
known:LOXL4:cad,rs11189523,known:RP11-10L12.2:t2d,rs223490,0.0082,0,0
known:LOXL4:cad,rs11189523,known:RP11-464F9.9:t2d,rs11000760,0.0,0,0
known:LOXL4:cad,rs11189523,known:RP11-347C18.3:t2d,rs726816,0.0,0,0
known:LOXL4:cad,rs11189523,known:ALG1L13P:t2d,rs7837587,0.0008,0,0
known:LOXL4:cad,rs11189523,known:HMBS:cad,rs4614,0.0056,0,0
known:LOXL4:cad,rs11189523,known:RP11-856B14.1:t2d,rs1194104,0.0018,0,0
known:LOXL4:cad,rs11189523,known:RP11-384M15.3:cad,rs1050362,0.0002,0,0
known:LOXL4:cad,rs11189523,known:RP11-51F16.5:t2d,rs7223412,0.0028,0,0
known:LOXL4:cad,rs11189523,known:MIR4513:cad,rs12442901,0.0006,0,0
known:LOXL4:cad,rs11189523,known:Metazoa_SRP:cad,rs11204675,0.0,0,0
known:LOXL4:cad,rs11189523,known:Metazoa_SRP:cad,rs10888385,0.0,0,0
known:LOXL4:cad,rs11189523,known:STRADA:t2d,rs11079508,0.0028,0,0
known:LOXL4:cad,rs11189523,known:RP11-552F3.10:cad,rs3760128,0.0002,0,0
known:LOXL4:cad,rs11189523,known:AC002116.7:t2d,rs10418015,0.0005,0,0
known:LOXL4:cad,rs11189523,known:DKFZP434I0714:t2d,rs9991574,0.0,0,0
known:LOXL4:cad,rs11189523,known:hsa-mir-296:fbg,rs6026565,0.0,0,0
known:LOXL4:cad,rs11189523,new:PLAUR:cad,rs4760,0.0394,0,0
known:LOXL4:cad,rs11189523,new:SLC12A3:cad,rs56228609,0.0003,0,0
known:LOXL4:cad,rs11189523,new:C2orf49:t2d,rs4851758,0.012,0,0
known:LOXL4:cad,rs11189523,new:CWF19L1:t2d,rs17668357,0.0066,0,0
known:LOXL4:cad,rs11189523,new:U6atac:t2d,rs12780155,0.0002,0,0
known:LOXL4:cad,rs11189523,new:CD101:t2d,rs12130298,nan,0,0
known:LOXL4:cad,rs11189523,new:TAGLN2:cad,rs2789422,0.0005,0,0
known:LOXL4:cad,rs11189523,new:CCDC19:cad,rs2789422,0.0005,0,0
known:LOXL4:cad,rs11189523,new:RBM6:t2d,rs2245365,0.0013,0,0
known:LOXL4:cad,rs11189523,new:CNNM2:cad,rs11191447,0.0011,0,0
known:LOXL4:cad,rs11189523,new:VSIG8:cad,rs2789422,0.0005,0,0
known:LOXL4:cad,rs11189523,new:LAMC1:cad,rs11588675,0.0076,0,0
known:LOXL4:cad,rs11189523,new:TPD52:fbg,rs2162229,0.0,0,0
known:LOXL4:cad,rs11189523,new:SENP6:cad,rs62414240,0.0017,0,0
known:LOXL4:cad,rs11189523,new:RIC8A:cad,rs6598075,0.002,0,0
known:LOXL4:cad,rs11189523,new:HMGN3:cad,rs17787027,nan,0,0
known:LOXL4:cad,rs11189523,new:MT3:fbg,rs1580833,0.0002,0,0
known:LOXL4:cad,rs11189523,new:RPL13:t2d,rs113847672,0.0036,0,0
known:LOXL4:cad,rs11189523,new:ZBTB46:cad,rs6062322,0.0403,0,0
known:KIF11:t2d,rs1111875,known:C18orf8:t2d,rs1788799,0.0008,0,0
known:KIF11:t2d,rs1111875,known:SH3BGRL3:t2d,rs7551751,0.0066,0,0
known:KIF11:t2d,rs1111875,known:LRIG1:t2d,rs17775391,0.0056,0,0
known:KIF11:t2d,rs1111875,known:DGKQ:cad,rs1377586,0.0012,0,0
known:KIF11:t2d,rs1111875,known:SPATA5:t2d,rs11098676,0.0017,0,0
known:KIF11:t2d,rs1111875,known:PDGFC:t2d,rs1425486,0.0093,0,0
known:KIF11:t2d,rs1111875,known:GIGYF1:t2d,rs506597,0.0031,0,0
known:KIF11:t2d,rs1111875,known:NRBF2:t2d,rs34119992,0.0,0,0
known:KIF11:t2d,rs1111875,known:HSD17B12:t2d,rs1061810,0.0006,0,0
known:KIF11:t2d,rs1111875,known:WDR17:cad,rs72706320,0.0209,0,0
known:KIF11:t2d,rs1111875,known:CDC123:cad,rs36062557,0.0021,0,0
known:KIF11:t2d,rs1111875,known:NTAN1:t2d,rs2280018,0.0048,0,0
known:KIF11:t2d,rs1111875,known:MED27:t2d,rs7043386,0.0041,0,0
known:KIF11:t2d,rs1111875,known:THAP8:t2d,rs12981654,0.0,0,0
known:KIF11:t2d,rs1111875,known:PGAP3:cad,rs2952152,0.0068,0,0
known:KIF11:t2d,rs1111875,known:DCAF16:t2d,rs7667864,0.001,0,0
known:KIF11:t2d,rs1111875,known:EIF5A2:t2d,rs8192675,0.0203,0,0
known:KIF11:t2d,rs1111875,known:RFT1:t2d,rs2336725,0.0036,0,0
known:KIF11:t2d,rs1111875,known:DAGLB:cad,rs13235365,0.0143,0,0
known:KIF11:t2d,rs1111875,known:NUDT5:t2d,rs11257655,0.0002,0,0
known:KIF11:t2d,rs1111875,known:ARL13B:t2d,rs62266124,0.0031,0,0
known:KIF11:t2d,rs1111875,known:SIK2:cad,rs567859,0.0047,0,0
known:KIF11:t2d,rs1111875,known:NRIP1:cad,rs2823165,0.0017,0,0
known:KIF11:t2d,rs1111875,known:TMEM136:cad,rs4938809,0.0001,0,0
known:KIF11:t2d,rs1111875,known:CAMK1D:t2d,rs11257655,0.0002,0,0
known:KIF11:t2d,rs1111875,known:ZBTB6:t2d,rs2239540,0.0039,0,0
known:KIF11:t2d,rs1111875,known:KCNJ11:t2d,rs757110,0.0011,0,0
known:KIF11:t2d,rs1111875,known:LDLRAD2:cad,rs114661372,0.0009,0,0
known:KIF11:t2d,rs1111875,known:BLOC1S2:t2d,rs17882802,0.0015,0,0
known:KIF11:t2d,rs1111875,known:ZNF34:t2d,rs4637890,0.0024,0,0
known:KIF11:t2d,rs1111875,known:C6orf106:cad,rs3800461,0.0146,0,0
known:KIF11:t2d,rs1111875,known:PARVA:t2d,rs4757405,0.0035,0,0
known:KIF11:t2d,rs1111875,known:HOXC4:cad,rs1133773,0.0177,0,0
known:KIF11:t2d,rs1111875,known:YTHDF2:t2d,rs3753693,0.002,0,0
known:KIF11:t2d,rs1111875,known:RP11-98D18.9:cad,rs1521185,0.0351,0,0
known:KIF11:t2d,rs1111875,known:SPDYE2:t2d,rs7781557,0.0214,0,0
known:KIF11:t2d,rs1111875,known:U6:cad,rs61776719,0.001,0,0
known:KIF11:t2d,rs1111875,known:RP11-332O19.3:cad,rs11191472,0.0287,0,0
known:KIF11:t2d,rs1111875,known:ARHGAP19:t2d,rs8181326,0.0007,0,0
known:KIF11:t2d,rs1111875,known:BBIP1:t2d,rs10787287,0.0,0,0
known:KIF11:t2d,rs1111875,known:FASTKD5:cad,rs860735,0.0002,0,0
known:KIF11:t2d,rs1111875,known:RP5-1068B5.3:t2d,rs927204,0.027,0,0
known:KIF11:t2d,rs1111875,known:MAST4-AS1:t2d,rs173651,0.0,0,0
known:KIF11:t2d,rs1111875,known:LRRC37A15P:t2d,rs223490,0.0064,0,0
known:KIF11:t2d,rs1111875,known:PHBP9:t2d,rs11591741,0.002,0,0
known:KIF11:t2d,rs1111875,known:RP11-176F3.7:t2d,rs1758632,0.0012,0,0
known:KIF11:t2d,rs1111875,known:RP4-756G23.5:t2d,rs85220,0.001,0,0
known:KIF11:t2d,rs1111875,known:RP1-159A19.4:cad,rs17361686,0.0363,0,0
known:KIF11:t2d,rs1111875,known:SERBP1P3:t2d,rs4687701,0.0036,0,0
known:KIF11:t2d,rs1111875,known:RP11-464F9.1:t2d,rs7908825,0.0049,0,0
known:KIF11:t2d,rs1111875,known:CTD-2037K23.2:cad,rs16875368,0.0149,0,0
known:KIF11:t2d,rs1111875,known:AP000487.5:cad,rs34053053,0.0024,0,0
known:KIF11:t2d,rs1111875,known:CTD-2044J15.1:cad,rs4389656,0.0005,0,0
known:KIF11:t2d,rs1111875,known:KRT8P46:t2d,rs223490,0.0064,0,0
known:KIF11:t2d,rs1111875,known:RP11-10L12.2:t2d,rs223490,0.0064,0,0
known:KIF11:t2d,rs1111875,known:RP11-464F9.9:t2d,rs11000760,0.0035,0,0
known:KIF11:t2d,rs1111875,known:RP11-347C18.3:t2d,rs726816,0.0172,0,0
known:KIF11:t2d,rs1111875,known:ALG1L13P:t2d,rs7837587,0.0026,0,0
known:KIF11:t2d,rs1111875,known:HMBS:cad,rs4614,0.0,0,0
known:KIF11:t2d,rs1111875,known:RP11-856B14.1:t2d,rs1194104,0.002,0,0
known:KIF11:t2d,rs1111875,known:RP11-384M15.3:cad,rs1050362,0.007,0,0
known:KIF11:t2d,rs1111875,known:RP11-51F16.5:t2d,rs7223412,0.0005,0,0
known:KIF11:t2d,rs1111875,known:MIR4513:cad,rs12442901,0.0079,0,0
known:KIF11:t2d,rs1111875,known:Metazoa_SRP:cad,rs11204675,0.0,0,0
known:KIF11:t2d,rs1111875,known:Metazoa_SRP:cad,rs10888385,0.0,0,0
known:KIF11:t2d,rs1111875,known:STRADA:t2d,rs11079508,0.0005,0,0
known:KIF11:t2d,rs1111875,known:RP11-552F3.10:cad,rs3760128,0.0012,0,0
known:KIF11:t2d,rs1111875,known:AC002116.7:t2d,rs10418015,0.0,0,0
known:KIF11:t2d,rs1111875,known:DKFZP434I0714:t2d,rs9991574,0.04,0,0
known:KIF11:t2d,rs1111875,known:hsa-mir-296:fbg,rs6026565,0.0016,0,0
known:KIF11:t2d,rs1111875,new:PLAUR:cad,rs4760,0.0008,0,0
known:KIF11:t2d,rs1111875,new:SLC12A3:cad,rs56228609,0.006,0,0
known:KIF11:t2d,rs1111875,new:C2orf49:t2d,rs4851758,0.0019,0,0
known:KIF11:t2d,rs1111875,new:CWF19L1:t2d,rs17668357,0.0015,0,0
known:KIF11:t2d,rs1111875,new:U6atac:t2d,rs12780155,0.0117,0,0
known:KIF11:t2d,rs1111875,new:CD101:t2d,rs12130298,0.0102,0,0
known:KIF11:t2d,rs1111875,new:TAGLN2:cad,rs2789422,0.0053,0,0
known:KIF11:t2d,rs1111875,new:CCDC19:cad,rs2789422,0.0053,0,0
known:KIF11:t2d,rs1111875,new:RBM6:t2d,rs2245365,0.0099,0,0
known:KIF11:t2d,rs1111875,new:CNNM2:cad,rs11191447,0.0287,0,0
known:KIF11:t2d,rs1111875,new:VSIG8:cad,rs2789422,0.0053,0,0
known:KIF11:t2d,rs1111875,new:LAMC1:cad,rs11588675,0.0058,0,0
known:KIF11:t2d,rs1111875,new:TPD52:fbg,rs2162229,0.0006,0,0
known:KIF11:t2d,rs1111875,new:SENP6:cad,rs62414240,0.0085,0,0
known:KIF11:t2d,rs1111875,new:RIC8A:cad,rs6598075,0.0062,0,0
known:KIF11:t2d,rs1111875,new:HMGN3:cad,rs17787027,nan,0,0
known:KIF11:t2d,rs1111875,new:MT3:fbg,rs1580833,0.0002,0,0
known:KIF11:t2d,rs1111875,new:RPL13:t2d,rs113847672,0.0106,0,0
known:KIF11:t2d,rs1111875,new:ZBTB46:cad,rs6062322,0.0005,0,0
known:C18orf8:t2d,rs1788799,known:SH3BGRL3:t2d,rs7551751,0.0024,0,0
known:C18orf8:t2d,rs1788799,known:LRIG1:t2d,rs17775391,0.0081,0,0
known:C18orf8:t2d,rs1788799,known:DGKQ:cad,rs1377586,0.0072,0,0
known:C18orf8:t2d,rs1788799,known:SPATA5:t2d,rs11098676,0.0,0,0
known:C18orf8:t2d,rs1788799,known:PDGFC:t2d,rs1425486,0.0,0,0
known:C18orf8:t2d,rs1788799,known:GIGYF1:t2d,rs506597,0.0,0,0
known:C18orf8:t2d,rs1788799,known:NRBF2:t2d,rs34119992,0.0006,0,0
known:C18orf8:t2d,rs1788799,known:HSD17B12:t2d,rs1061810,0.0017,0,0
known:C18orf8:t2d,rs1788799,known:WDR17:cad,rs72706320,0.0001,0,0
known:C18orf8:t2d,rs1788799,known:CDC123:cad,rs36062557,0.0045,0,0
known:C18orf8:t2d,rs1788799,known:NTAN1:t2d,rs2280018,0.0001,0,0
known:C18orf8:t2d,rs1788799,known:MED27:t2d,rs7043386,0.0031,0,0
known:C18orf8:t2d,rs1788799,known:THAP8:t2d,rs12981654,0.0191,0,0
known:C18orf8:t2d,rs1788799,known:PGAP3:cad,rs2952152,0.0003,0,0
known:C18orf8:t2d,rs1788799,known:DCAF16:t2d,rs7667864,0.0114,0,0
known:C18orf8:t2d,rs1788799,known:EIF5A2:t2d,rs8192675,0.0044,0,0
known:C18orf8:t2d,rs1788799,known:RFT1:t2d,rs2336725,0.0101,0,0
known:C18orf8:t2d,rs1788799,known:DAGLB:cad,rs13235365,0.0005,0,0
known:C18orf8:t2d,rs1788799,known:NUDT5:t2d,rs11257655,0.0021,0,0
known:C18orf8:t2d,rs1788799,known:ARL13B:t2d,rs62266124,0.0019,0,0
known:C18orf8:t2d,rs1788799,known:SIK2:cad,rs567859,0.0027,0,0
known:C18orf8:t2d,rs1788799,known:NRIP1:cad,rs2823165,0.0012,0,0
known:C18orf8:t2d,rs1788799,known:TMEM136:cad,rs4938809,0.0029,0,0
known:C18orf8:t2d,rs1788799,known:CAMK1D:t2d,rs11257655,0.0021,0,0
known:C18orf8:t2d,rs1788799,known:ZBTB6:t2d,rs2239540,0.0043,0,0
known:C18orf8:t2d,rs1788799,known:KCNJ11:t2d,rs757110,0.002,0,0
known:C18orf8:t2d,rs1788799,known:LDLRAD2:cad,rs114661372,0.0053,0,0
known:C18orf8:t2d,rs1788799,known:BLOC1S2:t2d,rs17882802,0.0027,0,0
known:C18orf8:t2d,rs1788799,known:ZNF34:t2d,rs4637890,0.001,0,0
known:C18orf8:t2d,rs1788799,known:C6orf106:cad,rs3800461,0.0021,0,0
known:C18orf8:t2d,rs1788799,known:PARVA:t2d,rs4757405,0.0007,0,0
known:C18orf8:t2d,rs1788799,known:HOXC4:cad,rs1133773,0.002,0,0
known:C18orf8:t2d,rs1788799,known:YTHDF2:t2d,rs3753693,0.0002,0,0
known:C18orf8:t2d,rs1788799,known:RP11-98D18.9:cad,rs1521185,0.004,0,0
known:C18orf8:t2d,rs1788799,known:SPDYE2:t2d,rs7781557,0.0357,0,0
known:C18orf8:t2d,rs1788799,known:U6:cad,rs61776719,0.0012,0,0
known:C18orf8:t2d,rs1788799,known:RP11-332O19.3:cad,rs11191472,0.007,0,0
known:C18orf8:t2d,rs1788799,known:ARHGAP19:t2d,rs8181326,0.0025,0,0
known:C18orf8:t2d,rs1788799,known:BBIP1:t2d,rs10787287,0.0026,0,0
known:C18orf8:t2d,rs1788799,known:FASTKD5:cad,rs860735,0.0004,0,0
known:C18orf8:t2d,rs1788799,known:RP5-1068B5.3:t2d,rs927204,0.0022,0,0
known:C18orf8:t2d,rs1788799,known:MAST4-AS1:t2d,rs173651,0.0001,0,0
known:C18orf8:t2d,rs1788799,known:LRRC37A15P:t2d,rs223490,0.0024,0,0
known:C18orf8:t2d,rs1788799,known:PHBP9:t2d,rs11591741,0.002,0,0
known:C18orf8:t2d,rs1788799,known:RP11-176F3.7:t2d,rs1758632,0.0002,0,0
known:C18orf8:t2d,rs1788799,known:RP4-756G23.5:t2d,rs85220,0.0,0,0
known:C18orf8:t2d,rs1788799,known:RP1-159A19.4:cad,rs17361686,0.0006,0,0
known:C18orf8:t2d,rs1788799,known:SERBP1P3:t2d,rs4687701,0.0101,0,0
known:C18orf8:t2d,rs1788799,known:RP11-464F9.1:t2d,rs7908825,0.0149,0,0
known:C18orf8:t2d,rs1788799,known:CTD-2037K23.2:cad,rs16875368,0.0015,0,0
known:C18orf8:t2d,rs1788799,known:AP000487.5:cad,rs34053053,0.0115,0,0
known:C18orf8:t2d,rs1788799,known:CTD-2044J15.1:cad,rs4389656,0.0198,0,0
known:C18orf8:t2d,rs1788799,known:KRT8P46:t2d,rs223490,0.0024,0,0
known:C18orf8:t2d,rs1788799,known:RP11-10L12.2:t2d,rs223490,0.0024,0,0
known:C18orf8:t2d,rs1788799,known:RP11-464F9.9:t2d,rs11000760,0.0168,0,0
known:C18orf8:t2d,rs1788799,known:RP11-347C18.3:t2d,rs726816,0.0054,0,0
known:C18orf8:t2d,rs1788799,known:ALG1L13P:t2d,rs7837587,0.0,0,0
known:C18orf8:t2d,rs1788799,known:HMBS:cad,rs4614,0.01,0,0
known:C18orf8:t2d,rs1788799,known:RP11-856B14.1:t2d,rs1194104,0.0003,0,0
known:C18orf8:t2d,rs1788799,known:RP11-384M15.3:cad,rs1050362,0.0009,0,0
known:C18orf8:t2d,rs1788799,known:RP11-51F16.5:t2d,rs7223412,0.0007,0,0
known:C18orf8:t2d,rs1788799,known:MIR4513:cad,rs12442901,0.0043,0,0
known:C18orf8:t2d,rs1788799,known:Metazoa_SRP:cad,rs11204675,0.0137,0,0
known:C18orf8:t2d,rs1788799,known:Metazoa_SRP:cad,rs10888385,0.0137,0,0
known:C18orf8:t2d,rs1788799,known:STRADA:t2d,rs11079508,0.0007,0,0
known:C18orf8:t2d,rs1788799,known:RP11-552F3.10:cad,rs3760128,0.0165,0,0
known:C18orf8:t2d,rs1788799,known:AC002116.7:t2d,rs10418015,0.005,0,0
known:C18orf8:t2d,rs1788799,known:DKFZP434I0714:t2d,rs9991574,0.0001,0,0
known:C18orf8:t2d,rs1788799,known:hsa-mir-296:fbg,rs6026565,0.0064,0,0
known:C18orf8:t2d,rs1788799,new:PLAUR:cad,rs4760,0.0039,0,0
known:C18orf8:t2d,rs1788799,new:SLC12A3:cad,rs56228609,0.0005,0,0
known:C18orf8:t2d,rs1788799,new:C2orf49:t2d,rs4851758,0.0288,0,0
known:C18orf8:t2d,rs1788799,new:CWF19L1:t2d,rs17668357,0.0027,0,0
known:C18orf8:t2d,rs1788799,new:U6atac:t2d,rs12780155,0.0001,0,0
known:C18orf8:t2d,rs1788799,new:CD101:t2d,rs12130298,0.018,0,0
known:C18orf8:t2d,rs1788799,new:TAGLN2:cad,rs2789422,0.0016,0,0
known:C18orf8:t2d,rs1788799,new:CCDC19:cad,rs2789422,0.0016,0,0
known:C18orf8:t2d,rs1788799,new:RBM6:t2d,rs2245365,0.0015,0,0
known:C18orf8:t2d,rs1788799,new:CNNM2:cad,rs11191447,0.007,0,0
known:C18orf8:t2d,rs1788799,new:VSIG8:cad,rs2789422,0.0016,0,0
known:C18orf8:t2d,rs1788799,new:LAMC1:cad,rs11588675,0.0013,0,0
known:C18orf8:t2d,rs1788799,new:TPD52:fbg,rs2162229,0.0004,0,0
known:C18orf8:t2d,rs1788799,new:SENP6:cad,rs62414240,0.0008,0,0
known:C18orf8:t2d,rs1788799,new:RIC8A:cad,rs6598075,0.0018,0,0
known:C18orf8:t2d,rs1788799,new:HMGN3:cad,rs17787027,0.0005,0,0
known:C18orf8:t2d,rs1788799,new:MT3:fbg,rs1580833,0.0001,0,0
known:C18orf8:t2d,rs1788799,new:RPL13:t2d,rs113847672,0.0139,0,0
known:C18orf8:t2d,rs1788799,new:ZBTB46:cad,rs6062322,0.0073,0,0
known:SH3BGRL3:t2d,rs7551751,known:LRIG1:t2d,rs17775391,0.0006,0,0
known:SH3BGRL3:t2d,rs7551751,known:DGKQ:cad,rs1377586,0.0135,0,0
known:SH3BGRL3:t2d,rs7551751,known:SPATA5:t2d,rs11098676,0.0021,0,0
known:SH3BGRL3:t2d,rs7551751,known:PDGFC:t2d,rs1425486,0.0336,0,0
known:SH3BGRL3:t2d,rs7551751,known:GIGYF1:t2d,rs506597,0.0021,0,0
known:SH3BGRL3:t2d,rs7551751,known:NRBF2:t2d,rs34119992,0.0092,0,0
known:SH3BGRL3:t2d,rs7551751,known:HSD17B12:t2d,rs1061810,0.017,0,0
known:SH3BGRL3:t2d,rs7551751,known:WDR17:cad,rs72706320,0.001,0,0
known:SH3BGRL3:t2d,rs7551751,known:CDC123:cad,rs36062557,0.0031,0,0
known:SH3BGRL3:t2d,rs7551751,known:NTAN1:t2d,rs2280018,0.003,0,0
known:SH3BGRL3:t2d,rs7551751,known:MED27:t2d,rs7043386,0.0031,0,0
known:SH3BGRL3:t2d,rs7551751,known:THAP8:t2d,rs12981654,0.0102,0,0
known:SH3BGRL3:t2d,rs7551751,known:PGAP3:cad,rs2952152,0.002,0,0
known:SH3BGRL3:t2d,rs7551751,known:DCAF16:t2d,rs7667864,0.0026,0,0
known:SH3BGRL3:t2d,rs7551751,known:EIF5A2:t2d,rs8192675,0.0031,0,0
known:SH3BGRL3:t2d,rs7551751,known:RFT1:t2d,rs2336725,0.0001,0,0
known:SH3BGRL3:t2d,rs7551751,known:DAGLB:cad,rs13235365,0.0247,0,0
known:SH3BGRL3:t2d,rs7551751,known:NUDT5:t2d,rs11257655,0.0041,0,0
known:SH3BGRL3:t2d,rs7551751,known:ARL13B:t2d,rs62266124,0.0028,0,0
known:SH3BGRL3:t2d,rs7551751,known:SIK2:cad,rs567859,0.0066,0,0
known:SH3BGRL3:t2d,rs7551751,known:NRIP1:cad,rs2823165,0.0004,0,0
known:SH3BGRL3:t2d,rs7551751,known:TMEM136:cad,rs4938809,0.0034,0,0
known:SH3BGRL3:t2d,rs7551751,known:CAMK1D:t2d,rs11257655,0.0041,0,0
known:SH3BGRL3:t2d,rs7551751,known:ZBTB6:t2d,rs2239540,0.0069,0,0
known:SH3BGRL3:t2d,rs7551751,known:KCNJ11:t2d,rs757110,0.0093,0,0
known:SH3BGRL3:t2d,rs7551751,known:LDLRAD2:cad,rs114661372,0.0013,0,0
known:SH3BGRL3:t2d,rs7551751,known:BLOC1S2:t2d,rs17882802,0.0005,0,0
known:SH3BGRL3:t2d,rs7551751,known:ZNF34:t2d,rs4637890,0.0001,0,0
known:SH3BGRL3:t2d,rs7551751,known:C6orf106:cad,rs3800461,0.0042,0,0
known:SH3BGRL3:t2d,rs7551751,known:PARVA:t2d,rs4757405,0.0032,0,0
known:SH3BGRL3:t2d,rs7551751,known:HOXC4:cad,rs1133773,0.002,0,0
known:SH3BGRL3:t2d,rs7551751,known:YTHDF2:t2d,rs3753693,0.0037,0,0
known:SH3BGRL3:t2d,rs7551751,known:RP11-98D18.9:cad,rs1521185,0.0012,0,0
known:SH3BGRL3:t2d,rs7551751,known:SPDYE2:t2d,rs7781557,0.0087,0,0
known:SH3BGRL3:t2d,rs7551751,known:U6:cad,rs61776719,0.0042,0,0
known:SH3BGRL3:t2d,rs7551751,known:RP11-332O19.3:cad,rs11191472,0.0136,0,0
known:SH3BGRL3:t2d,rs7551751,known:ARHGAP19:t2d,rs8181326,0.003,0,0
known:SH3BGRL3:t2d,rs7551751,known:BBIP1:t2d,rs10787287,0.0002,0,0
known:SH3BGRL3:t2d,rs7551751,known:FASTKD5:cad,rs860735,0.0015,0,0
known:SH3BGRL3:t2d,rs7551751,known:RP5-1068B5.3:t2d,rs927204,0.0114,0,0
known:SH3BGRL3:t2d,rs7551751,known:MAST4-AS1:t2d,rs173651,0.0002,0,0
known:SH3BGRL3:t2d,rs7551751,known:LRRC37A15P:t2d,rs223490,0.0183,0,0
known:SH3BGRL3:t2d,rs7551751,known:PHBP9:t2d,rs11591741,0.0003,0,0
known:SH3BGRL3:t2d,rs7551751,known:RP11-176F3.7:t2d,rs1758632,0.0019,0,0
known:SH3BGRL3:t2d,rs7551751,known:RP4-756G23.5:t2d,rs85220,0.01,0,0
known:SH3BGRL3:t2d,rs7551751,known:RP1-159A19.4:cad,rs17361686,0.0058,0,0
known:SH3BGRL3:t2d,rs7551751,known:SERBP1P3:t2d,rs4687701,0.0001,0,0
known:SH3BGRL3:t2d,rs7551751,known:RP11-464F9.1:t2d,rs7908825,0.0007,0,0
known:SH3BGRL3:t2d,rs7551751,known:CTD-2037K23.2:cad,rs16875368,0.0012,0,0
known:SH3BGRL3:t2d,rs7551751,known:AP000487.5:cad,rs34053053,0.0054,0,0
known:SH3BGRL3:t2d,rs7551751,known:CTD-2044J15.1:cad,rs4389656,0.0004,0,0
known:SH3BGRL3:t2d,rs7551751,known:KRT8P46:t2d,rs223490,0.0183,0,0
known:SH3BGRL3:t2d,rs7551751,known:RP11-10L12.2:t2d,rs223490,0.0183,0,0
known:SH3BGRL3:t2d,rs7551751,known:RP11-464F9.9:t2d,rs11000760,0.0004,0,0
known:SH3BGRL3:t2d,rs7551751,known:RP11-347C18.3:t2d,rs726816,0.0009,0,0
known:SH3BGRL3:t2d,rs7551751,known:ALG1L13P:t2d,rs7837587,0.0074,0,0
known:SH3BGRL3:t2d,rs7551751,known:HMBS:cad,rs4614,0.0057,0,0
known:SH3BGRL3:t2d,rs7551751,known:RP11-856B14.1:t2d,rs1194104,0.0166,0,0
known:SH3BGRL3:t2d,rs7551751,known:RP11-384M15.3:cad,rs1050362,0.0002,0,0
known:SH3BGRL3:t2d,rs7551751,known:RP11-51F16.5:t2d,rs7223412,0.0054,0,0
known:SH3BGRL3:t2d,rs7551751,known:MIR4513:cad,rs12442901,0.0002,0,0
known:SH3BGRL3:t2d,rs7551751,known:Metazoa_SRP:cad,rs11204675,0.0025,0,0
known:SH3BGRL3:t2d,rs7551751,known:Metazoa_SRP:cad,rs10888385,0.0025,0,0
known:SH3BGRL3:t2d,rs7551751,known:STRADA:t2d,rs11079508,0.0054,0,0
known:SH3BGRL3:t2d,rs7551751,known:RP11-552F3.10:cad,rs3760128,0.0017,0,0
known:SH3BGRL3:t2d,rs7551751,known:AC002116.7:t2d,rs10418015,0.0002,0,0
known:SH3BGRL3:t2d,rs7551751,known:DKFZP434I0714:t2d,rs9991574,0.053,0,0
known:SH3BGRL3:t2d,rs7551751,known:hsa-mir-296:fbg,rs6026565,0.0094,0,0
known:SH3BGRL3:t2d,rs7551751,new:PLAUR:cad,rs4760,0.0057,0,0
known:SH3BGRL3:t2d,rs7551751,new:SLC12A3:cad,rs56228609,0.0086,0,0
known:SH3BGRL3:t2d,rs7551751,new:C2orf49:t2d,rs4851758,0.003,0,0
known:SH3BGRL3:t2d,rs7551751,new:CWF19L1:t2d,rs17668357,0.0005,0,0
known:SH3BGRL3:t2d,rs7551751,new:U6atac:t2d,rs12780155,0.007,0,0
known:SH3BGRL3:t2d,rs7551751,new:CD101:t2d,rs12130298,0.0131,0,0
known:SH3BGRL3:t2d,rs7551751,new:TAGLN2:cad,rs2789422,0.0035,0,0
known:SH3BGRL3:t2d,rs7551751,new:CCDC19:cad,rs2789422,0.0035,0,0
known:SH3BGRL3:t2d,rs7551751,new:RBM6:t2d,rs2245365,0.0031,0,0
known:SH3BGRL3:t2d,rs7551751,new:CNNM2:cad,rs11191447,0.0136,0,0
known:SH3BGRL3:t2d,rs7551751,new:VSIG8:cad,rs2789422,0.0035,0,0
known:SH3BGRL3:t2d,rs7551751,new:LAMC1:cad,rs11588675,0.0134,0,0
known:SH3BGRL3:t2d,rs7551751,new:TPD52:fbg,rs2162229,0.0017,0,0
known:SH3BGRL3:t2d,rs7551751,new:SENP6:cad,rs62414240,0.0026,0,0
known:SH3BGRL3:t2d,rs7551751,new:RIC8A:cad,rs6598075,0.0021,0,0
known:SH3BGRL3:t2d,rs7551751,new:HMGN3:cad,rs17787027,0.0082,0,0
known:SH3BGRL3:t2d,rs7551751,new:MT3:fbg,rs1580833,0.0011,0,0
known:SH3BGRL3:t2d,rs7551751,new:RPL13:t2d,rs113847672,0.0393,0,0
known:SH3BGRL3:t2d,rs7551751,new:ZBTB46:cad,rs6062322,0.0194,0,0
known:LRIG1:t2d,rs17775391,known:DGKQ:cad,rs1377586,0.0002,0,0
known:LRIG1:t2d,rs17775391,known:SPATA5:t2d,rs11098676,0.0003,0,0
known:LRIG1:t2d,rs17775391,known:PDGFC:t2d,rs1425486,0.0004,0,0
known:LRIG1:t2d,rs17775391,known:GIGYF1:t2d,rs506597,0.0001,0,0
known:LRIG1:t2d,rs17775391,known:NRBF2:t2d,rs34119992,0.024,0,0
known:LRIG1:t2d,rs17775391,known:HSD17B12:t2d,rs1061810,0.0049,0,0
known:LRIG1:t2d,rs17775391,known:WDR17:cad,rs72706320,nan,0,0
known:LRIG1:t2d,rs17775391,known:CDC123:cad,rs36062557,0.0,0,0
known:LRIG1:t2d,rs17775391,known:NTAN1:t2d,rs2280018,0.0026,0,0
known:LRIG1:t2d,rs17775391,known:MED27:t2d,rs7043386,0.0007,0,0
known:LRIG1:t2d,rs17775391,known:THAP8:t2d,rs12981654,0.0041,0,0
known:LRIG1:t2d,rs17775391,known:PGAP3:cad,rs2952152,0.0034,0,0
known:LRIG1:t2d,rs17775391,known:DCAF16:t2d,rs7667864,0.0105,0,0
known:LRIG1:t2d,rs17775391,known:EIF5A2:t2d,rs8192675,0.0085,0,0
known:LRIG1:t2d,rs17775391,known:RFT1:t2d,rs2336725,0.0017,0,0
known:LRIG1:t2d,rs17775391,known:DAGLB:cad,rs13235365,0.0032,0,0
known:LRIG1:t2d,rs17775391,known:NUDT5:t2d,rs11257655,0.0002,0,0
known:LRIG1:t2d,rs17775391,known:ARL13B:t2d,rs62266124,0.0012,0,0
known:LRIG1:t2d,rs17775391,known:SIK2:cad,rs567859,0.0003,0,0
known:LRIG1:t2d,rs17775391,known:NRIP1:cad,rs2823165,0.0012,0,0
known:LRIG1:t2d,rs17775391,known:TMEM136:cad,rs4938809,0.0114,0,0
known:LRIG1:t2d,rs17775391,known:CAMK1D:t2d,rs11257655,0.0002,0,0
known:LRIG1:t2d,rs17775391,known:ZBTB6:t2d,rs2239540,0.0044,0,0
known:LRIG1:t2d,rs17775391,known:KCNJ11:t2d,rs757110,0.0195,0,0
known:LRIG1:t2d,rs17775391,known:LDLRAD2:cad,rs114661372,nan,0,0
known:LRIG1:t2d,rs17775391,known:BLOC1S2:t2d,rs17882802,0.0006,0,0
known:LRIG1:t2d,rs17775391,known:ZNF34:t2d,rs4637890,0.0009,0,0
known:LRIG1:t2d,rs17775391,known:C6orf106:cad,rs3800461,0.0084,0,0
known:LRIG1:t2d,rs17775391,known:PARVA:t2d,rs4757405,0.0046,0,0
known:LRIG1:t2d,rs17775391,known:HOXC4:cad,rs1133773,0.0075,0,0
known:LRIG1:t2d,rs17775391,known:YTHDF2:t2d,rs3753693,0.0109,0,0
known:LRIG1:t2d,rs17775391,known:RP11-98D18.9:cad,rs1521185,0.0037,0,0
known:LRIG1:t2d,rs17775391,known:SPDYE2:t2d,rs7781557,0.0001,0,0
known:LRIG1:t2d,rs17775391,known:U6:cad,rs61776719,0.0024,0,0
known:LRIG1:t2d,rs17775391,known:RP11-332O19.3:cad,rs11191472,nan,0,0
known:LRIG1:t2d,rs17775391,known:ARHGAP19:t2d,rs8181326,0.0004,0,0
known:LRIG1:t2d,rs17775391,known:BBIP1:t2d,rs10787287,0.0001,0,0
known:LRIG1:t2d,rs17775391,known:FASTKD5:cad,rs860735,0.0032,0,0
known:LRIG1:t2d,rs17775391,known:RP5-1068B5.3:t2d,rs927204,0.0071,0,0
known:LRIG1:t2d,rs17775391,known:MAST4-AS1:t2d,rs173651,0.054,0,0
known:LRIG1:t2d,rs17775391,known:LRRC37A15P:t2d,rs223490,0.0015,0,0
known:LRIG1:t2d,rs17775391,known:PHBP9:t2d,rs11591741,0.0004,0,0
known:LRIG1:t2d,rs17775391,known:RP11-176F3.7:t2d,rs1758632,0.0011,0,0
known:LRIG1:t2d,rs17775391,known:RP4-756G23.5:t2d,rs85220,0.0028,0,0
known:LRIG1:t2d,rs17775391,known:RP1-159A19.4:cad,rs17361686,0.0071,0,0
known:LRIG1:t2d,rs17775391,known:SERBP1P3:t2d,rs4687701,0.0017,0,0
known:LRIG1:t2d,rs17775391,known:RP11-464F9.1:t2d,rs7908825,0.0022,0,0
known:LRIG1:t2d,rs17775391,known:CTD-2037K23.2:cad,rs16875368,0.0013,0,0
known:LRIG1:t2d,rs17775391,known:AP000487.5:cad,rs34053053,0.0212,0,0
known:LRIG1:t2d,rs17775391,known:CTD-2044J15.1:cad,rs4389656,0.0019,0,0
known:LRIG1:t2d,rs17775391,known:KRT8P46:t2d,rs223490,0.0015,0,0
known:LRIG1:t2d,rs17775391,known:RP11-10L12.2:t2d,rs223490,0.0015,0,0
known:LRIG1:t2d,rs17775391,known:RP11-464F9.9:t2d,rs11000760,0.0022,0,0
known:LRIG1:t2d,rs17775391,known:RP11-347C18.3:t2d,rs726816,0.0004,0,0
known:LRIG1:t2d,rs17775391,known:ALG1L13P:t2d,rs7837587,0.0027,0,0
known:LRIG1:t2d,rs17775391,known:HMBS:cad,rs4614,0.0359,0,0
known:LRIG1:t2d,rs17775391,known:RP11-856B14.1:t2d,rs1194104,0.0058,0,0
known:LRIG1:t2d,rs17775391,known:RP11-384M15.3:cad,rs1050362,0.0008,0,0
known:LRIG1:t2d,rs17775391,known:RP11-51F16.5:t2d,rs7223412,0.0639,0,0
known:LRIG1:t2d,rs17775391,known:MIR4513:cad,rs12442901,0.0093,0,0
known:LRIG1:t2d,rs17775391,known:Metazoa_SRP:cad,rs11204675,0.002,0,0
known:LRIG1:t2d,rs17775391,known:Metazoa_SRP:cad,rs10888385,0.002,0,0
known:LRIG1:t2d,rs17775391,known:STRADA:t2d,rs11079508,0.0639,0,0
known:LRIG1:t2d,rs17775391,known:RP11-552F3.10:cad,rs3760128,0.0137,0,0
known:LRIG1:t2d,rs17775391,known:AC002116.7:t2d,rs10418015,0.0045,0,0
known:LRIG1:t2d,rs17775391,known:DKFZP434I0714:t2d,rs9991574,0.0007,0,0
known:LRIG1:t2d,rs17775391,known:hsa-mir-296:fbg,rs6026565,nan,0,0
known:LRIG1:t2d,rs17775391,new:PLAUR:cad,rs4760,0.0048,0,0
known:LRIG1:t2d,rs17775391,new:SLC12A3:cad,rs56228609,0.0097,0,0
known:LRIG1:t2d,rs17775391,new:C2orf49:t2d,rs4851758,0.0153,0,0
known:LRIG1:t2d,rs17775391,new:CWF19L1:t2d,rs17668357,0.0006,0,0
known:LRIG1:t2d,rs17775391,new:U6atac:t2d,rs12780155,0.0057,0,0
known:LRIG1:t2d,rs17775391,new:CD101:t2d,rs12130298,nan,0,0
known:LRIG1:t2d,rs17775391,new:TAGLN2:cad,rs2789422,0.003,0,0
known:LRIG1:t2d,rs17775391,new:CCDC19:cad,rs2789422,0.003,0,0
known:LRIG1:t2d,rs17775391,new:RBM6:t2d,rs2245365,0.0071,0,0
known:LRIG1:t2d,rs17775391,new:CNNM2:cad,rs11191447,nan,0,0
known:LRIG1:t2d,rs17775391,new:VSIG8:cad,rs2789422,0.003,0,0
known:LRIG1:t2d,rs17775391,new:LAMC1:cad,rs11588675,0.0,0,0
known:LRIG1:t2d,rs17775391,new:TPD52:fbg,rs2162229,0.003,0,0
known:LRIG1:t2d,rs17775391,new:SENP6:cad,rs62414240,0.0005,0,0
known:LRIG1:t2d,rs17775391,new:RIC8A:cad,rs6598075,0.0036,0,0
known:LRIG1:t2d,rs17775391,new:HMGN3:cad,rs17787027,nan,0,0
known:LRIG1:t2d,rs17775391,new:MT3:fbg,rs1580833,0.0047,0,0
known:LRIG1:t2d,rs17775391,new:RPL13:t2d,rs113847672,0.0038,0,0
known:LRIG1:t2d,rs17775391,new:ZBTB46:cad,rs6062322,0.0005,0,0
known:DGKQ:cad,rs1377586,known:SPATA5:t2d,rs11098676,0.0034,0,0
known:DGKQ:cad,rs1377586,known:PDGFC:t2d,rs1425486,0.0004,0,0
known:DGKQ:cad,rs1377586,known:GIGYF1:t2d,rs506597,0.001,0,0
known:DGKQ:cad,rs1377586,known:NRBF2:t2d,rs34119992,0.0024,0,0
known:DGKQ:cad,rs1377586,known:HSD17B12:t2d,rs1061810,0.0006,0,0
known:DGKQ:cad,rs1377586,known:WDR17:cad,rs72706320,0.0062,0,0
known:DGKQ:cad,rs1377586,known:CDC123:cad,rs36062557,0.0015,0,0
known:DGKQ:cad,rs1377586,known:NTAN1:t2d,rs2280018,0.0011,0,0
known:DGKQ:cad,rs1377586,known:MED27:t2d,rs7043386,0.0001,0,0
known:DGKQ:cad,rs1377586,known:THAP8:t2d,rs12981654,0.0002,0,0
known:DGKQ:cad,rs1377586,known:PGAP3:cad,rs2952152,0.0085,0,0
known:DGKQ:cad,rs1377586,known:DCAF16:t2d,rs7667864,0.0005,0,0
known:DGKQ:cad,rs1377586,known:EIF5A2:t2d,rs8192675,0.0046,0,0
known:DGKQ:cad,rs1377586,known:RFT1:t2d,rs2336725,0.0,0,0
known:DGKQ:cad,rs1377586,known:DAGLB:cad,rs13235365,0.0292,0,0
known:DGKQ:cad,rs1377586,known:NUDT5:t2d,rs11257655,0.0018,0,0
known:DGKQ:cad,rs1377586,known:ARL13B:t2d,rs62266124,0.0019,0,0
known:DGKQ:cad,rs1377586,known:SIK2:cad,rs567859,0.0078,0,0
known:DGKQ:cad,rs1377586,known:NRIP1:cad,rs2823165,0.0058,0,0
known:DGKQ:cad,rs1377586,known:TMEM136:cad,rs4938809,0.0005,0,0
known:DGKQ:cad,rs1377586,known:CAMK1D:t2d,rs11257655,0.0018,0,0
known:DGKQ:cad,rs1377586,known:ZBTB6:t2d,rs2239540,0.0004,0,0
known:DGKQ:cad,rs1377586,known:KCNJ11:t2d,rs757110,0.0008,0,0
known:DGKQ:cad,rs1377586,known:LDLRAD2:cad,rs114661372,0.0003,0,0
known:DGKQ:cad,rs1377586,known:BLOC1S2:t2d,rs17882802,0.0,0,0
known:DGKQ:cad,rs1377586,known:ZNF34:t2d,rs4637890,0.0002,0,0
known:DGKQ:cad,rs1377586,known:C6orf106:cad,rs3800461,0.0186,0,0
known:DGKQ:cad,rs1377586,known:PARVA:t2d,rs4757405,0.0003,0,0
known:DGKQ:cad,rs1377586,known:HOXC4:cad,rs1133773,0.0127,0,0
known:DGKQ:cad,rs1377586,known:YTHDF2:t2d,rs3753693,0.0044,0,0
known:DGKQ:cad,rs1377586,known:RP11-98D18.9:cad,rs1521185,0.0068,0,0
known:DGKQ:cad,rs1377586,known:SPDYE2:t2d,rs7781557,0.0176,0,0
known:DGKQ:cad,rs1377586,known:U6:cad,rs61776719,0.005,0,0
known:DGKQ:cad,rs1377586,known:RP11-332O19.3:cad,rs11191472,0.0481,0,0
known:DGKQ:cad,rs1377586,known:ARHGAP19:t2d,rs8181326,0.0,0,0
known:DGKQ:cad,rs1377586,known:BBIP1:t2d,rs10787287,0.0011,0,0
known:DGKQ:cad,rs1377586,known:FASTKD5:cad,rs860735,0.0001,0,0
known:DGKQ:cad,rs1377586,known:RP5-1068B5.3:t2d,rs927204,0.0048,0,0
known:DGKQ:cad,rs1377586,known:MAST4-AS1:t2d,rs173651,0.0005,0,0
known:DGKQ:cad,rs1377586,known:LRRC37A15P:t2d,rs223490,0.0019,0,0
known:DGKQ:cad,rs1377586,known:PHBP9:t2d,rs11591741,0.0,0,0
known:DGKQ:cad,rs1377586,known:RP11-176F3.7:t2d,rs1758632,0.0063,0,0
known:DGKQ:cad,rs1377586,known:RP4-756G23.5:t2d,rs85220,0.0003,0,0
known:DGKQ:cad,rs1377586,known:RP1-159A19.4:cad,rs17361686,0.0,0,0
known:DGKQ:cad,rs1377586,known:SERBP1P3:t2d,rs4687701,0.0,0,0
known:DGKQ:cad,rs1377586,known:RP11-464F9.1:t2d,rs7908825,0.0002,0,0
known:DGKQ:cad,rs1377586,known:CTD-2037K23.2:cad,rs16875368,0.0536,0,0
known:DGKQ:cad,rs1377586,known:AP000487.5:cad,rs34053053,0.0106,0,0
known:DGKQ:cad,rs1377586,known:CTD-2044J15.1:cad,rs4389656,0.0104,0,0
known:DGKQ:cad,rs1377586,known:KRT8P46:t2d,rs223490,0.0019,0,0
known:DGKQ:cad,rs1377586,known:RP11-10L12.2:t2d,rs223490,0.0019,0,0
known:DGKQ:cad,rs1377586,known:RP11-464F9.9:t2d,rs11000760,0.0002,0,0
known:DGKQ:cad,rs1377586,known:RP11-347C18.3:t2d,rs726816,0.0,0,0
known:DGKQ:cad,rs1377586,known:ALG1L13P:t2d,rs7837587,0.0099,0,0
known:DGKQ:cad,rs1377586,known:HMBS:cad,rs4614,0.0146,0,0
known:DGKQ:cad,rs1377586,known:RP11-856B14.1:t2d,rs1194104,0.0002,0,0
known:DGKQ:cad,rs1377586,known:RP11-384M15.3:cad,rs1050362,0.0028,0,0
known:DGKQ:cad,rs1377586,known:RP11-51F16.5:t2d,rs7223412,0.0015,0,0
known:DGKQ:cad,rs1377586,known:MIR4513:cad,rs12442901,0.0002,0,0
known:DGKQ:cad,rs1377586,known:Metazoa_SRP:cad,rs11204675,0.0026,0,0
known:DGKQ:cad,rs1377586,known:Metazoa_SRP:cad,rs10888385,0.0026,0,0
known:DGKQ:cad,rs1377586,known:STRADA:t2d,rs11079508,0.0015,0,0
known:DGKQ:cad,rs1377586,known:RP11-552F3.10:cad,rs3760128,0.0103,0,0
known:DGKQ:cad,rs1377586,known:AC002116.7:t2d,rs10418015,0.0018,0,0
known:DGKQ:cad,rs1377586,known:DKFZP434I0714:t2d,rs9991574,0.0006,0,0
known:DGKQ:cad,rs1377586,known:hsa-mir-296:fbg,rs6026565,0.0048,0,0
known:DGKQ:cad,rs1377586,new:PLAUR:cad,rs4760,0.0116,0,0
known:DGKQ:cad,rs1377586,new:SLC12A3:cad,rs56228609,0.0081,0,0
known:DGKQ:cad,rs1377586,new:C2orf49:t2d,rs4851758,0.0245,0,0
known:DGKQ:cad,rs1377586,new:CWF19L1:t2d,rs17668357,0.0,0,0
known:DGKQ:cad,rs1377586,new:U6atac:t2d,rs12780155,0.0097,0,0
known:DGKQ:cad,rs1377586,new:CD101:t2d,rs12130298,0.0207,0,0
known:DGKQ:cad,rs1377586,new:TAGLN2:cad,rs2789422,0.0021,0,0
known:DGKQ:cad,rs1377586,new:CCDC19:cad,rs2789422,0.0021,0,0
known:DGKQ:cad,rs1377586,new:RBM6:t2d,rs2245365,0.0014,0,0
known:DGKQ:cad,rs1377586,new:CNNM2:cad,rs11191447,0.0481,0,0
known:DGKQ:cad,rs1377586,new:VSIG8:cad,rs2789422,0.0021,0,0
known:DGKQ:cad,rs1377586,new:LAMC1:cad,rs11588675,0.0013,0,0
known:DGKQ:cad,rs1377586,new:TPD52:fbg,rs2162229,0.0079,0,0
known:DGKQ:cad,rs1377586,new:SENP6:cad,rs62414240,0.0021,0,0
known:DGKQ:cad,rs1377586,new:RIC8A:cad,rs6598075,0.0135,0,0
known:DGKQ:cad,rs1377586,new:HMGN3:cad,rs17787027,nan,0,0
known:DGKQ:cad,rs1377586,new:MT3:fbg,rs1580833,0.0075,0,0
known:DGKQ:cad,rs1377586,new:RPL13:t2d,rs113847672,0.022,0,0
known:DGKQ:cad,rs1377586,new:ZBTB46:cad,rs6062322,0.0024,0,0
known:SPATA5:t2d,rs11098676,known:PDGFC:t2d,rs1425486,0.0,0,0
known:SPATA5:t2d,rs11098676,known:GIGYF1:t2d,rs506597,0.0054,0,0
known:SPATA5:t2d,rs11098676,known:NRBF2:t2d,rs34119992,0.0044,0,0
known:SPATA5:t2d,rs11098676,known:HSD17B12:t2d,rs1061810,0.0071,0,0
known:SPATA5:t2d,rs11098676,known:WDR17:cad,rs72706320,0.0035,0,0
known:SPATA5:t2d,rs11098676,known:CDC123:cad,rs36062557,0.001,0,0
known:SPATA5:t2d,rs11098676,known:NTAN1:t2d,rs2280018,0.0002,0,0
known:SPATA5:t2d,rs11098676,known:MED27:t2d,rs7043386,0.0012,0,0
known:SPATA5:t2d,rs11098676,known:THAP8:t2d,rs12981654,0.0,0,0
known:SPATA5:t2d,rs11098676,known:PGAP3:cad,rs2952152,0.0006,0,0
known:SPATA5:t2d,rs11098676,known:DCAF16:t2d,rs7667864,0.0005,0,0
known:SPATA5:t2d,rs11098676,known:EIF5A2:t2d,rs8192675,0.0001,0,0
known:SPATA5:t2d,rs11098676,known:RFT1:t2d,rs2336725,0.0024,0,0
known:SPATA5:t2d,rs11098676,known:DAGLB:cad,rs13235365,0.0096,0,0
known:SPATA5:t2d,rs11098676,known:NUDT5:t2d,rs11257655,0.0069,0,0
known:SPATA5:t2d,rs11098676,known:ARL13B:t2d,rs62266124,0.0,0,0
known:SPATA5:t2d,rs11098676,known:SIK2:cad,rs567859,0.0046,0,0
known:SPATA5:t2d,rs11098676,known:NRIP1:cad,rs2823165,0.0,0,0
known:SPATA5:t2d,rs11098676,known:TMEM136:cad,rs4938809,0.0018,0,0
known:SPATA5:t2d,rs11098676,known:CAMK1D:t2d,rs11257655,0.0069,0,0
known:SPATA5:t2d,rs11098676,known:ZBTB6:t2d,rs2239540,0.0085,0,0
known:SPATA5:t2d,rs11098676,known:KCNJ11:t2d,rs757110,0.0035,0,0
known:SPATA5:t2d,rs11098676,known:LDLRAD2:cad,rs114661372,0.0433,0,0
known:SPATA5:t2d,rs11098676,known:BLOC1S2:t2d,rs17882802,0.0012,0,0
known:SPATA5:t2d,rs11098676,known:ZNF34:t2d,rs4637890,0.0025,0,0
known:SPATA5:t2d,rs11098676,known:C6orf106:cad,rs3800461,0.021,0,0
known:SPATA5:t2d,rs11098676,known:PARVA:t2d,rs4757405,0.0004,0,0
known:SPATA5:t2d,rs11098676,known:HOXC4:cad,rs1133773,0.0005,0,0
known:SPATA5:t2d,rs11098676,known:YTHDF2:t2d,rs3753693,0.0032,0,0
known:SPATA5:t2d,rs11098676,known:RP11-98D18.9:cad,rs1521185,0.001,0,0
known:SPATA5:t2d,rs11098676,known:SPDYE2:t2d,rs7781557,0.0221,0,0
known:SPATA5:t2d,rs11098676,known:U6:cad,rs61776719,0.0014,0,0
known:SPATA5:t2d,rs11098676,known:RP11-332O19.3:cad,rs11191472,0.0001,0,0
known:SPATA5:t2d,rs11098676,known:ARHGAP19:t2d,rs8181326,0.0015,0,0
known:SPATA5:t2d,rs11098676,known:BBIP1:t2d,rs10787287,0.0,0,0
known:SPATA5:t2d,rs11098676,known:FASTKD5:cad,rs860735,0.001,0,0
known:SPATA5:t2d,rs11098676,known:RP5-1068B5.3:t2d,rs927204,0.0042,0,0
known:SPATA5:t2d,rs11098676,known:MAST4-AS1:t2d,rs173651,0.0,0,0
known:SPATA5:t2d,rs11098676,known:LRRC37A15P:t2d,rs223490,0.0007,0,0
known:SPATA5:t2d,rs11098676,known:PHBP9:t2d,rs11591741,0.0016,0,0
known:SPATA5:t2d,rs11098676,known:RP11-176F3.7:t2d,rs1758632,0.0005,0,0
known:SPATA5:t2d,rs11098676,known:RP4-756G23.5:t2d,rs85220,0.0001,0,0
known:SPATA5:t2d,rs11098676,known:RP1-159A19.4:cad,rs17361686,0.0131,0,0
known:SPATA5:t2d,rs11098676,known:SERBP1P3:t2d,rs4687701,0.0024,0,0
known:SPATA5:t2d,rs11098676,known:RP11-464F9.1:t2d,rs7908825,0.0029,0,0
known:SPATA5:t2d,rs11098676,known:CTD-2037K23.2:cad,rs16875368,0.0436,0,0
known:SPATA5:t2d,rs11098676,known:AP000487.5:cad,rs34053053,0.0009,0,0
known:SPATA5:t2d,rs11098676,known:CTD-2044J15.1:cad,rs4389656,0.0007,0,0
known:SPATA5:t2d,rs11098676,known:KRT8P46:t2d,rs223490,0.0007,0,0
known:SPATA5:t2d,rs11098676,known:RP11-10L12.2:t2d,rs223490,0.0007,0,0
known:SPATA5:t2d,rs11098676,known:RP11-464F9.9:t2d,rs11000760,0.0025,0,0
known:SPATA5:t2d,rs11098676,known:RP11-347C18.3:t2d,rs726816,0.0001,0,0
known:SPATA5:t2d,rs11098676,known:ALG1L13P:t2d,rs7837587,0.0034,0,0
known:SPATA5:t2d,rs11098676,known:HMBS:cad,rs4614,0.0071,0,0
known:SPATA5:t2d,rs11098676,known:RP11-856B14.1:t2d,rs1194104,0.0009,0,0
known:SPATA5:t2d,rs11098676,known:RP11-384M15.3:cad,rs1050362,0.0032,0,0
known:SPATA5:t2d,rs11098676,known:RP11-51F16.5:t2d,rs7223412,0.0156,0,0
known:SPATA5:t2d,rs11098676,known:MIR4513:cad,rs12442901,0.0008,0,0
known:SPATA5:t2d,rs11098676,known:Metazoa_SRP:cad,rs11204675,0.0004,0,0
known:SPATA5:t2d,rs11098676,known:Metazoa_SRP:cad,rs10888385,0.0004,0,0
known:SPATA5:t2d,rs11098676,known:STRADA:t2d,rs11079508,0.0156,0,0
known:SPATA5:t2d,rs11098676,known:RP11-552F3.10:cad,rs3760128,0.0006,0,0
known:SPATA5:t2d,rs11098676,known:AC002116.7:t2d,rs10418015,0.0005,0,0
known:SPATA5:t2d,rs11098676,known:DKFZP434I0714:t2d,rs9991574,0.0017,0,0
known:SPATA5:t2d,rs11098676,known:hsa-mir-296:fbg,rs6026565,0.0032,0,0
known:SPATA5:t2d,rs11098676,new:PLAUR:cad,rs4760,0.0,0,0
known:SPATA5:t2d,rs11098676,new:SLC12A3:cad,rs56228609,0.0018,0,0
known:SPATA5:t2d,rs11098676,new:C2orf49:t2d,rs4851758,0.0051,0,0
known:SPATA5:t2d,rs11098676,new:CWF19L1:t2d,rs17668357,0.0012,0,0
known:SPATA5:t2d,rs11098676,new:U6atac:t2d,rs12780155,0.0006,0,0
known:SPATA5:t2d,rs11098676,new:CD101:t2d,rs12130298,0.0017,0,0
known:SPATA5:t2d,rs11098676,new:TAGLN2:cad,rs2789422,0.0201,0,0
known:SPATA5:t2d,rs11098676,new:CCDC19:cad,rs2789422,0.0201,0,0
known:SPATA5:t2d,rs11098676,new:RBM6:t2d,rs2245365,0.0005,0,0
known:SPATA5:t2d,rs11098676,new:CNNM2:cad,rs11191447,0.0001,0,0
known:SPATA5:t2d,rs11098676,new:VSIG8:cad,rs2789422,0.0201,0,0
known:SPATA5:t2d,rs11098676,new:LAMC1:cad,rs11588675,0.0015,0,0
known:SPATA5:t2d,rs11098676,new:TPD52:fbg,rs2162229,0.0008,0,0
known:SPATA5:t2d,rs11098676,new:SENP6:cad,rs62414240,0.0056,0,0
known:SPATA5:t2d,rs11098676,new:RIC8A:cad,rs6598075,0.0023,0,0
known:SPATA5:t2d,rs11098676,new:HMGN3:cad,rs17787027,0.0538,0,0
known:SPATA5:t2d,rs11098676,new:MT3:fbg,rs1580833,0.0003,0,0
known:SPATA5:t2d,rs11098676,new:RPL13:t2d,rs113847672,0.0002,0,0
known:SPATA5:t2d,rs11098676,new:ZBTB46:cad,rs6062322,0.0021,0,0
known:PDGFC:t2d,rs1425486,known:GIGYF1:t2d,rs506597,0.0008,0,0
known:PDGFC:t2d,rs1425486,known:NRBF2:t2d,rs34119992,0.0029,0,0
known:PDGFC:t2d,rs1425486,known:HSD17B12:t2d,rs1061810,0.0259,0,0
known:PDGFC:t2d,rs1425486,known:WDR17:cad,rs72706320,0.0278,0,0
known:PDGFC:t2d,rs1425486,known:CDC123:cad,rs36062557,0.0004,0,0
known:PDGFC:t2d,rs1425486,known:NTAN1:t2d,rs2280018,0.0,0,0
known:PDGFC:t2d,rs1425486,known:MED27:t2d,rs7043386,0.0013,0,0
known:PDGFC:t2d,rs1425486,known:THAP8:t2d,rs12981654,0.002,0,0
known:PDGFC:t2d,rs1425486,known:PGAP3:cad,rs2952152,0.0474,0,0
known:PDGFC:t2d,rs1425486,known:DCAF16:t2d,rs7667864,0.0065,0,0
known:PDGFC:t2d,rs1425486,known:EIF5A2:t2d,rs8192675,0.0191,0,0
known:PDGFC:t2d,rs1425486,known:RFT1:t2d,rs2336725,0.0015,0,0
known:PDGFC:t2d,rs1425486,known:DAGLB:cad,rs13235365,0.0038,0,0
known:PDGFC:t2d,rs1425486,known:NUDT5:t2d,rs11257655,0.0073,0,0
known:PDGFC:t2d,rs1425486,known:ARL13B:t2d,rs62266124,0.0003,0,0
known:PDGFC:t2d,rs1425486,known:SIK2:cad,rs567859,0.0008,0,0
known:PDGFC:t2d,rs1425486,known:NRIP1:cad,rs2823165,0.0052,0,0
known:PDGFC:t2d,rs1425486,known:TMEM136:cad,rs4938809,0.0037,0,0
known:PDGFC:t2d,rs1425486,known:CAMK1D:t2d,rs11257655,0.0073,0,0
known:PDGFC:t2d,rs1425486,known:ZBTB6:t2d,rs2239540,0.0087,0,0
known:PDGFC:t2d,rs1425486,known:KCNJ11:t2d,rs757110,0.0001,0,0
known:PDGFC:t2d,rs1425486,known:LDLRAD2:cad,rs114661372,0.0113,0,0
known:PDGFC:t2d,rs1425486,known:BLOC1S2:t2d,rs17882802,0.0002,0,0
known:PDGFC:t2d,rs1425486,known:ZNF34:t2d,rs4637890,0.0003,0,0
known:PDGFC:t2d,rs1425486,known:C6orf106:cad,rs3800461,0.0122,0,0
known:PDGFC:t2d,rs1425486,known:PARVA:t2d,rs4757405,0.0007,0,0
known:PDGFC:t2d,rs1425486,known:HOXC4:cad,rs1133773,0.0155,0,0
known:PDGFC:t2d,rs1425486,known:YTHDF2:t2d,rs3753693,0.0058,0,0
known:PDGFC:t2d,rs1425486,known:RP11-98D18.9:cad,rs1521185,0.0051,0,0
known:PDGFC:t2d,rs1425486,known:SPDYE2:t2d,rs7781557,0.0019,0,0
known:PDGFC:t2d,rs1425486,known:U6:cad,rs61776719,0.0088,0,0
known:PDGFC:t2d,rs1425486,known:RP11-332O19.3:cad,rs11191472,0.0054,0,0
known:PDGFC:t2d,rs1425486,known:ARHGAP19:t2d,rs8181326,0.0057,0,0
known:PDGFC:t2d,rs1425486,known:BBIP1:t2d,rs10787287,0.0022,0,0
known:PDGFC:t2d,rs1425486,known:FASTKD5:cad,rs860735,0.0007,0,0
known:PDGFC:t2d,rs1425486,known:RP5-1068B5.3:t2d,rs927204,0.016,0,0
known:PDGFC:t2d,rs1425486,known:MAST4-AS1:t2d,rs173651,0.0004,0,0
known:PDGFC:t2d,rs1425486,known:LRRC37A15P:t2d,rs223490,0.0145,0,0
known:PDGFC:t2d,rs1425486,known:PHBP9:t2d,rs11591741,0.0004,0,0
known:PDGFC:t2d,rs1425486,known:RP11-176F3.7:t2d,rs1758632,0.0062,0,0
known:PDGFC:t2d,rs1425486,known:RP4-756G23.5:t2d,rs85220,0.0055,0,0
known:PDGFC:t2d,rs1425486,known:RP1-159A19.4:cad,rs17361686,0.0131,0,0
known:PDGFC:t2d,rs1425486,known:SERBP1P3:t2d,rs4687701,0.0015,0,0
known:PDGFC:t2d,rs1425486,known:RP11-464F9.1:t2d,rs7908825,0.0037,0,0
known:PDGFC:t2d,rs1425486,known:CTD-2037K23.2:cad,rs16875368,0.0035,0,0
known:PDGFC:t2d,rs1425486,known:AP000487.5:cad,rs34053053,0.0016,0,0
known:PDGFC:t2d,rs1425486,known:CTD-2044J15.1:cad,rs4389656,0.005,0,0
known:PDGFC:t2d,rs1425486,known:KRT8P46:t2d,rs223490,0.0145,0,0
known:PDGFC:t2d,rs1425486,known:RP11-10L12.2:t2d,rs223490,0.0145,0,0
known:PDGFC:t2d,rs1425486,known:RP11-464F9.9:t2d,rs11000760,0.0037,0,0
known:PDGFC:t2d,rs1425486,known:RP11-347C18.3:t2d,rs726816,0.002,0,0
known:PDGFC:t2d,rs1425486,known:ALG1L13P:t2d,rs7837587,0.0012,0,0
known:PDGFC:t2d,rs1425486,known:HMBS:cad,rs4614,0.0,0,0
known:PDGFC:t2d,rs1425486,known:RP11-856B14.1:t2d,rs1194104,0.0014,0,0
known:PDGFC:t2d,rs1425486,known:RP11-384M15.3:cad,rs1050362,0.0002,0,0
known:PDGFC:t2d,rs1425486,known:RP11-51F16.5:t2d,rs7223412,0.0006,0,0
known:PDGFC:t2d,rs1425486,known:MIR4513:cad,rs12442901,0.0097,0,0
known:PDGFC:t2d,rs1425486,known:Metazoa_SRP:cad,rs11204675,0.0099,0,0
known:PDGFC:t2d,rs1425486,known:Metazoa_SRP:cad,rs10888385,0.0099,0,0
known:PDGFC:t2d,rs1425486,known:STRADA:t2d,rs11079508,0.0006,0,0
known:PDGFC:t2d,rs1425486,known:RP11-552F3.10:cad,rs3760128,0.0076,0,0
known:PDGFC:t2d,rs1425486,known:AC002116.7:t2d,rs10418015,0.0033,0,0
known:PDGFC:t2d,rs1425486,known:DKFZP434I0714:t2d,rs9991574,0.0135,0,0
known:PDGFC:t2d,rs1425486,known:hsa-mir-296:fbg,rs6026565,0.033,0,0
known:PDGFC:t2d,rs1425486,new:PLAUR:cad,rs4760,0.0143,0,0
known:PDGFC:t2d,rs1425486,new:SLC12A3:cad,rs56228609,0.0027,0,0
known:PDGFC:t2d,rs1425486,new:C2orf49:t2d,rs4851758,0.003,0,0
known:PDGFC:t2d,rs1425486,new:CWF19L1:t2d,rs17668357,0.0002,0,0
known:PDGFC:t2d,rs1425486,new:U6atac:t2d,rs12780155,0.0092,0,0
known:PDGFC:t2d,rs1425486,new:CD101:t2d,rs12130298,nan,0,0
known:PDGFC:t2d,rs1425486,new:TAGLN2:cad,rs2789422,0.0004,0,0
known:PDGFC:t2d,rs1425486,new:CCDC19:cad,rs2789422,0.0004,0,0
known:PDGFC:t2d,rs1425486,new:RBM6:t2d,rs2245365,0.0054,0,0
known:PDGFC:t2d,rs1425486,new:CNNM2:cad,rs11191447,0.0054,0,0
known:PDGFC:t2d,rs1425486,new:VSIG8:cad,rs2789422,0.0004,0,0
known:PDGFC:t2d,rs1425486,new:LAMC1:cad,rs11588675,0.0002,0,0
known:PDGFC:t2d,rs1425486,new:TPD52:fbg,rs2162229,0.0038,0,0
known:PDGFC:t2d,rs1425486,new:SENP6:cad,rs62414240,0.0055,0,0
known:PDGFC:t2d,rs1425486,new:RIC8A:cad,rs6598075,0.0002,0,0
known:PDGFC:t2d,rs1425486,new:HMGN3:cad,rs17787027,nan,0,0
known:PDGFC:t2d,rs1425486,new:MT3:fbg,rs1580833,0.0076,0,0
known:PDGFC:t2d,rs1425486,new:RPL13:t2d,rs113847672,0.0132,0,0
known:PDGFC:t2d,rs1425486,new:ZBTB46:cad,rs6062322,0.0027,0,0
known:GIGYF1:t2d,rs506597,known:NRBF2:t2d,rs34119992,0.0,0,0
known:GIGYF1:t2d,rs506597,known:HSD17B12:t2d,rs1061810,0.0012,0,0
known:GIGYF1:t2d,rs506597,known:WDR17:cad,rs72706320,0.0049,0,0
known:GIGYF1:t2d,rs506597,known:CDC123:cad,rs36062557,0.0011,0,0
known:GIGYF1:t2d,rs506597,known:NTAN1:t2d,rs2280018,0.0011,0,0
known:GIGYF1:t2d,rs506597,known:MED27:t2d,rs7043386,0.0025,0,0
known:GIGYF1:t2d,rs506597,known:THAP8:t2d,rs12981654,0.0005,0,0
known:GIGYF1:t2d,rs506597,known:PGAP3:cad,rs2952152,0.0001,0,0
known:GIGYF1:t2d,rs506597,known:DCAF16:t2d,rs7667864,0.0089,0,0
known:GIGYF1:t2d,rs506597,known:EIF5A2:t2d,rs8192675,0.003,0,0
known:GIGYF1:t2d,rs506597,known:RFT1:t2d,rs2336725,0.0055,0,0
known:GIGYF1:t2d,rs506597,known:DAGLB:cad,rs13235365,0.0065,0,0
known:GIGYF1:t2d,rs506597,known:NUDT5:t2d,rs11257655,0.0001,0,0
known:GIGYF1:t2d,rs506597,known:ARL13B:t2d,rs62266124,0.0002,0,0
known:GIGYF1:t2d,rs506597,known:SIK2:cad,rs567859,0.0013,0,0
known:GIGYF1:t2d,rs506597,known:NRIP1:cad,rs2823165,0.0007,0,0
known:GIGYF1:t2d,rs506597,known:TMEM136:cad,rs4938809,0.0035,0,0
known:GIGYF1:t2d,rs506597,known:CAMK1D:t2d,rs11257655,0.0001,0,0
known:GIGYF1:t2d,rs506597,known:ZBTB6:t2d,rs2239540,0.0031,0,0
known:GIGYF1:t2d,rs506597,known:KCNJ11:t2d,rs757110,0.0037,0,0
known:GIGYF1:t2d,rs506597,known:LDLRAD2:cad,rs114661372,0.0004,0,0
known:GIGYF1:t2d,rs506597,known:BLOC1S2:t2d,rs17882802,0.0042,0,0
known:GIGYF1:t2d,rs506597,known:ZNF34:t2d,rs4637890,0.0001,0,0
known:GIGYF1:t2d,rs506597,known:C6orf106:cad,rs3800461,0.0139,0,0
known:GIGYF1:t2d,rs506597,known:PARVA:t2d,rs4757405,0.0005,0,0
known:GIGYF1:t2d,rs506597,known:HOXC4:cad,rs1133773,0.0081,0,0
known:GIGYF1:t2d,rs506597,known:YTHDF2:t2d,rs3753693,0.0134,0,0
known:GIGYF1:t2d,rs506597,known:RP11-98D18.9:cad,rs1521185,0.0002,0,0
known:GIGYF1:t2d,rs506597,known:SPDYE2:t2d,rs7781557,0.0,0,0
known:GIGYF1:t2d,rs506597,known:U6:cad,rs61776719,0.0001,0,0
known:GIGYF1:t2d,rs506597,known:RP11-332O19.3:cad,rs11191472,0.0072,0,0
known:GIGYF1:t2d,rs506597,known:ARHGAP19:t2d,rs8181326,0.0018,0,0
known:GIGYF1:t2d,rs506597,known:BBIP1:t2d,rs10787287,0.0,0,0
known:GIGYF1:t2d,rs506597,known:FASTKD5:cad,rs860735,0.0012,0,0
known:GIGYF1:t2d,rs506597,known:RP5-1068B5.3:t2d,rs927204,0.0046,0,0
known:GIGYF1:t2d,rs506597,known:MAST4-AS1:t2d,rs173651,0.0002,0,0
known:GIGYF1:t2d,rs506597,known:LRRC37A15P:t2d,rs223490,0.0071,0,0
known:GIGYF1:t2d,rs506597,known:PHBP9:t2d,rs11591741,0.0047,0,0
known:GIGYF1:t2d,rs506597,known:RP11-176F3.7:t2d,rs1758632,0.0004,0,0
known:GIGYF1:t2d,rs506597,known:RP4-756G23.5:t2d,rs85220,0.0082,0,0
known:GIGYF1:t2d,rs506597,known:RP1-159A19.4:cad,rs17361686,0.0177,0,0
known:GIGYF1:t2d,rs506597,known:SERBP1P3:t2d,rs4687701,0.0055,0,0
known:GIGYF1:t2d,rs506597,known:RP11-464F9.1:t2d,rs7908825,0.0008,0,0
known:GIGYF1:t2d,rs506597,known:CTD-2037K23.2:cad,rs16875368,0.0008,0,0
known:GIGYF1:t2d,rs506597,known:AP000487.5:cad,rs34053053,0.0009,0,0
known:GIGYF1:t2d,rs506597,known:CTD-2044J15.1:cad,rs4389656,0.0,0,0
known:GIGYF1:t2d,rs506597,known:KRT8P46:t2d,rs223490,0.0071,0,0
known:GIGYF1:t2d,rs506597,known:RP11-10L12.2:t2d,rs223490,0.0071,0,0
known:GIGYF1:t2d,rs506597,known:RP11-464F9.9:t2d,rs11000760,0.0005,0,0
known:GIGYF1:t2d,rs506597,known:RP11-347C18.3:t2d,rs726816,0.0015,0,0
known:GIGYF1:t2d,rs506597,known:ALG1L13P:t2d,rs7837587,0.0001,0,0
known:GIGYF1:t2d,rs506597,known:HMBS:cad,rs4614,0.0138,0,0
known:GIGYF1:t2d,rs506597,known:RP11-856B14.1:t2d,rs1194104,0.0072,0,0
known:GIGYF1:t2d,rs506597,known:RP11-384M15.3:cad,rs1050362,0.0032,0,0
known:GIGYF1:t2d,rs506597,known:RP11-51F16.5:t2d,rs7223412,0.0002,0,0
known:GIGYF1:t2d,rs506597,known:MIR4513:cad,rs12442901,0.0004,0,0
known:GIGYF1:t2d,rs506597,known:Metazoa_SRP:cad,rs11204675,0.0006,0,0
known:GIGYF1:t2d,rs506597,known:Metazoa_SRP:cad,rs10888385,0.0006,0,0
known:GIGYF1:t2d,rs506597,known:STRADA:t2d,rs11079508,0.0002,0,0
known:GIGYF1:t2d,rs506597,known:RP11-552F3.10:cad,rs3760128,0.0014,0,0
known:GIGYF1:t2d,rs506597,known:AC002116.7:t2d,rs10418015,0.0027,0,0
known:GIGYF1:t2d,rs506597,known:DKFZP434I0714:t2d,rs9991574,0.0007,0,0
known:GIGYF1:t2d,rs506597,known:hsa-mir-296:fbg,rs6026565,0.0036,0,0
known:GIGYF1:t2d,rs506597,new:PLAUR:cad,rs4760,0.0056,0,0
known:GIGYF1:t2d,rs506597,new:SLC12A3:cad,rs56228609,0.0021,0,0
known:GIGYF1:t2d,rs506597,new:C2orf49:t2d,rs4851758,0.0014,0,0
known:GIGYF1:t2d,rs506597,new:CWF19L1:t2d,rs17668357,0.0042,0,0
known:GIGYF1:t2d,rs506597,new:U6atac:t2d,rs12780155,0.0053,0,0
known:GIGYF1:t2d,rs506597,new:CD101:t2d,rs12130298,0.0019,0,0
known:GIGYF1:t2d,rs506597,new:TAGLN2:cad,rs2789422,0.0049,0,0
known:GIGYF1:t2d,rs506597,new:CCDC19:cad,rs2789422,0.0049,0,0
known:GIGYF1:t2d,rs506597,new:RBM6:t2d,rs2245365,0.0069,0,0
known:GIGYF1:t2d,rs506597,new:CNNM2:cad,rs11191447,0.0072,0,0
known:GIGYF1:t2d,rs506597,new:VSIG8:cad,rs2789422,0.0049,0,0
known:GIGYF1:t2d,rs506597,new:LAMC1:cad,rs11588675,0.0001,0,0
known:GIGYF1:t2d,rs506597,new:TPD52:fbg,rs2162229,0.0001,0,0
known:GIGYF1:t2d,rs506597,new:SENP6:cad,rs62414240,0.0006,0,0
known:GIGYF1:t2d,rs506597,new:RIC8A:cad,rs6598075,0.0,0,0
known:GIGYF1:t2d,rs506597,new:HMGN3:cad,rs17787027,0.0277,0,0
known:GIGYF1:t2d,rs506597,new:MT3:fbg,rs1580833,0.0007,0,0
known:GIGYF1:t2d,rs506597,new:RPL13:t2d,rs113847672,0.0018,0,0
known:GIGYF1:t2d,rs506597,new:ZBTB46:cad,rs6062322,0.0,0,0
known:NRBF2:t2d,rs34119992,known:HSD17B12:t2d,rs1061810,0.0138,0,0
known:NRBF2:t2d,rs34119992,known:WDR17:cad,rs72706320,nan,0,0
known:NRBF2:t2d,rs34119992,known:CDC123:cad,rs36062557,0.0052,0,0
known:NRBF2:t2d,rs34119992,known:NTAN1:t2d,rs2280018,0.0001,0,0
known:NRBF2:t2d,rs34119992,known:MED27:t2d,rs7043386,0.0005,0,0
known:NRBF2:t2d,rs34119992,known:THAP8:t2d,rs12981654,0.0186,0,0
known:NRBF2:t2d,rs34119992,known:PGAP3:cad,rs2952152,0.0032,0,0
known:NRBF2:t2d,rs34119992,known:DCAF16:t2d,rs7667864,0.0045,0,0
known:NRBF2:t2d,rs34119992,known:EIF5A2:t2d,rs8192675,0.04,0,0
known:NRBF2:t2d,rs34119992,known:RFT1:t2d,rs2336725,0.0001,0,0
known:NRBF2:t2d,rs34119992,known:DAGLB:cad,rs13235365,0.002,0,0
known:NRBF2:t2d,rs34119992,known:NUDT5:t2d,rs11257655,0.0407,0,0
known:NRBF2:t2d,rs34119992,known:ARL13B:t2d,rs62266124,0.0,0,0
known:NRBF2:t2d,rs34119992,known:SIK2:cad,rs567859,0.0,0,0
known:NRBF2:t2d,rs34119992,known:NRIP1:cad,rs2823165,0.0001,0,0
known:NRBF2:t2d,rs34119992,known:TMEM136:cad,rs4938809,0.0016,0,0
known:NRBF2:t2d,rs34119992,known:CAMK1D:t2d,rs11257655,0.0407,0,0
known:NRBF2:t2d,rs34119992,known:ZBTB6:t2d,rs2239540,0.1301,0,0
known:NRBF2:t2d,rs34119992,known:KCNJ11:t2d,rs757110,0.0005,0,0
known:NRBF2:t2d,rs34119992,known:LDLRAD2:cad,rs114661372,nan,0,0
known:NRBF2:t2d,rs34119992,known:BLOC1S2:t2d,rs17882802,0.0002,0,0
known:NRBF2:t2d,rs34119992,known:ZNF34:t2d,rs4637890,0.0072,0,0
known:NRBF2:t2d,rs34119992,known:C6orf106:cad,rs3800461,nan,0,0
known:NRBF2:t2d,rs34119992,known:PARVA:t2d,rs4757405,0.0029,0,0
known:NRBF2:t2d,rs34119992,known:HOXC4:cad,rs1133773,0.0285,0,0
known:NRBF2:t2d,rs34119992,known:YTHDF2:t2d,rs3753693,0.0034,0,0
known:NRBF2:t2d,rs34119992,known:RP11-98D18.9:cad,rs1521185,0.0003,0,0
known:NRBF2:t2d,rs34119992,known:SPDYE2:t2d,rs7781557,0.0072,0,0
known:NRBF2:t2d,rs34119992,known:U6:cad,rs61776719,0.0003,0,0
known:NRBF2:t2d,rs34119992,known:RP11-332O19.3:cad,rs11191472,nan,0,0
known:NRBF2:t2d,rs34119992,known:ARHGAP19:t2d,rs8181326,0.0017,0,0
known:NRBF2:t2d,rs34119992,known:BBIP1:t2d,rs10787287,0.0281,0,0
known:NRBF2:t2d,rs34119992,known:FASTKD5:cad,rs860735,0.0006,0,0
known:NRBF2:t2d,rs34119992,known:RP5-1068B5.3:t2d,rs927204,0.0036,0,0
known:NRBF2:t2d,rs34119992,known:MAST4-AS1:t2d,rs173651,0.0012,0,0
known:NRBF2:t2d,rs34119992,known:LRRC37A15P:t2d,rs223490,0.0029,0,0
known:NRBF2:t2d,rs34119992,known:PHBP9:t2d,rs11591741,0.0001,0,0
known:NRBF2:t2d,rs34119992,known:RP11-176F3.7:t2d,rs1758632,0.002,0,0
known:NRBF2:t2d,rs34119992,known:RP4-756G23.5:t2d,rs85220,0.0,0,0
known:NRBF2:t2d,rs34119992,known:RP1-159A19.4:cad,rs17361686,0.0111,0,0
known:NRBF2:t2d,rs34119992,known:SERBP1P3:t2d,rs4687701,0.0001,0,0
known:NRBF2:t2d,rs34119992,known:RP11-464F9.1:t2d,rs7908825,0.001,0,0
known:NRBF2:t2d,rs34119992,known:CTD-2037K23.2:cad,rs16875368,0.0064,0,0
known:NRBF2:t2d,rs34119992,known:AP000487.5:cad,rs34053053,0.0104,0,0
known:NRBF2:t2d,rs34119992,known:CTD-2044J15.1:cad,rs4389656,0.0306,0,0
known:NRBF2:t2d,rs34119992,known:KRT8P46:t2d,rs223490,0.0029,0,0
known:NRBF2:t2d,rs34119992,known:RP11-10L12.2:t2d,rs223490,0.0029,0,0
known:NRBF2:t2d,rs34119992,known:RP11-464F9.9:t2d,rs11000760,0.001,0,0
known:NRBF2:t2d,rs34119992,known:RP11-347C18.3:t2d,rs726816,0.0081,0,0
known:NRBF2:t2d,rs34119992,known:ALG1L13P:t2d,rs7837587,0.0024,0,0
known:NRBF2:t2d,rs34119992,known:HMBS:cad,rs4614,0.0008,0,0
known:NRBF2:t2d,rs34119992,known:RP11-856B14.1:t2d,rs1194104,0.0404,0,0
known:NRBF2:t2d,rs34119992,known:RP11-384M15.3:cad,rs1050362,0.0052,0,0
known:NRBF2:t2d,rs34119992,known:RP11-51F16.5:t2d,rs7223412,0.0186,0,0
known:NRBF2:t2d,rs34119992,known:MIR4513:cad,rs12442901,0.0027,0,0
known:NRBF2:t2d,rs34119992,known:Metazoa_SRP:cad,rs11204675,0.0,0,0
known:NRBF2:t2d,rs34119992,known:Metazoa_SRP:cad,rs10888385,0.0,0,0
known:NRBF2:t2d,rs34119992,known:STRADA:t2d,rs11079508,0.0186,0,0
known:NRBF2:t2d,rs34119992,known:RP11-552F3.10:cad,rs3760128,0.0015,0,0
known:NRBF2:t2d,rs34119992,known:AC002116.7:t2d,rs10418015,0.0033,0,0
known:NRBF2:t2d,rs34119992,known:DKFZP434I0714:t2d,rs9991574,0.0096,0,0
known:NRBF2:t2d,rs34119992,known:hsa-mir-296:fbg,rs6026565,nan,0,0
known:NRBF2:t2d,rs34119992,new:PLAUR:cad,rs4760,0.0095,0,0
known:NRBF2:t2d,rs34119992,new:SLC12A3:cad,rs56228609,0.0065,0,0
known:NRBF2:t2d,rs34119992,new:C2orf49:t2d,rs4851758,0.0038,0,0
known:NRBF2:t2d,rs34119992,new:CWF19L1:t2d,rs17668357,0.0002,0,0
known:NRBF2:t2d,rs34119992,new:U6atac:t2d,rs12780155,0.0374,0,0
known:NRBF2:t2d,rs34119992,new:CD101:t2d,rs12130298,nan,0,0
known:NRBF2:t2d,rs34119992,new:TAGLN2:cad,rs2789422,0.0197,0,0
known:NRBF2:t2d,rs34119992,new:CCDC19:cad,rs2789422,0.0197,0,0
known:NRBF2:t2d,rs34119992,new:RBM6:t2d,rs2245365,0.002,0,0
known:NRBF2:t2d,rs34119992,new:CNNM2:cad,rs11191447,nan,0,0
known:NRBF2:t2d,rs34119992,new:VSIG8:cad,rs2789422,0.0197,0,0
known:NRBF2:t2d,rs34119992,new:LAMC1:cad,rs11588675,0.0011,0,0
known:NRBF2:t2d,rs34119992,new:TPD52:fbg,rs2162229,0.0077,0,0
known:NRBF2:t2d,rs34119992,new:SENP6:cad,rs62414240,0.0142,0,0
known:NRBF2:t2d,rs34119992,new:RIC8A:cad,rs6598075,0.0013,0,0
known:NRBF2:t2d,rs34119992,new:HMGN3:cad,rs17787027,nan,0,0
known:NRBF2:t2d,rs34119992,new:MT3:fbg,rs1580833,0.0003,0,0
known:NRBF2:t2d,rs34119992,new:RPL13:t2d,rs113847672,0.0239,0,0
known:NRBF2:t2d,rs34119992,new:ZBTB46:cad,rs6062322,0.0317,0,0
known:HSD17B12:t2d,rs1061810,known:WDR17:cad,rs72706320,nan,0,0
known:HSD17B12:t2d,rs1061810,known:CDC123:cad,rs36062557,0.0005,0,0
known:HSD17B12:t2d,rs1061810,known:NTAN1:t2d,rs2280018,0.0018,0,0
known:HSD17B12:t2d,rs1061810,known:MED27:t2d,rs7043386,0.0145,0,0
known:HSD17B12:t2d,rs1061810,known:THAP8:t2d,rs12981654,0.0025,0,0
known:HSD17B12:t2d,rs1061810,known:PGAP3:cad,rs2952152,0.0,0,0
known:HSD17B12:t2d,rs1061810,known:DCAF16:t2d,rs7667864,0.0069,0,0
known:HSD17B12:t2d,rs1061810,known:EIF5A2:t2d,rs8192675,0.001,0,0
known:HSD17B12:t2d,rs1061810,known:RFT1:t2d,rs2336725,0.0043,0,0
known:HSD17B12:t2d,rs1061810,known:DAGLB:cad,rs13235365,0.0116,0,0
known:HSD17B12:t2d,rs1061810,known:NUDT5:t2d,rs11257655,0.0316,0,0
known:HSD17B12:t2d,rs1061810,known:ARL13B:t2d,rs62266124,0.0049,0,0
known:HSD17B12:t2d,rs1061810,known:SIK2:cad,rs567859,0.0071,0,0
known:HSD17B12:t2d,rs1061810,known:NRIP1:cad,rs2823165,0.0054,0,0
known:HSD17B12:t2d,rs1061810,known:TMEM136:cad,rs4938809,0.0446,0,0
known:HSD17B12:t2d,rs1061810,known:CAMK1D:t2d,rs11257655,0.0316,0,0
known:HSD17B12:t2d,rs1061810,known:ZBTB6:t2d,rs2239540,0.006,0,0
known:HSD17B12:t2d,rs1061810,known:KCNJ11:t2d,rs757110,0.0034,0,0
known:HSD17B12:t2d,rs1061810,known:LDLRAD2:cad,rs114661372,0.0833,0,0
known:HSD17B12:t2d,rs1061810,known:BLOC1S2:t2d,rs17882802,0.001,0,0
known:HSD17B12:t2d,rs1061810,known:ZNF34:t2d,rs4637890,0.0001,0,0
known:HSD17B12:t2d,rs1061810,known:C6orf106:cad,rs3800461,nan,0,0
known:HSD17B12:t2d,rs1061810,known:PARVA:t2d,rs4757405,0.0098,0,0
known:HSD17B12:t2d,rs1061810,known:HOXC4:cad,rs1133773,0.0002,0,0
known:HSD17B12:t2d,rs1061810,known:YTHDF2:t2d,rs3753693,0.0001,0,0
known:HSD17B12:t2d,rs1061810,known:RP11-98D18.9:cad,rs1521185,0.016,0,0
known:HSD17B12:t2d,rs1061810,known:SPDYE2:t2d,rs7781557,0.0092,0,0
known:HSD17B12:t2d,rs1061810,known:U6:cad,rs61776719,0.0158,0,0
known:HSD17B12:t2d,rs1061810,known:RP11-332O19.3:cad,rs11191472,nan,0,0
known:HSD17B12:t2d,rs1061810,known:ARHGAP19:t2d,rs8181326,0.0005,0,0
known:HSD17B12:t2d,rs1061810,known:BBIP1:t2d,rs10787287,0.0003,0,0
known:HSD17B12:t2d,rs1061810,known:FASTKD5:cad,rs860735,0.0026,0,0
known:HSD17B12:t2d,rs1061810,known:RP5-1068B5.3:t2d,rs927204,0.0144,0,0
known:HSD17B12:t2d,rs1061810,known:MAST4-AS1:t2d,rs173651,0.0002,0,0
known:HSD17B12:t2d,rs1061810,known:LRRC37A15P:t2d,rs223490,0.0081,0,0
known:HSD17B12:t2d,rs1061810,known:PHBP9:t2d,rs11591741,0.0006,0,0
known:HSD17B12:t2d,rs1061810,known:RP11-176F3.7:t2d,rs1758632,0.0048,0,0
known:HSD17B12:t2d,rs1061810,known:RP4-756G23.5:t2d,rs85220,0.0039,0,0
known:HSD17B12:t2d,rs1061810,known:RP1-159A19.4:cad,rs17361686,nan,0,0
known:HSD17B12:t2d,rs1061810,known:SERBP1P3:t2d,rs4687701,0.0043,0,0
known:HSD17B12:t2d,rs1061810,known:RP11-464F9.1:t2d,rs7908825,0.0016,0,0
known:HSD17B12:t2d,rs1061810,known:CTD-2037K23.2:cad,rs16875368,0.0319,0,0
known:HSD17B12:t2d,rs1061810,known:AP000487.5:cad,rs34053053,0.0059,0,0
known:HSD17B12:t2d,rs1061810,known:CTD-2044J15.1:cad,rs4389656,0.0131,0,0
known:HSD17B12:t2d,rs1061810,known:KRT8P46:t2d,rs223490,0.0081,0,0
known:HSD17B12:t2d,rs1061810,known:RP11-10L12.2:t2d,rs223490,0.0081,0,0
known:HSD17B12:t2d,rs1061810,known:RP11-464F9.9:t2d,rs11000760,0.0016,0,0
known:HSD17B12:t2d,rs1061810,known:RP11-347C18.3:t2d,rs726816,0.0001,0,0
known:HSD17B12:t2d,rs1061810,known:ALG1L13P:t2d,rs7837587,0.0073,0,0
known:HSD17B12:t2d,rs1061810,known:HMBS:cad,rs4614,0.0058,0,0
known:HSD17B12:t2d,rs1061810,known:RP11-856B14.1:t2d,rs1194104,0.001,0,0
known:HSD17B12:t2d,rs1061810,known:RP11-384M15.3:cad,rs1050362,0.009,0,0
known:HSD17B12:t2d,rs1061810,known:RP11-51F16.5:t2d,rs7223412,0.0078,0,0
known:HSD17B12:t2d,rs1061810,known:MIR4513:cad,rs12442901,0.0076,0,0
known:HSD17B12:t2d,rs1061810,known:Metazoa_SRP:cad,rs11204675,0.0008,0,0
known:HSD17B12:t2d,rs1061810,known:Metazoa_SRP:cad,rs10888385,0.0008,0,0
known:HSD17B12:t2d,rs1061810,known:STRADA:t2d,rs11079508,0.0078,0,0
known:HSD17B12:t2d,rs1061810,known:RP11-552F3.10:cad,rs3760128,0.0035,0,0
known:HSD17B12:t2d,rs1061810,known:AC002116.7:t2d,rs10418015,0.0,0,0
known:HSD17B12:t2d,rs1061810,known:DKFZP434I0714:t2d,rs9991574,0.0023,0,0
known:HSD17B12:t2d,rs1061810,known:hsa-mir-296:fbg,rs6026565,nan,0,0
known:HSD17B12:t2d,rs1061810,new:PLAUR:cad,rs4760,0.0012,0,0
known:HSD17B12:t2d,rs1061810,new:SLC12A3:cad,rs56228609,0.0262,0,0
known:HSD17B12:t2d,rs1061810,new:C2orf49:t2d,rs4851758,0.0127,0,0
known:HSD17B12:t2d,rs1061810,new:CWF19L1:t2d,rs17668357,0.001,0,0
known:HSD17B12:t2d,rs1061810,new:U6atac:t2d,rs12780155,0.0103,0,0
known:HSD17B12:t2d,rs1061810,new:CD101:t2d,rs12130298,nan,0,0
known:HSD17B12:t2d,rs1061810,new:TAGLN2:cad,rs2789422,0.0042,0,0
known:HSD17B12:t2d,rs1061810,new:CCDC19:cad,rs2789422,0.0042,0,0
known:HSD17B12:t2d,rs1061810,new:RBM6:t2d,rs2245365,0.0018,0,0
known:HSD17B12:t2d,rs1061810,new:CNNM2:cad,rs11191447,nan,0,0
known:HSD17B12:t2d,rs1061810,new:VSIG8:cad,rs2789422,0.0042,0,0
known:HSD17B12:t2d,rs1061810,new:LAMC1:cad,rs11588675,0.0004,0,0
known:HSD17B12:t2d,rs1061810,new:TPD52:fbg,rs2162229,0.0064,0,0
known:HSD17B12:t2d,rs1061810,new:SENP6:cad,rs62414240,0.0025,0,0
known:HSD17B12:t2d,rs1061810,new:RIC8A:cad,rs6598075,0.0047,0,0
known:HSD17B12:t2d,rs1061810,new:HMGN3:cad,rs17787027,nan,0,0
known:HSD17B12:t2d,rs1061810,new:MT3:fbg,rs1580833,0.0026,0,0
known:HSD17B12:t2d,rs1061810,new:RPL13:t2d,rs113847672,0.0,0,0
known:HSD17B12:t2d,rs1061810,new:ZBTB46:cad,rs6062322,0.0367,0,0
known:WDR17:cad,rs72706320,known:CDC123:cad,rs36062557,0.0055,0,0
known:WDR17:cad,rs72706320,known:NTAN1:t2d,rs2280018,0.0003,0,0
known:WDR17:cad,rs72706320,known:MED27:t2d,rs7043386,0.0533,0,0
known:WDR17:cad,rs72706320,known:THAP8:t2d,rs12981654,nan,0,0
known:WDR17:cad,rs72706320,known:PGAP3:cad,rs2952152,0.0169,0,0
known:WDR17:cad,rs72706320,known:DCAF16:t2d,rs7667864,0.0171,0,0
known:WDR17:cad,rs72706320,known:EIF5A2:t2d,rs8192675,nan,0,0
known:WDR17:cad,rs72706320,known:RFT1:t2d,rs2336725,0.0167,0,0
known:WDR17:cad,rs72706320,known:DAGLB:cad,rs13235365,nan,0,0
known:WDR17:cad,rs72706320,known:NUDT5:t2d,rs11257655,nan,0,0
known:WDR17:cad,rs72706320,known:ARL13B:t2d,rs62266124,0.0018,0,0
known:WDR17:cad,rs72706320,known:SIK2:cad,rs567859,0.0029,0,0
known:WDR17:cad,rs72706320,known:NRIP1:cad,rs2823165,0.0001,0,0
known:WDR17:cad,rs72706320,known:TMEM136:cad,rs4938809,nan,0,0
known:WDR17:cad,rs72706320,known:CAMK1D:t2d,rs11257655,nan,0,0
known:WDR17:cad,rs72706320,known:ZBTB6:t2d,rs2239540,nan,0,0
known:WDR17:cad,rs72706320,known:KCNJ11:t2d,rs757110,0.021,0,0
known:WDR17:cad,rs72706320,known:LDLRAD2:cad,rs114661372,nan,0,0
known:WDR17:cad,rs72706320,known:BLOC1S2:t2d,rs17882802,0.0424,0,0
known:WDR17:cad,rs72706320,known:ZNF34:t2d,rs4637890,0.0232,0,0
known:WDR17:cad,rs72706320,known:C6orf106:cad,rs3800461,nan,0,0
known:WDR17:cad,rs72706320,known:PARVA:t2d,rs4757405,0.0464,0,0
known:WDR17:cad,rs72706320,known:HOXC4:cad,rs1133773,nan,0,0
known:WDR17:cad,rs72706320,known:YTHDF2:t2d,rs3753693,0.0005,0,0
known:WDR17:cad,rs72706320,known:RP11-98D18.9:cad,rs1521185,0.001,0,0
known:WDR17:cad,rs72706320,known:SPDYE2:t2d,rs7781557,nan,0,0
known:WDR17:cad,rs72706320,known:U6:cad,rs61776719,0.0043,0,0
known:WDR17:cad,rs72706320,known:RP11-332O19.3:cad,rs11191472,nan,0,0
known:WDR17:cad,rs72706320,known:ARHGAP19:t2d,rs8181326,0.0001,0,0
known:WDR17:cad,rs72706320,known:BBIP1:t2d,rs10787287,0.0087,0,0
known:WDR17:cad,rs72706320,known:FASTKD5:cad,rs860735,0.0021,0,0
known:WDR17:cad,rs72706320,known:RP5-1068B5.3:t2d,rs927204,nan,0,0
known:WDR17:cad,rs72706320,known:MAST4-AS1:t2d,rs173651,0.0011,0,0
known:WDR17:cad,rs72706320,known:LRRC37A15P:t2d,rs223490,0.0031,0,0
known:WDR17:cad,rs72706320,known:PHBP9:t2d,rs11591741,0.0424,0,0
known:WDR17:cad,rs72706320,known:RP11-176F3.7:t2d,rs1758632,0.0294,0,0
known:WDR17:cad,rs72706320,known:RP4-756G23.5:t2d,rs85220,nan,0,0
known:WDR17:cad,rs72706320,known:RP1-159A19.4:cad,rs17361686,nan,0,0
known:WDR17:cad,rs72706320,known:SERBP1P3:t2d,rs4687701,0.0167,0,0
known:WDR17:cad,rs72706320,known:RP11-464F9.1:t2d,rs7908825,0.0285,0,0
known:WDR17:cad,rs72706320,known:CTD-2037K23.2:cad,rs16875368,nan,0,0
known:WDR17:cad,rs72706320,known:AP000487.5:cad,rs34053053,nan,0,0
known:WDR17:cad,rs72706320,known:CTD-2044J15.1:cad,rs4389656,nan,0,0
known:WDR17:cad,rs72706320,known:KRT8P46:t2d,rs223490,0.0031,0,0
known:WDR17:cad,rs72706320,known:RP11-10L12.2:t2d,rs223490,0.0031,0,0
known:WDR17:cad,rs72706320,known:RP11-464F9.9:t2d,rs11000760,0.0285,0,0
known:WDR17:cad,rs72706320,known:RP11-347C18.3:t2d,rs726816,0.0177,0,0
known:WDR17:cad,rs72706320,known:ALG1L13P:t2d,rs7837587,0.0387,0,0
known:WDR17:cad,rs72706320,known:HMBS:cad,rs4614,0.0342,0,0
known:WDR17:cad,rs72706320,known:RP11-856B14.1:t2d,rs1194104,nan,0,0
known:WDR17:cad,rs72706320,known:RP11-384M15.3:cad,rs1050362,0.0049,0,0
known:WDR17:cad,rs72706320,known:RP11-51F16.5:t2d,rs7223412,nan,0,0
known:WDR17:cad,rs72706320,known:MIR4513:cad,rs12442901,0.007,0,0
known:WDR17:cad,rs72706320,known:Metazoa_SRP:cad,rs11204675,0.002,0,0
known:WDR17:cad,rs72706320,known:Metazoa_SRP:cad,rs10888385,0.002,0,0
known:WDR17:cad,rs72706320,known:STRADA:t2d,rs11079508,nan,0,0
known:WDR17:cad,rs72706320,known:RP11-552F3.10:cad,rs3760128,0.0022,0,0
known:WDR17:cad,rs72706320,known:AC002116.7:t2d,rs10418015,0.0179,0,0
known:WDR17:cad,rs72706320,known:DKFZP434I0714:t2d,rs9991574,nan,0,0
known:WDR17:cad,rs72706320,known:hsa-mir-296:fbg,rs6026565,nan,0,0
known:WDR17:cad,rs72706320,new:PLAUR:cad,rs4760,nan,0,0
known:WDR17:cad,rs72706320,new:SLC12A3:cad,rs56228609,nan,0,0
known:WDR17:cad,rs72706320,new:C2orf49:t2d,rs4851758,nan,0,0
known:WDR17:cad,rs72706320,new:CWF19L1:t2d,rs17668357,0.0424,0,0
known:WDR17:cad,rs72706320,new:U6atac:t2d,rs12780155,nan,0,0
known:WDR17:cad,rs72706320,new:CD101:t2d,rs12130298,nan,0,0
known:WDR17:cad,rs72706320,new:TAGLN2:cad,rs2789422,0.0221,0,0
known:WDR17:cad,rs72706320,new:CCDC19:cad,rs2789422,0.0221,0,0
known:WDR17:cad,rs72706320,new:RBM6:t2d,rs2245365,0.0031,0,0
known:WDR17:cad,rs72706320,new:CNNM2:cad,rs11191447,nan,0,0
known:WDR17:cad,rs72706320,new:VSIG8:cad,rs2789422,0.0221,0,0
known:WDR17:cad,rs72706320,new:LAMC1:cad,rs11588675,0.0109,0,0
known:WDR17:cad,rs72706320,new:TPD52:fbg,rs2162229,0.0304,0,0
known:WDR17:cad,rs72706320,new:SENP6:cad,rs62414240,0.0293,0,0
known:WDR17:cad,rs72706320,new:RIC8A:cad,rs6598075,nan,0,0
known:WDR17:cad,rs72706320,new:HMGN3:cad,rs17787027,nan,0,0
known:WDR17:cad,rs72706320,new:MT3:fbg,rs1580833,nan,0,0
known:WDR17:cad,rs72706320,new:RPL13:t2d,rs113847672,nan,0,0
known:WDR17:cad,rs72706320,new:ZBTB46:cad,rs6062322,nan,0,0
known:CDC123:cad,rs36062557,known:NTAN1:t2d,rs2280018,0.0017,0,0
known:CDC123:cad,rs36062557,known:MED27:t2d,rs7043386,0.001,0,0
known:CDC123:cad,rs36062557,known:THAP8:t2d,rs12981654,0.0014,0,0
known:CDC123:cad,rs36062557,known:PGAP3:cad,rs2952152,0.0,0,0
known:CDC123:cad,rs36062557,known:DCAF16:t2d,rs7667864,0.0004,0,0
known:CDC123:cad,rs36062557,known:EIF5A2:t2d,rs8192675,0.0026,0,0
known:CDC123:cad,rs36062557,known:RFT1:t2d,rs2336725,0.0065,0,0
known:CDC123:cad,rs36062557,known:DAGLB:cad,rs13235365,0.0089,0,0
known:CDC123:cad,rs36062557,known:NUDT5:t2d,rs11257655,nan,0,0
known:CDC123:cad,rs36062557,known:ARL13B:t2d,rs62266124,0.002,0,0
known:CDC123:cad,rs36062557,known:SIK2:cad,rs567859,0.0001,0,0
known:CDC123:cad,rs36062557,known:NRIP1:cad,rs2823165,0.0,0,0
known:CDC123:cad,rs36062557,known:TMEM136:cad,rs4938809,0.0045,0,0
known:CDC123:cad,rs36062557,known:CAMK1D:t2d,rs11257655,nan,0,0
known:CDC123:cad,rs36062557,known:ZBTB6:t2d,rs2239540,0.0256,0,0
known:CDC123:cad,rs36062557,known:KCNJ11:t2d,rs757110,0.0006,0,0
known:CDC123:cad,rs36062557,known:LDLRAD2:cad,rs114661372,0.0229,0,0
known:CDC123:cad,rs36062557,known:BLOC1S2:t2d,rs17882802,0.0062,0,0
known:CDC123:cad,rs36062557,known:ZNF34:t2d,rs4637890,0.0121,0,0
known:CDC123:cad,rs36062557,known:C6orf106:cad,rs3800461,0.0336,0,0
known:CDC123:cad,rs36062557,known:PARVA:t2d,rs4757405,0.0,0,0
known:CDC123:cad,rs36062557,known:HOXC4:cad,rs1133773,0.0023,0,0
known:CDC123:cad,rs36062557,known:YTHDF2:t2d,rs3753693,0.0,0,0
known:CDC123:cad,rs36062557,known:RP11-98D18.9:cad,rs1521185,0.0009,0,0
known:CDC123:cad,rs36062557,known:SPDYE2:t2d,rs7781557,0.0004,0,0
known:CDC123:cad,rs36062557,known:U6:cad,rs61776719,0.0002,0,0
known:CDC123:cad,rs36062557,known:RP11-332O19.3:cad,rs11191472,0.0141,0,0
known:CDC123:cad,rs36062557,known:ARHGAP19:t2d,rs8181326,0.0028,0,0
known:CDC123:cad,rs36062557,known:BBIP1:t2d,rs10787287,0.0007,0,0
known:CDC123:cad,rs36062557,known:FASTKD5:cad,rs860735,0.0013,0,0
known:CDC123:cad,rs36062557,known:RP5-1068B5.3:t2d,rs927204,0.0077,0,0
known:CDC123:cad,rs36062557,known:MAST4-AS1:t2d,rs173651,0.0034,0,0
known:CDC123:cad,rs36062557,known:LRRC37A15P:t2d,rs223490,0.0028,0,0
known:CDC123:cad,rs36062557,known:PHBP9:t2d,rs11591741,0.0062,0,0
known:CDC123:cad,rs36062557,known:RP11-176F3.7:t2d,rs1758632,0.0002,0,0
known:CDC123:cad,rs36062557,known:RP4-756G23.5:t2d,rs85220,0.0038,0,0
known:CDC123:cad,rs36062557,known:RP1-159A19.4:cad,rs17361686,0.0032,0,0
known:CDC123:cad,rs36062557,known:SERBP1P3:t2d,rs4687701,0.0065,0,0
known:CDC123:cad,rs36062557,known:RP11-464F9.1:t2d,rs7908825,0.0129,0,0
known:CDC123:cad,rs36062557,known:CTD-2037K23.2:cad,rs16875368,0.0006,0,0
known:CDC123:cad,rs36062557,known:AP000487.5:cad,rs34053053,0.0376,0,0
known:CDC123:cad,rs36062557,known:CTD-2044J15.1:cad,rs4389656,0.0078,0,0
known:CDC123:cad,rs36062557,known:KRT8P46:t2d,rs223490,0.0028,0,0
known:CDC123:cad,rs36062557,known:RP11-10L12.2:t2d,rs223490,0.0028,0,0
known:CDC123:cad,rs36062557,known:RP11-464F9.9:t2d,rs11000760,0.0139,0,0
known:CDC123:cad,rs36062557,known:RP11-347C18.3:t2d,rs726816,0.0009,0,0
known:CDC123:cad,rs36062557,known:ALG1L13P:t2d,rs7837587,0.0028,0,0
known:CDC123:cad,rs36062557,known:HMBS:cad,rs4614,0.0161,0,0
known:CDC123:cad,rs36062557,known:RP11-856B14.1:t2d,rs1194104,0.0041,0,0
known:CDC123:cad,rs36062557,known:RP11-384M15.3:cad,rs1050362,0.0003,0,0
known:CDC123:cad,rs36062557,known:RP11-51F16.5:t2d,rs7223412,0.0001,0,0
known:CDC123:cad,rs36062557,known:MIR4513:cad,rs12442901,0.0002,0,0
known:CDC123:cad,rs36062557,known:Metazoa_SRP:cad,rs11204675,0.0002,0,0
known:CDC123:cad,rs36062557,known:Metazoa_SRP:cad,rs10888385,0.0002,0,0
known:CDC123:cad,rs36062557,known:STRADA:t2d,rs11079508,0.0001,0,0
known:CDC123:cad,rs36062557,known:RP11-552F3.10:cad,rs3760128,0.002,0,0
known:CDC123:cad,rs36062557,known:AC002116.7:t2d,rs10418015,0.0084,0,0
known:CDC123:cad,rs36062557,known:DKFZP434I0714:t2d,rs9991574,0.0043,0,0
known:CDC123:cad,rs36062557,known:hsa-mir-296:fbg,rs6026565,0.0001,0,0
known:CDC123:cad,rs36062557,new:PLAUR:cad,rs4760,0.0001,0,0
known:CDC123:cad,rs36062557,new:SLC12A3:cad,rs56228609,0.0,0,0
known:CDC123:cad,rs36062557,new:C2orf49:t2d,rs4851758,0.0137,0,0
known:CDC123:cad,rs36062557,new:CWF19L1:t2d,rs17668357,0.0062,0,0
known:CDC123:cad,rs36062557,new:U6atac:t2d,rs12780155,nan,0,0
known:CDC123:cad,rs36062557,new:CD101:t2d,rs12130298,0.0257,0,0
known:CDC123:cad,rs36062557,new:TAGLN2:cad,rs2789422,0.0003,0,0
known:CDC123:cad,rs36062557,new:CCDC19:cad,rs2789422,0.0003,0,0
known:CDC123:cad,rs36062557,new:RBM6:t2d,rs2245365,0.0095,0,0
known:CDC123:cad,rs36062557,new:CNNM2:cad,rs11191447,0.0141,0,0
known:CDC123:cad,rs36062557,new:VSIG8:cad,rs2789422,0.0003,0,0
known:CDC123:cad,rs36062557,new:LAMC1:cad,rs11588675,0.0139,0,0
known:CDC123:cad,rs36062557,new:TPD52:fbg,rs2162229,0.0007,0,0
known:CDC123:cad,rs36062557,new:SENP6:cad,rs62414240,0.0043,0,0
known:CDC123:cad,rs36062557,new:RIC8A:cad,rs6598075,0.0004,0,0
known:CDC123:cad,rs36062557,new:HMGN3:cad,rs17787027,nan,0,0
known:CDC123:cad,rs36062557,new:MT3:fbg,rs1580833,0.0,0,0
known:CDC123:cad,rs36062557,new:RPL13:t2d,rs113847672,0.0,0,0
known:CDC123:cad,rs36062557,new:ZBTB46:cad,rs6062322,0.0014,0,0
known:NTAN1:t2d,rs2280018,known:MED27:t2d,rs7043386,0.0018,0,0
known:NTAN1:t2d,rs2280018,known:THAP8:t2d,rs12981654,0.0049,0,0
known:NTAN1:t2d,rs2280018,known:PGAP3:cad,rs2952152,0.0001,0,0
known:NTAN1:t2d,rs2280018,known:DCAF16:t2d,rs7667864,0.0054,0,0
known:NTAN1:t2d,rs2280018,known:EIF5A2:t2d,rs8192675,0.0177,0,0
known:NTAN1:t2d,rs2280018,known:RFT1:t2d,rs2336725,0.0024,0,0
known:NTAN1:t2d,rs2280018,known:DAGLB:cad,rs13235365,0.0218,0,0
known:NTAN1:t2d,rs2280018,known:NUDT5:t2d,rs11257655,0.0045,0,0
known:NTAN1:t2d,rs2280018,known:ARL13B:t2d,rs62266124,0.0002,0,0
known:NTAN1:t2d,rs2280018,known:SIK2:cad,rs567859,0.0004,0,0
known:NTAN1:t2d,rs2280018,known:NRIP1:cad,rs2823165,0.0008,0,0
known:NTAN1:t2d,rs2280018,known:TMEM136:cad,rs4938809,0.001,0,0
known:NTAN1:t2d,rs2280018,known:CAMK1D:t2d,rs11257655,0.0045,0,0
known:NTAN1:t2d,rs2280018,known:ZBTB6:t2d,rs2239540,0.0047,0,0
known:NTAN1:t2d,rs2280018,known:KCNJ11:t2d,rs757110,0.0006,0,0
known:NTAN1:t2d,rs2280018,known:LDLRAD2:cad,rs114661372,0.0022,0,0
known:NTAN1:t2d,rs2280018,known:BLOC1S2:t2d,rs17882802,0.0006,0,0
known:NTAN1:t2d,rs2280018,known:ZNF34:t2d,rs4637890,0.003,0,0
known:NTAN1:t2d,rs2280018,known:C6orf106:cad,rs3800461,0.0718,0,0
known:NTAN1:t2d,rs2280018,known:PARVA:t2d,rs4757405,0.0063,0,0
known:NTAN1:t2d,rs2280018,known:HOXC4:cad,rs1133773,0.0135,0,0
known:NTAN1:t2d,rs2280018,known:YTHDF2:t2d,rs3753693,0.0081,0,0
known:NTAN1:t2d,rs2280018,known:RP11-98D18.9:cad,rs1521185,0.0,0,0
known:NTAN1:t2d,rs2280018,known:SPDYE2:t2d,rs7781557,0.0241,0,0
known:NTAN1:t2d,rs2280018,known:U6:cad,rs61776719,0.0034,0,0
known:NTAN1:t2d,rs2280018,known:RP11-332O19.3:cad,rs11191472,0.0699,0,0
known:NTAN1:t2d,rs2280018,known:ARHGAP19:t2d,rs8181326,0.0,0,0
known:NTAN1:t2d,rs2280018,known:BBIP1:t2d,rs10787287,0.0003,0,0
known:NTAN1:t2d,rs2280018,known:FASTKD5:cad,rs860735,0.0034,0,0
known:NTAN1:t2d,rs2280018,known:RP5-1068B5.3:t2d,rs927204,0.002,0,0
known:NTAN1:t2d,rs2280018,known:MAST4-AS1:t2d,rs173651,0.0,0,0
known:NTAN1:t2d,rs2280018,known:LRRC37A15P:t2d,rs223490,0.0001,0,0
known:NTAN1:t2d,rs2280018,known:PHBP9:t2d,rs11591741,0.0009,0,0
known:NTAN1:t2d,rs2280018,known:RP11-176F3.7:t2d,rs1758632,0.0,0,0
known:NTAN1:t2d,rs2280018,known:RP4-756G23.5:t2d,rs85220,0.0008,0,0
known:NTAN1:t2d,rs2280018,known:RP1-159A19.4:cad,rs17361686,0.0057,0,0
known:NTAN1:t2d,rs2280018,known:SERBP1P3:t2d,rs4687701,0.0024,0,0
known:NTAN1:t2d,rs2280018,known:RP11-464F9.1:t2d,rs7908825,0.0049,0,0
known:NTAN1:t2d,rs2280018,known:CTD-2037K23.2:cad,rs16875368,0.0003,0,0
known:NTAN1:t2d,rs2280018,known:AP000487.5:cad,rs34053053,0.0041,0,0
known:NTAN1:t2d,rs2280018,known:CTD-2044J15.1:cad,rs4389656,0.0009,0,0
known:NTAN1:t2d,rs2280018,known:KRT8P46:t2d,rs223490,0.0001,0,0
known:NTAN1:t2d,rs2280018,known:RP11-10L12.2:t2d,rs223490,0.0001,0,0
known:NTAN1:t2d,rs2280018,known:RP11-464F9.9:t2d,rs11000760,0.0038,0,0
known:NTAN1:t2d,rs2280018,known:RP11-347C18.3:t2d,rs726816,0.0106,0,0
known:NTAN1:t2d,rs2280018,known:ALG1L13P:t2d,rs7837587,0.0018,0,0
known:NTAN1:t2d,rs2280018,known:HMBS:cad,rs4614,0.0069,0,0
known:NTAN1:t2d,rs2280018,known:RP11-856B14.1:t2d,rs1194104,0.0025,0,0
known:NTAN1:t2d,rs2280018,known:RP11-384M15.3:cad,rs1050362,0.0003,0,0
known:NTAN1:t2d,rs2280018,known:RP11-51F16.5:t2d,rs7223412,0.0127,0,0
known:NTAN1:t2d,rs2280018,known:MIR4513:cad,rs12442901,0.0134,0,0
known:NTAN1:t2d,rs2280018,known:Metazoa_SRP:cad,rs11204675,0.0005,0,0
known:NTAN1:t2d,rs2280018,known:Metazoa_SRP:cad,rs10888385,0.0005,0,0
known:NTAN1:t2d,rs2280018,known:STRADA:t2d,rs11079508,0.0127,0,0
known:NTAN1:t2d,rs2280018,known:RP11-552F3.10:cad,rs3760128,0.008,0,0
known:NTAN1:t2d,rs2280018,known:AC002116.7:t2d,rs10418015,0.0003,0,0
known:NTAN1:t2d,rs2280018,known:DKFZP434I0714:t2d,rs9991574,0.0132,0,0
known:NTAN1:t2d,rs2280018,known:hsa-mir-296:fbg,rs6026565,0.0054,0,0
known:NTAN1:t2d,rs2280018,new:PLAUR:cad,rs4760,0.0003,0,0
known:NTAN1:t2d,rs2280018,new:SLC12A3:cad,rs56228609,0.0018,0,0
known:NTAN1:t2d,rs2280018,new:C2orf49:t2d,rs4851758,0.0311,0,0
known:NTAN1:t2d,rs2280018,new:CWF19L1:t2d,rs17668357,0.0006,0,0
known:NTAN1:t2d,rs2280018,new:U6atac:t2d,rs12780155,0.0052,0,0
known:NTAN1:t2d,rs2280018,new:CD101:t2d,rs12130298,0.0012,0,0
known:NTAN1:t2d,rs2280018,new:TAGLN2:cad,rs2789422,0.0,0,0
known:NTAN1:t2d,rs2280018,new:CCDC19:cad,rs2789422,0.0,0,0
known:NTAN1:t2d,rs2280018,new:RBM6:t2d,rs2245365,0.0014,0,0
known:NTAN1:t2d,rs2280018,new:CNNM2:cad,rs11191447,0.0699,0,0
known:NTAN1:t2d,rs2280018,new:VSIG8:cad,rs2789422,0.0,0,0
known:NTAN1:t2d,rs2280018,new:LAMC1:cad,rs11588675,0.0015,0,0
known:NTAN1:t2d,rs2280018,new:TPD52:fbg,rs2162229,0.0042,0,0
known:NTAN1:t2d,rs2280018,new:SENP6:cad,rs62414240,0.0108,0,0
known:NTAN1:t2d,rs2280018,new:RIC8A:cad,rs6598075,0.0097,0,0
known:NTAN1:t2d,rs2280018,new:HMGN3:cad,rs17787027,0.058,0,0
known:NTAN1:t2d,rs2280018,new:MT3:fbg,rs1580833,0.0103,0,0
known:NTAN1:t2d,rs2280018,new:RPL13:t2d,rs113847672,0.0008,0,0
known:NTAN1:t2d,rs2280018,new:ZBTB46:cad,rs6062322,0.0002,0,0
known:MED27:t2d,rs7043386,known:THAP8:t2d,rs12981654,0.0,0,0
known:MED27:t2d,rs7043386,known:PGAP3:cad,rs2952152,0.001,0,0
known:MED27:t2d,rs7043386,known:DCAF16:t2d,rs7667864,0.0029,0,0
known:MED27:t2d,rs7043386,known:EIF5A2:t2d,rs8192675,0.0008,0,0
known:MED27:t2d,rs7043386,known:RFT1:t2d,rs2336725,0.0002,0,0
known:MED27:t2d,rs7043386,known:DAGLB:cad,rs13235365,0.0,0,0
known:MED27:t2d,rs7043386,known:NUDT5:t2d,rs11257655,0.0001,0,0
known:MED27:t2d,rs7043386,known:ARL13B:t2d,rs62266124,0.0003,0,0
known:MED27:t2d,rs7043386,known:SIK2:cad,rs567859,0.0008,0,0
known:MED27:t2d,rs7043386,known:NRIP1:cad,rs2823165,0.0002,0,0
known:MED27:t2d,rs7043386,known:TMEM136:cad,rs4938809,0.014,0,0
known:MED27:t2d,rs7043386,known:CAMK1D:t2d,rs11257655,0.0001,0,0
known:MED27:t2d,rs7043386,known:ZBTB6:t2d,rs2239540,0.0034,0,0
known:MED27:t2d,rs7043386,known:KCNJ11:t2d,rs757110,0.0006,0,0
known:MED27:t2d,rs7043386,known:LDLRAD2:cad,rs114661372,0.0016,0,0
known:MED27:t2d,rs7043386,known:BLOC1S2:t2d,rs17882802,0.0032,0,0
known:MED27:t2d,rs7043386,known:ZNF34:t2d,rs4637890,0.0182,0,0
known:MED27:t2d,rs7043386,known:C6orf106:cad,rs3800461,0.0498,0,0
known:MED27:t2d,rs7043386,known:PARVA:t2d,rs4757405,0.0015,0,0
known:MED27:t2d,rs7043386,known:HOXC4:cad,rs1133773,0.0002,0,0
known:MED27:t2d,rs7043386,known:YTHDF2:t2d,rs3753693,0.0011,0,0
known:MED27:t2d,rs7043386,known:RP11-98D18.9:cad,rs1521185,0.0009,0,0
known:MED27:t2d,rs7043386,known:SPDYE2:t2d,rs7781557,0.0139,0,0
known:MED27:t2d,rs7043386,known:U6:cad,rs61776719,0.0038,0,0
known:MED27:t2d,rs7043386,known:RP11-332O19.3:cad,rs11191472,0.0104,0,0
known:MED27:t2d,rs7043386,known:ARHGAP19:t2d,rs8181326,0.0001,0,0
known:MED27:t2d,rs7043386,known:BBIP1:t2d,rs10787287,0.0005,0,0
known:MED27:t2d,rs7043386,known:FASTKD5:cad,rs860735,0.0036,0,0
known:MED27:t2d,rs7043386,known:RP5-1068B5.3:t2d,rs927204,0.0025,0,0
known:MED27:t2d,rs7043386,known:MAST4-AS1:t2d,rs173651,0.0005,0,0
known:MED27:t2d,rs7043386,known:LRRC37A15P:t2d,rs223490,0.0043,0,0
known:MED27:t2d,rs7043386,known:PHBP9:t2d,rs11591741,0.004,0,0
known:MED27:t2d,rs7043386,known:RP11-176F3.7:t2d,rs1758632,0.0,0,0
known:MED27:t2d,rs7043386,known:RP4-756G23.5:t2d,rs85220,0.0059,0,0
known:MED27:t2d,rs7043386,known:RP1-159A19.4:cad,rs17361686,0.001,0,0
known:MED27:t2d,rs7043386,known:SERBP1P3:t2d,rs4687701,0.0002,0,0
known:MED27:t2d,rs7043386,known:RP11-464F9.1:t2d,rs7908825,0.0004,0,0
known:MED27:t2d,rs7043386,known:CTD-2037K23.2:cad,rs16875368,0.0054,0,0
known:MED27:t2d,rs7043386,known:AP000487.5:cad,rs34053053,0.0308,0,0
known:MED27:t2d,rs7043386,known:CTD-2044J15.1:cad,rs4389656,0.0004,0,0
known:MED27:t2d,rs7043386,known:KRT8P46:t2d,rs223490,0.0043,0,0
known:MED27:t2d,rs7043386,known:RP11-10L12.2:t2d,rs223490,0.0043,0,0
known:MED27:t2d,rs7043386,known:RP11-464F9.9:t2d,rs11000760,0.0008,0,0
known:MED27:t2d,rs7043386,known:RP11-347C18.3:t2d,rs726816,0.0003,0,0
known:MED27:t2d,rs7043386,known:ALG1L13P:t2d,rs7837587,0.0004,0,0
known:MED27:t2d,rs7043386,known:HMBS:cad,rs4614,0.0117,0,0
known:MED27:t2d,rs7043386,known:RP11-856B14.1:t2d,rs1194104,0.0,0,0
known:MED27:t2d,rs7043386,known:RP11-384M15.3:cad,rs1050362,0.0045,0,0
known:MED27:t2d,rs7043386,known:RP11-51F16.5:t2d,rs7223412,0.0297,0,0
known:MED27:t2d,rs7043386,known:MIR4513:cad,rs12442901,0.0136,0,0
known:MED27:t2d,rs7043386,known:Metazoa_SRP:cad,rs11204675,0.0003,0,0
known:MED27:t2d,rs7043386,known:Metazoa_SRP:cad,rs10888385,0.0003,0,0
known:MED27:t2d,rs7043386,known:STRADA:t2d,rs11079508,0.0297,0,0
known:MED27:t2d,rs7043386,known:RP11-552F3.10:cad,rs3760128,0.0001,0,0
known:MED27:t2d,rs7043386,known:AC002116.7:t2d,rs10418015,0.0001,0,0
known:MED27:t2d,rs7043386,known:DKFZP434I0714:t2d,rs9991574,0.0044,0,0
known:MED27:t2d,rs7043386,known:hsa-mir-296:fbg,rs6026565,0.0055,0,0
known:MED27:t2d,rs7043386,new:PLAUR:cad,rs4760,0.0028,0,0
known:MED27:t2d,rs7043386,new:SLC12A3:cad,rs56228609,0.0092,0,0
known:MED27:t2d,rs7043386,new:C2orf49:t2d,rs4851758,0.017,0,0
known:MED27:t2d,rs7043386,new:CWF19L1:t2d,rs17668357,0.0032,0,0
known:MED27:t2d,rs7043386,new:U6atac:t2d,rs12780155,0.0016,0,0
known:MED27:t2d,rs7043386,new:CD101:t2d,rs12130298,0.0044,0,0
known:MED27:t2d,rs7043386,new:TAGLN2:cad,rs2789422,0.0149,0,0
known:MED27:t2d,rs7043386,new:CCDC19:cad,rs2789422,0.0149,0,0
known:MED27:t2d,rs7043386,new:RBM6:t2d,rs2245365,0.0001,0,0
known:MED27:t2d,rs7043386,new:CNNM2:cad,rs11191447,0.0104,0,0
known:MED27:t2d,rs7043386,new:VSIG8:cad,rs2789422,0.0149,0,0
known:MED27:t2d,rs7043386,new:LAMC1:cad,rs11588675,0.0057,0,0
known:MED27:t2d,rs7043386,new:TPD52:fbg,rs2162229,0.0171,0,0
known:MED27:t2d,rs7043386,new:SENP6:cad,rs62414240,0.001,0,0
known:MED27:t2d,rs7043386,new:RIC8A:cad,rs6598075,0.0016,0,0
known:MED27:t2d,rs7043386,new:HMGN3:cad,rs17787027,0.0082,0,0
known:MED27:t2d,rs7043386,new:MT3:fbg,rs1580833,0.0186,0,0
known:MED27:t2d,rs7043386,new:RPL13:t2d,rs113847672,0.0063,0,0
known:MED27:t2d,rs7043386,new:ZBTB46:cad,rs6062322,0.0012,0,0
known:THAP8:t2d,rs12981654,known:PGAP3:cad,rs2952152,0.0048,0,0
known:THAP8:t2d,rs12981654,known:DCAF16:t2d,rs7667864,0.0021,0,0
known:THAP8:t2d,rs12981654,known:EIF5A2:t2d,rs8192675,0.0111,0,0
known:THAP8:t2d,rs12981654,known:RFT1:t2d,rs2336725,0.0018,0,0
known:THAP8:t2d,rs12981654,known:DAGLB:cad,rs13235365,0.0127,0,0
known:THAP8:t2d,rs12981654,known:NUDT5:t2d,rs11257655,0.0015,0,0
known:THAP8:t2d,rs12981654,known:ARL13B:t2d,rs62266124,0.0001,0,0
known:THAP8:t2d,rs12981654,known:SIK2:cad,rs567859,0.001,0,0
known:THAP8:t2d,rs12981654,known:NRIP1:cad,rs2823165,0.0005,0,0
known:THAP8:t2d,rs12981654,known:TMEM136:cad,rs4938809,0.011,0,0
known:THAP8:t2d,rs12981654,known:CAMK1D:t2d,rs11257655,0.0015,0,0
known:THAP8:t2d,rs12981654,known:ZBTB6:t2d,rs2239540,0.0852,0,0
known:THAP8:t2d,rs12981654,known:KCNJ11:t2d,rs757110,0.0,0,0
known:THAP8:t2d,rs12981654,known:LDLRAD2:cad,rs114661372,0.0038,0,0
known:THAP8:t2d,rs12981654,known:BLOC1S2:t2d,rs17882802,0.0042,0,0
known:THAP8:t2d,rs12981654,known:ZNF34:t2d,rs4637890,0.0027,0,0
known:THAP8:t2d,rs12981654,known:C6orf106:cad,rs3800461,0.0108,0,0
known:THAP8:t2d,rs12981654,known:PARVA:t2d,rs4757405,0.0027,0,0
known:THAP8:t2d,rs12981654,known:HOXC4:cad,rs1133773,0.0005,0,0
known:THAP8:t2d,rs12981654,known:YTHDF2:t2d,rs3753693,0.0197,0,0
known:THAP8:t2d,rs12981654,known:RP11-98D18.9:cad,rs1521185,0.0011,0,0
known:THAP8:t2d,rs12981654,known:SPDYE2:t2d,rs7781557,0.0095,0,0
known:THAP8:t2d,rs12981654,known:U6:cad,rs61776719,0.0001,0,0
known:THAP8:t2d,rs12981654,known:RP11-332O19.3:cad,rs11191472,0.0646,0,0
known:THAP8:t2d,rs12981654,known:ARHGAP19:t2d,rs8181326,0.0079,0,0
known:THAP8:t2d,rs12981654,known:BBIP1:t2d,rs10787287,0.0006,0,0
known:THAP8:t2d,rs12981654,known:FASTKD5:cad,rs860735,0.0043,0,0
known:THAP8:t2d,rs12981654,known:RP5-1068B5.3:t2d,rs927204,0.0044,0,0
known:THAP8:t2d,rs12981654,known:MAST4-AS1:t2d,rs173651,0.0151,0,0
known:THAP8:t2d,rs12981654,known:LRRC37A15P:t2d,rs223490,0.0022,0,0
known:THAP8:t2d,rs12981654,known:PHBP9:t2d,rs11591741,0.0042,0,0
known:THAP8:t2d,rs12981654,known:RP11-176F3.7:t2d,rs1758632,0.0146,0,0
known:THAP8:t2d,rs12981654,known:RP4-756G23.5:t2d,rs85220,0.0281,0,0
known:THAP8:t2d,rs12981654,known:RP1-159A19.4:cad,rs17361686,0.0028,0,0
known:THAP8:t2d,rs12981654,known:SERBP1P3:t2d,rs4687701,0.0018,0,0
known:THAP8:t2d,rs12981654,known:RP11-464F9.1:t2d,rs7908825,0.0066,0,0
known:THAP8:t2d,rs12981654,known:CTD-2037K23.2:cad,rs16875368,0.006,0,0
known:THAP8:t2d,rs12981654,known:AP000487.5:cad,rs34053053,0.0,0,0
known:THAP8:t2d,rs12981654,known:CTD-2044J15.1:cad,rs4389656,0.0066,0,0
known:THAP8:t2d,rs12981654,known:KRT8P46:t2d,rs223490,0.0022,0,0
known:THAP8:t2d,rs12981654,known:RP11-10L12.2:t2d,rs223490,0.0022,0,0
known:THAP8:t2d,rs12981654,known:RP11-464F9.9:t2d,rs11000760,0.0039,0,0
known:THAP8:t2d,rs12981654,known:RP11-347C18.3:t2d,rs726816,0.0,0,0
known:THAP8:t2d,rs12981654,known:ALG1L13P:t2d,rs7837587,0.0174,0,0
known:THAP8:t2d,rs12981654,known:HMBS:cad,rs4614,0.0037,0,0
known:THAP8:t2d,rs12981654,known:RP11-856B14.1:t2d,rs1194104,0.0319,0,0
known:THAP8:t2d,rs12981654,known:RP11-384M15.3:cad,rs1050362,0.0008,0,0
known:THAP8:t2d,rs12981654,known:RP11-51F16.5:t2d,rs7223412,0.0121,0,0
known:THAP8:t2d,rs12981654,known:MIR4513:cad,rs12442901,0.0057,0,0
known:THAP8:t2d,rs12981654,known:Metazoa_SRP:cad,rs11204675,0.002,0,0
known:THAP8:t2d,rs12981654,known:Metazoa_SRP:cad,rs10888385,0.002,0,0
known:THAP8:t2d,rs12981654,known:STRADA:t2d,rs11079508,0.0121,0,0
known:THAP8:t2d,rs12981654,known:RP11-552F3.10:cad,rs3760128,0.001,0,0
known:THAP8:t2d,rs12981654,known:AC002116.7:t2d,rs10418015,0.3635,0,0
known:THAP8:t2d,rs12981654,known:DKFZP434I0714:t2d,rs9991574,0.0,0,0
known:THAP8:t2d,rs12981654,known:hsa-mir-296:fbg,rs6026565,0.0253,0,0
known:THAP8:t2d,rs12981654,new:PLAUR:cad,rs4760,0.0001,0,0
known:THAP8:t2d,rs12981654,new:SLC12A3:cad,rs56228609,0.0028,0,0
known:THAP8:t2d,rs12981654,new:C2orf49:t2d,rs4851758,0.0016,0,0
known:THAP8:t2d,rs12981654,new:CWF19L1:t2d,rs17668357,0.0042,0,0
known:THAP8:t2d,rs12981654,new:U6atac:t2d,rs12780155,0.0011,0,0
known:THAP8:t2d,rs12981654,new:CD101:t2d,rs12130298,nan,0,0
known:THAP8:t2d,rs12981654,new:TAGLN2:cad,rs2789422,0.0,0,0
known:THAP8:t2d,rs12981654,new:CCDC19:cad,rs2789422,0.0,0,0
known:THAP8:t2d,rs12981654,new:RBM6:t2d,rs2245365,0.0001,0,0
known:THAP8:t2d,rs12981654,new:CNNM2:cad,rs11191447,0.0646,0,0
known:THAP8:t2d,rs12981654,new:VSIG8:cad,rs2789422,0.0,0,0
known:THAP8:t2d,rs12981654,new:LAMC1:cad,rs11588675,0.0,0,0
known:THAP8:t2d,rs12981654,new:TPD52:fbg,rs2162229,0.0019,0,0
known:THAP8:t2d,rs12981654,new:SENP6:cad,rs62414240,0.0043,0,0
known:THAP8:t2d,rs12981654,new:RIC8A:cad,rs6598075,0.001,0,0
known:THAP8:t2d,rs12981654,new:HMGN3:cad,rs17787027,nan,0,0
known:THAP8:t2d,rs12981654,new:MT3:fbg,rs1580833,0.0,0,0
known:THAP8:t2d,rs12981654,new:RPL13:t2d,rs113847672,0.0,0,0
known:THAP8:t2d,rs12981654,new:ZBTB46:cad,rs6062322,0.0,0,0
known:PGAP3:cad,rs2952152,known:DCAF16:t2d,rs7667864,0.0,0,0
known:PGAP3:cad,rs2952152,known:EIF5A2:t2d,rs8192675,0.0,0,0
known:PGAP3:cad,rs2952152,known:RFT1:t2d,rs2336725,0.0009,0,0
known:PGAP3:cad,rs2952152,known:DAGLB:cad,rs13235365,0.0002,0,0
known:PGAP3:cad,rs2952152,known:NUDT5:t2d,rs11257655,0.0001,0,0
known:PGAP3:cad,rs2952152,known:ARL13B:t2d,rs62266124,0.0195,0,0
known:PGAP3:cad,rs2952152,known:SIK2:cad,rs567859,0.0052,0,0
known:PGAP3:cad,rs2952152,known:NRIP1:cad,rs2823165,0.0003,0,0
known:PGAP3:cad,rs2952152,known:TMEM136:cad,rs4938809,0.0,0,0
known:PGAP3:cad,rs2952152,known:CAMK1D:t2d,rs11257655,0.0001,0,0
known:PGAP3:cad,rs2952152,known:ZBTB6:t2d,rs2239540,0.0006,0,0
known:PGAP3:cad,rs2952152,known:KCNJ11:t2d,rs757110,0.0002,0,0
known:PGAP3:cad,rs2952152,known:LDLRAD2:cad,rs114661372,0.0039,0,0
known:PGAP3:cad,rs2952152,known:BLOC1S2:t2d,rs17882802,0.0099,0,0
known:PGAP3:cad,rs2952152,known:ZNF34:t2d,rs4637890,0.0009,0,0
known:PGAP3:cad,rs2952152,known:C6orf106:cad,rs3800461,0.0123,0,0
known:PGAP3:cad,rs2952152,known:PARVA:t2d,rs4757405,0.0001,0,0
known:PGAP3:cad,rs2952152,known:HOXC4:cad,rs1133773,0.0143,0,0
known:PGAP3:cad,rs2952152,known:YTHDF2:t2d,rs3753693,0.0006,0,0
known:PGAP3:cad,rs2952152,known:RP11-98D18.9:cad,rs1521185,0.0013,0,0
known:PGAP3:cad,rs2952152,known:SPDYE2:t2d,rs7781557,0.0337,0,0
known:PGAP3:cad,rs2952152,known:U6:cad,rs61776719,0.0032,0,0
known:PGAP3:cad,rs2952152,known:RP11-332O19.3:cad,rs11191472,0.0092,0,0
known:PGAP3:cad,rs2952152,known:ARHGAP19:t2d,rs8181326,0.0091,0,0
known:PGAP3:cad,rs2952152,known:BBIP1:t2d,rs10787287,0.0003,0,0
known:PGAP3:cad,rs2952152,known:FASTKD5:cad,rs860735,0.0001,0,0
known:PGAP3:cad,rs2952152,known:RP5-1068B5.3:t2d,rs927204,0.0032,0,0
known:PGAP3:cad,rs2952152,known:MAST4-AS1:t2d,rs173651,0.0046,0,0
known:PGAP3:cad,rs2952152,known:LRRC37A15P:t2d,rs223490,0.0051,0,0
known:PGAP3:cad,rs2952152,known:PHBP9:t2d,rs11591741,0.0085,0,0
known:PGAP3:cad,rs2952152,known:RP11-176F3.7:t2d,rs1758632,0.0,0,0
known:PGAP3:cad,rs2952152,known:RP4-756G23.5:t2d,rs85220,0.011,0,0
known:PGAP3:cad,rs2952152,known:RP1-159A19.4:cad,rs17361686,0.0358,0,0
known:PGAP3:cad,rs2952152,known:SERBP1P3:t2d,rs4687701,0.0009,0,0
known:PGAP3:cad,rs2952152,known:RP11-464F9.1:t2d,rs7908825,0.0075,0,0
known:PGAP3:cad,rs2952152,known:CTD-2037K23.2:cad,rs16875368,0.0249,0,0
known:PGAP3:cad,rs2952152,known:AP000487.5:cad,rs34053053,0.0017,0,0
known:PGAP3:cad,rs2952152,known:CTD-2044J15.1:cad,rs4389656,0.0067,0,0
known:PGAP3:cad,rs2952152,known:KRT8P46:t2d,rs223490,0.0051,0,0
known:PGAP3:cad,rs2952152,known:RP11-10L12.2:t2d,rs223490,0.0051,0,0
known:PGAP3:cad,rs2952152,known:RP11-464F9.9:t2d,rs11000760,0.0085,0,0
known:PGAP3:cad,rs2952152,known:RP11-347C18.3:t2d,rs726816,0.0016,0,0
known:PGAP3:cad,rs2952152,known:ALG1L13P:t2d,rs7837587,0.0001,0,0
known:PGAP3:cad,rs2952152,known:HMBS:cad,rs4614,0.0088,0,0
known:PGAP3:cad,rs2952152,known:RP11-856B14.1:t2d,rs1194104,0.0017,0,0
known:PGAP3:cad,rs2952152,known:RP11-384M15.3:cad,rs1050362,0.0009,0,0
known:PGAP3:cad,rs2952152,known:RP11-51F16.5:t2d,rs7223412,0.0192,0,0
known:PGAP3:cad,rs2952152,known:MIR4513:cad,rs12442901,0.0001,0,0
known:PGAP3:cad,rs2952152,known:Metazoa_SRP:cad,rs11204675,0.0002,0,0
known:PGAP3:cad,rs2952152,known:Metazoa_SRP:cad,rs10888385,0.0002,0,0
known:PGAP3:cad,rs2952152,known:STRADA:t2d,rs11079508,0.0192,0,0
known:PGAP3:cad,rs2952152,known:RP11-552F3.10:cad,rs3760128,0.0003,0,0
known:PGAP3:cad,rs2952152,known:AC002116.7:t2d,rs10418015,0.0045,0,0
known:PGAP3:cad,rs2952152,known:DKFZP434I0714:t2d,rs9991574,0.0029,0,0
known:PGAP3:cad,rs2952152,known:hsa-mir-296:fbg,rs6026565,0.0267,0,0
known:PGAP3:cad,rs2952152,new:PLAUR:cad,rs4760,0.0048,0,0
known:PGAP3:cad,rs2952152,new:SLC12A3:cad,rs56228609,0.0092,0,0
known:PGAP3:cad,rs2952152,new:C2orf49:t2d,rs4851758,0.0091,0,0
known:PGAP3:cad,rs2952152,new:CWF19L1:t2d,rs17668357,0.0099,0,0
known:PGAP3:cad,rs2952152,new:U6atac:t2d,rs12780155,0.0019,0,0
known:PGAP3:cad,rs2952152,new:CD101:t2d,rs12130298,0.0258,0,0
known:PGAP3:cad,rs2952152,new:TAGLN2:cad,rs2789422,0.0,0,0
known:PGAP3:cad,rs2952152,new:CCDC19:cad,rs2789422,0.0,0,0
known:PGAP3:cad,rs2952152,new:RBM6:t2d,rs2245365,0.0116,0,0
known:PGAP3:cad,rs2952152,new:CNNM2:cad,rs11191447,0.0092,0,0
known:PGAP3:cad,rs2952152,new:VSIG8:cad,rs2789422,0.0,0,0
known:PGAP3:cad,rs2952152,new:LAMC1:cad,rs11588675,0.0057,0,0
known:PGAP3:cad,rs2952152,new:TPD52:fbg,rs2162229,0.0027,0,0
known:PGAP3:cad,rs2952152,new:SENP6:cad,rs62414240,0.0,0,0
known:PGAP3:cad,rs2952152,new:RIC8A:cad,rs6598075,0.0011,0,0
known:PGAP3:cad,rs2952152,new:HMGN3:cad,rs17787027,0.0247,0,0
known:PGAP3:cad,rs2952152,new:MT3:fbg,rs1580833,0.0074,0,0
known:PGAP3:cad,rs2952152,new:RPL13:t2d,rs113847672,0.0011,0,0
known:PGAP3:cad,rs2952152,new:ZBTB46:cad,rs6062322,0.0014,0,0
known:DCAF16:t2d,rs7667864,known:EIF5A2:t2d,rs8192675,0.0,0,0
known:DCAF16:t2d,rs7667864,known:RFT1:t2d,rs2336725,0.0108,0,0
known:DCAF16:t2d,rs7667864,known:DAGLB:cad,rs13235365,0.0257,0,0
known:DCAF16:t2d,rs7667864,known:NUDT5:t2d,rs11257655,0.0004,0,0
known:DCAF16:t2d,rs7667864,known:ARL13B:t2d,rs62266124,0.0026,0,0
known:DCAF16:t2d,rs7667864,known:SIK2:cad,rs567859,0.0003,0,0
known:DCAF16:t2d,rs7667864,known:NRIP1:cad,rs2823165,0.0003,0,0
known:DCAF16:t2d,rs7667864,known:TMEM136:cad,rs4938809,0.0123,0,0
known:DCAF16:t2d,rs7667864,known:CAMK1D:t2d,rs11257655,0.0004,0,0
known:DCAF16:t2d,rs7667864,known:ZBTB6:t2d,rs2239540,0.0102,0,0
known:DCAF16:t2d,rs7667864,known:KCNJ11:t2d,rs757110,0.0034,0,0
known:DCAF16:t2d,rs7667864,known:LDLRAD2:cad,rs114661372,0.0088,0,0
known:DCAF16:t2d,rs7667864,known:BLOC1S2:t2d,rs17882802,0.0038,0,0
known:DCAF16:t2d,rs7667864,known:ZNF34:t2d,rs4637890,0.0001,0,0
known:DCAF16:t2d,rs7667864,known:C6orf106:cad,rs3800461,0.0093,0,0
known:DCAF16:t2d,rs7667864,known:PARVA:t2d,rs4757405,0.0,0,0
known:DCAF16:t2d,rs7667864,known:HOXC4:cad,rs1133773,0.0014,0,0
known:DCAF16:t2d,rs7667864,known:YTHDF2:t2d,rs3753693,0.0004,0,0
known:DCAF16:t2d,rs7667864,known:RP11-98D18.9:cad,rs1521185,0.0005,0,0
known:DCAF16:t2d,rs7667864,known:SPDYE2:t2d,rs7781557,0.0011,0,0
known:DCAF16:t2d,rs7667864,known:U6:cad,rs61776719,0.0054,0,0
known:DCAF16:t2d,rs7667864,known:RP11-332O19.3:cad,rs11191472,0.0343,0,0
known:DCAF16:t2d,rs7667864,known:ARHGAP19:t2d,rs8181326,0.0024,0,0
known:DCAF16:t2d,rs7667864,known:BBIP1:t2d,rs10787287,0.0002,0,0
known:DCAF16:t2d,rs7667864,known:FASTKD5:cad,rs860735,0.0,0,0
known:DCAF16:t2d,rs7667864,known:RP5-1068B5.3:t2d,rs927204,0.017,0,0
known:DCAF16:t2d,rs7667864,known:MAST4-AS1:t2d,rs173651,0.0016,0,0
known:DCAF16:t2d,rs7667864,known:LRRC37A15P:t2d,rs223490,0.0,0,0
known:DCAF16:t2d,rs7667864,known:PHBP9:t2d,rs11591741,0.0028,0,0
known:DCAF16:t2d,rs7667864,known:RP11-176F3.7:t2d,rs1758632,0.0002,0,0
known:DCAF16:t2d,rs7667864,known:RP4-756G23.5:t2d,rs85220,0.0031,0,0
known:DCAF16:t2d,rs7667864,known:RP1-159A19.4:cad,rs17361686,0.0061,0,0
known:DCAF16:t2d,rs7667864,known:SERBP1P3:t2d,rs4687701,0.0108,0,0
known:DCAF16:t2d,rs7667864,known:RP11-464F9.1:t2d,rs7908825,0.0002,0,0
known:DCAF16:t2d,rs7667864,known:CTD-2037K23.2:cad,rs16875368,0.0014,0,0
known:DCAF16:t2d,rs7667864,known:AP000487.5:cad,rs34053053,0.0373,0,0
known:DCAF16:t2d,rs7667864,known:CTD-2044J15.1:cad,rs4389656,0.0096,0,0
known:DCAF16:t2d,rs7667864,known:KRT8P46:t2d,rs223490,0.0,0,0
known:DCAF16:t2d,rs7667864,known:RP11-10L12.2:t2d,rs223490,0.0,0,0
known:DCAF16:t2d,rs7667864,known:RP11-464F9.9:t2d,rs11000760,0.0002,0,0
known:DCAF16:t2d,rs7667864,known:RP11-347C18.3:t2d,rs726816,0.0001,0,0
known:DCAF16:t2d,rs7667864,known:ALG1L13P:t2d,rs7837587,0.0105,0,0
known:DCAF16:t2d,rs7667864,known:HMBS:cad,rs4614,0.005,0,0
known:DCAF16:t2d,rs7667864,known:RP11-856B14.1:t2d,rs1194104,0.0031,0,0
known:DCAF16:t2d,rs7667864,known:RP11-384M15.3:cad,rs1050362,0.0009,0,0
known:DCAF16:t2d,rs7667864,known:RP11-51F16.5:t2d,rs7223412,0.007,0,0
known:DCAF16:t2d,rs7667864,known:MIR4513:cad,rs12442901,0.0018,0,0
known:DCAF16:t2d,rs7667864,known:Metazoa_SRP:cad,rs11204675,0.007,0,0
known:DCAF16:t2d,rs7667864,known:Metazoa_SRP:cad,rs10888385,0.007,0,0
known:DCAF16:t2d,rs7667864,known:STRADA:t2d,rs11079508,0.007,0,0
known:DCAF16:t2d,rs7667864,known:RP11-552F3.10:cad,rs3760128,0.0006,0,0
known:DCAF16:t2d,rs7667864,known:AC002116.7:t2d,rs10418015,0.0045,0,0
known:DCAF16:t2d,rs7667864,known:DKFZP434I0714:t2d,rs9991574,0.0002,0,0
known:DCAF16:t2d,rs7667864,known:hsa-mir-296:fbg,rs6026565,0.0011,0,0
known:DCAF16:t2d,rs7667864,new:PLAUR:cad,rs4760,0.0038,0,0
known:DCAF16:t2d,rs7667864,new:SLC12A3:cad,rs56228609,0.0115,0,0
known:DCAF16:t2d,rs7667864,new:C2orf49:t2d,rs4851758,0.0084,0,0
known:DCAF16:t2d,rs7667864,new:CWF19L1:t2d,rs17668357,0.0038,0,0
known:DCAF16:t2d,rs7667864,new:U6atac:t2d,rs12780155,0.0006,0,0
known:DCAF16:t2d,rs7667864,new:CD101:t2d,rs12130298,0.0019,0,0
known:DCAF16:t2d,rs7667864,new:TAGLN2:cad,rs2789422,0.0016,0,0
known:DCAF16:t2d,rs7667864,new:CCDC19:cad,rs2789422,0.0016,0,0
known:DCAF16:t2d,rs7667864,new:RBM6:t2d,rs2245365,0.0047,0,0
known:DCAF16:t2d,rs7667864,new:CNNM2:cad,rs11191447,0.0343,0,0
known:DCAF16:t2d,rs7667864,new:VSIG8:cad,rs2789422,0.0016,0,0
known:DCAF16:t2d,rs7667864,new:LAMC1:cad,rs11588675,0.0057,0,0
known:DCAF16:t2d,rs7667864,new:TPD52:fbg,rs2162229,0.0044,0,0
known:DCAF16:t2d,rs7667864,new:SENP6:cad,rs62414240,0.0172,0,0
known:DCAF16:t2d,rs7667864,new:RIC8A:cad,rs6598075,0.002,0,0
known:DCAF16:t2d,rs7667864,new:HMGN3:cad,rs17787027,0.0,0,0
known:DCAF16:t2d,rs7667864,new:MT3:fbg,rs1580833,0.0013,0,0
known:DCAF16:t2d,rs7667864,new:RPL13:t2d,rs113847672,0.0175,0,0
known:DCAF16:t2d,rs7667864,new:ZBTB46:cad,rs6062322,0.0013,0,0
known:EIF5A2:t2d,rs8192675,known:RFT1:t2d,rs2336725,0.0123,0,0
known:EIF5A2:t2d,rs8192675,known:DAGLB:cad,rs13235365,0.002,0,0
known:EIF5A2:t2d,rs8192675,known:NUDT5:t2d,rs11257655,0.0017,0,0
known:EIF5A2:t2d,rs8192675,known:ARL13B:t2d,rs62266124,0.0107,0,0
known:EIF5A2:t2d,rs8192675,known:SIK2:cad,rs567859,0.0025,0,0
known:EIF5A2:t2d,rs8192675,known:NRIP1:cad,rs2823165,0.0207,0,0
known:EIF5A2:t2d,rs8192675,known:TMEM136:cad,rs4938809,0.0199,0,0
known:EIF5A2:t2d,rs8192675,known:CAMK1D:t2d,rs11257655,0.0017,0,0
known:EIF5A2:t2d,rs8192675,known:ZBTB6:t2d,rs2239540,0.014,0,0
known:EIF5A2:t2d,rs8192675,known:KCNJ11:t2d,rs757110,0.0086,0,0
known:EIF5A2:t2d,rs8192675,known:LDLRAD2:cad,rs114661372,0.0138,0,0
known:EIF5A2:t2d,rs8192675,known:BLOC1S2:t2d,rs17882802,0.0036,0,0
known:EIF5A2:t2d,rs8192675,known:ZNF34:t2d,rs4637890,0.0002,0,0
known:EIF5A2:t2d,rs8192675,known:C6orf106:cad,rs3800461,nan,0,0
known:EIF5A2:t2d,rs8192675,known:PARVA:t2d,rs4757405,0.0006,0,0
known:EIF5A2:t2d,rs8192675,known:HOXC4:cad,rs1133773,0.0116,0,0
known:EIF5A2:t2d,rs8192675,known:YTHDF2:t2d,rs3753693,0.0035,0,0
known:EIF5A2:t2d,rs8192675,known:RP11-98D18.9:cad,rs1521185,0.0022,0,0
known:EIF5A2:t2d,rs8192675,known:SPDYE2:t2d,rs7781557,0.0009,0,0
known:EIF5A2:t2d,rs8192675,known:U6:cad,rs61776719,0.0001,0,0
known:EIF5A2:t2d,rs8192675,known:RP11-332O19.3:cad,rs11191472,nan,0,0
known:EIF5A2:t2d,rs8192675,known:ARHGAP19:t2d,rs8181326,0.0013,0,0
known:EIF5A2:t2d,rs8192675,known:BBIP1:t2d,rs10787287,0.007,0,0
known:EIF5A2:t2d,rs8192675,known:FASTKD5:cad,rs860735,0.015,0,0
known:EIF5A2:t2d,rs8192675,known:RP5-1068B5.3:t2d,rs927204,0.0034,0,0
known:EIF5A2:t2d,rs8192675,known:MAST4-AS1:t2d,rs173651,0.0022,0,0
known:EIF5A2:t2d,rs8192675,known:LRRC37A15P:t2d,rs223490,0.0004,0,0
known:EIF5A2:t2d,rs8192675,known:PHBP9:t2d,rs11591741,0.0036,0,0
known:EIF5A2:t2d,rs8192675,known:RP11-176F3.7:t2d,rs1758632,0.001,0,0
known:EIF5A2:t2d,rs8192675,known:RP4-756G23.5:t2d,rs85220,0.0011,0,0
known:EIF5A2:t2d,rs8192675,known:RP1-159A19.4:cad,rs17361686,nan,0,0
known:EIF5A2:t2d,rs8192675,known:SERBP1P3:t2d,rs4687701,0.0123,0,0
known:EIF5A2:t2d,rs8192675,known:RP11-464F9.1:t2d,rs7908825,0.0002,0,0
known:EIF5A2:t2d,rs8192675,known:CTD-2037K23.2:cad,rs16875368,0.0256,0,0
known:EIF5A2:t2d,rs8192675,known:AP000487.5:cad,rs34053053,0.0013,0,0
known:EIF5A2:t2d,rs8192675,known:CTD-2044J15.1:cad,rs4389656,0.0027,0,0
known:EIF5A2:t2d,rs8192675,known:KRT8P46:t2d,rs223490,0.0004,0,0
known:EIF5A2:t2d,rs8192675,known:RP11-10L12.2:t2d,rs223490,0.0004,0,0
known:EIF5A2:t2d,rs8192675,known:RP11-464F9.9:t2d,rs11000760,0.0001,0,0
known:EIF5A2:t2d,rs8192675,known:RP11-347C18.3:t2d,rs726816,0.0117,0,0
known:EIF5A2:t2d,rs8192675,known:ALG1L13P:t2d,rs7837587,0.0088,0,0
known:EIF5A2:t2d,rs8192675,known:HMBS:cad,rs4614,0.0017,0,0
known:EIF5A2:t2d,rs8192675,known:RP11-856B14.1:t2d,rs1194104,0.0049,0,0
known:EIF5A2:t2d,rs8192675,known:RP11-384M15.3:cad,rs1050362,0.0093,0,0
known:EIF5A2:t2d,rs8192675,known:RP11-51F16.5:t2d,rs7223412,0.0014,0,0
known:EIF5A2:t2d,rs8192675,known:MIR4513:cad,rs12442901,0.0006,0,0
known:EIF5A2:t2d,rs8192675,known:Metazoa_SRP:cad,rs11204675,0.0013,0,0
known:EIF5A2:t2d,rs8192675,known:Metazoa_SRP:cad,rs10888385,0.0013,0,0
known:EIF5A2:t2d,rs8192675,known:STRADA:t2d,rs11079508,0.0014,0,0
known:EIF5A2:t2d,rs8192675,known:RP11-552F3.10:cad,rs3760128,0.0028,0,0
known:EIF5A2:t2d,rs8192675,known:AC002116.7:t2d,rs10418015,0.0132,0,0
known:EIF5A2:t2d,rs8192675,known:DKFZP434I0714:t2d,rs9991574,0.0006,0,0
known:EIF5A2:t2d,rs8192675,known:hsa-mir-296:fbg,rs6026565,0.0385,0,0
known:EIF5A2:t2d,rs8192675,new:PLAUR:cad,rs4760,0.0135,0,0
known:EIF5A2:t2d,rs8192675,new:SLC12A3:cad,rs56228609,0.0008,0,0
known:EIF5A2:t2d,rs8192675,new:C2orf49:t2d,rs4851758,0.0176,0,0
known:EIF5A2:t2d,rs8192675,new:CWF19L1:t2d,rs17668357,0.0036,0,0
known:EIF5A2:t2d,rs8192675,new:U6atac:t2d,rs12780155,0.0037,0,0
known:EIF5A2:t2d,rs8192675,new:CD101:t2d,rs12130298,nan,0,0
known:EIF5A2:t2d,rs8192675,new:TAGLN2:cad,rs2789422,0.0081,0,0
known:EIF5A2:t2d,rs8192675,new:CCDC19:cad,rs2789422,0.0081,0,0
known:EIF5A2:t2d,rs8192675,new:RBM6:t2d,rs2245365,0.0,0,0
known:EIF5A2:t2d,rs8192675,new:CNNM2:cad,rs11191447,nan,0,0
known:EIF5A2:t2d,rs8192675,new:VSIG8:cad,rs2789422,0.0081,0,0
known:EIF5A2:t2d,rs8192675,new:LAMC1:cad,rs11588675,0.02,0,0
known:EIF5A2:t2d,rs8192675,new:TPD52:fbg,rs2162229,0.0067,0,0
known:EIF5A2:t2d,rs8192675,new:SENP6:cad,rs62414240,0.0098,0,0
known:EIF5A2:t2d,rs8192675,new:RIC8A:cad,rs6598075,0.0,0,0
known:EIF5A2:t2d,rs8192675,new:HMGN3:cad,rs17787027,nan,0,0
known:EIF5A2:t2d,rs8192675,new:MT3:fbg,rs1580833,0.0012,0,0
known:EIF5A2:t2d,rs8192675,new:RPL13:t2d,rs113847672,0.0001,0,0
known:EIF5A2:t2d,rs8192675,new:ZBTB46:cad,rs6062322,0.0073,0,0
known:RFT1:t2d,rs2336725,known:DAGLB:cad,rs13235365,0.0246,0,0
known:RFT1:t2d,rs2336725,known:NUDT5:t2d,rs11257655,0.0085,0,0
known:RFT1:t2d,rs2336725,known:ARL13B:t2d,rs62266124,0.002,0,0
known:RFT1:t2d,rs2336725,known:SIK2:cad,rs567859,0.0007,0,0
known:RFT1:t2d,rs2336725,known:NRIP1:cad,rs2823165,0.0001,0,0
known:RFT1:t2d,rs2336725,known:TMEM136:cad,rs4938809,0.0001,0,0
known:RFT1:t2d,rs2336725,known:CAMK1D:t2d,rs11257655,0.0085,0,0
known:RFT1:t2d,rs2336725,known:ZBTB6:t2d,rs2239540,0.0004,0,0
known:RFT1:t2d,rs2336725,known:KCNJ11:t2d,rs757110,0.0003,0,0
known:RFT1:t2d,rs2336725,known:LDLRAD2:cad,rs114661372,0.0274,0,0
known:RFT1:t2d,rs2336725,known:BLOC1S2:t2d,rs17882802,0.0165,0,0
known:RFT1:t2d,rs2336725,known:ZNF34:t2d,rs4637890,0.0001,0,0
known:RFT1:t2d,rs2336725,known:C6orf106:cad,rs3800461,0.0513,0,0
known:RFT1:t2d,rs2336725,known:PARVA:t2d,rs4757405,0.0148,0,0
known:RFT1:t2d,rs2336725,known:HOXC4:cad,rs1133773,0.0019,0,0
known:RFT1:t2d,rs2336725,known:YTHDF2:t2d,rs3753693,0.0004,0,0
known:RFT1:t2d,rs2336725,known:RP11-98D18.9:cad,rs1521185,0.0003,0,0
known:RFT1:t2d,rs2336725,known:SPDYE2:t2d,rs7781557,0.0,0,0
known:RFT1:t2d,rs2336725,known:U6:cad,rs61776719,0.0098,0,0
known:RFT1:t2d,rs2336725,known:RP11-332O19.3:cad,rs11191472,0.0237,0,0
known:RFT1:t2d,rs2336725,known:ARHGAP19:t2d,rs8181326,0.0068,0,0
known:RFT1:t2d,rs2336725,known:BBIP1:t2d,rs10787287,0.0008,0,0
known:RFT1:t2d,rs2336725,known:FASTKD5:cad,rs860735,0.0011,0,0
known:RFT1:t2d,rs2336725,known:RP5-1068B5.3:t2d,rs927204,0.0256,0,0
known:RFT1:t2d,rs2336725,known:MAST4-AS1:t2d,rs173651,0.0005,0,0
known:RFT1:t2d,rs2336725,known:LRRC37A15P:t2d,rs223490,0.0039,0,0
known:RFT1:t2d,rs2336725,known:PHBP9:t2d,rs11591741,0.018,0,0
known:RFT1:t2d,rs2336725,known:RP11-176F3.7:t2d,rs1758632,0.0014,0,0
known:RFT1:t2d,rs2336725,known:RP4-756G23.5:t2d,rs85220,0.0105,0,0
known:RFT1:t2d,rs2336725,known:RP1-159A19.4:cad,rs17361686,0.0003,0,0
known:RFT1:t2d,rs2336725,known:SERBP1P3:t2d,rs4687701,1.0,1,1
known:RFT1:t2d,rs2336725,known:RP11-464F9.1:t2d,rs7908825,0.0005,0,0
known:RFT1:t2d,rs2336725,known:CTD-2037K23.2:cad,rs16875368,0.0012,0,0
known:RFT1:t2d,rs2336725,known:AP000487.5:cad,rs34053053,0.0359,0,0
known:RFT1:t2d,rs2336725,known:CTD-2044J15.1:cad,rs4389656,0.0105,0,0
known:RFT1:t2d,rs2336725,known:KRT8P46:t2d,rs223490,0.0039,0,0
known:RFT1:t2d,rs2336725,known:RP11-10L12.2:t2d,rs223490,0.0039,0,0
known:RFT1:t2d,rs2336725,known:RP11-464F9.9:t2d,rs11000760,0.0002,0,0
known:RFT1:t2d,rs2336725,known:RP11-347C18.3:t2d,rs726816,0.0012,0,0
known:RFT1:t2d,rs2336725,known:ALG1L13P:t2d,rs7837587,0.0002,0,0
known:RFT1:t2d,rs2336725,known:HMBS:cad,rs4614,0.0015,0,0
known:RFT1:t2d,rs2336725,known:RP11-856B14.1:t2d,rs1194104,0.0002,0,0
known:RFT1:t2d,rs2336725,known:RP11-384M15.3:cad,rs1050362,0.0028,0,0
known:RFT1:t2d,rs2336725,known:RP11-51F16.5:t2d,rs7223412,0.0016,0,0
known:RFT1:t2d,rs2336725,known:MIR4513:cad,rs12442901,0.0026,0,0
known:RFT1:t2d,rs2336725,known:Metazoa_SRP:cad,rs11204675,0.0,0,0
known:RFT1:t2d,rs2336725,known:Metazoa_SRP:cad,rs10888385,0.0,0,0
known:RFT1:t2d,rs2336725,known:STRADA:t2d,rs11079508,0.0016,0,0
known:RFT1:t2d,rs2336725,known:RP11-552F3.10:cad,rs3760128,0.0,0,0
known:RFT1:t2d,rs2336725,known:AC002116.7:t2d,rs10418015,0.0,0,0
known:RFT1:t2d,rs2336725,known:DKFZP434I0714:t2d,rs9991574,0.001,0,0
known:RFT1:t2d,rs2336725,known:hsa-mir-296:fbg,rs6026565,0.0013,0,0
known:RFT1:t2d,rs2336725,new:PLAUR:cad,rs4760,0.0,0,0
known:RFT1:t2d,rs2336725,new:SLC12A3:cad,rs56228609,0.001,0,0
known:RFT1:t2d,rs2336725,new:C2orf49:t2d,rs4851758,0.0098,0,0
known:RFT1:t2d,rs2336725,new:CWF19L1:t2d,rs17668357,0.0165,0,0
known:RFT1:t2d,rs2336725,new:U6atac:t2d,rs12780155,0.0095,0,0
known:RFT1:t2d,rs2336725,new:CD101:t2d,rs12130298,0.0043,0,0
known:RFT1:t2d,rs2336725,new:TAGLN2:cad,rs2789422,0.0049,0,0
known:RFT1:t2d,rs2336725,new:CCDC19:cad,rs2789422,0.0049,0,0
known:RFT1:t2d,rs2336725,new:RBM6:t2d,rs2245365,0.0026,0,0
known:RFT1:t2d,rs2336725,new:CNNM2:cad,rs11191447,0.0237,0,0
known:RFT1:t2d,rs2336725,new:VSIG8:cad,rs2789422,0.0049,0,0
known:RFT1:t2d,rs2336725,new:LAMC1:cad,rs11588675,0.0029,0,0
known:RFT1:t2d,rs2336725,new:TPD52:fbg,rs2162229,0.0045,0,0
known:RFT1:t2d,rs2336725,new:SENP6:cad,rs62414240,0.0011,0,0
known:RFT1:t2d,rs2336725,new:RIC8A:cad,rs6598075,0.0013,0,0
known:RFT1:t2d,rs2336725,new:HMGN3:cad,rs17787027,nan,0,0
known:RFT1:t2d,rs2336725,new:MT3:fbg,rs1580833,0.0103,0,0
known:RFT1:t2d,rs2336725,new:RPL13:t2d,rs113847672,0.0003,0,0
known:RFT1:t2d,rs2336725,new:ZBTB46:cad,rs6062322,0.0121,0,0
known:DAGLB:cad,rs13235365,known:NUDT5:t2d,rs11257655,0.0045,0,0
known:DAGLB:cad,rs13235365,known:ARL13B:t2d,rs62266124,0.0009,0,0
known:DAGLB:cad,rs13235365,known:SIK2:cad,rs567859,0.0002,0,0
known:DAGLB:cad,rs13235365,known:NRIP1:cad,rs2823165,0.0393,0,0
known:DAGLB:cad,rs13235365,known:TMEM136:cad,rs4938809,0.0725,0,0
known:DAGLB:cad,rs13235365,known:CAMK1D:t2d,rs11257655,0.0045,0,0
known:DAGLB:cad,rs13235365,known:ZBTB6:t2d,rs2239540,nan,0,0
known:DAGLB:cad,rs13235365,known:KCNJ11:t2d,rs757110,0.0061,0,0
known:DAGLB:cad,rs13235365,known:LDLRAD2:cad,rs114661372,nan,0,0
known:DAGLB:cad,rs13235365,known:BLOC1S2:t2d,rs17882802,0.0018,0,0
known:DAGLB:cad,rs13235365,known:ZNF34:t2d,rs4637890,0.0026,0,0
known:DAGLB:cad,rs13235365,known:C6orf106:cad,rs3800461,nan,0,0
known:DAGLB:cad,rs13235365,known:PARVA:t2d,rs4757405,0.0028,0,0
known:DAGLB:cad,rs13235365,known:HOXC4:cad,rs1133773,0.0003,0,0
known:DAGLB:cad,rs13235365,known:YTHDF2:t2d,rs3753693,0.0043,0,0
known:DAGLB:cad,rs13235365,known:RP11-98D18.9:cad,rs1521185,0.0017,0,0
known:DAGLB:cad,rs13235365,known:SPDYE2:t2d,rs7781557,0.0056,0,0
known:DAGLB:cad,rs13235365,known:U6:cad,rs61776719,0.0092,0,0
known:DAGLB:cad,rs13235365,known:RP11-332O19.3:cad,rs11191472,nan,0,0
known:DAGLB:cad,rs13235365,known:ARHGAP19:t2d,rs8181326,0.0014,0,0
known:DAGLB:cad,rs13235365,known:BBIP1:t2d,rs10787287,0.0109,0,0
known:DAGLB:cad,rs13235365,known:FASTKD5:cad,rs860735,0.0,0,0
known:DAGLB:cad,rs13235365,known:RP5-1068B5.3:t2d,rs927204,nan,0,0
known:DAGLB:cad,rs13235365,known:MAST4-AS1:t2d,rs173651,0.0059,0,0
known:DAGLB:cad,rs13235365,known:LRRC37A15P:t2d,rs223490,0.0002,0,0
known:DAGLB:cad,rs13235365,known:PHBP9:t2d,rs11591741,0.0012,0,0
known:DAGLB:cad,rs13235365,known:RP11-176F3.7:t2d,rs1758632,0.0014,0,0
known:DAGLB:cad,rs13235365,known:RP4-756G23.5:t2d,rs85220,0.009,0,0
known:DAGLB:cad,rs13235365,known:RP1-159A19.4:cad,rs17361686,nan,0,0
known:DAGLB:cad,rs13235365,known:SERBP1P3:t2d,rs4687701,0.0246,0,0
known:DAGLB:cad,rs13235365,known:RP11-464F9.1:t2d,rs7908825,0.0272,0,0
known:DAGLB:cad,rs13235365,known:CTD-2037K23.2:cad,rs16875368,0.0069,0,0
known:DAGLB:cad,rs13235365,known:AP000487.5:cad,rs34053053,nan,0,0
known:DAGLB:cad,rs13235365,known:CTD-2044J15.1:cad,rs4389656,0.0183,0,0
known:DAGLB:cad,rs13235365,known:KRT8P46:t2d,rs223490,0.0002,0,0
known:DAGLB:cad,rs13235365,known:RP11-10L12.2:t2d,rs223490,0.0002,0,0
known:DAGLB:cad,rs13235365,known:RP11-464F9.9:t2d,rs11000760,0.0196,0,0
known:DAGLB:cad,rs13235365,known:RP11-347C18.3:t2d,rs726816,0.0199,0,0
known:DAGLB:cad,rs13235365,known:ALG1L13P:t2d,rs7837587,0.0156,0,0
known:DAGLB:cad,rs13235365,known:HMBS:cad,rs4614,0.0108,0,0
known:DAGLB:cad,rs13235365,known:RP11-856B14.1:t2d,rs1194104,0.0008,0,0
known:DAGLB:cad,rs13235365,known:RP11-384M15.3:cad,rs1050362,0.0112,0,0
known:DAGLB:cad,rs13235365,known:RP11-51F16.5:t2d,rs7223412,0.0002,0,0
known:DAGLB:cad,rs13235365,known:MIR4513:cad,rs12442901,0.0042,0,0
known:DAGLB:cad,rs13235365,known:Metazoa_SRP:cad,rs11204675,0.0003,0,0
known:DAGLB:cad,rs13235365,known:Metazoa_SRP:cad,rs10888385,0.0003,0,0
known:DAGLB:cad,rs13235365,known:STRADA:t2d,rs11079508,0.0002,0,0
known:DAGLB:cad,rs13235365,known:RP11-552F3.10:cad,rs3760128,0.0041,0,0
known:DAGLB:cad,rs13235365,known:AC002116.7:t2d,rs10418015,0.0,0,0
known:DAGLB:cad,rs13235365,known:DKFZP434I0714:t2d,rs9991574,0.0032,0,0
known:DAGLB:cad,rs13235365,known:hsa-mir-296:fbg,rs6026565,nan,0,0
known:DAGLB:cad,rs13235365,new:PLAUR:cad,rs4760,0.033,0,0
known:DAGLB:cad,rs13235365,new:SLC12A3:cad,rs56228609,0.0002,0,0
known:DAGLB:cad,rs13235365,new:C2orf49:t2d,rs4851758,nan,0,0
known:DAGLB:cad,rs13235365,new:CWF19L1:t2d,rs17668357,0.0018,0,0
known:DAGLB:cad,rs13235365,new:U6atac:t2d,rs12780155,0.0,0,0
known:DAGLB:cad,rs13235365,new:CD101:t2d,rs12130298,nan,0,0
known:DAGLB:cad,rs13235365,new:TAGLN2:cad,rs2789422,0.002,0,0
known:DAGLB:cad,rs13235365,new:CCDC19:cad,rs2789422,0.002,0,0
known:DAGLB:cad,rs13235365,new:RBM6:t2d,rs2245365,0.0003,0,0
known:DAGLB:cad,rs13235365,new:CNNM2:cad,rs11191447,nan,0,0
known:DAGLB:cad,rs13235365,new:VSIG8:cad,rs2789422,0.002,0,0
known:DAGLB:cad,rs13235365,new:LAMC1:cad,rs11588675,0.0168,0,0
known:DAGLB:cad,rs13235365,new:TPD52:fbg,rs2162229,0.0031,0,0
known:DAGLB:cad,rs13235365,new:SENP6:cad,rs62414240,0.0001,0,0
known:DAGLB:cad,rs13235365,new:RIC8A:cad,rs6598075,0.0113,0,0
known:DAGLB:cad,rs13235365,new:HMGN3:cad,rs17787027,nan,0,0
known:DAGLB:cad,rs13235365,new:MT3:fbg,rs1580833,0.0014,0,0
known:DAGLB:cad,rs13235365,new:RPL13:t2d,rs113847672,0.0242,0,0
known:DAGLB:cad,rs13235365,new:ZBTB46:cad,rs6062322,0.0353,0,0
known:NUDT5:t2d,rs11257655,known:ARL13B:t2d,rs62266124,0.0007,0,0
known:NUDT5:t2d,rs11257655,known:SIK2:cad,rs567859,0.0114,0,0
known:NUDT5:t2d,rs11257655,known:NRIP1:cad,rs2823165,0.0,0,0
known:NUDT5:t2d,rs11257655,known:TMEM136:cad,rs4938809,0.0018,0,0
known:NUDT5:t2d,rs11257655,known:CAMK1D:t2d,rs11257655,1.0,1,1
known:NUDT5:t2d,rs11257655,known:ZBTB6:t2d,rs2239540,nan,0,0
known:NUDT5:t2d,rs11257655,known:KCNJ11:t2d,rs757110,0.0001,0,0
known:NUDT5:t2d,rs11257655,known:LDLRAD2:cad,rs114661372,nan,0,0
known:NUDT5:t2d,rs11257655,known:BLOC1S2:t2d,rs17882802,0.0016,0,0
known:NUDT5:t2d,rs11257655,known:ZNF34:t2d,rs4637890,0.0199,0,0
known:NUDT5:t2d,rs11257655,known:C6orf106:cad,rs3800461,nan,0,0
known:NUDT5:t2d,rs11257655,known:PARVA:t2d,rs4757405,0.0125,0,0
known:NUDT5:t2d,rs11257655,known:HOXC4:cad,rs1133773,0.0058,0,0
known:NUDT5:t2d,rs11257655,known:YTHDF2:t2d,rs3753693,0.0022,0,0
known:NUDT5:t2d,rs11257655,known:RP11-98D18.9:cad,rs1521185,0.0022,0,0
known:NUDT5:t2d,rs11257655,known:SPDYE2:t2d,rs7781557,0.0057,0,0
known:NUDT5:t2d,rs11257655,known:U6:cad,rs61776719,0.0012,0,0
known:NUDT5:t2d,rs11257655,known:RP11-332O19.3:cad,rs11191472,nan,0,0
known:NUDT5:t2d,rs11257655,known:ARHGAP19:t2d,rs8181326,0.0102,0,0
known:NUDT5:t2d,rs11257655,known:BBIP1:t2d,rs10787287,0.005,0,0
known:NUDT5:t2d,rs11257655,known:FASTKD5:cad,rs860735,0.0061,0,0
known:NUDT5:t2d,rs11257655,known:RP5-1068B5.3:t2d,rs927204,nan,0,0
known:NUDT5:t2d,rs11257655,known:MAST4-AS1:t2d,rs173651,0.0004,0,0
known:NUDT5:t2d,rs11257655,known:LRRC37A15P:t2d,rs223490,0.0019,0,0
known:NUDT5:t2d,rs11257655,known:PHBP9:t2d,rs11591741,0.0016,0,0
known:NUDT5:t2d,rs11257655,known:RP11-176F3.7:t2d,rs1758632,0.0061,0,0
known:NUDT5:t2d,rs11257655,known:RP4-756G23.5:t2d,rs85220,0.0116,0,0
known:NUDT5:t2d,rs11257655,known:RP1-159A19.4:cad,rs17361686,nan,0,0
known:NUDT5:t2d,rs11257655,known:SERBP1P3:t2d,rs4687701,0.0085,0,0
known:NUDT5:t2d,rs11257655,known:RP11-464F9.1:t2d,rs7908825,0.0003,0,0
known:NUDT5:t2d,rs11257655,known:CTD-2037K23.2:cad,rs16875368,0.0015,0,0
known:NUDT5:t2d,rs11257655,known:AP000487.5:cad,rs34053053,0.0208,0,0
known:NUDT5:t2d,rs11257655,known:CTD-2044J15.1:cad,rs4389656,0.0008,0,0
known:NUDT5:t2d,rs11257655,known:KRT8P46:t2d,rs223490,0.0019,0,0
known:NUDT5:t2d,rs11257655,known:RP11-10L12.2:t2d,rs223490,0.0019,0,0
known:NUDT5:t2d,rs11257655,known:RP11-464F9.9:t2d,rs11000760,0.0004,0,0
known:NUDT5:t2d,rs11257655,known:RP11-347C18.3:t2d,rs726816,0.0189,0,0
known:NUDT5:t2d,rs11257655,known:ALG1L13P:t2d,rs7837587,0.0004,0,0
known:NUDT5:t2d,rs11257655,known:HMBS:cad,rs4614,0.0051,0,0
known:NUDT5:t2d,rs11257655,known:RP11-856B14.1:t2d,rs1194104,0.0001,0,0
known:NUDT5:t2d,rs11257655,known:RP11-384M15.3:cad,rs1050362,0.0151,0,0
known:NUDT5:t2d,rs11257655,known:RP11-51F16.5:t2d,rs7223412,0.0009,0,0
known:NUDT5:t2d,rs11257655,known:MIR4513:cad,rs12442901,0.0003,0,0
known:NUDT5:t2d,rs11257655,known:Metazoa_SRP:cad,rs11204675,0.0,0,0
known:NUDT5:t2d,rs11257655,known:Metazoa_SRP:cad,rs10888385,0.0,0,0
known:NUDT5:t2d,rs11257655,known:STRADA:t2d,rs11079508,0.0009,0,0
known:NUDT5:t2d,rs11257655,known:RP11-552F3.10:cad,rs3760128,0.0055,0,0
known:NUDT5:t2d,rs11257655,known:AC002116.7:t2d,rs10418015,0.0025,0,0
known:NUDT5:t2d,rs11257655,known:DKFZP434I0714:t2d,rs9991574,0.0481,0,0
known:NUDT5:t2d,rs11257655,known:hsa-mir-296:fbg,rs6026565,nan,0,0
known:NUDT5:t2d,rs11257655,new:PLAUR:cad,rs4760,0.0,0,0
known:NUDT5:t2d,rs11257655,new:SLC12A3:cad,rs56228609,0.0108,0,0
known:NUDT5:t2d,rs11257655,new:C2orf49:t2d,rs4851758,nan,0,0
known:NUDT5:t2d,rs11257655,new:CWF19L1:t2d,rs17668357,0.0016,0,0
known:NUDT5:t2d,rs11257655,new:U6atac:t2d,rs12780155,0.6455,0,1
known:NUDT5:t2d,rs11257655,new:CD101:t2d,rs12130298,nan,0,0
known:NUDT5:t2d,rs11257655,new:TAGLN2:cad,rs2789422,0.0315,0,0
known:NUDT5:t2d,rs11257655,new:CCDC19:cad,rs2789422,0.0315,0,0
known:NUDT5:t2d,rs11257655,new:RBM6:t2d,rs2245365,0.0029,0,0
known:NUDT5:t2d,rs11257655,new:CNNM2:cad,rs11191447,nan,0,0
known:NUDT5:t2d,rs11257655,new:VSIG8:cad,rs2789422,0.0315,0,0
known:NUDT5:t2d,rs11257655,new:LAMC1:cad,rs11588675,0.0088,0,0
known:NUDT5:t2d,rs11257655,new:TPD52:fbg,rs2162229,0.0003,0,0
known:NUDT5:t2d,rs11257655,new:SENP6:cad,rs62414240,0.0001,0,0
known:NUDT5:t2d,rs11257655,new:RIC8A:cad,rs6598075,0.0071,0,0
known:NUDT5:t2d,rs11257655,new:HMGN3:cad,rs17787027,nan,0,0
known:NUDT5:t2d,rs11257655,new:MT3:fbg,rs1580833,0.0045,0,0
known:NUDT5:t2d,rs11257655,new:RPL13:t2d,rs113847672,0.0106,0,0
known:NUDT5:t2d,rs11257655,new:ZBTB46:cad,rs6062322,0.0045,0,0
known:ARL13B:t2d,rs62266124,known:SIK2:cad,rs567859,0.0001,0,0
known:ARL13B:t2d,rs62266124,known:NRIP1:cad,rs2823165,0.0039,0,0
known:ARL13B:t2d,rs62266124,known:TMEM136:cad,rs4938809,0.0117,0,0
known:ARL13B:t2d,rs62266124,known:CAMK1D:t2d,rs11257655,0.0007,0,0
known:ARL13B:t2d,rs62266124,known:ZBTB6:t2d,rs2239540,0.023,0,0
known:ARL13B:t2d,rs62266124,known:KCNJ11:t2d,rs757110,0.0011,0,0
known:ARL13B:t2d,rs62266124,known:LDLRAD2:cad,rs114661372,0.0118,0,0
known:ARL13B:t2d,rs62266124,known:BLOC1S2:t2d,rs17882802,0.02,0,0
known:ARL13B:t2d,rs62266124,known:ZNF34:t2d,rs4637890,0.0019,0,0
known:ARL13B:t2d,rs62266124,known:C6orf106:cad,rs3800461,0.0001,0,0
known:ARL13B:t2d,rs62266124,known:PARVA:t2d,rs4757405,0.0089,0,0
known:ARL13B:t2d,rs62266124,known:HOXC4:cad,rs1133773,0.0104,0,0
known:ARL13B:t2d,rs62266124,known:YTHDF2:t2d,rs3753693,0.0025,0,0
known:ARL13B:t2d,rs62266124,known:RP11-98D18.9:cad,rs1521185,0.0005,0,0
known:ARL13B:t2d,rs62266124,known:SPDYE2:t2d,rs7781557,0.0037,0,0
known:ARL13B:t2d,rs62266124,known:U6:cad,rs61776719,0.0036,0,0
known:ARL13B:t2d,rs62266124,known:RP11-332O19.3:cad,rs11191472,0.0006,0,0
known:ARL13B:t2d,rs62266124,known:ARHGAP19:t2d,rs8181326,0.0001,0,0
known:ARL13B:t2d,rs62266124,known:BBIP1:t2d,rs10787287,0.0,0,0
known:ARL13B:t2d,rs62266124,known:FASTKD5:cad,rs860735,0.0018,0,0
known:ARL13B:t2d,rs62266124,known:RP5-1068B5.3:t2d,rs927204,0.0014,0,0
known:ARL13B:t2d,rs62266124,known:MAST4-AS1:t2d,rs173651,0.0024,0,0
known:ARL13B:t2d,rs62266124,known:LRRC37A15P:t2d,rs223490,0.0063,0,0
known:ARL13B:t2d,rs62266124,known:PHBP9:t2d,rs11591741,0.02,0,0
known:ARL13B:t2d,rs62266124,known:RP11-176F3.7:t2d,rs1758632,0.0,0,0
known:ARL13B:t2d,rs62266124,known:RP4-756G23.5:t2d,rs85220,0.0009,0,0
known:ARL13B:t2d,rs62266124,known:RP1-159A19.4:cad,rs17361686,0.0005,0,0
known:ARL13B:t2d,rs62266124,known:SERBP1P3:t2d,rs4687701,0.002,0,0
known:ARL13B:t2d,rs62266124,known:RP11-464F9.1:t2d,rs7908825,0.0023,0,0
known:ARL13B:t2d,rs62266124,known:CTD-2037K23.2:cad,rs16875368,0.0046,0,0
known:ARL13B:t2d,rs62266124,known:AP000487.5:cad,rs34053053,0.0011,0,0
known:ARL13B:t2d,rs62266124,known:CTD-2044J15.1:cad,rs4389656,0.0008,0,0
known:ARL13B:t2d,rs62266124,known:KRT8P46:t2d,rs223490,0.0063,0,0
known:ARL13B:t2d,rs62266124,known:RP11-10L12.2:t2d,rs223490,0.0063,0,0
known:ARL13B:t2d,rs62266124,known:RP11-464F9.9:t2d,rs11000760,0.0021,0,0
known:ARL13B:t2d,rs62266124,known:RP11-347C18.3:t2d,rs726816,0.0002,0,0
known:ARL13B:t2d,rs62266124,known:ALG1L13P:t2d,rs7837587,0.0072,0,0
known:ARL13B:t2d,rs62266124,known:HMBS:cad,rs4614,0.0003,0,0
known:ARL13B:t2d,rs62266124,known:RP11-856B14.1:t2d,rs1194104,0.0553,0,0
known:ARL13B:t2d,rs62266124,known:RP11-384M15.3:cad,rs1050362,0.0007,0,0
known:ARL13B:t2d,rs62266124,known:RP11-51F16.5:t2d,rs7223412,0.0026,0,0
known:ARL13B:t2d,rs62266124,known:MIR4513:cad,rs12442901,0.0032,0,0
known:ARL13B:t2d,rs62266124,known:Metazoa_SRP:cad,rs11204675,0.0013,0,0
known:ARL13B:t2d,rs62266124,known:Metazoa_SRP:cad,rs10888385,0.0013,0,0
known:ARL13B:t2d,rs62266124,known:STRADA:t2d,rs11079508,0.0026,0,0
known:ARL13B:t2d,rs62266124,known:RP11-552F3.10:cad,rs3760128,0.0001,0,0
known:ARL13B:t2d,rs62266124,known:AC002116.7:t2d,rs10418015,0.0029,0,0
known:ARL13B:t2d,rs62266124,known:DKFZP434I0714:t2d,rs9991574,0.0054,0,0
known:ARL13B:t2d,rs62266124,known:hsa-mir-296:fbg,rs6026565,0.0001,0,0
known:ARL13B:t2d,rs62266124,new:PLAUR:cad,rs4760,0.0019,0,0
known:ARL13B:t2d,rs62266124,new:SLC12A3:cad,rs56228609,0.0163,0,0
known:ARL13B:t2d,rs62266124,new:C2orf49:t2d,rs4851758,0.0131,0,0
known:ARL13B:t2d,rs62266124,new:CWF19L1:t2d,rs17668357,0.02,0,0
known:ARL13B:t2d,rs62266124,new:U6atac:t2d,rs12780155,0.0058,0,0
known:ARL13B:t2d,rs62266124,new:CD101:t2d,rs12130298,0.0258,0,0
known:ARL13B:t2d,rs62266124,new:TAGLN2:cad,rs2789422,0.0185,0,0
known:ARL13B:t2d,rs62266124,new:CCDC19:cad,rs2789422,0.0185,0,0
known:ARL13B:t2d,rs62266124,new:RBM6:t2d,rs2245365,0.0215,0,0
known:ARL13B:t2d,rs62266124,new:CNNM2:cad,rs11191447,0.0006,0,0
known:ARL13B:t2d,rs62266124,new:VSIG8:cad,rs2789422,0.0185,0,0
known:ARL13B:t2d,rs62266124,new:LAMC1:cad,rs11588675,0.0031,0,0
known:ARL13B:t2d,rs62266124,new:TPD52:fbg,rs2162229,0.0063,0,0
known:ARL13B:t2d,rs62266124,new:SENP6:cad,rs62414240,0.0137,0,0
known:ARL13B:t2d,rs62266124,new:RIC8A:cad,rs6598075,0.0104,0,0
known:ARL13B:t2d,rs62266124,new:HMGN3:cad,rs17787027,0.0001,0,0
known:ARL13B:t2d,rs62266124,new:MT3:fbg,rs1580833,0.0045,0,0
known:ARL13B:t2d,rs62266124,new:RPL13:t2d,rs113847672,0.0078,0,0
known:ARL13B:t2d,rs62266124,new:ZBTB46:cad,rs6062322,0.0013,0,0
known:SIK2:cad,rs567859,known:NRIP1:cad,rs2823165,0.0001,0,0
known:SIK2:cad,rs567859,known:TMEM136:cad,rs4938809,0.0001,0,0
known:SIK2:cad,rs567859,known:CAMK1D:t2d,rs11257655,0.0114,0,0
known:SIK2:cad,rs567859,known:ZBTB6:t2d,rs2239540,0.0201,0,0
known:SIK2:cad,rs567859,known:KCNJ11:t2d,rs757110,0.0016,0,0
known:SIK2:cad,rs567859,known:LDLRAD2:cad,rs114661372,0.0,0,0
known:SIK2:cad,rs567859,known:BLOC1S2:t2d,rs17882802,0.0001,0,0
known:SIK2:cad,rs567859,known:ZNF34:t2d,rs4637890,0.0009,0,0
known:SIK2:cad,rs567859,known:C6orf106:cad,rs3800461,0.0363,0,0
known:SIK2:cad,rs567859,known:PARVA:t2d,rs4757405,0.0003,0,0
known:SIK2:cad,rs567859,known:HOXC4:cad,rs1133773,0.0008,0,0
known:SIK2:cad,rs567859,known:YTHDF2:t2d,rs3753693,0.0052,0,0
known:SIK2:cad,rs567859,known:RP11-98D18.9:cad,rs1521185,0.001,0,0
known:SIK2:cad,rs567859,known:SPDYE2:t2d,rs7781557,0.0092,0,0
known:SIK2:cad,rs567859,known:U6:cad,rs61776719,0.0051,0,0
known:SIK2:cad,rs567859,known:RP11-332O19.3:cad,rs11191472,0.0015,0,0
known:SIK2:cad,rs567859,known:ARHGAP19:t2d,rs8181326,0.0006,0,0
known:SIK2:cad,rs567859,known:BBIP1:t2d,rs10787287,0.0007,0,0
known:SIK2:cad,rs567859,known:FASTKD5:cad,rs860735,0.0075,0,0
known:SIK2:cad,rs567859,known:RP5-1068B5.3:t2d,rs927204,0.0192,0,0
known:SIK2:cad,rs567859,known:MAST4-AS1:t2d,rs173651,0.0038,0,0
known:SIK2:cad,rs567859,known:LRRC37A15P:t2d,rs223490,0.0011,0,0
known:SIK2:cad,rs567859,known:PHBP9:t2d,rs11591741,0.0,0,0
known:SIK2:cad,rs567859,known:RP11-176F3.7:t2d,rs1758632,0.0,0,0
known:SIK2:cad,rs567859,known:RP4-756G23.5:t2d,rs85220,0.0004,0,0
known:SIK2:cad,rs567859,known:RP1-159A19.4:cad,rs17361686,0.0008,0,0
known:SIK2:cad,rs567859,known:SERBP1P3:t2d,rs4687701,0.0007,0,0
known:SIK2:cad,rs567859,known:RP11-464F9.1:t2d,rs7908825,0.0008,0,0
known:SIK2:cad,rs567859,known:CTD-2037K23.2:cad,rs16875368,0.0001,0,0
known:SIK2:cad,rs567859,known:AP000487.5:cad,rs34053053,0.0148,0,0
known:SIK2:cad,rs567859,known:CTD-2044J15.1:cad,rs4389656,0.0131,0,0
known:SIK2:cad,rs567859,known:KRT8P46:t2d,rs223490,0.0011,0,0
known:SIK2:cad,rs567859,known:RP11-10L12.2:t2d,rs223490,0.0011,0,0
known:SIK2:cad,rs567859,known:RP11-464F9.9:t2d,rs11000760,0.0007,0,0
known:SIK2:cad,rs567859,known:RP11-347C18.3:t2d,rs726816,0.0005,0,0
known:SIK2:cad,rs567859,known:ALG1L13P:t2d,rs7837587,0.0117,0,0
known:SIK2:cad,rs567859,known:HMBS:cad,rs4614,0.0151,0,0
known:SIK2:cad,rs567859,known:RP11-856B14.1:t2d,rs1194104,0.0012,0,0
known:SIK2:cad,rs567859,known:RP11-384M15.3:cad,rs1050362,0.0068,0,0
known:SIK2:cad,rs567859,known:RP11-51F16.5:t2d,rs7223412,0.0012,0,0
known:SIK2:cad,rs567859,known:MIR4513:cad,rs12442901,0.006,0,0
known:SIK2:cad,rs567859,known:Metazoa_SRP:cad,rs11204675,0.0,0,0
known:SIK2:cad,rs567859,known:Metazoa_SRP:cad,rs10888385,0.0,0,0
known:SIK2:cad,rs567859,known:STRADA:t2d,rs11079508,0.0012,0,0
known:SIK2:cad,rs567859,known:RP11-552F3.10:cad,rs3760128,0.0046,0,0
known:SIK2:cad,rs567859,known:AC002116.7:t2d,rs10418015,0.0122,0,0
known:SIK2:cad,rs567859,known:DKFZP434I0714:t2d,rs9991574,0.0154,0,0
known:SIK2:cad,rs567859,known:hsa-mir-296:fbg,rs6026565,0.032,0,0
known:SIK2:cad,rs567859,new:PLAUR:cad,rs4760,0.0118,0,0
known:SIK2:cad,rs567859,new:SLC12A3:cad,rs56228609,0.0182,0,0
known:SIK2:cad,rs567859,new:C2orf49:t2d,rs4851758,0.0001,0,0
known:SIK2:cad,rs567859,new:CWF19L1:t2d,rs17668357,0.0001,0,0
known:SIK2:cad,rs567859,new:U6atac:t2d,rs12780155,0.0131,0,0
known:SIK2:cad,rs567859,new:CD101:t2d,rs12130298,0.0052,0,0
known:SIK2:cad,rs567859,new:TAGLN2:cad,rs2789422,0.0008,0,0
known:SIK2:cad,rs567859,new:CCDC19:cad,rs2789422,0.0008,0,0
known:SIK2:cad,rs567859,new:RBM6:t2d,rs2245365,0.0,0,0
known:SIK2:cad,rs567859,new:CNNM2:cad,rs11191447,0.0015,0,0
known:SIK2:cad,rs567859,new:VSIG8:cad,rs2789422,0.0008,0,0
known:SIK2:cad,rs567859,new:LAMC1:cad,rs11588675,0.0019,0,0
known:SIK2:cad,rs567859,new:TPD52:fbg,rs2162229,0.0001,0,0
known:SIK2:cad,rs567859,new:SENP6:cad,rs62414240,0.0003,0,0
known:SIK2:cad,rs567859,new:RIC8A:cad,rs6598075,0.023,0,0
known:SIK2:cad,rs567859,new:HMGN3:cad,rs17787027,0.0016,0,0
known:SIK2:cad,rs567859,new:MT3:fbg,rs1580833,0.0013,0,0
known:SIK2:cad,rs567859,new:RPL13:t2d,rs113847672,0.0005,0,0
known:SIK2:cad,rs567859,new:ZBTB46:cad,rs6062322,0.0024,0,0
known:NRIP1:cad,rs2823165,known:TMEM136:cad,rs4938809,0.0071,0,0
known:NRIP1:cad,rs2823165,known:CAMK1D:t2d,rs11257655,0.0,0,0
known:NRIP1:cad,rs2823165,known:ZBTB6:t2d,rs2239540,0.0121,0,0
known:NRIP1:cad,rs2823165,known:KCNJ11:t2d,rs757110,0.0011,0,0
known:NRIP1:cad,rs2823165,known:LDLRAD2:cad,rs114661372,0.0006,0,0
known:NRIP1:cad,rs2823165,known:BLOC1S2:t2d,rs17882802,0.0005,0,0
known:NRIP1:cad,rs2823165,known:ZNF34:t2d,rs4637890,0.0007,0,0
known:NRIP1:cad,rs2823165,known:C6orf106:cad,rs3800461,0.0021,0,0
known:NRIP1:cad,rs2823165,known:PARVA:t2d,rs4757405,0.0014,0,0
known:NRIP1:cad,rs2823165,known:HOXC4:cad,rs1133773,0.0068,0,0
known:NRIP1:cad,rs2823165,known:YTHDF2:t2d,rs3753693,0.0001,0,0
known:NRIP1:cad,rs2823165,known:RP11-98D18.9:cad,rs1521185,0.0042,0,0
known:NRIP1:cad,rs2823165,known:SPDYE2:t2d,rs7781557,0.0,0,0
known:NRIP1:cad,rs2823165,known:U6:cad,rs61776719,0.0065,0,0
known:NRIP1:cad,rs2823165,known:RP11-332O19.3:cad,rs11191472,0.0,0,0
known:NRIP1:cad,rs2823165,known:ARHGAP19:t2d,rs8181326,0.0038,0,0
known:NRIP1:cad,rs2823165,known:BBIP1:t2d,rs10787287,0.0029,0,0
known:NRIP1:cad,rs2823165,known:FASTKD5:cad,rs860735,0.0034,0,0
known:NRIP1:cad,rs2823165,known:RP5-1068B5.3:t2d,rs927204,0.0357,0,0
known:NRIP1:cad,rs2823165,known:MAST4-AS1:t2d,rs173651,0.0071,0,0
known:NRIP1:cad,rs2823165,known:LRRC37A15P:t2d,rs223490,0.0001,0,0
known:NRIP1:cad,rs2823165,known:PHBP9:t2d,rs11591741,0.0001,0,0
known:NRIP1:cad,rs2823165,known:RP11-176F3.7:t2d,rs1758632,0.0019,0,0
known:NRIP1:cad,rs2823165,known:RP4-756G23.5:t2d,rs85220,0.0115,0,0
known:NRIP1:cad,rs2823165,known:RP1-159A19.4:cad,rs17361686,0.0,0,0
known:NRIP1:cad,rs2823165,known:SERBP1P3:t2d,rs4687701,0.0001,0,0
known:NRIP1:cad,rs2823165,known:RP11-464F9.1:t2d,rs7908825,0.0009,0,0
known:NRIP1:cad,rs2823165,known:CTD-2037K23.2:cad,rs16875368,0.0001,0,0
known:NRIP1:cad,rs2823165,known:AP000487.5:cad,rs34053053,0.0048,0,0
known:NRIP1:cad,rs2823165,known:CTD-2044J15.1:cad,rs4389656,0.001,0,0
known:NRIP1:cad,rs2823165,known:KRT8P46:t2d,rs223490,0.0001,0,0
known:NRIP1:cad,rs2823165,known:RP11-10L12.2:t2d,rs223490,0.0001,0,0
known:NRIP1:cad,rs2823165,known:RP11-464F9.9:t2d,rs11000760,0.0005,0,0
known:NRIP1:cad,rs2823165,known:RP11-347C18.3:t2d,rs726816,0.0105,0,0
known:NRIP1:cad,rs2823165,known:ALG1L13P:t2d,rs7837587,0.0018,0,0
known:NRIP1:cad,rs2823165,known:HMBS:cad,rs4614,0.0022,0,0
known:NRIP1:cad,rs2823165,known:RP11-856B14.1:t2d,rs1194104,0.0001,0,0
known:NRIP1:cad,rs2823165,known:RP11-384M15.3:cad,rs1050362,0.0003,0,0
known:NRIP1:cad,rs2823165,known:RP11-51F16.5:t2d,rs7223412,0.0086,0,0
known:NRIP1:cad,rs2823165,known:MIR4513:cad,rs12442901,0.0039,0,0
known:NRIP1:cad,rs2823165,known:Metazoa_SRP:cad,rs11204675,0.003,0,0
known:NRIP1:cad,rs2823165,known:Metazoa_SRP:cad,rs10888385,0.003,0,0
known:NRIP1:cad,rs2823165,known:STRADA:t2d,rs11079508,0.0086,0,0
known:NRIP1:cad,rs2823165,known:RP11-552F3.10:cad,rs3760128,0.0,0,0
known:NRIP1:cad,rs2823165,known:AC002116.7:t2d,rs10418015,0.0,0,0
known:NRIP1:cad,rs2823165,known:DKFZP434I0714:t2d,rs9991574,0.0025,0,0
known:NRIP1:cad,rs2823165,known:hsa-mir-296:fbg,rs6026565,0.0193,0,0
known:NRIP1:cad,rs2823165,new:PLAUR:cad,rs4760,0.0005,0,0
known:NRIP1:cad,rs2823165,new:SLC12A3:cad,rs56228609,0.0006,0,0
known:NRIP1:cad,rs2823165,new:C2orf49:t2d,rs4851758,0.0022,0,0
known:NRIP1:cad,rs2823165,new:CWF19L1:t2d,rs17668357,0.0005,0,0
known:NRIP1:cad,rs2823165,new:U6atac:t2d,rs12780155,0.0004,0,0
known:NRIP1:cad,rs2823165,new:CD101:t2d,rs12130298,0.0004,0,0
known:NRIP1:cad,rs2823165,new:TAGLN2:cad,rs2789422,0.0,0,0
known:NRIP1:cad,rs2823165,new:CCDC19:cad,rs2789422,0.0,0,0
known:NRIP1:cad,rs2823165,new:RBM6:t2d,rs2245365,0.0024,0,0
known:NRIP1:cad,rs2823165,new:CNNM2:cad,rs11191447,0.0,0,0
known:NRIP1:cad,rs2823165,new:VSIG8:cad,rs2789422,0.0,0,0
known:NRIP1:cad,rs2823165,new:LAMC1:cad,rs11588675,0.0,0,0
known:NRIP1:cad,rs2823165,new:TPD52:fbg,rs2162229,0.0076,0,0
known:NRIP1:cad,rs2823165,new:SENP6:cad,rs62414240,0.0027,0,0
known:NRIP1:cad,rs2823165,new:RIC8A:cad,rs6598075,0.005,0,0
known:NRIP1:cad,rs2823165,new:HMGN3:cad,rs17787027,0.0523,0,0
known:NRIP1:cad,rs2823165,new:MT3:fbg,rs1580833,0.002,0,0
known:NRIP1:cad,rs2823165,new:RPL13:t2d,rs113847672,0.0058,0,0
known:NRIP1:cad,rs2823165,new:ZBTB46:cad,rs6062322,0.0132,0,0
known:TMEM136:cad,rs4938809,known:CAMK1D:t2d,rs11257655,0.0018,0,0
known:TMEM136:cad,rs4938809,known:ZBTB6:t2d,rs2239540,0.0001,0,0
known:TMEM136:cad,rs4938809,known:KCNJ11:t2d,rs757110,0.0053,0,0
known:TMEM136:cad,rs4938809,known:LDLRAD2:cad,rs114661372,0.0081,0,0
known:TMEM136:cad,rs4938809,known:BLOC1S2:t2d,rs17882802,0.0007,0,0
known:TMEM136:cad,rs4938809,known:ZNF34:t2d,rs4637890,0.0005,0,0
known:TMEM136:cad,rs4938809,known:C6orf106:cad,rs3800461,nan,0,0
known:TMEM136:cad,rs4938809,known:PARVA:t2d,rs4757405,0.0,0,0
known:TMEM136:cad,rs4938809,known:HOXC4:cad,rs1133773,0.0022,0,0
known:TMEM136:cad,rs4938809,known:YTHDF2:t2d,rs3753693,0.0214,0,0
known:TMEM136:cad,rs4938809,known:RP11-98D18.9:cad,rs1521185,0.0036,0,0
known:TMEM136:cad,rs4938809,known:SPDYE2:t2d,rs7781557,0.0005,0,0
known:TMEM136:cad,rs4938809,known:U6:cad,rs61776719,0.0,0,0
known:TMEM136:cad,rs4938809,known:RP11-332O19.3:cad,rs11191472,nan,0,0
known:TMEM136:cad,rs4938809,known:ARHGAP19:t2d,rs8181326,0.0049,0,0
known:TMEM136:cad,rs4938809,known:BBIP1:t2d,rs10787287,0.0,0,0
known:TMEM136:cad,rs4938809,known:FASTKD5:cad,rs860735,0.0036,0,0
known:TMEM136:cad,rs4938809,known:RP5-1068B5.3:t2d,rs927204,0.0013,0,0
known:TMEM136:cad,rs4938809,known:MAST4-AS1:t2d,rs173651,0.0031,0,0
known:TMEM136:cad,rs4938809,known:LRRC37A15P:t2d,rs223490,0.0072,0,0
known:TMEM136:cad,rs4938809,known:PHBP9:t2d,rs11591741,0.0025,0,0
known:TMEM136:cad,rs4938809,known:RP11-176F3.7:t2d,rs1758632,0.0003,0,0
known:TMEM136:cad,rs4938809,known:RP4-756G23.5:t2d,rs85220,0.0,0,0
known:TMEM136:cad,rs4938809,known:RP1-159A19.4:cad,rs17361686,0.0059,0,0
known:TMEM136:cad,rs4938809,known:SERBP1P3:t2d,rs4687701,0.0001,0,0
known:TMEM136:cad,rs4938809,known:RP11-464F9.1:t2d,rs7908825,0.0064,0,0
known:TMEM136:cad,rs4938809,known:CTD-2037K23.2:cad,rs16875368,0.0,0,0
known:TMEM136:cad,rs4938809,known:AP000487.5:cad,rs34053053,0.002,0,0
known:TMEM136:cad,rs4938809,known:CTD-2044J15.1:cad,rs4389656,0.0,0,0
known:TMEM136:cad,rs4938809,known:KRT8P46:t2d,rs223490,0.0072,0,0
known:TMEM136:cad,rs4938809,known:RP11-10L12.2:t2d,rs223490,0.0072,0,0
known:TMEM136:cad,rs4938809,known:RP11-464F9.9:t2d,rs11000760,0.0067,0,0
known:TMEM136:cad,rs4938809,known:RP11-347C18.3:t2d,rs726816,0.0032,0,0
known:TMEM136:cad,rs4938809,known:ALG1L13P:t2d,rs7837587,0.0022,0,0
known:TMEM136:cad,rs4938809,known:HMBS:cad,rs4614,0.0056,0,0
known:TMEM136:cad,rs4938809,known:RP11-856B14.1:t2d,rs1194104,0.0177,0,0
known:TMEM136:cad,rs4938809,known:RP11-384M15.3:cad,rs1050362,0.0005,0,0
known:TMEM136:cad,rs4938809,known:RP11-51F16.5:t2d,rs7223412,0.0137,0,0
known:TMEM136:cad,rs4938809,known:MIR4513:cad,rs12442901,0.0154,0,0
known:TMEM136:cad,rs4938809,known:Metazoa_SRP:cad,rs11204675,0.014,0,0
known:TMEM136:cad,rs4938809,known:Metazoa_SRP:cad,rs10888385,0.014,0,0
known:TMEM136:cad,rs4938809,known:STRADA:t2d,rs11079508,0.0137,0,0
known:TMEM136:cad,rs4938809,known:RP11-552F3.10:cad,rs3760128,0.0026,0,0
known:TMEM136:cad,rs4938809,known:AC002116.7:t2d,rs10418015,0.0002,0,0
known:TMEM136:cad,rs4938809,known:DKFZP434I0714:t2d,rs9991574,0.0109,0,0
known:TMEM136:cad,rs4938809,known:hsa-mir-296:fbg,rs6026565,0.0013,0,0
known:TMEM136:cad,rs4938809,new:PLAUR:cad,rs4760,0.0134,0,0
known:TMEM136:cad,rs4938809,new:SLC12A3:cad,rs56228609,0.0027,0,0
known:TMEM136:cad,rs4938809,new:C2orf49:t2d,rs4851758,0.0001,0,0
known:TMEM136:cad,rs4938809,new:CWF19L1:t2d,rs17668357,0.0007,0,0
known:TMEM136:cad,rs4938809,new:U6atac:t2d,rs12780155,0.0002,0,0
known:TMEM136:cad,rs4938809,new:CD101:t2d,rs12130298,nan,0,0
known:TMEM136:cad,rs4938809,new:TAGLN2:cad,rs2789422,0.0007,0,0
known:TMEM136:cad,rs4938809,new:CCDC19:cad,rs2789422,0.0007,0,0
known:TMEM136:cad,rs4938809,new:RBM6:t2d,rs2245365,0.0002,0,0
known:TMEM136:cad,rs4938809,new:CNNM2:cad,rs11191447,nan,0,0
known:TMEM136:cad,rs4938809,new:VSIG8:cad,rs2789422,0.0007,0,0
known:TMEM136:cad,rs4938809,new:LAMC1:cad,rs11588675,0.0003,0,0
known:TMEM136:cad,rs4938809,new:TPD52:fbg,rs2162229,0.0095,0,0
known:TMEM136:cad,rs4938809,new:SENP6:cad,rs62414240,0.0004,0,0
known:TMEM136:cad,rs4938809,new:RIC8A:cad,rs6598075,0.0134,0,0
known:TMEM136:cad,rs4938809,new:HMGN3:cad,rs17787027,nan,0,0
known:TMEM136:cad,rs4938809,new:MT3:fbg,rs1580833,0.0347,0,0
known:TMEM136:cad,rs4938809,new:RPL13:t2d,rs113847672,0.0318,0,0
known:TMEM136:cad,rs4938809,new:ZBTB46:cad,rs6062322,0.032,0,0
known:CAMK1D:t2d,rs11257655,known:ZBTB6:t2d,rs2239540,nan,0,0
known:CAMK1D:t2d,rs11257655,known:KCNJ11:t2d,rs757110,0.0001,0,0
known:CAMK1D:t2d,rs11257655,known:LDLRAD2:cad,rs114661372,nan,0,0
known:CAMK1D:t2d,rs11257655,known:BLOC1S2:t2d,rs17882802,0.0016,0,0
known:CAMK1D:t2d,rs11257655,known:ZNF34:t2d,rs4637890,0.0199,0,0
known:CAMK1D:t2d,rs11257655,known:C6orf106:cad,rs3800461,nan,0,0
known:CAMK1D:t2d,rs11257655,known:PARVA:t2d,rs4757405,0.0125,0,0
known:CAMK1D:t2d,rs11257655,known:HOXC4:cad,rs1133773,0.0058,0,0
known:CAMK1D:t2d,rs11257655,known:YTHDF2:t2d,rs3753693,0.0022,0,0
known:CAMK1D:t2d,rs11257655,known:RP11-98D18.9:cad,rs1521185,0.0022,0,0
known:CAMK1D:t2d,rs11257655,known:SPDYE2:t2d,rs7781557,0.0057,0,0
known:CAMK1D:t2d,rs11257655,known:U6:cad,rs61776719,0.0012,0,0
known:CAMK1D:t2d,rs11257655,known:RP11-332O19.3:cad,rs11191472,nan,0,0
known:CAMK1D:t2d,rs11257655,known:ARHGAP19:t2d,rs8181326,0.0102,0,0
known:CAMK1D:t2d,rs11257655,known:BBIP1:t2d,rs10787287,0.005,0,0
known:CAMK1D:t2d,rs11257655,known:FASTKD5:cad,rs860735,0.0061,0,0
known:CAMK1D:t2d,rs11257655,known:RP5-1068B5.3:t2d,rs927204,nan,0,0
known:CAMK1D:t2d,rs11257655,known:MAST4-AS1:t2d,rs173651,0.0004,0,0
known:CAMK1D:t2d,rs11257655,known:LRRC37A15P:t2d,rs223490,0.0019,0,0
known:CAMK1D:t2d,rs11257655,known:PHBP9:t2d,rs11591741,0.0016,0,0
known:CAMK1D:t2d,rs11257655,known:RP11-176F3.7:t2d,rs1758632,0.0061,0,0
known:CAMK1D:t2d,rs11257655,known:RP4-756G23.5:t2d,rs85220,0.0116,0,0
known:CAMK1D:t2d,rs11257655,known:RP1-159A19.4:cad,rs17361686,nan,0,0
known:CAMK1D:t2d,rs11257655,known:SERBP1P3:t2d,rs4687701,0.0085,0,0
known:CAMK1D:t2d,rs11257655,known:RP11-464F9.1:t2d,rs7908825,0.0003,0,0
known:CAMK1D:t2d,rs11257655,known:CTD-2037K23.2:cad,rs16875368,0.0015,0,0
known:CAMK1D:t2d,rs11257655,known:AP000487.5:cad,rs34053053,0.0208,0,0
known:CAMK1D:t2d,rs11257655,known:CTD-2044J15.1:cad,rs4389656,0.0008,0,0
known:CAMK1D:t2d,rs11257655,known:KRT8P46:t2d,rs223490,0.0019,0,0
known:CAMK1D:t2d,rs11257655,known:RP11-10L12.2:t2d,rs223490,0.0019,0,0
known:CAMK1D:t2d,rs11257655,known:RP11-464F9.9:t2d,rs11000760,0.0004,0,0
known:CAMK1D:t2d,rs11257655,known:RP11-347C18.3:t2d,rs726816,0.0189,0,0
known:CAMK1D:t2d,rs11257655,known:ALG1L13P:t2d,rs7837587,0.0004,0,0
known:CAMK1D:t2d,rs11257655,known:HMBS:cad,rs4614,0.0051,0,0
known:CAMK1D:t2d,rs11257655,known:RP11-856B14.1:t2d,rs1194104,0.0001,0,0
known:CAMK1D:t2d,rs11257655,known:RP11-384M15.3:cad,rs1050362,0.0151,0,0
known:CAMK1D:t2d,rs11257655,known:RP11-51F16.5:t2d,rs7223412,0.0009,0,0
known:CAMK1D:t2d,rs11257655,known:MIR4513:cad,rs12442901,0.0003,0,0
known:CAMK1D:t2d,rs11257655,known:Metazoa_SRP:cad,rs11204675,0.0,0,0
known:CAMK1D:t2d,rs11257655,known:Metazoa_SRP:cad,rs10888385,0.0,0,0
known:CAMK1D:t2d,rs11257655,known:STRADA:t2d,rs11079508,0.0009,0,0
known:CAMK1D:t2d,rs11257655,known:RP11-552F3.10:cad,rs3760128,0.0055,0,0
known:CAMK1D:t2d,rs11257655,known:AC002116.7:t2d,rs10418015,0.0025,0,0
known:CAMK1D:t2d,rs11257655,known:DKFZP434I0714:t2d,rs9991574,0.0481,0,0
known:CAMK1D:t2d,rs11257655,known:hsa-mir-296:fbg,rs6026565,nan,0,0
known:CAMK1D:t2d,rs11257655,new:PLAUR:cad,rs4760,0.0,0,0
known:CAMK1D:t2d,rs11257655,new:SLC12A3:cad,rs56228609,0.0108,0,0
known:CAMK1D:t2d,rs11257655,new:C2orf49:t2d,rs4851758,nan,0,0
known:CAMK1D:t2d,rs11257655,new:CWF19L1:t2d,rs17668357,0.0016,0,0
known:CAMK1D:t2d,rs11257655,new:U6atac:t2d,rs12780155,0.6455,0,1
known:CAMK1D:t2d,rs11257655,new:CD101:t2d,rs12130298,nan,0,0
known:CAMK1D:t2d,rs11257655,new:TAGLN2:cad,rs2789422,0.0315,0,0
known:CAMK1D:t2d,rs11257655,new:CCDC19:cad,rs2789422,0.0315,0,0
known:CAMK1D:t2d,rs11257655,new:RBM6:t2d,rs2245365,0.0029,0,0
known:CAMK1D:t2d,rs11257655,new:CNNM2:cad,rs11191447,nan,0,0
known:CAMK1D:t2d,rs11257655,new:VSIG8:cad,rs2789422,0.0315,0,0
known:CAMK1D:t2d,rs11257655,new:LAMC1:cad,rs11588675,0.0088,0,0
known:CAMK1D:t2d,rs11257655,new:TPD52:fbg,rs2162229,0.0003,0,0
known:CAMK1D:t2d,rs11257655,new:SENP6:cad,rs62414240,0.0001,0,0
known:CAMK1D:t2d,rs11257655,new:RIC8A:cad,rs6598075,0.0071,0,0
known:CAMK1D:t2d,rs11257655,new:HMGN3:cad,rs17787027,nan,0,0
known:CAMK1D:t2d,rs11257655,new:MT3:fbg,rs1580833,0.0045,0,0
known:CAMK1D:t2d,rs11257655,new:RPL13:t2d,rs113847672,0.0106,0,0
known:CAMK1D:t2d,rs11257655,new:ZBTB46:cad,rs6062322,0.0045,0,0
known:ZBTB6:t2d,rs2239540,known:KCNJ11:t2d,rs757110,0.0018,0,0
known:ZBTB6:t2d,rs2239540,known:LDLRAD2:cad,rs114661372,nan,0,0
known:ZBTB6:t2d,rs2239540,known:BLOC1S2:t2d,rs17882802,0.0122,0,0
known:ZBTB6:t2d,rs2239540,known:ZNF34:t2d,rs4637890,0.0043,0,0
known:ZBTB6:t2d,rs2239540,known:C6orf106:cad,rs3800461,nan,0,0
known:ZBTB6:t2d,rs2239540,known:PARVA:t2d,rs4757405,0.0002,0,0
known:ZBTB6:t2d,rs2239540,known:HOXC4:cad,rs1133773,nan,0,0
known:ZBTB6:t2d,rs2239540,known:YTHDF2:t2d,rs3753693,0.0122,0,0
known:ZBTB6:t2d,rs2239540,known:RP11-98D18.9:cad,rs1521185,0.0036,0,0
known:ZBTB6:t2d,rs2239540,known:SPDYE2:t2d,rs7781557,nan,0,0
known:ZBTB6:t2d,rs2239540,known:U6:cad,rs61776719,0.0012,0,0
known:ZBTB6:t2d,rs2239540,known:RP11-332O19.3:cad,rs11191472,nan,0,0
known:ZBTB6:t2d,rs2239540,known:ARHGAP19:t2d,rs8181326,0.0109,0,0
known:ZBTB6:t2d,rs2239540,known:BBIP1:t2d,rs10787287,0.0052,0,0
known:ZBTB6:t2d,rs2239540,known:FASTKD5:cad,rs860735,0.0316,0,0
known:ZBTB6:t2d,rs2239540,known:RP5-1068B5.3:t2d,rs927204,nan,0,0
known:ZBTB6:t2d,rs2239540,known:MAST4-AS1:t2d,rs173651,0.0,0,0
known:ZBTB6:t2d,rs2239540,known:LRRC37A15P:t2d,rs223490,0.0263,0,0
known:ZBTB6:t2d,rs2239540,known:PHBP9:t2d,rs11591741,0.0122,0,0
known:ZBTB6:t2d,rs2239540,known:RP11-176F3.7:t2d,rs1758632,0.0,0,0
known:ZBTB6:t2d,rs2239540,known:RP4-756G23.5:t2d,rs85220,0.0214,0,0
known:ZBTB6:t2d,rs2239540,known:RP1-159A19.4:cad,rs17361686,nan,0,0
known:ZBTB6:t2d,rs2239540,known:SERBP1P3:t2d,rs4687701,0.0004,0,0
known:ZBTB6:t2d,rs2239540,known:RP11-464F9.1:t2d,rs7908825,0.002,0,0
known:ZBTB6:t2d,rs2239540,known:CTD-2037K23.2:cad,rs16875368,0.0109,0,0
known:ZBTB6:t2d,rs2239540,known:AP000487.5:cad,rs34053053,nan,0,0
known:ZBTB6:t2d,rs2239540,known:CTD-2044J15.1:cad,rs4389656,0.0,0,0
known:ZBTB6:t2d,rs2239540,known:KRT8P46:t2d,rs223490,0.0263,0,0
known:ZBTB6:t2d,rs2239540,known:RP11-10L12.2:t2d,rs223490,0.0263,0,0
known:ZBTB6:t2d,rs2239540,known:RP11-464F9.9:t2d,rs11000760,0.0017,0,0
known:ZBTB6:t2d,rs2239540,known:RP11-347C18.3:t2d,rs726816,0.0015,0,0
known:ZBTB6:t2d,rs2239540,known:ALG1L13P:t2d,rs7837587,0.0212,0,0
known:ZBTB6:t2d,rs2239540,known:HMBS:cad,rs4614,0.0583,0,0
known:ZBTB6:t2d,rs2239540,known:RP11-856B14.1:t2d,rs1194104,nan,0,0
known:ZBTB6:t2d,rs2239540,known:RP11-384M15.3:cad,rs1050362,0.0065,0,0
known:ZBTB6:t2d,rs2239540,known:RP11-51F16.5:t2d,rs7223412,0.0098,0,0
known:ZBTB6:t2d,rs2239540,known:MIR4513:cad,rs12442901,0.0031,0,0
known:ZBTB6:t2d,rs2239540,known:Metazoa_SRP:cad,rs11204675,0.0,0,0
known:ZBTB6:t2d,rs2239540,known:Metazoa_SRP:cad,rs10888385,0.0,0,0
known:ZBTB6:t2d,rs2239540,known:STRADA:t2d,rs11079508,0.0098,0,0
known:ZBTB6:t2d,rs2239540,known:RP11-552F3.10:cad,rs3760128,0.001,0,0
known:ZBTB6:t2d,rs2239540,known:AC002116.7:t2d,rs10418015,0.0786,0,0
known:ZBTB6:t2d,rs2239540,known:DKFZP434I0714:t2d,rs9991574,0.019,0,0
known:ZBTB6:t2d,rs2239540,known:hsa-mir-296:fbg,rs6026565,nan,0,0
known:ZBTB6:t2d,rs2239540,new:PLAUR:cad,rs4760,nan,0,0
known:ZBTB6:t2d,rs2239540,new:SLC12A3:cad,rs56228609,0.0025,0,0
known:ZBTB6:t2d,rs2239540,new:C2orf49:t2d,rs4851758,nan,0,0
known:ZBTB6:t2d,rs2239540,new:CWF19L1:t2d,rs17668357,0.0122,0,0
known:ZBTB6:t2d,rs2239540,new:U6atac:t2d,rs12780155,nan,0,0
known:ZBTB6:t2d,rs2239540,new:CD101:t2d,rs12130298,nan,0,0
known:ZBTB6:t2d,rs2239540,new:TAGLN2:cad,rs2789422,0.0135,0,0
known:ZBTB6:t2d,rs2239540,new:CCDC19:cad,rs2789422,0.0135,0,0
known:ZBTB6:t2d,rs2239540,new:RBM6:t2d,rs2245365,0.0406,0,0
known:ZBTB6:t2d,rs2239540,new:CNNM2:cad,rs11191447,nan,0,0
known:ZBTB6:t2d,rs2239540,new:VSIG8:cad,rs2789422,0.0135,0,0
known:ZBTB6:t2d,rs2239540,new:LAMC1:cad,rs11588675,0.0107,0,0
known:ZBTB6:t2d,rs2239540,new:TPD52:fbg,rs2162229,0.0072,0,0
known:ZBTB6:t2d,rs2239540,new:SENP6:cad,rs62414240,0.0188,0,0
known:ZBTB6:t2d,rs2239540,new:RIC8A:cad,rs6598075,0.0047,0,0
known:ZBTB6:t2d,rs2239540,new:HMGN3:cad,rs17787027,nan,0,0
known:ZBTB6:t2d,rs2239540,new:MT3:fbg,rs1580833,0.0054,0,0
known:ZBTB6:t2d,rs2239540,new:RPL13:t2d,rs113847672,nan,0,0
known:ZBTB6:t2d,rs2239540,new:ZBTB46:cad,rs6062322,nan,0,0
known:KCNJ11:t2d,rs757110,known:LDLRAD2:cad,rs114661372,0.0354,0,0
known:KCNJ11:t2d,rs757110,known:BLOC1S2:t2d,rs17882802,0.0019,0,0
known:KCNJ11:t2d,rs757110,known:ZNF34:t2d,rs4637890,0.0071,0,0
known:KCNJ11:t2d,rs757110,known:C6orf106:cad,rs3800461,0.0186,0,0
known:KCNJ11:t2d,rs757110,known:PARVA:t2d,rs4757405,0.0033,0,0
known:KCNJ11:t2d,rs757110,known:HOXC4:cad,rs1133773,0.0071,0,0
known:KCNJ11:t2d,rs757110,known:YTHDF2:t2d,rs3753693,0.0,0,0
known:KCNJ11:t2d,rs757110,known:RP11-98D18.9:cad,rs1521185,0.0009,0,0
known:KCNJ11:t2d,rs757110,known:SPDYE2:t2d,rs7781557,0.0005,0,0
known:KCNJ11:t2d,rs757110,known:U6:cad,rs61776719,0.0018,0,0
known:KCNJ11:t2d,rs757110,known:RP11-332O19.3:cad,rs11191472,0.061,0,0
known:KCNJ11:t2d,rs757110,known:ARHGAP19:t2d,rs8181326,0.0022,0,0
known:KCNJ11:t2d,rs757110,known:BBIP1:t2d,rs10787287,0.0061,0,0
known:KCNJ11:t2d,rs757110,known:FASTKD5:cad,rs860735,0.0046,0,0
known:KCNJ11:t2d,rs757110,known:RP5-1068B5.3:t2d,rs927204,0.0004,0,0
known:KCNJ11:t2d,rs757110,known:MAST4-AS1:t2d,rs173651,0.0059,0,0
known:KCNJ11:t2d,rs757110,known:LRRC37A15P:t2d,rs223490,0.0012,0,0
known:KCNJ11:t2d,rs757110,known:PHBP9:t2d,rs11591741,0.0019,0,0
known:KCNJ11:t2d,rs757110,known:RP11-176F3.7:t2d,rs1758632,0.0065,0,0
known:KCNJ11:t2d,rs757110,known:RP4-756G23.5:t2d,rs85220,0.0048,0,0
known:KCNJ11:t2d,rs757110,known:RP1-159A19.4:cad,rs17361686,0.0052,0,0
known:KCNJ11:t2d,rs757110,known:SERBP1P3:t2d,rs4687701,0.0003,0,0
known:KCNJ11:t2d,rs757110,known:RP11-464F9.1:t2d,rs7908825,0.0,0,0
known:KCNJ11:t2d,rs757110,known:CTD-2037K23.2:cad,rs16875368,0.0046,0,0
known:KCNJ11:t2d,rs757110,known:AP000487.5:cad,rs34053053,0.0012,0,0
known:KCNJ11:t2d,rs757110,known:CTD-2044J15.1:cad,rs4389656,0.0016,0,0
known:KCNJ11:t2d,rs757110,known:KRT8P46:t2d,rs223490,0.0012,0,0
known:KCNJ11:t2d,rs757110,known:RP11-10L12.2:t2d,rs223490,0.0012,0,0
known:KCNJ11:t2d,rs757110,known:RP11-464F9.9:t2d,rs11000760,0.0,0,0
known:KCNJ11:t2d,rs757110,known:RP11-347C18.3:t2d,rs726816,0.0,0,0
known:KCNJ11:t2d,rs757110,known:ALG1L13P:t2d,rs7837587,0.0084,0,0
known:KCNJ11:t2d,rs757110,known:HMBS:cad,rs4614,0.0007,0,0
known:KCNJ11:t2d,rs757110,known:RP11-856B14.1:t2d,rs1194104,0.0003,0,0
known:KCNJ11:t2d,rs757110,known:RP11-384M15.3:cad,rs1050362,0.0243,0,0
known:KCNJ11:t2d,rs757110,known:RP11-51F16.5:t2d,rs7223412,0.0007,0,0
known:KCNJ11:t2d,rs757110,known:MIR4513:cad,rs12442901,0.0,0,0
known:KCNJ11:t2d,rs757110,known:Metazoa_SRP:cad,rs11204675,0.0005,0,0
known:KCNJ11:t2d,rs757110,known:Metazoa_SRP:cad,rs10888385,0.0005,0,0
known:KCNJ11:t2d,rs757110,known:STRADA:t2d,rs11079508,0.0007,0,0
known:KCNJ11:t2d,rs757110,known:RP11-552F3.10:cad,rs3760128,0.0088,0,0
known:KCNJ11:t2d,rs757110,known:AC002116.7:t2d,rs10418015,0.0,0,0
known:KCNJ11:t2d,rs757110,known:DKFZP434I0714:t2d,rs9991574,0.0019,0,0
known:KCNJ11:t2d,rs757110,known:hsa-mir-296:fbg,rs6026565,0.0004,0,0
known:KCNJ11:t2d,rs757110,new:PLAUR:cad,rs4760,0.0016,0,0
known:KCNJ11:t2d,rs757110,new:SLC12A3:cad,rs56228609,0.0031,0,0
known:KCNJ11:t2d,rs757110,new:C2orf49:t2d,rs4851758,0.0004,0,0
known:KCNJ11:t2d,rs757110,new:CWF19L1:t2d,rs17668357,0.0019,0,0
known:KCNJ11:t2d,rs757110,new:U6atac:t2d,rs12780155,0.0016,0,0
known:KCNJ11:t2d,rs757110,new:CD101:t2d,rs12130298,0.0016,0,0
known:KCNJ11:t2d,rs757110,new:TAGLN2:cad,rs2789422,0.0,0,0
known:KCNJ11:t2d,rs757110,new:CCDC19:cad,rs2789422,0.0,0,0
known:KCNJ11:t2d,rs757110,new:RBM6:t2d,rs2245365,0.0049,0,0
known:KCNJ11:t2d,rs757110,new:CNNM2:cad,rs11191447,0.061,0,0
known:KCNJ11:t2d,rs757110,new:VSIG8:cad,rs2789422,0.0,0,0
known:KCNJ11:t2d,rs757110,new:LAMC1:cad,rs11588675,0.0027,0,0
known:KCNJ11:t2d,rs757110,new:TPD52:fbg,rs2162229,0.0,0,0
known:KCNJ11:t2d,rs757110,new:SENP6:cad,rs62414240,0.0023,0,0
known:KCNJ11:t2d,rs757110,new:RIC8A:cad,rs6598075,0.0015,0,0
known:KCNJ11:t2d,rs757110,new:HMGN3:cad,rs17787027,0.0003,0,0
known:KCNJ11:t2d,rs757110,new:MT3:fbg,rs1580833,0.0013,0,0
known:KCNJ11:t2d,rs757110,new:RPL13:t2d,rs113847672,0.0131,0,0
known:KCNJ11:t2d,rs757110,new:ZBTB46:cad,rs6062322,0.0303,0,0
known:LDLRAD2:cad,rs114661372,known:BLOC1S2:t2d,rs17882802,0.0004,0,0
known:LDLRAD2:cad,rs114661372,known:ZNF34:t2d,rs4637890,0.044,0,0
known:LDLRAD2:cad,rs114661372,known:C6orf106:cad,rs3800461,nan,0,0
known:LDLRAD2:cad,rs114661372,known:PARVA:t2d,rs4757405,0.0195,0,0
known:LDLRAD2:cad,rs114661372,known:HOXC4:cad,rs1133773,nan,0,0
known:LDLRAD2:cad,rs114661372,known:YTHDF2:t2d,rs3753693,0.0309,0,0
known:LDLRAD2:cad,rs114661372,known:RP11-98D18.9:cad,rs1521185,0.0294,0,0
known:LDLRAD2:cad,rs114661372,known:SPDYE2:t2d,rs7781557,nan,0,0
known:LDLRAD2:cad,rs114661372,known:U6:cad,rs61776719,0.0001,0,0
known:LDLRAD2:cad,rs114661372,known:RP11-332O19.3:cad,rs11191472,nan,0,0
known:LDLRAD2:cad,rs114661372,known:ARHGAP19:t2d,rs8181326,0.0153,0,0
known:LDLRAD2:cad,rs114661372,known:BBIP1:t2d,rs10787287,0.0002,0,0
known:LDLRAD2:cad,rs114661372,known:FASTKD5:cad,rs860735,0.0281,0,0
known:LDLRAD2:cad,rs114661372,known:RP5-1068B5.3:t2d,rs927204,nan,0,0
known:LDLRAD2:cad,rs114661372,known:MAST4-AS1:t2d,rs173651,0.0054,0,0
known:LDLRAD2:cad,rs114661372,known:LRRC37A15P:t2d,rs223490,0.0007,0,0
known:LDLRAD2:cad,rs114661372,known:PHBP9:t2d,rs11591741,0.0004,0,0
known:LDLRAD2:cad,rs114661372,known:RP11-176F3.7:t2d,rs1758632,0.0058,0,0
known:LDLRAD2:cad,rs114661372,known:RP4-756G23.5:t2d,rs85220,0.0039,0,0
known:LDLRAD2:cad,rs114661372,known:RP1-159A19.4:cad,rs17361686,nan,0,0
known:LDLRAD2:cad,rs114661372,known:SERBP1P3:t2d,rs4687701,0.0274,0,0
known:LDLRAD2:cad,rs114661372,known:RP11-464F9.1:t2d,rs7908825,0.0023,0,0
known:LDLRAD2:cad,rs114661372,known:CTD-2037K23.2:cad,rs16875368,nan,0,0
known:LDLRAD2:cad,rs114661372,known:AP000487.5:cad,rs34053053,nan,0,0
known:LDLRAD2:cad,rs114661372,known:CTD-2044J15.1:cad,rs4389656,0.0033,0,0
known:LDLRAD2:cad,rs114661372,known:KRT8P46:t2d,rs223490,0.0007,0,0
known:LDLRAD2:cad,rs114661372,known:RP11-10L12.2:t2d,rs223490,0.0007,0,0
known:LDLRAD2:cad,rs114661372,known:RP11-464F9.9:t2d,rs11000760,0.0019,0,0
known:LDLRAD2:cad,rs114661372,known:RP11-347C18.3:t2d,rs726816,0.0259,0,0
known:LDLRAD2:cad,rs114661372,known:ALG1L13P:t2d,rs7837587,0.0656,0,0
known:LDLRAD2:cad,rs114661372,known:HMBS:cad,rs4614,0.0038,0,0
known:LDLRAD2:cad,rs114661372,known:RP11-856B14.1:t2d,rs1194104,0.0007,0,0
known:LDLRAD2:cad,rs114661372,known:RP11-384M15.3:cad,rs1050362,0.0199,0,0
known:LDLRAD2:cad,rs114661372,known:RP11-51F16.5:t2d,rs7223412,nan,0,0
known:LDLRAD2:cad,rs114661372,known:MIR4513:cad,rs12442901,0.0064,0,0
known:LDLRAD2:cad,rs114661372,known:Metazoa_SRP:cad,rs11204675,0.0005,0,0
known:LDLRAD2:cad,rs114661372,known:Metazoa_SRP:cad,rs10888385,0.0005,0,0
known:LDLRAD2:cad,rs114661372,known:STRADA:t2d,rs11079508,nan,0,0
known:LDLRAD2:cad,rs114661372,known:RP11-552F3.10:cad,rs3760128,0.0434,0,0
known:LDLRAD2:cad,rs114661372,known:AC002116.7:t2d,rs10418015,0.0066,0,0
known:LDLRAD2:cad,rs114661372,known:DKFZP434I0714:t2d,rs9991574,0.0087,0,0
known:LDLRAD2:cad,rs114661372,known:hsa-mir-296:fbg,rs6026565,nan,0,0
known:LDLRAD2:cad,rs114661372,new:PLAUR:cad,rs4760,nan,0,0
known:LDLRAD2:cad,rs114661372,new:SLC12A3:cad,rs56228609,0.0098,0,0
known:LDLRAD2:cad,rs114661372,new:C2orf49:t2d,rs4851758,nan,0,0
known:LDLRAD2:cad,rs114661372,new:CWF19L1:t2d,rs17668357,0.0004,0,0
known:LDLRAD2:cad,rs114661372,new:U6atac:t2d,rs12780155,nan,0,0
known:LDLRAD2:cad,rs114661372,new:CD101:t2d,rs12130298,nan,0,0
known:LDLRAD2:cad,rs114661372,new:TAGLN2:cad,rs2789422,0.0287,0,0
known:LDLRAD2:cad,rs114661372,new:CCDC19:cad,rs2789422,0.0287,0,0
known:LDLRAD2:cad,rs114661372,new:RBM6:t2d,rs2245365,0.0173,0,0
known:LDLRAD2:cad,rs114661372,new:CNNM2:cad,rs11191447,nan,0,0
known:LDLRAD2:cad,rs114661372,new:VSIG8:cad,rs2789422,0.0287,0,0
known:LDLRAD2:cad,rs114661372,new:LAMC1:cad,rs11588675,0.104,0,0
known:LDLRAD2:cad,rs114661372,new:TPD52:fbg,rs2162229,0.0009,0,0
known:LDLRAD2:cad,rs114661372,new:SENP6:cad,rs62414240,0.0036,0,0
known:LDLRAD2:cad,rs114661372,new:RIC8A:cad,rs6598075,nan,0,0
known:LDLRAD2:cad,rs114661372,new:HMGN3:cad,rs17787027,nan,0,0
known:LDLRAD2:cad,rs114661372,new:MT3:fbg,rs1580833,0.026,0,0
known:LDLRAD2:cad,rs114661372,new:RPL13:t2d,rs113847672,nan,0,0
known:LDLRAD2:cad,rs114661372,new:ZBTB46:cad,rs6062322,nan,0,0
known:BLOC1S2:t2d,rs17882802,known:ZNF34:t2d,rs4637890,0.0045,0,0
known:BLOC1S2:t2d,rs17882802,known:C6orf106:cad,rs3800461,0.018,0,0
known:BLOC1S2:t2d,rs17882802,known:PARVA:t2d,rs4757405,0.0116,0,0
known:BLOC1S2:t2d,rs17882802,known:HOXC4:cad,rs1133773,0.0126,0,0
known:BLOC1S2:t2d,rs17882802,known:YTHDF2:t2d,rs3753693,0.003,0,0
known:BLOC1S2:t2d,rs17882802,known:RP11-98D18.9:cad,rs1521185,0.0026,0,0
known:BLOC1S2:t2d,rs17882802,known:SPDYE2:t2d,rs7781557,0.0021,0,0
known:BLOC1S2:t2d,rs17882802,known:U6:cad,rs61776719,0.0058,0,0
known:BLOC1S2:t2d,rs17882802,known:RP11-332O19.3:cad,rs11191472,0.017,0,0
known:BLOC1S2:t2d,rs17882802,known:ARHGAP19:t2d,rs8181326,0.0,0,0
known:BLOC1S2:t2d,rs17882802,known:BBIP1:t2d,rs10787287,0.0061,0,0
known:BLOC1S2:t2d,rs17882802,known:FASTKD5:cad,rs860735,0.0117,0,0
known:BLOC1S2:t2d,rs17882802,known:RP5-1068B5.3:t2d,rs927204,0.0005,0,0
known:BLOC1S2:t2d,rs17882802,known:MAST4-AS1:t2d,rs173651,0.0179,0,0
known:BLOC1S2:t2d,rs17882802,known:LRRC37A15P:t2d,rs223490,0.0007,0,0
known:BLOC1S2:t2d,rs17882802,known:PHBP9:t2d,rs11591741,0.9853,1,1
known:BLOC1S2:t2d,rs17882802,known:RP11-176F3.7:t2d,rs1758632,0.0002,0,0
known:BLOC1S2:t2d,rs17882802,known:RP4-756G23.5:t2d,rs85220,0.0,0,0
known:BLOC1S2:t2d,rs17882802,known:RP1-159A19.4:cad,rs17361686,0.0006,0,0
known:BLOC1S2:t2d,rs17882802,known:SERBP1P3:t2d,rs4687701,0.0165,0,0
known:BLOC1S2:t2d,rs17882802,known:RP11-464F9.1:t2d,rs7908825,0.0003,0,0
known:BLOC1S2:t2d,rs17882802,known:CTD-2037K23.2:cad,rs16875368,0.0043,0,0
known:BLOC1S2:t2d,rs17882802,known:AP000487.5:cad,rs34053053,0.0137,0,0
known:BLOC1S2:t2d,rs17882802,known:CTD-2044J15.1:cad,rs4389656,0.0024,0,0
known:BLOC1S2:t2d,rs17882802,known:KRT8P46:t2d,rs223490,0.0007,0,0
known:BLOC1S2:t2d,rs17882802,known:RP11-10L12.2:t2d,rs223490,0.0007,0,0
known:BLOC1S2:t2d,rs17882802,known:RP11-464F9.9:t2d,rs11000760,0.0002,0,0
known:BLOC1S2:t2d,rs17882802,known:RP11-347C18.3:t2d,rs726816,0.0012,0,0
known:BLOC1S2:t2d,rs17882802,known:ALG1L13P:t2d,rs7837587,0.0029,0,0
known:BLOC1S2:t2d,rs17882802,known:HMBS:cad,rs4614,0.0,0,0
known:BLOC1S2:t2d,rs17882802,known:RP11-856B14.1:t2d,rs1194104,0.0041,0,0
known:BLOC1S2:t2d,rs17882802,known:RP11-384M15.3:cad,rs1050362,0.0015,0,0
known:BLOC1S2:t2d,rs17882802,known:RP11-51F16.5:t2d,rs7223412,0.0,0,0
known:BLOC1S2:t2d,rs17882802,known:MIR4513:cad,rs12442901,0.0,0,0
known:BLOC1S2:t2d,rs17882802,known:Metazoa_SRP:cad,rs11204675,0.0,0,0
known:BLOC1S2:t2d,rs17882802,known:Metazoa_SRP:cad,rs10888385,0.0,0,0
known:BLOC1S2:t2d,rs17882802,known:STRADA:t2d,rs11079508,0.0,0,0
known:BLOC1S2:t2d,rs17882802,known:RP11-552F3.10:cad,rs3760128,0.0035,0,0
known:BLOC1S2:t2d,rs17882802,known:AC002116.7:t2d,rs10418015,0.0,0,0
known:BLOC1S2:t2d,rs17882802,known:DKFZP434I0714:t2d,rs9991574,0.0098,0,0
known:BLOC1S2:t2d,rs17882802,known:hsa-mir-296:fbg,rs6026565,0.001,0,0
known:BLOC1S2:t2d,rs17882802,new:PLAUR:cad,rs4760,0.0048,0,0
known:BLOC1S2:t2d,rs17882802,new:SLC12A3:cad,rs56228609,0.0455,0,0
known:BLOC1S2:t2d,rs17882802,new:C2orf49:t2d,rs4851758,0.0436,0,0
known:BLOC1S2:t2d,rs17882802,new:CWF19L1:t2d,rs17668357,1.0,1,1
known:BLOC1S2:t2d,rs17882802,new:U6atac:t2d,rs12780155,0.0138,0,0
known:BLOC1S2:t2d,rs17882802,new:CD101:t2d,rs12130298,0.0133,0,0
known:BLOC1S2:t2d,rs17882802,new:TAGLN2:cad,rs2789422,0.0019,0,0
known:BLOC1S2:t2d,rs17882802,new:CCDC19:cad,rs2789422,0.0019,0,0
known:BLOC1S2:t2d,rs17882802,new:RBM6:t2d,rs2245365,0.015,0,0
known:BLOC1S2:t2d,rs17882802,new:CNNM2:cad,rs11191447,0.017,0,0
known:BLOC1S2:t2d,rs17882802,new:VSIG8:cad,rs2789422,0.0019,0,0
known:BLOC1S2:t2d,rs17882802,new:LAMC1:cad,rs11588675,0.0042,0,0
known:BLOC1S2:t2d,rs17882802,new:TPD52:fbg,rs2162229,0.0017,0,0
known:BLOC1S2:t2d,rs17882802,new:SENP6:cad,rs62414240,0.0012,0,0
known:BLOC1S2:t2d,rs17882802,new:RIC8A:cad,rs6598075,0.0019,0,0
known:BLOC1S2:t2d,rs17882802,new:HMGN3:cad,rs17787027,nan,0,0
known:BLOC1S2:t2d,rs17882802,new:MT3:fbg,rs1580833,0.0014,0,0
known:BLOC1S2:t2d,rs17882802,new:RPL13:t2d,rs113847672,0.011,0,0
known:BLOC1S2:t2d,rs17882802,new:ZBTB46:cad,rs6062322,0.0059,0,0
known:ZNF34:t2d,rs4637890,known:C6orf106:cad,rs3800461,0.0008,0,0
known:ZNF34:t2d,rs4637890,known:PARVA:t2d,rs4757405,0.0007,0,0
known:ZNF34:t2d,rs4637890,known:HOXC4:cad,rs1133773,0.003,0,0
known:ZNF34:t2d,rs4637890,known:YTHDF2:t2d,rs3753693,0.0047,0,0
known:ZNF34:t2d,rs4637890,known:RP11-98D18.9:cad,rs1521185,0.0062,0,0
known:ZNF34:t2d,rs4637890,known:SPDYE2:t2d,rs7781557,0.0041,0,0
known:ZNF34:t2d,rs4637890,known:U6:cad,rs61776719,0.0121,0,0
known:ZNF34:t2d,rs4637890,known:RP11-332O19.3:cad,rs11191472,0.0269,0,0
known:ZNF34:t2d,rs4637890,known:ARHGAP19:t2d,rs8181326,0.0001,0,0
known:ZNF34:t2d,rs4637890,known:BBIP1:t2d,rs10787287,0.0082,0,0
known:ZNF34:t2d,rs4637890,known:FASTKD5:cad,rs860735,0.0005,0,0
known:ZNF34:t2d,rs4637890,known:RP5-1068B5.3:t2d,rs927204,0.0052,0,0
known:ZNF34:t2d,rs4637890,known:MAST4-AS1:t2d,rs173651,0.0006,0,0
known:ZNF34:t2d,rs4637890,known:LRRC37A15P:t2d,rs223490,0.0134,0,0
known:ZNF34:t2d,rs4637890,known:PHBP9:t2d,rs11591741,0.0036,0,0
known:ZNF34:t2d,rs4637890,known:RP11-176F3.7:t2d,rs1758632,0.0001,0,0
known:ZNF34:t2d,rs4637890,known:RP4-756G23.5:t2d,rs85220,0.0029,0,0
known:ZNF34:t2d,rs4637890,known:RP1-159A19.4:cad,rs17361686,0.0219,0,0
known:ZNF34:t2d,rs4637890,known:SERBP1P3:t2d,rs4687701,0.0001,0,0
known:ZNF34:t2d,rs4637890,known:RP11-464F9.1:t2d,rs7908825,0.0,0,0
known:ZNF34:t2d,rs4637890,known:CTD-2037K23.2:cad,rs16875368,0.0148,0,0
known:ZNF34:t2d,rs4637890,known:AP000487.5:cad,rs34053053,0.0017,0,0
known:ZNF34:t2d,rs4637890,known:CTD-2044J15.1:cad,rs4389656,0.0002,0,0
known:ZNF34:t2d,rs4637890,known:KRT8P46:t2d,rs223490,0.0134,0,0
known:ZNF34:t2d,rs4637890,known:RP11-10L12.2:t2d,rs223490,0.0134,0,0
known:ZNF34:t2d,rs4637890,known:RP11-464F9.9:t2d,rs11000760,0.0,0,0
known:ZNF34:t2d,rs4637890,known:RP11-347C18.3:t2d,rs726816,0.001,0,0
known:ZNF34:t2d,rs4637890,known:ALG1L13P:t2d,rs7837587,0.0044,0,0
known:ZNF34:t2d,rs4637890,known:HMBS:cad,rs4614,0.0021,0,0
known:ZNF34:t2d,rs4637890,known:RP11-856B14.1:t2d,rs1194104,0.0011,0,0
known:ZNF34:t2d,rs4637890,known:RP11-384M15.3:cad,rs1050362,0.0082,0,0
known:ZNF34:t2d,rs4637890,known:RP11-51F16.5:t2d,rs7223412,0.0025,0,0
known:ZNF34:t2d,rs4637890,known:MIR4513:cad,rs12442901,0.0043,0,0
known:ZNF34:t2d,rs4637890,known:Metazoa_SRP:cad,rs11204675,0.0007,0,0
known:ZNF34:t2d,rs4637890,known:Metazoa_SRP:cad,rs10888385,0.0007,0,0
known:ZNF34:t2d,rs4637890,known:STRADA:t2d,rs11079508,0.0025,0,0
known:ZNF34:t2d,rs4637890,known:RP11-552F3.10:cad,rs3760128,0.0028,0,0
known:ZNF34:t2d,rs4637890,known:AC002116.7:t2d,rs10418015,0.0014,0,0
known:ZNF34:t2d,rs4637890,known:DKFZP434I0714:t2d,rs9991574,0.0475,0,0
known:ZNF34:t2d,rs4637890,known:hsa-mir-296:fbg,rs6026565,0.0001,0,0
known:ZNF34:t2d,rs4637890,new:PLAUR:cad,rs4760,0.0413,0,0
known:ZNF34:t2d,rs4637890,new:SLC12A3:cad,rs56228609,0.0013,0,0
known:ZNF34:t2d,rs4637890,new:C2orf49:t2d,rs4851758,0.0007,0,0
known:ZNF34:t2d,rs4637890,new:CWF19L1:t2d,rs17668357,0.0045,0,0
known:ZNF34:t2d,rs4637890,new:U6atac:t2d,rs12780155,0.011,0,0
known:ZNF34:t2d,rs4637890,new:CD101:t2d,rs12130298,0.0235,0,0
known:ZNF34:t2d,rs4637890,new:TAGLN2:cad,rs2789422,0.0065,0,0
known:ZNF34:t2d,rs4637890,new:CCDC19:cad,rs2789422,0.0065,0,0
known:ZNF34:t2d,rs4637890,new:RBM6:t2d,rs2245365,0.0021,0,0
known:ZNF34:t2d,rs4637890,new:CNNM2:cad,rs11191447,0.0269,0,0
known:ZNF34:t2d,rs4637890,new:VSIG8:cad,rs2789422,0.0065,0,0
known:ZNF34:t2d,rs4637890,new:LAMC1:cad,rs11588675,0.0008,0,0
known:ZNF34:t2d,rs4637890,new:TPD52:fbg,rs2162229,0.0006,0,0
known:ZNF34:t2d,rs4637890,new:SENP6:cad,rs62414240,0.0025,0,0
known:ZNF34:t2d,rs4637890,new:RIC8A:cad,rs6598075,0.0003,0,0
known:ZNF34:t2d,rs4637890,new:HMGN3:cad,rs17787027,nan,0,0
known:ZNF34:t2d,rs4637890,new:MT3:fbg,rs1580833,0.0005,0,0
known:ZNF34:t2d,rs4637890,new:RPL13:t2d,rs113847672,0.0146,0,0
known:ZNF34:t2d,rs4637890,new:ZBTB46:cad,rs6062322,0.0067,0,0
known:C6orf106:cad,rs3800461,known:PARVA:t2d,rs4757405,0.0264,0,0
known:C6orf106:cad,rs3800461,known:HOXC4:cad,rs1133773,nan,0,0
known:C6orf106:cad,rs3800461,known:YTHDF2:t2d,rs3753693,0.0035,0,0
known:C6orf106:cad,rs3800461,known:RP11-98D18.9:cad,rs1521185,0.0005,0,0
known:C6orf106:cad,rs3800461,known:SPDYE2:t2d,rs7781557,nan,0,0
known:C6orf106:cad,rs3800461,known:U6:cad,rs61776719,0.0288,0,0
known:C6orf106:cad,rs3800461,known:RP11-332O19.3:cad,rs11191472,nan,0,0
known:C6orf106:cad,rs3800461,known:ARHGAP19:t2d,rs8181326,0.0466,0,0
known:C6orf106:cad,rs3800461,known:BBIP1:t2d,rs10787287,0.0424,0,0
known:C6orf106:cad,rs3800461,known:FASTKD5:cad,rs860735,0.041,0,0
known:C6orf106:cad,rs3800461,known:RP5-1068B5.3:t2d,rs927204,nan,0,0
known:C6orf106:cad,rs3800461,known:MAST4-AS1:t2d,rs173651,0.0008,0,0
known:C6orf106:cad,rs3800461,known:LRRC37A15P:t2d,rs223490,0.0048,0,0
known:C6orf106:cad,rs3800461,known:PHBP9:t2d,rs11591741,0.018,0,0
known:C6orf106:cad,rs3800461,known:RP11-176F3.7:t2d,rs1758632,0.0068,0,0
known:C6orf106:cad,rs3800461,known:RP4-756G23.5:t2d,rs85220,0.0331,0,0
known:C6orf106:cad,rs3800461,known:RP1-159A19.4:cad,rs17361686,nan,0,0
known:C6orf106:cad,rs3800461,known:SERBP1P3:t2d,rs4687701,0.0513,0,0
known:C6orf106:cad,rs3800461,known:RP11-464F9.1:t2d,rs7908825,0.0071,0,0
known:C6orf106:cad,rs3800461,known:CTD-2037K23.2:cad,rs16875368,nan,0,0
known:C6orf106:cad,rs3800461,known:AP000487.5:cad,rs34053053,nan,0,0
known:C6orf106:cad,rs3800461,known:CTD-2044J15.1:cad,rs4389656,0.0154,0,0
known:C6orf106:cad,rs3800461,known:KRT8P46:t2d,rs223490,0.0048,0,0
known:C6orf106:cad,rs3800461,known:RP11-10L12.2:t2d,rs223490,0.0048,0,0
known:C6orf106:cad,rs3800461,known:RP11-464F9.9:t2d,rs11000760,0.0071,0,0
known:C6orf106:cad,rs3800461,known:RP11-347C18.3:t2d,rs726816,0.0142,0,0
known:C6orf106:cad,rs3800461,known:ALG1L13P:t2d,rs7837587,0.0079,0,0
known:C6orf106:cad,rs3800461,known:HMBS:cad,rs4614,0.0458,0,0
known:C6orf106:cad,rs3800461,known:RP11-856B14.1:t2d,rs1194104,nan,0,0
known:C6orf106:cad,rs3800461,known:RP11-384M15.3:cad,rs1050362,nan,0,0
known:C6orf106:cad,rs3800461,known:RP11-51F16.5:t2d,rs7223412,nan,0,0
known:C6orf106:cad,rs3800461,known:MIR4513:cad,rs12442901,0.0006,0,0
known:C6orf106:cad,rs3800461,known:Metazoa_SRP:cad,rs11204675,0.0139,0,0
known:C6orf106:cad,rs3800461,known:Metazoa_SRP:cad,rs10888385,0.0139,0,0
known:C6orf106:cad,rs3800461,known:STRADA:t2d,rs11079508,nan,0,0
known:C6orf106:cad,rs3800461,known:RP11-552F3.10:cad,rs3760128,0.0144,0,0
known:C6orf106:cad,rs3800461,known:AC002116.7:t2d,rs10418015,0.0003,0,0
known:C6orf106:cad,rs3800461,known:DKFZP434I0714:t2d,rs9991574,0.0165,0,0
known:C6orf106:cad,rs3800461,known:hsa-mir-296:fbg,rs6026565,nan,0,0
known:C6orf106:cad,rs3800461,new:PLAUR:cad,rs4760,nan,0,0
known:C6orf106:cad,rs3800461,new:SLC12A3:cad,rs56228609,nan,0,0
known:C6orf106:cad,rs3800461,new:C2orf49:t2d,rs4851758,nan,0,0
known:C6orf106:cad,rs3800461,new:CWF19L1:t2d,rs17668357,0.018,0,0
known:C6orf106:cad,rs3800461,new:U6atac:t2d,rs12780155,nan,0,0
known:C6orf106:cad,rs3800461,new:CD101:t2d,rs12130298,nan,0,0
known:C6orf106:cad,rs3800461,new:TAGLN2:cad,rs2789422,0.0155,0,0
known:C6orf106:cad,rs3800461,new:CCDC19:cad,rs2789422,0.0155,0,0
known:C6orf106:cad,rs3800461,new:RBM6:t2d,rs2245365,0.026,0,0
known:C6orf106:cad,rs3800461,new:CNNM2:cad,rs11191447,nan,0,0
known:C6orf106:cad,rs3800461,new:VSIG8:cad,rs2789422,0.0155,0,0
known:C6orf106:cad,rs3800461,new:LAMC1:cad,rs11588675,0.0001,0,0
known:C6orf106:cad,rs3800461,new:TPD52:fbg,rs2162229,0.0211,0,0
known:C6orf106:cad,rs3800461,new:SENP6:cad,rs62414240,0.0048,0,0
known:C6orf106:cad,rs3800461,new:RIC8A:cad,rs6598075,nan,0,0
known:C6orf106:cad,rs3800461,new:HMGN3:cad,rs17787027,nan,0,0
known:C6orf106:cad,rs3800461,new:MT3:fbg,rs1580833,nan,0,0
known:C6orf106:cad,rs3800461,new:RPL13:t2d,rs113847672,nan,0,0
known:C6orf106:cad,rs3800461,new:ZBTB46:cad,rs6062322,nan,0,0
known:PARVA:t2d,rs4757405,known:HOXC4:cad,rs1133773,0.002,0,0
known:PARVA:t2d,rs4757405,known:YTHDF2:t2d,rs3753693,0.0003,0,0
known:PARVA:t2d,rs4757405,known:RP11-98D18.9:cad,rs1521185,0.0026,0,0
known:PARVA:t2d,rs4757405,known:SPDYE2:t2d,rs7781557,0.0052,0,0
known:PARVA:t2d,rs4757405,known:U6:cad,rs61776719,0.0001,0,0
known:PARVA:t2d,rs4757405,known:RP11-332O19.3:cad,rs11191472,0.0,0,0
known:PARVA:t2d,rs4757405,known:ARHGAP19:t2d,rs8181326,0.0,0,0
known:PARVA:t2d,rs4757405,known:BBIP1:t2d,rs10787287,0.0005,0,0
known:PARVA:t2d,rs4757405,known:FASTKD5:cad,rs860735,0.0005,0,0
known:PARVA:t2d,rs4757405,known:RP5-1068B5.3:t2d,rs927204,0.0051,0,0
known:PARVA:t2d,rs4757405,known:MAST4-AS1:t2d,rs173651,0.0081,0,0
known:PARVA:t2d,rs4757405,known:LRRC37A15P:t2d,rs223490,0.0031,0,0
known:PARVA:t2d,rs4757405,known:PHBP9:t2d,rs11591741,0.0107,0,0
known:PARVA:t2d,rs4757405,known:RP11-176F3.7:t2d,rs1758632,0.0013,0,0
known:PARVA:t2d,rs4757405,known:RP4-756G23.5:t2d,rs85220,0.0059,0,0
known:PARVA:t2d,rs4757405,known:RP1-159A19.4:cad,rs17361686,0.0005,0,0
known:PARVA:t2d,rs4757405,known:SERBP1P3:t2d,rs4687701,0.0148,0,0
known:PARVA:t2d,rs4757405,known:RP11-464F9.1:t2d,rs7908825,0.0048,0,0
known:PARVA:t2d,rs4757405,known:CTD-2037K23.2:cad,rs16875368,0.0094,0,0
known:PARVA:t2d,rs4757405,known:AP000487.5:cad,rs34053053,0.0046,0,0
known:PARVA:t2d,rs4757405,known:CTD-2044J15.1:cad,rs4389656,0.0053,0,0
known:PARVA:t2d,rs4757405,known:KRT8P46:t2d,rs223490,0.0031,0,0
known:PARVA:t2d,rs4757405,known:RP11-10L12.2:t2d,rs223490,0.0031,0,0
known:PARVA:t2d,rs4757405,known:RP11-464F9.9:t2d,rs11000760,0.0039,0,0
known:PARVA:t2d,rs4757405,known:RP11-347C18.3:t2d,rs726816,0.0119,0,0
known:PARVA:t2d,rs4757405,known:ALG1L13P:t2d,rs7837587,0.0045,0,0
known:PARVA:t2d,rs4757405,known:HMBS:cad,rs4614,0.0008,0,0
known:PARVA:t2d,rs4757405,known:RP11-856B14.1:t2d,rs1194104,0.0003,0,0
known:PARVA:t2d,rs4757405,known:RP11-384M15.3:cad,rs1050362,0.0002,0,0
known:PARVA:t2d,rs4757405,known:RP11-51F16.5:t2d,rs7223412,0.0018,0,0
known:PARVA:t2d,rs4757405,known:MIR4513:cad,rs12442901,0.0055,0,0
known:PARVA:t2d,rs4757405,known:Metazoa_SRP:cad,rs11204675,0.0017,0,0
known:PARVA:t2d,rs4757405,known:Metazoa_SRP:cad,rs10888385,0.0017,0,0
known:PARVA:t2d,rs4757405,known:STRADA:t2d,rs11079508,0.0018,0,0
known:PARVA:t2d,rs4757405,known:RP11-552F3.10:cad,rs3760128,0.0,0,0
known:PARVA:t2d,rs4757405,known:AC002116.7:t2d,rs10418015,0.0,0,0
known:PARVA:t2d,rs4757405,known:DKFZP434I0714:t2d,rs9991574,0.0003,0,0
known:PARVA:t2d,rs4757405,known:hsa-mir-296:fbg,rs6026565,0.0053,0,0
known:PARVA:t2d,rs4757405,new:PLAUR:cad,rs4760,0.0007,0,0
known:PARVA:t2d,rs4757405,new:SLC12A3:cad,rs56228609,0.0027,0,0
known:PARVA:t2d,rs4757405,new:C2orf49:t2d,rs4851758,0.0134,0,0
known:PARVA:t2d,rs4757405,new:CWF19L1:t2d,rs17668357,0.0116,0,0
known:PARVA:t2d,rs4757405,new:U6atac:t2d,rs12780155,0.0028,0,0
known:PARVA:t2d,rs4757405,new:CD101:t2d,rs12130298,0.0012,0,0
known:PARVA:t2d,rs4757405,new:TAGLN2:cad,rs2789422,0.0023,0,0
known:PARVA:t2d,rs4757405,new:CCDC19:cad,rs2789422,0.0023,0,0
known:PARVA:t2d,rs4757405,new:RBM6:t2d,rs2245365,0.0006,0,0
known:PARVA:t2d,rs4757405,new:CNNM2:cad,rs11191447,0.0,0,0
known:PARVA:t2d,rs4757405,new:VSIG8:cad,rs2789422,0.0023,0,0
known:PARVA:t2d,rs4757405,new:LAMC1:cad,rs11588675,0.0016,0,0
known:PARVA:t2d,rs4757405,new:TPD52:fbg,rs2162229,0.0,0,0
known:PARVA:t2d,rs4757405,new:SENP6:cad,rs62414240,0.0034,0,0
known:PARVA:t2d,rs4757405,new:RIC8A:cad,rs6598075,0.0014,0,0
known:PARVA:t2d,rs4757405,new:HMGN3:cad,rs17787027,0.0001,0,0
known:PARVA:t2d,rs4757405,new:MT3:fbg,rs1580833,0.0032,0,0
known:PARVA:t2d,rs4757405,new:RPL13:t2d,rs113847672,0.0023,0,0
known:PARVA:t2d,rs4757405,new:ZBTB46:cad,rs6062322,0.0011,0,0
known:HOXC4:cad,rs1133773,known:YTHDF2:t2d,rs3753693,0.0068,0,0
known:HOXC4:cad,rs1133773,known:RP11-98D18.9:cad,rs1521185,0.0085,0,0
known:HOXC4:cad,rs1133773,known:SPDYE2:t2d,rs7781557,0.0003,0,0
known:HOXC4:cad,rs1133773,known:U6:cad,rs61776719,0.0,0,0
known:HOXC4:cad,rs1133773,known:RP11-332O19.3:cad,rs11191472,nan,0,0
known:HOXC4:cad,rs1133773,known:ARHGAP19:t2d,rs8181326,0.0002,0,0
known:HOXC4:cad,rs1133773,known:BBIP1:t2d,rs10787287,0.0016,0,0
known:HOXC4:cad,rs1133773,known:FASTKD5:cad,rs860735,0.0394,0,0
known:HOXC4:cad,rs1133773,known:RP5-1068B5.3:t2d,rs927204,nan,0,0
known:HOXC4:cad,rs1133773,known:MAST4-AS1:t2d,rs173651,0.0011,0,0
known:HOXC4:cad,rs1133773,known:LRRC37A15P:t2d,rs223490,0.0,0,0
known:HOXC4:cad,rs1133773,known:PHBP9:t2d,rs11591741,0.014,0,0
known:HOXC4:cad,rs1133773,known:RP11-176F3.7:t2d,rs1758632,0.0087,0,0
known:HOXC4:cad,rs1133773,known:RP4-756G23.5:t2d,rs85220,0.0698,0,0
known:HOXC4:cad,rs1133773,known:RP1-159A19.4:cad,rs17361686,nan,0,0
known:HOXC4:cad,rs1133773,known:SERBP1P3:t2d,rs4687701,0.0019,0,0
known:HOXC4:cad,rs1133773,known:RP11-464F9.1:t2d,rs7908825,0.0002,0,0
known:HOXC4:cad,rs1133773,known:CTD-2037K23.2:cad,rs16875368,0.026,0,0
known:HOXC4:cad,rs1133773,known:AP000487.5:cad,rs34053053,nan,0,0
known:HOXC4:cad,rs1133773,known:CTD-2044J15.1:cad,rs4389656,0.0025,0,0
known:HOXC4:cad,rs1133773,known:KRT8P46:t2d,rs223490,0.0,0,0
known:HOXC4:cad,rs1133773,known:RP11-10L12.2:t2d,rs223490,0.0,0,0
known:HOXC4:cad,rs1133773,known:RP11-464F9.9:t2d,rs11000760,0.0003,0,0
known:HOXC4:cad,rs1133773,known:RP11-347C18.3:t2d,rs726816,0.0031,0,0
known:HOXC4:cad,rs1133773,known:ALG1L13P:t2d,rs7837587,0.0011,0,0
known:HOXC4:cad,rs1133773,known:HMBS:cad,rs4614,0.0162,0,0
known:HOXC4:cad,rs1133773,known:RP11-856B14.1:t2d,rs1194104,0.0049,0,0
known:HOXC4:cad,rs1133773,known:RP11-384M15.3:cad,rs1050362,0.0144,0,0
known:HOXC4:cad,rs1133773,known:RP11-51F16.5:t2d,rs7223412,0.0205,0,0
known:HOXC4:cad,rs1133773,known:MIR4513:cad,rs12442901,0.0061,0,0
known:HOXC4:cad,rs1133773,known:Metazoa_SRP:cad,rs11204675,0.0016,0,0
known:HOXC4:cad,rs1133773,known:Metazoa_SRP:cad,rs10888385,0.0016,0,0
known:HOXC4:cad,rs1133773,known:STRADA:t2d,rs11079508,0.0205,0,0
known:HOXC4:cad,rs1133773,known:RP11-552F3.10:cad,rs3760128,0.005,0,0
known:HOXC4:cad,rs1133773,known:AC002116.7:t2d,rs10418015,0.003,0,0
known:HOXC4:cad,rs1133773,known:DKFZP434I0714:t2d,rs9991574,0.004,0,0
known:HOXC4:cad,rs1133773,known:hsa-mir-296:fbg,rs6026565,nan,0,0
known:HOXC4:cad,rs1133773,new:PLAUR:cad,rs4760,0.0083,0,0
known:HOXC4:cad,rs1133773,new:SLC12A3:cad,rs56228609,0.0005,0,0
known:HOXC4:cad,rs1133773,new:C2orf49:t2d,rs4851758,0.0095,0,0
known:HOXC4:cad,rs1133773,new:CWF19L1:t2d,rs17668357,0.0126,0,0
known:HOXC4:cad,rs1133773,new:U6atac:t2d,rs12780155,0.0021,0,0
known:HOXC4:cad,rs1133773,new:CD101:t2d,rs12130298,nan,0,0
known:HOXC4:cad,rs1133773,new:TAGLN2:cad,rs2789422,0.0016,0,0
known:HOXC4:cad,rs1133773,new:CCDC19:cad,rs2789422,0.0016,0,0
known:HOXC4:cad,rs1133773,new:RBM6:t2d,rs2245365,0.0042,0,0
known:HOXC4:cad,rs1133773,new:CNNM2:cad,rs11191447,nan,0,0
known:HOXC4:cad,rs1133773,new:VSIG8:cad,rs2789422,0.0016,0,0
known:HOXC4:cad,rs1133773,new:LAMC1:cad,rs11588675,0.0001,0,0
known:HOXC4:cad,rs1133773,new:TPD52:fbg,rs2162229,0.0217,0,0
known:HOXC4:cad,rs1133773,new:SENP6:cad,rs62414240,0.0007,0,0
known:HOXC4:cad,rs1133773,new:RIC8A:cad,rs6598075,0.006,0,0
known:HOXC4:cad,rs1133773,new:HMGN3:cad,rs17787027,nan,0,0
known:HOXC4:cad,rs1133773,new:MT3:fbg,rs1580833,0.0053,0,0
known:HOXC4:cad,rs1133773,new:RPL13:t2d,rs113847672,0.046,0,0
known:HOXC4:cad,rs1133773,new:ZBTB46:cad,rs6062322,0.0,0,0
known:YTHDF2:t2d,rs3753693,known:RP11-98D18.9:cad,rs1521185,0.0043,0,0
known:YTHDF2:t2d,rs3753693,known:SPDYE2:t2d,rs7781557,0.0003,0,0
known:YTHDF2:t2d,rs3753693,known:U6:cad,rs61776719,0.0058,0,0
known:YTHDF2:t2d,rs3753693,known:RP11-332O19.3:cad,rs11191472,0.0062,0,0
known:YTHDF2:t2d,rs3753693,known:ARHGAP19:t2d,rs8181326,0.0006,0,0
known:YTHDF2:t2d,rs3753693,known:BBIP1:t2d,rs10787287,0.012,0,0
known:YTHDF2:t2d,rs3753693,known:FASTKD5:cad,rs860735,0.0025,0,0
known:YTHDF2:t2d,rs3753693,known:RP5-1068B5.3:t2d,rs927204,0.0088,0,0
known:YTHDF2:t2d,rs3753693,known:MAST4-AS1:t2d,rs173651,0.0023,0,0
known:YTHDF2:t2d,rs3753693,known:LRRC37A15P:t2d,rs223490,0.0037,0,0
known:YTHDF2:t2d,rs3753693,known:PHBP9:t2d,rs11591741,0.0035,0,0
known:YTHDF2:t2d,rs3753693,known:RP11-176F3.7:t2d,rs1758632,0.0007,0,0
known:YTHDF2:t2d,rs3753693,known:RP4-756G23.5:t2d,rs85220,0.0,0,0
known:YTHDF2:t2d,rs3753693,known:RP1-159A19.4:cad,rs17361686,0.0143,0,0
known:YTHDF2:t2d,rs3753693,known:SERBP1P3:t2d,rs4687701,0.0004,0,0
known:YTHDF2:t2d,rs3753693,known:RP11-464F9.1:t2d,rs7908825,0.0056,0,0
known:YTHDF2:t2d,rs3753693,known:CTD-2037K23.2:cad,rs16875368,0.0326,0,0
known:YTHDF2:t2d,rs3753693,known:AP000487.5:cad,rs34053053,0.0013,0,0
known:YTHDF2:t2d,rs3753693,known:CTD-2044J15.1:cad,rs4389656,0.0011,0,0
known:YTHDF2:t2d,rs3753693,known:KRT8P46:t2d,rs223490,0.0037,0,0
known:YTHDF2:t2d,rs3753693,known:RP11-10L12.2:t2d,rs223490,0.0037,0,0
known:YTHDF2:t2d,rs3753693,known:RP11-464F9.9:t2d,rs11000760,0.0056,0,0
known:YTHDF2:t2d,rs3753693,known:RP11-347C18.3:t2d,rs726816,0.0009,0,0
known:YTHDF2:t2d,rs3753693,known:ALG1L13P:t2d,rs7837587,0.0001,0,0
known:YTHDF2:t2d,rs3753693,known:HMBS:cad,rs4614,0.0,0,0
known:YTHDF2:t2d,rs3753693,known:RP11-856B14.1:t2d,rs1194104,0.0077,0,0
known:YTHDF2:t2d,rs3753693,known:RP11-384M15.3:cad,rs1050362,0.0004,0,0
known:YTHDF2:t2d,rs3753693,known:RP11-51F16.5:t2d,rs7223412,0.0173,0,0
known:YTHDF2:t2d,rs3753693,known:MIR4513:cad,rs12442901,0.0021,0,0
known:YTHDF2:t2d,rs3753693,known:Metazoa_SRP:cad,rs11204675,0.0101,0,0
known:YTHDF2:t2d,rs3753693,known:Metazoa_SRP:cad,rs10888385,0.0101,0,0
known:YTHDF2:t2d,rs3753693,known:STRADA:t2d,rs11079508,0.0173,0,0
known:YTHDF2:t2d,rs3753693,known:RP11-552F3.10:cad,rs3760128,0.0206,0,0
known:YTHDF2:t2d,rs3753693,known:AC002116.7:t2d,rs10418015,0.0006,0,0
known:YTHDF2:t2d,rs3753693,known:DKFZP434I0714:t2d,rs9991574,0.0155,0,0
known:YTHDF2:t2d,rs3753693,known:hsa-mir-296:fbg,rs6026565,0.001,0,0
known:YTHDF2:t2d,rs3753693,new:PLAUR:cad,rs4760,0.0045,0,0
known:YTHDF2:t2d,rs3753693,new:SLC12A3:cad,rs56228609,0.0459,0,0
known:YTHDF2:t2d,rs3753693,new:C2orf49:t2d,rs4851758,0.0089,0,0
known:YTHDF2:t2d,rs3753693,new:CWF19L1:t2d,rs17668357,0.003,0,0
known:YTHDF2:t2d,rs3753693,new:U6atac:t2d,rs12780155,0.0005,0,0
known:YTHDF2:t2d,rs3753693,new:CD101:t2d,rs12130298,nan,0,0
known:YTHDF2:t2d,rs3753693,new:TAGLN2:cad,rs2789422,0.0014,0,0
known:YTHDF2:t2d,rs3753693,new:CCDC19:cad,rs2789422,0.0014,0,0
known:YTHDF2:t2d,rs3753693,new:RBM6:t2d,rs2245365,0.0045,0,0
known:YTHDF2:t2d,rs3753693,new:CNNM2:cad,rs11191447,0.0062,0,0
known:YTHDF2:t2d,rs3753693,new:VSIG8:cad,rs2789422,0.0014,0,0
known:YTHDF2:t2d,rs3753693,new:LAMC1:cad,rs11588675,0.0026,0,0
known:YTHDF2:t2d,rs3753693,new:TPD52:fbg,rs2162229,0.002,0,0
known:YTHDF2:t2d,rs3753693,new:SENP6:cad,rs62414240,0.0179,0,0
known:YTHDF2:t2d,rs3753693,new:RIC8A:cad,rs6598075,0.0025,0,0
known:YTHDF2:t2d,rs3753693,new:HMGN3:cad,rs17787027,nan,0,0
known:YTHDF2:t2d,rs3753693,new:MT3:fbg,rs1580833,0.0008,0,0
known:YTHDF2:t2d,rs3753693,new:RPL13:t2d,rs113847672,0.0002,0,0
known:YTHDF2:t2d,rs3753693,new:ZBTB46:cad,rs6062322,0.0,0,0
known:RP11-98D18.9:cad,rs1521185,known:SPDYE2:t2d,rs7781557,0.008,0,0
known:RP11-98D18.9:cad,rs1521185,known:U6:cad,rs61776719,0.0036,0,0
known:RP11-98D18.9:cad,rs1521185,known:RP11-332O19.3:cad,rs11191472,0.0007,0,0
known:RP11-98D18.9:cad,rs1521185,known:ARHGAP19:t2d,rs8181326,0.0,0,0
known:RP11-98D18.9:cad,rs1521185,known:BBIP1:t2d,rs10787287,0.0007,0,0
known:RP11-98D18.9:cad,rs1521185,known:FASTKD5:cad,rs860735,0.0003,0,0
known:RP11-98D18.9:cad,rs1521185,known:RP5-1068B5.3:t2d,rs927204,0.0096,0,0
known:RP11-98D18.9:cad,rs1521185,known:MAST4-AS1:t2d,rs173651,0.0001,0,0
known:RP11-98D18.9:cad,rs1521185,known:LRRC37A15P:t2d,rs223490,0.004,0,0
known:RP11-98D18.9:cad,rs1521185,known:PHBP9:t2d,rs11591741,0.003,0,0
known:RP11-98D18.9:cad,rs1521185,known:RP11-176F3.7:t2d,rs1758632,0.0016,0,0
known:RP11-98D18.9:cad,rs1521185,known:RP4-756G23.5:t2d,rs85220,0.0,0,0
known:RP11-98D18.9:cad,rs1521185,known:RP1-159A19.4:cad,rs17361686,0.0167,0,0
known:RP11-98D18.9:cad,rs1521185,known:SERBP1P3:t2d,rs4687701,0.0003,0,0
known:RP11-98D18.9:cad,rs1521185,known:RP11-464F9.1:t2d,rs7908825,0.0001,0,0
known:RP11-98D18.9:cad,rs1521185,known:CTD-2037K23.2:cad,rs16875368,0.0011,0,0
known:RP11-98D18.9:cad,rs1521185,known:AP000487.5:cad,rs34053053,0.0031,0,0
known:RP11-98D18.9:cad,rs1521185,known:CTD-2044J15.1:cad,rs4389656,0.0101,0,0
known:RP11-98D18.9:cad,rs1521185,known:KRT8P46:t2d,rs223490,0.004,0,0
known:RP11-98D18.9:cad,rs1521185,known:RP11-10L12.2:t2d,rs223490,0.004,0,0
known:RP11-98D18.9:cad,rs1521185,known:RP11-464F9.9:t2d,rs11000760,0.0001,0,0
known:RP11-98D18.9:cad,rs1521185,known:RP11-347C18.3:t2d,rs726816,0.0005,0,0
known:RP11-98D18.9:cad,rs1521185,known:ALG1L13P:t2d,rs7837587,0.0006,0,0
known:RP11-98D18.9:cad,rs1521185,known:HMBS:cad,rs4614,0.0183,0,0
known:RP11-98D18.9:cad,rs1521185,known:RP11-856B14.1:t2d,rs1194104,0.0006,0,0
known:RP11-98D18.9:cad,rs1521185,known:RP11-384M15.3:cad,rs1050362,0.0004,0,0
known:RP11-98D18.9:cad,rs1521185,known:RP11-51F16.5:t2d,rs7223412,0.0,0,0
known:RP11-98D18.9:cad,rs1521185,known:MIR4513:cad,rs12442901,0.0028,0,0
known:RP11-98D18.9:cad,rs1521185,known:Metazoa_SRP:cad,rs11204675,0.0003,0,0
known:RP11-98D18.9:cad,rs1521185,known:Metazoa_SRP:cad,rs10888385,0.0003,0,0
known:RP11-98D18.9:cad,rs1521185,known:STRADA:t2d,rs11079508,0.0,0,0
known:RP11-98D18.9:cad,rs1521185,known:RP11-552F3.10:cad,rs3760128,0.0011,0,0
known:RP11-98D18.9:cad,rs1521185,known:AC002116.7:t2d,rs10418015,0.0009,0,0
known:RP11-98D18.9:cad,rs1521185,known:DKFZP434I0714:t2d,rs9991574,0.0141,0,0
known:RP11-98D18.9:cad,rs1521185,known:hsa-mir-296:fbg,rs6026565,0.0239,0,0
known:RP11-98D18.9:cad,rs1521185,new:PLAUR:cad,rs4760,0.0154,0,0
known:RP11-98D18.9:cad,rs1521185,new:SLC12A3:cad,rs56228609,0.0003,0,0
known:RP11-98D18.9:cad,rs1521185,new:C2orf49:t2d,rs4851758,0.0054,0,0
known:RP11-98D18.9:cad,rs1521185,new:CWF19L1:t2d,rs17668357,0.0026,0,0
known:RP11-98D18.9:cad,rs1521185,new:U6atac:t2d,rs12780155,0.0006,0,0
known:RP11-98D18.9:cad,rs1521185,new:CD101:t2d,rs12130298,0.0,0,0
known:RP11-98D18.9:cad,rs1521185,new:TAGLN2:cad,rs2789422,0.0001,0,0
known:RP11-98D18.9:cad,rs1521185,new:CCDC19:cad,rs2789422,0.0001,0,0
known:RP11-98D18.9:cad,rs1521185,new:RBM6:t2d,rs2245365,0.0055,0,0
known:RP11-98D18.9:cad,rs1521185,new:CNNM2:cad,rs11191447,0.0007,0,0
known:RP11-98D18.9:cad,rs1521185,new:VSIG8:cad,rs2789422,0.0001,0,0
known:RP11-98D18.9:cad,rs1521185,new:LAMC1:cad,rs11588675,0.0,0,0
known:RP11-98D18.9:cad,rs1521185,new:TPD52:fbg,rs2162229,0.0,0,0
known:RP11-98D18.9:cad,rs1521185,new:SENP6:cad,rs62414240,0.0009,0,0
known:RP11-98D18.9:cad,rs1521185,new:RIC8A:cad,rs6598075,0.0,0,0
known:RP11-98D18.9:cad,rs1521185,new:HMGN3:cad,rs17787027,0.0027,0,0
known:RP11-98D18.9:cad,rs1521185,new:MT3:fbg,rs1580833,0.003,0,0
known:RP11-98D18.9:cad,rs1521185,new:RPL13:t2d,rs113847672,0.004,0,0
known:RP11-98D18.9:cad,rs1521185,new:ZBTB46:cad,rs6062322,0.0158,0,0
known:SPDYE2:t2d,rs7781557,known:U6:cad,rs61776719,0.0011,0,0
known:SPDYE2:t2d,rs7781557,known:RP11-332O19.3:cad,rs11191472,nan,0,0
known:SPDYE2:t2d,rs7781557,known:ARHGAP19:t2d,rs8181326,0.0006,0,0
known:SPDYE2:t2d,rs7781557,known:BBIP1:t2d,rs10787287,0.0143,0,0
known:SPDYE2:t2d,rs7781557,known:FASTKD5:cad,rs860735,0.0151,0,0
known:SPDYE2:t2d,rs7781557,known:RP5-1068B5.3:t2d,rs927204,nan,0,0
known:SPDYE2:t2d,rs7781557,known:MAST4-AS1:t2d,rs173651,0.0116,0,0
known:SPDYE2:t2d,rs7781557,known:LRRC37A15P:t2d,rs223490,0.0076,0,0
known:SPDYE2:t2d,rs7781557,known:PHBP9:t2d,rs11591741,0.0015,0,0
known:SPDYE2:t2d,rs7781557,known:RP11-176F3.7:t2d,rs1758632,0.0006,0,0
known:SPDYE2:t2d,rs7781557,known:RP4-756G23.5:t2d,rs85220,0.0007,0,0
known:SPDYE2:t2d,rs7781557,known:RP1-159A19.4:cad,rs17361686,nan,0,0
known:SPDYE2:t2d,rs7781557,known:SERBP1P3:t2d,rs4687701,0.0,0,0
known:SPDYE2:t2d,rs7781557,known:RP11-464F9.1:t2d,rs7908825,0.0204,0,0
known:SPDYE2:t2d,rs7781557,known:CTD-2037K23.2:cad,rs16875368,0.0222,0,0
known:SPDYE2:t2d,rs7781557,known:AP000487.5:cad,rs34053053,nan,0,0
known:SPDYE2:t2d,rs7781557,known:CTD-2044J15.1:cad,rs4389656,0.004,0,0
known:SPDYE2:t2d,rs7781557,known:KRT8P46:t2d,rs223490,0.0076,0,0
known:SPDYE2:t2d,rs7781557,known:RP11-10L12.2:t2d,rs223490,0.0076,0,0
known:SPDYE2:t2d,rs7781557,known:RP11-464F9.9:t2d,rs11000760,0.0204,0,0
known:SPDYE2:t2d,rs7781557,known:RP11-347C18.3:t2d,rs726816,0.0016,0,0
known:SPDYE2:t2d,rs7781557,known:ALG1L13P:t2d,rs7837587,0.038,0,0
known:SPDYE2:t2d,rs7781557,known:HMBS:cad,rs4614,0.0003,0,0
known:SPDYE2:t2d,rs7781557,known:RP11-856B14.1:t2d,rs1194104,0.0068,0,0
known:SPDYE2:t2d,rs7781557,known:RP11-384M15.3:cad,rs1050362,0.0033,0,0
known:SPDYE2:t2d,rs7781557,known:RP11-51F16.5:t2d,rs7223412,0.0191,0,0
known:SPDYE2:t2d,rs7781557,known:MIR4513:cad,rs12442901,0.0002,0,0
known:SPDYE2:t2d,rs7781557,known:Metazoa_SRP:cad,rs11204675,0.0014,0,0
known:SPDYE2:t2d,rs7781557,known:Metazoa_SRP:cad,rs10888385,0.0014,0,0
known:SPDYE2:t2d,rs7781557,known:STRADA:t2d,rs11079508,0.0191,0,0
known:SPDYE2:t2d,rs7781557,known:RP11-552F3.10:cad,rs3760128,0.0076,0,0
known:SPDYE2:t2d,rs7781557,known:AC002116.7:t2d,rs10418015,0.0115,0,0
known:SPDYE2:t2d,rs7781557,known:DKFZP434I0714:t2d,rs9991574,0.0137,0,0
known:SPDYE2:t2d,rs7781557,known:hsa-mir-296:fbg,rs6026565,nan,0,0
known:SPDYE2:t2d,rs7781557,new:PLAUR:cad,rs4760,nan,0,0
known:SPDYE2:t2d,rs7781557,new:SLC12A3:cad,rs56228609,0.0018,0,0
known:SPDYE2:t2d,rs7781557,new:C2orf49:t2d,rs4851758,nan,0,0
known:SPDYE2:t2d,rs7781557,new:CWF19L1:t2d,rs17668357,0.0021,0,0
known:SPDYE2:t2d,rs7781557,new:U6atac:t2d,rs12780155,0.0017,0,0
known:SPDYE2:t2d,rs7781557,new:CD101:t2d,rs12130298,nan,0,0
known:SPDYE2:t2d,rs7781557,new:TAGLN2:cad,rs2789422,0.0012,0,0
known:SPDYE2:t2d,rs7781557,new:CCDC19:cad,rs2789422,0.0012,0,0
known:SPDYE2:t2d,rs7781557,new:RBM6:t2d,rs2245365,0.011,0,0
known:SPDYE2:t2d,rs7781557,new:CNNM2:cad,rs11191447,nan,0,0
known:SPDYE2:t2d,rs7781557,new:VSIG8:cad,rs2789422,0.0012,0,0
known:SPDYE2:t2d,rs7781557,new:LAMC1:cad,rs11588675,0.0105,0,0
known:SPDYE2:t2d,rs7781557,new:TPD52:fbg,rs2162229,0.0092,0,0
known:SPDYE2:t2d,rs7781557,new:SENP6:cad,rs62414240,0.0217,0,0
known:SPDYE2:t2d,rs7781557,new:RIC8A:cad,rs6598075,0.0001,0,0
known:SPDYE2:t2d,rs7781557,new:HMGN3:cad,rs17787027,nan,0,0
known:SPDYE2:t2d,rs7781557,new:MT3:fbg,rs1580833,0.0024,0,0
known:SPDYE2:t2d,rs7781557,new:RPL13:t2d,rs113847672,0.0101,0,0
known:SPDYE2:t2d,rs7781557,new:ZBTB46:cad,rs6062322,0.0027,0,0
known:U6:cad,rs61776719,known:RP11-332O19.3:cad,rs11191472,0.0153,0,0
known:U6:cad,rs61776719,known:ARHGAP19:t2d,rs8181326,0.0001,0,0
known:U6:cad,rs61776719,known:BBIP1:t2d,rs10787287,0.0011,0,0
known:U6:cad,rs61776719,known:FASTKD5:cad,rs860735,0.0007,0,0
known:U6:cad,rs61776719,known:RP5-1068B5.3:t2d,rs927204,0.0051,0,0
known:U6:cad,rs61776719,known:MAST4-AS1:t2d,rs173651,0.002,0,0
known:U6:cad,rs61776719,known:LRRC37A15P:t2d,rs223490,0.0074,0,0
known:U6:cad,rs61776719,known:PHBP9:t2d,rs11591741,0.0047,0,0
known:U6:cad,rs61776719,known:RP11-176F3.7:t2d,rs1758632,0.0042,0,0
known:U6:cad,rs61776719,known:RP4-756G23.5:t2d,rs85220,0.0171,0,0
known:U6:cad,rs61776719,known:RP1-159A19.4:cad,rs17361686,0.0345,0,0
known:U6:cad,rs61776719,known:SERBP1P3:t2d,rs4687701,0.0098,0,0
known:U6:cad,rs61776719,known:RP11-464F9.1:t2d,rs7908825,0.0009,0,0
known:U6:cad,rs61776719,known:CTD-2037K23.2:cad,rs16875368,0.0004,0,0
known:U6:cad,rs61776719,known:AP000487.5:cad,rs34053053,0.0115,0,0
known:U6:cad,rs61776719,known:CTD-2044J15.1:cad,rs4389656,0.0074,0,0
known:U6:cad,rs61776719,known:KRT8P46:t2d,rs223490,0.0074,0,0
known:U6:cad,rs61776719,known:RP11-10L12.2:t2d,rs223490,0.0074,0,0
known:U6:cad,rs61776719,known:RP11-464F9.9:t2d,rs11000760,0.0004,0,0
known:U6:cad,rs61776719,known:RP11-347C18.3:t2d,rs726816,0.0084,0,0
known:U6:cad,rs61776719,known:ALG1L13P:t2d,rs7837587,0.0001,0,0
known:U6:cad,rs61776719,known:HMBS:cad,rs4614,0.0023,0,0
known:U6:cad,rs61776719,known:RP11-856B14.1:t2d,rs1194104,0.0002,0,0
known:U6:cad,rs61776719,known:RP11-384M15.3:cad,rs1050362,0.001,0,0
known:U6:cad,rs61776719,known:RP11-51F16.5:t2d,rs7223412,0.0003,0,0
known:U6:cad,rs61776719,known:MIR4513:cad,rs12442901,0.0013,0,0
known:U6:cad,rs61776719,known:Metazoa_SRP:cad,rs11204675,0.0,0,0
known:U6:cad,rs61776719,known:Metazoa_SRP:cad,rs10888385,0.0,0,0
known:U6:cad,rs61776719,known:STRADA:t2d,rs11079508,0.0003,0,0
known:U6:cad,rs61776719,known:RP11-552F3.10:cad,rs3760128,0.0022,0,0
known:U6:cad,rs61776719,known:AC002116.7:t2d,rs10418015,0.0026,0,0
known:U6:cad,rs61776719,known:DKFZP434I0714:t2d,rs9991574,0.0167,0,0
known:U6:cad,rs61776719,known:hsa-mir-296:fbg,rs6026565,0.0195,0,0
known:U6:cad,rs61776719,new:PLAUR:cad,rs4760,0.0099,0,0
known:U6:cad,rs61776719,new:SLC12A3:cad,rs56228609,0.0001,0,0
known:U6:cad,rs61776719,new:C2orf49:t2d,rs4851758,0.0044,0,0
known:U6:cad,rs61776719,new:CWF19L1:t2d,rs17668357,0.0058,0,0
known:U6:cad,rs61776719,new:U6atac:t2d,rs12780155,0.0007,0,0
known:U6:cad,rs61776719,new:CD101:t2d,rs12130298,0.0246,0,0
known:U6:cad,rs61776719,new:TAGLN2:cad,rs2789422,0.0016,0,0
known:U6:cad,rs61776719,new:CCDC19:cad,rs2789422,0.0016,0,0
known:U6:cad,rs61776719,new:RBM6:t2d,rs2245365,0.0018,0,0
known:U6:cad,rs61776719,new:CNNM2:cad,rs11191447,0.0153,0,0
known:U6:cad,rs61776719,new:VSIG8:cad,rs2789422,0.0016,0,0
known:U6:cad,rs61776719,new:LAMC1:cad,rs11588675,0.0014,0,0
known:U6:cad,rs61776719,new:TPD52:fbg,rs2162229,0.0054,0,0
known:U6:cad,rs61776719,new:SENP6:cad,rs62414240,0.0028,0,0
known:U6:cad,rs61776719,new:RIC8A:cad,rs6598075,0.0002,0,0
known:U6:cad,rs61776719,new:HMGN3:cad,rs17787027,nan,0,0
known:U6:cad,rs61776719,new:MT3:fbg,rs1580833,0.0007,0,0
known:U6:cad,rs61776719,new:RPL13:t2d,rs113847672,0.0013,0,0
known:U6:cad,rs61776719,new:ZBTB46:cad,rs6062322,0.039,0,0
known:RP11-332O19.3:cad,rs11191472,known:ARHGAP19:t2d,rs8181326,0.0553,0,0
known:RP11-332O19.3:cad,rs11191472,known:BBIP1:t2d,rs10787287,0.0042,0,0
known:RP11-332O19.3:cad,rs11191472,known:FASTKD5:cad,rs860735,0.0009,0,0
known:RP11-332O19.3:cad,rs11191472,known:RP5-1068B5.3:t2d,rs927204,nan,0,0
known:RP11-332O19.3:cad,rs11191472,known:MAST4-AS1:t2d,rs173651,0.0154,0,0
known:RP11-332O19.3:cad,rs11191472,known:LRRC37A15P:t2d,rs223490,0.0116,0,0
known:RP11-332O19.3:cad,rs11191472,known:PHBP9:t2d,rs11591741,0.017,0,0
known:RP11-332O19.3:cad,rs11191472,known:RP11-176F3.7:t2d,rs1758632,0.0252,0,0
known:RP11-332O19.3:cad,rs11191472,known:RP4-756G23.5:t2d,rs85220,nan,0,0
known:RP11-332O19.3:cad,rs11191472,known:RP1-159A19.4:cad,rs17361686,nan,0,0
known:RP11-332O19.3:cad,rs11191472,known:SERBP1P3:t2d,rs4687701,0.0237,0,0
known:RP11-332O19.3:cad,rs11191472,known:RP11-464F9.1:t2d,rs7908825,0.0235,0,0
known:RP11-332O19.3:cad,rs11191472,known:CTD-2037K23.2:cad,rs16875368,nan,0,0
known:RP11-332O19.3:cad,rs11191472,known:AP000487.5:cad,rs34053053,nan,0,0
known:RP11-332O19.3:cad,rs11191472,known:CTD-2044J15.1:cad,rs4389656,0.0933,0,0
known:RP11-332O19.3:cad,rs11191472,known:KRT8P46:t2d,rs223490,0.0116,0,0
known:RP11-332O19.3:cad,rs11191472,known:RP11-10L12.2:t2d,rs223490,0.0116,0,0
known:RP11-332O19.3:cad,rs11191472,known:RP11-464F9.9:t2d,rs11000760,0.0214,0,0
known:RP11-332O19.3:cad,rs11191472,known:RP11-347C18.3:t2d,rs726816,0.0028,0,0
known:RP11-332O19.3:cad,rs11191472,known:ALG1L13P:t2d,rs7837587,0.0063,0,0
known:RP11-332O19.3:cad,rs11191472,known:HMBS:cad,rs4614,0.0073,0,0
known:RP11-332O19.3:cad,rs11191472,known:RP11-856B14.1:t2d,rs1194104,nan,0,0
known:RP11-332O19.3:cad,rs11191472,known:RP11-384M15.3:cad,rs1050362,0.0077,0,0
known:RP11-332O19.3:cad,rs11191472,known:RP11-51F16.5:t2d,rs7223412,nan,0,0
known:RP11-332O19.3:cad,rs11191472,known:MIR4513:cad,rs12442901,0.0214,0,0
known:RP11-332O19.3:cad,rs11191472,known:Metazoa_SRP:cad,rs11204675,0.0283,0,0
known:RP11-332O19.3:cad,rs11191472,known:Metazoa_SRP:cad,rs10888385,0.0283,0,0
known:RP11-332O19.3:cad,rs11191472,known:STRADA:t2d,rs11079508,nan,0,0
known:RP11-332O19.3:cad,rs11191472,known:RP11-552F3.10:cad,rs3760128,nan,0,0
known:RP11-332O19.3:cad,rs11191472,known:AC002116.7:t2d,rs10418015,0.0308,0,0
known:RP11-332O19.3:cad,rs11191472,known:DKFZP434I0714:t2d,rs9991574,nan,0,0
known:RP11-332O19.3:cad,rs11191472,known:hsa-mir-296:fbg,rs6026565,nan,0,0
known:RP11-332O19.3:cad,rs11191472,new:PLAUR:cad,rs4760,nan,0,0
known:RP11-332O19.3:cad,rs11191472,new:SLC12A3:cad,rs56228609,nan,0,0
known:RP11-332O19.3:cad,rs11191472,new:C2orf49:t2d,rs4851758,nan,0,0
known:RP11-332O19.3:cad,rs11191472,new:CWF19L1:t2d,rs17668357,0.017,0,0
known:RP11-332O19.3:cad,rs11191472,new:U6atac:t2d,rs12780155,nan,0,0
known:RP11-332O19.3:cad,rs11191472,new:CD101:t2d,rs12130298,nan,0,0
known:RP11-332O19.3:cad,rs11191472,new:TAGLN2:cad,rs2789422,0.0173,0,0
known:RP11-332O19.3:cad,rs11191472,new:CCDC19:cad,rs2789422,0.0173,0,0
known:RP11-332O19.3:cad,rs11191472,new:RBM6:t2d,rs2245365,0.0001,0,0
known:RP11-332O19.3:cad,rs11191472,new:CNNM2:cad,rs11191447,1.0,1,1
known:RP11-332O19.3:cad,rs11191472,new:VSIG8:cad,rs2789422,0.0173,0,0
known:RP11-332O19.3:cad,rs11191472,new:LAMC1:cad,rs11588675,0.0194,0,0
known:RP11-332O19.3:cad,rs11191472,new:TPD52:fbg,rs2162229,0.0061,0,0
known:RP11-332O19.3:cad,rs11191472,new:SENP6:cad,rs62414240,0.0345,0,0
known:RP11-332O19.3:cad,rs11191472,new:RIC8A:cad,rs6598075,nan,0,0
known:RP11-332O19.3:cad,rs11191472,new:HMGN3:cad,rs17787027,nan,0,0
known:RP11-332O19.3:cad,rs11191472,new:MT3:fbg,rs1580833,nan,0,0
known:RP11-332O19.3:cad,rs11191472,new:RPL13:t2d,rs113847672,nan,0,0
known:RP11-332O19.3:cad,rs11191472,new:ZBTB46:cad,rs6062322,nan,0,0
known:ARHGAP19:t2d,rs8181326,known:BBIP1:t2d,rs10787287,0.0008,0,0
known:ARHGAP19:t2d,rs8181326,known:FASTKD5:cad,rs860735,0.0,0,0
known:ARHGAP19:t2d,rs8181326,known:RP5-1068B5.3:t2d,rs927204,0.0087,0,0
known:ARHGAP19:t2d,rs8181326,known:MAST4-AS1:t2d,rs173651,0.0117,0,0
known:ARHGAP19:t2d,rs8181326,known:LRRC37A15P:t2d,rs223490,0.0,0,0
known:ARHGAP19:t2d,rs8181326,known:PHBP9:t2d,rs11591741,0.0,0,0
known:ARHGAP19:t2d,rs8181326,known:RP11-176F3.7:t2d,rs1758632,0.0023,0,0
known:ARHGAP19:t2d,rs8181326,known:RP4-756G23.5:t2d,rs85220,0.0016,0,0
known:ARHGAP19:t2d,rs8181326,known:RP1-159A19.4:cad,rs17361686,0.0004,0,0
known:ARHGAP19:t2d,rs8181326,known:SERBP1P3:t2d,rs4687701,0.0068,0,0
known:ARHGAP19:t2d,rs8181326,known:RP11-464F9.1:t2d,rs7908825,0.0021,0,0
known:ARHGAP19:t2d,rs8181326,known:CTD-2037K23.2:cad,rs16875368,0.0019,0,0
known:ARHGAP19:t2d,rs8181326,known:AP000487.5:cad,rs34053053,0.0035,0,0
known:ARHGAP19:t2d,rs8181326,known:CTD-2044J15.1:cad,rs4389656,0.0024,0,0
known:ARHGAP19:t2d,rs8181326,known:KRT8P46:t2d,rs223490,0.0,0,0
known:ARHGAP19:t2d,rs8181326,known:RP11-10L12.2:t2d,rs223490,0.0,0,0
known:ARHGAP19:t2d,rs8181326,known:RP11-464F9.9:t2d,rs11000760,0.0028,0,0
known:ARHGAP19:t2d,rs8181326,known:RP11-347C18.3:t2d,rs726816,0.0038,0,0
known:ARHGAP19:t2d,rs8181326,known:ALG1L13P:t2d,rs7837587,0.0022,0,0
known:ARHGAP19:t2d,rs8181326,known:HMBS:cad,rs4614,0.0002,0,0
known:ARHGAP19:t2d,rs8181326,known:RP11-856B14.1:t2d,rs1194104,0.0007,0,0
known:ARHGAP19:t2d,rs8181326,known:RP11-384M15.3:cad,rs1050362,0.0,0,0
known:ARHGAP19:t2d,rs8181326,known:RP11-51F16.5:t2d,rs7223412,0.0012,0,0
known:ARHGAP19:t2d,rs8181326,known:MIR4513:cad,rs12442901,0.0031,0,0
known:ARHGAP19:t2d,rs8181326,known:Metazoa_SRP:cad,rs11204675,0.0016,0,0
known:ARHGAP19:t2d,rs8181326,known:Metazoa_SRP:cad,rs10888385,0.0016,0,0
known:ARHGAP19:t2d,rs8181326,known:STRADA:t2d,rs11079508,0.0012,0,0
known:ARHGAP19:t2d,rs8181326,known:RP11-552F3.10:cad,rs3760128,0.0005,0,0
known:ARHGAP19:t2d,rs8181326,known:AC002116.7:t2d,rs10418015,0.0034,0,0
known:ARHGAP19:t2d,rs8181326,known:DKFZP434I0714:t2d,rs9991574,0.0006,0,0
known:ARHGAP19:t2d,rs8181326,known:hsa-mir-296:fbg,rs6026565,0.021,0,0
known:ARHGAP19:t2d,rs8181326,new:PLAUR:cad,rs4760,0.0287,0,0
known:ARHGAP19:t2d,rs8181326,new:SLC12A3:cad,rs56228609,0.0019,0,0
known:ARHGAP19:t2d,rs8181326,new:C2orf49:t2d,rs4851758,0.0037,0,0
known:ARHGAP19:t2d,rs8181326,new:CWF19L1:t2d,rs17668357,0.0,0,0
known:ARHGAP19:t2d,rs8181326,new:U6atac:t2d,rs12780155,0.0053,0,0
known:ARHGAP19:t2d,rs8181326,new:CD101:t2d,rs12130298,0.0025,0,0
known:ARHGAP19:t2d,rs8181326,new:TAGLN2:cad,rs2789422,0.0017,0,0
known:ARHGAP19:t2d,rs8181326,new:CCDC19:cad,rs2789422,0.0017,0,0
known:ARHGAP19:t2d,rs8181326,new:RBM6:t2d,rs2245365,0.0041,0,0
known:ARHGAP19:t2d,rs8181326,new:CNNM2:cad,rs11191447,0.0553,0,0
known:ARHGAP19:t2d,rs8181326,new:VSIG8:cad,rs2789422,0.0017,0,0
known:ARHGAP19:t2d,rs8181326,new:LAMC1:cad,rs11588675,0.0,0,0
known:ARHGAP19:t2d,rs8181326,new:TPD52:fbg,rs2162229,0.001,0,0
known:ARHGAP19:t2d,rs8181326,new:SENP6:cad,rs62414240,0.0008,0,0
known:ARHGAP19:t2d,rs8181326,new:RIC8A:cad,rs6598075,0.0,0,0
known:ARHGAP19:t2d,rs8181326,new:HMGN3:cad,rs17787027,0.0029,0,0
known:ARHGAP19:t2d,rs8181326,new:MT3:fbg,rs1580833,0.008,0,0
known:ARHGAP19:t2d,rs8181326,new:RPL13:t2d,rs113847672,0.0025,0,0
known:ARHGAP19:t2d,rs8181326,new:ZBTB46:cad,rs6062322,0.0042,0,0
known:BBIP1:t2d,rs10787287,known:FASTKD5:cad,rs860735,0.0163,0,0
known:BBIP1:t2d,rs10787287,known:RP5-1068B5.3:t2d,rs927204,0.0038,0,0
known:BBIP1:t2d,rs10787287,known:MAST4-AS1:t2d,rs173651,0.0001,0,0
known:BBIP1:t2d,rs10787287,known:LRRC37A15P:t2d,rs223490,0.0184,0,0
known:BBIP1:t2d,rs10787287,known:PHBP9:t2d,rs11591741,0.0069,0,0
known:BBIP1:t2d,rs10787287,known:RP11-176F3.7:t2d,rs1758632,0.0033,0,0
known:BBIP1:t2d,rs10787287,known:RP4-756G23.5:t2d,rs85220,0.0112,0,0
known:BBIP1:t2d,rs10787287,known:RP1-159A19.4:cad,rs17361686,0.0033,0,0
known:BBIP1:t2d,rs10787287,known:SERBP1P3:t2d,rs4687701,0.0008,0,0
known:BBIP1:t2d,rs10787287,known:RP11-464F9.1:t2d,rs7908825,0.0022,0,0
known:BBIP1:t2d,rs10787287,known:CTD-2037K23.2:cad,rs16875368,0.0002,0,0
known:BBIP1:t2d,rs10787287,known:AP000487.5:cad,rs34053053,0.0027,0,0
known:BBIP1:t2d,rs10787287,known:CTD-2044J15.1:cad,rs4389656,0.0027,0,0
known:BBIP1:t2d,rs10787287,known:KRT8P46:t2d,rs223490,0.0184,0,0
known:BBIP1:t2d,rs10787287,known:RP11-10L12.2:t2d,rs223490,0.0184,0,0
known:BBIP1:t2d,rs10787287,known:RP11-464F9.9:t2d,rs11000760,0.0023,0,0
known:BBIP1:t2d,rs10787287,known:RP11-347C18.3:t2d,rs726816,0.0012,0,0
known:BBIP1:t2d,rs10787287,known:ALG1L13P:t2d,rs7837587,0.0034,0,0
known:BBIP1:t2d,rs10787287,known:HMBS:cad,rs4614,0.0,0,0
known:BBIP1:t2d,rs10787287,known:RP11-856B14.1:t2d,rs1194104,0.0017,0,0
known:BBIP1:t2d,rs10787287,known:RP11-384M15.3:cad,rs1050362,0.0093,0,0
known:BBIP1:t2d,rs10787287,known:RP11-51F16.5:t2d,rs7223412,0.0,0,0
known:BBIP1:t2d,rs10787287,known:MIR4513:cad,rs12442901,0.0003,0,0
known:BBIP1:t2d,rs10787287,known:Metazoa_SRP:cad,rs11204675,0.0005,0,0
known:BBIP1:t2d,rs10787287,known:Metazoa_SRP:cad,rs10888385,0.0005,0,0
known:BBIP1:t2d,rs10787287,known:STRADA:t2d,rs11079508,0.0,0,0
known:BBIP1:t2d,rs10787287,known:RP11-552F3.10:cad,rs3760128,0.0006,0,0
known:BBIP1:t2d,rs10787287,known:AC002116.7:t2d,rs10418015,0.0045,0,0
known:BBIP1:t2d,rs10787287,known:DKFZP434I0714:t2d,rs9991574,0.0004,0,0
known:BBIP1:t2d,rs10787287,known:hsa-mir-296:fbg,rs6026565,0.0097,0,0
known:BBIP1:t2d,rs10787287,new:PLAUR:cad,rs4760,0.0007,0,0
known:BBIP1:t2d,rs10787287,new:SLC12A3:cad,rs56228609,0.0075,0,0
known:BBIP1:t2d,rs10787287,new:C2orf49:t2d,rs4851758,0.0142,0,0
known:BBIP1:t2d,rs10787287,new:CWF19L1:t2d,rs17668357,0.0061,0,0
known:BBIP1:t2d,rs10787287,new:U6atac:t2d,rs12780155,0.0037,0,0
known:BBIP1:t2d,rs10787287,new:CD101:t2d,rs12130298,0.0217,0,0
known:BBIP1:t2d,rs10787287,new:TAGLN2:cad,rs2789422,0.0016,0,0
known:BBIP1:t2d,rs10787287,new:CCDC19:cad,rs2789422,0.0016,0,0
known:BBIP1:t2d,rs10787287,new:RBM6:t2d,rs2245365,0.0048,0,0
known:BBIP1:t2d,rs10787287,new:CNNM2:cad,rs11191447,0.0042,0,0
known:BBIP1:t2d,rs10787287,new:VSIG8:cad,rs2789422,0.0016,0,0
known:BBIP1:t2d,rs10787287,new:LAMC1:cad,rs11588675,0.003,0,0
known:BBIP1:t2d,rs10787287,new:TPD52:fbg,rs2162229,0.0011,0,0
known:BBIP1:t2d,rs10787287,new:SENP6:cad,rs62414240,0.0001,0,0
known:BBIP1:t2d,rs10787287,new:RIC8A:cad,rs6598075,0.0011,0,0
known:BBIP1:t2d,rs10787287,new:HMGN3:cad,rs17787027,0.0681,0,0
known:BBIP1:t2d,rs10787287,new:MT3:fbg,rs1580833,0.0402,0,0
known:BBIP1:t2d,rs10787287,new:RPL13:t2d,rs113847672,0.0,0,0
known:BBIP1:t2d,rs10787287,new:ZBTB46:cad,rs6062322,0.0113,0,0
known:FASTKD5:cad,rs860735,known:RP5-1068B5.3:t2d,rs927204,0.0,0,0
known:FASTKD5:cad,rs860735,known:MAST4-AS1:t2d,rs173651,0.0058,0,0
known:FASTKD5:cad,rs860735,known:LRRC37A15P:t2d,rs223490,0.0038,0,0
known:FASTKD5:cad,rs860735,known:PHBP9:t2d,rs11591741,0.0117,0,0
known:FASTKD5:cad,rs860735,known:RP11-176F3.7:t2d,rs1758632,0.0001,0,0
known:FASTKD5:cad,rs860735,known:RP4-756G23.5:t2d,rs85220,0.0001,0,0
known:FASTKD5:cad,rs860735,known:RP1-159A19.4:cad,rs17361686,0.009,0,0
known:FASTKD5:cad,rs860735,known:SERBP1P3:t2d,rs4687701,0.0011,0,0
known:FASTKD5:cad,rs860735,known:RP11-464F9.1:t2d,rs7908825,0.0007,0,0
known:FASTKD5:cad,rs860735,known:CTD-2037K23.2:cad,rs16875368,0.0372,0,0
known:FASTKD5:cad,rs860735,known:AP000487.5:cad,rs34053053,0.0006,0,0
known:FASTKD5:cad,rs860735,known:CTD-2044J15.1:cad,rs4389656,0.0003,0,0
known:FASTKD5:cad,rs860735,known:KRT8P46:t2d,rs223490,0.0038,0,0
known:FASTKD5:cad,rs860735,known:RP11-10L12.2:t2d,rs223490,0.0038,0,0
known:FASTKD5:cad,rs860735,known:RP11-464F9.9:t2d,rs11000760,0.0003,0,0
known:FASTKD5:cad,rs860735,known:RP11-347C18.3:t2d,rs726816,0.0061,0,0
known:FASTKD5:cad,rs860735,known:ALG1L13P:t2d,rs7837587,0.0019,0,0
known:FASTKD5:cad,rs860735,known:HMBS:cad,rs4614,0.0005,0,0
known:FASTKD5:cad,rs860735,known:RP11-856B14.1:t2d,rs1194104,0.0131,0,0
known:FASTKD5:cad,rs860735,known:RP11-384M15.3:cad,rs1050362,0.0013,0,0
known:FASTKD5:cad,rs860735,known:RP11-51F16.5:t2d,rs7223412,0.0,0,0
known:FASTKD5:cad,rs860735,known:MIR4513:cad,rs12442901,0.0007,0,0
known:FASTKD5:cad,rs860735,known:Metazoa_SRP:cad,rs11204675,0.0004,0,0
known:FASTKD5:cad,rs860735,known:Metazoa_SRP:cad,rs10888385,0.0004,0,0
known:FASTKD5:cad,rs860735,known:STRADA:t2d,rs11079508,0.0,0,0
known:FASTKD5:cad,rs860735,known:RP11-552F3.10:cad,rs3760128,0.0032,0,0
known:FASTKD5:cad,rs860735,known:AC002116.7:t2d,rs10418015,0.0002,0,0
known:FASTKD5:cad,rs860735,known:DKFZP434I0714:t2d,rs9991574,0.0094,0,0
known:FASTKD5:cad,rs860735,known:hsa-mir-296:fbg,rs6026565,0.0015,0,0
known:FASTKD5:cad,rs860735,new:PLAUR:cad,rs4760,0.0012,0,0
known:FASTKD5:cad,rs860735,new:SLC12A3:cad,rs56228609,0.0095,0,0
known:FASTKD5:cad,rs860735,new:C2orf49:t2d,rs4851758,0.0057,0,0
known:FASTKD5:cad,rs860735,new:CWF19L1:t2d,rs17668357,0.0117,0,0
known:FASTKD5:cad,rs860735,new:U6atac:t2d,rs12780155,0.0004,0,0
known:FASTKD5:cad,rs860735,new:CD101:t2d,rs12130298,0.0016,0,0
known:FASTKD5:cad,rs860735,new:TAGLN2:cad,rs2789422,0.0064,0,0
known:FASTKD5:cad,rs860735,new:CCDC19:cad,rs2789422,0.0064,0,0
known:FASTKD5:cad,rs860735,new:RBM6:t2d,rs2245365,0.0021,0,0
known:FASTKD5:cad,rs860735,new:CNNM2:cad,rs11191447,0.0009,0,0
known:FASTKD5:cad,rs860735,new:VSIG8:cad,rs2789422,0.0064,0,0
known:FASTKD5:cad,rs860735,new:LAMC1:cad,rs11588675,0.0039,0,0
known:FASTKD5:cad,rs860735,new:TPD52:fbg,rs2162229,0.0071,0,0
known:FASTKD5:cad,rs860735,new:SENP6:cad,rs62414240,0.0059,0,0
known:FASTKD5:cad,rs860735,new:RIC8A:cad,rs6598075,0.024,0,0
known:FASTKD5:cad,rs860735,new:HMGN3:cad,rs17787027,0.0136,0,0
known:FASTKD5:cad,rs860735,new:MT3:fbg,rs1580833,0.018,0,0
known:FASTKD5:cad,rs860735,new:RPL13:t2d,rs113847672,0.0039,0,0
known:FASTKD5:cad,rs860735,new:ZBTB46:cad,rs6062322,0.0,0,0
known:RP5-1068B5.3:t2d,rs927204,known:MAST4-AS1:t2d,rs173651,0.0,0,0
known:RP5-1068B5.3:t2d,rs927204,known:LRRC37A15P:t2d,rs223490,0.0001,0,0
known:RP5-1068B5.3:t2d,rs927204,known:PHBP9:t2d,rs11591741,0.0005,0,0
known:RP5-1068B5.3:t2d,rs927204,known:RP11-176F3.7:t2d,rs1758632,0.001,0,0
known:RP5-1068B5.3:t2d,rs927204,known:RP4-756G23.5:t2d,rs85220,0.0247,0,0
known:RP5-1068B5.3:t2d,rs927204,known:RP1-159A19.4:cad,rs17361686,nan,0,0
known:RP5-1068B5.3:t2d,rs927204,known:SERBP1P3:t2d,rs4687701,0.0256,0,0
known:RP5-1068B5.3:t2d,rs927204,known:RP11-464F9.1:t2d,rs7908825,0.018,0,0
known:RP5-1068B5.3:t2d,rs927204,known:CTD-2037K23.2:cad,rs16875368,nan,0,0
known:RP5-1068B5.3:t2d,rs927204,known:AP000487.5:cad,rs34053053,nan,0,0
known:RP5-1068B5.3:t2d,rs927204,known:CTD-2044J15.1:cad,rs4389656,0.0009,0,0
known:RP5-1068B5.3:t2d,rs927204,known:KRT8P46:t2d,rs223490,0.0001,0,0
known:RP5-1068B5.3:t2d,rs927204,known:RP11-10L12.2:t2d,rs223490,0.0001,0,0
known:RP5-1068B5.3:t2d,rs927204,known:RP11-464F9.9:t2d,rs11000760,0.0185,0,0
known:RP5-1068B5.3:t2d,rs927204,known:RP11-347C18.3:t2d,rs726816,0.0237,0,0
known:RP5-1068B5.3:t2d,rs927204,known:ALG1L13P:t2d,rs7837587,0.0105,0,0
known:RP5-1068B5.3:t2d,rs927204,known:HMBS:cad,rs4614,0.0294,0,0
known:RP5-1068B5.3:t2d,rs927204,known:RP11-856B14.1:t2d,rs1194104,0.1,0,0
known:RP5-1068B5.3:t2d,rs927204,known:RP11-384M15.3:cad,rs1050362,0.0105,0,0
known:RP5-1068B5.3:t2d,rs927204,known:RP11-51F16.5:t2d,rs7223412,0.0,0,0
known:RP5-1068B5.3:t2d,rs927204,known:MIR4513:cad,rs12442901,0.0052,0,0
known:RP5-1068B5.3:t2d,rs927204,known:Metazoa_SRP:cad,rs11204675,0.0024,0,0
known:RP5-1068B5.3:t2d,rs927204,known:Metazoa_SRP:cad,rs10888385,0.0024,0,0
known:RP5-1068B5.3:t2d,rs927204,known:STRADA:t2d,rs11079508,0.0,0,0
known:RP5-1068B5.3:t2d,rs927204,known:RP11-552F3.10:cad,rs3760128,0.0309,0,0
known:RP5-1068B5.3:t2d,rs927204,known:AC002116.7:t2d,rs10418015,0.0034,0,0
known:RP5-1068B5.3:t2d,rs927204,known:DKFZP434I0714:t2d,rs9991574,0.0122,0,0
known:RP5-1068B5.3:t2d,rs927204,known:hsa-mir-296:fbg,rs6026565,nan,0,0
known:RP5-1068B5.3:t2d,rs927204,new:PLAUR:cad,rs4760,nan,0,0
known:RP5-1068B5.3:t2d,rs927204,new:SLC12A3:cad,rs56228609,0.0096,0,0
known:RP5-1068B5.3:t2d,rs927204,new:C2orf49:t2d,rs4851758,nan,0,0
known:RP5-1068B5.3:t2d,rs927204,new:CWF19L1:t2d,rs17668357,0.0005,0,0
known:RP5-1068B5.3:t2d,rs927204,new:U6atac:t2d,rs12780155,nan,0,0
known:RP5-1068B5.3:t2d,rs927204,new:CD101:t2d,rs12130298,nan,0,0
known:RP5-1068B5.3:t2d,rs927204,new:TAGLN2:cad,rs2789422,0.0001,0,0
known:RP5-1068B5.3:t2d,rs927204,new:CCDC19:cad,rs2789422,0.0001,0,0
known:RP5-1068B5.3:t2d,rs927204,new:RBM6:t2d,rs2245365,0.004,0,0
known:RP5-1068B5.3:t2d,rs927204,new:CNNM2:cad,rs11191447,nan,0,0
known:RP5-1068B5.3:t2d,rs927204,new:VSIG8:cad,rs2789422,0.0001,0,0
known:RP5-1068B5.3:t2d,rs927204,new:LAMC1:cad,rs11588675,0.001,0,0
known:RP5-1068B5.3:t2d,rs927204,new:TPD52:fbg,rs2162229,0.0176,0,0
known:RP5-1068B5.3:t2d,rs927204,new:SENP6:cad,rs62414240,0.0137,0,0
known:RP5-1068B5.3:t2d,rs927204,new:RIC8A:cad,rs6598075,0.0072,0,0
known:RP5-1068B5.3:t2d,rs927204,new:HMGN3:cad,rs17787027,nan,0,0
known:RP5-1068B5.3:t2d,rs927204,new:MT3:fbg,rs1580833,0.0315,0,0
known:RP5-1068B5.3:t2d,rs927204,new:RPL13:t2d,rs113847672,nan,0,0
known:RP5-1068B5.3:t2d,rs927204,new:ZBTB46:cad,rs6062322,nan,0,0
known:MAST4-AS1:t2d,rs173651,known:LRRC37A15P:t2d,rs223490,0.0041,0,0
known:MAST4-AS1:t2d,rs173651,known:PHBP9:t2d,rs11591741,0.0163,0,0
known:MAST4-AS1:t2d,rs173651,known:RP11-176F3.7:t2d,rs1758632,0.0107,0,0
known:MAST4-AS1:t2d,rs173651,known:RP4-756G23.5:t2d,rs85220,0.0002,0,0
known:MAST4-AS1:t2d,rs173651,known:RP1-159A19.4:cad,rs17361686,0.001,0,0
known:MAST4-AS1:t2d,rs173651,known:SERBP1P3:t2d,rs4687701,0.0005,0,0
known:MAST4-AS1:t2d,rs173651,known:RP11-464F9.1:t2d,rs7908825,0.0014,0,0
known:MAST4-AS1:t2d,rs173651,known:CTD-2037K23.2:cad,rs16875368,0.0002,0,0
known:MAST4-AS1:t2d,rs173651,known:AP000487.5:cad,rs34053053,0.0255,0,0
known:MAST4-AS1:t2d,rs173651,known:CTD-2044J15.1:cad,rs4389656,0.0061,0,0
known:MAST4-AS1:t2d,rs173651,known:KRT8P46:t2d,rs223490,0.0041,0,0
known:MAST4-AS1:t2d,rs173651,known:RP11-10L12.2:t2d,rs223490,0.0041,0,0
known:MAST4-AS1:t2d,rs173651,known:RP11-464F9.9:t2d,rs11000760,0.0007,0,0
known:MAST4-AS1:t2d,rs173651,known:RP11-347C18.3:t2d,rs726816,0.0007,0,0
known:MAST4-AS1:t2d,rs173651,known:ALG1L13P:t2d,rs7837587,0.0079,0,0
known:MAST4-AS1:t2d,rs173651,known:HMBS:cad,rs4614,0.0007,0,0
known:MAST4-AS1:t2d,rs173651,known:RP11-856B14.1:t2d,rs1194104,0.0028,0,0
known:MAST4-AS1:t2d,rs173651,known:RP11-384M15.3:cad,rs1050362,0.0015,0,0
known:MAST4-AS1:t2d,rs173651,known:RP11-51F16.5:t2d,rs7223412,0.0075,0,0
known:MAST4-AS1:t2d,rs173651,known:MIR4513:cad,rs12442901,0.0002,0,0
known:MAST4-AS1:t2d,rs173651,known:Metazoa_SRP:cad,rs11204675,0.0,0,0
known:MAST4-AS1:t2d,rs173651,known:Metazoa_SRP:cad,rs10888385,0.0,0,0
known:MAST4-AS1:t2d,rs173651,known:STRADA:t2d,rs11079508,0.0075,0,0
known:MAST4-AS1:t2d,rs173651,known:RP11-552F3.10:cad,rs3760128,0.0003,0,0
known:MAST4-AS1:t2d,rs173651,known:AC002116.7:t2d,rs10418015,0.0183,0,0
known:MAST4-AS1:t2d,rs173651,known:DKFZP434I0714:t2d,rs9991574,0.0039,0,0
known:MAST4-AS1:t2d,rs173651,known:hsa-mir-296:fbg,rs6026565,0.0021,0,0
known:MAST4-AS1:t2d,rs173651,new:PLAUR:cad,rs4760,0.015,0,0
known:MAST4-AS1:t2d,rs173651,new:SLC12A3:cad,rs56228609,0.0012,0,0
known:MAST4-AS1:t2d,rs173651,new:C2orf49:t2d,rs4851758,0.0446,0,0
known:MAST4-AS1:t2d,rs173651,new:CWF19L1:t2d,rs17668357,0.0179,0,0
known:MAST4-AS1:t2d,rs173651,new:U6atac:t2d,rs12780155,0.0027,0,0
known:MAST4-AS1:t2d,rs173651,new:CD101:t2d,rs12130298,nan,0,0
known:MAST4-AS1:t2d,rs173651,new:TAGLN2:cad,rs2789422,0.0096,0,0
known:MAST4-AS1:t2d,rs173651,new:CCDC19:cad,rs2789422,0.0096,0,0
known:MAST4-AS1:t2d,rs173651,new:RBM6:t2d,rs2245365,0.0022,0,0
known:MAST4-AS1:t2d,rs173651,new:CNNM2:cad,rs11191447,0.0154,0,0
known:MAST4-AS1:t2d,rs173651,new:VSIG8:cad,rs2789422,0.0096,0,0
known:MAST4-AS1:t2d,rs173651,new:LAMC1:cad,rs11588675,0.0386,0,0
known:MAST4-AS1:t2d,rs173651,new:TPD52:fbg,rs2162229,0.0058,0,0
known:MAST4-AS1:t2d,rs173651,new:SENP6:cad,rs62414240,0.0044,0,0
known:MAST4-AS1:t2d,rs173651,new:RIC8A:cad,rs6598075,0.0063,0,0
known:MAST4-AS1:t2d,rs173651,new:HMGN3:cad,rs17787027,nan,0,0
known:MAST4-AS1:t2d,rs173651,new:MT3:fbg,rs1580833,0.011,0,0
known:MAST4-AS1:t2d,rs173651,new:RPL13:t2d,rs113847672,0.0005,0,0
known:MAST4-AS1:t2d,rs173651,new:ZBTB46:cad,rs6062322,0.0144,0,0
known:LRRC37A15P:t2d,rs223490,known:PHBP9:t2d,rs11591741,0.0004,0,0
known:LRRC37A15P:t2d,rs223490,known:RP11-176F3.7:t2d,rs1758632,0.0024,0,0
known:LRRC37A15P:t2d,rs223490,known:RP4-756G23.5:t2d,rs85220,0.0002,0,0
known:LRRC37A15P:t2d,rs223490,known:RP1-159A19.4:cad,rs17361686,0.0,0,0
known:LRRC37A15P:t2d,rs223490,known:SERBP1P3:t2d,rs4687701,0.0039,0,0
known:LRRC37A15P:t2d,rs223490,known:RP11-464F9.1:t2d,rs7908825,0.0145,0,0
known:LRRC37A15P:t2d,rs223490,known:CTD-2037K23.2:cad,rs16875368,0.0057,0,0
known:LRRC37A15P:t2d,rs223490,known:AP000487.5:cad,rs34053053,0.0006,0,0
known:LRRC37A15P:t2d,rs223490,known:CTD-2044J15.1:cad,rs4389656,0.0001,0,0
known:LRRC37A15P:t2d,rs223490,known:KRT8P46:t2d,rs223490,1.0,1,1
known:LRRC37A15P:t2d,rs223490,known:RP11-10L12.2:t2d,rs223490,1.0,1,1
known:LRRC37A15P:t2d,rs223490,known:RP11-464F9.9:t2d,rs11000760,0.0112,0,0
known:LRRC37A15P:t2d,rs223490,known:RP11-347C18.3:t2d,rs726816,0.0004,0,0
known:LRRC37A15P:t2d,rs223490,known:ALG1L13P:t2d,rs7837587,0.0025,0,0
known:LRRC37A15P:t2d,rs223490,known:HMBS:cad,rs4614,0.0009,0,0
known:LRRC37A15P:t2d,rs223490,known:RP11-856B14.1:t2d,rs1194104,0.0192,0,0
known:LRRC37A15P:t2d,rs223490,known:RP11-384M15.3:cad,rs1050362,0.0015,0,0
known:LRRC37A15P:t2d,rs223490,known:RP11-51F16.5:t2d,rs7223412,0.0198,0,0
known:LRRC37A15P:t2d,rs223490,known:MIR4513:cad,rs12442901,0.0012,0,0
known:LRRC37A15P:t2d,rs223490,known:Metazoa_SRP:cad,rs11204675,0.0,0,0
known:LRRC37A15P:t2d,rs223490,known:Metazoa_SRP:cad,rs10888385,0.0,0,0
known:LRRC37A15P:t2d,rs223490,known:STRADA:t2d,rs11079508,0.0198,0,0
known:LRRC37A15P:t2d,rs223490,known:RP11-552F3.10:cad,rs3760128,0.0,0,0
known:LRRC37A15P:t2d,rs223490,known:AC002116.7:t2d,rs10418015,0.0051,0,0
known:LRRC37A15P:t2d,rs223490,known:DKFZP434I0714:t2d,rs9991574,0.0189,0,0
known:LRRC37A15P:t2d,rs223490,known:hsa-mir-296:fbg,rs6026565,0.0017,0,0
known:LRRC37A15P:t2d,rs223490,new:PLAUR:cad,rs4760,0.0015,0,0
known:LRRC37A15P:t2d,rs223490,new:SLC12A3:cad,rs56228609,0.0076,0,0
known:LRRC37A15P:t2d,rs223490,new:C2orf49:t2d,rs4851758,0.0095,0,0
known:LRRC37A15P:t2d,rs223490,new:CWF19L1:t2d,rs17668357,0.0007,0,0
known:LRRC37A15P:t2d,rs223490,new:U6atac:t2d,rs12780155,0.0086,0,0
known:LRRC37A15P:t2d,rs223490,new:CD101:t2d,rs12130298,0.0104,0,0
known:LRRC37A15P:t2d,rs223490,new:TAGLN2:cad,rs2789422,0.0076,0,0
known:LRRC37A15P:t2d,rs223490,new:CCDC19:cad,rs2789422,0.0076,0,0
known:LRRC37A15P:t2d,rs223490,new:RBM6:t2d,rs2245365,0.0029,0,0
known:LRRC37A15P:t2d,rs223490,new:CNNM2:cad,rs11191447,0.0116,0,0
known:LRRC37A15P:t2d,rs223490,new:VSIG8:cad,rs2789422,0.0076,0,0
known:LRRC37A15P:t2d,rs223490,new:LAMC1:cad,rs11588675,0.0035,0,0
known:LRRC37A15P:t2d,rs223490,new:TPD52:fbg,rs2162229,0.0076,0,0
known:LRRC37A15P:t2d,rs223490,new:SENP6:cad,rs62414240,0.0048,0,0
known:LRRC37A15P:t2d,rs223490,new:RIC8A:cad,rs6598075,0.01,0,0
known:LRRC37A15P:t2d,rs223490,new:HMGN3:cad,rs17787027,nan,0,0
known:LRRC37A15P:t2d,rs223490,new:MT3:fbg,rs1580833,0.003,0,0
known:LRRC37A15P:t2d,rs223490,new:RPL13:t2d,rs113847672,0.0178,0,0
known:LRRC37A15P:t2d,rs223490,new:ZBTB46:cad,rs6062322,0.0021,0,0
known:PHBP9:t2d,rs11591741,known:RP11-176F3.7:t2d,rs1758632,0.0001,0,0
known:PHBP9:t2d,rs11591741,known:RP4-756G23.5:t2d,rs85220,0.0001,0,0
known:PHBP9:t2d,rs11591741,known:RP1-159A19.4:cad,rs17361686,0.0006,0,0
known:PHBP9:t2d,rs11591741,known:SERBP1P3:t2d,rs4687701,0.018,0,0
known:PHBP9:t2d,rs11591741,known:RP11-464F9.1:t2d,rs7908825,0.0006,0,0
known:PHBP9:t2d,rs11591741,known:CTD-2037K23.2:cad,rs16875368,0.0052,0,0
known:PHBP9:t2d,rs11591741,known:AP000487.5:cad,rs34053053,0.0137,0,0
known:PHBP9:t2d,rs11591741,known:CTD-2044J15.1:cad,rs4389656,0.003,0,0
known:PHBP9:t2d,rs11591741,known:KRT8P46:t2d,rs223490,0.0004,0,0
known:PHBP9:t2d,rs11591741,known:RP11-10L12.2:t2d,rs223490,0.0004,0,0
known:PHBP9:t2d,rs11591741,known:RP11-464F9.9:t2d,rs11000760,0.0005,0,0
known:PHBP9:t2d,rs11591741,known:RP11-347C18.3:t2d,rs726816,0.0008,0,0
known:PHBP9:t2d,rs11591741,known:ALG1L13P:t2d,rs7837587,0.0029,0,0
known:PHBP9:t2d,rs11591741,known:HMBS:cad,rs4614,0.0,0,0
known:PHBP9:t2d,rs11591741,known:RP11-856B14.1:t2d,rs1194104,0.0041,0,0
known:PHBP9:t2d,rs11591741,known:RP11-384M15.3:cad,rs1050362,0.0015,0,0
known:PHBP9:t2d,rs11591741,known:RP11-51F16.5:t2d,rs7223412,0.0,0,0
known:PHBP9:t2d,rs11591741,known:MIR4513:cad,rs12442901,0.0001,0,0
known:PHBP9:t2d,rs11591741,known:Metazoa_SRP:cad,rs11204675,0.0001,0,0
known:PHBP9:t2d,rs11591741,known:Metazoa_SRP:cad,rs10888385,0.0001,0,0
known:PHBP9:t2d,rs11591741,known:STRADA:t2d,rs11079508,0.0,0,0
known:PHBP9:t2d,rs11591741,known:RP11-552F3.10:cad,rs3760128,0.0035,0,0
known:PHBP9:t2d,rs11591741,known:AC002116.7:t2d,rs10418015,0.0,0,0
known:PHBP9:t2d,rs11591741,known:DKFZP434I0714:t2d,rs9991574,0.0098,0,0
known:PHBP9:t2d,rs11591741,known:hsa-mir-296:fbg,rs6026565,0.001,0,0
known:PHBP9:t2d,rs11591741,new:PLAUR:cad,rs4760,0.0048,0,0
known:PHBP9:t2d,rs11591741,new:SLC12A3:cad,rs56228609,0.0428,0,0
known:PHBP9:t2d,rs11591741,new:C2orf49:t2d,rs4851758,0.0436,0,0
known:PHBP9:t2d,rs11591741,new:CWF19L1:t2d,rs17668357,0.9853,1,1
known:PHBP9:t2d,rs11591741,new:U6atac:t2d,rs12780155,0.0138,0,0
known:PHBP9:t2d,rs11591741,new:CD101:t2d,rs12130298,0.0133,0,0
known:PHBP9:t2d,rs11591741,new:TAGLN2:cad,rs2789422,0.0019,0,0
known:PHBP9:t2d,rs11591741,new:CCDC19:cad,rs2789422,0.0019,0,0
known:PHBP9:t2d,rs11591741,new:RBM6:t2d,rs2245365,0.0187,0,0
known:PHBP9:t2d,rs11591741,new:CNNM2:cad,rs11191447,0.017,0,0
known:PHBP9:t2d,rs11591741,new:VSIG8:cad,rs2789422,0.0019,0,0
known:PHBP9:t2d,rs11591741,new:LAMC1:cad,rs11588675,0.0034,0,0
known:PHBP9:t2d,rs11591741,new:TPD52:fbg,rs2162229,0.003,0,0
known:PHBP9:t2d,rs11591741,new:SENP6:cad,rs62414240,0.0016,0,0
known:PHBP9:t2d,rs11591741,new:RIC8A:cad,rs6598075,0.0014,0,0
known:PHBP9:t2d,rs11591741,new:HMGN3:cad,rs17787027,nan,0,0
known:PHBP9:t2d,rs11591741,new:MT3:fbg,rs1580833,0.0019,0,0
known:PHBP9:t2d,rs11591741,new:RPL13:t2d,rs113847672,0.011,0,0
known:PHBP9:t2d,rs11591741,new:ZBTB46:cad,rs6062322,0.0072,0,0
known:RP11-176F3.7:t2d,rs1758632,known:RP4-756G23.5:t2d,rs85220,0.0037,0,0
known:RP11-176F3.7:t2d,rs1758632,known:RP1-159A19.4:cad,rs17361686,0.0035,0,0
known:RP11-176F3.7:t2d,rs1758632,known:SERBP1P3:t2d,rs4687701,0.0014,0,0
known:RP11-176F3.7:t2d,rs1758632,known:RP11-464F9.1:t2d,rs7908825,0.0001,0,0
known:RP11-176F3.7:t2d,rs1758632,known:CTD-2037K23.2:cad,rs16875368,0.0,0,0
known:RP11-176F3.7:t2d,rs1758632,known:AP000487.5:cad,rs34053053,0.0029,0,0
known:RP11-176F3.7:t2d,rs1758632,known:CTD-2044J15.1:cad,rs4389656,0.007,0,0
known:RP11-176F3.7:t2d,rs1758632,known:KRT8P46:t2d,rs223490,0.0024,0,0
known:RP11-176F3.7:t2d,rs1758632,known:RP11-10L12.2:t2d,rs223490,0.0024,0,0
known:RP11-176F3.7:t2d,rs1758632,known:RP11-464F9.9:t2d,rs11000760,0.0001,0,0
known:RP11-176F3.7:t2d,rs1758632,known:RP11-347C18.3:t2d,rs726816,0.007,0,0
known:RP11-176F3.7:t2d,rs1758632,known:ALG1L13P:t2d,rs7837587,0.0135,0,0
known:RP11-176F3.7:t2d,rs1758632,known:HMBS:cad,rs4614,0.0032,0,0
known:RP11-176F3.7:t2d,rs1758632,known:RP11-856B14.1:t2d,rs1194104,0.0011,0,0
known:RP11-176F3.7:t2d,rs1758632,known:RP11-384M15.3:cad,rs1050362,0.0034,0,0
known:RP11-176F3.7:t2d,rs1758632,known:RP11-51F16.5:t2d,rs7223412,0.0,0,0
known:RP11-176F3.7:t2d,rs1758632,known:MIR4513:cad,rs12442901,0.0151,0,0
known:RP11-176F3.7:t2d,rs1758632,known:Metazoa_SRP:cad,rs11204675,0.0001,0,0
known:RP11-176F3.7:t2d,rs1758632,known:Metazoa_SRP:cad,rs10888385,0.0001,0,0
known:RP11-176F3.7:t2d,rs1758632,known:STRADA:t2d,rs11079508,0.0,0,0
known:RP11-176F3.7:t2d,rs1758632,known:RP11-552F3.10:cad,rs3760128,0.0002,0,0
known:RP11-176F3.7:t2d,rs1758632,known:AC002116.7:t2d,rs10418015,0.0176,0,0
known:RP11-176F3.7:t2d,rs1758632,known:DKFZP434I0714:t2d,rs9991574,0.0,0,0
known:RP11-176F3.7:t2d,rs1758632,known:hsa-mir-296:fbg,rs6026565,0.0004,0,0
known:RP11-176F3.7:t2d,rs1758632,new:PLAUR:cad,rs4760,0.0006,0,0
known:RP11-176F3.7:t2d,rs1758632,new:SLC12A3:cad,rs56228609,0.0007,0,0
known:RP11-176F3.7:t2d,rs1758632,new:C2orf49:t2d,rs4851758,0.0005,0,0
known:RP11-176F3.7:t2d,rs1758632,new:CWF19L1:t2d,rs17668357,0.0002,0,0
known:RP11-176F3.7:t2d,rs1758632,new:U6atac:t2d,rs12780155,0.0032,0,0
known:RP11-176F3.7:t2d,rs1758632,new:CD101:t2d,rs12130298,0.0,0,0
known:RP11-176F3.7:t2d,rs1758632,new:TAGLN2:cad,rs2789422,0.0022,0,0
known:RP11-176F3.7:t2d,rs1758632,new:CCDC19:cad,rs2789422,0.0022,0,0
known:RP11-176F3.7:t2d,rs1758632,new:RBM6:t2d,rs2245365,0.0182,0,0
known:RP11-176F3.7:t2d,rs1758632,new:CNNM2:cad,rs11191447,0.0252,0,0
known:RP11-176F3.7:t2d,rs1758632,new:VSIG8:cad,rs2789422,0.0022,0,0
known:RP11-176F3.7:t2d,rs1758632,new:LAMC1:cad,rs11588675,0.0027,0,0
known:RP11-176F3.7:t2d,rs1758632,new:TPD52:fbg,rs2162229,0.0076,0,0
known:RP11-176F3.7:t2d,rs1758632,new:SENP6:cad,rs62414240,0.009,0,0
known:RP11-176F3.7:t2d,rs1758632,new:RIC8A:cad,rs6598075,0.0071,0,0
known:RP11-176F3.7:t2d,rs1758632,new:HMGN3:cad,rs17787027,0.0004,0,0
known:RP11-176F3.7:t2d,rs1758632,new:MT3:fbg,rs1580833,0.0017,0,0
known:RP11-176F3.7:t2d,rs1758632,new:RPL13:t2d,rs113847672,0.0091,0,0
known:RP11-176F3.7:t2d,rs1758632,new:ZBTB46:cad,rs6062322,0.0001,0,0
known:RP4-756G23.5:t2d,rs85220,known:RP1-159A19.4:cad,rs17361686,0.0274,0,0
known:RP4-756G23.5:t2d,rs85220,known:SERBP1P3:t2d,rs4687701,0.0105,0,0
known:RP4-756G23.5:t2d,rs85220,known:RP11-464F9.1:t2d,rs7908825,0.008,0,0
known:RP4-756G23.5:t2d,rs85220,known:CTD-2037K23.2:cad,rs16875368,0.0005,0,0
known:RP4-756G23.5:t2d,rs85220,known:AP000487.5:cad,rs34053053,0.007,0,0
known:RP4-756G23.5:t2d,rs85220,known:CTD-2044J15.1:cad,rs4389656,0.0006,0,0
known:RP4-756G23.5:t2d,rs85220,known:KRT8P46:t2d,rs223490,0.0002,0,0
known:RP4-756G23.5:t2d,rs85220,known:RP11-10L12.2:t2d,rs223490,0.0002,0,0
known:RP4-756G23.5:t2d,rs85220,known:RP11-464F9.9:t2d,rs11000760,0.0088,0,0
known:RP4-756G23.5:t2d,rs85220,known:RP11-347C18.3:t2d,rs726816,0.0026,0,0
known:RP4-756G23.5:t2d,rs85220,known:ALG1L13P:t2d,rs7837587,0.0002,0,0
known:RP4-756G23.5:t2d,rs85220,known:HMBS:cad,rs4614,0.0011,0,0
known:RP4-756G23.5:t2d,rs85220,known:RP11-856B14.1:t2d,rs1194104,0.0032,0,0
known:RP4-756G23.5:t2d,rs85220,known:RP11-384M15.3:cad,rs1050362,0.0003,0,0
known:RP4-756G23.5:t2d,rs85220,known:RP11-51F16.5:t2d,rs7223412,0.0021,0,0
known:RP4-756G23.5:t2d,rs85220,known:MIR4513:cad,rs12442901,0.0001,0,0
known:RP4-756G23.5:t2d,rs85220,known:Metazoa_SRP:cad,rs11204675,0.0098,0,0
known:RP4-756G23.5:t2d,rs85220,known:Metazoa_SRP:cad,rs10888385,0.0098,0,0
known:RP4-756G23.5:t2d,rs85220,known:STRADA:t2d,rs11079508,0.0021,0,0
known:RP4-756G23.5:t2d,rs85220,known:RP11-552F3.10:cad,rs3760128,0.0025,0,0
known:RP4-756G23.5:t2d,rs85220,known:AC002116.7:t2d,rs10418015,0.0039,0,0
known:RP4-756G23.5:t2d,rs85220,known:DKFZP434I0714:t2d,rs9991574,0.0059,0,0
known:RP4-756G23.5:t2d,rs85220,known:hsa-mir-296:fbg,rs6026565,0.0196,0,0
known:RP4-756G23.5:t2d,rs85220,new:PLAUR:cad,rs4760,0.0007,0,0
known:RP4-756G23.5:t2d,rs85220,new:SLC12A3:cad,rs56228609,0.0011,0,0
known:RP4-756G23.5:t2d,rs85220,new:C2orf49:t2d,rs4851758,0.0025,0,0
known:RP4-756G23.5:t2d,rs85220,new:CWF19L1:t2d,rs17668357,0.0,0,0
known:RP4-756G23.5:t2d,rs85220,new:U6atac:t2d,rs12780155,0.0049,0,0
known:RP4-756G23.5:t2d,rs85220,new:CD101:t2d,rs12130298,0.0144,0,0
known:RP4-756G23.5:t2d,rs85220,new:TAGLN2:cad,rs2789422,0.0002,0,0
known:RP4-756G23.5:t2d,rs85220,new:CCDC19:cad,rs2789422,0.0002,0,0
known:RP4-756G23.5:t2d,rs85220,new:RBM6:t2d,rs2245365,0.0014,0,0
known:RP4-756G23.5:t2d,rs85220,new:CNNM2:cad,rs11191447,nan,0,0
known:RP4-756G23.5:t2d,rs85220,new:VSIG8:cad,rs2789422,0.0002,0,0
known:RP4-756G23.5:t2d,rs85220,new:LAMC1:cad,rs11588675,0.0013,0,0
known:RP4-756G23.5:t2d,rs85220,new:TPD52:fbg,rs2162229,0.0096,0,0
known:RP4-756G23.5:t2d,rs85220,new:SENP6:cad,rs62414240,0.0001,0,0
known:RP4-756G23.5:t2d,rs85220,new:RIC8A:cad,rs6598075,0.0001,0,0
known:RP4-756G23.5:t2d,rs85220,new:HMGN3:cad,rs17787027,nan,0,0
known:RP4-756G23.5:t2d,rs85220,new:MT3:fbg,rs1580833,0.0042,0,0
known:RP4-756G23.5:t2d,rs85220,new:RPL13:t2d,rs113847672,0.0044,0,0
known:RP4-756G23.5:t2d,rs85220,new:ZBTB46:cad,rs6062322,0.002,0,0
known:RP1-159A19.4:cad,rs17361686,known:SERBP1P3:t2d,rs4687701,0.0003,0,0
known:RP1-159A19.4:cad,rs17361686,known:RP11-464F9.1:t2d,rs7908825,0.0063,0,0
known:RP1-159A19.4:cad,rs17361686,known:CTD-2037K23.2:cad,rs16875368,nan,0,0
known:RP1-159A19.4:cad,rs17361686,known:AP000487.5:cad,rs34053053,nan,0,0
known:RP1-159A19.4:cad,rs17361686,known:CTD-2044J15.1:cad,rs4389656,0.0019,0,0
known:RP1-159A19.4:cad,rs17361686,known:KRT8P46:t2d,rs223490,0.0,0,0
known:RP1-159A19.4:cad,rs17361686,known:RP11-10L12.2:t2d,rs223490,0.0,0,0
known:RP1-159A19.4:cad,rs17361686,known:RP11-464F9.9:t2d,rs11000760,0.0063,0,0
known:RP1-159A19.4:cad,rs17361686,known:RP11-347C18.3:t2d,rs726816,0.0538,0,0
known:RP1-159A19.4:cad,rs17361686,known:ALG1L13P:t2d,rs7837587,0.0074,0,0
known:RP1-159A19.4:cad,rs17361686,known:HMBS:cad,rs4614,0.0002,0,0
known:RP1-159A19.4:cad,rs17361686,known:RP11-856B14.1:t2d,rs1194104,nan,0,0
known:RP1-159A19.4:cad,rs17361686,known:RP11-384M15.3:cad,rs1050362,0.0013,0,0
known:RP1-159A19.4:cad,rs17361686,known:RP11-51F16.5:t2d,rs7223412,nan,0,0
known:RP1-159A19.4:cad,rs17361686,known:MIR4513:cad,rs12442901,0.0056,0,0
known:RP1-159A19.4:cad,rs17361686,known:Metazoa_SRP:cad,rs11204675,0.0003,0,0
known:RP1-159A19.4:cad,rs17361686,known:Metazoa_SRP:cad,rs10888385,0.0003,0,0
known:RP1-159A19.4:cad,rs17361686,known:STRADA:t2d,rs11079508,nan,0,0
known:RP1-159A19.4:cad,rs17361686,known:RP11-552F3.10:cad,rs3760128,0.013,0,0
known:RP1-159A19.4:cad,rs17361686,known:AC002116.7:t2d,rs10418015,0.0022,0,0
known:RP1-159A19.4:cad,rs17361686,known:DKFZP434I0714:t2d,rs9991574,0.0087,0,0
known:RP1-159A19.4:cad,rs17361686,known:hsa-mir-296:fbg,rs6026565,nan,0,0
known:RP1-159A19.4:cad,rs17361686,new:PLAUR:cad,rs4760,nan,0,0
known:RP1-159A19.4:cad,rs17361686,new:SLC12A3:cad,rs56228609,0.0029,0,0
known:RP1-159A19.4:cad,rs17361686,new:C2orf49:t2d,rs4851758,nan,0,0
known:RP1-159A19.4:cad,rs17361686,new:CWF19L1:t2d,rs17668357,0.0006,0,0
known:RP1-159A19.4:cad,rs17361686,new:U6atac:t2d,rs12780155,nan,0,0
known:RP1-159A19.4:cad,rs17361686,new:CD101:t2d,rs12130298,nan,0,0
known:RP1-159A19.4:cad,rs17361686,new:TAGLN2:cad,rs2789422,0.0297,0,0
known:RP1-159A19.4:cad,rs17361686,new:CCDC19:cad,rs2789422,0.0297,0,0
known:RP1-159A19.4:cad,rs17361686,new:RBM6:t2d,rs2245365,0.0036,0,0
known:RP1-159A19.4:cad,rs17361686,new:CNNM2:cad,rs11191447,nan,0,0
known:RP1-159A19.4:cad,rs17361686,new:VSIG8:cad,rs2789422,0.0297,0,0
known:RP1-159A19.4:cad,rs17361686,new:LAMC1:cad,rs11588675,0.001,0,0
known:RP1-159A19.4:cad,rs17361686,new:TPD52:fbg,rs2162229,0.0034,0,0
known:RP1-159A19.4:cad,rs17361686,new:SENP6:cad,rs62414240,0.0003,0,0
known:RP1-159A19.4:cad,rs17361686,new:RIC8A:cad,rs6598075,nan,0,0
known:RP1-159A19.4:cad,rs17361686,new:HMGN3:cad,rs17787027,nan,0,0
known:RP1-159A19.4:cad,rs17361686,new:MT3:fbg,rs1580833,0.0005,0,0
known:RP1-159A19.4:cad,rs17361686,new:RPL13:t2d,rs113847672,nan,0,0
known:RP1-159A19.4:cad,rs17361686,new:ZBTB46:cad,rs6062322,nan,0,0
known:SERBP1P3:t2d,rs4687701,known:RP11-464F9.1:t2d,rs7908825,0.0005,0,0
known:SERBP1P3:t2d,rs4687701,known:CTD-2037K23.2:cad,rs16875368,0.0012,0,0
known:SERBP1P3:t2d,rs4687701,known:AP000487.5:cad,rs34053053,0.0359,0,0
known:SERBP1P3:t2d,rs4687701,known:CTD-2044J15.1:cad,rs4389656,0.0105,0,0
known:SERBP1P3:t2d,rs4687701,known:KRT8P46:t2d,rs223490,0.0039,0,0
known:SERBP1P3:t2d,rs4687701,known:RP11-10L12.2:t2d,rs223490,0.0039,0,0
known:SERBP1P3:t2d,rs4687701,known:RP11-464F9.9:t2d,rs11000760,0.0002,0,0
known:SERBP1P3:t2d,rs4687701,known:RP11-347C18.3:t2d,rs726816,0.0012,0,0
known:SERBP1P3:t2d,rs4687701,known:ALG1L13P:t2d,rs7837587,0.0002,0,0
known:SERBP1P3:t2d,rs4687701,known:HMBS:cad,rs4614,0.0015,0,0
known:SERBP1P3:t2d,rs4687701,known:RP11-856B14.1:t2d,rs1194104,0.0002,0,0
known:SERBP1P3:t2d,rs4687701,known:RP11-384M15.3:cad,rs1050362,0.0028,0,0
known:SERBP1P3:t2d,rs4687701,known:RP11-51F16.5:t2d,rs7223412,0.0016,0,0
known:SERBP1P3:t2d,rs4687701,known:MIR4513:cad,rs12442901,0.0026,0,0
known:SERBP1P3:t2d,rs4687701,known:Metazoa_SRP:cad,rs11204675,0.0,0,0
known:SERBP1P3:t2d,rs4687701,known:Metazoa_SRP:cad,rs10888385,0.0,0,0
known:SERBP1P3:t2d,rs4687701,known:STRADA:t2d,rs11079508,0.0016,0,0
known:SERBP1P3:t2d,rs4687701,known:RP11-552F3.10:cad,rs3760128,0.0,0,0
known:SERBP1P3:t2d,rs4687701,known:AC002116.7:t2d,rs10418015,0.0,0,0
known:SERBP1P3:t2d,rs4687701,known:DKFZP434I0714:t2d,rs9991574,0.001,0,0
known:SERBP1P3:t2d,rs4687701,known:hsa-mir-296:fbg,rs6026565,0.0013,0,0
known:SERBP1P3:t2d,rs4687701,new:PLAUR:cad,rs4760,0.0,0,0
known:SERBP1P3:t2d,rs4687701,new:SLC12A3:cad,rs56228609,0.001,0,0
known:SERBP1P3:t2d,rs4687701,new:C2orf49:t2d,rs4851758,0.0098,0,0
known:SERBP1P3:t2d,rs4687701,new:CWF19L1:t2d,rs17668357,0.0165,0,0
known:SERBP1P3:t2d,rs4687701,new:U6atac:t2d,rs12780155,0.0095,0,0
known:SERBP1P3:t2d,rs4687701,new:CD101:t2d,rs12130298,0.0043,0,0
known:SERBP1P3:t2d,rs4687701,new:TAGLN2:cad,rs2789422,0.0049,0,0
known:SERBP1P3:t2d,rs4687701,new:CCDC19:cad,rs2789422,0.0049,0,0
known:SERBP1P3:t2d,rs4687701,new:RBM6:t2d,rs2245365,0.0026,0,0
known:SERBP1P3:t2d,rs4687701,new:CNNM2:cad,rs11191447,0.0237,0,0
known:SERBP1P3:t2d,rs4687701,new:VSIG8:cad,rs2789422,0.0049,0,0
known:SERBP1P3:t2d,rs4687701,new:LAMC1:cad,rs11588675,0.0029,0,0
known:SERBP1P3:t2d,rs4687701,new:TPD52:fbg,rs2162229,0.0045,0,0
known:SERBP1P3:t2d,rs4687701,new:SENP6:cad,rs62414240,0.0011,0,0
known:SERBP1P3:t2d,rs4687701,new:RIC8A:cad,rs6598075,0.0013,0,0
known:SERBP1P3:t2d,rs4687701,new:HMGN3:cad,rs17787027,nan,0,0
known:SERBP1P3:t2d,rs4687701,new:MT3:fbg,rs1580833,0.0103,0,0
known:SERBP1P3:t2d,rs4687701,new:RPL13:t2d,rs113847672,0.0003,0,0
known:SERBP1P3:t2d,rs4687701,new:ZBTB46:cad,rs6062322,0.0121,0,0
known:RP11-464F9.1:t2d,rs7908825,known:CTD-2037K23.2:cad,rs16875368,0.0064,0,0
known:RP11-464F9.1:t2d,rs7908825,known:AP000487.5:cad,rs34053053,0.0067,0,0
known:RP11-464F9.1:t2d,rs7908825,known:CTD-2044J15.1:cad,rs4389656,0.0006,0,0
known:RP11-464F9.1:t2d,rs7908825,known:KRT8P46:t2d,rs223490,0.0145,0,0
known:RP11-464F9.1:t2d,rs7908825,known:RP11-10L12.2:t2d,rs223490,0.0145,0,0
known:RP11-464F9.1:t2d,rs7908825,known:RP11-464F9.9:t2d,rs11000760,0.9908,1,1
known:RP11-464F9.1:t2d,rs7908825,known:RP11-347C18.3:t2d,rs726816,0.0106,0,0
known:RP11-464F9.1:t2d,rs7908825,known:ALG1L13P:t2d,rs7837587,0.01,0,0
known:RP11-464F9.1:t2d,rs7908825,known:HMBS:cad,rs4614,0.004,0,0
known:RP11-464F9.1:t2d,rs7908825,known:RP11-856B14.1:t2d,rs1194104,0.0012,0,0
known:RP11-464F9.1:t2d,rs7908825,known:RP11-384M15.3:cad,rs1050362,0.0035,0,0
known:RP11-464F9.1:t2d,rs7908825,known:RP11-51F16.5:t2d,rs7223412,0.005,0,0
known:RP11-464F9.1:t2d,rs7908825,known:MIR4513:cad,rs12442901,0.0003,0,0
known:RP11-464F9.1:t2d,rs7908825,known:Metazoa_SRP:cad,rs11204675,0.0097,0,0
known:RP11-464F9.1:t2d,rs7908825,known:Metazoa_SRP:cad,rs10888385,0.0097,0,0
known:RP11-464F9.1:t2d,rs7908825,known:STRADA:t2d,rs11079508,0.005,0,0
known:RP11-464F9.1:t2d,rs7908825,known:RP11-552F3.10:cad,rs3760128,0.0008,0,0
known:RP11-464F9.1:t2d,rs7908825,known:AC002116.7:t2d,rs10418015,0.0102,0,0
known:RP11-464F9.1:t2d,rs7908825,known:DKFZP434I0714:t2d,rs9991574,0.0086,0,0
known:RP11-464F9.1:t2d,rs7908825,known:hsa-mir-296:fbg,rs6026565,0.0042,0,0
known:RP11-464F9.1:t2d,rs7908825,new:PLAUR:cad,rs4760,0.0013,0,0
known:RP11-464F9.1:t2d,rs7908825,new:SLC12A3:cad,rs56228609,0.0002,0,0
known:RP11-464F9.1:t2d,rs7908825,new:C2orf49:t2d,rs4851758,0.0051,0,0
known:RP11-464F9.1:t2d,rs7908825,new:CWF19L1:t2d,rs17668357,0.0003,0,0
known:RP11-464F9.1:t2d,rs7908825,new:U6atac:t2d,rs12780155,0.0001,0,0
known:RP11-464F9.1:t2d,rs7908825,new:CD101:t2d,rs12130298,0.0007,0,0
known:RP11-464F9.1:t2d,rs7908825,new:TAGLN2:cad,rs2789422,0.0014,0,0
known:RP11-464F9.1:t2d,rs7908825,new:CCDC19:cad,rs2789422,0.0014,0,0
known:RP11-464F9.1:t2d,rs7908825,new:RBM6:t2d,rs2245365,0.0,0,0
known:RP11-464F9.1:t2d,rs7908825,new:CNNM2:cad,rs11191447,0.0235,0,0
known:RP11-464F9.1:t2d,rs7908825,new:VSIG8:cad,rs2789422,0.0014,0,0
known:RP11-464F9.1:t2d,rs7908825,new:LAMC1:cad,rs11588675,0.0005,0,0
known:RP11-464F9.1:t2d,rs7908825,new:TPD52:fbg,rs2162229,0.0001,0,0
known:RP11-464F9.1:t2d,rs7908825,new:SENP6:cad,rs62414240,0.0,0,0
known:RP11-464F9.1:t2d,rs7908825,new:RIC8A:cad,rs6598075,0.0007,0,0
known:RP11-464F9.1:t2d,rs7908825,new:HMGN3:cad,rs17787027,0.08,0,0
known:RP11-464F9.1:t2d,rs7908825,new:MT3:fbg,rs1580833,0.006,0,0
known:RP11-464F9.1:t2d,rs7908825,new:RPL13:t2d,rs113847672,0.0182,0,0
known:RP11-464F9.1:t2d,rs7908825,new:ZBTB46:cad,rs6062322,0.0031,0,0
known:CTD-2037K23.2:cad,rs16875368,known:AP000487.5:cad,rs34053053,0.0,0,0
known:CTD-2037K23.2:cad,rs16875368,known:CTD-2044J15.1:cad,rs4389656,0.0045,0,0
known:CTD-2037K23.2:cad,rs16875368,known:KRT8P46:t2d,rs223490,0.0057,0,0
known:CTD-2037K23.2:cad,rs16875368,known:RP11-10L12.2:t2d,rs223490,0.0057,0,0
known:CTD-2037K23.2:cad,rs16875368,known:RP11-464F9.9:t2d,rs11000760,0.0056,0,0
known:CTD-2037K23.2:cad,rs16875368,known:RP11-347C18.3:t2d,rs726816,0.003,0,0
known:CTD-2037K23.2:cad,rs16875368,known:ALG1L13P:t2d,rs7837587,0.0076,0,0
known:CTD-2037K23.2:cad,rs16875368,known:HMBS:cad,rs4614,0.0017,0,0
known:CTD-2037K23.2:cad,rs16875368,known:RP11-856B14.1:t2d,rs1194104,0.0063,0,0
known:CTD-2037K23.2:cad,rs16875368,known:RP11-384M15.3:cad,rs1050362,0.0054,0,0
known:CTD-2037K23.2:cad,rs16875368,known:RP11-51F16.5:t2d,rs7223412,0.0009,0,0
known:CTD-2037K23.2:cad,rs16875368,known:MIR4513:cad,rs12442901,0.0009,0,0
known:CTD-2037K23.2:cad,rs16875368,known:Metazoa_SRP:cad,rs11204675,0.0165,0,0
known:CTD-2037K23.2:cad,rs16875368,known:Metazoa_SRP:cad,rs10888385,0.0165,0,0
known:CTD-2037K23.2:cad,rs16875368,known:STRADA:t2d,rs11079508,0.0009,0,0
known:CTD-2037K23.2:cad,rs16875368,known:RP11-552F3.10:cad,rs3760128,0.0014,0,0
known:CTD-2037K23.2:cad,rs16875368,known:AC002116.7:t2d,rs10418015,0.0165,0,0
known:CTD-2037K23.2:cad,rs16875368,known:DKFZP434I0714:t2d,rs9991574,0.0253,0,0
known:CTD-2037K23.2:cad,rs16875368,known:hsa-mir-296:fbg,rs6026565,0.0189,0,0
known:CTD-2037K23.2:cad,rs16875368,new:PLAUR:cad,rs4760,0.0198,0,0
known:CTD-2037K23.2:cad,rs16875368,new:SLC12A3:cad,rs56228609,0.0097,0,0
known:CTD-2037K23.2:cad,rs16875368,new:C2orf49:t2d,rs4851758,0.0777,0,0
known:CTD-2037K23.2:cad,rs16875368,new:CWF19L1:t2d,rs17668357,0.0043,0,0
known:CTD-2037K23.2:cad,rs16875368,new:U6atac:t2d,rs12780155,0.0036,0,0
known:CTD-2037K23.2:cad,rs16875368,new:CD101:t2d,rs12130298,nan,0,0
known:CTD-2037K23.2:cad,rs16875368,new:TAGLN2:cad,rs2789422,0.0091,0,0
known:CTD-2037K23.2:cad,rs16875368,new:CCDC19:cad,rs2789422,0.0091,0,0
known:CTD-2037K23.2:cad,rs16875368,new:RBM6:t2d,rs2245365,0.0009,0,0
known:CTD-2037K23.2:cad,rs16875368,new:CNNM2:cad,rs11191447,nan,0,0
known:CTD-2037K23.2:cad,rs16875368,new:VSIG8:cad,rs2789422,0.0091,0,0
known:CTD-2037K23.2:cad,rs16875368,new:LAMC1:cad,rs11588675,0.0003,0,0
known:CTD-2037K23.2:cad,rs16875368,new:TPD52:fbg,rs2162229,0.001,0,0
known:CTD-2037K23.2:cad,rs16875368,new:SENP6:cad,rs62414240,0.0007,0,0
known:CTD-2037K23.2:cad,rs16875368,new:RIC8A:cad,rs6598075,0.0353,0,0
known:CTD-2037K23.2:cad,rs16875368,new:HMGN3:cad,rs17787027,nan,0,0
known:CTD-2037K23.2:cad,rs16875368,new:MT3:fbg,rs1580833,0.0162,0,0
known:CTD-2037K23.2:cad,rs16875368,new:RPL13:t2d,rs113847672,0.0044,0,0
known:CTD-2037K23.2:cad,rs16875368,new:ZBTB46:cad,rs6062322,0.0134,0,0
known:AP000487.5:cad,rs34053053,known:CTD-2044J15.1:cad,rs4389656,0.019,0,0
known:AP000487.5:cad,rs34053053,known:KRT8P46:t2d,rs223490,0.0006,0,0
known:AP000487.5:cad,rs34053053,known:RP11-10L12.2:t2d,rs223490,0.0006,0,0
known:AP000487.5:cad,rs34053053,known:RP11-464F9.9:t2d,rs11000760,0.01,0,0
known:AP000487.5:cad,rs34053053,known:RP11-347C18.3:t2d,rs726816,0.0006,0,0
known:AP000487.5:cad,rs34053053,known:ALG1L13P:t2d,rs7837587,0.0033,0,0
known:AP000487.5:cad,rs34053053,known:HMBS:cad,rs4614,0.004,0,0
known:AP000487.5:cad,rs34053053,known:RP11-856B14.1:t2d,rs1194104,0.0,0,0
known:AP000487.5:cad,rs34053053,known:RP11-384M15.3:cad,rs1050362,0.0007,0,0
known:AP000487.5:cad,rs34053053,known:RP11-51F16.5:t2d,rs7223412,0.0016,0,0
known:AP000487.5:cad,rs34053053,known:MIR4513:cad,rs12442901,0.0187,0,0
known:AP000487.5:cad,rs34053053,known:Metazoa_SRP:cad,rs11204675,0.0052,0,0
known:AP000487.5:cad,rs34053053,known:Metazoa_SRP:cad,rs10888385,0.0052,0,0
known:AP000487.5:cad,rs34053053,known:STRADA:t2d,rs11079508,0.0016,0,0
known:AP000487.5:cad,rs34053053,known:RP11-552F3.10:cad,rs3760128,0.0001,0,0
known:AP000487.5:cad,rs34053053,known:AC002116.7:t2d,rs10418015,0.0,0,0
known:AP000487.5:cad,rs34053053,known:DKFZP434I0714:t2d,rs9991574,0.0024,0,0
known:AP000487.5:cad,rs34053053,known:hsa-mir-296:fbg,rs6026565,nan,0,0
known:AP000487.5:cad,rs34053053,new:PLAUR:cad,rs4760,nan,0,0
known:AP000487.5:cad,rs34053053,new:SLC12A3:cad,rs56228609,0.0045,0,0
known:AP000487.5:cad,rs34053053,new:C2orf49:t2d,rs4851758,nan,0,0
known:AP000487.5:cad,rs34053053,new:CWF19L1:t2d,rs17668357,0.0137,0,0
known:AP000487.5:cad,rs34053053,new:U6atac:t2d,rs12780155,0.0287,0,0
known:AP000487.5:cad,rs34053053,new:CD101:t2d,rs12130298,nan,0,0
known:AP000487.5:cad,rs34053053,new:TAGLN2:cad,rs2789422,0.0053,0,0
known:AP000487.5:cad,rs34053053,new:CCDC19:cad,rs2789422,0.0053,0,0
known:AP000487.5:cad,rs34053053,new:RBM6:t2d,rs2245365,0.0029,0,0
known:AP000487.5:cad,rs34053053,new:CNNM2:cad,rs11191447,nan,0,0
known:AP000487.5:cad,rs34053053,new:VSIG8:cad,rs2789422,0.0053,0,0
known:AP000487.5:cad,rs34053053,new:LAMC1:cad,rs11588675,0.0097,0,0
known:AP000487.5:cad,rs34053053,new:TPD52:fbg,rs2162229,0.0008,0,0
known:AP000487.5:cad,rs34053053,new:SENP6:cad,rs62414240,0.0091,0,0
known:AP000487.5:cad,rs34053053,new:RIC8A:cad,rs6598075,0.033,0,0
known:AP000487.5:cad,rs34053053,new:HMGN3:cad,rs17787027,nan,0,0
known:AP000487.5:cad,rs34053053,new:MT3:fbg,rs1580833,0.0095,0,0
known:AP000487.5:cad,rs34053053,new:RPL13:t2d,rs113847672,nan,0,0
known:AP000487.5:cad,rs34053053,new:ZBTB46:cad,rs6062322,nan,0,0
known:CTD-2044J15.1:cad,rs4389656,known:KRT8P46:t2d,rs223490,0.0001,0,0
known:CTD-2044J15.1:cad,rs4389656,known:RP11-10L12.2:t2d,rs223490,0.0001,0,0
known:CTD-2044J15.1:cad,rs4389656,known:RP11-464F9.9:t2d,rs11000760,0.0,0,0
known:CTD-2044J15.1:cad,rs4389656,known:RP11-347C18.3:t2d,rs726816,0.0048,0,0
known:CTD-2044J15.1:cad,rs4389656,known:ALG1L13P:t2d,rs7837587,0.0195,0,0
known:CTD-2044J15.1:cad,rs4389656,known:HMBS:cad,rs4614,0.0085,0,0
known:CTD-2044J15.1:cad,rs4389656,known:RP11-856B14.1:t2d,rs1194104,0.0312,0,0
known:CTD-2044J15.1:cad,rs4389656,known:RP11-384M15.3:cad,rs1050362,0.0155,0,0
known:CTD-2044J15.1:cad,rs4389656,known:RP11-51F16.5:t2d,rs7223412,0.001,0,0
known:CTD-2044J15.1:cad,rs4389656,known:MIR4513:cad,rs12442901,0.004,0,0
known:CTD-2044J15.1:cad,rs4389656,known:Metazoa_SRP:cad,rs11204675,0.0103,0,0
known:CTD-2044J15.1:cad,rs4389656,known:Metazoa_SRP:cad,rs10888385,0.0103,0,0
known:CTD-2044J15.1:cad,rs4389656,known:STRADA:t2d,rs11079508,0.001,0,0
known:CTD-2044J15.1:cad,rs4389656,known:RP11-552F3.10:cad,rs3760128,0.0,0,0
known:CTD-2044J15.1:cad,rs4389656,known:AC002116.7:t2d,rs10418015,0.0033,0,0
known:CTD-2044J15.1:cad,rs4389656,known:DKFZP434I0714:t2d,rs9991574,0.001,0,0
known:CTD-2044J15.1:cad,rs4389656,known:hsa-mir-296:fbg,rs6026565,0.0265,0,0
known:CTD-2044J15.1:cad,rs4389656,new:PLAUR:cad,rs4760,0.0001,0,0
known:CTD-2044J15.1:cad,rs4389656,new:SLC12A3:cad,rs56228609,0.002,0,0
known:CTD-2044J15.1:cad,rs4389656,new:C2orf49:t2d,rs4851758,0.0166,0,0
known:CTD-2044J15.1:cad,rs4389656,new:CWF19L1:t2d,rs17668357,0.0024,0,0
known:CTD-2044J15.1:cad,rs4389656,new:U6atac:t2d,rs12780155,0.0011,0,0
known:CTD-2044J15.1:cad,rs4389656,new:CD101:t2d,rs12130298,nan,0,0
known:CTD-2044J15.1:cad,rs4389656,new:TAGLN2:cad,rs2789422,0.0005,0,0
known:CTD-2044J15.1:cad,rs4389656,new:CCDC19:cad,rs2789422,0.0005,0,0
known:CTD-2044J15.1:cad,rs4389656,new:RBM6:t2d,rs2245365,0.0001,0,0
known:CTD-2044J15.1:cad,rs4389656,new:CNNM2:cad,rs11191447,0.0933,0,0
known:CTD-2044J15.1:cad,rs4389656,new:VSIG8:cad,rs2789422,0.0005,0,0
known:CTD-2044J15.1:cad,rs4389656,new:LAMC1:cad,rs11588675,0.0003,0,0
known:CTD-2044J15.1:cad,rs4389656,new:TPD52:fbg,rs2162229,0.0033,0,0
known:CTD-2044J15.1:cad,rs4389656,new:SENP6:cad,rs62414240,0.0008,0,0
known:CTD-2044J15.1:cad,rs4389656,new:RIC8A:cad,rs6598075,0.0,0,0
known:CTD-2044J15.1:cad,rs4389656,new:HMGN3:cad,rs17787027,nan,0,0
known:CTD-2044J15.1:cad,rs4389656,new:MT3:fbg,rs1580833,0.0024,0,0
known:CTD-2044J15.1:cad,rs4389656,new:RPL13:t2d,rs113847672,0.0076,0,0
known:CTD-2044J15.1:cad,rs4389656,new:ZBTB46:cad,rs6062322,0.0002,0,0
known:KRT8P46:t2d,rs223490,known:RP11-10L12.2:t2d,rs223490,1.0,1,1
known:KRT8P46:t2d,rs223490,known:RP11-464F9.9:t2d,rs11000760,0.0112,0,0
known:KRT8P46:t2d,rs223490,known:RP11-347C18.3:t2d,rs726816,0.0004,0,0
known:KRT8P46:t2d,rs223490,known:ALG1L13P:t2d,rs7837587,0.0025,0,0
known:KRT8P46:t2d,rs223490,known:HMBS:cad,rs4614,0.0009,0,0
known:KRT8P46:t2d,rs223490,known:RP11-856B14.1:t2d,rs1194104,0.0192,0,0
known:KRT8P46:t2d,rs223490,known:RP11-384M15.3:cad,rs1050362,0.0015,0,0
known:KRT8P46:t2d,rs223490,known:RP11-51F16.5:t2d,rs7223412,0.0198,0,0
known:KRT8P46:t2d,rs223490,known:MIR4513:cad,rs12442901,0.0012,0,0
known:KRT8P46:t2d,rs223490,known:Metazoa_SRP:cad,rs11204675,0.0,0,0
known:KRT8P46:t2d,rs223490,known:Metazoa_SRP:cad,rs10888385,0.0,0,0
known:KRT8P46:t2d,rs223490,known:STRADA:t2d,rs11079508,0.0198,0,0
known:KRT8P46:t2d,rs223490,known:RP11-552F3.10:cad,rs3760128,0.0,0,0
known:KRT8P46:t2d,rs223490,known:AC002116.7:t2d,rs10418015,0.0051,0,0
known:KRT8P46:t2d,rs223490,known:DKFZP434I0714:t2d,rs9991574,0.0189,0,0
known:KRT8P46:t2d,rs223490,known:hsa-mir-296:fbg,rs6026565,0.0017,0,0
known:KRT8P46:t2d,rs223490,new:PLAUR:cad,rs4760,0.0015,0,0
known:KRT8P46:t2d,rs223490,new:SLC12A3:cad,rs56228609,0.0076,0,0
known:KRT8P46:t2d,rs223490,new:C2orf49:t2d,rs4851758,0.0095,0,0
known:KRT8P46:t2d,rs223490,new:CWF19L1:t2d,rs17668357,0.0007,0,0
known:KRT8P46:t2d,rs223490,new:U6atac:t2d,rs12780155,0.0086,0,0
known:KRT8P46:t2d,rs223490,new:CD101:t2d,rs12130298,0.0104,0,0
known:KRT8P46:t2d,rs223490,new:TAGLN2:cad,rs2789422,0.0076,0,0
known:KRT8P46:t2d,rs223490,new:CCDC19:cad,rs2789422,0.0076,0,0
known:KRT8P46:t2d,rs223490,new:RBM6:t2d,rs2245365,0.0029,0,0
known:KRT8P46:t2d,rs223490,new:CNNM2:cad,rs11191447,0.0116,0,0
known:KRT8P46:t2d,rs223490,new:VSIG8:cad,rs2789422,0.0076,0,0
known:KRT8P46:t2d,rs223490,new:LAMC1:cad,rs11588675,0.0035,0,0
known:KRT8P46:t2d,rs223490,new:TPD52:fbg,rs2162229,0.0076,0,0
known:KRT8P46:t2d,rs223490,new:SENP6:cad,rs62414240,0.0048,0,0
known:KRT8P46:t2d,rs223490,new:RIC8A:cad,rs6598075,0.01,0,0
known:KRT8P46:t2d,rs223490,new:HMGN3:cad,rs17787027,nan,0,0
known:KRT8P46:t2d,rs223490,new:MT3:fbg,rs1580833,0.003,0,0
known:KRT8P46:t2d,rs223490,new:RPL13:t2d,rs113847672,0.0178,0,0
known:KRT8P46:t2d,rs223490,new:ZBTB46:cad,rs6062322,0.0021,0,0
known:RP11-10L12.2:t2d,rs223490,known:RP11-464F9.9:t2d,rs11000760,0.0112,0,0
known:RP11-10L12.2:t2d,rs223490,known:RP11-347C18.3:t2d,rs726816,0.0004,0,0
known:RP11-10L12.2:t2d,rs223490,known:ALG1L13P:t2d,rs7837587,0.0025,0,0
known:RP11-10L12.2:t2d,rs223490,known:HMBS:cad,rs4614,0.0009,0,0
known:RP11-10L12.2:t2d,rs223490,known:RP11-856B14.1:t2d,rs1194104,0.0192,0,0
known:RP11-10L12.2:t2d,rs223490,known:RP11-384M15.3:cad,rs1050362,0.0015,0,0
known:RP11-10L12.2:t2d,rs223490,known:RP11-51F16.5:t2d,rs7223412,0.0198,0,0
known:RP11-10L12.2:t2d,rs223490,known:MIR4513:cad,rs12442901,0.0012,0,0
known:RP11-10L12.2:t2d,rs223490,known:Metazoa_SRP:cad,rs11204675,0.0,0,0
known:RP11-10L12.2:t2d,rs223490,known:Metazoa_SRP:cad,rs10888385,0.0,0,0
known:RP11-10L12.2:t2d,rs223490,known:STRADA:t2d,rs11079508,0.0198,0,0
known:RP11-10L12.2:t2d,rs223490,known:RP11-552F3.10:cad,rs3760128,0.0,0,0
known:RP11-10L12.2:t2d,rs223490,known:AC002116.7:t2d,rs10418015,0.0051,0,0
known:RP11-10L12.2:t2d,rs223490,known:DKFZP434I0714:t2d,rs9991574,0.0189,0,0
known:RP11-10L12.2:t2d,rs223490,known:hsa-mir-296:fbg,rs6026565,0.0017,0,0
known:RP11-10L12.2:t2d,rs223490,new:PLAUR:cad,rs4760,0.0015,0,0
known:RP11-10L12.2:t2d,rs223490,new:SLC12A3:cad,rs56228609,0.0076,0,0
known:RP11-10L12.2:t2d,rs223490,new:C2orf49:t2d,rs4851758,0.0095,0,0
known:RP11-10L12.2:t2d,rs223490,new:CWF19L1:t2d,rs17668357,0.0007,0,0
known:RP11-10L12.2:t2d,rs223490,new:U6atac:t2d,rs12780155,0.0086,0,0
known:RP11-10L12.2:t2d,rs223490,new:CD101:t2d,rs12130298,0.0104,0,0
known:RP11-10L12.2:t2d,rs223490,new:TAGLN2:cad,rs2789422,0.0076,0,0
known:RP11-10L12.2:t2d,rs223490,new:CCDC19:cad,rs2789422,0.0076,0,0
known:RP11-10L12.2:t2d,rs223490,new:RBM6:t2d,rs2245365,0.0029,0,0
known:RP11-10L12.2:t2d,rs223490,new:CNNM2:cad,rs11191447,0.0116,0,0
known:RP11-10L12.2:t2d,rs223490,new:VSIG8:cad,rs2789422,0.0076,0,0
known:RP11-10L12.2:t2d,rs223490,new:LAMC1:cad,rs11588675,0.0035,0,0
known:RP11-10L12.2:t2d,rs223490,new:TPD52:fbg,rs2162229,0.0076,0,0
known:RP11-10L12.2:t2d,rs223490,new:SENP6:cad,rs62414240,0.0048,0,0
known:RP11-10L12.2:t2d,rs223490,new:RIC8A:cad,rs6598075,0.01,0,0
known:RP11-10L12.2:t2d,rs223490,new:HMGN3:cad,rs17787027,nan,0,0
known:RP11-10L12.2:t2d,rs223490,new:MT3:fbg,rs1580833,0.003,0,0
known:RP11-10L12.2:t2d,rs223490,new:RPL13:t2d,rs113847672,0.0178,0,0
known:RP11-10L12.2:t2d,rs223490,new:ZBTB46:cad,rs6062322,0.0021,0,0
known:RP11-464F9.9:t2d,rs11000760,known:RP11-347C18.3:t2d,rs726816,0.0114,0,0
known:RP11-464F9.9:t2d,rs11000760,known:ALG1L13P:t2d,rs7837587,0.0078,0,0
known:RP11-464F9.9:t2d,rs11000760,known:HMBS:cad,rs4614,0.0042,0,0
known:RP11-464F9.9:t2d,rs11000760,known:RP11-856B14.1:t2d,rs1194104,0.0014,0,0
known:RP11-464F9.9:t2d,rs11000760,known:RP11-384M15.3:cad,rs1050362,0.0032,0,0
known:RP11-464F9.9:t2d,rs11000760,known:RP11-51F16.5:t2d,rs7223412,0.005,0,0
known:RP11-464F9.9:t2d,rs11000760,known:MIR4513:cad,rs12442901,0.0005,0,0
known:RP11-464F9.9:t2d,rs11000760,known:Metazoa_SRP:cad,rs11204675,0.0097,0,0
known:RP11-464F9.9:t2d,rs11000760,known:Metazoa_SRP:cad,rs10888385,0.0097,0,0
known:RP11-464F9.9:t2d,rs11000760,known:STRADA:t2d,rs11079508,0.005,0,0
known:RP11-464F9.9:t2d,rs11000760,known:RP11-552F3.10:cad,rs3760128,0.0006,0,0
known:RP11-464F9.9:t2d,rs11000760,known:AC002116.7:t2d,rs10418015,0.0091,0,0
known:RP11-464F9.9:t2d,rs11000760,known:DKFZP434I0714:t2d,rs9991574,0.0094,0,0
known:RP11-464F9.9:t2d,rs11000760,known:hsa-mir-296:fbg,rs6026565,0.0053,0,0
known:RP11-464F9.9:t2d,rs11000760,new:PLAUR:cad,rs4760,0.0016,0,0
known:RP11-464F9.9:t2d,rs11000760,new:SLC12A3:cad,rs56228609,0.0002,0,0
known:RP11-464F9.9:t2d,rs11000760,new:C2orf49:t2d,rs4851758,0.0047,0,0
known:RP11-464F9.9:t2d,rs11000760,new:CWF19L1:t2d,rs17668357,0.0002,0,0
known:RP11-464F9.9:t2d,rs11000760,new:U6atac:t2d,rs12780155,0.0001,0,0
known:RP11-464F9.9:t2d,rs11000760,new:CD101:t2d,rs12130298,0.0007,0,0
known:RP11-464F9.9:t2d,rs11000760,new:TAGLN2:cad,rs2789422,0.0023,0,0
known:RP11-464F9.9:t2d,rs11000760,new:CCDC19:cad,rs2789422,0.0023,0,0
known:RP11-464F9.9:t2d,rs11000760,new:RBM6:t2d,rs2245365,0.0,0,0
known:RP11-464F9.9:t2d,rs11000760,new:CNNM2:cad,rs11191447,0.0214,0,0
known:RP11-464F9.9:t2d,rs11000760,new:VSIG8:cad,rs2789422,0.0023,0,0
known:RP11-464F9.9:t2d,rs11000760,new:LAMC1:cad,rs11588675,0.0005,0,0
known:RP11-464F9.9:t2d,rs11000760,new:TPD52:fbg,rs2162229,0.0,0,0
known:RP11-464F9.9:t2d,rs11000760,new:SENP6:cad,rs62414240,0.0,0,0
known:RP11-464F9.9:t2d,rs11000760,new:RIC8A:cad,rs6598075,0.0006,0,0
known:RP11-464F9.9:t2d,rs11000760,new:HMGN3:cad,rs17787027,0.08,0,0
known:RP11-464F9.9:t2d,rs11000760,new:MT3:fbg,rs1580833,0.006,0,0
known:RP11-464F9.9:t2d,rs11000760,new:RPL13:t2d,rs113847672,0.0166,0,0
known:RP11-464F9.9:t2d,rs11000760,new:ZBTB46:cad,rs6062322,0.0031,0,0
known:RP11-347C18.3:t2d,rs726816,known:ALG1L13P:t2d,rs7837587,0.0042,0,0
known:RP11-347C18.3:t2d,rs726816,known:HMBS:cad,rs4614,0.0114,0,0
known:RP11-347C18.3:t2d,rs726816,known:RP11-856B14.1:t2d,rs1194104,0.0236,0,0
known:RP11-347C18.3:t2d,rs726816,known:RP11-384M15.3:cad,rs1050362,0.0076,0,0
known:RP11-347C18.3:t2d,rs726816,known:RP11-51F16.5:t2d,rs7223412,0.0112,0,0
known:RP11-347C18.3:t2d,rs726816,known:MIR4513:cad,rs12442901,0.0,0,0
known:RP11-347C18.3:t2d,rs726816,known:Metazoa_SRP:cad,rs11204675,0.001,0,0
known:RP11-347C18.3:t2d,rs726816,known:Metazoa_SRP:cad,rs10888385,0.001,0,0
known:RP11-347C18.3:t2d,rs726816,known:STRADA:t2d,rs11079508,0.0112,0,0
known:RP11-347C18.3:t2d,rs726816,known:RP11-552F3.10:cad,rs3760128,0.0003,0,0
known:RP11-347C18.3:t2d,rs726816,known:AC002116.7:t2d,rs10418015,0.0023,0,0
known:RP11-347C18.3:t2d,rs726816,known:DKFZP434I0714:t2d,rs9991574,0.0005,0,0
known:RP11-347C18.3:t2d,rs726816,known:hsa-mir-296:fbg,rs6026565,0.0285,0,0
known:RP11-347C18.3:t2d,rs726816,new:PLAUR:cad,rs4760,0.0627,0,0
known:RP11-347C18.3:t2d,rs726816,new:SLC12A3:cad,rs56228609,0.001,0,0
known:RP11-347C18.3:t2d,rs726816,new:C2orf49:t2d,rs4851758,0.0327,0,0
known:RP11-347C18.3:t2d,rs726816,new:CWF19L1:t2d,rs17668357,0.0012,0,0
known:RP11-347C18.3:t2d,rs726816,new:U6atac:t2d,rs12780155,0.0025,0,0
known:RP11-347C18.3:t2d,rs726816,new:CD101:t2d,rs12130298,0.0194,0,0
known:RP11-347C18.3:t2d,rs726816,new:TAGLN2:cad,rs2789422,0.0099,0,0
known:RP11-347C18.3:t2d,rs726816,new:CCDC19:cad,rs2789422,0.0099,0,0
known:RP11-347C18.3:t2d,rs726816,new:RBM6:t2d,rs2245365,0.0045,0,0
known:RP11-347C18.3:t2d,rs726816,new:CNNM2:cad,rs11191447,0.0028,0,0
known:RP11-347C18.3:t2d,rs726816,new:VSIG8:cad,rs2789422,0.0099,0,0
known:RP11-347C18.3:t2d,rs726816,new:LAMC1:cad,rs11588675,0.0073,0,0
known:RP11-347C18.3:t2d,rs726816,new:TPD52:fbg,rs2162229,0.0002,0,0
known:RP11-347C18.3:t2d,rs726816,new:SENP6:cad,rs62414240,0.0,0,0
known:RP11-347C18.3:t2d,rs726816,new:RIC8A:cad,rs6598075,0.0017,0,0
known:RP11-347C18.3:t2d,rs726816,new:HMGN3:cad,rs17787027,nan,0,0
known:RP11-347C18.3:t2d,rs726816,new:MT3:fbg,rs1580833,0.0003,0,0
known:RP11-347C18.3:t2d,rs726816,new:RPL13:t2d,rs113847672,0.0003,0,0
known:RP11-347C18.3:t2d,rs726816,new:ZBTB46:cad,rs6062322,0.002,0,0
known:ALG1L13P:t2d,rs7837587,known:HMBS:cad,rs4614,0.0008,0,0
known:ALG1L13P:t2d,rs7837587,known:RP11-856B14.1:t2d,rs1194104,0.0,0,0
known:ALG1L13P:t2d,rs7837587,known:RP11-384M15.3:cad,rs1050362,0.0,0,0
known:ALG1L13P:t2d,rs7837587,known:RP11-51F16.5:t2d,rs7223412,0.0086,0,0
known:ALG1L13P:t2d,rs7837587,known:MIR4513:cad,rs12442901,0.0015,0,0
known:ALG1L13P:t2d,rs7837587,known:Metazoa_SRP:cad,rs11204675,0.0006,0,0
known:ALG1L13P:t2d,rs7837587,known:Metazoa_SRP:cad,rs10888385,0.0006,0,0
known:ALG1L13P:t2d,rs7837587,known:STRADA:t2d,rs11079508,0.0086,0,0
known:ALG1L13P:t2d,rs7837587,known:RP11-552F3.10:cad,rs3760128,0.0046,0,0
known:ALG1L13P:t2d,rs7837587,known:AC002116.7:t2d,rs10418015,0.0004,0,0
known:ALG1L13P:t2d,rs7837587,known:DKFZP434I0714:t2d,rs9991574,0.0034,0,0
known:ALG1L13P:t2d,rs7837587,known:hsa-mir-296:fbg,rs6026565,0.0226,0,0
known:ALG1L13P:t2d,rs7837587,new:PLAUR:cad,rs4760,0.0015,0,0
known:ALG1L13P:t2d,rs7837587,new:SLC12A3:cad,rs56228609,0.0047,0,0
known:ALG1L13P:t2d,rs7837587,new:C2orf49:t2d,rs4851758,0.0212,0,0
known:ALG1L13P:t2d,rs7837587,new:CWF19L1:t2d,rs17668357,0.0029,0,0
known:ALG1L13P:t2d,rs7837587,new:U6atac:t2d,rs12780155,0.004,0,0
known:ALG1L13P:t2d,rs7837587,new:CD101:t2d,rs12130298,nan,0,0
known:ALG1L13P:t2d,rs7837587,new:TAGLN2:cad,rs2789422,0.0074,0,0
known:ALG1L13P:t2d,rs7837587,new:CCDC19:cad,rs2789422,0.0074,0,0
known:ALG1L13P:t2d,rs7837587,new:RBM6:t2d,rs2245365,0.0004,0,0
known:ALG1L13P:t2d,rs7837587,new:CNNM2:cad,rs11191447,0.0063,0,0
known:ALG1L13P:t2d,rs7837587,new:VSIG8:cad,rs2789422,0.0074,0,0
known:ALG1L13P:t2d,rs7837587,new:LAMC1:cad,rs11588675,0.003,0,0
known:ALG1L13P:t2d,rs7837587,new:TPD52:fbg,rs2162229,0.0026,0,0
known:ALG1L13P:t2d,rs7837587,new:SENP6:cad,rs62414240,0.0003,0,0
known:ALG1L13P:t2d,rs7837587,new:RIC8A:cad,rs6598075,0.0121,0,0
known:ALG1L13P:t2d,rs7837587,new:HMGN3:cad,rs17787027,nan,0,0
known:ALG1L13P:t2d,rs7837587,new:MT3:fbg,rs1580833,0.0084,0,0
known:ALG1L13P:t2d,rs7837587,new:RPL13:t2d,rs113847672,0.0007,0,0
known:ALG1L13P:t2d,rs7837587,new:ZBTB46:cad,rs6062322,0.0047,0,0
known:HMBS:cad,rs4614,known:RP11-856B14.1:t2d,rs1194104,0.0003,0,0
known:HMBS:cad,rs4614,known:RP11-384M15.3:cad,rs1050362,0.0034,0,0
known:HMBS:cad,rs4614,known:RP11-51F16.5:t2d,rs7223412,0.0006,0,0
known:HMBS:cad,rs4614,known:MIR4513:cad,rs12442901,0.0037,0,0
known:HMBS:cad,rs4614,known:Metazoa_SRP:cad,rs11204675,0.0029,0,0
known:HMBS:cad,rs4614,known:Metazoa_SRP:cad,rs10888385,0.0029,0,0
known:HMBS:cad,rs4614,known:STRADA:t2d,rs11079508,0.0006,0,0
known:HMBS:cad,rs4614,known:RP11-552F3.10:cad,rs3760128,0.0,0,0
known:HMBS:cad,rs4614,known:AC002116.7:t2d,rs10418015,0.0003,0,0
known:HMBS:cad,rs4614,known:DKFZP434I0714:t2d,rs9991574,0.0109,0,0
known:HMBS:cad,rs4614,known:hsa-mir-296:fbg,rs6026565,0.0286,0,0
known:HMBS:cad,rs4614,new:PLAUR:cad,rs4760,0.0003,0,0
known:HMBS:cad,rs4614,new:SLC12A3:cad,rs56228609,0.0047,0,0
known:HMBS:cad,rs4614,new:C2orf49:t2d,rs4851758,0.0006,0,0
known:HMBS:cad,rs4614,new:CWF19L1:t2d,rs17668357,0.0,0,0
known:HMBS:cad,rs4614,new:U6atac:t2d,rs12780155,0.001,0,0
known:HMBS:cad,rs4614,new:CD101:t2d,rs12130298,nan,0,0
known:HMBS:cad,rs4614,new:TAGLN2:cad,rs2789422,0.0008,0,0
known:HMBS:cad,rs4614,new:CCDC19:cad,rs2789422,0.0008,0,0
known:HMBS:cad,rs4614,new:RBM6:t2d,rs2245365,0.0091,0,0
known:HMBS:cad,rs4614,new:CNNM2:cad,rs11191447,0.0073,0,0
known:HMBS:cad,rs4614,new:VSIG8:cad,rs2789422,0.0008,0,0
known:HMBS:cad,rs4614,new:LAMC1:cad,rs11588675,0.0004,0,0
known:HMBS:cad,rs4614,new:TPD52:fbg,rs2162229,0.0014,0,0
known:HMBS:cad,rs4614,new:SENP6:cad,rs62414240,0.0008,0,0
known:HMBS:cad,rs4614,new:RIC8A:cad,rs6598075,0.0231,0,0
known:HMBS:cad,rs4614,new:HMGN3:cad,rs17787027,nan,0,0
known:HMBS:cad,rs4614,new:MT3:fbg,rs1580833,0.0018,0,0
known:HMBS:cad,rs4614,new:RPL13:t2d,rs113847672,0.0085,0,0
known:HMBS:cad,rs4614,new:ZBTB46:cad,rs6062322,0.0041,0,0
known:RP11-856B14.1:t2d,rs1194104,known:RP11-384M15.3:cad,rs1050362,0.0029,0,0
known:RP11-856B14.1:t2d,rs1194104,known:RP11-51F16.5:t2d,rs7223412,0.0026,0,0
known:RP11-856B14.1:t2d,rs1194104,known:MIR4513:cad,rs12442901,0.0029,0,0
known:RP11-856B14.1:t2d,rs1194104,known:Metazoa_SRP:cad,rs11204675,0.0001,0,0
known:RP11-856B14.1:t2d,rs1194104,known:Metazoa_SRP:cad,rs10888385,0.0001,0,0
known:RP11-856B14.1:t2d,rs1194104,known:STRADA:t2d,rs11079508,0.0026,0,0
known:RP11-856B14.1:t2d,rs1194104,known:RP11-552F3.10:cad,rs3760128,0.0,0,0
known:RP11-856B14.1:t2d,rs1194104,known:AC002116.7:t2d,rs10418015,0.0005,0,0
known:RP11-856B14.1:t2d,rs1194104,known:DKFZP434I0714:t2d,rs9991574,0.0,0,0
known:RP11-856B14.1:t2d,rs1194104,known:hsa-mir-296:fbg,rs6026565,0.0261,0,0
known:RP11-856B14.1:t2d,rs1194104,new:PLAUR:cad,rs4760,0.001,0,0
known:RP11-856B14.1:t2d,rs1194104,new:SLC12A3:cad,rs56228609,0.0155,0,0
known:RP11-856B14.1:t2d,rs1194104,new:C2orf49:t2d,rs4851758,0.0372,0,0
known:RP11-856B14.1:t2d,rs1194104,new:CWF19L1:t2d,rs17668357,0.0041,0,0
known:RP11-856B14.1:t2d,rs1194104,new:U6atac:t2d,rs12780155,0.0005,0,0
known:RP11-856B14.1:t2d,rs1194104,new:CD101:t2d,rs12130298,nan,0,0
known:RP11-856B14.1:t2d,rs1194104,new:TAGLN2:cad,rs2789422,0.0045,0,0
known:RP11-856B14.1:t2d,rs1194104,new:CCDC19:cad,rs2789422,0.0045,0,0
known:RP11-856B14.1:t2d,rs1194104,new:RBM6:t2d,rs2245365,0.0047,0,0
known:RP11-856B14.1:t2d,rs1194104,new:CNNM2:cad,rs11191447,nan,0,0
known:RP11-856B14.1:t2d,rs1194104,new:VSIG8:cad,rs2789422,0.0045,0,0
known:RP11-856B14.1:t2d,rs1194104,new:LAMC1:cad,rs11588675,0.0004,0,0
known:RP11-856B14.1:t2d,rs1194104,new:TPD52:fbg,rs2162229,0.023,0,0
known:RP11-856B14.1:t2d,rs1194104,new:SENP6:cad,rs62414240,0.0012,0,0
known:RP11-856B14.1:t2d,rs1194104,new:RIC8A:cad,rs6598075,0.0035,0,0
known:RP11-856B14.1:t2d,rs1194104,new:HMGN3:cad,rs17787027,nan,0,0
known:RP11-856B14.1:t2d,rs1194104,new:MT3:fbg,rs1580833,0.0022,0,0
known:RP11-856B14.1:t2d,rs1194104,new:RPL13:t2d,rs113847672,0.0158,0,0
known:RP11-856B14.1:t2d,rs1194104,new:ZBTB46:cad,rs6062322,0.0052,0,0
known:RP11-384M15.3:cad,rs1050362,known:RP11-51F16.5:t2d,rs7223412,0.0195,0,0
known:RP11-384M15.3:cad,rs1050362,known:MIR4513:cad,rs12442901,0.0057,0,0
known:RP11-384M15.3:cad,rs1050362,known:Metazoa_SRP:cad,rs11204675,0.002,0,0
known:RP11-384M15.3:cad,rs1050362,known:Metazoa_SRP:cad,rs10888385,0.002,0,0
known:RP11-384M15.3:cad,rs1050362,known:STRADA:t2d,rs11079508,0.0195,0,0
known:RP11-384M15.3:cad,rs1050362,known:RP11-552F3.10:cad,rs3760128,0.0082,0,0
known:RP11-384M15.3:cad,rs1050362,known:AC002116.7:t2d,rs10418015,0.002,0,0
known:RP11-384M15.3:cad,rs1050362,known:DKFZP434I0714:t2d,rs9991574,0.0014,0,0
known:RP11-384M15.3:cad,rs1050362,known:hsa-mir-296:fbg,rs6026565,0.0201,0,0
known:RP11-384M15.3:cad,rs1050362,new:PLAUR:cad,rs4760,0.0053,0,0
known:RP11-384M15.3:cad,rs1050362,new:SLC12A3:cad,rs56228609,0.0065,0,0
known:RP11-384M15.3:cad,rs1050362,new:C2orf49:t2d,rs4851758,0.013,0,0
known:RP11-384M15.3:cad,rs1050362,new:CWF19L1:t2d,rs17668357,0.0015,0,0
known:RP11-384M15.3:cad,rs1050362,new:U6atac:t2d,rs12780155,0.0,0,0
known:RP11-384M15.3:cad,rs1050362,new:CD101:t2d,rs12130298,nan,0,0
known:RP11-384M15.3:cad,rs1050362,new:TAGLN2:cad,rs2789422,0.0122,0,0
known:RP11-384M15.3:cad,rs1050362,new:CCDC19:cad,rs2789422,0.0122,0,0
known:RP11-384M15.3:cad,rs1050362,new:RBM6:t2d,rs2245365,0.016,0,0
known:RP11-384M15.3:cad,rs1050362,new:CNNM2:cad,rs11191447,0.0077,0,0
known:RP11-384M15.3:cad,rs1050362,new:VSIG8:cad,rs2789422,0.0122,0,0
known:RP11-384M15.3:cad,rs1050362,new:LAMC1:cad,rs11588675,0.0006,0,0
known:RP11-384M15.3:cad,rs1050362,new:TPD52:fbg,rs2162229,0.0263,0,0
known:RP11-384M15.3:cad,rs1050362,new:SENP6:cad,rs62414240,0.0063,0,0
known:RP11-384M15.3:cad,rs1050362,new:RIC8A:cad,rs6598075,0.0001,0,0
known:RP11-384M15.3:cad,rs1050362,new:HMGN3:cad,rs17787027,nan,0,0
known:RP11-384M15.3:cad,rs1050362,new:MT3:fbg,rs1580833,0.0118,0,0
known:RP11-384M15.3:cad,rs1050362,new:RPL13:t2d,rs113847672,0.0005,0,0
known:RP11-384M15.3:cad,rs1050362,new:ZBTB46:cad,rs6062322,0.0014,0,0
known:RP11-51F16.5:t2d,rs7223412,known:MIR4513:cad,rs12442901,0.0489,0,0
known:RP11-51F16.5:t2d,rs7223412,known:Metazoa_SRP:cad,rs11204675,0.0022,0,0
known:RP11-51F16.5:t2d,rs7223412,known:Metazoa_SRP:cad,rs10888385,0.0022,0,0
known:RP11-51F16.5:t2d,rs7223412,known:STRADA:t2d,rs11079508,1.0,1,1
known:RP11-51F16.5:t2d,rs7223412,known:RP11-552F3.10:cad,rs3760128,0.0002,0,0
known:RP11-51F16.5:t2d,rs7223412,known:AC002116.7:t2d,rs10418015,0.0008,0,0
known:RP11-51F16.5:t2d,rs7223412,known:DKFZP434I0714:t2d,rs9991574,0.0009,0,0
known:RP11-51F16.5:t2d,rs7223412,known:hsa-mir-296:fbg,rs6026565,nan,0,0
known:RP11-51F16.5:t2d,rs7223412,new:PLAUR:cad,rs4760,0.0251,0,0
known:RP11-51F16.5:t2d,rs7223412,new:SLC12A3:cad,rs56228609,0.0002,0,0
known:RP11-51F16.5:t2d,rs7223412,new:C2orf49:t2d,rs4851758,0.0598,0,0
known:RP11-51F16.5:t2d,rs7223412,new:CWF19L1:t2d,rs17668357,0.0,0,0
known:RP11-51F16.5:t2d,rs7223412,new:U6atac:t2d,rs12780155,0.0082,0,0
known:RP11-51F16.5:t2d,rs7223412,new:CD101:t2d,rs12130298,nan,0,0
known:RP11-51F16.5:t2d,rs7223412,new:TAGLN2:cad,rs2789422,0.0134,0,0
known:RP11-51F16.5:t2d,rs7223412,new:CCDC19:cad,rs2789422,0.0134,0,0
known:RP11-51F16.5:t2d,rs7223412,new:RBM6:t2d,rs2245365,0.0056,0,0
known:RP11-51F16.5:t2d,rs7223412,new:CNNM2:cad,rs11191447,nan,0,0
known:RP11-51F16.5:t2d,rs7223412,new:VSIG8:cad,rs2789422,0.0134,0,0
known:RP11-51F16.5:t2d,rs7223412,new:LAMC1:cad,rs11588675,0.0021,0,0
known:RP11-51F16.5:t2d,rs7223412,new:TPD52:fbg,rs2162229,0.0254,0,0
known:RP11-51F16.5:t2d,rs7223412,new:SENP6:cad,rs62414240,0.0008,0,0
known:RP11-51F16.5:t2d,rs7223412,new:RIC8A:cad,rs6598075,0.0024,0,0
known:RP11-51F16.5:t2d,rs7223412,new:HMGN3:cad,rs17787027,nan,0,0
known:RP11-51F16.5:t2d,rs7223412,new:MT3:fbg,rs1580833,0.0288,0,0
known:RP11-51F16.5:t2d,rs7223412,new:RPL13:t2d,rs113847672,0.0215,0,0
known:RP11-51F16.5:t2d,rs7223412,new:ZBTB46:cad,rs6062322,0.0105,0,0
known:MIR4513:cad,rs12442901,known:Metazoa_SRP:cad,rs11204675,0.0014,0,0
known:MIR4513:cad,rs12442901,known:Metazoa_SRP:cad,rs10888385,0.0014,0,0
known:MIR4513:cad,rs12442901,known:STRADA:t2d,rs11079508,0.0489,0,0
known:MIR4513:cad,rs12442901,known:RP11-552F3.10:cad,rs3760128,0.001,0,0
known:MIR4513:cad,rs12442901,known:AC002116.7:t2d,rs10418015,0.0048,0,0
known:MIR4513:cad,rs12442901,known:DKFZP434I0714:t2d,rs9991574,0.0,0,0
known:MIR4513:cad,rs12442901,known:hsa-mir-296:fbg,rs6026565,0.0188,0,0
known:MIR4513:cad,rs12442901,new:PLAUR:cad,rs4760,0.0018,0,0
known:MIR4513:cad,rs12442901,new:SLC12A3:cad,rs56228609,0.0038,0,0
known:MIR4513:cad,rs12442901,new:C2orf49:t2d,rs4851758,0.0013,0,0
known:MIR4513:cad,rs12442901,new:CWF19L1:t2d,rs17668357,0.0,0,0
known:MIR4513:cad,rs12442901,new:U6atac:t2d,rs12780155,0.0015,0,0
known:MIR4513:cad,rs12442901,new:CD101:t2d,rs12130298,0.0375,0,0
known:MIR4513:cad,rs12442901,new:TAGLN2:cad,rs2789422,0.0001,0,0
known:MIR4513:cad,rs12442901,new:CCDC19:cad,rs2789422,0.0001,0,0
known:MIR4513:cad,rs12442901,new:RBM6:t2d,rs2245365,0.0063,0,0
known:MIR4513:cad,rs12442901,new:CNNM2:cad,rs11191447,0.0214,0,0
known:MIR4513:cad,rs12442901,new:VSIG8:cad,rs2789422,0.0001,0,0
known:MIR4513:cad,rs12442901,new:LAMC1:cad,rs11588675,0.0001,0,0
known:MIR4513:cad,rs12442901,new:TPD52:fbg,rs2162229,0.002,0,0
known:MIR4513:cad,rs12442901,new:SENP6:cad,rs62414240,0.0005,0,0
known:MIR4513:cad,rs12442901,new:RIC8A:cad,rs6598075,0.0048,0,0
known:MIR4513:cad,rs12442901,new:HMGN3:cad,rs17787027,0.0085,0,0
known:MIR4513:cad,rs12442901,new:MT3:fbg,rs1580833,0.0001,0,0
known:MIR4513:cad,rs12442901,new:RPL13:t2d,rs113847672,0.008,0,0
known:MIR4513:cad,rs12442901,new:ZBTB46:cad,rs6062322,0.0065,0,0
known:Metazoa_SRP:cad,rs11204675,known:Metazoa_SRP:cad,rs10888385,1.0,1,1
known:Metazoa_SRP:cad,rs11204675,known:STRADA:t2d,rs11079508,0.0022,0,0
known:Metazoa_SRP:cad,rs11204675,known:RP11-552F3.10:cad,rs3760128,0.0001,0,0
known:Metazoa_SRP:cad,rs11204675,known:AC002116.7:t2d,rs10418015,0.0,0,0
known:Metazoa_SRP:cad,rs11204675,known:DKFZP434I0714:t2d,rs9991574,0.0012,0,0
known:Metazoa_SRP:cad,rs11204675,known:hsa-mir-296:fbg,rs6026565,0.0485,0,0
known:Metazoa_SRP:cad,rs11204675,new:PLAUR:cad,rs4760,0.0,0,0
known:Metazoa_SRP:cad,rs11204675,new:SLC12A3:cad,rs56228609,0.0001,0,0
known:Metazoa_SRP:cad,rs11204675,new:C2orf49:t2d,rs4851758,0.0,0,0
known:Metazoa_SRP:cad,rs11204675,new:CWF19L1:t2d,rs17668357,0.0,0,0
known:Metazoa_SRP:cad,rs11204675,new:U6atac:t2d,rs12780155,0.0,0,0
known:Metazoa_SRP:cad,rs11204675,new:CD101:t2d,rs12130298,0.0006,0,0
known:Metazoa_SRP:cad,rs11204675,new:TAGLN2:cad,rs2789422,0.0254,0,0
known:Metazoa_SRP:cad,rs11204675,new:CCDC19:cad,rs2789422,0.0254,0,0
known:Metazoa_SRP:cad,rs11204675,new:RBM6:t2d,rs2245365,0.0013,0,0
known:Metazoa_SRP:cad,rs11204675,new:CNNM2:cad,rs11191447,0.0283,0,0
known:Metazoa_SRP:cad,rs11204675,new:VSIG8:cad,rs2789422,0.0254,0,0
known:Metazoa_SRP:cad,rs11204675,new:LAMC1:cad,rs11588675,0.0004,0,0
known:Metazoa_SRP:cad,rs11204675,new:TPD52:fbg,rs2162229,0.0017,0,0
known:Metazoa_SRP:cad,rs11204675,new:SENP6:cad,rs62414240,0.0,0,0
known:Metazoa_SRP:cad,rs11204675,new:RIC8A:cad,rs6598075,0.0452,0,0
known:Metazoa_SRP:cad,rs11204675,new:HMGN3:cad,rs17787027,nan,0,0
known:Metazoa_SRP:cad,rs11204675,new:MT3:fbg,rs1580833,0.0095,0,0
known:Metazoa_SRP:cad,rs11204675,new:RPL13:t2d,rs113847672,0.0211,0,0
known:Metazoa_SRP:cad,rs11204675,new:ZBTB46:cad,rs6062322,0.0145,0,0
known:Metazoa_SRP:cad,rs10888385,known:STRADA:t2d,rs11079508,0.0022,0,0
known:Metazoa_SRP:cad,rs10888385,known:RP11-552F3.10:cad,rs3760128,0.0001,0,0
known:Metazoa_SRP:cad,rs10888385,known:AC002116.7:t2d,rs10418015,0.0,0,0
known:Metazoa_SRP:cad,rs10888385,known:DKFZP434I0714:t2d,rs9991574,0.0012,0,0
known:Metazoa_SRP:cad,rs10888385,known:hsa-mir-296:fbg,rs6026565,0.0485,0,0
known:Metazoa_SRP:cad,rs10888385,new:PLAUR:cad,rs4760,0.0,0,0
known:Metazoa_SRP:cad,rs10888385,new:SLC12A3:cad,rs56228609,0.0001,0,0
known:Metazoa_SRP:cad,rs10888385,new:C2orf49:t2d,rs4851758,0.0,0,0
known:Metazoa_SRP:cad,rs10888385,new:CWF19L1:t2d,rs17668357,0.0,0,0
known:Metazoa_SRP:cad,rs10888385,new:U6atac:t2d,rs12780155,0.0,0,0
known:Metazoa_SRP:cad,rs10888385,new:CD101:t2d,rs12130298,0.0006,0,0
known:Metazoa_SRP:cad,rs10888385,new:TAGLN2:cad,rs2789422,0.0254,0,0
known:Metazoa_SRP:cad,rs10888385,new:CCDC19:cad,rs2789422,0.0254,0,0
known:Metazoa_SRP:cad,rs10888385,new:RBM6:t2d,rs2245365,0.0013,0,0
known:Metazoa_SRP:cad,rs10888385,new:CNNM2:cad,rs11191447,0.0283,0,0
known:Metazoa_SRP:cad,rs10888385,new:VSIG8:cad,rs2789422,0.0254,0,0
known:Metazoa_SRP:cad,rs10888385,new:LAMC1:cad,rs11588675,0.0004,0,0
known:Metazoa_SRP:cad,rs10888385,new:TPD52:fbg,rs2162229,0.0017,0,0
known:Metazoa_SRP:cad,rs10888385,new:SENP6:cad,rs62414240,0.0,0,0
known:Metazoa_SRP:cad,rs10888385,new:RIC8A:cad,rs6598075,0.0452,0,0
known:Metazoa_SRP:cad,rs10888385,new:HMGN3:cad,rs17787027,nan,0,0
known:Metazoa_SRP:cad,rs10888385,new:MT3:fbg,rs1580833,0.0095,0,0
known:Metazoa_SRP:cad,rs10888385,new:RPL13:t2d,rs113847672,0.0211,0,0
known:Metazoa_SRP:cad,rs10888385,new:ZBTB46:cad,rs6062322,0.0145,0,0
known:STRADA:t2d,rs11079508,known:RP11-552F3.10:cad,rs3760128,0.0002,0,0
known:STRADA:t2d,rs11079508,known:AC002116.7:t2d,rs10418015,0.0008,0,0
known:STRADA:t2d,rs11079508,known:DKFZP434I0714:t2d,rs9991574,0.0009,0,0
known:STRADA:t2d,rs11079508,known:hsa-mir-296:fbg,rs6026565,nan,0,0
known:STRADA:t2d,rs11079508,new:PLAUR:cad,rs4760,0.0251,0,0
known:STRADA:t2d,rs11079508,new:SLC12A3:cad,rs56228609,0.0002,0,0
known:STRADA:t2d,rs11079508,new:C2orf49:t2d,rs4851758,0.0598,0,0
known:STRADA:t2d,rs11079508,new:CWF19L1:t2d,rs17668357,0.0,0,0
known:STRADA:t2d,rs11079508,new:U6atac:t2d,rs12780155,0.0082,0,0
known:STRADA:t2d,rs11079508,new:CD101:t2d,rs12130298,nan,0,0
known:STRADA:t2d,rs11079508,new:TAGLN2:cad,rs2789422,0.0134,0,0
known:STRADA:t2d,rs11079508,new:CCDC19:cad,rs2789422,0.0134,0,0
known:STRADA:t2d,rs11079508,new:RBM6:t2d,rs2245365,0.0056,0,0
known:STRADA:t2d,rs11079508,new:CNNM2:cad,rs11191447,nan,0,0
known:STRADA:t2d,rs11079508,new:VSIG8:cad,rs2789422,0.0134,0,0
known:STRADA:t2d,rs11079508,new:LAMC1:cad,rs11588675,0.0021,0,0
known:STRADA:t2d,rs11079508,new:TPD52:fbg,rs2162229,0.0254,0,0
known:STRADA:t2d,rs11079508,new:SENP6:cad,rs62414240,0.0008,0,0
known:STRADA:t2d,rs11079508,new:RIC8A:cad,rs6598075,0.0024,0,0
known:STRADA:t2d,rs11079508,new:HMGN3:cad,rs17787027,nan,0,0
known:STRADA:t2d,rs11079508,new:MT3:fbg,rs1580833,0.0288,0,0
known:STRADA:t2d,rs11079508,new:RPL13:t2d,rs113847672,0.0215,0,0
known:STRADA:t2d,rs11079508,new:ZBTB46:cad,rs6062322,0.0105,0,0
known:RP11-552F3.10:cad,rs3760128,known:AC002116.7:t2d,rs10418015,0.0005,0,0
known:RP11-552F3.10:cad,rs3760128,known:DKFZP434I0714:t2d,rs9991574,0.0032,0,0
known:RP11-552F3.10:cad,rs3760128,known:hsa-mir-296:fbg,rs6026565,0.0334,0,0
known:RP11-552F3.10:cad,rs3760128,new:PLAUR:cad,rs4760,0.0263,0,0
known:RP11-552F3.10:cad,rs3760128,new:SLC12A3:cad,rs56228609,0.0137,0,0
known:RP11-552F3.10:cad,rs3760128,new:C2orf49:t2d,rs4851758,0.0041,0,0
known:RP11-552F3.10:cad,rs3760128,new:CWF19L1:t2d,rs17668357,0.0035,0,0
known:RP11-552F3.10:cad,rs3760128,new:U6atac:t2d,rs12780155,0.0054,0,0
known:RP11-552F3.10:cad,rs3760128,new:CD101:t2d,rs12130298,nan,0,0
known:RP11-552F3.10:cad,rs3760128,new:TAGLN2:cad,rs2789422,0.0049,0,0
known:RP11-552F3.10:cad,rs3760128,new:CCDC19:cad,rs2789422,0.0049,0,0
known:RP11-552F3.10:cad,rs3760128,new:RBM6:t2d,rs2245365,0.0042,0,0
known:RP11-552F3.10:cad,rs3760128,new:CNNM2:cad,rs11191447,nan,0,0
known:RP11-552F3.10:cad,rs3760128,new:VSIG8:cad,rs2789422,0.0049,0,0
known:RP11-552F3.10:cad,rs3760128,new:LAMC1:cad,rs11588675,0.0012,0,0
known:RP11-552F3.10:cad,rs3760128,new:TPD52:fbg,rs2162229,0.0023,0,0
known:RP11-552F3.10:cad,rs3760128,new:SENP6:cad,rs62414240,0.0005,0,0
known:RP11-552F3.10:cad,rs3760128,new:RIC8A:cad,rs6598075,0.0032,0,0
known:RP11-552F3.10:cad,rs3760128,new:HMGN3:cad,rs17787027,nan,0,0
known:RP11-552F3.10:cad,rs3760128,new:MT3:fbg,rs1580833,0.0,0,0
known:RP11-552F3.10:cad,rs3760128,new:RPL13:t2d,rs113847672,0.0023,0,0
known:RP11-552F3.10:cad,rs3760128,new:ZBTB46:cad,rs6062322,0.0012,0,0
known:AC002116.7:t2d,rs10418015,known:DKFZP434I0714:t2d,rs9991574,0.0033,0,0
known:AC002116.7:t2d,rs10418015,known:hsa-mir-296:fbg,rs6026565,0.0187,0,0
known:AC002116.7:t2d,rs10418015,new:PLAUR:cad,rs4760,0.0003,0,0
known:AC002116.7:t2d,rs10418015,new:SLC12A3:cad,rs56228609,0.0,0,0
known:AC002116.7:t2d,rs10418015,new:C2orf49:t2d,rs4851758,0.0381,0,0
known:AC002116.7:t2d,rs10418015,new:CWF19L1:t2d,rs17668357,0.0,0,0
known:AC002116.7:t2d,rs10418015,new:U6atac:t2d,rs12780155,0.0008,0,0
known:AC002116.7:t2d,rs10418015,new:CD101:t2d,rs12130298,0.0051,0,0
known:AC002116.7:t2d,rs10418015,new:TAGLN2:cad,rs2789422,0.0003,0,0
known:AC002116.7:t2d,rs10418015,new:CCDC19:cad,rs2789422,0.0003,0,0
known:AC002116.7:t2d,rs10418015,new:RBM6:t2d,rs2245365,0.0001,0,0
known:AC002116.7:t2d,rs10418015,new:CNNM2:cad,rs11191447,0.0308,0,0
known:AC002116.7:t2d,rs10418015,new:VSIG8:cad,rs2789422,0.0003,0,0
known:AC002116.7:t2d,rs10418015,new:LAMC1:cad,rs11588675,0.0074,0,0
known:AC002116.7:t2d,rs10418015,new:TPD52:fbg,rs2162229,0.0177,0,0
known:AC002116.7:t2d,rs10418015,new:SENP6:cad,rs62414240,0.0081,0,0
known:AC002116.7:t2d,rs10418015,new:RIC8A:cad,rs6598075,0.0,0,0
known:AC002116.7:t2d,rs10418015,new:HMGN3:cad,rs17787027,nan,0,0
known:AC002116.7:t2d,rs10418015,new:MT3:fbg,rs1580833,0.0033,0,0
known:AC002116.7:t2d,rs10418015,new:RPL13:t2d,rs113847672,0.0039,0,0
known:AC002116.7:t2d,rs10418015,new:ZBTB46:cad,rs6062322,0.0014,0,0
known:DKFZP434I0714:t2d,rs9991574,known:hsa-mir-296:fbg,rs6026565,0.0019,0,0
known:DKFZP434I0714:t2d,rs9991574,new:PLAUR:cad,rs4760,0.0037,0,0
known:DKFZP434I0714:t2d,rs9991574,new:SLC12A3:cad,rs56228609,0.0065,0,0
known:DKFZP434I0714:t2d,rs9991574,new:C2orf49:t2d,rs4851758,0.0095,0,0
known:DKFZP434I0714:t2d,rs9991574,new:CWF19L1:t2d,rs17668357,0.0098,0,0
known:DKFZP434I0714:t2d,rs9991574,new:U6atac:t2d,rs12780155,0.0255,0,0
known:DKFZP434I0714:t2d,rs9991574,new:CD101:t2d,rs12130298,nan,0,0
known:DKFZP434I0714:t2d,rs9991574,new:TAGLN2:cad,rs2789422,0.0016,0,0
known:DKFZP434I0714:t2d,rs9991574,new:CCDC19:cad,rs2789422,0.0016,0,0
known:DKFZP434I0714:t2d,rs9991574,new:RBM6:t2d,rs2245365,0.0024,0,0
known:DKFZP434I0714:t2d,rs9991574,new:CNNM2:cad,rs11191447,nan,0,0
known:DKFZP434I0714:t2d,rs9991574,new:VSIG8:cad,rs2789422,0.0016,0,0
known:DKFZP434I0714:t2d,rs9991574,new:LAMC1:cad,rs11588675,0.0042,0,0
known:DKFZP434I0714:t2d,rs9991574,new:TPD52:fbg,rs2162229,0.0101,0,0
known:DKFZP434I0714:t2d,rs9991574,new:SENP6:cad,rs62414240,0.0097,0,0
known:DKFZP434I0714:t2d,rs9991574,new:RIC8A:cad,rs6598075,0.0302,0,0
known:DKFZP434I0714:t2d,rs9991574,new:HMGN3:cad,rs17787027,nan,0,0
known:DKFZP434I0714:t2d,rs9991574,new:MT3:fbg,rs1580833,0.0092,0,0
known:DKFZP434I0714:t2d,rs9991574,new:RPL13:t2d,rs113847672,0.0,0,0
known:DKFZP434I0714:t2d,rs9991574,new:ZBTB46:cad,rs6062322,0.0017,0,0
known:hsa-mir-296:fbg,rs6026565,new:PLAUR:cad,rs4760,nan,0,0
known:hsa-mir-296:fbg,rs6026565,new:SLC12A3:cad,rs56228609,0.0003,0,0
known:hsa-mir-296:fbg,rs6026565,new:C2orf49:t2d,rs4851758,nan,0,0
known:hsa-mir-296:fbg,rs6026565,new:CWF19L1:t2d,rs17668357,0.001,0,0
known:hsa-mir-296:fbg,rs6026565,new:U6atac:t2d,rs12780155,nan,0,0
known:hsa-mir-296:fbg,rs6026565,new:CD101:t2d,rs12130298,nan,0,0
known:hsa-mir-296:fbg,rs6026565,new:TAGLN2:cad,rs2789422,0.0307,0,0
known:hsa-mir-296:fbg,rs6026565,new:CCDC19:cad,rs2789422,0.0307,0,0
known:hsa-mir-296:fbg,rs6026565,new:RBM6:t2d,rs2245365,0.0099,0,0
known:hsa-mir-296:fbg,rs6026565,new:CNNM2:cad,rs11191447,nan,0,0
known:hsa-mir-296:fbg,rs6026565,new:VSIG8:cad,rs2789422,0.0307,0,0
known:hsa-mir-296:fbg,rs6026565,new:LAMC1:cad,rs11588675,0.0001,0,0
known:hsa-mir-296:fbg,rs6026565,new:TPD52:fbg,rs2162229,0.0033,0,0
known:hsa-mir-296:fbg,rs6026565,new:SENP6:cad,rs62414240,0.0026,0,0
known:hsa-mir-296:fbg,rs6026565,new:RIC8A:cad,rs6598075,nan,0,0
known:hsa-mir-296:fbg,rs6026565,new:HMGN3:cad,rs17787027,nan,0,0
known:hsa-mir-296:fbg,rs6026565,new:MT3:fbg,rs1580833,0.0272,0,0
known:hsa-mir-296:fbg,rs6026565,new:RPL13:t2d,rs113847672,nan,0,0
known:hsa-mir-296:fbg,rs6026565,new:ZBTB46:cad,rs6062322,nan,0,0
new:PLAUR:cad,rs4760,new:SLC12A3:cad,rs56228609,0.0014,0,0
new:PLAUR:cad,rs4760,new:C2orf49:t2d,rs4851758,nan,0,0
new:PLAUR:cad,rs4760,new:CWF19L1:t2d,rs17668357,0.0048,0,0
new:PLAUR:cad,rs4760,new:U6atac:t2d,rs12780155,nan,0,0
new:PLAUR:cad,rs4760,new:CD101:t2d,rs12130298,nan,0,0
new:PLAUR:cad,rs4760,new:TAGLN2:cad,rs2789422,0.0077,0,0
new:PLAUR:cad,rs4760,new:CCDC19:cad,rs2789422,0.0077,0,0
new:PLAUR:cad,rs4760,new:RBM6:t2d,rs2245365,0.0019,0,0
new:PLAUR:cad,rs4760,new:CNNM2:cad,rs11191447,nan,0,0
new:PLAUR:cad,rs4760,new:VSIG8:cad,rs2789422,0.0077,0,0
new:PLAUR:cad,rs4760,new:LAMC1:cad,rs11588675,0.0002,0,0
new:PLAUR:cad,rs4760,new:TPD52:fbg,rs2162229,0.0001,0,0
new:PLAUR:cad,rs4760,new:SENP6:cad,rs62414240,0.0135,0,0
new:PLAUR:cad,rs4760,new:RIC8A:cad,rs6598075,0.0342,0,0
new:PLAUR:cad,rs4760,new:HMGN3:cad,rs17787027,nan,0,0
new:PLAUR:cad,rs4760,new:MT3:fbg,rs1580833,0.0,0,0
new:PLAUR:cad,rs4760,new:RPL13:t2d,rs113847672,nan,0,0
new:PLAUR:cad,rs4760,new:ZBTB46:cad,rs6062322,nan,0,0
new:SLC12A3:cad,rs56228609,new:C2orf49:t2d,rs4851758,0.0122,0,0
new:SLC12A3:cad,rs56228609,new:CWF19L1:t2d,rs17668357,0.0455,0,0
new:SLC12A3:cad,rs56228609,new:U6atac:t2d,rs12780155,0.0006,0,0
new:SLC12A3:cad,rs56228609,new:CD101:t2d,rs12130298,nan,0,0
new:SLC12A3:cad,rs56228609,new:TAGLN2:cad,rs2789422,0.0402,0,0
new:SLC12A3:cad,rs56228609,new:CCDC19:cad,rs2789422,0.0402,0,0
new:SLC12A3:cad,rs56228609,new:RBM6:t2d,rs2245365,0.0173,0,0
new:SLC12A3:cad,rs56228609,new:CNNM2:cad,rs11191447,nan,0,0
new:SLC12A3:cad,rs56228609,new:VSIG8:cad,rs2789422,0.0402,0,0
new:SLC12A3:cad,rs56228609,new:LAMC1:cad,rs11588675,0.0004,0,0
new:SLC12A3:cad,rs56228609,new:TPD52:fbg,rs2162229,0.0014,0,0
new:SLC12A3:cad,rs56228609,new:SENP6:cad,rs62414240,0.0047,0,0
new:SLC12A3:cad,rs56228609,new:RIC8A:cad,rs6598075,0.002,0,0
new:SLC12A3:cad,rs56228609,new:HMGN3:cad,rs17787027,nan,0,0
new:SLC12A3:cad,rs56228609,new:MT3:fbg,rs1580833,0.0382,0,0
new:SLC12A3:cad,rs56228609,new:RPL13:t2d,rs113847672,0.0004,0,0
new:SLC12A3:cad,rs56228609,new:ZBTB46:cad,rs6062322,0.0013,0,0
new:C2orf49:t2d,rs4851758,new:CWF19L1:t2d,rs17668357,0.0436,0,0
new:C2orf49:t2d,rs4851758,new:U6atac:t2d,rs12780155,nan,0,0
new:C2orf49:t2d,rs4851758,new:CD101:t2d,rs12130298,nan,0,0
new:C2orf49:t2d,rs4851758,new:TAGLN2:cad,rs2789422,0.0211,0,0
new:C2orf49:t2d,rs4851758,new:CCDC19:cad,rs2789422,0.0211,0,0
new:C2orf49:t2d,rs4851758,new:RBM6:t2d,rs2245365,0.0053,0,0
new:C2orf49:t2d,rs4851758,new:CNNM2:cad,rs11191447,nan,0,0
new:C2orf49:t2d,rs4851758,new:VSIG8:cad,rs2789422,0.0211,0,0
new:C2orf49:t2d,rs4851758,new:LAMC1:cad,rs11588675,0.0001,0,0
new:C2orf49:t2d,rs4851758,new:TPD52:fbg,rs2162229,0.0176,0,0
new:C2orf49:t2d,rs4851758,new:SENP6:cad,rs62414240,0.0039,0,0
new:C2orf49:t2d,rs4851758,new:RIC8A:cad,rs6598075,0.0091,0,0
new:C2orf49:t2d,rs4851758,new:HMGN3:cad,rs17787027,nan,0,0
new:C2orf49:t2d,rs4851758,new:MT3:fbg,rs1580833,0.0078,0,0
new:C2orf49:t2d,rs4851758,new:RPL13:t2d,rs113847672,nan,0,0
new:C2orf49:t2d,rs4851758,new:ZBTB46:cad,rs6062322,nan,0,0
new:CWF19L1:t2d,rs17668357,new:U6atac:t2d,rs12780155,0.0138,0,0
new:CWF19L1:t2d,rs17668357,new:CD101:t2d,rs12130298,0.0133,0,0
new:CWF19L1:t2d,rs17668357,new:TAGLN2:cad,rs2789422,0.0019,0,0
new:CWF19L1:t2d,rs17668357,new:CCDC19:cad,rs2789422,0.0019,0,0
new:CWF19L1:t2d,rs17668357,new:RBM6:t2d,rs2245365,0.015,0,0
new:CWF19L1:t2d,rs17668357,new:CNNM2:cad,rs11191447,0.017,0,0
new:CWF19L1:t2d,rs17668357,new:VSIG8:cad,rs2789422,0.0019,0,0
new:CWF19L1:t2d,rs17668357,new:LAMC1:cad,rs11588675,0.0042,0,0
new:CWF19L1:t2d,rs17668357,new:TPD52:fbg,rs2162229,0.0017,0,0
new:CWF19L1:t2d,rs17668357,new:SENP6:cad,rs62414240,0.0012,0,0
new:CWF19L1:t2d,rs17668357,new:RIC8A:cad,rs6598075,0.0019,0,0
new:CWF19L1:t2d,rs17668357,new:HMGN3:cad,rs17787027,nan,0,0
new:CWF19L1:t2d,rs17668357,new:MT3:fbg,rs1580833,0.0014,0,0
new:CWF19L1:t2d,rs17668357,new:RPL13:t2d,rs113847672,0.011,0,0
new:CWF19L1:t2d,rs17668357,new:ZBTB46:cad,rs6062322,0.0059,0,0
new:U6atac:t2d,rs12780155,new:CD101:t2d,rs12130298,nan,0,0
new:U6atac:t2d,rs12780155,new:TAGLN2:cad,rs2789422,0.0314,0,0
new:U6atac:t2d,rs12780155,new:CCDC19:cad,rs2789422,0.0314,0,0
new:U6atac:t2d,rs12780155,new:RBM6:t2d,rs2245365,0.0011,0,0
new:U6atac:t2d,rs12780155,new:CNNM2:cad,rs11191447,nan,0,0
new:U6atac:t2d,rs12780155,new:VSIG8:cad,rs2789422,0.0314,0,0
new:U6atac:t2d,rs12780155,new:LAMC1:cad,rs11588675,0.0027,0,0
new:U6atac:t2d,rs12780155,new:TPD52:fbg,rs2162229,0.0,0,0
new:U6atac:t2d,rs12780155,new:SENP6:cad,rs62414240,0.0248,0,0
new:U6atac:t2d,rs12780155,new:RIC8A:cad,rs6598075,0.0118,0,0
new:U6atac:t2d,rs12780155,new:HMGN3:cad,rs17787027,nan,0,0
new:U6atac:t2d,rs12780155,new:MT3:fbg,rs1580833,0.0108,0,0
new:U6atac:t2d,rs12780155,new:RPL13:t2d,rs113847672,0.0135,0,0
new:U6atac:t2d,rs12780155,new:ZBTB46:cad,rs6062322,0.0098,0,0
new:CD101:t2d,rs12130298,new:TAGLN2:cad,rs2789422,nan,0,0
new:CD101:t2d,rs12130298,new:CCDC19:cad,rs2789422,nan,0,0
new:CD101:t2d,rs12130298,new:RBM6:t2d,rs2245365,0.0283,0,0
new:CD101:t2d,rs12130298,new:CNNM2:cad,rs11191447,nan,0,0
new:CD101:t2d,rs12130298,new:VSIG8:cad,rs2789422,nan,0,0
new:CD101:t2d,rs12130298,new:LAMC1:cad,rs11588675,0.0046,0,0
new:CD101:t2d,rs12130298,new:TPD52:fbg,rs2162229,0.0461,0,0
new:CD101:t2d,rs12130298,new:SENP6:cad,rs62414240,0.0009,0,0
new:CD101:t2d,rs12130298,new:RIC8A:cad,rs6598075,nan,0,0
new:CD101:t2d,rs12130298,new:HMGN3:cad,rs17787027,nan,0,0
new:CD101:t2d,rs12130298,new:MT3:fbg,rs1580833,nan,0,0
new:CD101:t2d,rs12130298,new:RPL13:t2d,rs113847672,nan,0,0
new:CD101:t2d,rs12130298,new:ZBTB46:cad,rs6062322,nan,0,0
new:TAGLN2:cad,rs2789422,new:CCDC19:cad,rs2789422,1.0,1,1
new:TAGLN2:cad,rs2789422,new:RBM6:t2d,rs2245365,0.0003,0,0
new:TAGLN2:cad,rs2789422,new:CNNM2:cad,rs11191447,0.0173,0,0
new:TAGLN2:cad,rs2789422,new:VSIG8:cad,rs2789422,1.0,1,1
new:TAGLN2:cad,rs2789422,new:LAMC1:cad,rs11588675,0.0,0,0
new:TAGLN2:cad,rs2789422,new:TPD52:fbg,rs2162229,0.0019,0,0
new:TAGLN2:cad,rs2789422,new:SENP6:cad,rs62414240,0.0057,0,0
new:TAGLN2:cad,rs2789422,new:RIC8A:cad,rs6598075,0.0029,0,0
new:TAGLN2:cad,rs2789422,new:HMGN3:cad,rs17787027,nan,0,0
new:TAGLN2:cad,rs2789422,new:MT3:fbg,rs1580833,0.0097,0,0
new:TAGLN2:cad,rs2789422,new:RPL13:t2d,rs113847672,0.0,0,0
new:TAGLN2:cad,rs2789422,new:ZBTB46:cad,rs6062322,0.0006,0,0
new:CCDC19:cad,rs2789422,new:RBM6:t2d,rs2245365,0.0003,0,0
new:CCDC19:cad,rs2789422,new:CNNM2:cad,rs11191447,0.0173,0,0
new:CCDC19:cad,rs2789422,new:VSIG8:cad,rs2789422,1.0,1,1
new:CCDC19:cad,rs2789422,new:LAMC1:cad,rs11588675,0.0,0,0
new:CCDC19:cad,rs2789422,new:TPD52:fbg,rs2162229,0.0019,0,0
new:CCDC19:cad,rs2789422,new:SENP6:cad,rs62414240,0.0057,0,0
new:CCDC19:cad,rs2789422,new:RIC8A:cad,rs6598075,0.0029,0,0
new:CCDC19:cad,rs2789422,new:HMGN3:cad,rs17787027,nan,0,0
new:CCDC19:cad,rs2789422,new:MT3:fbg,rs1580833,0.0097,0,0
new:CCDC19:cad,rs2789422,new:RPL13:t2d,rs113847672,0.0,0,0
new:CCDC19:cad,rs2789422,new:ZBTB46:cad,rs6062322,0.0006,0,0
new:RBM6:t2d,rs2245365,new:CNNM2:cad,rs11191447,0.0001,0,0
new:RBM6:t2d,rs2245365,new:VSIG8:cad,rs2789422,0.0003,0,0
new:RBM6:t2d,rs2245365,new:LAMC1:cad,rs11588675,0.0207,0,0
new:RBM6:t2d,rs2245365,new:TPD52:fbg,rs2162229,0.0003,0,0
new:RBM6:t2d,rs2245365,new:SENP6:cad,rs62414240,0.0202,0,0
new:RBM6:t2d,rs2245365,new:RIC8A:cad,rs6598075,0.0176,0,0
new:RBM6:t2d,rs2245365,new:HMGN3:cad,rs17787027,nan,0,0
new:RBM6:t2d,rs2245365,new:MT3:fbg,rs1580833,0.0068,0,0
new:RBM6:t2d,rs2245365,new:RPL13:t2d,rs113847672,0.0114,0,0
new:RBM6:t2d,rs2245365,new:ZBTB46:cad,rs6062322,0.0005,0,0
new:CNNM2:cad,rs11191447,new:VSIG8:cad,rs2789422,0.0173,0,0
new:CNNM2:cad,rs11191447,new:LAMC1:cad,rs11588675,0.0194,0,0
new:CNNM2:cad,rs11191447,new:TPD52:fbg,rs2162229,0.0061,0,0
new:CNNM2:cad,rs11191447,new:SENP6:cad,rs62414240,0.0345,0,0
new:CNNM2:cad,rs11191447,new:RIC8A:cad,rs6598075,nan,0,0
new:CNNM2:cad,rs11191447,new:HMGN3:cad,rs17787027,nan,0,0
new:CNNM2:cad,rs11191447,new:MT3:fbg,rs1580833,nan,0,0
new:CNNM2:cad,rs11191447,new:RPL13:t2d,rs113847672,nan,0,0
new:CNNM2:cad,rs11191447,new:ZBTB46:cad,rs6062322,nan,0,0
new:VSIG8:cad,rs2789422,new:LAMC1:cad,rs11588675,0.0,0,0
new:VSIG8:cad,rs2789422,new:TPD52:fbg,rs2162229,0.0019,0,0
new:VSIG8:cad,rs2789422,new:SENP6:cad,rs62414240,0.0057,0,0
new:VSIG8:cad,rs2789422,new:RIC8A:cad,rs6598075,0.0029,0,0
new:VSIG8:cad,rs2789422,new:HMGN3:cad,rs17787027,nan,0,0
new:VSIG8:cad,rs2789422,new:MT3:fbg,rs1580833,0.0097,0,0
new:VSIG8:cad,rs2789422,new:RPL13:t2d,rs113847672,0.0,0,0
new:VSIG8:cad,rs2789422,new:ZBTB46:cad,rs6062322,0.0006,0,0
new:LAMC1:cad,rs11588675,new:TPD52:fbg,rs2162229,0.0013,0,0
new:LAMC1:cad,rs11588675,new:SENP6:cad,rs62414240,0.0,0,0
new:LAMC1:cad,rs11588675,new:RIC8A:cad,rs6598075,0.0184,0,0
new:LAMC1:cad,rs11588675,new:HMGN3:cad,rs17787027,nan,0,0
new:LAMC1:cad,rs11588675,new:MT3:fbg,rs1580833,0.042,0,0
new:LAMC1:cad,rs11588675,new:RPL13:t2d,rs113847672,0.0015,0,0
new:LAMC1:cad,rs11588675,new:ZBTB46:cad,rs6062322,0.0015,0,0
new:TPD52:fbg,rs2162229,new:SENP6:cad,rs62414240,0.0015,0,0
new:TPD52:fbg,rs2162229,new:RIC8A:cad,rs6598075,0.012,0,0
new:TPD52:fbg,rs2162229,new:HMGN3:cad,rs17787027,nan,0,0
new:TPD52:fbg,rs2162229,new:MT3:fbg,rs1580833,0.006,0,0
new:TPD52:fbg,rs2162229,new:RPL13:t2d,rs113847672,0.0001,0,0
new:TPD52:fbg,rs2162229,new:ZBTB46:cad,rs6062322,0.0009,0,0
new:SENP6:cad,rs62414240,new:RIC8A:cad,rs6598075,0.0209,0,0
new:SENP6:cad,rs62414240,new:HMGN3:cad,rs17787027,nan,0,0
new:SENP6:cad,rs62414240,new:MT3:fbg,rs1580833,0.0011,0,0
new:SENP6:cad,rs62414240,new:RPL13:t2d,rs113847672,0.0312,0,0
new:SENP6:cad,rs62414240,new:ZBTB46:cad,rs6062322,0.0056,0,0
new:RIC8A:cad,rs6598075,new:HMGN3:cad,rs17787027,nan,0,0
new:RIC8A:cad,rs6598075,new:MT3:fbg,rs1580833,0.0272,0,0
new:RIC8A:cad,rs6598075,new:RPL13:t2d,rs113847672,0.0229,0,0
new:RIC8A:cad,rs6598075,new:ZBTB46:cad,rs6062322,0.0055,0,0
new:HMGN3:cad,rs17787027,new:MT3:fbg,rs1580833,nan,0,0
new:HMGN3:cad,rs17787027,new:RPL13:t2d,rs113847672,nan,0,0
new:HMGN3:cad,rs17787027,new:ZBTB46:cad,rs6062322,nan,0,0
new:MT3:fbg,rs1580833,new:RPL13:t2d,rs113847672,0.0098,0,0
new:MT3:fbg,rs1580833,new:ZBTB46:cad,rs6062322,0.0341,0,0
new:RPL13:t2d,rs113847672,new:ZBTB46:cad,rs6062322,nan,0,0
